"Accident.Number","Date.and.Time","Number.of.Motor.Vehicles","Number.of.Injuries","Number.of.Fatalities","Property.Damage","Hit.and.Run","Collision.Type.Description","Weather.Description","Illumination.Description","Street.Address","City","Precinct","Latitude","Longitude","HarmfulDescriptions","Zip.Code","Year","Month","Season","Hour","Weekday","DayType","Accident","Fatality_category"
9.97030135102311e-314,2018-02-04 08:06:00,3,1,0,NA,"N","Front to Rear","RAIN","DARK - LIGHTED","UNA ANTIOCH PKE & NASHBORO BLVD","ANTIOCH","SOUTH",36.08691,-86.64868,"MOTOR VEHICLE IN TRANSPORT;EMBANKMENT EARTH","37013","2018","February","Winter","08","Sunday","Weekend","Injuries","No Fatalities"
9.97030135892816e-314,2018-02-04 08:14:00,2,2,0,NA,"Y","SIDESWIPE - OPPOSITE DIRECTION","RAIN","DARK - LIGHTED","BELL RD & OLD HICKORY BLVD","HERMITAGE","HERMIT",36.0452,-86.70014,"MOTOR VEHICLE IN TRANSPORT","37076","2018","February","Winter","08","Sunday","Weekend","Injuries","No Fatalities"
9.97030137572639e-314,2018-02-04 08:34:00,1,1,0,NA,"N","NOT COLLISION W/MOTOR VEHICLE-TRANSPORT","RAIN","DARK - LIGHTED","STRATFORD AV & KENNEDY AV","NASHVILLE","EAST",36.21275,-86.72116,"TREE","37216","2018","February","Winter","08","Sunday","Weekend","Injuries","No Fatalities"
9.97030138659583e-314,2018-02-04 08:39:00,1,0,0,NA,"N","NOT COLLISION W/MOTOR VEHICLE-TRANSPORT","RAIN","DARK - LIGHTED","MM 82 1 I 65","NASHVILLE","MIDTOW",36.1446,-86.77692,"CONCRETE TRAFFIC BARRIER","37203","2018","February","Winter","08","Sunday","Weekend","No Injuries","No Fatalities"
9.97030145724722e-314,2018-02-04 10:29:00,1,1,0,NA,"N","NOT COLLISION W/MOTOR VEHICLE-TRANSPORT","RAIN","DARK - NOT LIGHTED","MORTON MILL RD & MORTON MILL CIR","NASHVILLE","WEST",36.06413,-86.95464,"CURB;OTHER FIXED OBJECTS","37221","2018","February","Winter","10","Sunday","Weekend","Injuries","No Fatalities"
9.97030146070568e-314,2018-02-04 10:25:00,2,0,0,NA,"Y","ANGLE","RAIN","DARK - LIGHTED","WALLACE RD & FOLEY DR","NASHVILLE","SOUTH",36.0795,-86.71722,"PARKED MOTOR VEHICLE;MAIL BOX","37211","2018","February","Winter","10","Sunday","Weekend","No Injuries","No Fatalities"
9.97030146416414e-314,2018-02-04 08:32:00,2,0,0,NA,"Y","Front to Rear","RAIN","DARK - NOT LIGHTED","WAGGONER DR & PATIO DR","NASHVILLE","HERMIT",36.14543,-86.6404,"MOTOR VEHICLE IN TRANSPORT;PARKED MOTOR VEHICLE","37214","2018","February","Winter","08","Sunday","Weekend","No Injuries","No Fatalities"
9.97030148985555e-314,2018-02-04 10:40:00,1,0,0,NA,"N","NOT COLLISION W/MOTOR VEHICLE-TRANSPORT","RAIN","DARK - LIGHTED","ROSA L PARKS BLVD & DOMINICAN DR","NASHVILLE","NORTH",36.18819,-86.7985,"PAVED SURFACE-IRREGULAR","37208","2018","February","Winter","10","Sunday","Weekend","No Injuries","No Fatalities"
9.97030149183182e-314,2018-02-04 06:00:00,1,0,0,NA,"Y","UNKNOWN","RAIN","DARK - LIGHTED","NOLENSVILLE PKE & WELSHWOOD DR","NASHVILLE","MIDTOW",36.08204,-86.72708,"UNKNOWN MOST HARMFUL EVENT","37211","2018","February","Winter","06","Sunday","Weekend","No Injuries","No Fatalities"
9.97030149627841e-314,2018-02-04 11:15:00,2,0,0,NA,"Y","Front to Rear","RAIN","DARK - LIGHTED","PICCADILLY ROW & PICCADILLY SAC","ANTIOCH","SOUTH",36.07867,-86.66157,"PARKED MOTOR VEHICLE","37013","2018","February","Winter","11","Sunday","Weekend","No Injuries","No Fatalities"
9.97030150764192e-314,2018-02-04 10:45:00,1,0,0,NA,"Y","NOT COLLISION W/MOTOR VEHICLE-TRANSPORT","RAIN","DARK - NOT LIGHTED","RIO VISTA DR & N DUPONT AV","MADISON","MADISO",36.26647,-86.6811,"GUARDRAIL FACE","37115","2018","February","Winter","10","Sunday","Weekend","No Injuries","No Fatalities"
9.97030160694911e-314,2018-02-04 06:00:00,2,0,0,NA,"Y","UNKNOWN","RAIN","UNKNOWN","MCFERRIN AV & CHICAMAUGA AV","NASHVILLE","EAST",36.18517,-86.75437,"MOTOR VEHICLE IN TRANSPORT;PARKED MOTOR VEHICLE","37206","2018","February","Winter","06","Sunday","Weekend","No Injuries","No Fatalities"
9.97030540285547e-314,2018-02-07 00:01:00,2,0,0,NA,"N","NOT COLLISION W/MOTOR VEHICLE-TRANSPORT","RAIN","DARK - NOT LIGHTED","TWIN HILLS DR & RIVERGATE MARKETPLACE PV","MADISON","MADISO",36.30153,-86.69182,"DITCH","37115","2018","February","Winter","00","Wednesday","Weekday","No Injuries","No Fatalities"
9.97030546757807e-314,2018-02-07 00:35:00,2,2,0,NA,"N","ANGLE","RAIN","DARK - LIGHTED","HIGHWAY 70S & BELLEVUE CTR PVTDR","NASHVILLE","WEST",36.07745,-86.94714,"MOTOR VEHICLE IN TRANSPORT","37221","2018","February","Winter","00","Wednesday","Weekday","Injuries","No Fatalities"
9.97030546955433e-314,2018-02-06 06:00:00,2,0,0,NA,"N","ANGLE","RAIN","DARK - LIGHTED","MM 87 0 I 65","NASHVILLE","EAST",36.20236,-86.77664,"MOTOR VEHICLE IN TRANSPORT","37207","2018","February","Winter","06","Tuesday","Weekday","No Injuries","No Fatalities"
9.97030548388223e-314,2018-02-07 00:30:00,2,0,0,NA,"N","Front to Rear","RAIN","DARK - LIGHTED","MM 77 3 I 65","NASHVILLE","MIDTOW",36.07594,-86.76787,"MOTOR VEHICLE IN TRANSPORT","37220","2018","February","Winter","00","Wednesday","Weekday","No Injuries","No Fatalities"
9.97030548981102e-314,2018-02-07 00:55:00,2,0,0,NA,"N","SIDESWIPE - SAME DIRECTION","RAIN","DARK - NOT LIGHTED","RIVERWOOD DR & EASTDALE PL","NASHVILLE","EAST",36.22287,-86.72075,"MOTOR VEHICLE IN TRANSPORT","37216","2018","February","Winter","00","Wednesday","Weekday","No Injuries","No Fatalities"
9.97030549919827e-314,2018-02-07 00:55:00,2,1,0,NA,"N","Front to Rear","RAIN","DARK - LIGHTED","OLD HICKORY BLVD & HICKORY PLZ","NASHVILLE","MIDTOW",36.04526,-86.71704,"MOTOR VEHICLE IN TRANSPORT","37211","2018","February","Winter","00","Wednesday","Weekday","Injuries","No Fatalities"
9.9703055159965e-314,2018-02-06 06:00:00,2,0,0,NA,"N","Front to Rear","RAIN","DARK - NOT LIGHTED","MM 34 8 I 24","JOELTON","NORTH",36.3246,-86.86993,"MOTOR VEHICLE IN TRANSPORT","37080","2018","February","Winter","06","Tuesday","Weekday","No Injuries","No Fatalities"
9.97030556293274e-314,2018-02-07 01:34:00,2,0,0,NA,"N","ANGLE","RAIN","DARK - LIGHTED","THOMPSON LN & BRANSFORD AV","NASHVILLE","MIDTOW",36.11233,-86.76702,"MOTOR VEHICLE IN TRANSPORT","37204","2018","February","Winter","01","Wednesday","Weekday","No Injuries","No Fatalities"
9.97030557182592e-314,2018-02-07 01:24:00,2,0,0,NA,"N","OTHER","RAIN","DARK - LIGHTED","MURFREESBORO PKE & TOWN PARK DR","NASHVILLE","HERMIT",36.10307,-86.66621,"MOTOR VEHICLE IN TRANSPORT","37217","2018","February","Winter","01","Wednesday","Weekday","No Injuries","No Fatalities"
9.97030559010635e-314,2018-02-07 01:50:00,2,0,0,NA,"N","SIDESWIPE - SAME DIRECTION","RAIN","DARK - LIGHTED","MM 211 1 I 40","NASHVILLE","HERMIT",36.15394,-86.75826,"MOTOR VEHICLE IN TRANSPORT","37210","2018","February","Winter","01","Wednesday","Weekday","No Injuries","No Fatalities"
9.97030561727996e-314,2018-02-07 01:50:00,1,0,0,NA,"N","NOT COLLISION W/MOTOR VEHICLE-TRANSPORT","RAIN","DARK - LIGHTED","MM 86 9 I 65","NASHVILLE","NORTH",36.20054,-86.77672,"CONCRETE TRAFFIC BARRIER","37207","2018","February","Winter","01","Wednesday","Weekday","No Injuries","No Fatalities"
9.97030562617314e-314,2018-02-07 01:50:00,3,0,0,NA,"Y","SIDESWIPE - SAME DIRECTION","RAIN","DARK - LIGHTED","SCOTTS CREEK TRL & GREER STATION DR","HERMITAGE","HERMIT",36.20262,-86.59624,"MOTOR VEHICLE IN TRANSPORT;PARKED MOTOR VEHICLE","37076","2018","February","Winter","01","Wednesday","Weekday","No Injuries","No Fatalities"
9.97030563753665e-314,2018-02-07 02:16:00,2,0,0,NA,"Y","ANGLE","RAIN","DARK - LIGHTED","MM 3 2 I 440","NASHVILLE","MIDTOW",36.11762,-86.80011,"MOTOR VEHICLE IN TRANSPORT","37215","2018","February","Winter","02","Wednesday","Weekday","No Injuries","No Fatalities"
9.97030564346544e-314,2018-02-07 02:11:00,2,0,0,NA,"Y","ANGLE","RAIN","DARK - LIGHTED","HICKORY HOLLOW PKWY & CROSSINGS BLVD","ANTIOCH","SOUTH",36.04447,-86.65097,"MOTOR VEHICLE IN TRANSPORT","37013","2018","February","Winter","02","Wednesday","Weekday","No Injuries","No Fatalities"
9.97030564840609e-314,2018-02-07 01:55:00,2,0,0,NA,"N","SIDESWIPE - SAME DIRECTION","RAIN","DARK - LIGHTED","ROSA L PARKS BLVD & I65 S EXT RAMP","NASHVILLE","NORTH",36.1852,-86.79825,"MOTOR VEHICLE IN TRANSPORT","37208","2018","February","Winter","01","Wednesday","Weekday","No Injuries","No Fatalities"
9.97030566372213e-314,2018-02-07 02:40:00,1,1,0,NA,"Y","NOT COLLISION W/MOTOR VEHICLE-TRANSPORT","RAIN","DARK - LIGHTED","BEECHWOOD TER & BELL RD","ANTIOCH","SOUTH",36.04489,-86.66838,"PEDESTRIAN","37013","2018","February","Winter","02","Wednesday","Weekday","Injuries","No Fatalities"
9.97030569237794e-314,2018-02-07 03:00:00,1,0,0,NA,"N","NOT COLLISION W/MOTOR VEHICLE-TRANSPORT","RAIN","DARK - NOT LIGHTED","MM 42 9 I 24","WHITES CREEK","NORTH",36.24371,-86.78504,"WALL","37189","2018","February","Winter","03","Wednesday","Weekday","No Injuries","No Fatalities"
9.97030570621177e-314,2018-02-07 03:08:00,2,0,0,NA,"Y","Front to Rear","RAIN","DARK - NOT LIGHTED","I40 W EXT RAMP & I 40","NASHVILLE","CENTRA",36.17085,-86.60141,"MOTOR VEHICLE IN TRANSPORT","37203","2018","February","Winter","03","Wednesday","Weekday","No Injuries","No Fatalities"
9.97030571214056e-314,2018-02-07 03:08:00,2,0,0,NA,"N","HEAD-ON","RAIN","DARK - LIGHTED","BELL RD & HICKORY HOLLOW MALL PVTDR PL","ANTIOCH","SOUTH",36.04928,-86.65173,"MOTOR VEHICLE IN TRANSPORT","37013","2018","February","Winter","03","Wednesday","Weekday","No Injuries","No Fatalities"
9.97030573733791e-314,2018-02-07 03:03:00,1,0,0,NA,"N","NOT COLLISION W/MOTOR VEHICLE-TRANSPORT","RAIN","DARK - LIGHTED","NOLENSVILLE PKE & ZOO RD","NASHVILLE","SOUTH",36.08969,-86.73329,"OTHER POST, POLE, SUPP.","37211","2018","February","Winter","03","Wednesday","Weekday","No Injuries","No Fatalities"
9.97030574870142e-314,2018-02-06 06:00:00,2,2,0,NA,"N","Front to Rear","RAIN","DARK - LIGHTED","MURFREESBORO PKE & BRILEY PKWY N EXT RAM","NASHVILLE","SOUTH",36.11779,-86.69967,"MOTOR VEHICLE IN TRANSPORT","37217","2018","February","Winter","06","Tuesday","Weekday","Injuries","No Fatalities"
9.97030576846405e-314,2018-02-07 03:54:00,2,0,0,NA,"N","Front to Rear","RAIN","DARK - LIGHTED","NOLENSVILLE PKE & BASS AV","NASHVILLE","MIDTOW",36.0714,-86.7236,"MOTOR VEHICLE IN TRANSPORT","37211","2018","February","Winter","03","Wednesday","Weekday","No Injuries","No Fatalities"
9.97030583862137e-314,2018-02-07 04:50:00,1,1,0,NA,"N","NOT COLLISION W/MOTOR VEHICLE-TRANSPORT","RAIN","DARK - LIGHTED","MM 88 6 I 65","NASHVILLE","EAST",36.22549,-86.77438,"BRIDGE RAIL","37207","2018","February","Winter","04","Wednesday","Weekday","Injuries","No Fatalities"
9.97030585344334e-314,2018-02-07 05:09:00,1,0,0,NA,"Y","NOT COLLISION W/MOTOR VEHICLE-TRANSPORT","RAIN","DARK - LIGHTED","MCCRORY CREEK RD & NIAGARA DR","NASHVILLE","HERMIT",36.15527,-86.63813,"GUARDRAIL FACE","37214","2018","February","Winter","05","Wednesday","Weekday","No Injuries","No Fatalities"
9.97030585838399e-314,2018-02-07 03:57:00,2,0,0,NA,"N","SIDESWIPE - SAME DIRECTION","RAIN","DARK - LIGHTED","BROADWAY & 5TH AVS","NASHVILLE","CENTRA",36.16058,-86.7782,"MOTOR VEHICLE IN TRANSPORT","37203","2018","February","Winter","03","Wednesday","Weekday","No Injuries","No Fatalities"
9.9703058712297e-314,2018-02-07 05:25:00,1,0,0,NA,"N","NOT COLLISION W/MOTOR VEHICLE-TRANSPORT","RAIN","DARK - NOT LIGHTED","MM 202 0 I 40","NASHVILLE","WEST",36.13982,-86.88779,"GUARDRAIL FACE;Ran Off Road-Right","37209","2018","February","Winter","05","Wednesday","Weekday","No Injuries","No Fatalities"
9.9703059171778e-314,2018-02-07 05:20:00,3,1,0,NA,"N","ANGLE","RAIN","DARK - LIGHTED","MM 201 7 I 40","NASHVILLE","WEST",36.13736,-86.89116,"MOTOR VEHICLE IN TRANSPORT;CONCRETE TRAFFIC BARRIER","37209","2018","February","Winter","05","Wednesday","Weekday","Injuries","No Fatalities"
9.97030595077427e-314,2018-02-07 06:45:00,1,0,0,NA,"N","NOT COLLISION W/MOTOR VEHICLE-TRANSPORT","RAIN","DARK - LIGHTED","MM 2 4 I 440","NASHVILLE","WEST",36.1247,-86.8132,"GUARDRAIL FACE","37215","2018","February","Winter","06","Wednesday","Weekday","No Injuries","No Fatalities"
9.97030601055621e-314,2018-02-07 07:33:00,1,0,0,NA,"N","NOT COLLISION W/MOTOR VEHICLE-TRANSPORT","RAIN","DARK - LIGHTED","MM 217 8 I 40","NASHVILLE","HERMIT",36.14099,-86.65689,"GUARDRAIL FACE","37214","2018","February","Winter","07","Wednesday","Weekday","No Injuries","No Fatalities"
9.9703061459302e-314,2018-02-07 06:00:00,2,0,0,NA,"Y","SIDESWIPE - SAME DIRECTION","RAIN","DARK - LIGHTED","MCCANN ST & 3RD AVS","NASHVILLE","SOUTH",36.15011,-86.76882,"MOTOR VEHICLE IN TRANSPORT;UNKNOWN MOST HARMFUL EVENT","37210","2018","February","Winter","06","Wednesday","Weekday","No Injuries","No Fatalities"
9.9703061602581e-314,2018-02-07 09:20:00,1,0,0,NA,"N","NOT COLLISION W/MOTOR VEHICLE-TRANSPORT","RAIN","DARK - LIGHTED","MM 57 2 I 24","NASHVILLE","SOUTH",36.06663,-86.6865,"CONCRETE TRAFFIC BARRIER","37211","2018","February","Winter","09","Wednesday","Weekday","No Injuries","No Fatalities"
9.9703062738932e-314,2018-02-07 11:06:00,2,0,0,NA,"N","ANGLE","RAIN","DARK - LIGHTED","I24 W EXT RAMP & I 24","NASHVILLE","SOUTH",36.08636,-86.69864,"MOTOR VEHICLE IN TRANSPORT","37211","2018","February","Winter","11","Wednesday","Weekday","No Injuries","No Fatalities"
9.97030637122413e-314,2018-02-07 12:45:00,2,1,0,NA,"N","Front to Rear","RAIN","DAYLIGHT","OLD HICKORY BLVD & EDMONDSON PKE","NASHVILLE","MIDTOW",36.03989,-86.74182,"MOTOR VEHICLE IN TRANSPORT","37220","2018","February","Winter","12","Wednesday","Weekday","Injuries","No Fatalities"
9.97030637567072e-314,2018-02-07 12:36:00,2,0,0,NA,"Y","UNKNOWN","RAIN","DARK - LIGHTED","ARLINGTON AV & ELM HILL PKE","NASHVILLE","HERMIT",36.14375,-86.73045,"MOTOR VEHICLE IN TRANSPORT","37210","2018","February","Winter","12","Wednesday","Weekday","No Injuries","No Fatalities"
9.97030638357577e-314,2018-02-07 12:40:00,4,0,0,NA,"N","Front to Rear","RAIN","DAYLIGHT","BELL RD & CANE RIDGE RD","ANTIOCH","SOUTH",36.0448,-86.66203,"MOTOR VEHICLE IN TRANSPORT","37013","2018","February","Winter","12","Wednesday","Weekday","No Injuries","No Fatalities"
9.97031803957249e-314,2018-02-15 00:08:00,2,0,0,NA,"Y","Front to Rear","RAIN","DARK - NOT LIGHTED","OLD HICKORY BLVD & NOEL DR","BRENTWOOD","MIDTOW",36.04488,-86.85012,"MOTOR VEHICLE IN TRANSPORT","37027","2018","February","Winter","00","Thursday","Weekday","No Injuries","No Fatalities"
9.97033892026888e-314,2018-02-28 09:15:00,2,0,0,NA,"Y","SIDESWIPE - SAME DIRECTION","RAIN","DARK - LIGHTED","MM 211 5 I 40","NASHVILLE","HERMIT",36.15167,-86.75194,"MOTOR VEHICLE IN TRANSPORT","37210","2018","February","Winter","09","Wednesday","Weekday","No Injuries","No Fatalities"
9.97033899931938e-314,2018-02-28 10:45:00,2,0,0,NA,"N","SIDESWIPE - SAME DIRECTION","RAIN","DARK - LIGHTED","OLD HICKORY BLVDW & STATE RT 45","MADISON","MADISO",36.26312,-86.71251,"MOTOR VEHICLE IN TRANSPORT","37115","2018","February","Winter","10","Wednesday","Weekday","No Injuries","No Fatalities"
9.97033901661168e-314,2018-02-28 11:40:00,1,0,0,NA,"N","NOT COLLISION W/MOTOR VEHICLE-TRANSPORT","RAIN","DARK - NOT LIGHTED","HOBSON PKE & WALKER RD","HERMITAGE","SOUTH",36.08415,-86.56542,"CURB","37076","2018","February","Winter","11","Wednesday","Weekday","No Injuries","No Fatalities"
9.97033906651231e-314,2018-02-28 12:45:00,2,1,0,NA,"N","HEAD-ON","RAIN","DAYLIGHT","HARDING PL & FRANKLIN PKE","NASHVILLE","MIDTOW",36.08658,-86.77197,"MOTOR VEHICLE IN TRANSPORT","37204","2018","February","Winter","12","Wednesday","Weekday","Injuries","No Fatalities"
9.97033907194703e-314,2018-02-28 12:46:00,2,0,0,NA,"N","ANGLE","RAIN","DAYLIGHT","BRILEY PKWY & KENTON PL","NASHVILLE","HERMIT",36.12799,-86.69561,"MOTOR VEHICLE IN TRANSPORT","37217","2018","February","Winter","12","Wednesday","Weekday","No Injuries","No Fatalities"
9.9703396549445e-314,2018-02-28 06:00:00,2,0,0,NA,"N","SIDESWIPE - SAME DIRECTION","RAIN","DAYLIGHT","BAPTIST WORLD CENTER DR & GOOCH ST","NASHVILLE","NORTH",36.2061,-86.7908,"MOTOR VEHICLE IN TRANSPORT","37207","2018","February","Winter","06","Wednesday","Weekday","No Injuries","No Fatalities"
9.97033973350093e-314,2018-03-01 00:12:00,2,0,0,NA,"N","SIDESWIPE - SAME DIRECTION","RAIN","DAYLIGHT","CROSSINGS BLVD & CROSSINGS PL","ANTIOCH","SOUTH",36.04498,-86.64943,"MOTOR VEHICLE IN TRANSPORT","37013","2018","March","Spring","00","Thursday","Weekday","No Injuries","No Fatalities"
9.97033987727404e-314,2018-03-01 00:01:00,2,0,0,NA,"N","SIDESWIPE - SAME DIRECTION","RAIN","DARK - LIGHTED","I40 W EXT RAMP & HIGHWAY 70S","NASHVILLE","WEST",36.0817,-86.95712,"MOTOR VEHICLE IN TRANSPORT","37221","2018","March","Spring","00","Thursday","Weekday","No Injuries","No Fatalities"
9.97033988567315e-314,2018-03-01 00:10:00,2,0,0,NA,"Y","Front to Rear","RAIN","DARK - LIGHTED","DONELSON PKE & ELM HILL PKE","NASHVILLE","HERMIT",36.14872,-86.66628,"MOTOR VEHICLE IN TRANSPORT","37214","2018","March","Spring","00","Thursday","Weekday","No Injuries","No Fatalities"
9.97033989259007e-314,2018-03-01 00:21:00,2,1,0,NA,"N","Front to Rear","RAIN","DARK - LIGHTED","ANDREW JACKSON PKWY & OLD HICKORY BLVD","HERMITAGE","HERMIT",36.1846,-86.61005,"MOTOR VEHICLE IN TRANSPORT","37076","2018","March","Spring","00","Thursday","Weekday","Injuries","No Fatalities"
9.97033990148325e-314,2018-03-01 00:29:00,2,0,0,NA,"Y","Front to Rear","RAIN","DARK - LIGHTED","MM 93 9 I 65","MADISON","MADISO",36.28615,-86.7276,"MOTOR VEHICLE IN TRANSPORT","37115","2018","March","Spring","00","Thursday","Weekday","No Injuries","No Fatalities"
9.97033990543578e-314,2018-02-28 06:00:00,3,1,0,NA,"N","Front to Rear","RAIN","DARK - NOT LIGHTED","MM 75 4 I 65","BRENTWOOD","MIDTOW",36.06214,-86.77178,"MOTOR VEHICLE IN TRANSPORT","37027","2018","February","Winter","06","Wednesday","Weekday","Injuries","No Fatalities"
9.97033990642391e-314,2018-03-01 00:27:00,2,0,0,NA,"Y","Front to Rear","RAIN","DARK - LIGHTED","WEDGEWOOD AV & BEECH AV","NASHVILLE","MIDTOW",36.13428,-86.78024,"MOTOR VEHICLE IN TRANSPORT","37204","2018","March","Spring","00","Thursday","Weekday","No Injuries","No Fatalities"
9.97033990741204e-314,2018-03-01 00:36:00,2,0,0,NA,"Y","Front to Rear","RAIN","DARK - LIGHTED","NOLENSVILLE PKE & THOMPSON LN","NASHVILLE","SOUTH",36.11076,-86.74513,"MOTOR VEHICLE IN TRANSPORT","37211","2018","March","Spring","00","Thursday","Weekday","No Injuries","No Fatalities"
9.97033992618654e-314,2018-03-01 00:50:00,2,0,0,NA,"N","ANGLE","RAIN","DARK - LIGHTED","S 5TH ST & WOODLAND ST","NASHVILLE","EAST",36.17184,-86.76477,"MOTOR VEHICLE IN TRANSPORT","37206","2018","March","Spring","00","Thursday","Weekday","No Injuries","No Fatalities"
9.97033992865686e-314,2018-03-01 01:00:00,2,1,0,NA,"Y","Front to Rear","RAIN","DARK - NOT LIGHTED","W TRINITY LN & I65 N ENT RAMP","NASHVILLE","EAST",36.20636,-86.77469,"MOTOR VEHICLE IN TRANSPORT","37207","2018","March","Spring","01","Thursday","Weekday","Injuries","No Fatalities"
9.97033993310346e-314,2018-03-01 00:48:00,2,0,0,NA,"Y","SIDESWIPE - SAME DIRECTION","RAIN","DARK - LIGHTED","MM 93 5 I 65","MADISON","MADISO",36.28248,-86.73142,"MOTOR VEHICLE IN TRANSPORT","37115","2018","March","Spring","00","Thursday","Weekday","No Injuries","No Fatalities"
9.97033993606785e-314,2018-03-01 00:05:00,2,0,0,NA,"N","Front to Rear","RAIN","DUSK","NOLENSVILLE PKE & CONCORD RD","NASHVILLE","MIDTOW",35.99687,-86.68989,"MOTOR VEHICLE IN TRANSPORT","37211","2018","March","Spring","00","Thursday","Weekday","No Injuries","No Fatalities"
9.97033994002037e-314,2018-03-01 00:39:00,2,1,0,NA,"N","Front to Rear","RAIN","DARK - LIGHTED","MM 79 8 I 65","NASHVILLE","MIDTOW",36.11115,-86.77151,"MOTOR VEHICLE IN TRANSPORT","37204","2018","March","Spring","00","Thursday","Weekday","Injuries","No Fatalities"
9.97033995039575e-314,2018-03-01 01:02:00,1,0,0,NA,"N","NOT COLLISION W/MOTOR VEHICLE-TRANSPORT","RAIN","DARK - LIGHTED","MYATT DR & MYATT INDUSTRIAL DR","MADISON","MADISO",36.27975,-86.69114,"DITCH","37115","2018","March","Spring","01","Thursday","Weekday","No Injuries","No Fatalities"
9.97033995731267e-314,2018-03-01 00:42:00,2,0,0,NA,"N","Front to Rear","RAIN","DARK - LIGHTED","HILLSBORO CIR & BANDYWOOD DR","NASHVILLE","WEST",36.10504,-86.81954,"MOTOR VEHICLE IN TRANSPORT","37215","2018","March","Spring","00","Thursday","Weekday","No Injuries","No Fatalities"
9.97033996422959e-314,2018-03-01 00:20:00,3,1,0,NA,"N","Front to Rear","RAIN","DARK - LIGHTED","KIRKWOOD AV & FRANKLIN PKE","NASHVILLE","MIDTOW",36.12137,-86.77545,"MOTOR VEHICLE IN TRANSPORT","37204","2018","March","Spring","00","Thursday","Weekday","Injuries","No Fatalities"
9.97033998251002e-314,2018-03-01 00:45:00,1,0,0,NA,"N","NOT COLLISION W/MOTOR VEHICLE-TRANSPORT","RAIN","DARK - LIGHTED","UNA ANTIOCH PKE & PICCADILLY ROW","ANTIOCH","SOUTH",36.08257,-86.65147,"","37013","2018","March","Spring","00","Thursday","Weekday","No Injuries","No Fatalities"
9.97033998399222e-314,2018-03-01 01:35:00,2,0,0,NA,"N","SIDESWIPE - SAME DIRECTION","RAIN","DARK - LIGHTED","MM 211 1 I 40","NASHVILLE","HERMIT",36.15398,-86.75838,"MOTOR VEHICLE IN TRANSPORT","37210","2018","March","Spring","01","Thursday","Weekday","No Injuries","No Fatalities"
9.97033999486166e-314,2018-03-01 02:00:00,2,0,0,NA,"N","SIDESWIPE - SAME DIRECTION","RAIN","DARK - LIGHTED","STATE RT 45 & MYATT DR","MADISON","MADISO",36.26391,-86.6903,"MOTOR VEHICLE IN TRANSPORT","37115","2018","March","Spring","02","Thursday","Weekday","No Injuries","No Fatalities"
9.97034002845813e-314,2018-03-01 02:20:00,2,1,0,NA,"N","Front to Rear","RAIN","DARK - LIGHTED","W TRINITY LN & E TRINITY LN","NASHVILLE","EAST",36.20592,-86.76907,"PARKED MOTOR VEHICLE","37207","2018","March","Spring","02","Thursday","Weekday","Injuries","No Fatalities"
9.97034003092845e-314,2018-02-28 06:00:00,2,0,0,NA,"Y","Front to Rear","RAIN","DARK - NOT LIGHTED","MM 74 3 I 65","BRENTWOOD","MIDTOW",36.03529,-86.78303,"MOTOR VEHICLE IN TRANSPORT","37027","2018","February","Winter","06","Wednesday","Weekday","No Injuries","No Fatalities"
9.97034011590774e-314,2018-03-01 02:53:00,2,0,0,NA,"Y","SIDESWIPE - OPPOSITE DIRECTION","RAIN","DARK - NOT LIGHTED","PHIPPS DR & CREEKWOODN","NASHVILLE","NORTH",36.21801,-86.84639,"MOTOR VEHICLE IN TRANSPORT","37218","2018","March","Spring","02","Thursday","Weekday","No Injuries","No Fatalities"
9.9703401381407e-314,2018-03-01 03:37:00,1,0,0,NA,"N","NOT COLLISION W/MOTOR VEHICLE-TRANSPORT","RAIN","DARK - LIGHTED","S 4TH ST & RUSSELL ST","NASHVILLE","EAST",36.17029,-86.76554,"OTHER FIXED OBJECTS","37206","2018","March","Spring","03","Thursday","Weekday","No Injuries","No Fatalities"
9.97034014999827e-314,2018-03-01 03:40:00,2,0,0,NA,"N","SIDESWIPE - SAME DIRECTION","RAIN","DARK - LIGHTED","MM 212 2 I 40","NASHVILLE","HERMIT",36.1458,-86.74169,"MOTOR VEHICLE IN TRANSPORT","37210","2018","March","Spring","03","Thursday","Weekday","No Injuries","No Fatalities"
9.97034015098641e-314,2018-03-01 03:44:00,2,0,0,NA,"Y","Front to Rear","RAIN","DARK - LIGHTED","ELM HILL PKE & BRILEY PKWYN","NASHVILLE","HERMIT",36.1521,-86.69065,"MOTOR VEHICLE IN TRANSPORT","37214","2018","March","Spring","03","Thursday","Weekday","No Injuries","No Fatalities"
9.97034021620307e-314,2018-03-01 03:43:00,1,0,0,NA,"N","NOT COLLISION W/MOTOR VEHICLE-TRANSPORT","RAIN","DARK - LIGHTED","PENNINGTON BEND RD & BRILEY PKWYW","NASHVILLE","HERMIT",36.23697,-86.709,"TREE","37214","2018","March","Spring","03","Thursday","Weekday","No Injuries","No Fatalities"
9.97034022559032e-314,2018-03-01 04:53:00,2,0,0,NA,"Y","SIDESWIPE - OPPOSITE DIRECTION","RAIN","DARK - LIGHTED","CHARLOTTE PKE & ORLANDO AV","NASHVILLE","WEST",36.15029,-86.85737,"MOTOR VEHICLE IN TRANSPORT","37209","2018","March","Spring","04","Thursday","Weekday","No Injuries","No Fatalities"