"Accident.Number","Date.and.Time","Number.of.Motor.Vehicles","Number.of.Injuries","Number.of.Fatalities","Property.Damage","Hit.and.Run","Collision.Type.Description","Weather.Description","Illumination.Description","Street.Address","City","Precinct","Latitude","Longitude","HarmfulDescriptions","Zip.Code","Year","Month","Season","Hour","Weekday","DayType","Accident","Fatality_category"
9.97034024782327e-314,2018-02-28 06:00:00,1,0,0,NA,"Y","NOT COLLISION W/MOTOR VEHICLE-TRANSPORT","RAIN","DARK - LIGHTED","MM 208 2 I 40","NASHVILLE","NORTH",36.1673,-86.79562,"CONCRETE TRAFFIC BARRIER","37208","2018","February","Winter","06","Wednesday","Weekday","No Injuries","No Fatalities"
9.97034029871203e-314,2018-03-01 05:49:00,1,1,0,NA,"N","NOT COLLISION W/MOTOR VEHICLE-TRANSPORT","RAIN","Dark-Unknown Lighting","BRILEY PKWYE & BRILEY PKWYW","NASHVILLE","MADISO",36.24065,-86.76742,"CONCRETE TRAFFIC BARRIER","37207","2018","March","Spring","05","Thursday","Weekday","Injuries","No Fatalities"
9.97034031106367e-314,2018-03-01 05:55:00,1,0,0,NA,"N","NOT COLLISION W/MOTOR VEHICLE-TRANSPORT","RAIN","DARK - LIGHTED","OLD HICKORY BLVD & LOGISTICS WAY","ANTIOCH","SOUTH",36.02697,-86.61532,"DITCH","37013","2018","March","Spring","05","Thursday","Weekday","No Injuries","No Fatalities"
9.97034034268388e-314,2018-03-01 06:21:00,2,1,0,NA,"N","NOT COLLISION W/MOTOR VEHICLE-TRANSPORT","RAIN","DARK - LIGHTED","MM 209 7 I 40","NASHVILLE","CENTRA",36.1494,-86.78238,"MOTOR VEHICLE IN TRANSPORT;CONCRETE TRAFFIC BARRIER","37203","2018","March","Spring","06","Thursday","Weekday","Injuries","No Fatalities"
9.97034036886936e-314,2018-03-01 06:36:00,2,2,0,NA,"Y","Front to Rear","RAIN","DARK - LIGHTED","21ST AVS & PIERCE AV","NASHVILLE","MIDTOW",36.13962,-86.8005,"MOTOR VEHICLE IN TRANSPORT","37212","2018","March","Spring","06","Thursday","Weekday","Injuries","No Fatalities"
9.97034037430408e-314,2018-02-28 06:00:00,1,0,0,NA,"Y","NOT COLLISION W/MOTOR VEHICLE-TRANSPORT","RAIN","DARK - LIGHTED","PORT DR & TUCKAHOE DR","MADISON","MADISO",36.26275,-86.74265,"DITCH","37115","2018","February","Winter","06","Wednesday","Weekday","No Injuries","No Fatalities"
9.97034038912605e-314,2018-03-01 06:50:00,1,0,0,NA,"N","NOT COLLISION W/MOTOR VEHICLE-TRANSPORT","RAIN","DARK - NOT LIGHTED","PAGE RD & FORREST PARK DR","NASHVILLE","WEST",36.0858,-86.8687,"UTILITY POLE","37221","2018","March","Spring","06","Thursday","Weekday","No Injuries","No Fatalities"
9.97034040839461e-314,2018-03-01 07:06:00,2,0,0,NA,"Y","SIDESWIPE - SAME DIRECTION","RAIN","DARK - LIGHTED","MM 48 0 I 24","NASHVILLE","CENTRA",36.17594,-86.77213,"MOTOR VEHICLE IN TRANSPORT","37213","2018","March","Spring","07","Thursday","Weekday","No Injuries","No Fatalities"
9.97034051017213e-314,2018-03-01 08:44:00,1,0,0,NA,"Y","NOT COLLISION W/MOTOR VEHICLE-TRANSPORT","RAIN","DARK - LIGHTED","SMITH SPRINGS RD & SCENIC LAKE CT","ANTIOCH","SOUTH",36.08138,-86.59365,"","37013","2018","March","Spring","08","Thursday","Weekday","No Injuries","No Fatalities"
9.97034051511279e-314,2018-03-01 06:00:00,1,0,0,NA,"Y","NOT COLLISION W/MOTOR VEHICLE-TRANSPORT","RAIN","DARK - NOT LIGHTED","MM 87 2 I 65","NASHVILLE","EAST",36.205,-86.77647,"WALL","37207","2018","March","Spring","06","Thursday","Weekday","No Injuries","No Fatalities"
9.97034056402529e-314,2018-03-01 09:50:00,1,0,0,NA,"Y","NOT COLLISION W/MOTOR VEHICLE-TRANSPORT","RAIN","DARK - LIGHTED","I24 W EXT RAMP & I 24","NASHVILLE","SOUTH",36.10884,-86.72022,"GUARDRAIL END","37211","2018","March","Spring","09","Thursday","Weekday","No Injuries","No Fatalities"
9.97034069742301e-314,2018-03-01 11:40:00,2,0,0,NA,"Y","SIDESWIPE - SAME DIRECTION","RAIN","DUSK","MM 4 4 I 440","NASHVILLE","MIDTOW",36.11576,-86.78158,"MOTOR VEHICLE IN TRANSPORT","37204","2018","March","Spring","11","Thursday","Weekday","No Injuries","No Fatalities"
9.97034074139485e-314,2018-03-01 12:45:00,2,0,0,NA,"N","Front to Rear","RAIN","DAYLIGHT","CENTRAL PKE EXIT RAMP & I 40","HERMITAGE","HERMIT",36.1701,-86.6069,"MOTOR VEHICLE IN TRANSPORT","37076","2018","March","Spring","12","Thursday","Weekday","No Injuries","No Fatalities"
9.97034084613677e-314,2018-02-28 06:00:00,1,1,0,NA,"Y","NOT COLLISION W/MOTOR VEHICLE-TRANSPORT","RAIN","DARK - NOT LIGHTED","WHITES CREEK PKE & WHITES CREEK PKE PVTD","JOELTON","NORTH",36.38624,-86.89758,"TREE","37080","2018","February","Winter","06","Wednesday","Weekday","Injuries","No Fatalities"
9.97031805785292e-314,2018-02-15 00:06:00,3,0,0,NA,"N","Front to Rear","RAIN","DARK - LIGHTED","WOODMONT BLVD & HARDING PKE","NASHVILLE","WEST",36.12449,-86.84718,"MOTOR VEHICLE IN TRANSPORT","37205","2018","February","Winter","00","Thursday","Weekday","No Injuries","No Fatalities"
9.97031806625204e-314,2018-02-15 00:12:00,2,0,0,NA,"N","SIDESWIPE - SAME DIRECTION","RAIN","DARK - LIGHTED","DICKERSON PKE & BELL GRIMES LN","MADISON","MADISO",36.26847,-86.75608,"MOTOR VEHICLE IN TRANSPORT","37115","2018","February","Winter","00","Thursday","Weekday","No Injuries","No Fatalities"
9.97031807465115e-314,2018-02-15 00:12:00,2,2,0,NA,"N","Front to Rear","RAIN","DARK - LIGHTED","MM 213 0 I 40","NASHVILLE","HERMIT",36.14073,-86.73228,"MOTOR VEHICLE IN TRANSPORT","37210","2018","February","Winter","00","Thursday","Weekday","Injuries","No Fatalities"
9.97031142798602e-314,2018-02-10 10:15:00,3,0,0,NA,"Y","SIDESWIPE - SAME DIRECTION","RAIN","DARK - LIGHTED","HART AV & MANSFIELD ST","NASHVILLE","EAST",36.18322,-86.75588,"MOTOR VEHICLE IN TRANSPORT;PARKED MOTOR VEHICLE","37206","2018","February","Winter","10","Saturday","Weekend","No Injuries","No Fatalities"
9.97031808897906e-314,2018-02-15 00:45:00,2,0,0,NA,"N","SIDESWIPE - SAME DIRECTION","RAIN","DARK - NOT LIGHTED","MM 199 0 I 40","NASHVILLE","WEST",36.10799,-86.92731,"MOTOR VEHICLE IN TRANSPORT;WALL;Ran Off Road-Right","37221","2018","February","Winter","00","Thursday","Weekday","No Injuries","No Fatalities"
9.97032846435762e-314,2018-02-21 06:00:00,2,0,0,NA,"Y","SIDESWIPE - SAME DIRECTION","RAIN","DAYLIGHT","MM 209 8 I 40","NASHVILLE","CENTRA",36.14833,-86.78003,"MOTOR VEHICLE IN TRANSPORT","37203","2018","February","Winter","06","Wednesday","Weekday","No Injuries","No Fatalities"
9.97032857651052e-314,2018-02-21 06:00:00,2,0,0,NA,"N","SIDESWIPE - SAME DIRECTION","RAIN","DAYLIGHT","MM 210 2 I 40","NASHVILLE","CENTRA",36.14973,-86.77306,"MOTOR VEHICLE IN TRANSPORT","37203","2018","February","Winter","06","Wednesday","Weekday","No Injuries","No Fatalities"
9.97032920051543e-314,2018-02-22 00:59:00,2,0,0,NA,"Y","Front to Rear","RAIN","DARK - NOT LIGHTED","OLD HICKORY BLVD & YOUNG BROADCASTING PV","NASHVILLE","MIDTOW",36.04273,-86.82829,"MOTOR VEHICLE IN TRANSPORT","37215","2018","February","Winter","00","Thursday","Weekday","No Injuries","No Fatalities"
9.97032927808374e-314,2018-02-22 02:30:00,2,1,0,NA,"Y","Front to Rear","RAIN","DARK - LIGHTED","NOLENSVILLE PKE & HARDING PL","NASHVILLE","SOUTH",36.0796,-86.72632,"MOTOR VEHICLE IN TRANSPORT","37211","2018","February","Winter","02","Thursday","Weekday","Injuries","No Fatalities"
9.97032929339977e-314,2018-02-22 02:41:00,2,0,0,NA,"Y","HEAD-ON","RAIN","DARK - NOT LIGHTED","BATTERY LN & LEALAND LN","NASHVILLE","MIDTOW",36.08832,-86.791,"MOTOR VEHICLE IN TRANSPORT","37204","2018","February","Winter","02","Thursday","Weekday","No Injuries","No Fatalities"
9.97032946335835e-314,2018-02-22 05:12:00,2,1,0,NA,"N","Front to Rear","RAIN","DARK - LIGHTED","CHARLOTTE AV & 21ST AVN","NASHVILLE","MIDTOW",36.15657,-86.80603,"MOTOR VEHICLE IN TRANSPORT;WORKING MOTOR VEHICLE","37203","2018","February","Winter","05","Thursday","Weekday","Injuries","No Fatalities"
9.97032949102603e-314,2018-02-22 05:40:00,2,0,0,NA,"N","Front to Rear","RAIN","DARK - LIGHTED","MM 48 4 I 24","NASHVILLE","EAST",36.17147,-86.76798,"MOTOR VEHICLE IN TRANSPORT","37206","2018","February","Winter","05","Thursday","Weekday","No Injuries","No Fatalities"
9.97032950683613e-314,2018-02-22 05:52:00,1,0,0,NA,"N","NOT COLLISION W/MOTOR VEHICLE-TRANSPORT","RAIN","DARK - LIGHTED","4TH AVS & HOUSTON ST","NASHVILLE","MIDTOW",36.14217,-86.76491,"OTHER OBJECT (NOT FIXED)","37203","2018","February","Winter","05","Thursday","Weekday","No Injuries","No Fatalities"
9.97032969359295e-314,2018-02-22 09:15:00,1,0,0,NA,"N","NOT COLLISION W/MOTOR VEHICLE-TRANSPORT","RAIN","DARK - LIGHTED","UNA ANTIOCH PKE & OTTENVILLE AV","ANTIOCH","SOUTH",36.05947,-86.67007,"DITCH;Ran Off Road-Left;Cross Center Line","37013","2018","February","Winter","09","Thursday","Weekday","No Injuries","No Fatalities"
9.97032982205001e-314,2018-02-22 06:00:00,1,0,0,NA,"N","NOT COLLISION W/MOTOR VEHICLE-TRANSPORT","RAIN","DARK - NOT LIGHTED","TINNIN RD & RIDGE HILL RD","GOODLETTSVILLE","MADISO",36.40289,-86.75091,"DITCH","37072","2018","February","Winter","06","Thursday","Weekday","No Injuries","No Fatalities"
9.97032992185127e-314,2018-02-22 11:35:00,2,0,0,NA,"N","ANGLE","RAIN","DARK - NOT LIGHTED","MM 40 9 I 24","WHITES CREEK","MADISO",36.27232,-86.7949,"MOTOR VEHICLE IN TRANSPORT","37189","2018","February","Winter","11","Thursday","Weekday","No Injuries","No Fatalities"
9.97032996088246e-314,2018-02-22 12:20:00,2,0,0,NA,"N","NOT COLLISION W/MOTOR VEHICLE-TRANSPORT","RAIN","DAYLIGHT","OLD HICKORY BLVD & SELLS DR","HERMITAGE","HERMIT",36.16846,-86.60028,"OTHER FIXED OBJECTS","37076","2018","February","Winter","12","Thursday","Weekday","No Injuries","No Fatalities"
9.9703299717519e-314,2018-02-22 12:52:00,2,0,0,NA,"N","Front to Rear","RAIN","DAYLIGHT","MM 55 6 I 24","NASHVILLE","SOUTH",36.08781,-86.70128,"MOTOR VEHICLE IN TRANSPORT","37211","2018","February","Winter","12","Thursday","Weekday","No Injuries","No Fatalities"
9.97033060069747e-314,2018-02-22 06:00:00,2,1,0,NA,"N","ANGLE","RAIN","DAYLIGHT","HUNTERS POINT LN & S NEW HOPE RD","HERMITAGE","HERMIT",36.16269,-86.585,"MOTOR VEHICLE IN TRANSPORT","37076","2018","February","Winter","06","Thursday","Weekday","Injuries","No Fatalities"
9.97031809490784e-314,2018-02-15 00:47:00,2,0,0,NA,"N","SIDESWIPE - SAME DIRECTION","RAIN","DARK - LIGHTED","MM 94 8 I 65","GOODLETTSVILLE","MADISO",36.29608,-86.71558,"MOTOR VEHICLE IN TRANSPORT","37072","2018","February","Winter","00","Thursday","Weekday","No Injuries","No Fatalities"
9.97031810725948e-314,2018-02-15 01:00:00,1,1,0,NA,"N","NOT COLLISION W/MOTOR VEHICLE-TRANSPORT","RAIN","DARK - LIGHTED","MURPHY RD & 45TH AVN","NASHVILLE","WEST",36.14099,-86.84036,"PEDESTRIAN","37209","2018","February","Winter","01","Thursday","Weekday","Injuries","No Fatalities"
9.97031813789155e-314,2018-02-14 06:00:00,2,0,0,NA,"N","Front to Rear","RAIN","DARK - LIGHTED","JEFFERSON ST & 28TH AVN","NASHVILLE","NORTH",36.16779,-86.82075,"MOTOR VEHICLE IN TRANSPORT","37208","2018","February","Winter","06","Wednesday","Weekday","No Injuries","No Fatalities"
9.97031815567792e-314,2018-02-15 01:45:00,2,2,0,NA,"N","ANGLE","RAIN","DARK - NOT LIGHTED","BELL RD & BEECHWOOD TER","ANTIOCH","SOUTH",36.04478,-86.66962,"MOTOR VEHICLE IN TRANSPORT","37013","2018","February","Winter","01","Thursday","Weekday","Injuries","No Fatalities"
9.97031817544054e-314,2018-02-15 02:04:00,2,1,0,NA,"N","HEAD-ON","RAIN","DARK - LIGHTED","THOMPSON LN & NOLENSVILLE PKE","NASHVILLE","MIDTOW",36.11094,-86.74522,"MOTOR VEHICLE IN TRANSPORT","37211","2018","February","Winter","02","Thursday","Weekday","Injuries","No Fatalities"
9.97031148381544e-314,2018-02-10 06:00:00,1,1,0,NA,"N","NOT COLLISION W/MOTOR VEHICLE-TRANSPORT","RAIN","OTHER","MM 209 1 I 40","NASHVILLE","CENTRA",36.1568,-86.78988,"CONCRETE TRAFFIC BARRIER","37203","2018","February","Winter","06","Saturday","Weekend","Injuries","No Fatalities"
9.97031818136933e-314,2018-02-15 00:45:00,2,0,0,NA,"N","Front to Rear","RAIN","DARK - LIGHTED","HART LN & HILLTOP LN","NASHVILLE","EAST",36.21358,-86.73604,"MOTOR VEHICLE IN TRANSPORT","37216","2018","February","Winter","00","Thursday","Weekday","No Injuries","No Fatalities"
9.97031818334559e-314,2018-02-15 00:55:00,2,1,0,NA,"N","Front to Rear","RAIN","DARK - LIGHTED","OPRYLAND DR & MUSIC VALLEY DR","NASHVILLE","HERMIT",36.21708,-86.69638,"MOTOR VEHICLE IN TRANSPORT","37214","2018","February","Winter","00","Thursday","Weekday","Injuries","No Fatalities"
9.97031821397766e-314,2018-02-15 02:43:00,3,1,0,NA,"Y","ANGLE","RAIN","DARK - NOT LIGHTED","BLACKMAN RD & DANBY DR","NASHVILLE","MIDTOW",36.07443,-86.74597,"MOTOR VEHICLE IN TRANSPORT;UTILITY POLE","37211","2018","February","Winter","02","Thursday","Weekday","Injuries","No Fatalities"
9.97031834539913e-314,2018-02-15 05:00:00,2,0,0,NA,"N","SIDESWIPE - SAME DIRECTION","RAIN","DARK - LIGHTED","BROADWAY & 4TH AVN","NASHVILLE","CENTRA",36.16102,-86.7772,"MOTOR VEHICLE IN TRANSPORT","37203","2018","February","Winter","05","Thursday","Weekday","No Injuries","No Fatalities"
9.97031151444751e-314,2018-02-10 06:00:00,2,0,0,NA,"N","SIDESWIPE - SAME DIRECTION","RAIN","OTHER","MM 209 0 I 40","NASHVILLE","CENTRA",36.15739,-86.79034,"MOTOR VEHICLE IN TRANSPORT","37203","2018","February","Winter","06","Saturday","Weekend","No Injuries","No Fatalities"
9.97031835281011e-314,2018-02-15 05:00:00,2,2,0,NA,"Y","Front to Rear","RAIN","DARK - LIGHTED","OLD HICKORY BLVD & PRINCETON PL","HERMITAGE","HERMIT",36.17321,-86.60205,"MOTOR VEHICLE IN TRANSPORT","37076","2018","February","Winter","05","Thursday","Weekday","Injuries","No Fatalities"
9.97031836565582e-314,2018-02-15 05:13:00,2,0,0,NA,"N","SIDESWIPE - SAME DIRECTION","RAIN","DARK - LIGHTED","CLARKSVILLE PKE & MANCHESTER AV","NASHVILLE","NORTH",36.19569,-86.83457,"MOTOR VEHICLE IN TRANSPORT","37218","2018","February","Winter","05","Thursday","Weekday","No Injuries","No Fatalities"
9.97031846051642e-314,2018-02-15 06:20:00,1,0,0,NA,"N","NOT COLLISION W/MOTOR VEHICLE-TRANSPORT","RAIN","DARK - LIGHTED","I40 E ENT RAMP & I 24","NASHVILLE","SOUTH",36.13913,-86.72568,"CONCRETE TRAFFIC BARRIER","37217","2018","February","Winter","06","Thursday","Weekday","No Injuries","No Fatalities"
9.9703186507317e-314,2018-02-15 07:40:00,1,0,0,NA,"N","NOT COLLISION W/MOTOR VEHICLE-TRANSPORT","RAIN","DARK - LIGHTED","1501 BAPTIST WORLD CENTER DR","NASHVILLE","NORTH",36.19973,-86.78561,"OTHER POST, POLE, SUPP.;FENCE","37207","2018","February","Winter","07","Thursday","Weekday","No Injuries","No Fatalities"
9.97031881673775e-314,2018-02-15 08:51:00,1,0,0,NA,"Y","NOT COLLISION W/MOTOR VEHICLE-TRANSPORT","RAIN","DARK - LIGHTED","PIMA RD & WALKER ST","MADISON","MADISO",36.26567,-86.71845,"FENCE","37115","2018","February","Winter","08","Thursday","Weekday","No Injuries","No Fatalities"
9.97031883946477e-314,2018-02-15 11:16:00,1,2,0,NA,"N","NOT COLLISION W/MOTOR VEHICLE-TRANSPORT","RAIN","DARK - LIGHTED","ENSLEY BLVD & 2ND AVS","NASHVILLE","SOUTH",36.13775,-86.76078,"DITCH;EMBANKMENT EARTH","37210","2018","February","Winter","11","Thursday","Weekday","Injuries","No Fatalities"
9.97031173035419e-314,2018-02-10 06:00:00,2,1,0,NA,"N","ANGLE","RAIN","DARK - LIGHTED","MM 87 0 I 65","NASHVILLE","EAST",36.20161,-86.77658,"MOTOR VEHICLE IN TRANSPORT","37207","2018","February","Winter","06","Saturday","Weekend","Injuries","No Fatalities"
9.97031175258715e-314,2018-02-11 00:12:00,2,1,0,NA,"N","ANGLE","RAIN","DARK - LIGHTED","PARAGON MILLS RD & TAMPA DR","NASHVILLE","SOUTH",36.0876,-86.71396,"MOTOR VEHICLE IN TRANSPORT","37211","2018","February","Winter","00","Sunday","Weekend","Injuries","No Fatalities"
9.97031175456341e-314,2018-02-11 00:15:00,2,0,0,NA,"N","SIDESWIPE - SAME DIRECTION","RAIN","DAYLIGHT","4TH AVS & LEA AV","NASHVILLE","CENTRA",36.15477,-86.77316,"MOTOR VEHICLE IN TRANSPORT","37203","2018","February","Winter","00","Sunday","Weekend","No Injuries","No Fatalities"
9.97031175703374e-314,2018-02-11 00:15:00,1,0,0,NA,"N","NOT COLLISION W/MOTOR VEHICLE-TRANSPORT","RAIN","DARK - LIGHTED","ELLINGTON PKWYN & ELLINGTON PKWY N ENT R","NASHVILLE","EAST",36.17562,-86.76661,"OTHER POST, POLE, SUPP.","37216","2018","February","Winter","00","Sunday","Weekend","No Injuries","No Fatalities"
9.97031176148033e-314,2018-02-11 00:26:00,4,0,0,NA,"Y","Front to Rear","RAIN","DARK - LIGHTED","GALLATIN PKEN & STATE RT 45","MADISON","MADISO",36.26314,-86.7119,"MOTOR VEHICLE IN TRANSPORT;UNKNOWN MOST HARMFUL EVENT","37115","2018","February","Winter","00","Sunday","Weekend","No Injuries","No Fatalities"
9.97031177333791e-314,2018-02-11 00:38:00,3,0,0,NA,"N","Front to Rear","RAIN","DARK - LIGHTED","BRILEY PKWY N EXT RAMP & BRILEY PKWY N E","NASHVILLE","HERMIT",36.11757,-86.69965,"MOTOR VEHICLE IN TRANSPORT","37214","2018","February","Winter","00","Sunday","Weekend","No Injuries","No Fatalities"
9.97031177383197e-314,2018-02-11 00:01:00,2,1,0,NA,"N","Front to Rear","RAIN","DARK - NOT LIGHTED","HOGAN RD & WILMAR DR","NASHVILLE","MIDTOW",36.06566,-86.76571,"MOTOR VEHICLE IN TRANSPORT","37220","2018","February","Winter","00","Sunday","Weekend","Injuries","No Fatalities"
9.97031178519548e-314,2018-02-11 00:45:00,2,0,0,NA,"N","ANGLE","RAIN","DARK - LIGHTED","OPRY MILLS DR & MOSS ROSE DR","NASHVILLE","HERMIT",36.20512,-86.69596,"MOTOR VEHICLE IN TRANSPORT","37214","2018","February","Winter","00","Sunday","Weekend","No Injuries","No Fatalities"
9.97031179705306e-314,2018-02-11 00:44:00,2,1,0,NA,"N","ANGLE","RAIN","DARK - LIGHTED","MURPHY RD & WEST END AV EXT RAMP","NASHVILLE","MIDTOW",36.13961,-86.82163,"MOTOR VEHICLE IN TRANSPORT","37203","2018","February","Winter","00","Sunday","Weekend","Injuries","No Fatalities"
9.97031180001745e-314,2018-02-11 01:13:00,2,0,0,NA,"N","ANGLE","RAIN","DARK - LIGHTED","CENTRAL PKE & OLD HICKORY BLVD","HERMITAGE","HERMIT",36.17376,-86.60251,"MOTOR VEHICLE IN TRANSPORT","37076","2018","February","Winter","01","Sunday","Weekend","No Injuries","No Fatalities"
9.97031180693437e-314,2018-02-11 01:23:00,2,2,0,NA,"N","ANGLE","RAIN","DARK - LIGHTED","NOLENSVILLE PKE & LUTIE ST","NASHVILLE","SOUTH",36.11811,-86.74884,"MOTOR VEHICLE IN TRANSPORT","37210","2018","February","Winter","01","Sunday","Weekend","Injuries","No Fatalities"
9.97031182027414e-314,2018-02-11 00:53:00,2,0,0,NA,"N","ANGLE","RAIN","DARK - LIGHTED","OTTENVILLE AV & UNA ANTIOCH PKE","ANTIOCH","SOUTH",36.05941,-86.66985,"MOTOR VEHICLE IN TRANSPORT","37013","2018","February","Winter","00","Sunday","Weekend","No Injuries","No Fatalities"
9.97031182126227e-314,2018-02-11 01:40:00,1,0,0,NA,"N","NOT COLLISION W/MOTOR VEHICLE-TRANSPORT","RAIN","DARK - NOT LIGHTED","OAKVIEW DR & PARKWAY DR","NASHVILLE","MADISO",36.23731,-86.76502,"FIRE HYDRANT","37207","2018","February","Winter","01","Sunday","Weekend","No Injuries","No Fatalities"
9.97031183509611e-314,2018-02-11 02:00:00,4,0,0,NA,"Y","Front to Rear","RAIN","DARK - LIGHTED","CENTRAL PKE & TULIP GROVE RD","HERMITAGE","HERMIT",36.17248,-86.59511,"MOTOR VEHICLE IN TRANSPORT","37076","2018","February","Winter","02","Sunday","Weekend","No Injuries","No Fatalities"
9.97031183756644e-314,2018-02-11 01:50:00,2,0,0,NA,"Y","ANGLE","RAIN","DARK - LIGHTED","GALLATIN PKE & DELMAS AV","NASHVILLE","EAST",36.19883,-86.74108,"MOTOR VEHICLE IN TRANSPORT","37206","2018","February","Winter","01","Sunday","Weekend","No Injuries","No Fatalities"
9.97031183904864e-314,2018-02-11 02:00:00,1,0,0,NA,"N","NOT COLLISION W/MOTOR VEHICLE-TRANSPORT","RAIN","DARK - NOT LIGHTED","4TH AVS & I40 E EXT RAMP","NASHVILLE","SOUTH",36.15048,-86.77035,"UTILITY POLE;FENCE","37210","2018","February","Winter","02","Sunday","Weekend","No Injuries","No Fatalities"
9.97031188647894e-314,2018-02-11 02:59:00,1,1,0,NA,"N","NOT COLLISION W/MOTOR VEHICLE-TRANSPORT","RAIN","DARK - LIGHTED","CLIFTON AV & LENA ST","NASHVILLE","NORTH",36.15867,-86.81787,"CURB","37208","2018","February","Winter","02","Sunday","Weekend","Injuries","No Fatalities"
9.9703119057475e-314,2018-02-11 03:17:00,2,0,0,NA,"N","SIDESWIPE - SAME DIRECTION","RAIN","DARK - LIGHTED","MURFREESBORO PKE & LAKEVILLA DR","ANTIOCH","SOUTH",36.07685,-86.64107,"MOTOR VEHICLE IN TRANSPORT","37013","2018","February","Winter","03","Sunday","Weekend","No Injuries","No Fatalities"
9.97031191266442e-314,2018-02-11 03:35:00,5,0,0,NA,"N","Front to Rear","RAIN","DARK - LIGHTED","RURAL HILL RD & WATERSVIEW DR","NASHVILLE","HERMIT",36.08716,-86.62274,"PARKED MOTOR VEHICLE","37217","2018","February","Winter","03","Sunday","Weekend","No Injuries","No Fatalities"
9.97031191760507e-314,2018-02-11 03:45:00,2,0,0,NA,"N","SIDESWIPE - SAME DIRECTION","RAIN","DARK - LIGHTED","MM 207 1 I 40","NASHVILLE","NORTH",36.16978,-86.81018,"MOTOR VEHICLE IN TRANSPORT","37208","2018","February","Winter","03","Sunday","Weekend","No Injuries","No Fatalities"
9.97031191958134e-314,2018-02-11 03:47:00,1,0,0,NA,"N","NOT COLLISION W/MOTOR VEHICLE-TRANSPORT","RAIN","DARK - LIGHTED","LANE GARDEN APTS PVTDR & JOSEPH AV","NASHVILLE","EAST",36.18252,-86.77228,"TREE","37207","2018","February","Winter","03","Sunday","Weekend","No Injuries","No Fatalities"
9.9703119215576e-314,2018-02-11 03:48:00,2,0,0,NA,"Y","Front to Rear","RAIN","DARK - NOT LIGHTED","21ST AVS & GRAND AV","NASHVILLE","MIDTOW",36.14743,-86.79939,"MOTOR VEHICLE IN TRANSPORT","37212","2018","February","Winter","03","Sunday","Weekend","No Injuries","No Fatalities"
9.97031193390924e-314,2018-02-11 04:05:00,2,0,0,NA,"N","ANGLE","RAIN","Dark-Unknown Lighting","S 5TH ST & WOODLAND ST","NASHVILLE","EAST",36.17184,-86.76477,"MOTOR VEHICLE IN TRANSPORT","37206","2018","February","Winter","04","Sunday","Weekend","No Injuries","No Fatalities"
9.97031194922528e-314,2018-02-10 06:00:00,1,0,0,NA,"N","NOT COLLISION W/MOTOR VEHICLE-TRANSPORT","RAIN","DARK - LIGHTED","MM 207 2 I 40","NASHVILLE","NORTH",36.17014,-86.8076,"LUMINAIRE/LIGHT SUPPORT","37208","2018","February","Winter","06","Saturday","Weekend","No Injuries","No Fatalities"
9.97031195564813e-314,2018-02-10 06:00:00,2,0,0,NA,"N","ANGLE","RAIN","DARK - LIGHTED","OLD HICKORY BLVD & OCTOBER WOODS DR","ANTIOCH","SOUTH",36.00915,-86.62171,"MOTOR VEHICLE IN TRANSPORT","37013","2018","February","Winter","06","Saturday","Weekend","No Injuries","No Fatalities"
9.97031197788108e-314,2018-02-11 05:05:00,1,0,0,NA,"N","NOT COLLISION W/MOTOR VEHICLE-TRANSPORT","RAIN","DARK - LIGHTED","MM 193 0 I 40","NASHVILLE","WEST",36.07731,-87.01178,"OTHER OBJECT (NOT FIXED)","37221","2018","February","Winter","05","Sunday","Weekend","No Injuries","No Fatalities"
9.97031200011404e-314,2018-02-11 01:50:00,2,0,0,NA,"Y","Front to Rear","RAIN","DARK - LIGHTED","ROCKWOOD DR & SADDLESTONE DR","HERMITAGE","HERMIT",36.1766,-86.59647,"PARKED MOTOR VEHICLE","37076","2018","February","Winter","01","Sunday","Weekend","No Injuries","No Fatalities"
9.97031200307843e-314,2018-02-11 05:30:00,2,4,0,NA,"N","HEAD-ON","RAIN","DARK - LIGHTED","KAREN DR & BRILEY PKWY","NASHVILLE","HERMIT",36.13951,-86.70031,"MOTOR VEHICLE IN TRANSPORT","37217","2018","February","Winter","05","Sunday","Weekend","Injuries","No Fatalities"
9.97031203469863e-314,2018-02-11 05:59:00,2,0,0,NA,"Y","ANGLE","RAIN","DARK - LIGHTED","LAFAYETTE ST & 4TH AVS","NASHVILLE","CENTRA",36.1518,-86.77125,"MOTOR VEHICLE IN TRANSPORT","37210","2018","February","Winter","05","Sunday","Weekend","No Injuries","No Fatalities"
9.97031205050873e-314,2018-02-11 06:11:00,1,1,0,NA,"N","NOT COLLISION W/MOTOR VEHICLE-TRANSPORT","RAIN","DARK - NOT LIGHTED","EDMONDSON PKE & CLOVERLAND DR","NASHVILLE","MIDTOW",36.02817,-86.74401,"DITCH","37211","2018","February","Winter","06","Sunday","Weekend","Injuries","No Fatalities"
9.97031206928323e-314,2018-02-11 04:03:00,2,0,0,NA,"N","ANGLE","RAIN","DARK - LIGHTED","DUE WEST AVE & ARGLE AV","MADISON","MADISO",36.24763,-86.71568,"MOTOR VEHICLE IN TRANSPORT","37115","2018","February","Winter","04","Sunday","Weekend","No Injuries","No Fatalities"