"Accident.Number","Date.and.Time","Number.of.Motor.Vehicles","Number.of.Injuries","Number.of.Fatalities","Property.Damage","Hit.and.Run","Collision.Type.Description","Weather.Description","Illumination.Description","Street.Address","City","Precinct","Latitude","Longitude","HarmfulDescriptions","Zip.Code","Year","Month","Season","Hour","Weekday","DayType","Accident","Fatality_category"
9.97031207620015e-314,2018-02-11 06:34:00,2,0,0,NA,"N","ANGLE","RAIN","DARK - LIGHTED","9TH AVS & BROADWAY","NASHVILLE","CENTRA",36.15833,-86.7834,"MOTOR VEHICLE IN TRANSPORT","37203","2018","February","Winter","06","Sunday","Weekend","No Injuries","No Fatalities"
9.97031208805772e-314,2018-02-11 06:54:00,2,0,0,NA,"Y","ANGLE","RAIN","DARK - LIGHTED","BUENA VISTA PKE & AMES DR","NASHVILLE","NORTH",36.22492,-86.82243,"MOTOR VEHICLE IN TRANSPORT;DITCH","37207","2018","February","Winter","06","Sunday","Weekend","No Injuries","No Fatalities"
9.97031209546871e-314,2018-02-11 07:11:00,1,0,0,NA,"Y","NOT COLLISION W/MOTOR VEHICLE-TRANSPORT","RAIN","DARK - LIGHTED","2ND AVS & I40 E ENT RAMP","NASHVILLE","HERMIT",36.15118,-86.76826,"","37210","2018","February","Winter","07","Sunday","Weekend","No Injuries","No Fatalities"
9.97031210782035e-314,2018-02-11 07:26:00,2,1,0,NA,"N","ANGLE","RAIN","DARK - LIGHTED","DIVISION ST & 18TH AVS","NASHVILLE","MIDTOW",36.15125,-86.79432,"MOTOR VEHICLE IN TRANSPORT","37203","2018","February","Winter","07","Sunday","Weekend","Injuries","No Fatalities"
9.97031211621946e-314,2018-02-11 07:30:00,2,0,0,NA,"Y","SIDESWIPE - SAME DIRECTION","RAIN","DARK - LIGHTED","I40 E EXT RAMP & I 40","NASHVILLE","HERMIT",36.15587,-86.82699,"MOTOR VEHICLE IN TRANSPORT","37214","2018","February","Winter","07","Sunday","Weekend","No Injuries","No Fatalities"
9.97031212066605e-314,2018-02-11 07:24:00,2,0,0,NA,"Y","NOT COLLISION W/MOTOR VEHICLE-TRANSPORT","RAIN","DARK - LIGHTED","WILDGROVE DR & SUNNYVALE DR","ANTIOCH","SOUTH",36.03059,-86.58149,"PARKED MOTOR VEHICLE","37013","2018","February","Winter","07","Sunday","Weekend","No Injuries","No Fatalities"
9.97031212659484e-314,2018-02-11 03:30:00,1,0,0,NA,"Y","NOT COLLISION W/MOTOR VEHICLE-TRANSPORT","RAIN","UNKNOWN","BUFFALO RD & HUNTWICK TRL","NASHVILLE","WEST",36.09969,-86.98422,"TREE","37221","2018","February","Winter","03","Sunday","Weekend","No Injuries","No Fatalities"
9.97031213252363e-314,2018-02-11 06:54:00,1,0,0,NA,"N","NOT COLLISION W/MOTOR VEHICLE-TRANSPORT","RAIN","DARK - LIGHTED","BUENA VISTA PKE & AMES DR","NASHVILLE","NORTH",36.22492,-86.82243,"DITCH;FIRE HYDRANT;Ran Off Road-Right","37207","2018","February","Winter","06","Sunday","Weekend","No Injuries","No Fatalities"
9.97031216661416e-314,2018-02-11 08:48:00,1,1,0,NA,"N","NOT COLLISION W/MOTOR VEHICLE-TRANSPORT","RAIN","DARK - NOT LIGHTED","AMBERWOOD CIR & OLD HICKORY BLVD","NASHVILLE","WEST",36.08521,-86.92068,"DITCH","37205","2018","February","Winter","08","Sunday","Weekend","Injuries","No Fatalities"
9.97031217155482e-314,2018-02-11 08:55:00,1,1,0,NA,"N","NOT COLLISION W/MOTOR VEHICLE-TRANSPORT","RAIN","DARK - LIGHTED","HAYWOOD LN & I24 E EXT RAMP","NASHVILLE","SOUTH",36.06916,-86.6898,"GUARDRAIL FACE","37211","2018","February","Winter","08","Sunday","Weekend","Injuries","No Fatalities"
9.9703121789658e-314,2018-02-11 07:40:00,1,0,0,NA,"N","NOT COLLISION W/MOTOR VEHICLE-TRANSPORT","RAIN","DARK - LIGHTED","STOCKELL ST & BERRY ST","NASHVILLE","EAST",36.18177,-86.77035,"FENCE","37207","2018","February","Winter","07","Sunday","Weekend","No Injuries","No Fatalities"
9.97031219675216e-314,2018-02-11 06:00:00,1,0,0,NA,"N","NOT COLLISION W/MOTOR VEHICLE-TRANSPORT","RAIN","DARK - LIGHTED","BURKITT RD & WHITTEMORE LN","NOLENSVILLE","SOUTH",35.99078,-86.64146,"","37135","2018","February","Winter","06","Sunday","Weekend","No Injuries","No Fatalities"
9.97031222738423e-314,2018-02-11 10:16:00,2,0,0,NA,"N","Front to Rear","RAIN","DARK - LIGHTED","MURFREESBORO PKE & KERMIT DR","NASHVILLE","SOUTH",36.12164,-86.70461,"MOTOR VEHICLE IN TRANSPORT","37217","2018","February","Winter","10","Sunday","Weekend","No Injuries","No Fatalities"
9.97031223232489e-314,2018-02-11 10:22:00,1,0,0,NA,"Y","NOT COLLISION W/MOTOR VEHICLE-TRANSPORT","RAIN","DARK - LIGHTED","BELL RD & LINCOYA BAY DR","NASHVILLE","HERMIT",36.1443,-86.62642,"MAIL BOX;Ran Off Road-Right","37214","2018","February","Winter","10","Sunday","Weekend","No Injuries","No Fatalities"
9.97031226740355e-314,2018-02-11 10:45:00,3,0,0,NA,"N","ANGLE","RAIN","Dark-Unknown Lighting","LINBAR DR & MARGO LN","NASHVILLE","SOUTH",36.08038,-86.6978,"MOTOR VEHICLE IN TRANSPORT;PARKED MOTOR VEHICLE","37211","2018","February","Winter","10","Sunday","Weekend","No Injuries","No Fatalities"
9.97031227135608e-314,2018-02-11 11:21:00,2,0,0,NA,"Y","ANGLE","RAIN","DARK - LIGHTED","SPRING ST & I24 W EXT RAMP","NASHVILLE","EAST",36.17653,-86.76986,"MOTOR VEHICLE IN TRANSPORT","37213","2018","February","Winter","11","Sunday","Weekend","No Injuries","No Fatalities"
9.97031289239659e-314,2018-02-12 01:57:00,1,1,0,NA,"N","UNKNOWN","RAIN","DARK - LIGHTED","MM 55 6 I 24","NASHVILLE","SOUTH",36.08681,-86.70075,"UNKNOWN MOST HARMFUL EVENT","37211","2018","February","Winter","01","Monday","Weekday","Injuries","No Fatalities"
9.97032073223026e-314,2018-02-16 12:59:00,2,0,0,NA,"N","Front to Rear","RAIN","DAYLIGHT","MM 37 8 I 24","WHITES CREEK","NORTH",36.30899,-86.82408,"MOTOR VEHICLE IN TRANSPORT","37189","2018","February","Winter","12","Friday","Weekday","No Injuries","No Fatalities"
9.97031336867588e-314,2018-02-12 09:35:00,1,0,0,NA,"N","NOT COLLISION W/MOTOR VEHICLE-TRANSPORT","RAIN","DARK - LIGHTED","GALLATIN PKEN & RIVERGATE PKWY","MADISON","MADISO",36.29807,-86.69822,"PAVED SURFACE-IRREGULAR","37115","2018","February","Winter","09","Monday","Weekday","No Injuries","No Fatalities"
9.97032083104339e-314,2018-02-16 06:00:00,1,0,0,NA,"Y","NOT COLLISION W/MOTOR VEHICLE-TRANSPORT","RAIN","DAYLIGHT","MELROSE AV & WINFORD AV","NASHVILLE","MIDTOW",36.11909,-86.75528,"UTILITY POLE;DITCH","37204","2018","February","Winter","06","Friday","Weekday","No Injuries","No Fatalities"
9.97032093529124e-314,2018-02-16 06:00:00,2,1,0,NA,"N","Front to Rear","RAIN","DAYLIGHT","MM 44 6 I 24","NASHVILLE","NORTH",36.22717,-86.77877,"MOTOR VEHICLE IN TRANSPORT","37207","2018","February","Winter","06","Friday","Weekday","Injuries","No Fatalities"
9.97031406086185e-314,2018-02-11 01:00:00,2,0,0,NA,"Y","SIDESWIPE - OPPOSITE DIRECTION","RAIN","DARK - NOT LIGHTED","10TH AVN & JANE ST","NASHVILLE","NORTH",36.17948,-86.80197,"PARKED MOTOR VEHICLE","37208","2018","February","Winter","01","Sunday","Weekend","No Injuries","No Fatalities"
9.97032204545675e-314,2018-02-18 07:15:00,1,0,0,NA,"N","NOT COLLISION W/MOTOR VEHICLE-TRANSPORT","RAIN","DARK - LIGHTED","MM 211 4 I 40","NASHVILLE","HERMIT",36.15194,-86.75306,"PAVED SURFACE-IRREGULAR","37210","2018","February","Winter","07","Sunday","Weekend","No Injuries","No Fatalities"
9.97032217737228e-314,2018-02-17 09:38:00,1,1,0,NA,"N","NOT COLLISION W/MOTOR VEHICLE-TRANSPORT","RAIN","DARK - NOT LIGHTED","I24 E EXT RAMP & I 24","NASHVILLE","NORTH",36.13588,-86.72747,"WALL","37207","2018","February","Winter","09","Saturday","Weekend","Injuries","No Fatalities"
9.97032224011861e-314,2018-02-17 11:22:00,2,1,0,NA,"N","Front to Rear","RAIN","DARK - LIGHTED","I40 E EXT RAMP & I 40","NASHVILLE","HERMIT",36.1663,-86.61178,"MOTOR VEHICLE IN TRANSPORT;SHRUBBERY;TREE","37214","2018","February","Winter","11","Saturday","Weekend","Injuries","No Fatalities"
9.97032224258894e-314,2018-02-17 06:00:00,1,0,0,NA,"Y","UNKNOWN","RAIN","Dark-Unknown Lighting","PARAGON MILLS RD & BENITA DR","NASHVILLE","SOUTH",36.08872,-86.71729,"UNKNOWN MOST HARMFUL EVENT","37211","2018","February","Winter","06","Saturday","Weekend","No Injuries","No Fatalities"
9.97032225395245e-314,2018-02-17 11:55:00,1,0,0,NA,"N","NOT COLLISION W/MOTOR VEHICLE-TRANSPORT","RAIN","DAYLIGHT","MM 220 2 I 40","HERMITAGE","HERMIT",36.16619,-86.61264,"GUARDRAIL FACE;Ran Off Road-Right","37076","2018","February","Winter","11","Saturday","Weekend","No Injuries","No Fatalities"
9.9703222949599e-314,2018-02-17 11:00:00,2,0,0,NA,"Y","Front to Rear","RAIN","DAYLIGHT","HOBSON PKE & MURFREESBORO PKE","ANTIOCH","SOUTH",36.04285,-86.60655,"MOTOR VEHICLE IN TRANSPORT","37013","2018","February","Winter","11","Saturday","Weekend","No Injuries","No Fatalities"
9.97032231373439e-314,2018-02-17 09:50:00,2,0,0,NA,"Y","Front to Rear","RAIN","DARK - LIGHTED","2ND AVS & CAMERON ST","NASHVILLE","SOUTH",36.14839,-86.76644,"MOTOR VEHICLE IN TRANSPORT","37210","2018","February","Winter","09","Saturday","Weekend","No Injuries","No Fatalities"
9.97032233300295e-314,2018-02-17 12:30:00,2,0,0,NA,"Y","ANGLE","RAIN","DAYLIGHT","200 GROVEDALE TRC","ANTIOCH","SOUTH",36.05385,-86.60628,"PARKED MOTOR VEHICLE","37013","2018","February","Winter","12","Saturday","Weekend","No Injuries","No Fatalities"
9.97032236165876e-314,2018-02-17 06:00:00,2,0,0,NA,"N","SIDESWIPE - SAME DIRECTION","RAIN","UNKNOWN","4TH AVN & CHARLOTTE AV","NASHVILLE","CENTRA",36.16635,-86.78069,"MOTOR VEHICLE IN TRANSPORT","37201","2018","February","Winter","06","Saturday","Weekend","No Injuries","No Fatalities"
9.97032248171671e-314,2018-02-17 06:00:00,1,0,0,NA,"N","NOT COLLISION W/MOTOR VEHICLE-TRANSPORT","RAIN","OTHER","MM 208 9 I 40","NASHVILLE","CENTRA",36.15857,-86.79133,"WALL","37203","2018","February","Winter","06","Saturday","Weekend","No Injuries","No Fatalities"
9.97032253062921e-314,2018-02-17 06:00:00,2,0,0,NA,"N","SIDESWIPE - SAME DIRECTION","RAIN","OTHER","S 1ST ST & WOODLAND ST","NASHVILLE","CENTRA",36.16905,-86.77224,"MOTOR VEHICLE IN TRANSPORT","37213","2018","February","Winter","06","Saturday","Weekend","No Injuries","No Fatalities"
9.97032280780004e-314,2018-02-18 00:15:00,4,1,0,NA,"N","Front to Rear","RAIN","DARK - LIGHTED","BRILEY PKWYS & BRILEY PKWYN","NASHVILLE","NORTH",36.21182,-86.69147,"MOTOR VEHICLE IN TRANSPORT","37218","2018","February","Winter","00","Sunday","Weekend","Injuries","No Fatalities"
9.97032290661317e-314,2018-02-18 01:29:00,2,2,0,NA,"N","ANGLE","RAIN","DARK - LIGHTED","SHEPHERD HILLS DR & GALLATIN PKEN","GOODLETTSVILLE","MADISO",36.30077,-86.69482,"MOTOR VEHICLE IN TRANSPORT","37072","2018","February","Winter","01","Sunday","Weekend","Injuries","No Fatalities"
9.97032293477491e-314,2018-02-18 00:45:00,3,0,0,NA,"N","Front to Rear","RAIN","DUSK","BRILEY PKWY S ENT RAMP & BRILEY PKWYS","NASHVILLE","SOUTH",36.11776,-86.70207,"MOTOR VEHICLE IN TRANSPORT","37217","2018","February","Winter","00","Sunday","Weekend","No Injuries","No Fatalities"
9.97032305730319e-314,2018-02-18 01:30:00,2,0,0,NA,"N","SIDESWIPE - SAME DIRECTION","RAIN","DARK - LIGHTED","CONFERENCE DR & THE SHOPPES AT RIVERGATE","MADISON","MADISO",36.3048,-86.69316,"MOTOR VEHICLE IN TRANSPORT","37115","2018","February","Winter","01","Sunday","Weekend","No Injuries","No Fatalities"
9.97031698573047e-314,2018-02-14 08:27:00,2,0,1,NA,"Y","ANGLE","RAIN","DARK - LIGHTED","GALLATIN PKEN & ANDERSON LN","MADISON","MADISO",36.27344,-86.71004,"MOTOR VEHICLE IN TRANSPORT","37115","2018","February","Winter","08","Wednesday","Weekday","No Injuries","With Fatalities"
9.97031700203464e-314,2018-02-14 08:48:00,2,5,0,NA,"N","ANGLE","RAIN","DARK - LIGHTED","CHARLOTTE AV & 17TH AVN","NASHVILLE","MIDTOW",36.15881,-86.79816,"MOTOR VEHICLE IN TRANSPORT","37203","2018","February","Winter","08","Wednesday","Weekday","Injuries","No Fatalities"
9.97031720213122e-314,2018-02-14 12:43:00,2,0,0,NA,"N","Front to Rear","RAIN","DAYLIGHT","MM 213 9 I 40","NASHVILLE","HERMIT",36.14151,-86.71546,"MOTOR VEHICLE IN TRANSPORT","37217","2018","February","Winter","12","Wednesday","Weekday","No Injuries","No Fatalities"
9.97031720311935e-314,2018-02-14 12:38:00,3,0,0,NA,"N","ANGLE","RAIN","DAYLIGHT","TROUSDALE DR & BRAMBLEWOOD DR","NASHVILLE","MIDTOW",36.0734,-86.75914,"MOTOR VEHICLE IN TRANSPORT","37220","2018","February","Winter","12","Wednesday","Weekday","No Injuries","No Fatalities"
9.9703172125066e-314,2018-02-14 12:53:00,2,0,0,NA,"N","Front to Rear","RAIN","DAYLIGHT","MM 88 6 I 65","NASHVILLE","EAST",36.22485,-86.7745,"MOTOR VEHICLE IN TRANSPORT","37207","2018","February","Winter","12","Wednesday","Weekday","No Injuries","No Fatalities"
9.97031738740584e-314,2018-02-14 06:00:00,2,0,0,NA,"Y","UNKNOWN","RAIN","DAYLIGHT","CRYSTAL SPRING LN & SEVILLE DR","HERMITAGE","HERMIT",36.17271,-86.61294,"PARKED MOTOR VEHICLE;Motor Vehicle-In-Motion Outside Trafficw","37076","2018","February","Winter","06","Wednesday","Weekday","No Injuries","No Fatalities"
9.97031788344775e-314,2018-02-14 06:00:00,2,1,0,NA,"Y","Front to Rear","RAIN","DAYLIGHT","NOLENSVILLE PKE & MORTON AV","NASHVILLE","SOUTH",36.10637,-86.74288,"MOTOR VEHICLE IN TRANSPORT","37211","2018","February","Winter","06","Wednesday","Weekday","Injuries","No Fatalities"
9.97033274049578e-314,2018-02-24 01:58:00,3,3,0,NA,"N","SIDESWIPE - OPPOSITE DIRECTION","RAIN","DARK - NOT LIGHTED","GALLATIN PKES & GALLATIN PKE","MADISON","MADISO",36.24158,-86.72331,"MOTOR VEHICLE IN TRANSPORT","37115","2018","February","Winter","01","Saturday","Weekend","Injuries","No Fatalities"
9.97033288871548e-314,2018-02-24 03:40:00,1,0,0,NA,"N","NOT COLLISION W/MOTOR VEHICLE-TRANSPORT","RAIN","DARK - NOT LIGHTED","BRICK CHURCH PKE & CHESAPEAKE DR","NASHVILLE","MADISO",36.24586,-86.77951,"DITCH","37207","2018","February","Winter","03","Saturday","Weekend","No Injuries","No Fatalities"
9.97033289217394e-314,2018-02-24 03:42:00,1,1,0,NA,"N","NOT COLLISION W/MOTOR VEHICLE-TRANSPORT","RAIN","DARK - LIGHTED","MURFREESBORO PKE & HURRICANE CREEK BLVD","ANTIOCH","SOUTH",36.03075,-86.59318,"DITCH","37013","2018","February","Winter","03","Saturday","Weekend","Injuries","No Fatalities"
9.97033290946623e-314,2018-02-24 03:42:00,2,0,0,NA,"N","Front to Rear","RAIN","DARK - LIGHTED","GALLATIN PKES & E OLD HICKORY BLVD","MADISON","MADISO",36.26221,-86.71221,"MOTOR VEHICLE IN TRANSPORT","37115","2018","February","Winter","03","Saturday","Weekend","No Injuries","No Fatalities"
9.97033299592772e-314,2018-02-23 06:00:00,2,0,0,NA,"Y","UNKNOWN","RAIN","DARK - LIGHTED","LEA AV & 2ND AVS","NASHVILLE","CENTRA",36.15561,-86.77101,"MOTOR VEHICLE IN TRANSPORT;PARKED MOTOR VEHICLE","37210","2018","February","Winter","06","Friday","Weekday","No Injuries","No Fatalities"
9.97033306312065e-314,2018-02-24 05:38:00,2,0,0,NA,"N","ANGLE","RAIN","DARK - LIGHTED","8TH AVS & LAFAYETTE ST","NASHVILLE","CENTRA",36.15448,-86.77943,"MOTOR VEHICLE IN TRANSPORT-OTHER ROADWAY","37203","2018","February","Winter","05","Saturday","Weekend","No Injuries","No Fatalities"
9.9703331041281e-314,2018-02-24 06:35:00,2,1,0,NA,"N","SIDESWIPE - SAME DIRECTION","RAIN","DARK - LIGHTED","MM 3 1 I 440","NASHVILLE","MIDTOW",36.11876,-86.80152,"MOTOR VEHICLE IN TRANSPORT;LUMINAIRE/LIGHT SUPPORT;EMBANKMENT EARTH","37215","2018","February","Winter","06","Saturday","Weekend","Injuries","No Fatalities"
9.97033310511623e-314,2018-02-23 06:00:00,1,1,0,NA,"Y","NOT COLLISION W/MOTOR VEHICLE-TRANSPORT","RAIN","DARK - NOT LIGHTED","BRICK CHURCH PKE & NORTHBROOK DR","NASHVILLE","MADISO",36.2504,-86.77661,"Ran Off Road-Right;PEDESTRIAN","37207","2018","February","Winter","06","Friday","Weekday","Injuries","No Fatalities"
9.97033319256585e-314,2018-02-24 07:54:00,3,4,0,NA,"N","Front to Rear","RAIN","DARK - LIGHTED","MM 79 2 I 65","NASHVILLE","MIDTOW",36.10194,-86.76527,"MOTOR VEHICLE IN TRANSPORT","37204","2018","February","Winter","07","Saturday","Weekend","Injuries","No Fatalities"
9.97033319454211e-314,2018-02-24 07:50:00,1,0,0,NA,"N","NOT COLLISION W/MOTOR VEHICLE-TRANSPORT","RAIN","DARK - LIGHTED","MM 87 7 I 65","NASHVILLE","EAST",36.21108,-86.77574,"UTILITY POLE;Other Traffic Barrier","37207","2018","February","Winter","07","Saturday","Weekend","No Injuries","No Fatalities"
9.97033319997683e-314,2018-02-24 08:00:00,1,2,0,NA,"N","NOT COLLISION W/MOTOR VEHICLE-TRANSPORT","RAIN","DARK - NOT LIGHTED","MM 42 0 I 24","WHITES CREEK","NORTH",36.25814,-86.78734,"","37189","2018","February","Winter","08","Saturday","Weekend","Injuries","No Fatalities"
9.97033322813858e-314,2018-02-24 06:00:00,1,1,0,NA,"Y","NOT COLLISION W/MOTOR VEHICLE-TRANSPORT","RAIN","DARK - LIGHTED","OCALA DR & WESSEX DR","NASHVILLE","SOUTH",36.05236,-86.70843,"","37211","2018","February","Winter","06","Saturday","Weekend","Injuries","No Fatalities"
9.97033330620095e-314,2018-02-24 06:00:00,1,0,0,NA,"Y","NOT COLLISION W/MOTOR VEHICLE-TRANSPORT","RAIN","DARK - LIGHTED","MM 92 1 I 65","MADISON","MADISO",36.2623,-86.73801,"DITCH","37115","2018","February","Winter","06","Saturday","Weekend","No Injuries","No Fatalities"
9.97033338772178e-314,2018-02-24 10:00:00,1,0,0,NA,"N","NOT COLLISION W/MOTOR VEHICLE-TRANSPORT","RAIN","DARK - NOT LIGHTED","MT VIEW RD & BABY RUTH LN","ANTIOCH","SOUTH",36.04282,-86.6394,"TREE","37013","2018","February","Winter","10","Saturday","Weekend","No Injuries","No Fatalities"
9.97033428741532e-314,2018-02-25 04:22:00,2,1,0,NA,"N","Front to Rear","RAIN","DARK - LIGHTED","MAIN ST & N 7TH ST","NASHVILLE","EAST",36.17442,-86.76121,"MOTOR VEHICLE IN TRANSPORT","37206","2018","February","Winter","04","Sunday","Weekend","Injuries","No Fatalities"
9.97033428939158e-314,2018-02-25 04:15:00,2,0,0,NA,"N","SIDESWIPE - SAME DIRECTION","RAIN","DARK - LIGHTED","8TH AVS & PALMER PL","NASHVILLE","CENTRA",36.15448,-86.77947,"MOTOR VEHICLE IN TRANSPORT","37203","2018","February","Winter","04","Sunday","Weekend","No Injuries","No Fatalities"
9.97033428988565e-314,2018-02-25 04:26:00,2,0,0,NA,"N","Front to Rear","RAIN","DARK - LIGHTED","MM 80 4 I 65","NASHVILLE","MIDTOW",36.11948,-86.77354,"MOTOR VEHICLE IN TRANSPORT","37204","2018","February","Winter","04","Sunday","Weekend","No Injuries","No Fatalities"
9.97033432397618e-314,2018-02-25 05:06:00,2,2,0,NA,"Y","SIDESWIPE - OPPOSITE DIRECTION","RAIN","DARK - LIGHTED","NOLENSVILLE PKE & PEACHTREE ST","NASHVILLE","SOUTH",36.12053,-86.75002,"MOTOR VEHICLE IN TRANSPORT","37210","2018","February","Winter","05","Sunday","Weekend","Injuries","No Fatalities"
9.97033434225661e-314,2018-02-25 05:21:00,1,0,0,NA,"N","NOT COLLISION W/MOTOR VEHICLE-TRANSPORT","RAIN","DARK - LIGHTED","MM 57 6 I 24","ANTIOCH","SOUTH",36.06295,-86.68266,"","37013","2018","February","Winter","05","Sunday","Weekend","No Injuries","No Fatalities"
9.97033435016166e-314,2018-02-25 05:30:00,1,0,0,NA,"N","NOT COLLISION W/MOTOR VEHICLE-TRANSPORT","RAIN","DARK - NOT LIGHTED","MM 198 2 I 40","NASHVILLE","WEST",36.10091,-86.93452,"Ran Off Road-Right;EMBANKMENT ROCK/STONE/CONCRETE","37221","2018","February","Winter","05","Sunday","Weekend","No Injuries","No Fatalities"
9.97033436547769e-314,2018-02-25 05:36:00,3,1,0,NA,"Y","SIDESWIPE - SAME DIRECTION","RAIN","DARK - NOT LIGHTED","MM 58 0 I 24","ANTIOCH","SOUTH",36.05896,-86.67852,"MOTOR VEHICLE IN TRANSPORT","37013","2018","February","Winter","05","Sunday","Weekend","Injuries","No Fatalities"
9.97033437091241e-314,2018-02-25 05:45:00,1,1,0,NA,"N","NOT COLLISION W/MOTOR VEHICLE-TRANSPORT","RAIN","DARK - LIGHTED","MM 57 7 I 24","ANTIOCH","SOUTH",36.06173,-86.6817,"WALL","37013","2018","February","Winter","05","Sunday","Weekend","Injuries","No Fatalities"
9.97033437387681e-314,2018-02-24 06:00:00,1,0,0,NA,"N","NOT COLLISION W/MOTOR VEHICLE-TRANSPORT","RAIN","DARK - LIGHTED","MM 57 6 I 24","ANTIOCH","SOUTH",36.06196,-86.68193,"DITCH","37013","2018","February","Winter","06","Saturday","Weekend","No Injuries","No Fatalities"
9.97033438079373e-314,2018-02-25 05:45:00,2,0,0,NA,"Y","ANGLE","RAIN","DARK - LIGHTED","E TRINITY LN & LISCHEY AV","NASHVILLE","EAST",36.20537,-86.76118,"MOTOR VEHICLE IN TRANSPORT;UTILITY POLE","37207","2018","February","Winter","05","Sunday","Weekend","No Injuries","No Fatalities"
9.97033438425219e-314,2018-02-25 03:35:00,2,0,0,NA,"Y","Front to Rear","RAIN","DARK - LIGHTED","ALABAMA AV & 45TH AVN","NASHVILLE","WEST",36.15332,-86.8415,"MOTOR VEHICLE IN TRANSPORT","37209","2018","February","Winter","03","Sunday","Weekend","No Injuries","No Fatalities"
9.97033438622845e-314,2018-02-25 05:54:00,2,2,0,NA,"N","Front to Rear","RAIN","DARK - LIGHTED","HIGHWAY 70S & COLEY DAVIS RD","NASHVILLE","WEST",36.07957,-86.95351,"MOTOR VEHICLE IN TRANSPORT","37221","2018","February","Winter","05","Sunday","Weekend","Injuries","No Fatalities"
9.97033438771065e-314,2018-02-25 05:55:00,2,0,0,NA,"N","ANGLE","RAIN","DARK - LIGHTED","I24 E ENT RAMP & I 24","NASHVILLE","CENTRA",36.04463,-86.6595,"MOTOR VEHICLE IN TRANSPORT;GUARDRAIL FACE","37213","2018","February","Winter","05","Sunday","Weekend","No Injuries","No Fatalities"
9.97033440006229e-314,2018-02-25 01:00:00,1,0,0,NA,"Y","NOT COLLISION W/MOTOR VEHICLE-TRANSPORT","RAIN","DARK - LIGHTED","LEBANON PKE & ANDREW JACKSON PKWY","HERMITAGE","HERMIT",36.215,-86.59057,"OTHER FIXED OBJECTS","37076","2018","February","Winter","01","Sunday","Weekend","No Injuries","No Fatalities"
9.97033441488426e-314,2018-02-25 06:26:00,2,0,0,NA,"N","Front to Rear","RAIN","DARK - LIGHTED","NOLENSVILLE PKE & ZOO RD","NASHVILLE","MIDTOW",36.08879,-86.7323,"MOTOR VEHICLE IN TRANSPORT","37211","2018","February","Winter","06","Sunday","Weekend","No Injuries","No Fatalities"
9.97033441834272e-314,2018-02-25 06:30:00,2,0,0,NA,"Y","SIDESWIPE - SAME DIRECTION","RAIN","DARK - LIGHTED","HILLSIDE AV & WADE AV","NASHVILLE","MIDTOW",36.13559,-86.78387,"MOTOR VEHICLE IN TRANSPORT","37203","2018","February","Winter","06","Sunday","Weekend","No Injuries","No Fatalities"
9.97033442328337e-314,2018-02-25 06:00:00,2,0,0,NA,"Y","SIDESWIPE - SAME DIRECTION","RAIN","DARK - NOT LIGHTED","RIVER RD & RIVER RD PVT DR","NASHVILLE","WEST",36.13015,-86.9137,"MOTOR VEHICLE IN TRANSPORT","37209","2018","February","Winter","06","Sunday","Weekend","No Injuries","No Fatalities"
9.9703344287181e-314,2018-02-25 03:49:00,3,0,0,NA,"Y","Front to Rear","RAIN","DARK - LIGHTED","MURFREESBORO PKE & FOREST VIEW DR","ANTIOCH","SOUTH",36.06741,-86.63125,"MOTOR VEHICLE IN TRANSPORT","37013","2018","February","Winter","03","Sunday","Weekend","No Injuries","No Fatalities"
9.97033447071368e-314,2018-02-25 07:07:00,2,1,0,NA,"N","ANGLE","RAIN","DARK - LIGHTED","MM 53 0 I 24","NASHVILLE","SOUTH",36.11885,-86.72643,"MOTOR VEHICLE IN TRANSPORT","37210","2018","February","Winter","07","Sunday","Weekend","Injuries","No Fatalities"
9.97033448751191e-314,2018-02-25 07:35:00,1,1,0,NA,"N","NOT COLLISION W/MOTOR VEHICLE-TRANSPORT","RAIN","DARK - LIGHTED","HAYWOOD LN & CHAMBERS DR","NASHVILLE","SOUTH",36.06838,-86.70722,"UTILITY POLE","37211","2018","February","Winter","07","Sunday","Weekend","Injuries","No Fatalities"
9.97033449294663e-314,2018-02-25 07:39:00,2,0,0,NA,"Y","SIDESWIPE - SAME DIRECTION","RAIN","DARK - LIGHTED","2ND AVN & BANK ST","NASHVILLE","CENTRA",36.16513,-86.77725,"MOTOR VEHICLE IN TRANSPORT","37201","2018","February","Winter","07","Sunday","Weekend","No Injuries","No Fatalities"
9.97033449393476e-314,2018-02-25 07:37:00,2,1,0,NA,"N","ANGLE","RAIN","DARK - LIGHTED","4TH AVS & SYMPHONY PL","NASHVILLE","CENTRA",36.15961,-86.77629,"MOTOR VEHICLE IN TRANSPORT","37203","2018","February","Winter","07","Sunday","Weekend","Injuries","No Fatalities"
9.97033450134575e-314,2018-02-25 07:31:00,2,0,0,NA,"N","Front to Rear","RAIN","DARK - NOT LIGHTED","MM 221 2 I 40","HERMITAGE","HERMIT",36.16992,-86.59336,"MOTOR VEHICLE IN TRANSPORT;CONCRETE TRAFFIC BARRIER","37076","2018","February","Winter","07","Sunday","Weekend","No Injuries","No Fatalities"
9.97033453346001e-314,2018-02-25 06:44:00,2,0,0,NA,"N","ANGLE","RAIN","DARK - LIGHTED","CROSSINGS BLVD & MT VIEW RD","ANTIOCH","SOUTH",36.04548,-86.64729,"MOTOR VEHICLE IN TRANSPORT","37013","2018","February","Winter","06","Sunday","Weekend","No Injuries","No Fatalities"