"Accident.Number","Date.and.Time","Number.of.Motor.Vehicles","Number.of.Injuries","Number.of.Fatalities","Property.Damage","Hit.and.Run","Collision.Type.Description","Weather.Description","Illumination.Description","Street.Address","City","Precinct","Latitude","Longitude","HarmfulDescriptions","Zip.Code","Year","Month","Season","Hour","Weekday","DayType","Accident","Fatality_category"
9.97037723654191e-314,2018-03-24 05:30:00,2,3,0,NA,"N","ANGLE","RAIN","DARK - LIGHTED","EWING DR & BRICK CHURCH PKE","NASHVILLE","MADISO",36.2316,-86.78152,"MOTOR VEHICLE IN TRANSPORT","37207","2018","March","Spring","05","Saturday","Weekend","Injuries","No Fatalities"
9.97037723802411e-314,2018-03-24 05:17:00,2,1,0,NA,"Y","Front to Rear","RAIN","DARK - NOT LIGHTED","BRICK CHURCH PKE & I65 S EXT RAMP","NASHVILLE","NORTH",36.20755,-86.77779,"MOTOR VEHICLE IN TRANSPORT","37207","2018","March","Spring","05","Saturday","Weekend","Injuries","No Fatalities"
9.97037724790542e-314,2018-03-24 05:46:00,1,0,0,NA,"Y","NOT COLLISION W/MOTOR VEHICLE-TRANSPORT","RAIN","DARK - LIGHTED","MM 204 9 I 40","NASHVILLE","WEST",36.15397,-86.84084,"CONCRETE TRAFFIC BARRIER","37209","2018","March","Spring","05","Saturday","Weekend","No Injuries","No Fatalities"
9.97037725531641e-314,2018-03-24 05:54:00,2,1,0,NA,"N","Front to Rear","RAIN","DARK - LIGHTED","MM 81 7 I 65","NASHVILLE","MIDTOW",36.1382,-86.77593,"MOTOR VEHICLE IN TRANSPORT","37203","2018","March","Spring","05","Saturday","Weekend","Injuries","No Fatalities"
9.9703772612452e-314,2018-03-24 05:59:00,2,0,0,NA,"Y","Front to Rear","RAIN","DARK - LIGHTED","CLARKSVILLE PKE & CLIFF DR","NASHVILLE","NORTH",36.1926,-86.8295,"MOTOR VEHICLE IN TRANSPORT","37218","2018","March","Spring","05","Saturday","Weekend","No Injuries","No Fatalities"
9.97037726618585e-314,2018-03-24 06:03:00,3,1,0,NA,"N","Front to Rear","RAIN","DARK - NOT LIGHTED","MM 87 3 I 65","NASHVILLE","EAST",36.20597,-86.77636,"MOTOR VEHICLE IN TRANSPORT","37207","2018","March","Spring","06","Saturday","Weekend","Injuries","No Fatalities"
9.97037734721262e-314,2018-03-24 06:01:00,3,1,0,NA,"N","Front to Rear","RAIN","DARK - NOT LIGHTED","PORTLAND AV & 19TH AVS","NASHVILLE","MIDTOW",36.13301,-86.7987,"MOTOR VEHICLE IN TRANSPORT;PARKED MOTOR VEHICLE;OTHER POST, POLE, SUPP.;Set In Motion By Motor Vehicle;Ran Off Road-Right","37212","2018","March","Spring","06","Saturday","Weekend","Injuries","No Fatalities"
9.97037735709393e-314,2018-03-24 07:49:00,1,1,0,NA,"N","NOT COLLISION W/MOTOR VEHICLE-TRANSPORT","RAIN","DARK - NOT LIGHTED","MM 200 6 I 40","NASHVILLE","WEST",36.12623,-86.90386,"GUARDRAIL FACE","37209","2018","March","Spring","07","Saturday","Weekend","Injuries","No Fatalities"
9.97037738327941e-314,2018-03-24 08:32:00,1,2,0,NA,"N","NOT COLLISION W/MOTOR VEHICLE-TRANSPORT","RAIN","DARK - LIGHTED","0 I 65","NASHVILLE","NORTH",36.28237,-86.73136,"Other Traffic Barrier","37207","2018","March","Spring","08","Saturday","Weekend","Injuries","No Fatalities"
9.97037768811791e-314,2018-03-24 05:00:00,1,0,0,NA,"N","NOT COLLISION W/MOTOR VEHICLE-TRANSPORT","RAIN","DARK - NOT LIGHTED","BLACKPOOL DR & SUGAR MAGNOLIA LN","ANTIOCH","SOUTH",36.02504,-86.69054,"FENCE","37013","2018","March","Spring","05","Saturday","Weekend","No Injuries","No Fatalities"
9.97038426610792e-314,2018-03-29 00:10:00,1,1,0,NA,"N","NOT COLLISION W/MOTOR VEHICLE-TRANSPORT","RAIN","DARK - LIGHTED","I40 E ENT RAMP & I 24","NASHVILLE","SOUTH",36.13782,-86.72649,"CONCRETE TRAFFIC BARRIER","37217","2018","March","Spring","00","Thursday","Weekday","Injuries","No Fatalities"
9.97038428438835e-314,2018-03-29 00:18:00,2,0,0,NA,"Y","ANGLE","RAIN","DAYLIGHT","E OLD HICKORY BLVD & LARKIN SPRINGS RD","MADISON","MADISO",36.26262,-86.68438,"MOTOR VEHICLE IN TRANSPORT","37115","2018","March","Spring","00","Thursday","Weekday","No Injuries","No Fatalities"
9.97038430019845e-314,2018-03-29 00:45:00,3,0,0,NA,"N","ANGLE","RAIN","DARK - LIGHTED","OLD HICKORY BLVD & ANDREW JACKSON PKWY","HERMITAGE","HERMIT",36.18365,-86.61066,"MOTOR VEHICLE IN TRANSPORT","37076","2018","March","Spring","00","Thursday","Weekday","No Injuries","No Fatalities"
9.97038430513911e-314,2018-03-28 05:00:00,2,0,0,NA,"Y","SIDESWIPE - SAME DIRECTION","RAIN","DARK - LIGHTED","MM 47 2 I 24","NASHVILLE","EAST",36.18485,-86.77572,"MOTOR VEHICLE IN TRANSPORT","37207","2018","March","Spring","05","Wednesday","Weekday","No Injuries","No Fatalities"
9.9703843081035e-314,2018-03-29 00:45:00,2,0,0,NA,"N","Front to Rear","RAIN","DARK - LIGHTED","GALLATIN AV & FORREST AV","NASHVILLE","EAST",36.17912,-86.75045,"PARKED MOTOR VEHICLE","37206","2018","March","Spring","00","Thursday","Weekday","No Injuries","No Fatalities"
9.97038435158128e-314,2018-03-28 05:00:00,2,0,0,NA,"N","Front to Rear","RAIN","Dark-Unknown Lighting","CORNISH DR & CAPPS DR","NASHVILLE","NORTH",36.23069,-86.7859,"MOTOR VEHICLE IN TRANSPORT","37207","2018","March","Spring","05","Wednesday","Weekday","No Injuries","No Fatalities"
9.97038435899226e-314,2018-03-29 01:05:00,2,0,0,NA,"Y","SIDESWIPE - SAME DIRECTION","RAIN","DARK - LIGHTED","LEBANON PKE & MCGAVOCK PKE","NASHVILLE","HERMIT",36.16933,-86.68021,"MOTOR VEHICLE IN TRANSPORT","37214","2018","March","Spring","01","Thursday","Weekday","No Injuries","No Fatalities"
9.97038437826082e-314,2018-03-29 01:31:00,2,0,0,NA,"N","HEAD-ON","RAIN","DARK - LIGHTED","HIGHWAY 70S & COLEY DAVIS RD","NASHVILLE","WEST",36.07957,-86.95351,"MOTOR VEHICLE IN TRANSPORT","37221","2018","March","Spring","01","Thursday","Weekday","No Injuries","No Fatalities"
9.97038438221335e-314,2018-03-29 01:35:00,2,2,0,NA,"N","HEAD-ON","RAIN","DARK - LIGHTED","LEBANON PKE & THE CROSSINGS PVTDR","NASHVILLE","HERMIT",36.16881,-86.6846,"MOTOR VEHICLE IN TRANSPORT","37214","2018","March","Spring","01","Thursday","Weekday","Injuries","No Fatalities"
9.97038439752938e-314,2018-03-29 01:47:00,1,0,0,NA,"N","NOT COLLISION W/MOTOR VEHICLE-TRANSPORT","RAIN","DARK - LIGHTED","STERLING CROSS & WINFIELD DR","NASHVILLE","MIDTOW",36.01688,-86.7351,"GUARDRAIL FACE","37211","2018","March","Spring","01","Thursday","Weekday","No Injuries","No Fatalities"
9.97038442964365e-314,2018-03-29 02:00:00,2,0,0,NA,"N","Front to Rear","RAIN","DARK - LIGHTED","HILLSBORO PKE & I440 E ENT RAMP","NASHVILLE","MIDTOW",36.12209,-86.80716,"MOTOR VEHICLE IN TRANSPORT","37215","2018","March","Spring","02","Thursday","Weekday","No Injuries","No Fatalities"
9.97038443161991e-314,2018-03-28 05:00:00,1,1,0,NA,"N","NOT COLLISION W/MOTOR VEHICLE-TRANSPORT","RAIN","UNKNOWN","MM 43 5 I 24","NASHVILLE","MADISO",36.23791,-86.78634,"CONCRETE TRAFFIC BARRIER","37207","2018","March","Spring","05","Wednesday","Weekday","Injuries","No Fatalities"
9.97038443211398e-314,2018-03-28 05:00:00,2,0,0,NA,"Y","SIDESWIPE - SAME DIRECTION","RAIN","DARK - NOT LIGHTED","MM 47 9 I 24","NASHVILLE","CENTRA",36.1774,-86.77309,"MOTOR VEHICLE IN TRANSPORT","37207","2018","March","Spring","05","Wednesday","Weekday","No Injuries","No Fatalities"
9.97038444545375e-314,2018-03-29 01:24:00,2,1,0,NA,"N","ANGLE","RAIN","DARK - LIGHTED","HARDING PKE & LEAKE AV","NASHVILLE","WEST",36.10515,-86.86854,"MOTOR VEHICLE IN TRANSPORT","37205","2018","March","Spring","01","Thursday","Weekday","Injuries","No Fatalities"
9.97038446373418e-314,2018-03-29 02:00:00,2,0,0,NA,"N","Front to Rear","RAIN","DARK - LIGHTED","MM 43 5 I 24","NASHVILLE","MADISO",36.23809,-86.78633,"MOTOR VEHICLE IN TRANSPORT","37207","2018","March","Spring","02","Thursday","Weekday","No Injuries","No Fatalities"
9.97038446422825e-314,2018-03-29 02:18:00,2,0,0,NA,"N","Front to Rear","RAIN","DARK - LIGHTED","MM 43 5 I 24","NASHVILLE","MADISO",36.23782,-86.78635,"MOTOR VEHICLE IN TRANSPORT","37207","2018","March","Spring","02","Thursday","Weekday","No Injuries","No Fatalities"
9.97038446571044e-314,2018-03-29 02:21:00,2,0,0,NA,"N","ANGLE","RAIN","DARK - LIGHTED","I40 W ENT RAMP & I 40","NASHVILLE","HERMIT",36.17082,-86.60156,"MOTOR VEHICLE IN TRANSPORT","37210","2018","March","Spring","02","Thursday","Weekday","No Injuries","No Fatalities"
9.97038448893153e-314,2018-03-29 03:10:00,1,1,0,NA,"N","NOT COLLISION W/MOTOR VEHICLE-TRANSPORT","RAIN","DARK - LIGHTED","MM 53 6 I 24","NASHVILLE","SOUTH",36.11059,-86.72242,"CONCRETE TRAFFIC BARRIER","37211","2018","March","Spring","03","Thursday","Weekday","Injuries","No Fatalities"
9.97038449387219e-314,2018-03-29 03:15:00,1,0,0,NA,"N","NOT COLLISION W/MOTOR VEHICLE-TRANSPORT","RAIN","DARK - LIGHTED","MM 87 2 I 65","NASHVILLE","EAST",36.2045,-86.77671,"CONCRETE TRAFFIC BARRIER","37207","2018","March","Spring","03","Thursday","Weekday","No Injuries","No Fatalities"
9.97038450177724e-314,2018-03-29 02:56:00,2,0,0,NA,"N","SIDESWIPE - SAME DIRECTION","RAIN","DARK - LIGHTED","WEST END AV & 17TH AVN","NASHVILLE","MIDTOW",36.15353,-86.79492,"MOTOR VEHICLE IN TRANSPORT","37203","2018","March","Spring","02","Thursday","Weekday","No Injuries","No Fatalities"
9.97038450721196e-314,2018-03-29 03:40:00,3,0,0,NA,"Y","NOT COLLISION W/MOTOR VEHICLE-TRANSPORT","RAIN","DARK - LIGHTED","MM 208 2 I 40","NASHVILLE","NORTH",36.16744,-86.79572,"MOTOR VEHICLE IN TRANSPORT;CONCRETE TRAFFIC BARRIER","37208","2018","March","Spring","03","Thursday","Weekday","No Injuries","No Fatalities"
9.97038451264668e-314,2018-03-29 03:46:00,2,10,0,NA,"N","ANGLE","RAIN","DARK - LIGHTED","MM 60 1 I 24","ANTIOCH","SOUTH",36.03939,-86.64862,"MOTOR VEHICLE IN TRANSPORT","37013","2018","March","Spring","03","Thursday","Weekday","Injuries","No Fatalities"
9.97038452203393e-314,2018-03-29 03:30:00,2,0,0,NA,"Y","Rear to Side","RAIN","DARK - LIGHTED","DICKERSON PKE & GRIZZARD AV","NASHVILLE","EAST",36.20813,-86.76747,"Motor Vehicle-In-Motion Outside Trafficw","37207","2018","March","Spring","03","Thursday","Weekday","No Injuries","No Fatalities"
9.97038452993898e-314,2018-03-29 04:00:00,2,2,0,NA,"N","ANGLE","RAIN","DARK - LIGHTED","MM 203 4 I 40","NASHVILLE","WEST",36.15048,-86.86622,"MOTOR VEHICLE IN TRANSPORT;CONCRETE TRAFFIC BARRIER","37209","2018","March","Spring","04","Thursday","Weekday","Injuries","No Fatalities"
9.9703845368559e-314,2018-03-29 04:00:00,2,1,0,NA,"Y","ANGLE","RAIN","DARK - LIGHTED","CELEBRATION WAY & NOLENSVILLE PKE","ANTIOCH","SOUTH",36.03352,-86.71298,"MOTOR VEHICLE IN TRANSPORT;TREE","37013","2018","March","Spring","04","Thursday","Weekday","Injuries","No Fatalities"
9.97038454080842e-314,2018-03-29 04:02:00,2,1,0,NA,"N","Front to Rear","RAIN","DARK - NOT LIGHTED","MM 208 6 I 40","NASHVILLE","CENTRA",36.16285,-86.7935,"MOTOR VEHICLE IN TRANSPORT","37203","2018","March","Spring","04","Thursday","Weekday","Injuries","No Fatalities"
9.97038454130249e-314,2018-03-29 04:09:00,1,0,0,NA,"N","NOT COLLISION W/MOTOR VEHICLE-TRANSPORT","RAIN","DARK - LIGHTED","MM 217 7 I 40","NASHVILLE","HERMIT",36.14126,-86.65508,"CONCRETE TRAFFIC BARRIER","37214","2018","March","Spring","04","Thursday","Weekday","No Injuries","No Fatalities"
9.97037810708558e-314,2018-03-24 05:00:00,2,1,0,NA,"Y","Front to Rear","RAIN","DUSK","I40 E EXT RAMP & I 40","NASHVILLE","HERMIT",36.16849,-86.81398,"MOTOR VEHICLE IN TRANSPORT","37214","2018","March","Spring","05","Saturday","Weekend","Injuries","No Fatalities"
9.97038454278468e-314,2018-03-28 05:00:00,2,0,0,NA,"Y","SIDESWIPE - SAME DIRECTION","RAIN","DARK - LIGHTED","MM 81 4 I 65","NASHVILLE","MIDTOW",36.13435,-86.77561,"MOTOR VEHICLE IN TRANSPORT","37203","2018","March","Spring","05","Wednesday","Weekday","No Injuries","No Fatalities"
9.97038455661852e-314,2018-03-29 04:31:00,1,2,0,NA,"Y","NOT COLLISION W/MOTOR VEHICLE-TRANSPORT","RAIN","DARK - LIGHTED","COLERIDGE DR & BART DR","ANTIOCH","SOUTH",36.05685,-86.69525,"UTILITY POLE;Ran Off Road-Right","37013","2018","March","Spring","04","Thursday","Weekday","Injuries","No Fatalities"
9.97038456748797e-314,2018-03-29 04:40:00,1,1,0,NA,"N","NOT COLLISION W/MOTOR VEHICLE-TRANSPORT","RAIN","DARK - LIGHTED","MCGAVOCK PKE & MUSIC VALLEY DR","NASHVILLE","HERMIT",36.21692,-86.69453,"H-WAY TRAFFIC SIGNAL POST","37214","2018","March","Spring","04","Thursday","Weekday","Injuries","No Fatalities"
9.97038456995829e-314,2018-03-29 04:30:00,2,0,0,NA,"N","ANGLE","RAIN","DARK - LIGHTED","HARDING PL & HILLSBORO PKE","NASHVILLE","WEST",36.09136,-86.8286,"MOTOR VEHICLE IN TRANSPORT","37215","2018","March","Spring","04","Thursday","Weekday","No Injuries","No Fatalities"
9.97038457489895e-314,2018-03-28 05:00:00,1,1,0,NA,"N","NOT COLLISION W/MOTOR VEHICLE-TRANSPORT","RAIN","DARK - NOT LIGHTED","JACKSONIAN DR & BONNALAWN DR","HERMITAGE","HERMIT",36.20218,-86.63404,"EMBANKMENT ROCK/STONE/CONCRETE","37076","2018","March","Spring","05","Wednesday","Weekday","Injuries","No Fatalities"
9.97037818860641e-314,2018-03-25 00:11:00,2,0,0,NA,"N","OTHER","RAIN","DARK - LIGHTED","9TH AVS & GLEAVES ST","NASHVILLE","CENTRA",36.15127,-86.78046,"PARKED MOTOR VEHICLE","37203","2018","March","Spring","00","Sunday","Weekend","No Injuries","No Fatalities"
9.97038459910817e-314,2018-03-29 05:00:00,1,0,0,NA,"N","NOT COLLISION W/MOTOR VEHICLE-TRANSPORT","RAIN","DARK - LIGHTED","HAMILTON CHURCH RD & HOBSON PKE","ANTIOCH","SOUTH",36.0594,-86.59965,"","37013","2018","March","Spring","05","Thursday","Weekday","No Injuries","No Fatalities"
9.97038463863342e-314,2018-03-29 03:22:00,2,0,0,NA,"N","SIDESWIPE - SAME DIRECTION","RAIN","DARK - LIGHTED","I24 E ENT RAMP & I 24","NASHVILLE","CENTRA",36.16426,-86.76316,"MOTOR VEHICLE IN TRANSPORT","37213","2018","March","Spring","03","Thursday","Weekday","No Injuries","No Fatalities"
9.97038465345539e-314,2018-03-29 06:26:00,2,0,0,NA,"Y","SIDESWIPE - SAME DIRECTION","RAIN","DARK - NOT LIGHTED","MM 210 2 I 40","NASHVILLE","CENTRA",36.14948,-86.77388,"MOTOR VEHICLE IN TRANSPORT","37203","2018","March","Spring","06","Thursday","Weekday","No Injuries","No Fatalities"
9.97038465889011e-314,2018-03-29 04:02:00,4,0,0,NA,"N","Front to Rear","RAIN","DARK - LIGHTED","BRILEY PKWY N EXT RAMP & BRILEY PKWY N E","NASHVILLE","HERMIT",36.16811,-86.68793,"MOTOR VEHICLE IN TRANSPORT","37214","2018","March","Spring","04","Thursday","Weekday","No Injuries","No Fatalities"
9.97038467025362e-314,2018-03-29 05:00:00,2,0,0,NA,"Y","Front to Rear","RAIN","DARK - LIGHTED","STONEMEADE DR & STILL WATER CIR","NASHVILLE","WEST",36.04141,-86.96347,"MOTOR VEHICLE IN TRANSPORT-OTHER ROADWAY;PARKED MOTOR VEHICLE","37221","2018","March","Spring","05","Thursday","Weekday","No Injuries","No Fatalities"
9.97038467222988e-314,2018-03-29 06:43:00,2,2,0,NA,"N","ANGLE","RAIN","DARK - NOT LIGHTED","MM 40 9 I 24","WHITES CREEK","MADISO",36.27223,-86.79484,"MOTOR VEHICLE IN TRANSPORT","37189","2018","March","Spring","06","Thursday","Weekday","Injuries","No Fatalities"
9.97038468507559e-314,2018-03-29 03:37:00,2,0,0,NA,"Y","SIDESWIPE - SAME DIRECTION","RAIN","DARK - LIGHTED","BRILEY PKWYN & BRILEY PKWYS","NASHVILLE","SOUTH",36.18789,-86.68898,"MOTOR VEHICLE IN TRANSPORT","37211","2018","March","Spring","03","Thursday","Weekday","No Injuries","No Fatalities"
9.97037828791361e-314,2018-03-25 01:35:00,2,0,0,NA,"Y","ANGLE","RAIN","DARK - LIGHTED","DICKERSON PKE & LEMUEL RD","NASHVILLE","EAST",36.21598,-86.7637,"MOTOR VEHICLE IN TRANSPORT","37207","2018","March","Spring","01","Sunday","Weekend","No Injuries","No Fatalities"
9.97038468705185e-314,2018-03-29 06:32:00,1,0,0,NA,"Y","NOT COLLISION W/MOTOR VEHICLE-TRANSPORT","RAIN","DARK - NOT LIGHTED","MM 57 7 I 24","ANTIOCH","SOUTH",36.06172,-86.68169,"CONCRETE TRAFFIC BARRIER","37013","2018","March","Spring","06","Thursday","Weekday","No Injuries","No Fatalities"
9.97038469248657e-314,2018-03-29 07:05:00,2,0,0,NA,"N","ANGLE","RAIN","DARK - LIGHTED","17TH AVS & BROADWAY","NASHVILLE","MIDTOW",36.15325,-86.79401,"MOTOR VEHICLE IN TRANSPORT","37203","2018","March","Spring","07","Thursday","Weekday","No Injuries","No Fatalities"
9.97037830569997e-314,2018-03-25 02:21:00,2,0,0,NA,"N","HEAD-ON","RAIN","DARK - LIGHTED","MM 5 4 I 440","NASHVILLE","MIDTOW",36.12017,-86.76599,"MOTOR VEHICLE IN TRANSPORT","37204","2018","March","Spring","02","Sunday","Weekend","No Injuries","No Fatalities"
9.9703846949569e-314,2018-03-29 05:00:00,1,0,0,NA,"N","NOT COLLISION W/MOTOR VEHICLE-TRANSPORT","RAIN","DARK - LIGHTED","MM 58 7 I 24","ANTIOCH","SOUTH",36.05077,-86.66862,"","37013","2018","March","Spring","05","Thursday","Weekday","No Injuries","No Fatalities"
9.97038473892875e-314,2018-03-29 05:00:00,1,0,0,NA,"Y","UNKNOWN","RAIN","DARK - LIGHTED","29 WHITSETT RD","NASHVILLE","SOUTH",36.11941,-86.73005,"UNKNOWN MOST HARMFUL EVENT","37210","2018","March","Spring","05","Thursday","Weekday","No Injuries","No Fatalities"
9.97037833534391e-314,2018-03-25 01:55:00,1,1,0,NA,"N","NOT COLLISION W/MOTOR VEHICLE-TRANSPORT","RAIN","DARK - NOT LIGHTED","OLD CHARLOTTE PKE & HIGHWAY 70","NASHVILLE","WEST",36.09673,-87.02312,"CULVERT;DITCH;MAIL BOX;Ran Off Road-Left","37221","2018","March","Spring","01","Sunday","Weekend","Injuries","No Fatalities"
9.97037834720149e-314,2018-03-24 05:00:00,1,0,0,NA,"Y","NOT COLLISION W/MOTOR VEHICLE-TRANSPORT","RAIN","DARK - LIGHTED","CLIFF DR & BUENA VISTA PKE","NASHVILLE","NORTH",36.19561,-86.8261,"MAIL BOX","37218","2018","March","Spring","05","Saturday","Weekend","No Injuries","No Fatalities"
9.97038476807862e-314,2018-03-29 08:43:00,1,1,0,NA,"N","NOT COLLISION W/MOTOR VEHICLE-TRANSPORT","RAIN","DARK - LIGHTED","NOLENSVILLE PKE & ZOO RD","NASHVILLE","SOUTH",36.08944,-86.73301,"PEDESTRIAN","37211","2018","March","Spring","08","Thursday","Weekday","Injuries","No Fatalities"
9.97037839660805e-314,2018-03-25 01:40:00,2,1,0,NA,"N","ANGLE","RAIN","DARK - LIGHTED","ROYAL PKWY & DONELSON PKE","NASHVILLE","HERMIT",36.14594,-86.66656,"MOTOR VEHICLE IN TRANSPORT","37214","2018","March","Spring","01","Sunday","Weekend","Injuries","No Fatalities"
9.97038480019289e-314,2018-03-29 09:24:00,2,0,0,NA,"N","Front to Rear","RAIN","DARK - LIGHTED","MM 88 1 I 65","NASHVILLE","EAST",36.2171,-86.77517,"MOTOR VEHICLE IN TRANSPORT","37207","2018","March","Spring","09","Thursday","Weekday","No Injuries","No Fatalities"
9.97037839759618e-314,2018-03-25 00:50:00,2,0,0,NA,"Y","ANGLE","RAIN","DARK - LIGHTED","HIGHWAY 70S & COLEY DAVIS RD","NASHVILLE","WEST",36.07984,-86.95396,"MOTOR VEHICLE IN TRANSPORT","37221","2018","March","Spring","00","Sunday","Weekend","No Injuries","No Fatalities"
9.97037840994782e-314,2018-03-25 03:35:00,1,0,0,NA,"N","NOT COLLISION W/MOTOR VEHICLE-TRANSPORT","RAIN","DARK - NOT LIGHTED","MURFREESBORO PKE & MCGAVOCK PKE","NASHVILLE","SOUTH",36.11283,-86.68886,"GUARDRAIL END","37217","2018","March","Spring","03","Sunday","Weekend","No Injuries","No Fatalities"
9.97038484663506e-314,2018-03-29 09:30:00,1,0,0,NA,"N","NOT COLLISION W/MOTOR VEHICLE-TRANSPORT","RAIN","DARK - LIGHTED","MM 48 9 I 24","NASHVILLE","CENTRA",36.16745,-86.76548,"CONCRETE TRAFFIC BARRIER","37213","2018","March","Spring","09","Thursday","Weekday","No Injuries","No Fatalities"
9.97037841538254e-314,2018-03-25 03:36:00,2,0,0,NA,"N","SIDESWIPE - SAME DIRECTION","RAIN","DARK - LIGHTED","BROADWAY & I40 W ENT RAMP","NASHVILLE","CENTRA",36.15601,-86.78885,"MOTOR VEHICLE IN TRANSPORT","37203","2018","March","Spring","03","Sunday","Weekend","No Injuries","No Fatalities"
9.970384906417e-314,2018-03-29 10:57:00,2,1,0,NA,"N","ANGLE","RAIN","DARK - LIGHTED","ACORN DR & ELM HILL PKE","NASHVILLE","HERMIT",36.15025,-86.70021,"MOTOR VEHICLE IN TRANSPORT","37210","2018","March","Spring","10","Thursday","Weekday","Injuries","No Fatalities"
9.97037842131133e-314,2018-03-24 05:00:00,1,2,0,NA,"N","NOT COLLISION W/MOTOR VEHICLE-TRANSPORT","RAIN","DARK - LIGHTED","I24 W EXT RAMP & I 24","NASHVILLE","SOUTH",36.16459,-86.76284,"TREE;Ran Off Road-Right","37211","2018","March","Spring","05","Saturday","Weekend","Injuries","No Fatalities"
9.97038491580425e-314,2018-03-29 11:10:00,2,0,0,NA,"N","ANGLE","RAIN","DARK - NOT LIGHTED","HAYES ST & 19TH AVN","NASHVILLE","MIDTOW",36.1533,-86.7982,"MOTOR VEHICLE IN TRANSPORT","37203","2018","March","Spring","11","Thursday","Weekday","No Injuries","No Fatalities"
9.97037842427573e-314,2018-03-25 03:55:00,1,0,0,NA,"N","NOT COLLISION W/MOTOR VEHICLE-TRANSPORT","RAIN","DARK - NOT LIGHTED","MM 39 2 I 24","WHITES CREEK","NORTH",36.2944,-86.81061,"CONCRETE TRAFFIC BARRIER;PAVED SURFACE-IRREGULAR;Cable Barrier","37189","2018","March","Spring","03","Sunday","Weekend","No Injuries","No Fatalities"
9.97038492272117e-314,2018-03-29 11:15:00,2,1,0,NA,"N","Front to Rear","RAIN","DARK - NOT LIGHTED","MM 209 7 I 40","NASHVILLE","CENTRA",36.14912,-86.78101,"MOTOR VEHICLE IN TRANSPORT","37203","2018","March","Spring","11","Thursday","Weekday","Injuries","No Fatalities"
9.97038493754314e-314,2018-03-29 11:36:00,2,0,0,NA,"Y","SIDESWIPE - SAME DIRECTION","RAIN","DAWN","MM 59 9 I 24","ANTIOCH","SOUTH",36.04087,-86.65103,"MOTOR VEHICLE IN TRANSPORT","37013","2018","March","Spring","11","Thursday","Weekday","No Injuries","No Fatalities"
9.97037847615262e-314,2018-03-25 03:25:00,2,0,0,NA,"Y","Front to Rear","RAIN","DARK - LIGHTED","400 GALLATIN PKEN","MADISON","MADISO",36.26604,-86.71156,"PARKED MOTOR VEHICLE;Motor Vehicle-In-Motion Outside Trafficw","37115","2018","March","Spring","03","Sunday","Weekend","No Injuries","No Fatalities"
9.97038493902533e-314,2018-03-29 11:50:00,2,0,0,NA,"N","Front to Rear","RAIN","DAYLIGHT","MURFREESBORO PKE & EXPRESSWAY PARK DR","NASHVILLE","SOUTH",36.14598,-86.75391,"MOTOR VEHICLE IN TRANSPORT","37210","2018","March","Spring","11","Thursday","Weekday","No Injuries","No Fatalities"
9.97037847812888e-314,2018-03-25 04:43:00,2,0,0,NA,"N","ANGLE","RAIN","DARK - LIGHTED","LAFAYETTE ST & 8TH AVS","NASHVILLE","CENTRA",36.15463,-86.77916,"MOTOR VEHICLE IN TRANSPORT-OTHER ROADWAY","37203","2018","March","Spring","04","Sunday","Weekend","No Injuries","No Fatalities"
9.97037850579656e-314,2018-03-25 01:05:00,2,0,0,NA,"Y","Front to Rear","RAIN","DARK - LIGHTED","HOLBROOK DR & SOUTHLAKE DR","NASHVILLE","SOUTH",36.10374,-86.7294,"MOTOR VEHICLE IN TRANSPORT","37211","2018","March","Spring","01","Sunday","Weekend","No Injuries","No Fatalities"
9.97038494297786e-314,2018-03-29 11:54:00,2,0,0,NA,"N","ANGLE","RAIN","DAYLIGHT","MM 56 4 I 24","NASHVILLE","SOUTH",36.07773,-86.69481,"MOTOR VEHICLE IN TRANSPORT","37211","2018","March","Spring","11","Thursday","Weekday","No Injuries","No Fatalities"
9.97037853939302e-314,2018-03-25 05:58:00,2,0,0,NA,"N","Front to Rear","RAIN","DARK - LIGHTED","MM 52 2 I 24","NASHVILLE","SOUTH",36.13585,-86.72673,"PARKED MOTOR VEHICLE","37217","2018","March","Spring","05","Sunday","Weekend","No Injuries","No Fatalities"
9.9703849523651e-314,2018-03-29 12:05:00,2,0,0,NA,"N","Front to Rear","RAIN","DAYLIGHT","I65 N EXT RAMP & HARDING PL","NASHVILLE","MIDTOW",36.08201,-86.76176,"MOTOR VEHICLE IN TRANSPORT","37220","2018","March","Spring","12","Thursday","Weekday","No Injuries","No Fatalities"
9.9703849553295e-314,2018-03-29 11:28:00,1,0,0,NA,"N","NOT COLLISION W/MOTOR VEHICLE-TRANSPORT","RAIN","DARK - NOT LIGHTED","COUNTY HOSPITAL RD & JOHN MALLETTE DR","NASHVILLE","NORTH",36.19323,-86.83386,"OTHER OBJECT (NOT FIXED)","37218","2018","March","Spring","11","Thursday","Weekday","No Injuries","No Fatalities"
9.97037855273279e-314,2018-03-25 05:45:00,2,0,0,NA,"Y","SIDESWIPE - SAME DIRECTION","RAIN","DARK - LIGHTED","15136 HICKORY PLZ","NASHVILLE","MIDTOW",36.04597,-86.71635,"PARKED MOTOR VEHICLE","37211","2018","March","Spring","05","Sunday","Weekend","No Injuries","No Fatalities"
9.97037856656663e-314,2018-03-25 06:30:00,3,2,0,NA,"Y","Front to Rear","RAIN","DARK - LIGHTED","MM 49 4 I 24","NASHVILLE","EAST",36.16083,-86.76059,"MOTOR VEHICLE IN TRANSPORT","37206","2018","March","Spring","06","Sunday","Weekend","Injuries","No Fatalities"