"Accident.Number","Date.and.Time","Number.of.Motor.Vehicles","Number.of.Injuries","Number.of.Fatalities","Property.Damage","Hit.and.Run","Collision.Type.Description","Weather.Description","Illumination.Description","Street.Address","City","Precinct","Latitude","Longitude","HarmfulDescriptions","Zip.Code","Year","Month","Season","Hour","Weekday","DayType","Accident","Fatality_category"
9.97038496323455e-314,2018-03-29 12:22:00,2,0,0,NA,"N","ANGLE","RAIN","DAYLIGHT","HIGHWAY 96 & HIGHWAY 100","NASHVILLE","WEST",36.01747,-87.03094,"MOTOR VEHICLE IN TRANSPORT","37221","2018","March","Spring","12","Thursday","Weekday","No Injuries","No Fatalities"
9.97038496669301e-314,2018-03-29 12:13:00,2,0,0,NA,"N","Front to Rear","RAIN","DAYLIGHT","OLD HICKORY BLVD & HILLSBORO PKE","BRENTWOOD","MIDTOW",36.0473,-86.86274,"MOTOR VEHICLE IN TRANSPORT","37027","2018","March","Spring","12","Thursday","Weekday","No Injuries","No Fatalities"
9.97038498003278e-314,2018-03-29 12:34:00,3,0,0,NA,"Y","Front to Rear","RAIN","DAYLIGHT","MM 219 3 I 40","NASHVILLE","HERMIT",36.15921,-86.62388,"MOTOR VEHICLE IN TRANSPORT","37214","2018","March","Spring","12","Thursday","Weekday","No Injuries","No Fatalities"
9.97038498991409e-314,2018-03-29 12:45:00,2,0,0,NA,"Y","ANGLE","RAIN","DAYLIGHT","MM 208 7 I 40","NASHVILLE","CENTRA",36.16134,-86.79318,"MOTOR VEHICLE IN TRANSPORT;CONCRETE TRAFFIC BARRIER","37203","2018","March","Spring","12","Thursday","Weekday","No Injuries","No Fatalities"
9.97038499189036e-314,2018-03-29 12:00:00,2,0,0,NA,"N","SIDESWIPE - SAME DIRECTION","RAIN","DAYLIGHT","UNA ANTIOCH PKE & COTTAGE HILL DR","ANTIOCH","SOUTH",36.07965,-86.65508,"MOTOR VEHICLE IN TRANSPORT","37013","2018","March","Spring","12","Thursday","Weekday","No Injuries","No Fatalities"
9.97038500621826e-314,2018-03-29 12:57:00,2,0,0,NA,"N","SIDESWIPE - SAME DIRECTION","RAIN","DAYLIGHT","MAIN ST & SPRING ST","NASHVILLE","EAST",36.17299,-86.76496,"MOTOR VEHICLE IN TRANSPORT","37206","2018","March","Spring","12","Thursday","Weekday","No Injuries","No Fatalities"
9.97038508428063e-314,2018-03-29 12:37:00,1,1,0,NA,"N","NOT COLLISION W/MOTOR VEHICLE-TRANSPORT","RAIN","DAYLIGHT","CANE RIDGE RD & OLD FRANKLIN RD","ANTIOCH","SOUTH",36.03257,-86.65545,"Ran Off Road-Right","37013","2018","March","Spring","12","Thursday","Weekday","Injuries","No Fatalities"
9.97037923750778e-314,2018-03-25 05:00:00,2,1,0,NA,"N","ANGLE","RAIN","DAYLIGHT","DICKERSON PKE & OAK VALLEY DR","NASHVILLE","EAST",36.23208,-86.75883,"MOTOR VEHICLE IN TRANSPORT","37207","2018","March","Spring","05","Sunday","Weekend","Injuries","No Fatalities"
9.97037989066256e-314,2018-03-26 05:00:00,1,0,0,NA,"Y","NOT COLLISION W/MOTOR VEHICLE-TRANSPORT","RAIN","DARK - NOT LIGHTED","MYATT DR & NORTHGATE BUSINESS PKWY","MADISON","MADISO",36.28331,-86.69223,"Ran Off Road-Left;EMBANKMENT EARTH","37115","2018","March","Spring","05","Monday","Weekday","No Injuries","No Fatalities"
9.97038597112847e-314,2018-03-30 03:40:00,1,1,0,NA,"N","NOT COLLISION W/MOTOR VEHICLE-TRANSPORT","RAIN","DARK - LIGHTED","BROADWAY & 7TH AVS","NASHVILLE","CENTRA",36.15922,-86.78135,"PEDESTRIAN","37203","2018","March","Spring","03","Friday","Weekday","Injuries","No Fatalities"
9.97038597952758e-314,2018-03-30 03:40:00,1,0,0,NA,"N","NOT COLLISION W/MOTOR VEHICLE-TRANSPORT","RAIN","DARK - LIGHTED","BRILEY PKWYN & BRILEY PKWYS","NASHVILLE","SOUTH",36.15946,-86.86566,"DITCH","37211","2018","March","Spring","03","Friday","Weekday","No Injuries","No Fatalities"
9.97038598693857e-314,2018-03-30 03:17:00,2,0,0,NA,"N","ANGLE","RAIN","DARK - LIGHTED","12TH AVS & ELMWOOD AV","NASHVILLE","MIDTOW",36.12641,-86.78926,"MOTOR VEHICLE IN TRANSPORT","37212","2018","March","Spring","03","Friday","Weekday","No Injuries","No Fatalities"
9.97038602251129e-314,2018-03-30 04:13:00,2,0,0,NA,"Y","ANGLE","RAIN","DARK - LIGHTED","DIVISION ST & 19TH AVS","NASHVILLE","MIDTOW",36.15034,-86.79597,"MOTOR VEHICLE IN TRANSPORT;CURB","37203","2018","March","Spring","04","Friday","Weekday","No Injuries","No Fatalities"
9.9703860827873e-314,2018-03-30 04:55:00,1,0,0,NA,"N","NOT COLLISION W/MOTOR VEHICLE-TRANSPORT","RAIN","DARK - NOT LIGHTED","BRILEY PKWYW & BRILEY PKWYE","NASHVILLE","NORTH",36.23241,-86.82611,"GUARDRAIL FACE","37218","2018","March","Spring","04","Friday","Weekday","No Injuries","No Fatalities"
9.97038615096836e-314,2018-03-30 05:09:00,2,0,0,NA,"N","Front to Rear","RAIN","DARK - LIGHTED","BRILEY PKWYN & BRILEY PKWY N ENT RAMP","NASHVILLE","HERMIT",36.15335,-86.69113,"MOTOR VEHICLE IN TRANSPORT","37214","2018","March","Spring","05","Friday","Weekday","No Injuries","No Fatalities"
9.97038619444614e-314,2018-03-30 06:30:00,2,0,0,NA,"Y","Front to Rear","RAIN","DARK - LIGHTED","629 OLD HICKORY BLVD","NASHVILLE","WEST",36.10904,-86.92349,"PARKED MOTOR VEHICLE","37221","2018","March","Spring","06","Friday","Weekday","No Injuries","No Fatalities"
9.97038636638098e-314,2018-03-30 09:13:00,1,0,0,NA,"N","NOT COLLISION W/MOTOR VEHICLE-TRANSPORT","RAIN","DARK - LIGHTED","100 ANTIOCH PKE","NASHVILLE","SOUTH",36.10094,-86.71882,"DITCH","37211","2018","March","Spring","09","Friday","Weekday","No Injuries","No Fatalities"
9.97042254087944e-314,2018-04-22 05:00:00,1,0,0,NA,"Y","NOT COLLISION W/MOTOR VEHICLE-TRANSPORT","RAIN","DAYLIGHT","MM 49 2 I 24","NASHVILLE","CENTRA",36.16296,-86.76145,"GUARDRAIL FACE","37213","2018","April","Spring","05","Sunday","Weekend","No Injuries","No Fatalities"
9.97042272961252e-314,2018-04-22 05:00:00,3,0,0,NA,"N","Front to Rear","RAIN","DAYLIGHT","MEADOWGREEN DR & SHUTE LN","OLD HICKORY","HERMIT",36.2189,-86.60431,"MOTOR VEHICLE IN TRANSPORT","37138","2018","April","Spring","05","Sunday","Weekend","No Injuries","No Fatalities"
9.9704227528336e-314,2018-04-23 00:08:00,2,0,0,NA,"N","Front to Rear","RAIN","DARK - LIGHTED","JOHN L DRIVER BLVD & 39TH AVN","NASHVILLE","NORTH",36.16564,-86.83426,"MOTOR VEHICLE IN TRANSPORT","37209","2018","April","Spring","00","Monday","Weekday","No Injuries","No Fatalities"
9.97042280866302e-314,2018-04-23 01:08:00,1,0,0,NA,"N","NOT COLLISION W/MOTOR VEHICLE-TRANSPORT","RAIN","DARK - NOT LIGHTED","I40 W ENT RAMP & I 40","NASHVILLE","HERMIT",36.14449,-86.6951,"DITCH;Down Hill-Run Away","37210","2018","April","Spring","01","Monday","Weekday","No Injuries","No Fatalities"
9.97042281261555e-314,2018-04-23 01:13:00,2,1,0,NA,"Y","SIDESWIPE - SAME DIRECTION","RAIN","DARK - NOT LIGHTED","MM 208 4 I 40","NASHVILLE","NORTH",36.16451,-86.79393,"MOTOR VEHICLE IN TRANSPORT","37203","2018","April","Spring","01","Monday","Weekday","Injuries","No Fatalities"
9.97042281459181e-314,2018-04-23 01:17:00,2,1,0,NA,"N","ANGLE","RAIN","DARK - NOT LIGHTED","OLD HICKORY BLVD & BELLEVUE VALLEY PLAZA","NASHVILLE","WEST",36.07307,-86.92066,"MOTOR VEHICLE IN TRANSPORT","37221","2018","April","Spring","01","Monday","Weekday","Injuries","No Fatalities"
9.97042282348499e-314,2018-04-23 01:26:00,2,0,0,NA,"N","SIDESWIPE - SAME DIRECTION","RAIN","DARK - LIGHTED","FRANKLIN PKE & LAKEMONT DR","BRENTWOOD","MIDTOW",36.04928,-86.77627,"MOTOR VEHICLE IN TRANSPORT","37027","2018","April","Spring","01","Monday","Weekday","No Injuries","No Fatalities"
9.97042283386037e-314,2018-04-23 01:25:00,2,0,0,NA,"Y","ANGLE","RAIN","DARK - LIGHTED","GARFIELD ST & 3RD AVN","NASHVILLE","NORTH",36.18328,-86.79003,"MOTOR VEHICLE IN TRANSPORT","37208","2018","April","Spring","01","Monday","Weekday","No Injuries","No Fatalities"
9.97042284621201e-314,2018-04-23 02:10:00,2,0,0,NA,"N","NOT COLLISION W/MOTOR VEHICLE-TRANSPORT","RAIN","DARK - LIGHTED","MM 89 5 I 65","NASHVILLE","MADISO",36.23554,-86.76444,"MOTOR VEHICLE IN TRANSPORT;CONCRETE TRAFFIC BARRIER","37207","2018","April","Spring","02","Monday","Weekday","No Injuries","No Fatalities"
9.97042284967047e-314,2018-04-23 02:10:00,1,0,0,NA,"N","NOT COLLISION W/MOTOR VEHICLE-TRANSPORT","RAIN","DARK - NOT LIGHTED","MM 39 2 I 24","WHITES CREEK","NORTH",36.29361,-86.81045,"CONCRETE TRAFFIC BARRIER","37189","2018","April","Spring","02","Monday","Weekday","No Injuries","No Fatalities"
9.97042285559926e-314,2018-04-23 02:22:00,1,0,0,NA,"N","NOT COLLISION W/MOTOR VEHICLE-TRANSPORT","RAIN","DARK - NOT LIGHTED","MM 55 4 I 24","NASHVILLE","SOUTH",36.09002,-86.70304,"GUARDRAIL FACE","37211","2018","April","Spring","02","Monday","Weekday","No Injuries","No Fatalities"
9.97042287684408e-314,2018-04-23 02:55:00,1,3,0,NA,"N","NOT COLLISION W/MOTOR VEHICLE-TRANSPORT","RAIN","DARK - LIGHTED","MM 205 8 I 40","NASHVILLE","WEST",36.1565,-86.82488,"GUARDRAIL FACE","37209","2018","April","Spring","02","Monday","Weekday","Injuries","No Fatalities"
9.97042288870165e-314,2018-04-23 03:16:00,1,0,0,NA,"N","NOT COLLISION W/MOTOR VEHICLE-TRANSPORT","RAIN","DARK - NOT LIGHTED","MM 58 8 I 24","ANTIOCH","SOUTH",36.05034,-86.66739,"CONCRETE TRAFFIC BARRIER","37013","2018","April","Spring","03","Monday","Weekday","No Injuries","No Fatalities"
9.97042288919572e-314,2018-04-23 03:08:00,2,1,0,NA,"Y","SIDESWIPE - SAME DIRECTION","RAIN","DARK - LIGHTED","MM 203 0 I 40","NASHVILLE","WEST",36.14884,-86.87499,"MOTOR VEHICLE IN TRANSPORT;GUARDRAIL FACE","37209","2018","April","Spring","03","Monday","Weekday","Injuries","No Fatalities"
9.97042289314825e-314,2018-04-23 03:20:00,1,2,0,NA,"N","NOT COLLISION W/MOTOR VEHICLE-TRANSPORT","RAIN","DARK - LIGHTED","MM 53 2 I 24","NASHVILLE","SOUTH",36.11559,-86.72484,"GUARDRAIL FACE;CONCRETE TRAFFIC BARRIER;EMBANKMENT EARTH","37210","2018","April","Spring","03","Monday","Weekday","Injuries","No Fatalities"
9.97042289907703e-314,2018-04-23 03:42:00,1,0,0,NA,"N","NOT COLLISION W/MOTOR VEHICLE-TRANSPORT","RAIN","DARK - LIGHTED","RIVER DR & CLARKSVILLE PKE","NASHVILLE","NORTH",36.19159,-86.83079,"OTHER OBJECT (NOT FIXED)","37218","2018","April","Spring","03","Monday","Weekday","No Injuries","No Fatalities"
9.97042290253549e-314,2018-04-23 03:22:00,2,0,0,NA,"N","ANGLE","RAIN","DARK - LIGHTED","WEST END AV & 29TH AVN","NASHVILLE","MIDTOW",36.14458,-86.81314,"MOTOR VEHICLE IN TRANSPORT","37212","2018","April","Spring","03","Monday","Weekday","No Injuries","No Fatalities"
9.97042291241681e-314,2018-04-23 02:50:00,2,0,0,NA,"Y","SIDESWIPE - SAME DIRECTION","RAIN","DARK - LIGHTED","MM 93 0 I 65","MADISON","MADISO",36.27529,-86.73537,"MOTOR VEHICLE IN TRANSPORT","37115","2018","April","Spring","02","Monday","Weekday","No Injuries","No Fatalities"
9.97042293959042e-314,2018-04-22 05:00:00,2,0,0,NA,"N","SIDESWIPE - SAME DIRECTION","RAIN","DARK - LIGHTED","MM 89 1 I 65","NASHVILLE","EAST",36.23115,-86.77038,"MOTOR VEHICLE IN TRANSPORT","37207","2018","April","Spring","05","Sunday","Weekend","No Injuries","No Fatalities"
9.97042294107261e-314,2018-04-23 04:35:00,2,1,0,NA,"Y","Front to Rear","RAIN","DARK - LIGHTED","4TH AVS & ASH ST","NASHVILLE","CENTRA",36.15234,-86.77158,"MOTOR VEHICLE IN TRANSPORT","37210","2018","April","Spring","04","Monday","Weekday","Injuries","No Fatalities"
9.97042294601327e-314,2018-04-23 04:40:00,2,0,0,NA,"N","ANGLE","RAIN","DARK - NOT LIGHTED","DOUGLAS AV & GALLATIN AV","NASHVILLE","EAST",36.19271,-86.74437,"MOTOR VEHICLE IN TRANSPORT","37206","2018","April","Spring","04","Monday","Weekday","No Injuries","No Fatalities"
9.97042295441239e-314,2018-04-23 04:54:00,1,1,0,NA,"N","NOT COLLISION W/MOTOR VEHICLE-TRANSPORT","RAIN","DARK - LIGHTED","RECOVERY RD & HARDING PL","NASHVILLE","SOUTH",36.07995,-86.72026,"CURB;SHRUBBERY;TREE","37211","2018","April","Spring","04","Monday","Weekday","Injuries","No Fatalities"
9.97042295787085e-314,2018-04-23 05:00:00,2,0,0,NA,"N","Front to Rear","RAIN","DARK - NOT LIGHTED","MM 58 7 I 24","ANTIOCH","SOUTH",36.05093,-86.6684,"MOTOR VEHICLE IN TRANSPORT","37013","2018","April","Spring","05","Monday","Weekday","No Injuries","No Fatalities"
9.97042298455039e-314,2018-04-23 05:30:00,2,0,0,NA,"Y","Front to Rear","RAIN","DARK - LIGHTED","NOLENSVILLE PKE & HARDING PL","NASHVILLE","SOUTH",36.07954,-86.7263,"MOTOR VEHICLE IN TRANSPORT","37211","2018","April","Spring","05","Monday","Weekday","No Injuries","No Fatalities"
9.97042320292741e-314,2018-04-23 10:50:00,1,0,0,NA,"N","NOT COLLISION W/MOTOR VEHICLE-TRANSPORT","RAIN","DAYLIGHT","I24 W ENT RAMP & I 40","NASHVILLE","HERMIT",36.1392,-86.727,"GUARDRAIL FACE","37217","2018","April","Spring","10","Monday","Weekday","No Injuries","No Fatalities"
9.97042322911288e-314,2018-04-23 11:45:00,2,4,0,NA,"N","SIDESWIPE - SAME DIRECTION","RAIN","DAYLIGHT","NOLENSVILLE PKE & BRENTWOOD EAST DR","ANTIOCH","SOUTH",36.04386,-86.71309,"MOTOR VEHICLE IN TRANSPORT","37013","2018","April","Spring","11","Monday","Weekday","Injuries","No Fatalities"
9.97042325134584e-314,2018-04-23 12:06:00,2,0,0,NA,"N","Front to Rear","RAIN","DAYLIGHT","MM 215 4 I 40","NASHVILLE","HERMIT",36.14361,-86.68843,"MOTOR VEHICLE IN TRANSPORT","37217","2018","April","Spring","12","Monday","Weekday","No Injuries","No Fatalities"
9.9704232518399e-314,2018-04-23 12:07:00,2,0,0,NA,"N","Front to Rear","RAIN","DAYLIGHT","MM 87 6 I 65","NASHVILLE","EAST",36.20972,-86.77607,"MOTOR VEHICLE IN TRANSPORT","37207","2018","April","Spring","12","Monday","Weekday","No Injuries","No Fatalities"
9.97042325381617e-314,2018-04-23 12:05:00,2,0,0,NA,"N","Front to Rear","RAIN","DAYLIGHT","MM 33 0 I 24","JOELTON","NORTH",36.33129,-86.90075,"MOTOR VEHICLE IN TRANSPORT","37080","2018","April","Spring","12","Monday","Weekday","No Injuries","No Fatalities"
9.97042326814407e-314,2018-04-23 12:20:00,2,0,0,NA,"N","SIDESWIPE - SAME DIRECTION","RAIN","DAYLIGHT","MM 213 8 I 40","NASHVILLE","HERMIT",36.14138,-86.71627,"MOTOR VEHICLE IN TRANSPORT","37217","2018","April","Spring","12","Monday","Weekday","No Injuries","No Fatalities"
9.97042328197791e-314,2018-04-23 12:40:00,4,2,0,NA,"N","Front to Rear","RAIN","DAYLIGHT","MM 3 7 I 440","NASHVILLE","MIDTOW",36.1159,-86.79527,"MOTOR VEHICLE IN TRANSPORT","37215","2018","April","Spring","12","Monday","Weekday","Injuries","No Fatalities"
9.97042329185922e-314,2018-04-23 12:52:00,2,0,0,NA,"N","Front to Rear","RAIN","DAYLIGHT","SPRING ST ENT RAMP & ELLINGTON PKWYS","NASHVILLE","EAST",36.17813,-86.76392,"MOTOR VEHICLE IN TRANSPORT","37207","2018","April","Spring","12","Monday","Weekday","No Injuries","No Fatalities"
9.97042329828208e-314,2018-04-23 12:16:00,2,0,0,NA,"N","Front to Rear","RAIN","DAYLIGHT","MM 52 7 I 24","NASHVILLE","SOUTH",36.12289,-86.72775,"MOTOR VEHICLE IN TRANSPORT","37210","2018","April","Spring","12","Monday","Weekday","No Injuries","No Fatalities"
9.97042331606844e-314,2018-04-23 11:30:00,2,0,0,NA,"N","Front to Rear","RAIN","DAYLIGHT","THOMPSON LN & NOLENSVILLE PKE","NASHVILLE","MIDTOW",36.11094,-86.74522,"MOTOR VEHICLE IN TRANSPORT","37211","2018","April","Spring","11","Monday","Weekday","No Injuries","No Fatalities"
9.97042334670051e-314,2018-04-23 12:47:00,2,0,0,NA,"N","ANGLE","RAIN","DAYLIGHT","MM 54 6 I 24","NASHVILLE","SOUTH",36.09977,-86.71097,"MOTOR VEHICLE IN TRANSPORT","37211","2018","April","Spring","12","Monday","Weekday","No Injuries","No Fatalities"
9.97042337387412e-314,2018-04-23 12:09:00,2,0,0,NA,"N","ANGLE","RAIN","DARK - NOT LIGHTED","CURTIS ST & LLOYD AV","NASHVILLE","NORTH",36.20063,-86.83189,"MOTOR VEHICLE IN TRANSPORT","37218","2018","April","Spring","12","Monday","Weekday","No Injuries","No Fatalities"
9.9704118977173e-314,2018-04-15 11:14:00,1,1,0,NA,"N","NOT COLLISION W/MOTOR VEHICLE-TRANSPORT","RAIN","DAYLIGHT","I65 S EXT RAMP & BRILEY PKWYE","NASHVILLE","EAST",36.23995,-86.748,"","37216","2018","April","Spring","11","Sunday","Weekend","Injuries","No Fatalities"
9.97041204396073e-314,2018-04-16 00:30:00,1,0,0,NA,"Y","NOT COLLISION W/MOTOR VEHICLE-TRANSPORT","RAIN","DARK - NOT LIGHTED","THE COVE APT PVTDR & ALTA LAKE GRNWY","HERMITAGE","HERMIT",36.16599,-86.60388,"FENCE","37076","2018","April","Spring","00","Monday","Weekday","No Injuries","No Fatalities"
9.97041208694444e-314,2018-04-16 02:29:00,2,1,0,NA,"N","Front to Rear","RAIN","DARK - LIGHTED","CHARLOTTE AV & 26TH AVN","NASHVILLE","MIDTOW",36.15444,-86.81595,"MOTOR VEHICLE IN TRANSPORT","37209","2018","April","Spring","02","Monday","Weekday","Injuries","No Fatalities"
9.97041241302777e-314,2018-04-16 08:22:00,1,0,0,NA,"Y","NOT COLLISION W/MOTOR VEHICLE-TRANSPORT","RAIN","DARK - LIGHTED","PARAGON MILLS RD & VALLEY RIDGE DR","NASHVILLE","SOUTH",36.08791,-86.72302,"BUILDING;OTHER POST, POLE, SUPP.","37211","2018","April","Spring","08","Monday","Weekday","No Injuries","No Fatalities"
9.97041257804569e-314,2018-04-16 09:35:00,1,0,0,NA,"Y","NOT COLLISION W/MOTOR VEHICLE-TRANSPORT","RAIN","DARK - NOT LIGHTED","JO JOHNSTON AV & 19TH AVN","NASHVILLE","NORTH",36.15997,-86.80312,"FENCE","37203","2018","April","Spring","09","Monday","Weekday","No Injuries","No Fatalities"
9.97041707601933e-314,2018-04-19 01:30:00,2,0,0,NA,"N","ANGLE","RAIN","DARK - LIGHTED","HIGHWAY 70S & BELLEVUE CTR PVTDR","NASHVILLE","WEST",36.07745,-86.94714,"MOTOR VEHICLE IN TRANSPORT","37221","2018","April","Spring","01","Thursday","Weekday","No Injuries","No Fatalities"
9.9704171382716e-314,2018-04-19 02:24:00,2,0,0,NA,"N","ANGLE","RAIN","DARK - LIGHTED","EDGE MOOR DR & GALESBURG DR","NASHVILLE","HERMIT",36.07508,-86.62672,"MOTOR VEHICLE IN TRANSPORT","37217","2018","April","Spring","02","Thursday","Weekday","No Injuries","No Fatalities"
9.97041717680872e-314,2018-04-19 02:55:00,2,0,0,NA,"N","HEAD-ON","RAIN","DARK - NOT LIGHTED","MARTINGALE DR & ROBINSON RD","OLD HICKORY","HERMIT",36.25791,-86.65685,"MOTOR VEHICLE IN TRANSPORT","37138","2018","April","Spring","02","Thursday","Weekday","No Injuries","No Fatalities"
9.97041719607728e-314,2018-04-19 03:01:00,1,1,0,NA,"N","NOT COLLISION W/MOTOR VEHICLE-TRANSPORT","RAIN","DARK - NOT LIGHTED","DEERWOOD CT & BLUE HILLS DR","NASHVILLE","HERMIT",36.16229,-86.68354,"UTILITY POLE","37214","2018","April","Spring","03","Thursday","Weekday","Injuries","No Fatalities"
9.97041724795418e-314,2018-04-19 03:54:00,1,1,0,NA,"N","NOT COLLISION W/MOTOR VEHICLE-TRANSPORT","RAIN","DARK - NOT LIGHTED","BURKITT RD & WESTCOTT LN","NOLENSVILLE","SOUTH",35.99054,-86.67059,"UTILITY POLE;Ran Off Road-Right","37135","2018","April","Spring","03","Thursday","Weekday","Injuries","No Fatalities"
9.97041727018713e-314,2018-04-19 03:43:00,2,4,0,NA,"N","ANGLE","RAIN","DARK - LIGHTED","BELL RD & HICKORY HOLLOW TER","ANTIOCH","SOUTH",36.05073,-86.64691,"MOTOR VEHICLE IN TRANSPORT","37013","2018","April","Spring","03","Thursday","Weekday","Injuries","No Fatalities"
9.97041739024508e-314,2018-04-19 04:00:00,1,0,0,NA,"N","NOT COLLISION W/MOTOR VEHICLE-TRANSPORT","RAIN","DARK - NOT LIGHTED","MT VIEW RD & HICKORY HOLLOW PKWY","ANTIOCH","SOUTH",36.05883,-86.67045,"UTILITY POLE","37013","2018","April","Spring","04","Thursday","Weekday","No Injuries","No Fatalities"
9.97042943358927e-314,2018-04-27 03:50:00,1,1,0,NA,"N","NOT COLLISION W/MOTOR VEHICLE-TRANSPORT","RAIN","DARK - LIGHTED","MM 54 0 I 24","NASHVILLE","SOUTH",36.10613,-86.71874,"CONCRETE TRAFFIC BARRIER","37211","2018","April","Spring","03","Friday","Weekday","Injuries","No Fatalities"
9.97042381359254e-314,2018-04-23 06:30:00,1,0,0,NA,"N","NOT COLLISION W/MOTOR VEHICLE-TRANSPORT","RAIN","DARK - LIGHTED","MURFREESBORO PKE & MOUNTAIN SPRINGS RD","ANTIOCH","SOUTH",36.04784,-86.61205,"OTHER FIXED OBJECTS","37013","2018","April","Spring","06","Monday","Weekday","No Injuries","No Fatalities"
9.97042397465794e-314,2018-04-23 05:00:00,1,0,0,NA,"N","NOT COLLISION W/MOTOR VEHICLE-TRANSPORT","RAIN","DAYLIGHT","ELM HILL PKE & PATIO DR","NASHVILLE","HERMIT",36.14194,-86.64165,"GUARDRAIL END","37214","2018","April","Spring","05","Monday","Weekday","No Injuries","No Fatalities"
9.97042414264026e-314,2018-04-24 00:59:00,2,0,0,NA,"N","Front to Rear","RAIN","DARK - NOT LIGHTED","MM 193 1 I 40","NASHVILLE","WEST",36.07735,-87.01004,"MOTOR VEHICLE IN TRANSPORT","37221","2018","April","Spring","00","Tuesday","Weekday","No Injuries","No Fatalities"
9.97042423256021e-314,2018-04-24 01:55:00,2,0,0,NA,"N","Front to Rear","RAIN","DARK - LIGHTED","TODD PREIS DR & SAWYER BROWN RD","NASHVILLE","WEST",36.07112,-86.94708,"MOTOR VEHICLE IN TRANSPORT","37221","2018","April","Spring","01","Tuesday","Weekday","No Injuries","No Fatalities"
9.97042424639405e-314,2018-04-23 05:00:00,2,0,0,NA,"N","SIDESWIPE - SAME DIRECTION","RAIN","DARK - LIGHTED","KNAPP BLVD & DONELSON PKE","NASHVILLE","HERMIT",36.10965,-86.67113,"MOTOR VEHICLE IN TRANSPORT","37217","2018","April","Spring","05","Monday","Weekday","No Injuries","No Fatalities"
9.9704248827506e-314,2018-04-24 12:36:00,2,0,0,NA,"N","NOT COLLISION W/MOTOR VEHICLE-TRANSPORT","RAIN","DAYLIGHT","BRILEY PKWYW & BRILEY PKWYE","NASHVILLE","NORTH",36.23445,-86.80077,"GUARDRAIL FACE;CONCRETE TRAFFIC BARRIER","37218","2018","April","Spring","12","Tuesday","Weekday","No Injuries","No Fatalities"
9.97042546278367e-314,2018-04-24 05:00:00,2,0,0,NA,"N","Front to Rear","RAIN","DAYLIGHT","MM 79 6 I 65","NASHVILLE","MIDTOW",36.10898,-86.76959,"MOTOR VEHICLE IN TRANSPORT","37204","2018","April","Spring","05","Tuesday","Weekday","No Injuries","No Fatalities"
9.97042821374119e-314,2018-04-26 10:27:00,2,1,0,NA,"N","ANGLE","RAIN","DARK - LIGHTED","MT VIEW RIDGE DR & MT VIEW RD","ANTIOCH","SOUTH",36.06815,-86.59638,"MOTOR VEHICLE IN TRANSPORT","37013","2018","April","Spring","10","Thursday","Weekday","Injuries","No Fatalities"
9.9704282883451e-314,2018-04-26 11:30:00,3,1,0,NA,"N","Front to Rear","RAIN","DAYLIGHT","I40 W ENT RAMP & I 65","NASHVILLE","MIDTOW",36.14677,-86.77709,"MOTOR VEHICLE IN TRANSPORT","37203","2018","April","Spring","11","Thursday","Weekday","Injuries","No Fatalities"
9.97042830020267e-314,2018-04-26 11:54:00,2,0,0,NA,"N","SIDESWIPE - SAME DIRECTION","RAIN","DAYLIGHT","MM 212 3 I 40","NASHVILLE","HERMIT",36.14497,-86.74003,"MOTOR VEHICLE IN TRANSPORT","37210","2018","April","Spring","11","Thursday","Weekday","No Injuries","No Fatalities"
9.97042830217894e-314,2018-04-26 11:55:00,2,1,0,NA,"N","Front to Rear","RAIN","DAYLIGHT","OLD HICKORY BLVD & HOBSON PKE","ANTIOCH","SOUTH",36.03566,-86.61121,"MOTOR VEHICLE IN TRANSPORT","37013","2018","April","Spring","11","Thursday","Weekday","Injuries","No Fatalities"
9.97042830662553e-314,2018-04-26 12:00:00,2,0,0,NA,"N","Front to Rear","RAIN","DAYLIGHT","MM 87 2 I 65","NASHVILLE","EAST",36.20488,-86.77666,"MOTOR VEHICLE IN TRANSPORT","37207","2018","April","Spring","12","Thursday","Weekday","No Injuries","No Fatalities"
9.97042832441189e-314,2018-04-26 12:40:00,3,1,0,NA,"N","Front to Rear","RAIN","DAYLIGHT","ELM HILL PKE & NEILWORTH LN","NASHVILLE","HERMIT",36.14301,-86.65109,"MOTOR VEHICLE IN TRANSPORT","37214","2018","April","Spring","12","Thursday","Weekday","Injuries","No Fatalities"
9.97042834664484e-314,2018-04-26 12:40:00,2,0,0,NA,"N","Front to Rear","RAIN","DAYLIGHT","ELM HILL PKE & NEILWORTH LN","NASHVILLE","HERMIT",36.14301,-86.65109,"MOTOR VEHICLE IN TRANSPORT","37214","2018","April","Spring","12","Thursday","Weekday","No Injuries","No Fatalities"
9.97042835899649e-314,2018-04-26 12:47:00,2,0,0,NA,"N","Front to Rear","RAIN","DAYLIGHT","MM 215 4 I 40","NASHVILLE","HERMIT",36.14342,-86.68712,"MOTOR VEHICLE IN TRANSPORT","37217","2018","April","Spring","12","Thursday","Weekday","No Injuries","No Fatalities"
9.97042836196088e-314,2018-04-26 12:50:00,2,1,0,NA,"N","ANGLE","RAIN","DAYLIGHT","CRAIGHEAD AV & CENTRAL AV","NASHVILLE","WEST",36.13556,-86.82871,"MOTOR VEHICLE IN TRANSPORT","37205","2018","April","Spring","12","Thursday","Weekday","Injuries","No Fatalities"
9.97042836937186e-314,2018-04-26 12:57:00,2,2,0,NA,"N","Front to Rear","RAIN","DAYLIGHT","10TH AVS & ACKLEN AV","NASHVILLE","MIDTOW",36.13359,-86.78555,"MOTOR VEHICLE IN TRANSPORT","37204","2018","April","Spring","12","Thursday","Weekday","Injuries","No Fatalities"