"Accident.Number","Date.and.Time","Number.of.Motor.Vehicles","Number.of.Injuries","Number.of.Fatalities","Property.Damage","Hit.and.Run","Collision.Type.Description","Weather.Description","Illumination.Description","Street.Address","City","Precinct","Latitude","Longitude","HarmfulDescriptions","Zip.Code","Year","Month","Season","Hour","Weekday","DayType","Accident","Fatality_category"
9.97042838419383e-314,2018-04-26 05:00:00,2,0,0,NA,"Y","SIDESWIPE - OPPOSITE DIRECTION","RAIN","UNKNOWN","PRESTON CT & IRMA DR","ANTIOCH","SOUTH",36.06614,-86.67442,"PARKED MOTOR VEHICLE","37013","2018","April","Spring","05","Thursday","Weekday","No Injuries","No Fatalities"
9.97041050544031e-314,2018-04-14 05:00:00,1,0,0,NA,"Y","NOT COLLISION W/MOTOR VEHICLE-TRANSPORT","RAIN","DAYLIGHT","MM 0 0 PIN HOOK RD","ANTIOCH","SOUTH",36.050572,-86.608861,"OTHER FIXED OBJECTS","37013","2018","April","Spring","05","Saturday","Weekend","No Injuries","No Fatalities"
9.97041059585432e-314,2018-04-14 05:00:00,2,0,0,NA,"Y","UNKNOWN","RAIN","DAYLIGHT","NOLENSVILLE PKE & ALICE AV","NASHVILLE","SOUTH",36.073,-86.7243,"UNKNOWN MOST HARMFUL EVENT","37211","2018","April","Spring","05","Saturday","Weekend","No Injuries","No Fatalities"
9.97041076284851e-314,2018-04-15 00:43:00,2,1,0,NA,"N","ANGLE","RAIN","DARK - LIGHTED","GALLATIN PKE & FAIRWIN AV","NASHVILLE","EAST",36.19801,-86.74153,"MOTOR VEHICLE IN TRANSPORT","37206","2018","April","Spring","00","Sunday","Weekend","Injuries","No Fatalities"
9.97041076433071e-314,2018-04-15 00:44:00,2,0,0,NA,"N","Rear to Side","RAIN","DARK - LIGHTED","HARDING PL & DANBY DR","NASHVILLE","MIDTOW",36.07939,-86.74737,"MOTOR VEHICLE IN TRANSPORT;MAIL BOX;TREE","37211","2018","April","Spring","00","Sunday","Weekend","No Injuries","No Fatalities"
9.97041076531884e-314,2018-04-15 00:47:00,2,0,0,NA,"N","ANGLE","RAIN","DARK - LIGHTED","DEMONBREUN ST & 8TH AVS","NASHVILLE","CENTRA",36.15687,-86.78084,"MOTOR VEHICLE IN TRANSPORT","37203","2018","April","Spring","00","Sunday","Weekend","No Injuries","No Fatalities"
9.9704107845874e-314,2018-04-15 00:59:00,2,1,0,NA,"N","SIDESWIPE - SAME DIRECTION","RAIN","DARK - NOT LIGHTED","MM 205 4 I 40","NASHVILLE","WEST",36.15458,-86.83184,"MOTOR VEHICLE IN TRANSPORT","37209","2018","April","Spring","00","Sunday","Weekend","Injuries","No Fatalities"
9.97041080830255e-314,2018-04-15 01:00:00,1,0,0,NA,"Y","NOT COLLISION W/MOTOR VEHICLE-TRANSPORT","RAIN","DARK - LIGHTED","OLD HICKORY BLVD & LOGISTICS WAY","ANTIOCH","SOUTH",36.02469,-86.61597,"EMBANKMENT EARTH","37013","2018","April","Spring","01","Sunday","Weekend","No Injuries","No Fatalities"
9.97041081867793e-314,2018-04-15 01:35:00,2,0,0,NA,"Y","SIDESWIPE - OPPOSITE DIRECTION","RAIN","DARK - LIGHTED","JEFFERSON ST & DOWNTOWN GRNWY","NASHVILLE","CENTRA",36.17557,-86.78234,"MOTOR VEHICLE IN TRANSPORT;BRIDGE RAIL;Set In Motion By Motor Vehicle","37201","2018","April","Spring","01","Sunday","Weekend","No Injuries","No Fatalities"
9.97041082707704e-314,2018-04-15 01:44:00,2,0,0,NA,"N","SIDESWIPE - SAME DIRECTION","RAIN","DARK - LIGHTED","12TH AVS & DEMONBREUN ST","NASHVILLE","CENTRA",36.15438,-86.78606,"MOTOR VEHICLE IN TRANSPORT","37203","2018","April","Spring","01","Sunday","Weekend","No Injuries","No Fatalities"
9.97041083004144e-314,2018-04-15 01:45:00,2,1,0,NA,"N","Front to Rear","RAIN","DARK - LIGHTED","0 I 40","NASHVILLE","HERMIT",36.15286,-86.76571,"MOTOR VEHICLE IN TRANSPORT","37210","2018","April","Spring","01","Sunday","Weekend","Injuries","No Fatalities"
9.97041084683967e-314,2018-04-15 00:17:00,2,0,0,NA,"Y","UNKNOWN","RAIN","DARK - LIGHTED","PLUS PARK BLVD & I24 W EXT RAMP","NASHVILLE","SOUTH",36.12995,-86.72535,"PARKED MOTOR VEHICLE","37217","2018","April","Spring","00","Sunday","Weekend","No Injuries","No Fatalities"
9.97041085523878e-314,2018-04-15 02:13:00,2,0,0,NA,"N","ANGLE","RAIN","DARK - NOT LIGHTED","STATE RT 45 & ARCHWOOD DR","MADISON","MADISO",36.26381,-86.68712,"MOTOR VEHICLE IN TRANSPORT","37115","2018","April","Spring","02","Sunday","Weekend","No Injuries","No Fatalities"
9.97041085869724e-314,2018-04-15 02:16:00,2,0,0,NA,"Y","SIDESWIPE - SAME DIRECTION","RAIN","DARK - LIGHTED","JEFFERSON ST & 2ND AVN","NASHVILLE","CENTRA",36.17517,-86.78406,"MOTOR VEHICLE IN TRANSPORT","37208","2018","April","Spring","02","Sunday","Weekend","No Injuries","No Fatalities"
9.97041088043613e-314,2018-04-15 02:40:00,1,0,0,NA,"N","NOT COLLISION W/MOTOR VEHICLE-TRANSPORT","RAIN","DARK - NOT LIGHTED","GALLATIN PKES & LAKEWOOD DR","MADISON","MADISO",36.24429,-86.72258,"UTILITY POLE;PAVED SURFACE-IRREGULAR","37115","2018","April","Spring","02","Sunday","Weekend","No Injuries","No Fatalities"
9.97041088636492e-314,2018-04-14 05:00:00,1,0,0,NA,"Y","NOT COLLISION W/MOTOR VEHICLE-TRANSPORT","RAIN","DARK - NOT LIGHTED","MM 200 7 I 40","NASHVILLE","WEST",36.12674,-86.90253,"CONCRETE TRAFFIC BARRIER;Ran Off Road-Left","37205","2018","April","Spring","05","Saturday","Weekend","No Injuries","No Fatalities"
9.97041088932931e-314,2018-04-15 02:19:00,2,0,0,NA,"Y","SIDESWIPE - SAME DIRECTION","RAIN","DARK - LIGHTED","BROADWAY & 4TH AVN","NASHVILLE","CENTRA",36.16102,-86.7772,"MOTOR VEHICLE IN TRANSPORT","37203","2018","April","Spring","02","Sunday","Weekend","No Injuries","No Fatalities"
9.97041092341984e-314,2018-04-15 03:20:00,1,0,0,NA,"N","NOT COLLISION W/MOTOR VEHICLE-TRANSPORT","RAIN","DARK - LIGHTED","MM 52 8 I 24","NASHVILLE","SOUTH",36.1211,-86.7272,"WALL","37210","2018","April","Spring","03","Sunday","Weekend","No Injuries","No Fatalities"
9.97041093922994e-314,2018-04-15 00:31:00,2,0,0,NA,"Y","ANGLE","RAIN","DARK - LIGHTED","MM 215 6 I 40","NASHVILLE","HERMIT",36.14289,-86.68355,"MOTOR VEHICLE IN TRANSPORT;UNKNOWN MOST HARMFUL EVENT","37214","2018","April","Spring","00","Sunday","Weekend","No Injuries","No Fatalities"
9.97041093972401e-314,2018-04-15 04:01:00,2,1,0,NA,"N","ANGLE","RAIN","DARK - LIGHTED","HILLSBORO PKE & 21ST AVS","NASHVILLE","MIDTOW",36.12531,-86.80561,"MOTOR VEHICLE IN TRANSPORT;H-WAY TRAFFIC SIGNAL POST;TRAFFIC SIGNAL SUPPORT","37212","2018","April","Spring","04","Sunday","Weekend","Injuries","No Fatalities"
9.9704109614629e-314,2018-04-15 04:18:00,2,1,0,NA,"N","HEAD-ON","RAIN","DARK - LIGHTED","LEBANON PKE & ANDREW JACKSON PKWY","HERMITAGE","HERMIT",36.21512,-86.59767,"MOTOR VEHICLE IN TRANSPORT","37076","2018","April","Spring","04","Sunday","Weekend","Injuries","No Fatalities"
9.97041100790507e-314,2018-04-15 04:25:00,2,0,0,NA,"Y","UNKNOWN","RAIN","DARK - LIGHTED","OKEE TRL & UNA ANTIOCH PKE","ANTIOCH","SOUTH",36.07742,-86.65789,"MOTOR VEHICLE IN TRANSPORT;GUARDRAIL END;Ran Off Road-Right","37013","2018","April","Spring","04","Sunday","Weekend","No Injuries","No Fatalities"
9.97041101581012e-314,2018-04-15 05:00:00,1,0,0,NA,"Y","UNKNOWN","RAIN","DARK - LIGHTED","I24 W EXT RAMP & I 24","NASHVILLE","SOUTH",36.10844,-86.72026,"UNKNOWN MOST HARMFUL EVENT","37211","2018","April","Spring","05","Sunday","Weekend","No Injuries","No Fatalities"
9.97041102519737e-314,2018-04-15 05:03:00,2,0,0,NA,"N","Front to Rear","RAIN","DARK - LIGHTED","MM 55 8 I 24","NASHVILLE","SOUTH",36.08447,-86.69897,"MOTOR VEHICLE IN TRANSPORT","37211","2018","April","Spring","05","Sunday","Weekend","No Injuries","No Fatalities"
9.97041103211429e-314,2018-04-15 05:07:00,2,0,0,NA,"Y","Front to Rear","RAIN","DARK - LIGHTED","GALLATIN PKE & MCGAVOCK PKE","NASHVILLE","EAST",36.20537,-86.73735,"MOTOR VEHICLE IN TRANSPORT","37216","2018","April","Spring","05","Sunday","Weekend","No Injuries","No Fatalities"
9.97041103507868e-314,2018-04-14 05:00:00,1,0,0,NA,"Y","NOT COLLISION W/MOTOR VEHICLE-TRANSPORT","RAIN","DARK - LIGHTED","MM 55 4 I 24","NASHVILLE","SOUTH",36.09012,-86.70312,"GUARDRAIL FACE;LUMINAIRE/LIGHT SUPPORT;Ran Off Road-Right","37211","2018","April","Spring","05","Saturday","Weekend","No Injuries","No Fatalities"
9.97041104397186e-314,2018-04-15 05:23:00,1,0,0,NA,"N","NOT COLLISION W/MOTOR VEHICLE-TRANSPORT","RAIN","DARK - LIGHTED","MM 48 8 I 24","NASHVILLE","CENTRA",36.16806,-86.76588,"CONCRETE TRAFFIC BARRIER","37213","2018","April","Spring","05","Sunday","Weekend","No Injuries","No Fatalities"
9.97041104545406e-314,2018-04-15 05:15:00,1,0,0,NA,"Y","NOT COLLISION W/MOTOR VEHICLE-TRANSPORT","RAIN","DARK - LIGHTED","GLANCY ST & GLEAVES ST","GOODLETTSVILLE","MADISO",36.29854,-86.7013,"UTILITY POLE","37072","2018","April","Spring","05","Sunday","Weekend","No Injuries","No Fatalities"
9.97041105582944e-314,2018-04-15 05:30:00,2,0,0,NA,"Y","Front to Rear","RAIN","DARK - LIGHTED","GALLATIN PKE & W KIRKLAND AV","NASHVILLE","EAST",36.20852,-86.73485,"MOTOR VEHICLE IN TRANSPORT","37216","2018","April","Spring","05","Sunday","Weekend","No Injuries","No Fatalities"
9.97041108744964e-314,2018-04-15 04:55:00,2,0,0,NA,"Y","SIDESWIPE - SAME DIRECTION","RAIN","DARK - LIGHTED","MM 48 8 I 24","NASHVILLE","CENTRA",36.16788,-86.76577,"MOTOR VEHICLE IN TRANSPORT","37213","2018","April","Spring","04","Sunday","Weekend","No Injuries","No Fatalities"
9.97041112944522e-314,2018-04-15 06:44:00,1,1,0,NA,"N","NOT COLLISION W/MOTOR VEHICLE-TRANSPORT","RAIN","DARK - LIGHTED","KNIGHT DR & BRICK CHURCH LN","WHITES CREEK","NORTH",36.24437,-86.80179,"DITCH;TREE;DEER (ANIMAL)","37189","2018","April","Spring","06","Sunday","Weekend","Injuries","No Fatalities"
9.97041116798234e-314,2018-04-15 07:20:00,1,1,0,NA,"N","NOT COLLISION W/MOTOR VEHICLE-TRANSPORT","RAIN","DARK - LIGHTED","1ST AVS & 1ST AVN","NASHVILLE","CENTRA",36.16223,-86.77436,"PEDESTRIAN","37201","2018","April","Spring","07","Sunday","Weekend","Injuries","No Fatalities"
9.97041116897047e-314,2018-04-14 05:00:00,2,0,0,NA,"N","SIDESWIPE - SAME DIRECTION","RAIN","DARK - LIGHTED","NOLENSVILLE PKE & NORTHCREST DR","NASHVILLE","SOUTH",36.06549,-86.71743,"MOTOR VEHICLE IN TRANSPORT","37211","2018","April","Spring","05","Saturday","Weekend","No Injuries","No Fatalities"
9.97041119614408e-314,2018-04-15 07:48:00,2,0,0,NA,"Y","Front to Rear","RAIN","DARK - LIGHTED","I24 E ENT RAMP & I 24","NASHVILLE","CENTRA",36.04495,-86.65975,"MOTOR VEHICLE IN TRANSPORT;PARKED MOTOR VEHICLE","37213","2018","April","Spring","07","Sunday","Weekend","No Injuries","No Fatalities"
9.9704112015788e-314,2018-04-15 08:00:00,1,1,0,NA,"N","NOT COLLISION W/MOTOR VEHICLE-TRANSPORT","RAIN","DARK - NOT LIGHTED","MM 217 1 I 40","NASHVILLE","HERMIT",36.14539,-86.64572,"CONCRETE TRAFFIC BARRIER","37214","2018","April","Spring","08","Sunday","Weekend","Injuries","No Fatalities"
9.97041120256693e-314,2018-04-15 08:02:00,1,0,0,NA,"N","NOT COLLISION W/MOTOR VEHICLE-TRANSPORT","RAIN","DARK - LIGHTED","MM 58 5 I 24","ANTIOCH","SOUTH",36.05309,-86.67241,"","37013","2018","April","Spring","08","Sunday","Weekend","No Injuries","No Fatalities"
9.97041120355507e-314,2018-04-15 06:34:00,2,0,0,NA,"Y","ANGLE","RAIN","DARK - LIGHTED","PLUS PARK BLVD & PAVILION BLVD","NASHVILLE","SOUTH",36.13031,-86.72536,"Motor Vehicle-In-Motion Outside Trafficw","37217","2018","April","Spring","06","Sunday","Weekend","No Injuries","No Fatalities"
9.97041120849572e-314,2018-04-15 07:30:00,2,1,0,NA,"Y","ANGLE","RAIN","DARK - LIGHTED","NOLENSVILLE PKE & MCCLAIN AV","NASHVILLE","MIDTOW",36.11252,-86.74607,"MOTOR VEHICLE IN TRANSPORT","37211","2018","April","Spring","07","Sunday","Weekend","Injuries","No Fatalities"
9.97041121788297e-314,2018-04-15 05:00:00,2,0,0,NA,"Y","ANGLE","RAIN","DARK - LIGHTED","INTERSTATE DR & I24 E ENT RAMP","NASHVILLE","CENTRA",36.17019,-86.76832,"MOTOR VEHICLE IN TRANSPORT","37213","2018","April","Spring","05","Sunday","Weekend","No Injuries","No Fatalities"
9.97041122084736e-314,2018-04-15 07:09:00,2,0,0,NA,"N","Front to Rear","RAIN","DARK - LIGHTED","BROADWAY & 4TH AVN","NASHVILLE","CENTRA",36.16102,-86.7772,"MOTOR VEHICLE IN TRANSPORT","37203","2018","April","Spring","07","Sunday","Weekend","No Injuries","No Fatalities"
9.97041124110405e-314,2018-04-15 06:40:00,2,1,0,NA,"N","Front to Rear","RAIN","DARK - LIGHTED","I24 W EXT RAMP & SPENCE LN","NASHVILLE","SOUTH",36.1358,-86.72504,"MOTOR VEHICLE IN TRANSPORT","37217","2018","April","Spring","06","Sunday","Weekend","Injuries","No Fatalities"
9.97041124357438e-314,2018-04-15 07:00:00,2,0,0,NA,"N","Front to Rear","RAIN","DARK - LIGHTED","4TH AVN & COMMERCE ST","NASHVILLE","CENTRA",36.16238,-86.77808,"MOTOR VEHICLE IN TRANSPORT","37201","2018","April","Spring","07","Sunday","Weekend","No Injuries","No Fatalities"
9.97041125147943e-314,2018-04-15 09:00:00,2,1,0,NA,"N","Front to Rear","RAIN","DARK - LIGHTED","MM 43 7 I 24","NASHVILLE","NORTH",36.23502,-86.78521,"PARKED MOTOR VEHICLE;Cable Barrier;Ran Off Road-Right;Ran Off Road-Left","37207","2018","April","Spring","09","Sunday","Weekend","Injuries","No Fatalities"
9.97041126580734e-314,2018-04-15 09:33:00,2,0,0,NA,"N","SIDESWIPE - SAME DIRECTION","RAIN","DARK - LIGHTED","HICKORY HOLLOW MALL PVTDR PL & HICKORY H","ANTIOCH","SOUTH",36.0524,-86.65932,"PARKED MOTOR VEHICLE","37013","2018","April","Spring","09","Sunday","Weekend","No Injuries","No Fatalities"
9.97041133892905e-314,2018-04-15 11:12:00,2,0,0,NA,"N","ANGLE","RAIN","DAYLIGHT","MM 53 0 I 24","NASHVILLE","SOUTH",36.11853,-86.7263,"MOTOR VEHICLE IN TRANSPORT","37210","2018","April","Spring","11","Sunday","Weekend","No Injuries","No Fatalities"
9.97041134238751e-314,2018-04-15 11:26:00,2,0,0,NA,"Y","Front to Rear","RAIN","DAWN","0 I 65","NASHVILLE","NORTH",36.28345,-86.73019,"MOTOR VEHICLE IN TRANSPORT","37207","2018","April","Spring","11","Sunday","Weekend","No Injuries","No Fatalities"
9.97041134337564e-314,2018-04-15 11:25:00,1,1,0,NA,"N","NOT COLLISION W/MOTOR VEHICLE-TRANSPORT","RAIN","DAYLIGHT","MM 59 3 I 24","ANTIOCH","SOUTH",36.04657,-86.66088,"CONCRETE TRAFFIC BARRIER","37013","2018","April","Spring","11","Sunday","Weekend","Injuries","No Fatalities"
9.9704113483163e-314,2018-04-15 11:43:00,2,0,0,NA,"N","ANGLE","RAIN","DAYLIGHT","HAYWOOD LN & EZELL RD","NASHVILLE","SOUTH",36.06959,-86.69391,"MOTOR VEHICLE IN TRANSPORT","37211","2018","April","Spring","11","Sunday","Weekend","No Injuries","No Fatalities"
9.97041135177476e-314,2018-04-15 11:45:00,1,0,0,NA,"N","NOT COLLISION W/MOTOR VEHICLE-TRANSPORT","RAIN","DAWN","MM 40 8 I 24","WHITES CREEK","NORTH",36.27331,-86.79581,"","37189","2018","April","Spring","11","Sunday","Weekend","No Injuries","No Fatalities"
9.97041135325696e-314,2018-04-15 11:56:00,1,2,0,NA,"N","NOT COLLISION W/MOTOR VEHICLE-TRANSPORT","RAIN","DAYLIGHT","MM 208 6 I 40","NASHVILLE","CENTRA",36.16244,-86.79356,"CONCRETE TRAFFIC BARRIER","37203","2018","April","Spring","11","Sunday","Weekend","Injuries","No Fatalities"
9.97041136659673e-314,2018-04-15 12:16:00,2,2,0,NA,"N","SIDESWIPE - SAME DIRECTION","RAIN","DAYLIGHT","MM 56 8 I 24","NASHVILLE","SOUTH",36.07127,-86.69083,"MOTOR VEHICLE IN TRANSPORT;CONCRETE TRAFFIC BARRIER","37211","2018","April","Spring","12","Sunday","Weekend","Injuries","No Fatalities"
9.97041136956112e-314,2018-04-15 12:22:00,1,0,0,NA,"N","NOT COLLISION W/MOTOR VEHICLE-TRANSPORT","RAIN","DAYLIGHT","MM 5 5 I 440","NASHVILLE","MIDTOW",36.12069,-86.76489,"GUARDRAIL FACE","37204","2018","April","Spring","12","Sunday","Weekend","No Injuries","No Fatalities"
9.97041137203145e-314,2018-04-15 12:25:00,1,1,0,NA,"N","NOT COLLISION W/MOTOR VEHICLE-TRANSPORT","RAIN","DAYLIGHT","MM 205 4 I 40","NASHVILLE","WEST",36.15451,-86.83211,"CONCRETE TRAFFIC BARRIER","37209","2018","April","Spring","12","Sunday","Weekend","Injuries","No Fatalities"
9.97041137252552e-314,2018-04-15 05:00:00,1,0,0,NA,"Y","NOT COLLISION W/MOTOR VEHICLE-TRANSPORT","RAIN","DARK - LIGHTED","MURPHY RD & PARK CIR","NASHVILLE","WEST",36.13984,-86.82412,"MAIL BOX;Ran Off Road-Left","37205","2018","April","Spring","05","Sunday","Weekend","No Injuries","No Fatalities"
9.97041145404635e-314,2018-04-15 05:00:00,2,0,0,NA,"Y","SIDESWIPE - SAME DIRECTION","RAIN","DARK - NOT LIGHTED","3425 COUNTRY WAY","ANTIOCH","SOUTH",36.0709,-86.59727,"PARKED MOTOR VEHICLE","37013","2018","April","Spring","05","Sunday","Weekend","No Injuries","No Fatalities"
9.97041146590392e-314,2018-04-15 03:30:00,2,0,0,NA,"Y","HEAD-ON","RAIN","DARK - NOT LIGHTED","ARTELIA DR & HAWAIIAN VIEW","ANTIOCH","SOUTH",36.07329,-86.67516,"PARKED MOTOR VEHICLE","37013","2018","April","Spring","03","Sunday","Weekend","No Injuries","No Fatalities"
9.97045875490315e-314,2018-05-17 00:10:00,2,0,0,NA,"N","Front to Rear","RAIN","DARK - LIGHTED","NOLENSVILLE PKE & MCMURRAY DR","NASHVILLE","SOUTH",36.06153,-86.71671,"MOTOR VEHICLE IN TRANSPORT","37211","2018","May","Spring","00","Thursday","Weekday","No Injuries","No Fatalities"
9.97045884284683e-314,2018-05-17 02:10:00,2,1,0,NA,"N","Front to Rear","RAIN","DARK - LIGHTED","NOLENSVILLE PKE & VIVELLE AV","NASHVILLE","SOUTH",36.12677,-86.75308,"MOTOR VEHICLE IN TRANSPORT","37210","2018","May","Spring","02","Thursday","Weekday","Injuries","No Fatalities"
9.97045884729342e-314,2018-05-17 01:49:00,1,0,0,NA,"N","NOT COLLISION W/MOTOR VEHICLE-TRANSPORT","RAIN","DARK - NOT LIGHTED","I24 E EXT RAMP & I 24","NASHVILLE","NORTH",36.03661,-86.64856,"CONCRETE TRAFFIC BARRIER","37207","2018","May","Spring","01","Thursday","Weekday","No Injuries","No Fatalities"
9.97045886557385e-314,2018-05-17 02:12:00,2,0,0,NA,"N","Front to Rear","RAIN","DARK - LIGHTED","BRILEY PKWY & BRILEY PKWYS","NASHVILLE","WEST",36.13621,-86.69899,"MOTOR VEHICLE IN TRANSPORT","37209","2018","May","Spring","02","Thursday","Weekday","No Injuries","No Fatalities"
9.97045889324153e-314,2018-05-17 02:33:00,1,0,0,NA,"N","NOT COLLISION W/MOTOR VEHICLE-TRANSPORT","RAIN","DARK - NOT LIGHTED","MM 57 7 I 24","ANTIOCH","SOUTH",36.0616,-86.68156,"CONCRETE TRAFFIC BARRIER","37013","2018","May","Spring","02","Thursday","Weekday","No Injuries","No Fatalities"
9.97045892090921e-314,2018-05-17 02:30:00,2,0,0,NA,"Y","Front to Rear","RAIN","DARK - LIGHTED","MM 57 0 I 24","NASHVILLE","SOUTH",36.06965,-86.68953,"MOTOR VEHICLE IN TRANSPORT","37211","2018","May","Spring","02","Thursday","Weekday","No Injuries","No Fatalities"
9.9704589411659e-314,2018-05-17 02:38:00,1,1,0,NA,"N","NOT COLLISION W/MOTOR VEHICLE-TRANSPORT","RAIN","DARK - LIGHTED","BELL RD & MORRIS GENTRY BLVD","ANTIOCH","SOUTH",36.06744,-86.6367,"OTHER POST, POLE, SUPP.;EMBANKMENT EARTH","37013","2018","May","Spring","02","Thursday","Weekday","Injuries","No Fatalities"
9.97045895252941e-314,2018-05-17 02:27:00,2,0,0,NA,"Y","ANGLE","RAIN","DARK - NOT LIGHTED","BELL RD & HICKORY HOLLOW LN","ANTIOCH","SOUTH",36.04928,-86.65173,"MOTOR VEHICLE IN TRANSPORT","37013","2018","May","Spring","02","Thursday","Weekday","No Injuries","No Fatalities"
9.97045895796413e-314,2018-05-17 00:26:00,3,0,0,NA,"Y","Front to Rear","RAIN","DUSK","NOLENSVILLE PKE & GOINS RD","NASHVILLE","SOUTH",36.07433,-86.7247,"MOTOR VEHICLE IN TRANSPORT","37211","2018","May","Spring","00","Thursday","Weekday","No Injuries","No Fatalities"
9.97045897179797e-314,2018-05-16 05:00:00,2,1,0,NA,"Y","SIDESWIPE - OPPOSITE DIRECTION","RAIN","Dark-Unknown Lighting","OLD HICKORY BLVD & OCTOBER WOODS DR","ANTIOCH","SOUTH",36.00915,-86.62171,"MOTOR VEHICLE IN TRANSPORT","37013","2018","May","Spring","05","Wednesday","Weekday","Injuries","No Fatalities"
9.97045898266741e-314,2018-05-17 03:30:00,1,0,0,NA,"N","NOT COLLISION W/MOTOR VEHICLE-TRANSPORT","RAIN","DARK - NOT LIGHTED","5900 EDMONSON","NASHVILLE","MIDTOW",36.02432,-86.74238,"DITCH;FENCE","37211","2018","May","Spring","03","Thursday","Weekday","No Injuries","No Fatalities"
9.9704601491564e-314,2018-05-17 05:00:00,1,0,0,NA,"N","NOT COLLISION W/MOTOR VEHICLE-TRANSPORT","RAIN","DAYLIGHT","HOLT RD & HOLT HILLS RD","NASHVILLE","MIDTOW",36.0147,-86.72588,"FIRE HYDRANT","37211","2018","May","Spring","05","Thursday","Weekday","No Injuries","No Fatalities"
9.97046015409706e-314,2018-05-17 05:00:00,1,0,0,NA,"Y","NOT COLLISION W/MOTOR VEHICLE-TRANSPORT","RAIN","DAYLIGHT","0 63RD AVN","NASHVILLE","WEST",36.16622,-86.86473,"FENCE","37209","2018","May","Spring","05","Thursday","Weekday","No Injuries","No Fatalities"
9.97046034925299e-314,2018-05-17 05:00:00,1,0,0,NA,"N","NOT COLLISION W/MOTOR VEHICLE-TRANSPORT","RAIN","DAYLIGHT","CLOVERLAND DR & VALLEY VIEW RD","BRENTWOOD","MIDTOW",36.03484,-86.76873,"MAIL BOX","37027","2018","May","Spring","05","Thursday","Weekday","No Injuries","No Fatalities"
9.97046091199376e-314,2018-05-18 08:48:00,2,0,0,NA,"N","Front to Rear","RAIN","DARK - LIGHTED","MM 209 9 I 40","NASHVILLE","CENTRA",36.14828,-86.77846,"MOTOR VEHICLE IN TRANSPORT","37203","2018","May","Spring","08","Friday","Weekday","No Injuries","No Fatalities"
9.97046093274452e-314,2018-05-18 10:18:00,1,1,0,NA,"N","NOT COLLISION W/MOTOR VEHICLE-TRANSPORT","RAIN","DAWN","MM 217 4 I 40","NASHVILLE","HERMIT",36.14331,-86.64963,"GUARDRAIL FACE","37214","2018","May","Spring","10","Friday","Weekday","Injuries","No Fatalities"
9.97046094064957e-314,2018-05-18 09:31:00,2,0,0,NA,"Y","Front to Rear","RAIN","DARK - NOT LIGHTED","MM 49 6 I 24","NASHVILLE","CENTRA",36.15772,-86.76042,"MOTOR VEHICLE IN TRANSPORT","37210","2018","May","Spring","09","Friday","Weekday","No Injuries","No Fatalities"
9.97046100784249e-314,2018-05-18 10:33:00,2,0,0,NA,"Y","SIDESWIPE - SAME DIRECTION","RAIN","DAYLIGHT","0 I 65","NASHVILLE","NORTH",36.28931,-86.724,"MOTOR VEHICLE IN TRANSPORT","37207","2018","May","Spring","10","Friday","Weekday","No Injuries","No Fatalities"
9.97046105724906e-314,2018-05-18 10:55:00,2,0,0,NA,"N","SIDESWIPE - SAME DIRECTION","RAIN","DAWN","MM 209 5 I 40","NASHVILLE","CENTRA",36.15037,-86.78527,"MOTOR VEHICLE IN TRANSPORT","37203","2018","May","Spring","10","Friday","Weekday","No Injuries","No Fatalities"
9.97046194953162e-314,2018-05-19 00:09:00,2,3,0,NA,"N","OTHER","RAIN","DUSK","BRILEY PKWYW & BRILEY PKWYE","NASHVILLE","NORTH",36.22847,-86.85284,"MOTOR VEHICLE IN TRANSPORT","37218","2018","May","Spring","00","Saturday","Weekend","Injuries","No Fatalities"
9.97046195447227e-314,2018-05-19 00:12:00,2,1,0,NA,"N","HEAD-ON","RAIN","DUSK","MURFREESBORO PKE & GLENGARRY DR","NASHVILLE","HERMIT",36.12083,-86.70359,"MOTOR VEHICLE IN TRANSPORT","37217","2018","May","Spring","00","Saturday","Weekend","Injuries","No Fatalities"
9.97046196089512e-314,2018-05-19 00:19:00,1,0,0,NA,"N","NOT COLLISION W/MOTOR VEHICLE-TRANSPORT","RAIN","DAYLIGHT","MM 89 5 I 65","NASHVILLE","MADISO",36.23514,-86.7653,"CONCRETE TRAFFIC BARRIER","37207","2018","May","Spring","00","Saturday","Weekend","No Injuries","No Fatalities"
9.97046196435358e-314,2018-05-19 00:03:00,2,1,0,NA,"N","ANGLE","RAIN","DUSK","PORTER RD & STRATFORD AV","NASHVILLE","EAST",36.19597,-86.71719,"MOTOR VEHICLE IN TRANSPORT","37216","2018","May","Spring","00","Saturday","Weekend","Injuries","No Fatalities"
9.97046197769336e-314,2018-05-19 00:34:00,1,0,0,NA,"N","NOT COLLISION W/MOTOR VEHICLE-TRANSPORT","RAIN","DAYLIGHT","MM 88 9 I 65","NASHVILLE","MADISO",36.22895,-86.77242,"GUARDRAIL FACE;CONCRETE TRAFFIC BARRIER","37207","2018","May","Spring","00","Saturday","Weekend","No Injuries","No Fatalities"
9.97046203648717e-314,2018-05-19 01:02:00,2,0,0,NA,"Y","SIDESWIPE - SAME DIRECTION","RAIN","DARK - LIGHTED","I440 E EXT RAMP & I 440","NASHVILLE","WEST",36.12174,-86.75061,"MOTOR VEHICLE IN TRANSPORT","37205","2018","May","Spring","01","Saturday","Weekend","No Injuries","No Fatalities"
9.97046206366078e-314,2018-05-19 01:31:00,2,0,0,NA,"N","Front to Rear","RAIN","DAYLIGHT","NEELYS BEND RD & WALNUT ST","MADISON","MADISO",36.25583,-86.71019,"MOTOR VEHICLE IN TRANSPORT","37115","2018","May","Spring","01","Saturday","Weekend","No Injuries","No Fatalities"