"Accident.Number","Date.and.Time","Number.of.Motor.Vehicles","Number.of.Injuries","Number.of.Fatalities","Property.Damage","Hit.and.Run","Collision.Type.Description","Weather.Description","Illumination.Description","Street.Address","City","Precinct","Latitude","Longitude","HarmfulDescriptions","Zip.Code","Year","Month","Season","Hour","Weekday","DayType","Accident","Fatality_category"
9.97046208836406e-314,2018-05-19 01:56:00,1,0,0,NA,"N","NOT COLLISION W/MOTOR VEHICLE-TRANSPORT","RAIN","DARK - NOT LIGHTED","I24 W ENT RAMP & BRILEY PKWYW","NASHVILLE","MADISO",36.23862,-86.78399,"DITCH;Ran Off Road-Left","37207","2018","May","Spring","01","Saturday","Weekend","No Injuries","No Fatalities"
9.97046209231659e-314,2018-05-19 01:37:00,2,0,0,NA,"N","Front to Rear","RAIN","DARK - NOT LIGHTED","MAIN ST & N 7TH ST","NASHVILLE","EAST",36.17431,-86.7615,"MOTOR VEHICLE IN TRANSPORT","37206","2018","May","Spring","01","Saturday","Weekend","No Injuries","No Fatalities"
9.97046219014158e-314,2018-05-19 03:23:00,2,1,0,NA,"N","ANGLE","RAIN","DARK - NOT LIGHTED","26TH ST & OLD HICKORY BLVD","OLD HICKORY","HERMIT",36.24687,-86.64034,"MOTOR VEHICLE IN TRANSPORT","37138","2018","May","Spring","03","Saturday","Weekend","Injuries","No Fatalities"
9.97046227166242e-314,2018-05-19 01:45:00,2,1,0,NA,"Y","NOT COLLISION W/MOTOR VEHICLE-TRANSPORT","RAIN","DARK - LIGHTED","MM 88 4 I 65","NASHVILLE","NORTH",36.22134,-86.77458,"OTHER OBJECT (NOT FIXED)","37207","2018","May","Spring","01","Saturday","Weekend","Injuries","No Fatalities"
9.97046229389537e-314,2018-05-19 05:10:00,1,0,0,NA,"N","NOT COLLISION W/MOTOR VEHICLE-TRANSPORT","RAIN","DARK - LIGHTED","RUSSELL ST & S 6TH ST","NASHVILLE","EAST",36.1721,-86.76084,"LUMINAIRE/LIGHT SUPPORT","37206","2018","May","Spring","05","Saturday","Weekend","No Injuries","No Fatalities"
9.97046236998148e-314,2018-05-19 06:40:00,1,0,0,NA,"N","NOT COLLISION W/MOTOR VEHICLE-TRANSPORT","RAIN","DARK - NOT LIGHTED","VALLEY BROOK RD & WOODMONT BLVD","NASHVILLE","WEST",36.11401,-86.81241,"OTHER OBJECT (NOT FIXED)","37215","2018","May","Spring","06","Saturday","Weekend","No Injuries","No Fatalities"
9.97046246780648e-314,2018-05-19 05:00:00,1,0,0,NA,"N","NOT COLLISION W/MOTOR VEHICLE-TRANSPORT","RAIN","DARK - LIGHTED","300 WILLARD DR","NASHVILLE","SOUTH",36.07812,-86.70232,"H-WAY TRAFFIC SIGNAL POST;FIRE HYDRANT","37211","2018","May","Spring","05","Saturday","Weekend","No Injuries","No Fatalities"
9.9704490193396e-314,2018-05-10 09:30:00,2,1,0,NA,"Y","SIDESWIPE - SAME DIRECTION","RAIN","DARK - NOT LIGHTED","MM 49 4 I 24","NASHVILLE","EAST",36.1605,-86.76051,"MOTOR VEHICLE IN TRANSPORT;CONCRETE TRAFFIC BARRIER","37206","2018","May","Spring","09","Thursday","Weekday","Injuries","No Fatalities"
9.97044905540639e-314,2018-05-10 09:33:00,1,0,0,NA,"N","NOT COLLISION W/MOTOR VEHICLE-TRANSPORT","RAIN","DARK - LIGHTED","MM 211 8 I 40","NASHVILLE","HERMIT",36.14892,-86.74664,"OTHER OBJECT (NOT FIXED)","37210","2018","May","Spring","09","Thursday","Weekday","No Injuries","No Fatalities"
9.97044907022836e-314,2018-05-10 10:24:00,1,0,0,NA,"N","NOT COLLISION W/MOTOR VEHICLE-TRANSPORT","RAIN","DAWN","HIGHWAY 100 & OLD HARDING PKE","NASHVILLE","WEST",36.0297,-86.99906,"DEER (ANIMAL)","37221","2018","May","Spring","10","Thursday","Weekday","No Injuries","No Fatalities"
9.97044908653253e-314,2018-05-10 10:33:00,1,0,0,NA,"N","NOT COLLISION W/MOTOR VEHICLE-TRANSPORT","RAIN","DARK - LIGHTED","MM 210 1 I 40","NASHVILLE","CENTRA",36.14904,-86.77422,"GUARDRAIL FACE","37203","2018","May","Spring","10","Thursday","Weekday","No Injuries","No Fatalities"
9.97044914483227e-314,2018-05-10 11:25:00,2,0,0,NA,"N","Front to Rear","RAIN","DARK - NOT LIGHTED","MM 6 5 I 440","NASHVILLE","SOUTH",36.12398,-86.74716,"MOTOR VEHICLE IN TRANSPORT","37210","2018","May","Spring","11","Thursday","Weekday","No Injuries","No Fatalities"
9.9704491473026e-314,2018-05-10 11:46:00,2,0,0,NA,"N","Front to Rear","RAIN","DAYLIGHT","MM 88 2 I 65","NASHVILLE","EAST",36.21956,-86.77489,"MOTOR VEHICLE IN TRANSPORT","37207","2018","May","Spring","11","Thursday","Weekday","No Injuries","No Fatalities"
9.97044914927886e-314,2018-05-10 11:30:00,2,0,0,NA,"N","Front to Rear","RAIN","DAYLIGHT","MM 60 0 I 24","ANTIOCH","SOUTH",36.04003,-86.64955,"MOTOR VEHICLE IN TRANSPORT","37013","2018","May","Spring","11","Thursday","Weekday","No Injuries","No Fatalities"
9.97044917991093e-314,2018-05-10 11:30:00,3,0,0,NA,"Y","Front to Rear","RAIN","DAYLIGHT","MM 6 5 I 440","NASHVILLE","SOUTH",36.12398,-86.74716,"MOTOR VEHICLE IN TRANSPORT","37210","2018","May","Spring","11","Thursday","Weekday","No Injuries","No Fatalities"
9.97044162465908e-314,2018-05-05 12:20:00,2,0,0,NA,"N","ANGLE","RAIN","DAWN","WILLIAMS AV & WALKER TER","MADISON","MADISO",36.26808,-86.7204,"MOTOR VEHICLE IN TRANSPORT","37115","2018","May","Spring","12","Saturday","Weekend","No Injuries","No Fatalities"
9.9704416286116e-314,2018-05-05 10:55:00,1,0,0,NA,"N","NOT COLLISION W/MOTOR VEHICLE-TRANSPORT","RAIN","DARK - NOT LIGHTED","OLD CLARKSVILLE PKE & HARPER RD","JOELTON","NORTH",36.32411,-86.91708,"DITCH;Ran Off Road-Right","37080","2018","May","Spring","10","Saturday","Weekend","No Injuries","No Fatalities"
9.97044165035049e-314,2018-05-05 12:45:00,1,0,0,NA,"N","NOT COLLISION W/MOTOR VEHICLE-TRANSPORT","RAIN","DAYLIGHT","BRILEY PKWYS & BRILEY PKWYN","NASHVILLE","NORTH",36.17051,-86.86921,"CONCRETE TRAFFIC BARRIER","37218","2018","May","Spring","12","Saturday","Weekend","No Injuries","No Fatalities"
9.97044165825554e-314,2018-05-05 12:00:00,2,0,0,NA,"Y","SIDESWIPE - SAME DIRECTION","RAIN","DAYLIGHT","MM 208 8 I 40","NASHVILLE","CENTRA",36.15935,-86.79223,"MOTOR VEHICLE IN TRANSPORT","37203","2018","May","Spring","12","Saturday","Weekend","No Injuries","No Fatalities"
9.97044169926299e-314,2018-05-05 05:00:00,1,0,0,NA,"N","NOT COLLISION W/MOTOR VEHICLE-TRANSPORT","RAIN","OTHER","MM 208 9 I 40","NASHVILLE","CENTRA",36.15864,-86.79163,"CONCRETE TRAFFIC BARRIER","37203","2018","May","Spring","05","Saturday","Weekend","No Injuries","No Fatalities"
9.97044195321273e-314,2018-05-05 05:00:00,2,0,0,NA,"Y","Front to Rear","RAIN","DAYLIGHT","NOLENSVILLE PKE & PARAGON MILLS RD","NASHVILLE","SOUTH",36.08462,-86.72806,"MOTOR VEHICLE IN TRANSPORT","37211","2018","May","Spring","05","Saturday","Weekend","No Injuries","No Fatalities"
9.97044226990881e-314,2018-05-06 00:17:00,2,0,0,NA,"N","SIDESWIPE - SAME DIRECTION","RAIN","DARK - LIGHTED","MURFREESBORO PKE & GLENGARRY DR","NASHVILLE","HERMIT",36.12113,-86.70397,"MOTOR VEHICLE IN TRANSPORT","37217","2018","May","Spring","00","Sunday","Weekend","No Injuries","No Fatalities"
9.97044238107358e-314,2018-05-06 02:45:00,2,0,0,NA,"N","Front to Rear","RAIN","DARK - LIGHTED","MM 82 1 I 65","NASHVILLE","MIDTOW",36.14462,-86.77692,"MOTOR VEHICLE IN TRANSPORT","37203","2018","May","Spring","02","Sunday","Weekend","No Injuries","No Fatalities"
9.97044324173594e-314,2018-05-06 05:00:00,1,0,0,NA,"N","NOT COLLISION W/MOTOR VEHICLE-TRANSPORT","RAIN","OTHER","4TH AVN & BANKERS ALY","NASHVILLE","CENTRA",36.16409,-86.77923,"FENCE","37219","2018","May","Spring","05","Sunday","Weekend","No Injuries","No Fatalities"
9.97044341070639e-314,2018-05-07 01:00:00,1,1,0,NA,"N","NOT COLLISION W/MOTOR VEHICLE-TRANSPORT","RAIN","DUSK","SUMMERLY DR & CHARLOTTE PKE","NASHVILLE","WEST",36.13672,-86.88347,"","37209","2018","May","Spring","01","Monday","Weekday","Injuries","No Fatalities"
9.97044362858934e-314,2018-05-07 05:10:00,2,1,0,NA,"N","Front to Rear","RAIN","DARK - LIGHTED","MM 203 6 I 40","NASHVILLE","WEST",36.15119,-86.8631,"MOTOR VEHICLE IN TRANSPORT","37209","2018","May","Spring","05","Monday","Weekday","Injuries","No Fatalities"
9.97044370171105e-314,2018-05-07 07:02:00,2,1,0,NA,"N","HEAD-ON","RAIN","DARK - LIGHTED","RECOVERY RD & HARDING PL","NASHVILLE","SOUTH",36.07998,-86.71848,"MOTOR VEHICLE IN TRANSPORT","37211","2018","May","Spring","07","Monday","Weekday","Injuries","No Fatalities"
9.97047454128866e-314,2018-05-28 00:11:00,1,1,0,NA,"N","NOT COLLISION W/MOTOR VEHICLE-TRANSPORT","RAIN","DAYLIGHT","MM 209 5 I 40","NASHVILLE","CENTRA",36.15136,-86.78613,"GUARDRAIL END","37203","2018","May","Spring","00","Monday","Weekday","Injuries","No Fatalities"
9.9704755417716e-314,2018-05-28 05:00:00,2,0,0,NA,"Y","Front to Rear","RAIN","DAYLIGHT","MOORMANS ARM RD & CROUCH DR","NASHVILLE","NORTH",36.21617,-86.81289,"MOTOR VEHICLE IN TRANSPORT","37207","2018","May","Spring","05","Monday","Weekday","No Injuries","No Fatalities"
9.97047573099874e-314,2018-05-28 05:00:00,1,0,0,NA,"Y","NOT COLLISION W/MOTOR VEHICLE-TRANSPORT","RAIN","DAYLIGHT","BRIARWOOD DR & DARLINGTON DR","NASHVILLE","MIDTOW",36.06932,-86.74631,"DITCH;Ran Off Road-Right","37220","2018","May","Spring","05","Monday","Weekday","No Injuries","No Fatalities"
9.97047585105669e-314,2018-05-29 01:00:00,2,1,0,NA,"N","Front to Rear","RAIN","DARK - LIGHTED","HARDING PL & HILLSBORO PKE","NASHVILLE","MIDTOW",36.09136,-86.82851,"MOTOR VEHICLE IN TRANSPORT","37215","2018","May","Spring","01","Tuesday","Weekday","Injuries","No Fatalities"
9.97047594986982e-314,2018-05-29 01:43:00,2,0,0,NA,"Y","ANGLE","RAIN","DARK - LIGHTED","NOLENSVILLE PKE & WELCH RD","NASHVILLE","SOUTH",36.08366,-86.72758,"MOTOR VEHICLE IN TRANSPORT","37211","2018","May","Spring","01","Tuesday","Weekday","No Injuries","No Fatalities"
9.97047595925707e-314,2018-05-28 05:00:00,1,1,0,NA,"N","NOT COLLISION W/MOTOR VEHICLE-TRANSPORT","RAIN","DARK - LIGHTED","ROWAN DR & CROUCH DR","NASHVILLE","NORTH",36.21864,-86.81817,"SHRUBBERY","37207","2018","May","Spring","05","Monday","Weekday","Injuries","No Fatalities"
9.97047597309091e-314,2018-05-28 05:00:00,1,1,0,NA,"N","NOT COLLISION W/MOTOR VEHICLE-TRANSPORT","RAIN","DARK - LIGHTED","BONNABROOK DR & BONNACREEK DR","HERMITAGE","HERMIT",36.19502,-86.62879,"TREE","37076","2018","May","Spring","05","Monday","Weekday","Injuries","No Fatalities"
9.97047598692474e-314,2018-05-29 03:50:00,2,1,0,NA,"N","ANGLE","RAIN","DARK - LIGHTED","MM 47 8 I 24","NASHVILLE","CENTRA",36.17767,-86.77299,"MOTOR VEHICLE IN TRANSPORT","37207","2018","May","Spring","03","Tuesday","Weekday","Injuries","No Fatalities"
9.97047598988914e-314,2018-05-29 03:55:00,1,0,0,NA,"N","NOT COLLISION W/MOTOR VEHICLE-TRANSPORT","RAIN","DARK - LIGHTED","26TH AVN & DOWLAN ST","NASHVILLE","NORTH",36.18925,-86.81809,"OTHER POST, POLE, SUPP.","37208","2018","May","Spring","03","Tuesday","Weekday","No Injuries","No Fatalities"
9.97047599285353e-314,2018-05-29 04:01:00,1,0,0,NA,"N","NOT COLLISION W/MOTOR VEHICLE-TRANSPORT","RAIN","DARK - LIGHTED","SCENIC LAKE CT & PHILHALL PKWY","ANTIOCH","SOUTH",36.07991,-86.59465,"UTILITY POLE","37013","2018","May","Spring","04","Tuesday","Weekday","No Injuries","No Fatalities"
9.97047600965176e-314,2018-05-29 04:20:00,3,0,0,NA,"Y","SIDESWIPE - SAME DIRECTION","RAIN","DARK - LIGHTED","MM 88 5 I 65","NASHVILLE","NORTH",36.22335,-86.77455,"MOTOR VEHICLE IN TRANSPORT","37207","2018","May","Spring","04","Tuesday","Weekday","No Injuries","No Fatalities"
9.97047601459242e-314,2018-05-29 04:19:00,1,0,0,NA,"N","NOT COLLISION W/MOTOR VEHICLE-TRANSPORT","RAIN","DARK - LIGHTED","FRANKLIN LIMESTONE RD & MULLINS RD","NASHVILLE","SOUTH",36.0821,-86.66659,"CULVERT;DITCH;MAIL BOX;SHRUBBERY;Ran Off Road-Left","37217","2018","May","Spring","04","Tuesday","Weekday","No Injuries","No Fatalities"
9.97047603139065e-314,2018-05-29 02:25:00,2,0,0,NA,"Y","Front to Rear","RAIN","DARK - LIGHTED","WATERFORD CIR & HIGHWAY 70S","NASHVILLE","WEST",36.07434,-86.92742,"MOTOR VEHICLE IN TRANSPORT","37221","2018","May","Spring","02","Tuesday","Weekday","No Injuries","No Fatalities"
9.97047604818888e-314,2018-05-29 04:26:00,2,0,0,NA,"Y","ANGLE","RAIN","DARK - LIGHTED","NOLENSVILLE PKE & WALLACE RD","NASHVILLE","MIDTOW",36.07743,-86.72567,"MOTOR VEHICLE IN TRANSPORT","37211","2018","May","Spring","04","Tuesday","Weekday","No Injuries","No Fatalities"
9.97047604917702e-314,2018-05-29 04:00:00,2,0,0,NA,"N","Front to Rear","RAIN","DARK - LIGHTED","BELL RD & OLD HICKORY BLVD","HERMITAGE","HERMIT",36.04525,-86.70089,"MOTOR VEHICLE IN TRANSPORT","37076","2018","May","Spring","04","Tuesday","Weekday","No Injuries","No Fatalities"
9.97047607289217e-314,2018-05-29 04:04:00,2,0,0,NA,"N","SIDESWIPE - SAME DIRECTION","RAIN","DARK - LIGHTED","CENTRAL PKE & OLD HICKORY BLVD","HERMITAGE","HERMIT",36.17344,-86.60187,"MOTOR VEHICLE IN TRANSPORT","37076","2018","May","Spring","04","Tuesday","Weekday","No Injuries","No Fatalities"
9.97047610648863e-314,2018-05-29 05:00:00,1,0,0,NA,"Y","UNKNOWN","RAIN","DARK - NOT LIGHTED","UNA RECREATION RD & SMITH SPRINGS RD","NASHVILLE","HERMIT",36.0966,-86.641,"GUARDRAIL END;UNKNOWN MOST HARMFUL EVENT","37217","2018","May","Spring","05","Tuesday","Weekday","No Injuries","No Fatalities"
9.97047611636994e-314,2018-05-29 05:13:00,2,0,0,NA,"Y","ANGLE","RAIN","DARK - LIGHTED","LIBERTY LN & VIETNAM VETERANS BLVDN","MADISON","MADISO",36.30779,-86.69088,"PARKED MOTOR VEHICLE","37115","2018","May","Spring","05","Tuesday","Weekday","No Injuries","No Fatalities"
9.9704761227928e-314,2018-05-29 06:31:00,1,0,0,NA,"N","NOT COLLISION W/MOTOR VEHICLE-TRANSPORT","RAIN","DARK - LIGHTED","MM 88 4 I 65","NASHVILLE","NORTH",36.22217,-86.77354,"GUARDRAIL FACE","37207","2018","May","Spring","06","Tuesday","Weekday","No Injuries","No Fatalities"
9.97047614551982e-314,2018-05-29 07:01:00,1,0,0,NA,"N","NOT COLLISION W/MOTOR VEHICLE-TRANSPORT","RAIN","DARK - LIGHTED","ROSEDALE AV & FAIRGROUND CT","NASHVILLE","MIDTOW",36.12542,-86.76516,"GUARDRAIL FACE;EMBANKMENT EARTH","37211","2018","May","Spring","07","Tuesday","Weekday","No Injuries","No Fatalities"
9.97047685697435e-314,2018-05-29 05:00:00,2,0,0,NA,"Y","Front to Rear","RAIN","DAYLIGHT","MM 207 7 I 40","NASHVILLE","NORTH",36.1713,-86.80309,"MOTOR VEHICLE IN TRANSPORT","37208","2018","May","Spring","05","Tuesday","Weekday","No Injuries","No Fatalities"
9.97047696517472e-314,2018-05-29 05:00:00,3,2,0,NA,"N","SIDESWIPE - SAME DIRECTION","RAIN","DAYLIGHT","CHURCH ST & GEORGE L DAVIS BLVD","NASHVILLE","CENTRA",36.15869,-86.79006,"MOTOR VEHICLE IN TRANSPORT","37203","2018","May","Spring","05","Tuesday","Weekday","Injuries","No Fatalities"
9.97047703632018e-314,2018-05-30 00:48:00,1,1,0,NA,"N","NOT COLLISION W/MOTOR VEHICLE-TRANSPORT","RAIN","DAYLIGHT","1ST AVS & DEMONBREUN ST","NASHVILLE","CENTRA",36.16024,-86.77314,"","37201","2018","May","Spring","00","Wednesday","Weekday","Injuries","No Fatalities"
9.97047705410654e-314,2018-05-30 01:14:00,1,0,0,NA,"N","NOT COLLISION W/MOTOR VEHICLE-TRANSPORT","RAIN","DARK - NOT LIGHTED","BELL RD & OLD HICKORY BLVD","HERMITAGE","HERMIT",36.16128,-86.59802,"DITCH","37076","2018","May","Spring","01","Wednesday","Weekday","No Injuries","No Fatalities"
9.97047712969858e-314,2018-05-29 05:00:00,2,0,0,NA,"N","Front to Rear","RAIN","DARK - NOT LIGHTED","CHARLOTTE AV & SHORTVIEW AV","NASHVILLE","NORTH",36.15671,-86.80547,"MOTOR VEHICLE IN TRANSPORT","37209","2018","May","Spring","05","Tuesday","Weekday","No Injuries","No Fatalities"
9.97047731991386e-314,2018-05-30 07:15:00,1,1,0,NA,"N","NOT COLLISION W/MOTOR VEHICLE-TRANSPORT","RAIN","DARK - NOT LIGHTED","MM 59 1 I 24","ANTIOCH","SOUTH",36.0481,-86.66401,"GUARDRAIL FACE;Ran Off Road-Right;EMBANKMENT EARTH","37013","2018","May","Spring","07","Wednesday","Weekday","Injuries","No Fatalities"
9.97047745775817e-314,2018-05-30 10:37:00,2,1,0,NA,"N","ANGLE","RAIN","DAYLIGHT","MM 54 0 I 24","NASHVILLE","SOUTH",36.10685,-86.71921,"MOTOR VEHICLE IN TRANSPORT","37211","2018","May","Spring","10","Wednesday","Weekday","Injuries","No Fatalities"
9.97047747258014e-314,2018-05-30 10:58:00,1,0,0,NA,"N","NOT COLLISION W/MOTOR VEHICLE-TRANSPORT","RAIN","DAYLIGHT","MM 40 5 I 24","WHITES CREEK","NORTH",36.27683,-86.79942,"DITCH","37189","2018","May","Spring","10","Wednesday","Weekday","No Injuries","No Fatalities"
9.97047749234277e-314,2018-05-30 11:27:00,1,1,0,NA,"N","NOT COLLISION W/MOTOR VEHICLE-TRANSPORT","RAIN","DAYLIGHT","MM 208 7 I 40","NASHVILLE","CENTRA",36.16117,-86.79311,"CONCRETE TRAFFIC BARRIER","37203","2018","May","Spring","11","Wednesday","Weekday","Injuries","No Fatalities"
9.97047749925969e-314,2018-05-30 11:00:00,2,0,0,NA,"N","ANGLE","RAIN","DAYLIGHT","HILLSBORO PKE & CRESTMOOR RD","NASHVILLE","MIDTOW",36.10921,-86.81184,"MOTOR VEHICLE IN TRANSPORT","37215","2018","May","Spring","11","Wednesday","Weekday","No Injuries","No Fatalities"
9.97047750321221e-314,2018-05-30 11:02:00,2,0,0,NA,"Y","Front to Rear","RAIN","DAYLIGHT","MM 87 0 I 65","NASHVILLE","EAST",36.2018,-86.77684,"MOTOR VEHICLE IN TRANSPORT","37207","2018","May","Spring","11","Wednesday","Weekday","No Injuries","No Fatalities"
9.97047755755943e-314,2018-05-30 12:38:00,3,1,0,NA,"N","Front to Rear","RAIN","DARK - LIGHTED","CLOVERLAND DR & VALLEY VIEW RD","BRENTWOOD","MIDTOW",36.03517,-86.76871,"MOTOR VEHICLE IN TRANSPORT","37027","2018","May","Spring","12","Wednesday","Weekday","Injuries","No Fatalities"
9.9704776227761e-314,2018-05-30 05:00:00,3,0,0,NA,"Y","Front to Rear","RAIN","DAYLIGHT","MM 49 4 I 24","NASHVILLE","EAST",36.16024,-86.7605,"MOTOR VEHICLE IN TRANSPORT","37206","2018","May","Spring","05","Wednesday","Weekday","No Injuries","No Fatalities"
9.97047824727507e-314,2018-05-30 05:00:00,2,0,0,NA,"N","Front to Rear","RAIN","DARK - LIGHTED","BRILEY PKWY W EXT RAMP & WHITES CREEK PK","WHITES CREEK","NORTH",36.2348,-86.81535,"MOTOR VEHICLE IN TRANSPORT","37189","2018","May","Spring","05","Wednesday","Weekday","No Injuries","No Fatalities"
9.97047832533745e-314,2018-05-30 05:00:00,2,0,0,NA,"N","Front to Rear","RAIN","DAYLIGHT","MM 86 9 I 65","NASHVILLE","NORTH",36.20093,-86.7765,"MOTOR VEHICLE IN TRANSPORT","37207","2018","May","Spring","05","Wednesday","Weekday","No Injuries","No Fatalities"
9.97047837721434e-314,2018-05-31 00:02:00,2,0,0,NA,"Y","SIDESWIPE - SAME DIRECTION","RAIN","DAYLIGHT","S 5TH ST & WOODLAND ST","NASHVILLE","EAST",36.17216,-86.76495,"MOTOR VEHICLE IN TRANSPORT","37206","2018","May","Spring","00","Thursday","Weekday","No Injuries","No Fatalities"
9.97047838017873e-314,2018-05-31 00:01:00,2,0,0,NA,"Y","SIDESWIPE - SAME DIRECTION","RAIN","DAYLIGHT","STATE RT 45 & MYATT DR","MADISON","MADISO",36.26391,-86.6903,"MOTOR VEHICLE IN TRANSPORT","37115","2018","May","Spring","00","Thursday","Weekday","No Injuries","No Fatalities"
9.97047838709565e-314,2018-05-31 00:26:00,2,0,0,NA,"Y","ANGLE","RAIN","DUSK","I40 E ENT RAMP & I 40","NASHVILLE","WEST",36.15793,-86.79161,"MOTOR VEHICLE IN TRANSPORT","37205","2018","May","Spring","00","Thursday","Weekday","No Injuries","No Fatalities"
9.97047842415058e-314,2018-05-30 05:00:00,2,0,0,NA,"N","SIDESWIPE - SAME DIRECTION","RAIN","DAYLIGHT","MM 86 0 I 65","NASHVILLE","CENTRA",36.19172,-86.78568,"MOTOR VEHICLE IN TRANSPORT","37208","2018","May","Spring","05","Wednesday","Weekday","No Injuries","No Fatalities"
9.97047843156156e-314,2018-05-31 01:13:00,2,1,0,NA,"N","OTHER","RAIN","DARK - LIGHTED","OLD HICKORY BLVD & BRENTWOOD MEADOWS CIR","BRENTWOOD","MIDTOW",36.04155,-86.74732,"MOTOR VEHICLE IN TRANSPORT","37027","2018","May","Spring","01","Thursday","Weekday","Injuries","No Fatalities"
9.97047845280638e-314,2018-05-31 01:30:00,2,1,0,NA,"N","ANGLE","RAIN","DARK - NOT LIGHTED","BELL RD & DODSON CHAPEL RD","HERMITAGE","HERMIT",36.16332,-86.61312,"MOTOR VEHICLE IN TRANSPORT","37076","2018","May","Spring","01","Thursday","Weekday","Injuries","No Fatalities"
9.97048066177389e-314,2018-06-01 07:04:00,2,1,0,NA,"N","SIDESWIPE - SAME DIRECTION","RAIN","DARK - NOT LIGHTED","I24 W EXT RAMP & I 24","NASHVILLE","SOUTH",36.27505,-86.79742,"MOTOR VEHICLE IN TRANSPORT;GUARDRAIL END","37211","2018","June","Summer","07","Friday","Weekday","Injuries","No Fatalities"
9.97048072699055e-314,2018-06-01 08:14:00,2,1,0,NA,"Y","ANGLE","RAIN","DARK - LIGHTED","4TH AVS & I40 W EXT RAMP","NASHVILLE","CENTRA",36.1509,-86.77064,"MOTOR VEHICLE IN TRANSPORT","37203","2018","June","Summer","08","Friday","Weekday","Injuries","No Fatalities"
9.97048072896681e-314,2018-06-01 08:10:00,2,0,0,NA,"N","SIDESWIPE - SAME DIRECTION","RAIN","DARK - NOT LIGHTED","MM 201 4 I 40","NASHVILLE","WEST",36.13422,-86.89535,"MOTOR VEHICLE IN TRANSPORT","37209","2018","June","Summer","08","Friday","Weekday","No Injuries","No Fatalities"
9.97048075910482e-314,2018-06-01 09:05:00,1,1,0,NA,"N","NOT COLLISION W/MOTOR VEHICLE-TRANSPORT","RAIN","DARK - LIGHTED","MM 57 5 I 24","ANTIOCH","SOUTH",36.06341,-86.68314,"CONCRETE TRAFFIC BARRIER","37013","2018","June","Summer","09","Friday","Weekday","Injuries","No Fatalities"
9.97048083617906e-314,2018-06-01 10:35:00,2,0,0,NA,"N","Front to Rear","RAIN","DAYLIGHT","MURFREESBORO PKE & LAVERGNE COUCHVILLE P","ANTIOCH","SOUTH",36.02835,-86.59047,"MOTOR VEHICLE IN TRANSPORT","37013","2018","June","Summer","10","Friday","Weekday","No Injuries","No Fatalities"
9.97048087372805e-314,2018-06-01 11:00:00,2,1,0,NA,"N","SIDESWIPE - SAME DIRECTION","RAIN","DAYLIGHT","MM 54 0 I 24","NASHVILLE","SOUTH",36.10608,-86.71836,"MOTOR VEHICLE IN TRANSPORT;CONCRETE TRAFFIC BARRIER","37211","2018","June","Summer","11","Friday","Weekday","Injuries","No Fatalities"
9.9704808944788e-314,2018-06-01 11:45:00,1,0,0,NA,"N","NOT COLLISION W/MOTOR VEHICLE-TRANSPORT","RAIN","DAYLIGHT","BRILEY PKWYW & DRAKES BRANCH RD","NASHVILLE","NORTH",36.22813,-86.85831,"CONCRETE TRAFFIC BARRIER","37218","2018","June","Summer","11","Friday","Weekday","No Injuries","No Fatalities"
9.9704645241077e-314,2018-05-21 00:20:00,2,1,0,NA,"N","ANGLE","RAIN","DARK - LIGHTED","PARAGON MILLS RD & DONNA KAY DR","NASHVILLE","SOUTH",36.08712,-86.708,"MOTOR VEHICLE IN TRANSPORT;SHRUBBERY","37211","2018","May","Spring","00","Monday","Weekday","Injuries","No Fatalities"
9.97046452509583e-314,2018-05-21 00:46:00,2,2,0,NA,"N","UNKNOWN","RAIN","DARK - LIGHTED","MM 56 2 I 24","NASHVILLE","SOUTH",36.07911,-86.69565,"MOTOR VEHICLE IN TRANSPORT","37211","2018","May","Spring","00","Monday","Weekday","Injuries","No Fatalities"
9.97046453645934e-314,2018-05-20 05:00:00,2,2,0,NA,"Y","Front to Rear","RAIN","DARK - LIGHTED","7TH AVS & LEA AV","NASHVILLE","CENTRA",36.15387,-86.77786,"MOTOR VEHICLE IN TRANSPORT","37203","2018","May","Spring","05","Sunday","Weekend","Injuries","No Fatalities"
9.97046454041186e-314,2018-05-21 00:30:00,2,1,0,NA,"N","ANGLE","RAIN","DARK - LIGHTED","FRANKLIN PIKE CIR & STONEGATE PL","BRENTWOOD","MIDTOW",36.04755,-86.77511,"MOTOR VEHICLE IN TRANSPORT","37027","2018","May","Spring","00","Monday","Weekday","Injuries","No Fatalities"
9.97046456215075e-314,2018-05-21 00:10:00,1,0,0,NA,"N","NOT COLLISION W/MOTOR VEHICLE-TRANSPORT","RAIN","DARK - LIGHTED","HILL RD & MAXWELL CRSG","BRENTWOOD","MIDTOW",36.04929,-86.76177,"FIRE HYDRANT","37027","2018","May","Spring","00","Monday","Weekday","No Injuries","No Fatalities"
9.97046457252613e-314,2018-05-21 00:54:00,2,0,0,NA,"N","ANGLE","RAIN","DARK - LIGHTED","LEEANNE DR & WHISPERING HILLS DR","NASHVILLE","MIDTOW",36.06789,-86.72986,"PARKED MOTOR VEHICLE","37211","2018","May","Spring","00","Monday","Weekday","No Injuries","No Fatalities"
9.97046459772348e-314,2018-05-21 01:12:00,3,0,0,NA,"Y","SIDESWIPE - SAME DIRECTION","RAIN","DARK - NOT LIGHTED","MM 52 0 I 24","NASHVILLE","SOUTH",36.13335,-86.72713,"MOTOR VEHICLE IN TRANSPORT","37217","2018","May","Spring","01","Monday","Weekday","No Injuries","No Fatalities"
9.97046463724873e-314,2018-05-21 02:10:00,1,0,0,NA,"N","NOT COLLISION W/MOTOR VEHICLE-TRANSPORT","RAIN","DARK - LIGHTED","OPRY MILLS DR & MCGAVOCK PKE","NASHVILLE","HERMIT",36.21548,-86.70128,"Other Traffic Barrier","37214","2018","May","Spring","02","Monday","Weekday","No Injuries","No Fatalities"
9.97046743366028e-314,2018-05-22 05:00:00,1,0,0,NA,"N","NOT COLLISION W/MOTOR VEHICLE-TRANSPORT","RAIN","DARK - LIGHTED","I65 S ENT RAMP & I 65","NASHVILLE","NORTH",36.19214,-86.77961,"GUARDRAIL END","37207","2018","May","Spring","05","Tuesday","Weekday","No Injuries","No Fatalities"