"Accident.Number","Date.and.Time","Number.of.Motor.Vehicles","Number.of.Injuries","Number.of.Fatalities","Property.Damage","Hit.and.Run","Collision.Type.Description","Weather.Description","Illumination.Description","Street.Address","City","Precinct","Latitude","Longitude","HarmfulDescriptions","Zip.Code","Year","Month","Season","Hour","Weekday","DayType","Accident","Fatality_category"
9.97046756359955e-314,2018-05-23 00:03:00,2,0,0,NA,"N","HEAD-ON","RAIN","DAYLIGHT","SKYLINE MEMORIAL CT & DICKERSON PKE","MADISON","MADISO",36.24389,-86.75658,"MOTOR VEHICLE IN TRANSPORT","37115","2018","May","Spring","00","Wednesday","Weekday","No Injuries","No Fatalities"
9.97046770193793e-314,2018-05-22 05:00:00,1,1,0,NA,"N","NOT COLLISION W/MOTOR VEHICLE-TRANSPORT","RAIN","DARK - NOT LIGHTED","WHITES CREEK PKE & LAWS RD","WHITES CREEK","NORTH",36.29038,-86.84778,"UTILITY POLE","37189","2018","May","Spring","05","Tuesday","Weekday","Injuries","No Fatalities"
9.97051112932007e-314,2018-06-22 03:21:00,2,0,0,NA,"Y","SIDESWIPE - OPPOSITE DIRECTION","RAIN","DARK - LIGHTED","DODSON CHAPEL RD & CENTRAL PKE","HERMITAGE","HERMIT",36.17473,-86.61426,"MOTOR VEHICLE IN TRANSPORT","37076","2018","June","Summer","03","Friday","Weekday","No Injuries","No Fatalities"
9.9705098575951e-314,2018-06-21 10:58:00,1,1,0,NA,"N","NOT COLLISION W/MOTOR VEHICLE-TRANSPORT","RAIN","DAYLIGHT","LINBAR DR & WALLACE RD","NASHVILLE","SOUTH",36.08123,-86.70035,"SHRUBBERY","37211","2018","June","Summer","10","Thursday","Weekday","Injuries","No Fatalities"
9.97050986747641e-314,2018-06-21 10:50:00,2,0,0,NA,"Y","SIDESWIPE - SAME DIRECTION","RAIN","DAYLIGHT","2ND AVS & LINDSLEY AV","NASHVILLE","CENTRA",36.15235,-86.76901,"MOTOR VEHICLE IN TRANSPORT","37210","2018","June","Summer","10","Thursday","Weekday","No Injuries","No Fatalities"
9.97050987439333e-314,2018-06-21 11:16:00,2,0,0,NA,"N","SIDESWIPE - SAME DIRECTION","RAIN","DAYLIGHT","WEST END AV & I440 W EXT RAMP","NASHVILLE","MIDTOW",36.13786,-86.82064,"MOTOR VEHICLE IN TRANSPORT","37212","2018","June","Summer","11","Thursday","Weekday","No Injuries","No Fatalities"
9.97050988822717e-314,2018-06-21 11:33:00,2,0,0,NA,"N","Front to Rear","RAIN","DAYLIGHT","LICKTON PKE & WHITES CREEK PKE PVTDR","WHITES CREEK","NORTH",36.2823,-86.81485,"MOTOR VEHICLE IN TRANSPORT","37189","2018","June","Summer","11","Thursday","Weekday","No Injuries","No Fatalities"
9.97051001371984e-314,2018-06-21 12:34:00,3,0,0,NA,"N","SIDESWIPE - SAME DIRECTION","RAIN","DAYLIGHT","MM 41 4 I 24","WHITES CREEK","MADISO",36.26553,-86.79142,"MOTOR VEHICLE IN TRANSPORT;Other Traffic Barrier","37189","2018","June","Summer","12","Thursday","Weekday","No Injuries","No Fatalities"
9.97051002952994e-314,2018-06-21 05:00:00,2,0,0,NA,"Y","SIDESWIPE - SAME DIRECTION","RAIN","DAYLIGHT","BROADWAY & 4TH AVN","NASHVILLE","CENTRA",36.16077,-86.77777,"PARKED MOTOR VEHICLE","37203","2018","June","Summer","05","Thursday","Weekday","No Injuries","No Fatalities"
9.97051013575405e-314,2018-06-21 12:45:00,1,0,0,NA,"N","NOT COLLISION W/MOTOR VEHICLE-TRANSPORT","RAIN","DAYLIGHT","11TH AVN & CECILIA AV","NASHVILLE","NORTH",36.18833,-86.8079,"FIRE HYDRANT","37208","2018","June","Summer","12","Thursday","Weekday","No Injuries","No Fatalities"
9.97051014859976e-314,2018-06-21 05:00:00,1,0,0,NA,"N","NOT COLLISION W/MOTOR VEHICLE-TRANSPORT","RAIN","DAYLIGHT","MM 55 0 I 24","NASHVILLE","SOUTH",36.0947,-86.70711,"SHRUBBERY","37211","2018","June","Summer","05","Thursday","Weekday","No Injuries","No Fatalities"
9.97051097615972e-314,2018-06-22 01:58:00,2,2,0,NA,"N","ANGLE","RAIN","DARK - LIGHTED","STATE RT 45 & RIO VISTA DR","MADISON","MADISO",36.26282,-86.68097,"MOTOR VEHICLE IN TRANSPORT","37115","2018","June","Summer","01","Friday","Weekday","Injuries","No Fatalities"
9.9705109865351e-314,2018-06-22 02:06:00,1,1,0,NA,"N","NOT COLLISION W/MOTOR VEHICLE-TRANSPORT","RAIN","DARK - NOT LIGHTED","UNA ANTIOCH PKE & ANTIOCH WOODS WAY","ANTIOCH","SOUTH",36.06005,-86.66734,"DITCH","37013","2018","June","Summer","02","Friday","Weekday","Injuries","No Fatalities"
9.97051099345202e-314,2018-06-22 02:17:00,3,2,0,NA,"N","ANGLE","RAIN","DARK - LIGHTED","MM 79 4 I 65","NASHVILLE","MIDTOW",36.10508,-86.76694,"MOTOR VEHICLE IN TRANSPORT","37204","2018","June","Summer","02","Friday","Weekday","Injuries","No Fatalities"
9.97051101074431e-314,2018-06-22 02:20:00,2,1,0,NA,"N","Front to Rear","RAIN","DARK - LIGHTED","I40 W EXT RAMP & I 40","NASHVILLE","CENTRA",36.1422,-86.6666,"MOTOR VEHICLE IN TRANSPORT","37203","2018","June","Summer","02","Friday","Weekday","Injuries","No Fatalities"
9.97051102111969e-314,2018-06-22 02:00:00,2,0,0,NA,"N","Front to Rear","RAIN","DARK - NOT LIGHTED","MURFREESBORO PKE & MOUNTAIN SPRINGS RD","ANTIOCH","SOUTH",36.04784,-86.61205,"MOTOR VEHICLE IN TRANSPORT","37013","2018","June","Summer","02","Friday","Weekday","No Injuries","No Fatalities"
9.97051105273989e-314,2018-06-22 03:00:00,1,1,0,NA,"N","NOT COLLISION W/MOTOR VEHICLE-TRANSPORT","RAIN","DARK - NOT LIGHTED","CANE RIDGE RD & MOUNTAINHIGH DR","ANTIOCH","SOUTH",36.03889,-86.65894,"DITCH","37013","2018","June","Summer","03","Friday","Weekday","Injuries","No Fatalities"
9.97051114216577e-314,2018-06-22 02:46:00,2,1,0,NA,"N","SIDESWIPE - SAME DIRECTION","RAIN","DARK - LIGHTED","GALLATIN PKEN & ONE MILE PKWY","MADISON","MADISO",36.27935,-86.70883,"MOTOR VEHICLE IN TRANSPORT","37115","2018","June","Summer","02","Friday","Weekday","Injuries","No Fatalities"
9.97051116538686e-314,2018-06-22 02:45:00,2,0,0,NA,"N","SIDESWIPE - OPPOSITE DIRECTION","RAIN","DARK - LIGHTED","SOUTHLAKE DR & HOLBROOK DR","NASHVILLE","SOUTH",36.10369,-86.72953,"MOTOR VEHICLE IN TRANSPORT","37211","2018","June","Summer","02","Friday","Weekday","No Injuries","No Fatalities"
9.9704936107404e-314,2018-06-10 08:03:00,1,0,0,NA,"Y","NOT COLLISION W/MOTOR VEHICLE-TRANSPORT","RAIN","DARK - LIGHTED","7100 CHARLOTTE PKE","NASHVILLE","WEST",36.12798,-86.90704,"EMBANKMENT EARTH","37209","2018","June","Summer","08","Sunday","Weekend","No Injuries","No Fatalities"
9.97049366014696e-314,2018-06-10 08:57:00,1,0,0,NA,"Y","NOT COLLISION W/MOTOR VEHICLE-TRANSPORT","RAIN","DARK - NOT LIGHTED","OLD HICKORY & BELL","ANTIOCH","SOUTH",36.04527,-86.70193,"BRIDGE PARPET END","37013","2018","June","Summer","08","Sunday","Weekend","No Injuries","No Fatalities"
9.97049368880277e-314,2018-06-10 09:15:00,2,0,0,NA,"Y","Front to Rear","RAIN","DARK - LIGHTED","EDMONDSON PKE & SEVEN MILE CREEK GRNWY","NASHVILLE","MIDTOW",36.05826,-86.74167,"MOTOR VEHICLE IN TRANSPORT","37211","2018","June","Summer","09","Sunday","Weekend","No Injuries","No Fatalities"
9.9704937401856e-314,2018-06-10 11:25:00,1,0,0,NA,"N","NOT COLLISION W/MOTOR VEHICLE-TRANSPORT","RAIN","DARK - LIGHTED","MM 204 3 I 40","NASHVILLE","WEST",36.1534,-86.8525,"CONCRETE TRAFFIC BARRIER","37209","2018","June","Summer","11","Sunday","Weekend","No Injuries","No Fatalities"
9.97049374265592e-314,2018-06-10 11:35:00,2,1,0,NA,"N","OTHER","RAIN","DAYLIGHT","MM 87 1 I 65","NASHVILLE","EAST",36.20311,-86.77685,"MOTOR VEHICLE IN TRANSPORT","37207","2018","June","Summer","11","Sunday","Weekend","Injuries","No Fatalities"
9.97049374463219e-314,2018-06-10 11:40:00,1,0,0,NA,"Y","NOT COLLISION W/MOTOR VEHICLE-TRANSPORT","RAIN","DARK - LIGHTED","MM 211 2 I 40","NASHVILLE","HERMIT",36.15324,-86.7557,"CONCRETE TRAFFIC BARRIER","37210","2018","June","Summer","11","Sunday","Weekend","No Injuries","No Fatalities"
9.97049374562032e-314,2018-06-10 11:11:00,1,0,0,NA,"N","NOT COLLISION W/MOTOR VEHICLE-TRANSPORT","RAIN","DAYLIGHT","MM 0 5 I 440","NASHVILLE","WEST",36.15033,-86.82277,"GUARDRAIL FACE","37209","2018","June","Summer","11","Sunday","Weekend","No Injuries","No Fatalities"
9.97049377427613e-314,2018-06-10 12:29:00,1,0,0,NA,"N","NOT COLLISION W/MOTOR VEHICLE-TRANSPORT","RAIN","DAYLIGHT","MM 75 2 I 65","BRENTWOOD","MIDTOW",36.04655,-86.77701,"OTHER FIXED OBJECTS","37027","2018","June","Summer","12","Sunday","Weekend","No Injuries","No Fatalities"
9.9704937861337e-314,2018-06-10 12:30:00,1,0,0,NA,"N","NOT COLLISION W/MOTOR VEHICLE-TRANSPORT","RAIN","DAYLIGHT","GRANNY WHITE PKE & RADNOR GLEN DR","BRENTWOOD","MIDTOW",36.05499,-86.8159,"THROWN OR FALLING OBJECT","37027","2018","June","Summer","12","Sunday","Weekend","No Injuries","No Fatalities"
9.97049378712183e-314,2018-06-10 12:45:00,1,0,0,NA,"N","NOT COLLISION W/MOTOR VEHICLE-TRANSPORT","RAIN","DARK - LIGHTED","MM 211 6 I 40","NASHVILLE","HERMIT",36.15079,-86.74981,"CONCRETE TRAFFIC BARRIER","37210","2018","June","Summer","12","Sunday","Weekend","No Injuries","No Fatalities"
9.97049379799128e-314,2018-06-10 12:25:00,2,0,0,NA,"N","SIDESWIPE - SAME DIRECTION","RAIN","DAYLIGHT","SPENCE LN & ELM HILL PKE","NASHVILLE","HERMIT",36.14507,-86.72258,"MOTOR VEHICLE IN TRANSPORT","37210","2018","June","Summer","12","Sunday","Weekend","No Injuries","No Fatalities"
9.97049573176422e-314,2018-06-12 01:39:00,2,1,0,NA,"N","ANGLE","RAIN","DARK - LIGHTED","RICHARDS RD & DOWDY DR","ANTIOCH","SOUTH",36.06806,-86.66905,"MOTOR VEHICLE IN TRANSPORT","37013","2018","June","Summer","01","Tuesday","Weekday","Injuries","No Fatalities"
9.97049750891834e-314,2018-06-13 03:00:00,1,0,0,NA,"N","NOT COLLISION W/MOTOR VEHICLE-TRANSPORT","RAIN","DARK - LIGHTED","BRILEY PKWYW & I24 W ENT RAMP","NASHVILLE","MADISO",36.23827,-86.78318,"CULVERT","37207","2018","June","Summer","03","Wednesday","Weekday","No Injuries","No Fatalities"
9.97051862627218e-314,2018-06-27 04:35:00,4,2,0,NA,"Y","Front to Rear","RAIN","DARK - LIGHTED","MM 93 1 I 65","MADISON","MADISO",36.2764,-86.73502,"MOTOR VEHICLE IN TRANSPORT","37115","2018","June","Summer","04","Wednesday","Weekday","Injuries","No Fatalities"
9.97051865393985e-314,2018-06-27 04:55:00,2,0,0,NA,"N","Front to Rear","RAIN","DARK - LIGHTED","LARKIN SPRINGS RD & WARRIOR RD","MADISON","MADISO",36.25915,-86.68494,"MOTOR VEHICLE IN TRANSPORT","37115","2018","June","Summer","04","Wednesday","Weekday","No Injuries","No Fatalities"
9.97051869840576e-314,2018-06-27 05:36:00,1,0,0,NA,"N","NOT COLLISION W/MOTOR VEHICLE-TRANSPORT","RAIN","DARK - LIGHTED","MM 212 8 I 40","NASHVILLE","HERMIT",36.14206,-86.73517,"GUARDRAIL FACE","37210","2018","June","Summer","05","Wednesday","Weekday","No Injuries","No Fatalities"
9.97051870137016e-314,2018-06-27 05:37:00,2,0,0,NA,"Y","Front to Rear","RAIN","DARK - NOT LIGHTED","MM 222 5 I 40","HERMITAGE","HERMIT",36.16895,-86.57114,"MOTOR VEHICLE IN TRANSPORT;PARKED MOTOR VEHICLE","37076","2018","June","Summer","05","Wednesday","Weekday","No Injuries","No Fatalities"
9.97051871125147e-314,2018-06-27 05:32:00,2,3,0,NA,"N","ANGLE","RAIN","DARK - LIGHTED","19TH AVS & BROADWAY","NASHVILLE","MIDTOW",36.15101,-86.79649,"MOTOR VEHICLE IN TRANSPORT","37203","2018","June","Summer","05","Wednesday","Weekday","Injuries","No Fatalities"
9.97051875868177e-314,2018-06-27 06:17:00,2,0,0,NA,"Y","Front to Rear","RAIN","DARK - LIGHTED","I24 E ENT RAMP & I 24","NASHVILLE","CENTRA",36.04495,-86.65975,"MOTOR VEHICLE IN TRANSPORT","37213","2018","June","Summer","06","Wednesday","Weekday","No Injuries","No Fatalities"
9.97051876510462e-314,2018-06-27 06:21:00,1,0,0,NA,"N","NOT COLLISION W/MOTOR VEHICLE-TRANSPORT","RAIN","DARK - NOT LIGHTED","MM 57 5 I 24","ANTIOCH","SOUTH",36.06391,-86.68395,"CONCRETE TRAFFIC BARRIER;Ran Off Road-Left","37013","2018","June","Summer","06","Wednesday","Weekday","No Injuries","No Fatalities"
9.97051878091472e-314,2018-06-27 06:28:00,1,0,0,NA,"N","NOT COLLISION W/MOTOR VEHICLE-TRANSPORT","RAIN","DARK - NOT LIGHTED","MM 57 5 I 24","ANTIOCH","SOUTH",36.06366,-86.6837,"CONCRETE TRAFFIC BARRIER;Ran Off Road-Right;Ran Off Road-Left;EMBANKMENT EARTH","37013","2018","June","Summer","06","Wednesday","Weekday","No Injuries","No Fatalities"
9.97051879771296e-314,2018-06-27 06:15:00,1,0,0,NA,"N","NOT COLLISION W/MOTOR VEHICLE-TRANSPORT","RAIN","DARK - NOT LIGHTED","MM 57 6 I 24","ANTIOCH","SOUTH",36.0627,-86.68241,"GUARDRAIL FACE","37013","2018","June","Summer","06","Wednesday","Weekday","No Injuries","No Fatalities"
9.97051886984654e-314,2018-06-27 06:16:00,1,0,0,NA,"Y","NOT COLLISION W/MOTOR VEHICLE-TRANSPORT","RAIN","DARK - LIGHTED","LEBANON PKE & LEBANON PIKE CIR","NASHVILLE","HERMIT",36.15346,-86.71522,"FENCE","37210","2018","June","Summer","06","Wednesday","Weekday","No Injuries","No Fatalities"
9.97051901460778e-314,2018-06-27 05:00:00,2,1,0,NA,"N","ANGLE","RAIN","DAYLIGHT","MM 208 4 I 40","NASHVILLE","NORTH",36.1653,-86.79427,"MOTOR VEHICLE IN TRANSPORT","37203","2018","June","Summer","05","Wednesday","Weekday","Injuries","No Fatalities"
9.97051908130664e-314,2018-06-27 10:56:00,2,0,0,NA,"N","ANGLE","RAIN","DARK - LIGHTED","BUENA VISTA PKE & AMES DR","NASHVILLE","NORTH",36.22352,-86.82197,"MOTOR VEHICLE IN TRANSPORT","37207","2018","June","Summer","10","Wednesday","Weekday","No Injuries","No Fatalities"
9.97051910205739e-314,2018-06-27 11:24:00,1,0,0,NA,"N","NOT COLLISION W/MOTOR VEHICLE-TRANSPORT","RAIN","DAWN","BRILEY PKWYS & BRILEY PKWY S ENT RAMP","NASHVILLE","SOUTH",36.16464,-86.6889,"H-WAY TRAFFIC SIGNAL POST","37211","2018","June","Summer","11","Wednesday","Weekday","No Injuries","No Fatalities"
9.97051911193871e-314,2018-06-27 11:40:00,2,0,0,NA,"Y","SIDESWIPE - SAME DIRECTION","RAIN","DAYLIGHT","I440 W ENT RAMP & I 24","NASHVILLE","SOUTH",36.11994,-86.72646,"MOTOR VEHICLE IN TRANSPORT","37217","2018","June","Summer","11","Wednesday","Weekday","No Injuries","No Fatalities"
9.97051914849957e-314,2018-06-27 12:25:00,2,0,0,NA,"N","SIDESWIPE - SAME DIRECTION","RAIN","DAYLIGHT","2ND AVS & MCCANN ST","NASHVILLE","HERMIT",36.1504,-86.76775,"MOTOR VEHICLE IN TRANSPORT","37210","2018","June","Summer","12","Wednesday","Weekday","No Injuries","No Fatalities"
9.97051915640462e-314,2018-06-27 12:35:00,1,2,0,NA,"N","NOT COLLISION W/MOTOR VEHICLE-TRANSPORT","RAIN","DAYLIGHT","MM 57 4 I 24","ANTIOCH","SOUTH",36.06518,-86.68528,"DITCH;SHRUBBERY","37013","2018","June","Summer","12","Wednesday","Weekday","Injuries","No Fatalities"
9.97051915838088e-314,2018-06-27 12:23:00,2,1,0,NA,"N","Front to Rear","RAIN","DAYLIGHT","MM 212 1 I 40","NASHVILLE","HERMIT",36.14663,-86.74272,"MOTOR VEHICLE IN TRANSPORT","37210","2018","June","Summer","12","Wednesday","Weekday","Injuries","No Fatalities"
9.97051916282747e-314,2018-06-27 12:20:00,2,0,0,NA,"N","Front to Rear","RAIN","DAYLIGHT","800 ELM HILL PKE","NASHVILLE","HERMIT",36.14462,-86.7437,"MOTOR VEHICLE IN TRANSPORT","37210","2018","June","Summer","12","Wednesday","Weekday","No Injuries","No Fatalities"
9.97051916480373e-314,2018-06-27 12:40:00,2,2,0,NA,"N","ANGLE","RAIN","DAYLIGHT","MM 6 2 I 440","NASHVILLE","MIDTOW",36.12259,-86.75183,"MOTOR VEHICLE IN TRANSPORT","37211","2018","June","Summer","12","Wednesday","Weekday","Injuries","No Fatalities"
9.97051916677999e-314,2018-06-27 12:35:00,1,0,0,NA,"N","NOT COLLISION W/MOTOR VEHICLE-TRANSPORT","RAIN","DAYLIGHT","MM 57 3 I 24","ANTIOCH","SOUTH",36.06563,-86.68575,"CONCRETE TRAFFIC BARRIER","37013","2018","June","Summer","12","Wednesday","Weekday","No Injuries","No Fatalities"
9.97051917468504e-314,2018-06-27 12:26:00,2,0,0,NA,"N","SIDESWIPE - SAME DIRECTION","RAIN","DAYLIGHT","I24 E ENT RAMP & I 24","NASHVILLE","CENTRA",36.06657,-86.68678,"MOTOR VEHICLE IN TRANSPORT","37213","2018","June","Summer","12","Wednesday","Weekday","No Injuries","No Fatalities"
9.97051917863757e-314,2018-06-27 12:51:00,3,1,0,NA,"N","Front to Rear","RAIN","DAYLIGHT","BLACKMAN RD & DANBY DR","NASHVILLE","MIDTOW",36.07443,-86.7459,"MOTOR VEHICLE IN TRANSPORT","37211","2018","June","Summer","12","Wednesday","Weekday","Injuries","No Fatalities"
9.97051919494174e-314,2018-06-27 12:10:00,1,0,0,NA,"N","NOT COLLISION W/MOTOR VEHICLE-TRANSPORT","RAIN","DAYLIGHT","CINDER RD & SWINGING BRIDGE RD","OLD HICKORY","HERMIT",36.28879,-86.66631,"DEER (ANIMAL)","37138","2018","June","Summer","12","Wednesday","Weekday","No Injuries","No Fatalities"
9.97051701611224e-314,2018-06-26 05:00:00,3,0,0,NA,"Y","SIDESWIPE - SAME DIRECTION","RAIN","DARK - LIGHTED","25TH AVN & DOWLAN ST","NASHVILLE","NORTH",36.18907,-86.81667,"MOTOR VEHICLE IN TRANSPORT","37208","2018","June","Summer","05","Tuesday","Weekday","No Injuries","No Fatalities"
9.9705170166063e-314,2018-06-26 05:00:00,2,0,0,NA,"Y","ANGLE","RAIN","DARK - LIGHTED","25TH AVN & 26TH AVN","NASHVILLE","NORTH",36.19049,-86.81695,"MOTOR VEHICLE IN TRANSPORT","37208","2018","June","Summer","05","Tuesday","Weekday","No Injuries","No Fatalities"
9.9705178911025e-314,2018-06-26 05:00:00,2,0,0,NA,"Y","SIDESWIPE - SAME DIRECTION","RAIN","DAYLIGHT","MM 33 3 I 24","JOELTON","NORTH",36.32959,-86.89694,"MOTOR VEHICLE IN TRANSPORT","37080","2018","June","Summer","05","Tuesday","Weekday","No Injuries","No Fatalities"
9.97053114984817e-314,2018-07-05 06:54:00,2,1,0,NA,"N","ANGLE","RAIN","DARK - LIGHTED","S 5TH ST & WOODLAND ST","NASHVILLE","EAST",36.17184,-86.76477,"MOTOR VEHICLE IN TRANSPORT;MOTOR VEHICLE IN TRANSPORT-OTHER ROADWAY","37206","2018","July","Summer","06","Thursday","Weekday","Injuries","No Fatalities"
9.9705311508363e-314,2018-07-05 06:56:00,1,0,0,NA,"N","NOT COLLISION W/MOTOR VEHICLE-TRANSPORT","RAIN","DARK - LIGHTED","MM 216 0 I 40","NASHVILLE","HERMIT",36.14197,-86.67766,"CONCRETE TRAFFIC BARRIER","37217","2018","July","Summer","06","Thursday","Weekday","No Injuries","No Fatalities"
9.97053117109299e-314,2018-07-05 07:20:00,2,5,0,NA,"N","ANGLE","RAIN","DARK - LIGHTED","18TH AVN & CHURCH ST","NASHVILLE","MIDTOW",36.15504,-86.79752,"MOTOR VEHICLE IN TRANSPORT","37203","2018","July","Summer","07","Thursday","Weekday","Injuries","No Fatalities"
9.97053117257519e-314,2018-07-05 07:24:00,2,1,0,NA,"N","ANGLE","RAIN","DARK - LIGHTED","BRILEY PKWY & VULTEE BLVD","NASHVILLE","HERMIT",36.12429,-86.69634,"MOTOR VEHICLE IN TRANSPORT;FENCE","37217","2018","July","Summer","07","Thursday","Weekday","Injuries","No Fatalities"
9.97053118986749e-314,2018-07-05 05:00:00,2,0,0,NA,"N","ANGLE","RAIN","DARK - LIGHTED","COMMERCE ST & 4TH AVN","NASHVILLE","CENTRA",36.16218,-86.77857,"MOTOR VEHICLE IN TRANSPORT","37219","2018","July","Summer","05","Thursday","Weekday","No Injuries","No Fatalities"
9.97053119233781e-314,2018-07-05 07:49:00,1,0,0,NA,"N","NOT COLLISION W/MOTOR VEHICLE-TRANSPORT","RAIN","DARK - LIGHTED","MM 49 2 I 24","NASHVILLE","CENTRA",36.16362,-86.76245,"","37213","2018","July","Summer","07","Thursday","Weekday","No Injuries","No Fatalities"
9.97053120617165e-314,2018-07-05 07:16:00,2,0,0,NA,"Y","SIDESWIPE - SAME DIRECTION","RAIN","DARK - LIGHTED","3RD AVS & PEABODY ST","NASHVILLE","CENTRA",36.15705,-86.77304,"MOTOR VEHICLE IN TRANSPORT","37210","2018","July","Summer","07","Thursday","Weekday","No Injuries","No Fatalities"
9.97053254657175e-314,2018-07-06 04:35:00,1,0,0,NA,"N","NOT COLLISION W/MOTOR VEHICLE-TRANSPORT","RAIN","DARK - LIGHTED","I24 W EXT RAMP & BRILEY PKWYE","NASHVILLE","MADISO",36.23808,-86.78311,"CONCRETE TRAFFIC BARRIER","37207","2018","July","Summer","04","Friday","Weekday","No Injuries","No Fatalities"
9.97053341217476e-314,2018-07-06 06:50:00,2,0,0,NA,"N","Front to Rear","RAIN","DARK - LIGHTED","BELLE FOREST CIR & HIGHWAY 70S","NASHVILLE","WEST",36.074,-86.92452,"MOTOR VEHICLE IN TRANSPORT","37221","2018","July","Summer","06","Friday","Weekday","No Injuries","No Fatalities"
9.97053385139912e-314,2018-07-07 00:03:00,2,2,0,NA,"N","SIDESWIPE - SAME DIRECTION","RAIN","DAYLIGHT","MM 57 5 I 24","ANTIOCH","SOUTH",36.06378,-86.68353,"MOTOR VEHICLE IN TRANSPORT;GUARDRAIL FACE","37013","2018","July","Summer","00","Saturday","Weekend","Injuries","No Fatalities"
9.97053385535165e-314,2018-07-07 00:10:00,2,0,0,NA,"N","SIDESWIPE - SAME DIRECTION","RAIN","DAYLIGHT","MM 58 9 I 24","ANTIOCH","SOUTH",36.04965,-86.66619,"MOTOR VEHICLE IN TRANSPORT","37013","2018","July","Summer","00","Saturday","Weekend","No Injuries","No Fatalities"
9.97053386622109e-314,2018-07-07 00:16:00,2,0,0,NA,"N","Front to Rear","RAIN","DAYLIGHT","S 17TH ST & SHELBY AV","NASHVILLE","EAST",36.17024,-86.74023,"MOTOR VEHICLE IN TRANSPORT","37206","2018","July","Summer","00","Saturday","Weekend","No Injuries","No Fatalities"
9.97053386819735e-314,2018-07-07 00:20:00,2,0,0,NA,"Y","NOT COLLISION W/MOTOR VEHICLE-TRANSPORT","RAIN","DAYLIGHT","SHIHMEN DR & TOMARAND CT","ANTIOCH","SOUTH",36.05627,-86.67737,"PARKED MOTOR VEHICLE;OTHER OBJECT (NOT FIXED);UTILITY POLE","37013","2018","July","Summer","00","Saturday","Weekend","No Injuries","No Fatalities"
9.97053388252526e-314,2018-07-07 00:30:00,2,0,0,NA,"Y","Front to Rear","RAIN","DAYLIGHT","NOLENSVILLE PKE & HAYWOOD LN","NASHVILLE","MIDTOW",36.06858,-86.71957,"MOTOR VEHICLE IN TRANSPORT","37211","2018","July","Summer","00","Saturday","Weekend","No Injuries","No Fatalities"
9.97053389290063e-314,2018-07-07 00:35:00,2,0,0,NA,"Y","ANGLE","RAIN","DAYLIGHT","DOUGLAS AV & DICKERSON PKE","NASHVILLE","EAST",36.1944,-86.77235,"MOTOR VEHICLE IN TRANSPORT","37207","2018","July","Summer","00","Saturday","Weekend","No Injuries","No Fatalities"
9.97053394873005e-314,2018-07-07 00:30:00,2,0,0,NA,"N","Front to Rear","RAIN","DUSK","MM 60 0 I 24","ANTIOCH","SOUTH",36.04011,-86.6497,"MOTOR VEHICLE IN TRANSPORT","37013","2018","July","Summer","00","Saturday","Weekend","No Injuries","No Fatalities"
9.97054571193901e-314,2018-07-15 12:00:00,1,1,0,NA,"N","NOT COLLISION W/MOTOR VEHICLE-TRANSPORT","RAIN","DAWN","MM 91 8 I 65","MADISON","MADISO",36.25823,-86.73845,"EMBANKMENT EARTH","37115","2018","July","Summer","12","Sunday","Weekend","Injuries","No Fatalities"
9.9705457163856e-314,2018-07-15 12:08:00,1,1,0,NA,"Y","NOT COLLISION W/MOTOR VEHICLE-TRANSPORT","RAIN","DAYLIGHT","MIDDLETON ST & 7TH AVS","NASHVILLE","CENTRA",36.1521,-86.7772,"PEDESTRIAN","37203","2018","July","Summer","12","Sunday","Weekend","Injuries","No Fatalities"
9.97054574010076e-314,2018-07-15 12:35:00,1,0,0,NA,"N","NOT COLLISION W/MOTOR VEHICLE-TRANSPORT","RAIN","DAYLIGHT","MM 217 1 I 40","NASHVILLE","HERMIT",36.14568,-86.64566,"WALL","37214","2018","July","Summer","12","Sunday","Weekend","No Injuries","No Fatalities"
9.97054574899394e-314,2018-07-15 12:44:00,1,1,0,NA,"N","NOT COLLISION W/MOTOR VEHICLE-TRANSPORT","RAIN","DAYLIGHT","MM 216 0 I 40","NASHVILLE","HERMIT",36.14199,-86.67796,"GUARDRAIL FACE;CONCRETE TRAFFIC BARRIER;Ran Off Road-Right;Ran Off Road-Left","37217","2018","July","Summer","12","Sunday","Weekend","Injuries","No Fatalities"
9.97054575541679e-314,2018-07-15 12:35:00,2,0,0,NA,"N","ANGLE","RAIN","DAYLIGHT","I24 W ENT RAMP & I 24","NASHVILLE","EAST",36.1654,-86.76389,"MOTOR VEHICLE IN TRANSPORT","37206","2018","July","Summer","12","Sunday","Weekend","No Injuries","No Fatalities"
9.97054579148358e-314,2018-07-15 12:44:00,2,1,0,NA,"N","ANGLE","RAIN","DAYLIGHT","I40 E ENT RAMP & I 40","NASHVILLE","WEST",36.14403,-86.69257,"MOTOR VEHICLE IN TRANSPORT","37205","2018","July","Summer","12","Sunday","Weekend","Injuries","No Fatalities"
9.97053948325342e-314,2018-07-11 00:20:00,2,0,0,NA,"N","SIDESWIPE - SAME DIRECTION","RAIN","DAYLIGHT","MM 2 7 I 440","NASHVILLE","MIDTOW",36.12281,-86.80622,"MOTOR VEHICLE IN TRANSPORT","37215","2018","July","Summer","00","Wednesday","Weekday","No Injuries","No Fatalities"
9.97053949115847e-314,2018-07-11 00:21:00,1,1,0,NA,"N","NOT COLLISION W/MOTOR VEHICLE-TRANSPORT","RAIN","DAYLIGHT","MM 0 1 I 440","NASHVILLE","WEST",36.14107,-86.82281,"OTHER POST, POLE, SUPP.","37205","2018","July","Summer","00","Wednesday","Weekday","Injuries","No Fatalities"