"Accident.Number","Date.and.Time","Number.of.Motor.Vehicles","Number.of.Injuries","Number.of.Fatalities","Property.Damage","Hit.and.Run","Collision.Type.Description","Weather.Description","Illumination.Description","Street.Address","City","Precinct","Latitude","Longitude","HarmfulDescriptions","Zip.Code","Year","Month","Season","Hour","Weekday","DayType","Accident","Fatality_category"
9.9705459436558e-314,2018-07-15 05:00:00,1,0,0,NA,"N","NOT COLLISION W/MOTOR VEHICLE-TRANSPORT","RAIN","DAYLIGHT","MM 57 5 I 24","ANTIOCH","SOUTH",36.06357,-86.68331,"CONCRETE TRAFFIC BARRIER","37013","2018","July","Summer","05","Sunday","Weekend","No Injuries","No Fatalities"
9.97053954550569e-314,2018-07-11 00:45:00,2,0,0,NA,"N","ANGLE","RAIN","DAYLIGHT","WEST END AV & ORLEANS DR","NASHVILLE","MIDTOW",36.13873,-86.81974,"MOTOR VEHICLE IN TRANSPORT","37212","2018","July","Summer","00","Wednesday","Weekday","No Injuries","No Fatalities"
9.9705263257912e-314,2018-07-02 00:18:00,2,2,0,NA,"N","Front to Rear","RAIN","DAYLIGHT","MM 89 6 I 65","NASHVILLE","MADISO",36.23574,-86.76399,"MOTOR VEHICLE IN TRANSPORT","37207","2018","July","Summer","00","Monday","Weekday","Injuries","No Fatalities"
9.97052637569183e-314,2018-07-02 00:16:00,2,0,0,NA,"N","Front to Rear","RAIN","DUSK","PARAGON MILLS RD & BENITA DR","NASHVILLE","SOUTH",36.08858,-86.71706,"MOTOR VEHICLE IN TRANSPORT","37211","2018","July","Summer","00","Monday","Weekday","No Injuries","No Fatalities"
9.97054622675542e-314,2018-07-15 05:00:00,1,0,0,NA,"N","NOT COLLISION W/MOTOR VEHICLE-TRANSPORT","RAIN","DAYLIGHT","EDMONDSON PKE & EDMONDSON PIKE","NASHVILLE","MIDTOW",36.01346,-86.73844,"","37211","2018","July","Summer","05","Sunday","Weekend","No Injuries","No Fatalities"
9.97054623910706e-314,2018-07-16 00:09:00,1,0,0,NA,"N","NOT COLLISION W/MOTOR VEHICLE-TRANSPORT","RAIN","DAYLIGHT","I40 E EXT RAMP & I 40","NASHVILLE","HERMIT",36.14401,-86.69634,"GUARDRAIL FACE","37214","2018","July","Summer","00","Monday","Weekday","No Injuries","No Fatalities"
9.97054624355365e-314,2018-07-16 00:26:00,1,0,0,NA,"N","NOT COLLISION W/MOTOR VEHICLE-TRANSPORT","RAIN","DAYLIGHT","BELL RD & WINWARD CT","NASHVILLE","HERMIT",36.09539,-86.62489,"GUARDRAIL FACE","37217","2018","July","Summer","00","Monday","Weekday","No Injuries","No Fatalities"
9.97054624750617e-314,2018-07-16 00:29:00,1,0,0,NA,"Y","NOT COLLISION W/MOTOR VEHICLE-TRANSPORT","RAIN","Dark-Unknown Lighting","APACHE TRL & CATAWBA CT","ANTIOCH","SOUTH",36.05974,-86.68035,"","37013","2018","July","Summer","00","Monday","Weekday","No Injuries","No Fatalities"
9.97054672526765e-314,2018-07-16 09:40:00,2,0,0,NA,"Y","SIDESWIPE - OPPOSITE DIRECTION","RAIN","DARK - LIGHTED","MARINA ST & MCFERRIN AV","NASHVILLE","EAST",36.18026,-86.75527,"MOTOR VEHICLE IN TRANSPORT;PARKED MOTOR VEHICLE","37206","2018","July","Summer","09","Monday","Weekday","No Injuries","No Fatalities"
9.97054778652066e-314,2018-07-17 01:18:00,3,2,0,NA,"N","HEAD-ON","RAIN","DAYLIGHT","CHURCH ST & 16TH AVN","NASHVILLE","MIDTOW",36.15651,-86.79453,"MOTOR VEHICLE IN TRANSPORT;BUILDING","37203","2018","July","Summer","01","Tuesday","Weekday","Injuries","No Fatalities"
9.97054783889162e-314,2018-07-17 02:10:00,1,0,0,NA,"N","NOT COLLISION W/MOTOR VEHICLE-TRANSPORT","RAIN","DARK - LIGHTED","MM 215 8 I 40","NASHVILLE","HERMIT",36.14231,-86.68087,"CONCRETE TRAFFIC BARRIER","37217","2018","July","Summer","02","Tuesday","Weekday","No Injuries","No Fatalities"
9.97054786161864e-314,2018-07-17 02:23:00,2,0,0,NA,"N","ANGLE","RAIN","DARK - LIGHTED","MM 216 0 I 40","NASHVILLE","HERMIT",36.14199,-86.67801,"MOTOR VEHICLE IN TRANSPORT","37217","2018","July","Summer","02","Tuesday","Weekday","No Injuries","No Fatalities"
9.97054787347621e-314,2018-07-17 02:38:00,2,0,0,NA,"N","SIDESWIPE - SAME DIRECTION","RAIN","DARK - NOT LIGHTED","MM 81 1 I 65","NASHVILLE","MIDTOW",36.13116,-86.77398,"MOTOR VEHICLE IN TRANSPORT","37204","2018","July","Summer","02","Tuesday","Weekday","No Injuries","No Fatalities"
9.97054787446435e-314,2018-07-17 01:41:00,2,0,0,NA,"N","Front to Rear","RAIN","DARK - NOT LIGHTED","4198 MURFREESBORO PKE","ANTIOCH","SOUTH",36.02594,-86.58782,"MOTOR VEHICLE IN TRANSPORT","37013","2018","July","Summer","01","Tuesday","Weekday","No Injuries","No Fatalities"
9.97054788434566e-314,2018-07-17 02:51:00,1,1,0,NA,"N","NOT COLLISION W/MOTOR VEHICLE-TRANSPORT","RAIN","DARK - NOT LIGHTED","I40 E EXT RAMP & I 40","NASHVILLE","HERMIT",36.16981,-86.60648,"GUARDRAIL FACE","37214","2018","July","Summer","02","Tuesday","Weekday","Injuries","No Fatalities"
9.97054789966169e-314,2018-07-17 03:00:00,2,5,0,NA,"N","ANGLE","RAIN","DARK - LIGHTED","MM 58 0 I 24","ANTIOCH","SOUTH",36.05812,-86.67795,"MOTOR VEHICLE IN TRANSPORT","37013","2018","July","Summer","03","Tuesday","Weekday","Injuries","No Fatalities"
9.97054790954301e-314,2018-07-17 03:13:00,2,1,0,NA,"Y","ANGLE","RAIN","DARK - NOT LIGHTED","MM 59 2 I 24","ANTIOCH","SOUTH",36.04678,-86.66125,"MOTOR VEHICLE IN TRANSPORT","37013","2018","July","Summer","03","Tuesday","Weekday","Injuries","No Fatalities"
9.97054793177596e-314,2018-07-17 02:44:00,2,1,0,NA,"N","ANGLE","RAIN","DARK - LIGHTED","MURFREESBORO PKE & HAMILTON CHURCH RD","ANTIOCH","SOUTH",36.06477,-86.62846,"MOTOR VEHICLE IN TRANSPORT","37013","2018","July","Summer","02","Tuesday","Weekday","Injuries","No Fatalities"
9.97052933168659e-314,2018-07-03 05:00:00,2,0,0,NA,"N","Front to Rear","RAIN","OTHER","MM 86 3 I 65","NASHVILLE","CENTRA",36.19187,-86.78048,"MOTOR VEHICLE IN TRANSPORT","37207","2018","July","Summer","05","Tuesday","Weekday","No Injuries","No Fatalities"
9.97057033715893e-314,2018-08-01 10:59:00,2,1,0,NA,"N","ANGLE","RAIN","DUSK","OCALA DR & NOLENSVILLE PKE","NASHVILLE","SOUTH",36.05151,-86.71436,"MOTOR VEHICLE IN TRANSPORT","37211","2018","August","Summer","10","Wednesday","Weekday","Injuries","No Fatalities"
9.97058273277192e-314,2018-08-10 03:50:00,2,0,0,NA,"N","Front to Rear","RAIN","DARK - LIGHTED","MM 48 1 I 24","NASHVILLE","EAST",36.17398,-86.77061,"MOTOR VEHICLE IN TRANSPORT;CONCRETE TRAFFIC BARRIER","37206","2018","August","Summer","03","Friday","Weekday","No Injuries","No Fatalities"
9.97058273376005e-314,2018-08-10 03:15:00,2,0,0,NA,"N","ANGLE","RAIN","DARK - LIGHTED","THOMPSON LN & BRANSFORD AV","NASHVILLE","MIDTOW",36.11233,-86.76702,"MOTOR VEHICLE IN TRANSPORT","37204","2018","August","Summer","03","Friday","Weekday","No Injuries","No Fatalities"
9.97058273919478e-314,2018-08-10 03:55:00,1,0,0,NA,"N","NOT COLLISION W/MOTOR VEHICLE-TRANSPORT","RAIN","DARK - NOT LIGHTED","MM 39 1 I 24","WHITES CREEK","NORTH",36.29555,-86.81086,"GUARDRAIL FACE","37189","2018","August","Summer","03","Friday","Weekday","No Injuries","No Fatalities"
9.97058275648707e-314,2018-08-10 04:16:00,2,4,0,NA,"N","NOT COLLISION W/MOTOR VEHICLE-TRANSPORT","RAIN","DARK - LIGHTED","MM 57 7 I 24","ANTIOCH","SOUTH",36.06116,-86.68111,"MOTOR VEHICLE IN TRANSPORT;CONCRETE TRAFFIC BARRIER","37013","2018","August","Summer","04","Friday","Weekday","Injuries","No Fatalities"
9.9705827619218e-314,2018-08-10 03:55:00,1,0,0,NA,"N","NOT COLLISION W/MOTOR VEHICLE-TRANSPORT","RAIN","DARK - LIGHTED","I24 E EXT RAMP & I 24","NASHVILLE","NORTH",36.11349,-86.72425,"WALL","37207","2018","August","Summer","03","Friday","Weekday","No Injuries","No Fatalities"
9.97058276340399e-314,2018-08-10 04:29:00,1,1,0,NA,"N","NOT COLLISION W/MOTOR VEHICLE-TRANSPORT","RAIN","DARK - NOT LIGHTED","MM 40 6 I 24","WHITES CREEK","NORTH",36.27659,-86.79917,"","37189","2018","August","Summer","04","Friday","Weekday","Injuries","No Fatalities"
9.97058276735652e-314,2018-08-10 04:27:00,1,0,0,NA,"N","NOT COLLISION W/MOTOR VEHICLE-TRANSPORT","RAIN","DARK - NOT LIGHTED","MM 58 8 I 24","ANTIOCH","SOUTH",36.05083,-86.66823,"CONCRETE TRAFFIC BARRIER","37013","2018","August","Summer","04","Friday","Weekday","No Injuries","No Fatalities"
9.9705827920598e-314,2018-08-10 04:27:00,1,0,0,NA,"N","NOT COLLISION W/MOTOR VEHICLE-TRANSPORT","RAIN","DARK - NOT LIGHTED","MM 58 8 I 24","ANTIOCH","SOUTH",36.05083,-86.66823,"OTHER OBJECT (NOT FIXED);GUARDRAIL FACE","37013","2018","August","Summer","04","Friday","Weekday","No Injuries","No Fatalities"
9.97058281034023e-314,2018-08-10 05:00:00,2,1,0,NA,"N","Front to Rear","RAIN","DARK - NOT LIGHTED","MM 58 8 I 24","ANTIOCH","SOUTH",36.05083,-86.66823,"MOTOR VEHICLE IN TRANSPORT","37013","2018","August","Summer","05","Friday","Weekday","Injuries","No Fatalities"
9.97058282565626e-314,2018-08-10 05:00:00,1,0,0,NA,"Y","NOT COLLISION W/MOTOR VEHICLE-TRANSPORT","RAIN","DARK - LIGHTED","NOLENSVILLE PKE & ELYSIAN FIELDS CT","NASHVILLE","MIDTOW",36.08687,-86.73023,"UTILITY POLE;FIRE HYDRANT","37211","2018","August","Summer","05","Friday","Weekday","No Injuries","No Fatalities"
9.97058295658366e-314,2018-08-10 07:00:00,2,1,0,NA,"N","Front to Rear","RAIN","DARK - NOT LIGHTED","TORBAY DR & HUMBER DR","NASHVILLE","SOUTH",36.07711,-86.71327,"MOTOR VEHICLE IN TRANSPORT","37211","2018","August","Summer","07","Friday","Weekday","Injuries","No Fatalities"
9.97057020623154e-314,2018-08-01 08:22:00,1,1,0,NA,"N","NOT COLLISION W/MOTOR VEHICLE-TRANSPORT","RAIN","DARK - NOT LIGHTED","MM 58 8 I 24","ANTIOCH","SOUTH",36.05085,-86.66827,"CONCRETE TRAFFIC BARRIER","37013","2018","August","Summer","08","Wednesday","Weekday","Injuries","No Fatalities"
9.97057021364252e-314,2018-08-01 08:25:00,3,1,0,NA,"N","ANGLE","RAIN","DARK - NOT LIGHTED","MM 57 6 I 24","ANTIOCH","SOUTH",36.06248,-86.68217,"MOTOR VEHICLE IN TRANSPORT;GUARDRAIL FACE;CONCRETE TRAFFIC BARRIER","37013","2018","August","Summer","08","Wednesday","Weekday","Injuries","No Fatalities"
9.97057026700161e-314,2018-08-01 09:44:00,1,2,0,NA,"N","NOT COLLISION W/MOTOR VEHICLE-TRANSPORT","RAIN","DARK - NOT LIGHTED","MM 77 1 I 65","NASHVILLE","MIDTOW",36.07292,-86.76945,"GUARDRAIL FACE;Ran Off Road-Right","37220","2018","August","Summer","09","Wednesday","Weekday","Injuries","No Fatalities"
9.97057029516335e-314,2018-08-01 09:42:00,2,0,0,NA,"Y","SIDESWIPE - SAME DIRECTION","RAIN","DARK - NOT LIGHTED","MM 58 0 I 24","ANTIOCH","SOUTH",36.05835,-86.67789,"MOTOR VEHICLE IN TRANSPORT","37013","2018","August","Summer","09","Wednesday","Weekday","No Injuries","No Fatalities"
9.97057029713962e-314,2018-08-01 10:00:00,3,0,0,NA,"Y","Front to Rear","RAIN","DARK - LIGHTED","MM 53 9 I 24","NASHVILLE","SOUTH",36.10691,-86.71928,"MOTOR VEHICLE IN TRANSPORT","37211","2018","August","Summer","10","Wednesday","Weekday","No Injuries","No Fatalities"
9.97057626545262e-314,2018-08-05 05:00:00,2,1,0,NA,"N","Front to Rear","RAIN","DAYLIGHT","OLD HICKORY BLVD & OWEN DR","ANTIOCH","SOUTH",36.0277,-86.61484,"MOTOR VEHICLE IN TRANSPORT","37013","2018","August","Summer","05","Sunday","Weekend","Injuries","No Fatalities"
9.97061156100829e-314,2018-08-30 05:30:00,2,1,0,NA,"N","SIDESWIPE - SAME DIRECTION","RAIN","DARK - LIGHTED","MM 212 0 I 40","NASHVILLE","HERMIT",36.14723,-86.74364,"MOTOR VEHICLE IN TRANSPORT","37210","2018","August","Summer","05","Thursday","Weekday","Injuries","No Fatalities"
9.97061279469021e-314,2018-08-31 00:17:00,2,0,0,NA,"N","ANGLE","RAIN","DARK - LIGHTED","MYATT DR & GALLATIN PKEN","MADISON","MADISO",36.29648,-86.69884,"MOTOR VEHICLE IN TRANSPORT","37115","2018","August","Summer","00","Friday","Weekday","No Injuries","No Fatalities"
9.97061283026294e-314,2018-08-31 00:39:00,1,1,0,NA,"Y","NOT COLLISION W/MOTOR VEHICLE-TRANSPORT","RAIN","DARK - NOT LIGHTED","BRICK CHURCH PKE & VILLAGE TRL","NASHVILLE","MADISO",36.24694,-86.77858,"PEDESTRIAN","37207","2018","August","Summer","00","Friday","Weekday","Injuries","No Fatalities"
9.97061292067695e-314,2018-08-30 05:00:00,1,1,0,NA,"N","NOT COLLISION W/MOTOR VEHICLE-TRANSPORT","RAIN","Dark-Unknown Lighting","MM 43 6 I 24","NASHVILLE","MADISO",36.2369,-86.78618,"CONCRETE TRAFFIC BARRIER","37207","2018","August","Summer","05","Thursday","Weekday","Injuries","No Fatalities"
9.97061319932997e-314,2018-08-31 06:30:00,2,0,0,NA,"Y","Front to Rear","RAIN","DARK - LIGHTED","16TH AVS & HORTON AV","NASHVILLE","MIDTOW",36.14009,-86.79376,"MOTOR VEHICLE IN TRANSPORT;PARKED MOTOR VEHICLE;TREE","37212","2018","August","Summer","06","Friday","Weekday","No Injuries","No Fatalities"
9.97061331642353e-314,2018-08-31 09:28:00,2,1,0,NA,"N","ANGLE","RAIN","DARK - LIGHTED","OLD HICKORY BLVDW & N GRAYCROFT AV","MADISON","MADISO",36.26445,-86.73228,"MOTOR VEHICLE IN TRANSPORT","37115","2018","August","Summer","09","Friday","Weekday","Injuries","No Fatalities"
9.97059194956655e-314,2018-08-16 02:16:00,1,0,0,NA,"Y","NOT COLLISION W/MOTOR VEHICLE-TRANSPORT","RAIN","DARK - LIGHTED","MUSIC VALLEY DR & RUDY CIR","NASHVILLE","HERMIT",36.22008,-86.6937,"BUILDING;TREE","37214","2018","August","Summer","02","Thursday","Weekday","No Injuries","No Fatalities"
9.97059694111177e-314,2018-08-20 12:40:00,2,0,0,NA,"N","Front to Rear","RAIN","DAYLIGHT","LEBANON PKE & LADY NASHVILLE DR","HERMITAGE","HERMIT",36.21622,-86.58505,"MOTOR VEHICLE IN TRANSPORT","37076","2018","August","Summer","12","Monday","Weekday","No Injuries","No Fatalities"
9.9705969707557e-314,2018-08-20 12:55:00,1,0,0,NA,"N","NOT COLLISION W/MOTOR VEHICLE-TRANSPORT","RAIN","DAYLIGHT","31ST AVN & HEDRICK ST","NASHVILLE","MIDTOW",36.14337,-86.81607,"CURB","37203","2018","August","Summer","12","Monday","Weekday","No Injuries","No Fatalities"
9.9705933092352e-314,2018-08-17 10:56:00,2,1,0,NA,"N","HEAD-ON","RAIN","DAWN","BELL RD & RICE RD","ANTIOCH","SOUTH",36.06445,-86.6371,"MOTOR VEHICLE IN TRANSPORT","37013","2018","August","Summer","10","Friday","Weekday","Injuries","No Fatalities"
9.97059332109278e-314,2018-08-17 11:22:00,2,0,0,NA,"N","ANGLE","RAIN","DAYLIGHT","MM 59 0 I 24","ANTIOCH","SOUTH",36.04906,-86.66567,"MOTOR VEHICLE IN TRANSPORT;CONCRETE TRAFFIC BARRIER","37013","2018","August","Summer","11","Friday","Weekday","No Injuries","No Fatalities"
9.97059332850376e-314,2018-08-17 11:34:00,2,0,0,NA,"N","Front to Rear","RAIN","DAWN","MM 86 5 I 65","NASHVILLE","NORTH",36.19485,-86.77616,"MOTOR VEHICLE IN TRANSPORT","37207","2018","August","Summer","11","Friday","Weekday","No Injuries","No Fatalities"
9.97059333245629e-314,2018-08-17 11:50:00,2,0,0,NA,"N","Front to Rear","RAIN","DAYLIGHT","MM 219 9 I 40","HERMITAGE","HERMIT",36.16418,-86.61588,"MOTOR VEHICLE IN TRANSPORT","37076","2018","August","Summer","11","Friday","Weekday","No Injuries","No Fatalities"
9.97059333344442e-314,2018-08-17 11:22:00,2,0,0,NA,"N","Front to Rear","RAIN","DAYLIGHT","SMITH SPRINGS RD & SMITH SPRINGS CT","NASHVILLE","HERMIT",36.09487,-86.63549,"MOTOR VEHICLE IN TRANSPORT","37217","2018","August","Summer","11","Friday","Weekday","No Injuries","No Fatalities"
9.97059335518331e-314,2018-08-17 12:09:00,1,1,0,NA,"N","NOT COLLISION W/MOTOR VEHICLE-TRANSPORT","RAIN","DAYLIGHT","OVERCREST DR & MILNER DR","NASHVILLE","MIDTOW",36.07463,-86.73457,"UTILITY POLE;Ran Off Road-Right","37211","2018","August","Summer","12","Friday","Weekday","Injuries","No Fatalities"
9.97059335666551e-314,2018-08-17 12:16:00,2,1,0,NA,"N","HEAD-ON","RAIN","DAYLIGHT","BELL RD & CEDAR POINTE PKWY","ANTIOCH","SOUTH",36.04497,-86.66621,"MOTOR VEHICLE IN TRANSPORT","37013","2018","August","Summer","12","Friday","Weekday","Injuries","No Fatalities"
9.97059804238409e-314,2018-08-21 04:47:00,2,0,0,NA,"N","HEAD-ON","RAIN","DARK - LIGHTED","HARDING PL & WAUFORD DR","NASHVILLE","MIDTOW",36.08094,-86.75162,"MOTOR VEHICLE IN TRANSPORT","37211","2018","August","Summer","04","Tuesday","Weekday","No Injuries","No Fatalities"
9.97059336308836e-314,2018-08-17 12:19:00,2,0,0,NA,"N","Front to Rear","RAIN","DAYLIGHT","BELL RD & DODSON CHAPEL RD","HERMITAGE","HERMIT",36.15707,-86.61787,"MOTOR VEHICLE IN TRANSPORT","37076","2018","August","Summer","12","Friday","Weekday","No Injuries","No Fatalities"
9.97059806017045e-314,2018-08-21 05:15:00,2,0,0,NA,"N","SIDESWIPE - OPPOSITE DIRECTION","RAIN","DARK - LIGHTED","HAYWOOD LN & EAST RIDGE DR","NASHVILLE","SOUTH",36.07003,-86.6988,"MOTOR VEHICLE IN TRANSPORT","37211","2018","August","Summer","05","Tuesday","Weekday","No Injuries","No Fatalities"
9.97059337000528e-314,2018-08-17 12:29:00,2,0,0,NA,"N","SIDESWIPE - OPPOSITE DIRECTION","RAIN","DAYLIGHT","PETTUS RD & OLD HICKORY BLVD","ANTIOCH","SOUTH",36.0077,-86.66696,"MOTOR VEHICLE IN TRANSPORT","37013","2018","August","Summer","12","Friday","Weekday","No Injuries","No Fatalities"
9.97059806412298e-314,2018-08-21 05:20:00,2,1,0,NA,"N","ANGLE","RAIN","DARK - LIGHTED","MM 88 5 I 65","NASHVILLE","NORTH",36.224,-86.77454,"MOTOR VEHICLE IN TRANSPORT","37207","2018","August","Summer","05","Tuesday","Weekday","Injuries","No Fatalities"
9.9705980838856e-314,2018-08-21 05:40:00,1,1,0,NA,"N","NOT COLLISION W/MOTOR VEHICLE-TRANSPORT","RAIN","DARK - LIGHTED","4TH AVS & ELM ST","NASHVILLE","CENTRA",36.15386,-86.77256,"UTILITY POLE","37210","2018","August","Summer","05","Tuesday","Weekday","Injuries","No Fatalities"
9.97059337593407e-314,2018-08-17 12:24:00,2,0,0,NA,"N","SIDESWIPE - SAME DIRECTION","RAIN","DAYLIGHT","MM 213 6 I 40","NASHVILLE","HERMIT",36.14065,-86.72109,"MOTOR VEHICLE IN TRANSPORT","37217","2018","August","Summer","12","Friday","Weekday","No Injuries","No Fatalities"
9.97059344312699e-314,2018-08-17 12:55:00,2,0,0,NA,"N","ANGLE","RAIN","DAYLIGHT","VULTEE BLVD & KERMIT DR","NASHVILLE","HERMIT",36.12383,-86.7046,"MOTOR VEHICLE IN TRANSPORT","37217","2018","August","Summer","12","Friday","Weekday","No Injuries","No Fatalities"
9.97059347079467e-314,2018-08-17 12:24:00,1,0,0,NA,"Y","NOT COLLISION W/MOTOR VEHICLE-TRANSPORT","RAIN","DAYLIGHT","PARAGON MILLS RD & DAWN DR","NASHVILLE","SOUTH",36.08754,-86.7131,"OTHER FIXED OBJECTS","37211","2018","August","Summer","12","Friday","Weekday","No Injuries","No Fatalities"
9.97059434924339e-314,2018-08-18 03:10:00,1,1,0,NA,"N","NOT COLLISION W/MOTOR VEHICLE-TRANSPORT","RAIN","DARK - LIGHTED","MURFREESBORO PKE & EZELL PKE","NASHVILLE","SOUTH",36.10497,-86.67015,"UTILITY POLE","37217","2018","August","Summer","03","Saturday","Weekend","Injuries","No Fatalities"
9.97059436307723e-314,2018-08-18 03:30:00,1,1,0,NA,"N","NOT COLLISION W/MOTOR VEHICLE-TRANSPORT","RAIN","DARK - LIGHTED","3000 CLARKSVILLE PKE","NASHVILLE","NORTH",36.19232,-86.82905,"PEDESTRIAN","37218","2018","August","Summer","03","Saturday","Weekend","Injuries","No Fatalities"
9.97059436801788e-314,2018-08-18 03:45:00,1,0,0,NA,"Y","NOT COLLISION W/MOTOR VEHICLE-TRANSPORT","RAIN","DARK - LIGHTED","MM 48 7 I 24","NASHVILLE","CENTRA",36.16981,-86.76675,"CONCRETE TRAFFIC BARRIER","37213","2018","August","Summer","03","Saturday","Weekend","No Injuries","No Fatalities"
9.97059437938139e-314,2018-08-18 03:59:00,1,1,0,NA,"N","NOT COLLISION W/MOTOR VEHICLE-TRANSPORT","RAIN","DARK - LIGHTED","MARTIN ST & HAMILTON AV","NASHVILLE","MIDTOW",36.1382,-86.76977,"MOTOR VEHICLE IN TRANSPORT","37203","2018","August","Summer","03","Saturday","Weekend","Injuries","No Fatalities"
9.97059438728644e-314,2018-08-18 04:37:00,2,0,0,NA,"N","SIDESWIPE - SAME DIRECTION","RAIN","DARK - LIGHTED","GLEAVES ST & 8TH AVS","NASHVILLE","CENTRA",36.15181,-86.77938,"MOTOR VEHICLE IN TRANSPORT","37203","2018","August","Summer","04","Saturday","Weekend","No Injuries","No Fatalities"
9.97059439173303e-314,2018-08-18 02:52:00,2,1,0,NA,"N","ANGLE","RAIN","DARK - LIGHTED","OLD HICKORY BLVD & EULALA DR","ANTIOCH","SOUTH",36.0454,-86.70315,"MOTOR VEHICLE IN TRANSPORT","37013","2018","August","Summer","02","Saturday","Weekend","Injuries","No Fatalities"
9.97059439420336e-314,2018-08-18 04:00:00,3,0,0,NA,"Y","SIDESWIPE - SAME DIRECTION","RAIN","DARK - LIGHTED","MM 89 3 I 65","NASHVILLE","EAST",36.23337,-86.76817,"MOTOR VEHICLE IN TRANSPORT","37207","2018","August","Summer","04","Saturday","Weekend","No Injuries","No Fatalities"
9.97059439716776e-314,2018-08-18 04:30:00,3,1,0,NA,"N","Front to Rear","RAIN","Dark-Unknown Lighting","MM 48 6 I 24","NASHVILLE","EAST",36.17096,-86.76757,"MOTOR VEHICLE IN TRANSPORT","37206","2018","August","Summer","04","Saturday","Weekend","Injuries","No Fatalities"
9.97059441198972e-314,2018-08-18 03:50:00,2,0,0,NA,"N","SIDESWIPE - SAME DIRECTION","RAIN","DARK - LIGHTED","SHELBY AV & S 8TH ST","NASHVILLE","EAST",36.16978,-86.75656,"MOTOR VEHICLE IN TRANSPORT","37206","2018","August","Summer","03","Saturday","Weekend","No Injuries","No Fatalities"
9.97059442038884e-314,2018-08-18 04:40:00,1,1,0,NA,"N","NOT COLLISION W/MOTOR VEHICLE-TRANSPORT","RAIN","DARK - LIGHTED","MM 59 7 I 24","ANTIOCH","SOUTH",36.04288,-86.65454,"CONCRETE TRAFFIC BARRIER","37013","2018","August","Summer","04","Saturday","Weekend","Injuries","No Fatalities"
9.97059442434137e-314,2018-08-17 05:00:00,1,0,0,NA,"N","NOT COLLISION W/MOTOR VEHICLE-TRANSPORT","RAIN","DARK - LIGHTED","SWISS AV & KNOLLS PL","NASHVILLE","MIDTOW",36.04195,-86.71474,"UTILITY POLE","37211","2018","August","Summer","05","Friday","Weekday","No Injuries","No Fatalities"
9.97059443422268e-314,2018-08-18 05:08:00,1,0,1,NA,"Y","NOT COLLISION W/MOTOR VEHICLE-TRANSPORT","RAIN","DARK - LIGHTED","HARDING PL & METROPLEX DR","NASHVILLE","SOUTH",36.08688,-86.69648,"PEDESTRIAN","37211","2018","August","Summer","05","Saturday","Weekend","No Injuries","With Fatalities"
9.9705944381752e-314,2018-08-18 04:30:00,1,1,0,NA,"N","NOT COLLISION W/MOTOR VEHICLE-TRANSPORT","RAIN","DARK - LIGHTED","MM 88 8 I 65","NASHVILLE","MADISO",36.22847,-86.77279,"GUARDRAIL FACE","37207","2018","August","Summer","04","Saturday","Weekend","Injuries","No Fatalities"
9.97059444262179e-314,2018-08-18 05:00:00,2,0,0,NA,"Y","SIDESWIPE - SAME DIRECTION","RAIN","DARK - NOT LIGHTED","MM 212 1 I 40","NASHVILLE","HERMIT",36.14636,-86.74229,"MOTOR VEHICLE IN TRANSPORT","37210","2018","August","Summer","05","Saturday","Weekend","No Injuries","No Fatalities"
9.97059448807583e-314,2018-08-18 06:46:00,2,2,0,NA,"N","Front to Rear","RAIN","DARK - LIGHTED","LEBANON PKE & BRILEY PKWY N ENT RAMP","NASHVILLE","HERMIT",36.16842,-86.68796,"MOTOR VEHICLE IN TRANSPORT","37214","2018","August","Summer","06","Saturday","Weekend","Injuries","No Fatalities"
9.97059448906397e-314,2018-08-18 06:35:00,2,0,0,NA,"N","HEAD-ON","RAIN","DARK - LIGHTED","BELL RD & BLUE HOLE RD","ANTIOCH","SOUTH",36.04574,-86.67435,"MOTOR VEHICLE IN TRANSPORT;MOTOR VEHICLE IN TRANSPORT-OTHER ROADWAY","37013","2018","August","Summer","06","Saturday","Weekend","No Injuries","No Fatalities"
9.97059454983404e-314,2018-08-18 05:45:00,2,0,0,NA,"N","Front to Rear","RAIN","DARK - NOT LIGHTED","DOVER GLEN DR & SEPTO CT","ANTIOCH","SOUTH",36.07448,-86.65214,"MOTOR VEHICLE IN TRANSPORT","37013","2018","August","Summer","05","Saturday","Weekend","No Injuries","No Fatalities"
9.97059455773909e-314,2018-08-18 05:51:00,1,0,0,NA,"N","NOT COLLISION W/MOTOR VEHICLE-TRANSPORT","RAIN","DARK - LIGHTED","I24 E EXT RAMP & I 24","NASHVILLE","NORTH",36.11305,-86.72404,"WALL","37207","2018","August","Summer","05","Saturday","Weekend","No Injuries","No Fatalities"
9.97059459677028e-314,2018-08-18 05:00:00,2,0,0,NA,"Y","Front to Rear","RAIN","DARK - LIGHTED","NOLENSVILLE PKE & OLD HICKORY BLVD","NASHVILLE","SOUTH",36.04537,-86.71326,"MOTOR VEHICLE IN TRANSPORT","37211","2018","August","Summer","05","Saturday","Weekend","No Injuries","No Fatalities"
9.97059472423921e-314,2018-08-18 05:10:00,1,0,0,NA,"N","NOT COLLISION W/MOTOR VEHICLE-TRANSPORT","RAIN","DARK - LIGHTED","SOUTHWIND DR & EZELL PKE","NASHVILLE","SOUTH",36.09852,-86.67275,"EMBANKMENT EARTH","37217","2018","August","Summer","05","Saturday","Weekend","No Injuries","No Fatalities"
9.97059503550057e-314,2018-08-18 05:00:00,1,1,0,NA,"N","NOT COLLISION W/MOTOR VEHICLE-TRANSPORT","RAIN","OTHER","11TH AVS & LAUREL ST","NASHVILLE","CENTRA",36.15399,-86.78434,"PEDESTRIAN","37203","2018","August","Summer","05","Saturday","Weekend","Injuries","No Fatalities"