"Accident.Number","Date.and.Time","Number.of.Motor.Vehicles","Number.of.Injuries","Number.of.Fatalities","Property.Damage","Hit.and.Run","Collision.Type.Description","Weather.Description","Illumination.Description","Street.Address","City","Precinct","Latitude","Longitude","HarmfulDescriptions","Zip.Code","Year","Month","Season","Hour","Weekday","DayType","Accident","Fatality_category"
9.97059506168605e-314,2018-08-18 05:00:00,2,0,0,NA,"N","Front to Rear","RAIN","DAYLIGHT","BRILEY PKWYN & I40 E ENT RAMP","NASHVILLE","HERMIT",36.14004,-86.70017,"MOTOR VEHICLE IN TRANSPORT","37217","2018","August","Summer","05","Saturday","Weekend","No Injuries","No Fatalities"
9.97059510615196e-314,2018-08-18 05:00:00,2,0,0,NA,"N","HEAD-ON","RAIN","DAYLIGHT","HARDING PL & ANTIOCH PKE","NASHVILLE","SOUTH",36.08719,-86.69281,"MOTOR VEHICLE IN TRANSPORT","37211","2018","August","Summer","05","Saturday","Weekend","No Injuries","No Fatalities"
9.97059685613247e-314,2018-08-20 10:50:00,2,0,0,NA,"N","SIDESWIPE - SAME DIRECTION","RAIN","DAYLIGHT","BRICK CHURCH LN & BRILEY PARK BLVDN","NASHVILLE","MADISO",36.24442,-86.78258,"MOTOR VEHICLE IN TRANSPORT","37207","2018","August","Summer","10","Monday","Weekday","No Injuries","No Fatalities"
9.97059685712061e-314,2018-08-20 10:58:00,2,0,0,NA,"N","ANGLE","RAIN","DARK - LIGHTED","BURKITT RD & WHITTEMORE LN","NOLENSVILLE","SOUTH",35.99112,-86.64598,"MOTOR VEHICLE IN TRANSPORT","37135","2018","August","Summer","10","Monday","Weekday","No Injuries","No Fatalities"
9.97059686255533e-314,2018-08-20 11:03:00,2,3,0,NA,"N","ANGLE","RAIN","DAYLIGHT","DONELSON PKE & I 40","NASHVILLE","HERMIT",36.1422,-86.6666,"MOTOR VEHICLE IN TRANSPORT","37214","2018","August","Summer","11","Monday","Weekday","Injuries","No Fatalities"
9.97059686799005e-314,2018-08-20 11:10:00,2,2,0,NA,"N","ANGLE","RAIN","DAYLIGHT","MM 56 3 I 24","NASHVILLE","SOUTH",36.07784,-86.69514,"MOTOR VEHICLE IN TRANSPORT","37211","2018","August","Summer","11","Monday","Weekday","Injuries","No Fatalities"
9.9705968744129e-314,2018-08-20 11:11:00,2,0,0,NA,"N","ANGLE","RAIN","DAYLIGHT","MM 56 3 I 24","NASHVILLE","SOUTH",36.07784,-86.69514,"MOTOR VEHICLE IN TRANSPORT","37211","2018","August","Summer","11","Monday","Weekday","No Injuries","No Fatalities"
9.9705968758951e-314,2018-08-20 11:35:00,1,0,0,NA,"N","NOT COLLISION W/MOTOR VEHICLE-TRANSPORT","RAIN","DAYLIGHT","MM 91 4 I 65","MADISON","MADISO",36.25316,-86.73924,"MOTOR VEHICLE IN TRANSPORT;CONCRETE TRAFFIC BARRIER","37115","2018","August","Summer","11","Monday","Weekday","No Injuries","No Fatalities"
9.97059688478828e-314,2018-08-20 11:54:00,1,0,0,NA,"N","NOT COLLISION W/MOTOR VEHICLE-TRANSPORT","RAIN","DAYLIGHT","MM 91 3 I 65","MADISON","MADISO",36.25102,-86.7406,"CONCRETE TRAFFIC BARRIER","37115","2018","August","Summer","11","Monday","Weekday","No Injuries","No Fatalities"
9.97059688528235e-314,2018-08-20 11:18:00,2,0,0,NA,"N","Front to Rear","RAIN","DAYLIGHT","I40 E EXT RAMP & I 40","NASHVILLE","HERMIT",36.1313,-86.89693,"MOTOR VEHICLE IN TRANSPORT","37214","2018","August","Summer","11","Monday","Weekday","No Injuries","No Fatalities"
9.97059688923487e-314,2018-08-20 11:55:00,2,0,0,NA,"N","ANGLE","RAIN","DAYLIGHT","GALLATIN PKES & HARRINGTON AV","MADISON","MADISO",36.25679,-86.71414,"MOTOR VEHICLE IN TRANSPORT","37115","2018","August","Summer","11","Monday","Weekday","No Injuries","No Fatalities"
9.97059690455091e-314,2018-08-20 12:17:00,4,0,0,NA,"N","ANGLE","RAIN","DAYLIGHT","GALLATIN PKES & LAKEWOOD DR","MADISON","MADISO",36.24372,-86.72282,"PARKED MOTOR VEHICLE;Ran Off Road-Right","37115","2018","August","Summer","12","Monday","Weekday","No Injuries","No Fatalities"
9.97059690800937e-314,2018-08-20 12:00:00,2,1,0,NA,"Y","Front to Rear","RAIN","DAYLIGHT","MM 59 8 I 24","ANTIOCH","SOUTH",36.04212,-86.65322,"MOTOR VEHICLE IN TRANSPORT","37013","2018","August","Summer","12","Monday","Weekday","Injuries","No Fatalities"
9.9705969089975e-314,2018-08-20 12:25:00,1,1,0,NA,"N","NOT COLLISION W/MOTOR VEHICLE-TRANSPORT","RAIN","DAYLIGHT","MM 77 0 I 65","NASHVILLE","MIDTOW",36.07088,-86.7697,"Ran Off Road-Right;EMBANKMENT ROCK/STONE/CONCRETE","37220","2018","August","Summer","12","Monday","Weekday","Injuries","No Fatalities"
9.97059690949156e-314,2018-08-20 12:23:00,2,0,0,NA,"N","Front to Rear","RAIN","DAYLIGHT","REBECCA ST & CAHAL AV","NASHVILLE","EAST",36.19529,-86.72738,"MOTOR VEHICLE IN TRANSPORT","37216","2018","August","Summer","12","Monday","Weekday","No Injuries","No Fatalities"
9.97059691245596e-314,2018-08-20 11:58:00,1,0,0,NA,"N","NOT COLLISION W/MOTOR VEHICLE-TRANSPORT","RAIN","DAYLIGHT","I24 E EXT RAMP & I 24","NASHVILLE","NORTH",36.11313,-86.72407,"EMBANKMENT ROCK/STONE/CONCRETE","37207","2018","August","Summer","11","Monday","Weekday","No Injuries","No Fatalities"
9.97059692036101e-314,2018-08-20 12:34:00,3,1,0,NA,"N","Front to Rear","RAIN","DAYLIGHT","MM 59 0 I 24","ANTIOCH","SOUTH",36.04877,-86.66518,"MOTOR VEHICLE IN TRANSPORT","37013","2018","August","Summer","12","Monday","Weekday","Injuries","No Fatalities"
9.97059692925419e-314,2018-08-20 12:07:00,2,0,0,NA,"N","Front to Rear","RAIN","DAYLIGHT","MM 56 0 I 24 WEST","NASHVILLE","SOUTH",36.082095,-86.697444,"MOTOR VEHICLE IN TRANSPORT","37211","2018","August","Summer","12","Monday","Weekday","No Injuries","No Fatalities"
9.97062558802604e-314,2018-09-09 06:09:00,1,1,0,NA,"N","NOT COLLISION W/MOTOR VEHICLE-TRANSPORT","RAIN","DARK - NOT LIGHTED","OLD BUENA VISTA RD & NOCTURNE FOREST DR","NASHVILLE","NORTH",36.20799,-86.81264,"DITCH","37207","2018","September","Fall","06","Sunday","Weekend","Injuries","No Fatalities"
9.97062562508097e-314,2018-09-09 06:44:00,2,0,0,NA,"Y","SIDESWIPE - SAME DIRECTION","RAIN","DARK - LIGHTED","COLEY DAVIS RD & SOMERSET FARMS DR","NASHVILLE","WEST",36.0752,-86.96763,"MOTOR VEHICLE IN TRANSPORT","37221","2018","September","Fall","06","Sunday","Weekend","No Injuries","No Fatalities"
9.97062580640306e-314,2018-09-09 11:33:00,1,0,1,NA,"N","NOT COLLISION W/MOTOR VEHICLE-TRANSPORT","RAIN","DUSK","MM 92 3 I 65","MADISON","MADISO",36.2652,-86.73762,"UTILITY POLE;EMBANKMENT EARTH","37115","2018","September","Fall","11","Sunday","Weekend","No Injuries","With Fatalities"
9.97062581233185e-314,2018-09-09 11:50:00,1,0,0,NA,"N","NOT COLLISION W/MOTOR VEHICLE-TRANSPORT","RAIN","DAYLIGHT","MM 86 3 I 65","NASHVILLE","CENTRA",36.19204,-86.7806,"GUARDRAIL FACE","37207","2018","September","Fall","11","Sunday","Weekend","No Injuries","No Fatalities"
9.97062585086897e-314,2018-09-09 12:43:00,1,0,0,NA,"N","NOT COLLISION W/MOTOR VEHICLE-TRANSPORT","RAIN","DAYLIGHT","MM 211 0 I 40","NASHVILLE","HERMIT",36.15421,-86.75917,"OTHER OBJECT (NOT FIXED);GUARDRAIL END","37210","2018","September","Fall","12","Sunday","Weekend","No Injuries","No Fatalities"
9.97062637803701e-314,2018-09-10 00:47:00,1,2,0,NA,"N","NOT COLLISION W/MOTOR VEHICLE-TRANSPORT","RAIN","DARK - NOT LIGHTED","BRICK CHURCH PKE & BRILEY PKWYW","NASHVILLE","MADISO",36.23839,-86.78091,"DITCH","37207","2018","September","Fall","00","Monday","Weekday","Injuries","No Fatalities"
9.97062640619875e-314,2018-09-10 01:06:00,2,1,0,NA,"N","ANGLE","RAIN","DARK - LIGHTED","MM 54 6 I 24","NASHVILLE","SOUTH",36.09947,-86.71096,"MOTOR VEHICLE IN TRANSPORT","37211","2018","September","Fall","01","Monday","Weekday","Injuries","No Fatalities"
9.97062640669282e-314,2018-09-10 01:09:00,2,1,0,NA,"N","Front to Rear","RAIN","DARK - LIGHTED","MM 54 6 I 24","NASHVILLE","SOUTH",36.09937,-86.71087,"MOTOR VEHICLE IN TRANSPORT","37211","2018","September","Fall","01","Monday","Weekday","Injuries","No Fatalities"
9.97062644127741e-314,2018-09-10 01:50:00,1,2,0,NA,"N","NOT COLLISION W/MOTOR VEHICLE-TRANSPORT","RAIN","Dark-Unknown Lighting","SOUTHCREST DR & CHERRYWOOD DR","NASHVILLE","MIDTOW",36.06194,-86.72734,"DITCH;FIRE HYDRANT","37211","2018","September","Fall","01","Monday","Weekday","Injuries","No Fatalities"
9.97062698870215e-314,2018-09-10 12:19:00,2,0,0,NA,"N","Front to Rear","RAIN","DAYLIGHT","MCFERRIN AV & ELLINGTON PKWYS","NASHVILLE","EAST",36.18858,-86.75477,"MOTOR VEHICLE IN TRANSPORT","37206","2018","September","Fall","12","Monday","Weekday","No Injuries","No Fatalities"
9.97062416808138e-314,2018-09-08 00:59:00,2,2,0,NA,"Y","ANGLE","RAIN","DARK - LIGHTED","JOHN MALLETTE DR & MANCHESTER AV","NASHVILLE","NORTH",36.19388,-86.83563,"MOTOR VEHICLE IN TRANSPORT","37218","2018","September","Fall","00","Saturday","Weekend","Injuries","No Fatalities"
9.97062417549236e-314,2018-09-08 01:06:00,2,1,0,NA,"N","ANGLE","RAIN","DARK - LIGHTED","MM 54 0 I 24","NASHVILLE","SOUTH",36.10623,-86.71886,"MOTOR VEHICLE IN TRANSPORT","37211","2018","September","Fall","01","Saturday","Weekend","Injuries","No Fatalities"
9.9706242051363e-314,2018-09-08 01:28:00,2,0,0,NA,"Y","Front to Rear","RAIN","DARK - LIGHTED","MM 54 8 I 24","NASHVILLE","SOUTH",36.09706,-86.70902,"MOTOR VEHICLE IN TRANSPORT","37211","2018","September","Fall","01","Saturday","Weekend","No Injuries","No Fatalities"
9.97062423428617e-314,2018-09-08 01:45:00,2,0,0,NA,"N","Front to Rear","RAIN","DARK - NOT LIGHTED","DOUGLAS AV & CLINE AV","NASHVILLE","EAST",36.19327,-86.75109,"MOTOR VEHICLE IN TRANSPORT","37206","2018","September","Fall","01","Saturday","Weekend","No Injuries","No Fatalities"
9.97062425009627e-314,2018-09-08 02:00:00,2,1,0,NA,"N","Front to Rear","RAIN","DARK - LIGHTED","JAMES ROBERTSON PKWY & INTERSTATE DR","NASHVILLE","CENTRA",36.17156,-86.76868,"MOTOR VEHICLE IN TRANSPORT","37213","2018","September","Fall","02","Saturday","Weekend","Injuries","No Fatalities"
9.97062425059034e-314,2018-09-08 01:51:00,2,0,0,NA,"N","Front to Rear","RAIN","Dark-Unknown Lighting","OLD HICKORY BLVD & HILL RD","NASHVILLE","MIDTOW",36.04155,-86.7495,"MOTOR VEHICLE IN TRANSPORT","37220","2018","September","Fall","01","Saturday","Weekend","No Injuries","No Fatalities"
9.97062429110372e-314,2018-09-08 02:44:00,1,0,0,NA,"N","NOT COLLISION W/MOTOR VEHICLE-TRANSPORT","RAIN","Dark-Unknown Lighting","BREWER DR & WESTCREST DR","NASHVILLE","MIDTOW",36.06293,-86.73439,"CULVERT;MAIL BOX","37211","2018","September","Fall","02","Saturday","Weekend","No Injuries","No Fatalities"
9.97062429653844e-314,2018-09-08 02:08:00,2,0,0,NA,"N","Front to Rear","RAIN","DARK - LIGHTED","CROSSINGS BLVD & MT VIEW RD","ANTIOCH","SOUTH",36.04548,-86.64729,"MOTOR VEHICLE IN TRANSPORT","37013","2018","September","Fall","02","Saturday","Weekend","No Injuries","No Fatalities"
9.97062437213049e-314,2018-09-08 02:59:00,1,0,0,NA,"N","NOT COLLISION W/MOTOR VEHICLE-TRANSPORT","RAIN","DARK - NOT LIGHTED","I24 E ENT RAMP & I 24","NASHVILLE","CENTRA",36.13559,-86.728,"WALL","37213","2018","September","Fall","02","Saturday","Weekend","No Injuries","No Fatalities"
9.97062449614097e-314,2018-09-08 06:21:00,1,1,0,NA,"N","NOT COLLISION W/MOTOR VEHICLE-TRANSPORT","RAIN","DARK - LIGHTED","MM 87 2 I 65","NASHVILLE","EAST",36.20532,-86.7766,"CONCRETE TRAFFIC BARRIER","37207","2018","September","Fall","06","Saturday","Weekend","Injuries","No Fatalities"
9.97062462410397e-314,2018-09-08 05:33:00,1,0,0,NA,"N","NOT COLLISION W/MOTOR VEHICLE-TRANSPORT","RAIN","DARK - LIGHTED","I40 E EXT RAMP & I 40","NASHVILLE","HERMIT",36.14046,-86.66336,"TREE","37214","2018","September","Fall","05","Saturday","Weekend","No Injuries","No Fatalities"
9.97062551589246e-314,2018-09-09 03:33:00,2,0,0,NA,"Y","Front to Rear","RAIN","DARK - NOT LIGHTED","BRICK CHURCH LN & TRAIL HOLLOW LN","WHITES CREEK","NORTH",36.24471,-86.79239,"MOTOR VEHICLE IN TRANSPORT;GUARDRAIL END;Ran Off Road-Right","37189","2018","September","Fall","03","Sunday","Weekend","No Injuries","No Fatalities"
9.97063657209348e-314,2018-09-17 12:00:00,2,0,0,NA,"N","Front to Rear","RAIN","DAYLIGHT","MM 200 2 I 40","NASHVILLE","WEST",36.12168,-86.91031,"MOTOR VEHICLE IN TRANSPORT","37205","2018","September","Fall","12","Monday","Weekday","No Injuries","No Fatalities"
9.97063660272555e-314,2018-09-17 12:01:00,2,0,0,NA,"N","SIDESWIPE - SAME DIRECTION","RAIN","DAYLIGHT","BELGIUM DR & BELGIUM CT","HERMITAGE","HERMIT",36.20247,-86.59848,"PARKED MOTOR VEHICLE","37076","2018","September","Fall","12","Monday","Weekday","No Injuries","No Fatalities"
9.9706367400758e-314,2018-09-17 12:50:00,2,0,0,NA,"Y","Front to Rear","RAIN","DAYLIGHT","MONTCHANIN TER & SHUTE LN","OLD HICKORY","HERMIT",36.23163,-86.6168,"MOTOR VEHICLE IN TRANSPORT","37138","2018","September","Fall","12","Monday","Weekday","No Injuries","No Fatalities"
9.97061538705265e-314,2018-09-01 05:00:00,1,1,0,NA,"N","NOT COLLISION W/MOTOR VEHICLE-TRANSPORT","RAIN","DAYLIGHT","BRILEY PKWYN & BRILEY PKWYS","NASHVILLE","SOUTH",36.16259,-86.69019,"CONCRETE TRAFFIC BARRIER","37211","2018","September","Fall","05","Saturday","Weekend","Injuries","No Fatalities"
9.97064391687337e-314,2018-09-22 02:24:00,2,1,0,NA,"N","Front to Rear","RAIN","DARK - LIGHTED","MM 59 5 I 24","ANTIOCH","SOUTH",36.04476,-86.65781,"MOTOR VEHICLE IN TRANSPORT","37013","2018","September","Fall","02","Saturday","Weekend","Injuries","No Fatalities"
9.97064394305885e-314,2018-09-22 02:26:00,2,0,0,NA,"N","ANGLE","RAIN","DARK - LIGHTED","MM 59 5 I 24","ANTIOCH","SOUTH",36.0445,-86.65735,"MOTOR VEHICLE IN TRANSPORT","37013","2018","September","Fall","02","Saturday","Weekend","No Injuries","No Fatalities"
9.97064397863158e-314,2018-09-22 03:50:00,1,1,0,NA,"N","NOT COLLISION W/MOTOR VEHICLE-TRANSPORT","RAIN","DARK - LIGHTED","I440 W ENT RAMP & I 65","NASHVILLE","MIDTOW",36.11549,-86.773,"CONCRETE TRAFFIC BARRIER","37204","2018","September","Fall","03","Saturday","Weekend","Injuries","No Fatalities"
9.97064397961971e-314,2018-09-22 03:35:00,2,1,0,NA,"N","SIDESWIPE - SAME DIRECTION","RAIN","DARK - LIGHTED","LINDSLEY AV & 1ST AVS","NASHVILLE","CENTRA",36.15271,-86.76823,"MOTOR VEHICLE IN TRANSPORT","37210","2018","September","Fall","03","Saturday","Weekend","Injuries","No Fatalities"
9.9706440156865e-314,2018-09-22 04:23:00,2,0,0,NA,"N","HEAD-ON","RAIN","DARK - LIGHTED","DOUGLAS AV & N 14TH ST","NASHVILLE","EAST",36.19223,-86.74061,"MOTOR VEHICLE IN TRANSPORT","37206","2018","September","Fall","04","Saturday","Weekend","No Injuries","No Fatalities"
9.97064408436163e-314,2018-09-22 05:20:00,2,1,0,NA,"N","HEAD-ON","RAIN","DARK - LIGHTED","MURFREESBORO PKE & I40 E ENT RAMP","NASHVILLE","SOUTH",36.13669,-86.72654,"MOTOR VEHICLE IN TRANSPORT","37217","2018","September","Fall","05","Saturday","Weekend","Injuries","No Fatalities"
9.97064409127855e-314,2018-09-22 05:00:00,1,0,0,NA,"N","NOT COLLISION W/MOTOR VEHICLE-TRANSPORT","RAIN","DARK - LIGHTED","CHURCH STE & ANNABEL LN","BRENTWOOD","MIDTOW",36.03268,-86.77007,"FIRE HYDRANT","37027","2018","September","Fall","05","Saturday","Weekend","No Injuries","No Fatalities"
9.97064492328509e-314,2018-09-22 05:00:00,1,0,0,NA,"N","NOT COLLISION W/MOTOR VEHICLE-TRANSPORT","RAIN","DAYLIGHT","MM 58 0 I 24","ANTIOCH","SOUTH",36.05812,-86.67795,"","37013","2018","September","Fall","05","Saturday","Weekend","No Injuries","No Fatalities"
9.97064494749431e-314,2018-09-23 00:05:00,2,0,0,NA,"Y","Front to Rear","RAIN","DARK - LIGHTED","MM 53 6 I 24","NASHVILLE","SOUTH",36.1107,-86.72222,"MOTOR VEHICLE IN TRANSPORT;UNKNOWN MOST HARMFUL EVENT","37211","2018","September","Fall","00","Sunday","Weekend","No Injuries","No Fatalities"
9.97064495095277e-314,2018-09-23 00:10:00,2,1,0,NA,"Y","Front to Rear","RAIN","DARK - LIGHTED","OLD HICKORY BLVD & LOGISTICS WAY","ANTIOCH","SOUTH",36.02753,-86.61497,"MOTOR VEHICLE IN TRANSPORT","37013","2018","September","Fall","00","Sunday","Weekend","Injuries","No Fatalities"
9.97064495589343e-314,2018-09-23 00:07:00,2,0,0,NA,"N","SIDESWIPE - OPPOSITE DIRECTION","RAIN","DARK - LIGHTED","JAMES ROBERTSON PKWY & SPRING ST","NASHVILLE","EAST",36.17284,-86.76534,"MOTOR VEHICLE IN TRANSPORT","37206","2018","September","Fall","00","Sunday","Weekend","No Injuries","No Fatalities"
9.97064496034002e-314,2018-09-23 00:27:00,1,0,0,NA,"Y","NOT COLLISION W/MOTOR VEHICLE-TRANSPORT","RAIN","DARK - LIGHTED","WHITES CREEK PKE & KNIGHT DR","WHITES CREEK","NORTH",36.22362,-86.80622,"UTILITY POLE","37189","2018","September","Fall","00","Sunday","Weekend","No Injuries","No Fatalities"
9.970644967751e-314,2018-09-23 00:35:00,1,0,0,NA,"N","NOT COLLISION W/MOTOR VEHICLE-TRANSPORT","RAIN","DARK - LIGHTED","MM 205 2 I 40","NASHVILLE","WEST",36.15406,-86.83486,"WALL","37209","2018","September","Fall","00","Sunday","Weekend","No Injuries","No Fatalities"
9.97064496873913e-314,2018-09-23 00:11:00,2,0,0,NA,"N","Front to Rear","RAIN","DARK - LIGHTED","DIVISION ST & LYLE AV","NASHVILLE","MIDTOW",36.14991,-86.79675,"MOTOR VEHICLE IN TRANSPORT","37212","2018","September","Fall","00","Sunday","Weekend","No Injuries","No Fatalities"
9.97064496972726e-314,2018-09-23 00:39:00,2,0,0,NA,"N","ANGLE","RAIN","DARK - LIGHTED","PAGE RD & HARDING PKE","NASHVILLE","WEST",36.10034,-86.87111,"MOTOR VEHICLE IN TRANSPORT","37205","2018","September","Fall","00","Sunday","Weekend","No Injuries","No Fatalities"
9.97064497170353e-314,2018-09-23 00:20:00,2,0,0,NA,"N","Front to Rear","RAIN","DARK - LIGHTED","ELM HILL PKE & ELM HILL PKE EB EXT RAMP","NASHVILLE","HERMIT",36.15127,-86.69161,"MOTOR VEHICLE IN TRANSPORT","37210","2018","September","Fall","00","Sunday","Weekend","No Injuries","No Fatalities"
9.97064497615012e-314,2018-09-23 00:45:00,1,1,0,NA,"N","NOT COLLISION W/MOTOR VEHICLE-TRANSPORT","RAIN","DARK - LIGHTED","WEST END AV & 23RD AVN","NASHVILLE","MIDTOW",36.14885,-86.80456,"PEDESTRIAN","37240","2018","September","Fall","00","Sunday","Weekend","Injuries","No Fatalities"
9.97064498257297e-314,2018-09-23 00:02:00,2,0,0,NA,"N","Front to Rear","RAIN","DARK - LIGHTED","OLD HICKORY BLVD & FRANKLIN PIKE CIR","BRENTWOOD","MIDTOW",36.04079,-86.77959,"MOTOR VEHICLE IN TRANSPORT","37027","2018","September","Fall","00","Sunday","Weekend","No Injuries","No Fatalities"
9.97064498553736e-314,2018-09-22 05:00:00,2,0,0,NA,"N","SIDESWIPE - SAME DIRECTION","RAIN","Dark-Unknown Lighting","MM 209 3 I 40","NASHVILLE","CENTRA",36.15335,-86.7876,"MOTOR VEHICLE IN TRANSPORT;GUARDRAIL FACE","37203","2018","September","Fall","05","Saturday","Weekend","No Injuries","No Fatalities"
9.97064502358042e-314,2018-09-23 01:34:00,2,2,0,NA,"N","HEAD-ON","RAIN","DARK - LIGHTED","MARTIN AV & DICKERSON PKE","NASHVILLE","EAST",36.20973,-86.76626,"MOTOR VEHICLE IN TRANSPORT","37207","2018","September","Fall","01","Sunday","Weekend","Injuries","No Fatalities"
9.97064503692019e-314,2018-09-23 01:31:00,1,0,0,NA,"N","NOT COLLISION W/MOTOR VEHICLE-TRANSPORT","RAIN","DARK - LIGHTED","I65 S ENT RAMP & I 65","NASHVILLE","NORTH",36.2037,-86.77686,"GUARDRAIL FACE;CONCRETE TRAFFIC BARRIER","37207","2018","September","Fall","01","Sunday","Weekend","No Injuries","No Fatalities"
9.97064503790832e-314,2018-09-23 01:40:00,1,2,0,NA,"N","NOT COLLISION W/MOTOR VEHICLE-TRANSPORT","RAIN","DARK - NOT LIGHTED","FORREST AV & N 11TH ST","NASHVILLE","EAST",36.17855,-86.75017,"PEDESTRIAN","37206","2018","September","Fall","01","Sunday","Weekend","Injuries","No Fatalities"
9.97064503840239e-314,2018-09-23 01:16:00,2,0,0,NA,"Y","ANGLE","RAIN","DARK - LIGHTED","LUNA DR & ANTIOCH PKE","NASHVILLE","SOUTH",36.07695,-86.682,"MOTOR VEHICLE IN TRANSPORT","37211","2018","September","Fall","01","Sunday","Weekend","No Injuries","No Fatalities"
9.97064505470655e-314,2018-09-23 02:02:00,2,0,0,NA,"N","SIDESWIPE - SAME DIRECTION","RAIN","DARK - LIGHTED","MM 86 4 I 65","NASHVILLE","EAST",36.19393,-86.77645,"MOTOR VEHICLE IN TRANSPORT","37207","2018","September","Fall","02","Sunday","Weekend","No Injuries","No Fatalities"
9.97064505569469e-314,2018-09-23 02:02:00,2,0,0,NA,"N","ANGLE","RAIN","DARK - LIGHTED","LAFAYETTE ST & LINCOLN ST","NASHVILLE","SOUTH",36.14816,-86.76043,"MOTOR VEHICLE IN TRANSPORT","37210","2018","September","Fall","02","Sunday","Weekend","No Injuries","No Fatalities"
9.97064505618875e-314,2018-09-23 02:01:00,1,2,0,NA,"N","NOT COLLISION W/MOTOR VEHICLE-TRANSPORT","RAIN","DARK - NOT LIGHTED","SAUNDERSVILLE RD & SHUTE LN","HERMITAGE","HERMIT",36.22631,-86.60316,"EMBANKMENT EARTH","37076","2018","September","Fall","02","Sunday","Weekend","Injuries","No Fatalities"
9.97064507002259e-314,2018-09-22 05:00:00,2,0,0,NA,"Y","Rear to Side","RAIN","DARK - LIGHTED","BELLEVUE VALLEY PLAZA PVTDR & BELLE FORE","NASHVILLE","WEST",36.07373,-86.92028,"Motor Vehicle-In-Motion Outside Trafficw","37221","2018","September","Fall","05","Saturday","Weekend","No Injuries","No Fatalities"
9.97064507397511e-314,2018-09-23 01:54:00,2,1,0,NA,"N","ANGLE","RAIN","DARK - NOT LIGHTED","MM 57 4 I 24","ANTIOCH","SOUTH",36.06475,-86.68454,"MOTOR VEHICLE IN TRANSPORT","37013","2018","September","Fall","01","Sunday","Weekend","Injuries","No Fatalities"
9.97064508435049e-314,2018-09-23 02:26:00,2,0,0,NA,"Y","Front to Rear","RAIN","DARK - LIGHTED","MADISON SQ & GALLATIN PKES","MADISON","MADISO",36.2537,-86.71754,"PARKED MOTOR VEHICLE","37115","2018","September","Fall","02","Sunday","Weekend","No Injuries","No Fatalities"
9.97064509176148e-314,2018-09-23 02:00:00,2,0,0,NA,"N","ANGLE","RAIN","DARK - LIGHTED","31ST AVS & 31ST AVN","NASHVILLE","MIDTOW",36.14259,-86.8155,"MOTOR VEHICLE IN TRANSPORT","37212","2018","September","Fall","02","Sunday","Weekend","No Injuries","No Fatalities"
9.9706450986784e-314,2018-09-23 02:55:00,2,0,0,NA,"Y","SIDESWIPE - SAME DIRECTION","RAIN","DAYLIGHT","BRILEY PKWYN & BRILEY PKWYS","NASHVILLE","SOUTH",36.21226,-86.69133,"MOTOR VEHICLE IN TRANSPORT","37211","2018","September","Fall","02","Sunday","Weekend","No Injuries","No Fatalities"
9.97064510411312e-314,2018-09-23 03:09:00,2,0,0,NA,"N","ANGLE","RAIN","DARK - LIGHTED","RANSOM PL & MURFREESBORO PKE","NASHVILLE","SOUTH",36.08907,-86.64999,"MOTOR VEHICLE IN TRANSPORT","37217","2018","September","Fall","03","Sunday","Weekend","No Injuries","No Fatalities"
9.97064510905378e-314,2018-09-23 03:10:00,2,0,0,NA,"N","ANGLE","RAIN","DARK - LIGHTED","ANTIOCH PKE & RICHARDS RD","ANTIOCH","SOUTH",36.0689,-86.68365,"MOTOR VEHICLE IN TRANSPORT","37013","2018","September","Fall","03","Sunday","Weekend","No Injuries","No Fatalities"
9.97064511942915e-314,2018-09-23 01:42:00,2,0,0,NA,"N","OTHER","RAIN","DARK - NOT LIGHTED","ACKLEN AV & MARLBOROUGH AV","NASHVILLE","MIDTOW",36.13687,-86.81596,"PARKED MOTOR VEHICLE","37212","2018","September","Fall","01","Sunday","Weekend","No Injuries","No Fatalities"
9.97064512140542e-314,2018-09-23 03:39:00,2,0,0,NA,"N","SIDESWIPE - SAME DIRECTION","RAIN","DARK - LIGHTED","OLD HICKORY BLVD & NOLENSVILLE PKE","ANTIOCH","SOUTH",36.04554,-86.71144,"MOTOR VEHICLE IN TRANSPORT","37013","2018","September","Fall","03","Sunday","Weekend","No Injuries","No Fatalities"
9.97064512832234e-314,2018-09-23 03:10:00,2,0,0,NA,"N","ANGLE","RAIN","DARK - LIGHTED","3RD AVN & JAMES ROBERTSON PKWY","NASHVILLE","CENTRA",36.16715,-86.77961,"MOTOR VEHICLE IN TRANSPORT","37201","2018","September","Fall","03","Sunday","Weekend","No Injuries","No Fatalities"
9.97064513869771e-314,2018-09-23 04:00:00,1,1,0,NA,"N","NOT COLLISION W/MOTOR VEHICLE-TRANSPORT","RAIN","DARK - NOT LIGHTED","I40 E EXT RAMP & I 40","NASHVILLE","HERMIT",36.16905,-86.60664,"CONCRETE TRAFFIC BARRIER","37214","2018","September","Fall","04","Sunday","Weekend","Injuries","No Fatalities"
9.97064514166211e-314,2018-09-23 04:06:00,4,0,0,NA,"N","NOT COLLISION W/MOTOR VEHICLE-TRANSPORT","RAIN","DARK - LIGHTED","GALE LN & GALE PARK LN","NASHVILLE","MIDTOW",36.11752,-86.77658,"PARKED MOTOR VEHICLE;UTILITY POLE","37204","2018","September","Fall","04","Sunday","Weekend","No Injuries","No Fatalities"