"Accident.Number","Date.and.Time","Number.of.Motor.Vehicles","Number.of.Injuries","Number.of.Fatalities","Property.Damage","Hit.and.Run","Collision.Type.Description","Weather.Description","Illumination.Description","Street.Address","City","Precinct","Latitude","Longitude","HarmfulDescriptions","Zip.Code","Year","Month","Season","Hour","Weekday","DayType","Accident","Fatality_category"
9.97064515351968e-314,2018-09-23 04:20:00,2,1,0,NA,"N","ANGLE","RAIN","DARK - LIGHTED","S 6TH ST & WOODLAND ST","NASHVILLE","EAST",36.17259,-86.7628,"MOTOR VEHICLE IN TRANSPORT","37206","2018","September","Fall","04","Sunday","Weekend","Injuries","No Fatalities"
9.9706451604366e-314,2018-09-23 00:10:00,2,0,0,NA,"N","ANGLE","RAIN","DARK - LIGHTED","BELL RD & BLUE HOLE RD","ANTIOCH","SOUTH",36.04574,-86.67435,"MOTOR VEHICLE IN TRANSPORT","37013","2018","September","Fall","00","Sunday","Weekend","No Injuries","No Fatalities"
9.97064517674077e-314,2018-09-23 04:20:00,2,0,0,NA,"N","ANGLE","RAIN","DARK - LIGHTED","28TH AVN & CHARLOTTE AV","NASHVILLE","MIDTOW",36.15396,-86.81822,"MOTOR VEHICLE IN TRANSPORT","37209","2018","September","Fall","04","Sunday","Weekend","No Injuries","No Fatalities"
9.9706451950212e-314,2018-09-23 04:27:00,2,0,0,NA,"Y","UNKNOWN","RAIN","DARK - LIGHTED","MM 214 4 I 40","NASHVILLE","HERMIT",36.14303,-86.70621,"MOTOR VEHICLE IN TRANSPORT","37210","2018","September","Fall","04","Sunday","Weekend","No Injuries","No Fatalities"
9.9706452123135e-314,2018-09-23 05:15:00,2,1,0,NA,"N","Front to Rear","RAIN","DARK - LIGHTED","TREVECCA UNIVERSITY PVTDR & EXPRESSWAY P","NASHVILLE","SOUTH",36.14596,-86.75391,"MOTOR VEHICLE IN TRANSPORT","37210","2018","September","Fall","05","Sunday","Weekend","Injuries","No Fatalities"
9.97064522268887e-314,2018-09-22 05:00:00,1,0,0,NA,"Y","NOT COLLISION W/MOTOR VEHICLE-TRANSPORT","RAIN","DARK - LIGHTED","PEBBLE CREEK DR & MOUNTAIN LAUREL DR","ANTIOCH","SOUTH",36.07165,-86.65772,"CURB;TREE;Ran Off Road-Left;Cross Center Line","37013","2018","September","Fall","05","Saturday","Weekend","No Injuries","No Fatalities"
9.97064522417107e-314,2018-09-23 02:45:00,2,0,0,NA,"Y","SIDESWIPE - SAME DIRECTION","RAIN","DARK - LIGHTED","MONROE ST & 6TH AVN","NASHVILLE","NORTH",36.17626,-86.79025,"MOTOR VEHICLE IN TRANSPORT","37208","2018","September","Fall","02","Sunday","Weekend","No Injuries","No Fatalities"
9.97064522614733e-314,2018-09-23 05:30:00,2,1,0,NA,"Y","SIDESWIPE - SAME DIRECTION","RAIN","DARK - LIGHTED","I440 W ENT RAMP & I 24","NASHVILLE","SOUTH",36.11989,-86.72644,"MOTOR VEHICLE IN TRANSPORT","37217","2018","September","Fall","05","Sunday","Weekend","Injuries","No Fatalities"
9.97064523306425e-314,2018-09-23 05:25:00,2,0,0,NA,"N","Front to Rear","RAIN","DARK - LIGHTED","BROADWAY & 15TH AVS","NASHVILLE","MIDTOW",36.15535,-86.79039,"MOTOR VEHICLE IN TRANSPORT","37203","2018","September","Fall","05","Sunday","Weekend","No Injuries","No Fatalities"
9.97064529679872e-314,2018-09-23 07:25:00,2,0,0,NA,"N","Front to Rear","RAIN","DARK - LIGHTED","I24 W EXT RAMP & BELL RD","ANTIOCH","SOUTH",36.04559,-86.65846,"MOTOR VEHICLE IN TRANSPORT","37013","2018","September","Fall","07","Sunday","Weekend","No Injuries","No Fatalities"
9.97064530618597e-314,2018-09-23 07:10:00,2,0,0,NA,"N","Front to Rear","RAIN","DARK - LIGHTED","RIVERSIDE DR & PORTER RD","NASHVILLE","EAST",36.19561,-86.72341,"MOTOR VEHICLE IN TRANSPORT","37206","2018","September","Fall","07","Sunday","Weekend","No Injuries","No Fatalities"
9.97064531013849e-314,2018-09-23 07:10:00,1,0,0,NA,"N","NOT COLLISION W/MOTOR VEHICLE-TRANSPORT","RAIN","DARK - NOT LIGHTED","1200 BELLSHIRE DR","NASHVILLE","MADISO",36.26046,-86.76274,"EMBANKMENT ROCK/STONE/CONCRETE","37207","2018","September","Fall","07","Sunday","Weekend","No Injuries","No Fatalities"
9.97064531162069e-314,2018-09-23 07:20:00,2,1,0,NA,"Y","ANGLE","RAIN","DARK - LIGHTED","BRICK CHURCH PKE & CHESAPEAKE PL","NASHVILLE","MADISO",36.24492,-86.78018,"MOTOR VEHICLE IN TRANSPORT","37207","2018","September","Fall","07","Sunday","Weekend","Injuries","No Fatalities"
9.97064533582991e-314,2018-09-23 07:53:00,4,0,0,NA,"Y","SIDESWIPE - SAME DIRECTION","RAIN","DARK - LIGHTED","SOUTH DOUGLAS AV & BEECH AV","NASHVILLE","MIDTOW",36.13146,-86.78031,"PARKED MOTOR VEHICLE","37204","2018","September","Fall","07","Sunday","Weekend","No Injuries","No Fatalities"
9.97064536300352e-314,2018-09-23 08:30:00,2,3,0,NA,"N","ANGLE","RAIN","DARK - LIGHTED","HAYWOOD LN & EZELL RD","NASHVILLE","SOUTH",36.06959,-86.69391,"MOTOR VEHICLE IN TRANSPORT","37211","2018","September","Fall","08","Sunday","Weekend","Injuries","No Fatalities"
9.97064537090857e-314,2018-09-23 08:51:00,1,0,0,NA,"Y","UNKNOWN","RAIN","DARK - LIGHTED","I40 E EXT RAMP & I 40","NASHVILLE","HERMIT",36.14422,-86.697,"UNKNOWN MOST HARMFUL EVENT","37214","2018","September","Fall","08","Sunday","Weekend","No Injuries","No Fatalities"
9.97064537980175e-314,2018-09-23 05:00:00,2,0,0,NA,"Y","UNKNOWN","RAIN","DARK - LIGHTED","150 6TH AVN","NASHVILLE","CENTRA",36.16156,-86.78135,"PARKED MOTOR VEHICLE;Motor Vehicle-In-Motion Outside Trafficw","37219","2018","September","Fall","05","Sunday","Weekend","No Injuries","No Fatalities"
9.97064538474241e-314,2018-09-23 05:00:00,1,0,0,NA,"N","NOT COLLISION W/MOTOR VEHICLE-TRANSPORT","RAIN","DARK - LIGHTED","MAIN ST & N 8TH ST","NASHVILLE","EAST",36.17539,-86.75875,"CURB","37206","2018","September","Fall","05","Sunday","Weekend","No Injuries","No Fatalities"
9.9706453862246e-314,2018-09-23 08:15:00,2,0,0,NA,"Y","ANGLE","RAIN","DARK - LIGHTED","0 GRIZZARD AV","NASHVILLE","EAST",36.20871,-86.77004,"PARKED MOTOR VEHICLE","37207","2018","September","Fall","08","Sunday","Weekend","No Injuries","No Fatalities"
9.97064540104657e-314,2018-09-23 09:01:00,2,0,0,NA,"Y","ANGLE","RAIN","DARK - LIGHTED","0 DONELSON PKE","NASHVILLE","HERMIT",36.14595,-86.6666,"MOTOR VEHICLE IN TRANSPORT","37214","2018","September","Fall","09","Sunday","Weekend","No Injuries","No Fatalities"
9.9706454035169e-314,2018-09-23 05:00:00,2,0,0,NA,"Y","UNKNOWN","RAIN","DARK - LIGHTED","BUCHANAN ST & 7TH AVN","NASHVILLE","NORTH",36.18281,-86.79657,"MOTOR VEHICLE IN TRANSPORT","37208","2018","September","Fall","05","Sunday","Weekend","No Injuries","No Fatalities"
9.97064545687599e-314,2018-09-23 11:00:00,2,1,0,NA,"Y","Front to Rear","RAIN","DARK - NOT LIGHTED","MM 86 4 I 65","NASHVILLE","EAST",36.19251,-86.77852,"MOTOR VEHICLE IN TRANSPORT;GUARDRAIL FACE","37207","2018","September","Fall","11","Sunday","Weekend","Injuries","No Fatalities"
9.97064548009708e-314,2018-09-23 11:55:00,1,0,0,NA,"N","NOT COLLISION W/MOTOR VEHICLE-TRANSPORT","RAIN","DAWN","N GRAYCROFT AV & E CAMPBELL RD","MADISON","MADISO",36.27683,-86.72951,"GUARDRAIL FACE","37115","2018","September","Fall","11","Sunday","Weekend","No Injuries","No Fatalities"
9.97064551319947e-314,2018-09-23 12:44:00,1,0,0,NA,"N","NOT COLLISION W/MOTOR VEHICLE-TRANSPORT","RAIN","DARK - LIGHTED","MM 5 4 I 440","NASHVILLE","MIDTOW",36.12005,-86.76614,"WALL;Ran Off Road-Right","37204","2018","September","Fall","12","Sunday","Weekend","No Injuries","No Fatalities"
9.97064551517574e-314,2018-09-23 12:39:00,2,0,0,NA,"Y","Front to Rear","RAIN","DAYLIGHT","MM 56 6 I 24","NASHVILLE","SOUTH",36.07456,-86.69314,"MOTOR VEHICLE IN TRANSPORT","37211","2018","September","Fall","12","Sunday","Weekend","No Injuries","No Fatalities"
9.97064555815945e-314,2018-09-23 12:51:00,2,0,0,NA,"N","HEAD-ON","RAIN","DAYLIGHT","TUSCULUM RD & NOLENSVILLE PKE","NASHVILLE","SOUTH",36.05914,-86.71592,"MOTOR VEHICLE IN TRANSPORT","37211","2018","September","Fall","12","Sunday","Weekend","No Injuries","No Fatalities"
9.97064556161791e-314,2018-09-23 05:00:00,2,0,0,NA,"Y","UNKNOWN","RAIN","DARK - LIGHTED","WAIKIKI BLVD & HONOLULU RD","ANTIOCH","SOUTH",36.07244,-86.67626,"UNKNOWN MOST HARMFUL EVENT","37013","2018","September","Fall","05","Sunday","Weekend","No Injuries","No Fatalities"
9.970645840765e-314,2018-09-23 05:00:00,2,0,0,NA,"N","ANGLE","RAIN","OTHER","MM 208 8 I 40","NASHVILLE","CENTRA",36.16019,-86.79269,"MOTOR VEHICLE IN TRANSPORT","37203","2018","September","Fall","05","Sunday","Weekend","No Injuries","No Fatalities"
9.97064584175313e-314,2018-09-23 05:00:00,2,0,0,NA,"N","SIDESWIPE - SAME DIRECTION","RAIN","DAYLIGHT","MM 86 6 I 65","NASHVILLE","NORTH",36.1961,-86.77612,"MOTOR VEHICLE IN TRANSPORT","37207","2018","September","Fall","05","Sunday","Weekend","No Injuries","No Fatalities"
9.97064588177245e-314,2018-09-23 05:00:00,2,0,0,NA,"N","Front to Rear","RAIN","OTHER","MM 209 0 I 40","NASHVILLE","CENTRA",36.15778,-86.79067,"MOTOR VEHICLE IN TRANSPORT","37203","2018","September","Fall","05","Sunday","Weekend","No Injuries","No Fatalities"
9.97064588473684e-314,2018-09-23 05:00:00,2,0,0,NA,"N","Front to Rear","RAIN","DAYLIGHT","MM 86 6 I 65","NASHVILLE","NORTH",36.1961,-86.77612,"MOTOR VEHICLE IN TRANSPORT","37207","2018","September","Fall","05","Sunday","Weekend","No Injuries","No Fatalities"
9.97064595736449e-314,2018-09-24 00:04:00,2,0,0,NA,"N","ANGLE","RAIN","DARK - LIGHTED","HILLSBORO PKE & WARFIELD DR","NASHVILLE","WEST",36.1026,-86.81694,"MOTOR VEHICLE IN TRANSPORT","37215","2018","September","Fall","00","Monday","Weekday","No Injuries","No Fatalities"
9.97064596131701e-314,2018-09-24 00:10:00,3,2,0,NA,"N","Front to Rear","RAIN","DARK - LIGHTED","HILLSBORO PKE & WOODMONT BLVD","NASHVILLE","WEST",36.1133,-86.81099,"MOTOR VEHICLE IN TRANSPORT","37215","2018","September","Fall","00","Monday","Weekday","Injuries","No Fatalities"
9.97064596526954e-314,2018-09-24 00:30:00,1,0,0,NA,"N","NOT COLLISION W/MOTOR VEHICLE-TRANSPORT","RAIN","DARK - LIGHTED","3RD AVN & UNION ST","NASHVILLE","CENTRA",36.16532,-86.77844,"PAVED SURFACE-IRREGULAR","37201","2018","September","Fall","00","Monday","Weekday","No Injuries","No Fatalities"
9.97064597416272e-314,2018-09-24 00:24:00,2,1,0,NA,"N","Front to Rear","RAIN","DARK - NOT LIGHTED","HART LN & ELLINGTON PKWYN","NASHVILLE","EAST",36.21823,-86.74726,"MOTOR VEHICLE IN TRANSPORT","37216","2018","September","Fall","00","Monday","Weekday","Injuries","No Fatalities"
9.97064600973545e-314,2018-09-24 00:59:00,2,0,0,NA,"N","Front to Rear","RAIN","DARK - LIGHTED","WHITE BRIDGE PKE & I40 E ENT RAMP","NASHVILLE","WEST",36.15146,-86.85774,"MOTOR VEHICLE IN TRANSPORT","37209","2018","September","Fall","00","Monday","Weekday","No Injuries","No Fatalities"
9.97064602258115e-314,2018-09-24 01:11:00,2,4,0,NA,"N","ANGLE","RAIN","DARK - LIGHTED","CROSSINGS BLVD & MT VIEW RD","ANTIOCH","SOUTH",36.04548,-86.64729,"MOTOR VEHICLE IN TRANSPORT","37013","2018","September","Fall","01","Monday","Weekday","Injuries","No Fatalities"
9.97064603542686e-314,2018-09-24 00:28:00,2,0,0,NA,"Y","Front to Rear","RAIN","DARK - NOT LIGHTED","EDMONDSON PKE & BONNIE BRIDGE RD","NASHVILLE","MIDTOW",36.039,-86.74342,"MOTOR VEHICLE IN TRANSPORT","37211","2018","September","Fall","00","Monday","Weekday","No Injuries","No Fatalities"
9.97064604086158e-314,2018-09-23 05:00:00,2,1,0,NA,"N","Front to Rear","RAIN","DARK - LIGHTED","4TH AVS & ASH ST","NASHVILLE","CENTRA",36.15209,-86.77142,"MOTOR VEHICLE IN TRANSPORT","37210","2018","September","Fall","05","Sunday","Weekend","Injuries","No Fatalities"
9.97064604135565e-314,2018-09-24 02:15:00,2,0,0,NA,"Y","ANGLE","RAIN","DARK - LIGHTED","STEWARTS FERRY PKE & PERCY PRIEST DR","NASHVILLE","HERMIT",36.1539,-86.62564,"MOTOR VEHICLE IN TRANSPORT","37214","2018","September","Fall","02","Monday","Weekday","No Injuries","No Fatalities"
9.97064604530817e-314,2018-09-24 00:23:00,5,2,0,NA,"N","Front to Rear","RAIN","DARK - LIGHTED","MM 86 7 I 65","NASHVILLE","NORTH",36.19761,-86.77626,"MOTOR VEHICLE IN TRANSPORT","37207","2018","September","Fall","00","Monday","Weekday","Injuries","No Fatalities"
9.97064605617762e-314,2018-09-24 01:32:00,2,0,0,NA,"N","SIDESWIPE - SAME DIRECTION","RAIN","DARK - LIGHTED","WEST END AV & ACKLEN PARK DR","NASHVILLE","MIDTOW",36.14087,-86.81743,"MOTOR VEHICLE IN TRANSPORT","37203","2018","September","Fall","01","Monday","Weekday","No Injuries","No Fatalities"
9.97064606111828e-314,2018-09-24 01:45:00,2,0,0,NA,"Y","SIDESWIPE - OPPOSITE DIRECTION","RAIN","DARK - LIGHTED","CAHAL AV & GALLATIN AV","NASHVILLE","EAST",36.19666,-86.74225,"MOTOR VEHICLE IN TRANSPORT","37206","2018","September","Fall","01","Monday","Weekday","No Injuries","No Fatalities"
9.97064607890464e-314,2018-09-24 02:11:00,1,0,0,NA,"N","NOT COLLISION W/MOTOR VEHICLE-TRANSPORT","RAIN","DARK - NOT LIGHTED","OLD POND CREEK RD & OLD CHARLOTTE PK","NASHVILLE","WEST",36.12197,-86.98095,"DITCH","37209","2018","September","Fall","02","Monday","Weekday","No Injuries","No Fatalities"
9.97064608433936e-314,2018-09-24 05:00:00,2,2,0,NA,"Y","ANGLE","RAIN","DARK - LIGHTED","SHEPHERD HILLS DR & GALLATIN PKEN","GOODLETTSVILLE","MADISO",36.30077,-86.69482,"MOTOR VEHICLE IN TRANSPORT","37072","2018","September","Fall","05","Monday","Weekday","Injuries","No Fatalities"
9.97064609224441e-314,2018-09-24 02:31:00,1,1,0,NA,"N","NOT COLLISION W/MOTOR VEHICLE-TRANSPORT","RAIN","DARK - NOT LIGHTED","BURNETT RD & CINDER RD","OLD HICKORY","HERMIT",36.28406,-86.66059,"GUARDRAIL END;FENCE","37138","2018","September","Fall","02","Monday","Weekday","Injuries","No Fatalities"
9.97064611003077e-314,2018-09-24 03:05:00,1,1,0,NA,"N","NOT COLLISION W/MOTOR VEHICLE-TRANSPORT","RAIN","DARK - LIGHTED","1 NOLENSVILLE PKE","NASHVILLE","MIDTOW",36.0469,-86.71447,"CURB;TREE","37211","2018","September","Fall","03","Monday","Weekday","Injuries","No Fatalities"
9.97064612337055e-314,2018-09-24 03:30:00,1,1,0,NA,"N","NOT COLLISION W/MOTOR VEHICLE-TRANSPORT","RAIN","DARK - NOT LIGHTED","MM 211 1 I 40","NASHVILLE","HERMIT",36.15398,-86.75838,"GUARDRAIL FACE","37210","2018","September","Fall","03","Monday","Weekday","Injuries","No Fatalities"
9.9706461283112e-314,2018-09-24 03:04:00,1,0,0,NA,"Y","NOT COLLISION W/MOTOR VEHICLE-TRANSPORT","RAIN","DARK - LIGHTED","LUTIE ST & STERLING BOONE DR","NASHVILLE","SOUTH",36.1169,-86.73905,"FENCE;MAIL BOX","37210","2018","September","Fall","03","Monday","Weekday","No Injuries","No Fatalities"
9.97064613720438e-314,2018-09-24 04:38:00,2,1,0,NA,"N","Front to Rear","RAIN","DARK - LIGHTED","MM 211 1 I 40","NASHVILLE","HERMIT",36.15381,-86.7579,"MOTOR VEHICLE IN TRANSPORT","37210","2018","September","Fall","04","Monday","Weekday","Injuries","No Fatalities"
9.97064614609757e-314,2018-09-24 04:01:00,1,0,0,NA,"N","NOT COLLISION W/MOTOR VEHICLE-TRANSPORT","RAIN","DARK - NOT LIGHTED","MM 202 0 I 40","NASHVILLE","WEST",36.13996,-86.88731,"CONCRETE TRAFFIC BARRIER","37209","2018","September","Fall","04","Monday","Weekday","No Injuries","No Fatalities"
9.97064620044479e-314,2018-09-24 04:56:00,2,1,0,NA,"N","SIDESWIPE - SAME DIRECTION","RAIN","DARK - LIGHTED","I40 W EXT RAMP & I 40","NASHVILLE","CENTRA",36.15147,-86.75135,"MOTOR VEHICLE IN TRANSPORT","37203","2018","September","Fall","04","Monday","Weekday","Injuries","No Fatalities"
9.97064622663027e-314,2018-09-24 05:30:00,1,1,0,NA,"N","NOT COLLISION W/MOTOR VEHICLE-TRANSPORT","RAIN","DARK - LIGHTED","MM 7 2 I 440","NASHVILLE","SOUTH",36.12553,-86.7331,"TREE","37210","2018","September","Fall","05","Monday","Weekday","Injuries","No Fatalities"
9.97064627010804e-314,2018-09-24 06:00:00,1,1,0,NA,"N","NOT COLLISION W/MOTOR VEHICLE-TRANSPORT","RAIN","DARK - NOT LIGHTED","MURFREESBORO PKE & BOROWOOD DR","NASHVILLE","HERMIT",36.09109,-86.65118,"PEDESTRIAN","37217","2018","September","Fall","06","Monday","Weekday","Injuries","No Fatalities"
9.9706463857194e-314,2018-09-24 07:10:00,1,0,0,NA,"Y","UNKNOWN","RAIN","DARK - LIGHTED","MM 54 4 I 24","NASHVILLE","SOUTH",36.1027,-86.71367,"UNKNOWN MOST HARMFUL EVENT","37211","2018","September","Fall","07","Monday","Weekday","No Injuries","No Fatalities"
9.97064645735892e-314,2018-09-24 10:08:00,4,2,0,NA,"N","Front to Rear","RAIN","DARK - LIGHTED","MM 48 0 I 24","NASHVILLE","CENTRA",36.17516,-86.77157,"MOTOR VEHICLE IN TRANSPORT;PARKED MOTOR VEHICLE","37213","2018","September","Fall","10","Monday","Weekday","Injuries","No Fatalities"
9.97064650577736e-314,2018-09-24 11:15:00,1,0,0,NA,"N","NOT COLLISION W/MOTOR VEHICLE-TRANSPORT","RAIN","DARK - NOT LIGHTED","BRILEY PKWYW & BRILEY PKWYE","NASHVILLE","NORTH",36.23216,-86.82666,"GUARDRAIL FACE;CONCRETE TRAFFIC BARRIER","37218","2018","September","Fall","11","Monday","Weekday","No Injuries","No Fatalities"
9.97064651220021e-314,2018-09-24 11:30:00,2,0,0,NA,"N","ANGLE","RAIN","DAYLIGHT","GALLATIN PKES & MADISON SQ","MADISON","MADISO",36.2537,-86.71643,"MOTOR VEHICLE IN TRANSPORT","37115","2018","September","Fall","11","Monday","Weekday","No Injuries","No Fatalities"
9.97064652553998e-314,2018-09-24 11:47:00,2,0,0,NA,"N","Front to Rear","RAIN","DAYLIGHT","MM 94 0 I 65","GOODLETTSVILLE","MADISO",36.2883,-86.72533,"MOTOR VEHICLE IN TRANSPORT","37072","2018","September","Fall","11","Monday","Weekday","No Injuries","No Fatalities"
9.97064652751624e-314,2018-09-24 11:33:00,2,0,0,NA,"Y","Front to Rear","RAIN","DAYLIGHT","LEBANON PKE & EDDINGS LN","NASHVILLE","HERMIT",36.16737,-86.66235,"Motor Vehicle-In-Motion Outside Trafficw","37214","2018","September","Fall","11","Monday","Weekday","No Injuries","No Fatalities"
9.97064653196284e-314,2018-09-24 11:26:00,1,1,0,NA,"N","NOT COLLISION W/MOTOR VEHICLE-TRANSPORT","RAIN","DAYLIGHT","BUCHANAN ST & 28TH AVN","NASHVILLE","NORTH",36.18078,-86.82291,"DITCH","37208","2018","September","Fall","11","Monday","Weekday","Injuries","No Fatalities"
9.9706465354213e-314,2018-09-24 11:53:00,2,0,0,NA,"N","Front to Rear","RAIN","DAYLIGHT","MM 53 2 I 24","NASHVILLE","SOUTH",36.11539,-86.72475,"MOTOR VEHICLE IN TRANSPORT","37210","2018","September","Fall","11","Monday","Weekday","No Injuries","No Fatalities"
9.97064654135008e-314,2018-09-24 11:50:00,2,0,0,NA,"N","SIDESWIPE - SAME DIRECTION","RAIN","DAYLIGHT","MM 91 5 I 65","MADISON","MADISO",36.25439,-86.73891,"MOTOR VEHICLE IN TRANSPORT","37115","2018","September","Fall","11","Monday","Weekday","No Injuries","No Fatalities"
9.97064654480854e-314,2018-09-24 10:40:00,1,0,0,NA,"Y","NOT COLLISION W/MOTOR VEHICLE-TRANSPORT","RAIN","DARK - NOT LIGHTED","GLENROSE AV & SANDRA DR","NASHVILLE","SOUTH",36.1221,-86.73435,"DITCH","37210","2018","September","Fall","10","Monday","Weekday","No Injuries","No Fatalities"
9.97064655073733e-314,2018-09-24 12:07:00,2,0,0,NA,"N","ANGLE","RAIN","DAYLIGHT","DICKERSON PKE & DUE WEST AVN","MADISON","MADISO",36.25717,-86.75792,"MOTOR VEHICLE IN TRANSPORT","37115","2018","September","Fall","12","Monday","Weekday","No Injuries","No Fatalities"
9.97064655864238e-314,2018-09-24 12:10:00,2,0,0,NA,"N","Front to Rear","RAIN","DAYLIGHT","MM 42 2 I 24","WHITES CREEK","NORTH",36.25508,-86.78655,"MOTOR VEHICLE IN TRANSPORT","37189","2018","September","Fall","12","Monday","Weekday","No Injuries","No Fatalities"
9.97064656259491e-314,2018-09-24 12:22:00,2,0,0,NA,"N","Front to Rear","RAIN","DAYLIGHT","LEBANON PKE & DOWNEYMEADE DR","NASHVILLE","HERMIT",36.18247,-86.64074,"MOTOR VEHICLE IN TRANSPORT","37214","2018","September","Fall","12","Monday","Weekday","No Injuries","No Fatalities"
9.9706465655593e-314,2018-09-24 12:15:00,3,0,0,NA,"N","Front to Rear","RAIN","DAYLIGHT","W TRINITY LN & LUCAS LN","NASHVILLE","EAST",36.20613,-86.77176,"MOTOR VEHICLE IN TRANSPORT","37207","2018","September","Fall","12","Monday","Weekday","No Injuries","No Fatalities"
9.97064656605337e-314,2018-09-24 05:00:00,2,0,0,NA,"Y","SIDESWIPE - SAME DIRECTION","RAIN","DAYLIGHT","MM 54 0 I 24","NASHVILLE","SOUTH",36.10609,-86.71838,"MOTOR VEHICLE IN TRANSPORT","37211","2018","September","Fall","05","Monday","Weekday","No Injuries","No Fatalities"
9.97064657939314e-314,2018-09-24 12:35:00,2,0,0,NA,"N","Front to Rear","RAIN","DAYLIGHT","12TH AVS & ASHWOOD AV","NASHVILLE","MIDTOW",36.12871,-86.78901,"MOTOR VEHICLE IN TRANSPORT","37204","2018","September","Fall","12","Monday","Weekday","No Injuries","No Fatalities"
9.97064658729819e-314,2018-09-24 12:44:00,2,0,0,NA,"N","ANGLE","RAIN","DAYLIGHT","BLACKMAN RD & OVERCREST DR","NASHVILLE","MIDTOW",36.07396,-86.73497,"MOTOR VEHICLE IN TRANSPORT","37211","2018","September","Fall","12","Monday","Weekday","No Injuries","No Fatalities"
9.97064658878038e-314,2018-09-24 12:31:00,2,0,0,NA,"N","Front to Rear","RAIN","DAYLIGHT","MM 54 8 I 24","NASHVILLE","SOUTH",36.09708,-86.70876,"MOTOR VEHICLE IN TRANSPORT","37211","2018","September","Fall","12","Monday","Weekday","No Injuries","No Fatalities"
9.97064659816763e-314,2018-09-24 12:55:00,2,0,0,NA,"N","Front to Rear","RAIN","DAYLIGHT","COUCHVILLE PKE & REYNOLDS RD","NASHVILLE","HERMIT",36.11468,-86.64725,"MOTOR VEHICLE IN TRANSPORT","37217","2018","September","Fall","12","Monday","Weekday","No Injuries","No Fatalities"
9.97064664856233e-314,2018-09-24 12:52:00,1,0,0,NA,"N","NOT COLLISION W/MOTOR VEHICLE-TRANSPORT","RAIN","DAYLIGHT","HICKORY HOLLOW PKWY & MT VIEW RD","ANTIOCH","SOUTH",36.05455,-86.66726,"EMBANKMENT ROCK/STONE/CONCRETE","37013","2018","September","Fall","12","Monday","Weekday","No Injuries","No Fatalities"
9.97064681160399e-314,2018-09-24 12:21:00,2,0,0,NA,"N","HEAD-ON","RAIN","DAYLIGHT","BUENA VISTA PKE & MOORMANS ARM RD","NASHVILLE","NORTH",36.21475,-86.81767,"MOTOR VEHICLE IN TRANSPORT","37207","2018","September","Fall","12","Monday","Weekday","No Injuries","No Fatalities"
9.97064710112646e-314,2018-09-24 05:00:00,2,0,0,NA,"N","SIDESWIPE - SAME DIRECTION","RAIN","DAYLIGHT","WOODMONT BLVD & WOODMONT LN","NASHVILLE","WEST",36.11674,-86.83904,"MOTOR VEHICLE IN TRANSPORT","37205","2018","September","Fall","05","Monday","Weekday","No Injuries","No Fatalities"
9.97064743659703e-314,2018-09-25 01:37:00,1,0,0,NA,"N","NOT COLLISION W/MOTOR VEHICLE-TRANSPORT","RAIN","DARK - NOT LIGHTED","NEWSOM STATION RD & MERRYMOUNT DR","NASHVILLE","WEST",36.08351,-86.99811,"TREE","37221","2018","September","Fall","01","Tuesday","Weekday","No Injuries","No Fatalities"
9.97064750922468e-314,2018-09-24 05:00:00,3,2,0,NA,"N","Front to Rear","RAIN","DARK - LIGHTED","MM 47 7 I 24","NASHVILLE","EAST",36.17936,-86.77379,"MOTOR VEHICLE IN TRANSPORT","37207","2018","September","Fall","05","Monday","Weekday","Injuries","No Fatalities"
9.97066447000424e-314,2018-10-07 05:00:00,2,1,0,NA,"N","ANGLE","RAIN","DAYLIGHT","OVERCREST DR & HARDING PL","NASHVILLE","MIDTOW",36.07709,-86.73407,"MOTOR VEHICLE IN TRANSPORT","37211","2018","October","Fall","05","Sunday","Weekend","Injuries","No Fatalities"
9.97066468936939e-314,2018-10-08 01:50:00,1,0,0,NA,"Y","NOT COLLISION W/MOTOR VEHICLE-TRANSPORT","RAIN","DARK - NOT LIGHTED","DODGE DR & I24 E ENT RAMP","NASHVILLE","SOUTH",36.12092,-86.72764,"GUARDRAIL FACE","37210","2018","October","Fall","01","Monday","Weekday","No Injuries","No Fatalities"
9.97065670872701e-314,2018-10-01 05:00:00,2,3,0,NA,"N","ANGLE","RAIN","DAYLIGHT","BUENA VISTA PKE & MATTIE ST","NASHVILLE","NORTH",36.19987,-86.82541,"MOTOR VEHICLE IN TRANSPORT","37218","2018","October","Fall","05","Monday","Weekday","Injuries","No Fatalities"
9.97064871721519e-314,2018-09-25 05:00:00,1,0,0,NA,"N","NOT COLLISION W/MOTOR VEHICLE-TRANSPORT","RAIN","DAYLIGHT","HARPER RD & CLARKSVILLE PKE","JOELTON","NORTH",36.3311,-86.91457,"OTHER OBJECT (NOT FIXED)","37080","2018","September","Fall","05","Tuesday","Weekday","No Injuries","No Fatalities"
9.97064875525824e-314,2018-09-26 00:25:00,2,0,0,NA,"N","ANGLE","RAIN","DAYLIGHT","8TH AVS & DIVISION ST","NASHVILLE","CENTRA",36.14993,-86.77919,"MOTOR VEHICLE IN TRANSPORT","37203","2018","September","Fall","00","Wednesday","Weekday","No Injuries","No Fatalities"
9.97064889162036e-314,2018-09-26 00:04:00,2,0,0,NA,"N","Front to Rear","RAIN","DARK - LIGHTED","MURFREESBORO PKE & OLD MURFREESBORO PKE","NASHVILLE","SOUTH",36.10063,-86.66249,"MOTOR VEHICLE IN TRANSPORT","37217","2018","September","Fall","00","Wednesday","Weekday","No Injuries","No Fatalities"