"Accident.Number","Date.and.Time","Number.of.Motor.Vehicles","Number.of.Injuries","Number.of.Fatalities","Property.Damage","Hit.and.Run","Collision.Type.Description","Weather.Description","Illumination.Description","Street.Address","City","Precinct","Latitude","Longitude","HarmfulDescriptions","Zip.Code","Year","Month","Season","Hour","Weekday","DayType","Accident","Fatality_category"
9.97064909566947e-314,2018-09-26 02:38:00,2,1,0,NA,"N","SIDESWIPE - SAME DIRECTION","RAIN","DARK - NOT LIGHTED","MM 221 1 I 40","HERMITAGE","HERMIT",36.17019,-86.59554,"MOTOR VEHICLE IN TRANSPORT","37076","2018","September","Fall","02","Wednesday","Weekday","Injuries","No Fatalities"
9.97064916879119e-314,2018-09-26 03:45:00,1,0,0,NA,"N","NOT COLLISION W/MOTOR VEHICLE-TRANSPORT","RAIN","DARK - NOT LIGHTED","GLENCLIFF RD & NEESE DR","NASHVILLE","SOUTH",36.10742,-86.72059,"FENCE","37211","2018","September","Fall","03","Wednesday","Weekday","No Injuries","No Fatalities"
9.97064937185217e-314,2018-09-26 06:50:00,2,2,0,NA,"N","SIDESWIPE - SAME DIRECTION","RAIN","DARK - LIGHTED","MM 55 4 I 24","NASHVILLE","SOUTH",36.08997,-86.703,"MOTOR VEHICLE IN TRANSPORT","37211","2018","September","Fall","06","Wednesday","Weekday","Injuries","No Fatalities"
9.97064955860898e-314,2018-09-26 10:10:00,1,0,0,NA,"Y","NOT COLLISION W/MOTOR VEHICLE-TRANSPORT","RAIN","DARK - LIGHTED","BRILEY PKWYS & MURFREESBORO PKE","NASHVILLE","HERMIT",36.1183,-86.70032,"IMPACT ATTENUATOR","37217","2018","September","Fall","10","Wednesday","Weekday","No Injuries","No Fatalities"
9.97064958183007e-314,2018-09-26 10:45:00,3,0,0,NA,"Y","Front to Rear","RAIN","DARK - LIGHTED","MM 86 6 I 65","NASHVILLE","NORTH",36.19605,-86.77612,"MOTOR VEHICLE IN TRANSPORT","37207","2018","September","Fall","10","Wednesday","Weekday","No Injuries","No Fatalities"
9.97064959764017e-314,2018-09-26 11:02:00,1,1,0,NA,"N","NOT COLLISION W/MOTOR VEHICLE-TRANSPORT","RAIN","DARK - NOT LIGHTED","LOGISTICS WAY & HOBSON PKE","ANTIOCH","SOUTH",36.02836,-86.6053,"TREE","37013","2018","September","Fall","11","Wednesday","Weekday","Injuries","No Fatalities"
9.97064959912237e-314,2018-09-26 11:04:00,2,3,0,NA,"N","Front to Rear","RAIN","DARK - NOT LIGHTED","MM 36 0 I 24","WHITES CREEK","NORTH",36.32002,-86.8499,"MOTOR VEHICLE IN TRANSPORT","37189","2018","September","Fall","11","Wednesday","Weekday","Injuries","No Fatalities"
9.97064961839093e-314,2018-09-26 11:15:00,2,1,0,NA,"N","ANGLE","RAIN","DAYLIGHT","WHITE BRIDGE PKE EXT RAMP & I40 W EXT RA","NASHVILLE","WEST",36.153,-86.85764,"MOTOR VEHICLE IN TRANSPORT","37209","2018","September","Fall","11","Wednesday","Weekday","Injuries","No Fatalities"
9.97064962629598e-314,2018-09-26 11:30:00,2,0,0,NA,"N","Front to Rear","RAIN","DAWN","ELLINGTON PKWYS & ELLINGTON PKWYN","NASHVILLE","EAST",36.17742,-86.76475,"MOTOR VEHICLE IN TRANSPORT","37206","2018","September","Fall","11","Wednesday","Weekday","No Injuries","No Fatalities"
9.97064963370696e-314,2018-09-26 11:47:00,2,0,0,NA,"N","Front to Rear","RAIN","DAYLIGHT","CROSSINGS BLVD & CROSSINGS PL","ANTIOCH","SOUTH",36.04498,-86.64943,"MOTOR VEHICLE IN TRANSPORT","37013","2018","September","Fall","11","Wednesday","Weekday","No Injuries","No Fatalities"
9.97064963617729e-314,2018-09-26 11:05:00,2,0,0,NA,"N","SIDESWIPE - SAME DIRECTION","RAIN","DAYLIGHT","MM 211 7 I 40","NASHVILLE","HERMIT",36.14973,-86.74767,"MOTOR VEHICLE IN TRANSPORT","37210","2018","September","Fall","11","Wednesday","Weekday","No Injuries","No Fatalities"
9.97064963667135e-314,2018-09-26 11:47:00,2,0,0,NA,"N","Front to Rear","RAIN","DAYLIGHT","MM 213 7 I 40","NASHVILLE","HERMIT",36.14106,-86.71822,"MOTOR VEHICLE IN TRANSPORT","37217","2018","September","Fall","11","Wednesday","Weekday","No Injuries","No Fatalities"
9.97064964012981e-314,2018-09-26 11:40:00,2,1,0,NA,"N","Front to Rear","RAIN","DAYLIGHT","BRICK CHURCH PKE & I65 S ENT RAMP","NASHVILLE","NORTH",36.20524,-86.77799,"MOTOR VEHICLE IN TRANSPORT","37207","2018","September","Fall","11","Wednesday","Weekday","Injuries","No Fatalities"
9.97064964260014e-314,2018-09-26 11:58:00,2,0,0,NA,"N","Rear to Side","RAIN","DAYLIGHT","RUSSELL ST & S 7TH ST","NASHVILLE","EAST",36.17284,-86.75893,"MOTOR VEHICLE IN TRANSPORT","37206","2018","September","Fall","11","Wednesday","Weekday","No Injuries","No Fatalities"
9.97064965297552e-314,2018-09-26 12:06:00,1,1,0,NA,"N","NOT COLLISION W/MOTOR VEHICLE-TRANSPORT","RAIN","DAYLIGHT","MM 5 2 I 440","NASHVILLE","MIDTOW",36.11833,-86.76777,"GUARDRAIL FACE;Ran Off Road-Left","37204","2018","September","Fall","12","Wednesday","Weekday","Injuries","No Fatalities"
9.97064965495178e-314,2018-09-26 12:00:00,2,0,0,NA,"N","SIDESWIPE - SAME DIRECTION","RAIN","DAYLIGHT","MM 49 1 I 24","NASHVILLE","EAST",36.1641,-86.76298,"MOTOR VEHICLE IN TRANSPORT","37206","2018","September","Fall","12","Wednesday","Weekday","No Injuries","No Fatalities"
9.97064965544585e-314,2018-09-26 12:08:00,2,0,0,NA,"N","SIDESWIPE - SAME DIRECTION","RAIN","DAYLIGHT","OLD HICKORY BLVDW & N GRAYCROFT AV","MADISON","MADISO",36.26445,-86.73228,"MOTOR VEHICLE IN TRANSPORT","37115","2018","September","Fall","12","Wednesday","Weekday","No Injuries","No Fatalities"
9.97064966779749e-314,2018-09-26 12:20:00,2,0,0,NA,"N","Front to Rear","RAIN","DAYLIGHT","MM 91 2 I 65","MADISON","MADISO",36.25025,-86.74134,"MOTOR VEHICLE IN TRANSPORT","37115","2018","September","Fall","12","Wednesday","Weekday","No Injuries","No Fatalities"
9.97064968014913e-314,2018-09-26 12:25:00,3,1,0,NA,"N","Front to Rear","RAIN","DAYLIGHT","CLOVERLAND DR & BROWNSTONE DR","BRENTWOOD","MIDTOW",36.03126,-86.75311,"MOTOR VEHICLE IN TRANSPORT","37027","2018","September","Fall","12","Wednesday","Weekday","Injuries","No Fatalities"
9.9706496806432e-314,2018-09-26 12:30:00,2,0,0,NA,"N","Front to Rear","RAIN","DAYLIGHT","HARDING PL & TRAVELERS INN DR","NASHVILLE","SOUTH",36.08486,-86.70366,"MOTOR VEHICLE IN TRANSPORT","37211","2018","September","Fall","12","Wednesday","Weekday","No Injuries","No Fatalities"
9.97064968904231e-314,2018-09-26 12:13:00,2,0,0,NA,"Y","SIDESWIPE - SAME DIRECTION","RAIN","DAYLIGHT","MM 40 0 I 24","WHITES CREEK","NORTH",36.28306,-86.80623,"MOTOR VEHICLE IN TRANSPORT","37189","2018","September","Fall","12","Wednesday","Weekday","No Injuries","No Fatalities"
9.97064970337022e-314,2018-09-26 12:40:00,1,0,0,NA,"N","NOT COLLISION W/MOTOR VEHICLE-TRANSPORT","RAIN","DAYLIGHT","LAKELAND DR & MCGAVOCK PKE","NASHVILLE","HERMIT",36.15475,-86.68005,"TREE","37214","2018","September","Fall","12","Wednesday","Weekday","No Injuries","No Fatalities"
9.97064970979307e-314,2018-09-26 12:53:00,2,0,0,NA,"N","Front to Rear","RAIN","DAYLIGHT","BABY RUTH LN & MT VIEW RD","ANTIOCH","SOUTH",36.04537,-86.64022,"MOTOR VEHICLE IN TRANSPORT","37013","2018","September","Fall","12","Wednesday","Weekday","No Injuries","No Fatalities"
9.97064971522779e-314,2018-09-26 12:58:00,1,0,0,NA,"N","NOT COLLISION W/MOTOR VEHICLE-TRANSPORT","RAIN","DARK - NOT LIGHTED","LAKELAND DR & EMERY DR","NASHVILLE","HERMIT",36.1544,-86.67915,"FIRE HYDRANT","37214","2018","September","Fall","12","Wednesday","Weekday","No Injuries","No Fatalities"
9.97064972165065e-314,2018-09-26 12:50:00,2,0,0,NA,"N","Front to Rear","RAIN","DAYLIGHT","OLD DICKERSON PKE & DICKERSON PKES","GOODLETTSVILLE","MADISO",36.2875,-86.74416,"MOTOR VEHICLE IN TRANSPORT","37072","2018","September","Fall","12","Wednesday","Weekday","No Injuries","No Fatalities"
9.97064972263878e-314,2018-09-26 12:54:00,2,0,0,NA,"N","Front to Rear","RAIN","DAYLIGHT","FRANKLIN PKE & OLD HICKORY BLVD","BRENTWOOD","MIDTOW",36.0374,-86.78657,"MOTOR VEHICLE IN TRANSPORT","37027","2018","September","Fall","12","Wednesday","Weekday","No Injuries","No Fatalities"
9.97064972362691e-314,2018-09-26 12:59:00,2,0,0,NA,"N","SIDESWIPE - SAME DIRECTION","RAIN","DAYLIGHT","UNA ANTIOCH PKE & NASHBORO BLVD","ANTIOCH","SOUTH",36.08666,-86.64885,"MOTOR VEHICLE IN TRANSPORT","37013","2018","September","Fall","12","Wednesday","Weekday","No Injuries","No Fatalities"
9.97064988222198e-314,2018-09-26 05:00:00,2,1,0,NA,"N","ANGLE","RAIN","DAYLIGHT","S 2ND ST & SHELBY AV","NASHVILLE","CENTRA",36.16486,-86.76791,"MOTOR VEHICLE IN TRANSPORT","37213","2018","September","Fall","05","Wednesday","Weekday","Injuries","No Fatalities"
9.97065014061831e-314,2018-09-26 05:00:00,2,1,0,NA,"N","Front to Rear","RAIN","DAYLIGHT","MM 49 2 I 24","NASHVILLE","CENTRA",36.16388,-86.76275,"MOTOR VEHICLE IN TRANSPORT","37213","2018","September","Fall","05","Wednesday","Weekday","Injuries","No Fatalities"
9.97065045731439e-314,2018-09-26 05:00:00,2,0,0,NA,"Y","UNKNOWN","RAIN","DAYLIGHT","DIVISION ST & LYLE AV","NASHVILLE","MIDTOW",36.14967,-86.79714,"PARKED MOTOR VEHICLE","37212","2018","September","Fall","05","Wednesday","Weekday","No Injuries","No Fatalities"
9.97065055563346e-314,2018-09-26 05:00:00,2,0,0,NA,"Y","SIDESWIPE - OPPOSITE DIRECTION","RAIN","DARK - LIGHTED","DOVER GLEN DR & SEPTO CT","ANTIOCH","SOUTH",36.07446,-86.65166,"PARKED MOTOR VEHICLE","37013","2018","September","Fall","05","Wednesday","Weekday","No Injuries","No Fatalities"
9.97065115246476e-314,2018-09-27 10:01:00,1,1,0,NA,"Y","NOT COLLISION W/MOTOR VEHICLE-TRANSPORT","RAIN","DARK - LIGHTED","ELM HILL PKE & MASSMAN DR","NASHVILLE","HERMIT",36.14485,-86.71104,"PEDESTRIAN","37210","2018","September","Fall","10","Thursday","Weekday","Injuries","No Fatalities"
9.97065115691135e-314,2018-09-27 10:05:00,1,0,0,NA,"N","NOT COLLISION W/MOTOR VEHICLE-TRANSPORT","RAIN","DARK - LIGHTED","BRILEY PKWYS & BRILEY PKWYN","NASHVILLE","NORTH",36.17709,-86.69462,"WALL","37218","2018","September","Fall","10","Thursday","Weekday","No Injuries","No Fatalities"
9.97065118704935e-314,2018-09-27 10:30:00,2,0,0,NA,"N","ANGLE","RAIN","DAYLIGHT","MM 57 6 I 24","ANTIOCH","SOUTH",36.06285,-86.68256,"MOTOR VEHICLE IN TRANSPORT","37013","2018","September","Fall","10","Thursday","Weekday","No Injuries","No Fatalities"
9.97065119742473e-314,2018-09-27 10:43:00,2,0,0,NA,"N","Front to Rear","RAIN","DARK - LIGHTED","NOLENSVILLE PKE & TUSCULUM RD","NASHVILLE","SOUTH",36.05907,-86.71622,"MOTOR VEHICLE IN TRANSPORT","37211","2018","September","Fall","10","Thursday","Weekday","No Injuries","No Fatalities"
9.97065120187132e-314,2018-09-27 10:50:00,1,0,0,NA,"N","NOT COLLISION W/MOTOR VEHICLE-TRANSPORT","RAIN","DARK - NOT LIGHTED","RIVERWOOD VILLAGE BLVD & STONEWATER DR","HERMITAGE","HERMIT",36.16826,-86.61904,"","37076","2018","September","Fall","10","Thursday","Weekday","No Injuries","No Fatalities"
9.97065121274076e-314,2018-09-27 11:00:00,3,1,0,NA,"N","ANGLE","RAIN","DAWN","MURFREESBORO & MT VIEW","ANTIOCH","SOUTH",36.14947,-86.74224,"MOTOR VEHICLE IN TRANSPORT","37013","2018","September","Fall","11","Thursday","Weekday","Injuries","No Fatalities"
9.97065122509241e-314,2018-09-27 05:00:00,2,0,0,NA,"N","SIDESWIPE - SAME DIRECTION","RAIN","DARK - LIGHTED","MM 205 5 I 40","NASHVILLE","WEST",36.15507,-86.83002,"MOTOR VEHICLE IN TRANSPORT","37209","2018","September","Fall","05","Thursday","Weekday","No Injuries","No Fatalities"
9.97065122855087e-314,2018-09-27 11:18:00,1,1,0,NA,"N","NOT COLLISION W/MOTOR VEHICLE-TRANSPORT","RAIN","DAWN","ALVIN SPERRY RD & HESSEY RD PVTDR","MOUNT JULIET","HERMIT",36.14329,-86.55627,"UTILITY POLE;Ran Off Road-Right","37122","2018","September","Fall","11","Thursday","Weekday","Injuries","No Fatalities"
9.97065123892624e-314,2018-09-27 11:21:00,2,0,0,NA,"Y","Front to Rear","RAIN","DARK - LIGHTED","MM 91 9 I 65","MADISON","MADISO",36.25922,-86.73828,"MOTOR VEHICLE IN TRANSPORT","37115","2018","September","Fall","11","Thursday","Weekday","No Injuries","No Fatalities"
9.97065123942031e-314,2018-09-27 11:25:00,3,0,0,NA,"N","Front to Rear","RAIN","DAYLIGHT","MM 5 9 I 440","NASHVILLE","MIDTOW",36.1215,-86.75812,"MOTOR VEHICLE IN TRANSPORT","37204","2018","September","Fall","11","Thursday","Weekday","No Injuries","No Fatalities"
9.97065124189064e-314,2018-09-27 11:32:00,1,1,0,NA,"N","NOT COLLISION W/MOTOR VEHICLE-TRANSPORT","RAIN","DAWN","MM 215 8 I 40","NASHVILLE","HERMIT",36.14218,-86.67981,"GUARDRAIL FACE;CONCRETE TRAFFIC BARRIER","37217","2018","September","Fall","11","Thursday","Weekday","Injuries","No Fatalities"
9.97065124485503e-314,2018-09-27 11:41:00,1,0,0,NA,"N","NOT COLLISION W/MOTOR VEHICLE-TRANSPORT","RAIN","DAYLIGHT","MM 58 4 I 24","ANTIOCH","SOUTH",36.05355,-86.67302,"BRIDGE PIER/ABUTMENT","37013","2018","September","Fall","11","Thursday","Weekday","No Injuries","No Fatalities"
9.97065124633723e-314,2018-09-27 11:30:00,1,0,0,NA,"N","NOT COLLISION W/MOTOR VEHICLE-TRANSPORT","RAIN","DAYLIGHT","BRILEY PKWYE & I24 W EXT RAMP","NASHVILLE","MADISO",36.23808,-86.78384,"TREE;Ran Off Road-Right","37207","2018","September","Fall","11","Thursday","Weekday","No Injuries","No Fatalities"
9.97065125078382e-314,2018-09-27 11:53:00,2,0,0,NA,"N","ANGLE","RAIN","DAYLIGHT","SANTI LN & MURFREESBORO PKE","ANTIOCH","SOUTH",36.05065,-86.62778,"MOTOR VEHICLE IN TRANSPORT","37013","2018","September","Fall","11","Thursday","Weekday","No Injuries","No Fatalities"
9.97065125424228e-314,2018-09-27 11:46:00,1,0,0,NA,"N","NOT COLLISION W/MOTOR VEHICLE-TRANSPORT","RAIN","DAYLIGHT","MM 58 4 I 24","ANTIOCH","SOUTH",36.0535,-86.67296,"DITCH","37013","2018","September","Fall","11","Thursday","Weekday","No Injuries","No Fatalities"
9.97065125918294e-314,2018-09-27 12:00:00,1,0,0,NA,"N","NOT COLLISION W/MOTOR VEHICLE-TRANSPORT","RAIN","DAYLIGHT","BRILEY PKWY S EXT RAMP & I40 W EXT RAMP","NASHVILLE","HERMIT",36.15338,-86.85717,"CONCRETE TRAFFIC BARRIER","37210","2018","September","Fall","12","Thursday","Weekday","No Injuries","No Fatalities"
9.97065127746336e-314,2018-09-27 11:47:00,2,0,0,NA,"N","Front to Rear","RAIN","DAYLIGHT","MM 60 3 I 24","ANTIOCH","SOUTH",36.03725,-86.6458,"MOTOR VEHICLE IN TRANSPORT","37013","2018","September","Fall","11","Thursday","Weekday","No Injuries","No Fatalities"
9.97065128487435e-314,2018-09-27 12:20:00,2,0,0,NA,"N","ANGLE","RAIN","DAYLIGHT","EDMONDSON PKE & WHISPERING HILLS DR","NASHVILLE","MIDTOW",36.07321,-86.73223,"MOTOR VEHICLE IN TRANSPORT","37211","2018","September","Fall","12","Thursday","Weekday","No Injuries","No Fatalities"
9.97065128536841e-314,2018-09-27 12:23:00,2,0,0,NA,"N","Front to Rear","RAIN","DAYLIGHT","BELL RD & HICKORY HOLLOW MALL PVTDR PL","ANTIOCH","SOUTH",36.04962,-86.65068,"MOTOR VEHICLE IN TRANSPORT","37013","2018","September","Fall","12","Thursday","Weekday","No Injuries","No Fatalities"
9.97065129376753e-314,2018-09-27 12:33:00,2,0,0,NA,"N","Front to Rear","RAIN","DAYLIGHT","MURFREESBORO PKE & SPENCE LN","NASHVILLE","SOUTH",36.13574,-86.72505,"MOTOR VEHICLE IN TRANSPORT","37217","2018","September","Fall","12","Thursday","Weekday","No Injuries","No Fatalities"
9.97065130019038e-314,2018-09-27 12:37:00,2,0,0,NA,"Y","Front to Rear","RAIN","DAYLIGHT","500 DOMINICAN DR","NASHVILLE","NORTH",36.18774,-86.798,"MOTOR VEHICLE IN TRANSPORT","37208","2018","September","Fall","12","Thursday","Weekday","No Injuries","No Fatalities"
9.9706513085895e-314,2018-09-27 12:45:00,2,0,0,NA,"N","Front to Rear","RAIN","DAYLIGHT","MM 86 5 I 65","NASHVILLE","NORTH",36.19559,-86.77615,"MOTOR VEHICLE IN TRANSPORT","37207","2018","September","Fall","12","Thursday","Weekday","No Injuries","No Fatalities"
9.9706513100717e-314,2018-09-27 12:46:00,2,0,0,NA,"N","Front to Rear","RAIN","DAYLIGHT","HILLWOOD BLVD & CHARLOTTE PKE","NASHVILLE","WEST",36.13907,-86.88056,"MOTOR VEHICLE IN TRANSPORT","37209","2018","September","Fall","12","Thursday","Weekday","No Injuries","No Fatalities"
9.97065131451829e-314,2018-09-27 12:55:00,2,2,0,NA,"N","ANGLE","RAIN","DAYLIGHT","ELM HILL PKE & DONELSON PKE","NASHVILLE","HERMIT",36.14881,-86.66628,"MOTOR VEHICLE IN TRANSPORT","37214","2018","September","Fall","12","Thursday","Weekday","Injuries","No Fatalities"
9.97065131649455e-314,2018-09-27 05:00:00,2,0,0,NA,"N","ANGLE","RAIN","DAYLIGHT","I40 W ENT RAMP & I 40","NASHVILLE","HERMIT",36.11202,-86.92294,"MOTOR VEHICLE IN TRANSPORT","37210","2018","September","Fall","05","Thursday","Weekday","No Injuries","No Fatalities"
9.97065132192927e-314,2018-09-27 12:55:00,2,0,0,NA,"N","Front to Rear","RAIN","DAYLIGHT","TROUSDALE DR & RICHMAR DR","NASHVILLE","MIDTOW",36.0794,-86.75857,"MOTOR VEHICLE IN TRANSPORT","37211","2018","September","Fall","12","Thursday","Weekday","No Injuries","No Fatalities"
9.97065132835213e-314,2018-09-27 12:18:00,2,0,0,NA,"N","ANGLE","RAIN","DAYLIGHT","MURFREESBORO PKE & SHUMATE LN","ANTIOCH","SOUTH",36.08301,-86.64695,"MOTOR VEHICLE IN TRANSPORT","37013","2018","September","Fall","12","Thursday","Weekday","No Injuries","No Fatalities"
9.97065133329278e-314,2018-09-27 12:55:00,1,0,0,NA,"N","NOT COLLISION W/MOTOR VEHICLE-TRANSPORT","RAIN","DAYLIGHT","MM 52 7 I 24","NASHVILLE","SOUTH",36.12315,-86.72783,"CONCRETE TRAFFIC BARRIER","37210","2018","September","Fall","12","Thursday","Weekday","No Injuries","No Fatalities"
9.9706714758551e-314,2018-10-13 00:27:00,2,0,0,NA,"Y","SIDESWIPE - SAME DIRECTION","RAIN","DARK - LIGHTED","1ST AVS & DEMONBREUN ST","NASHVILLE","CENTRA",36.16024,-86.77314,"MOTOR VEHICLE IN TRANSPORT","37201","2018","October","Fall","00","Saturday","Weekend","No Injuries","No Fatalities"
9.97067149611179e-314,2018-10-12 05:00:00,2,0,0,NA,"N","SIDESWIPE - OPPOSITE DIRECTION","RAIN","DARK - NOT LIGHTED","ELM HILL PKE & WEMBERTON DR","NASHVILLE","HERMIT",36.14203,-86.62928,"MOTOR VEHICLE IN TRANSPORT","37214","2018","October","Fall","05","Friday","Weekday","No Injuries","No Fatalities"
9.97067267544649e-314,2018-10-14 02:30:00,1,0,0,NA,"N","NOT COLLISION W/MOTOR VEHICLE-TRANSPORT","RAIN","DARK - LIGHTED","MURFREESBORO PKE & NASHBORO BLVD","ANTIOCH","SOUTH",36.08785,-86.64927,"","37013","2018","October","Fall","02","Sunday","Weekend","No Injuries","No Fatalities"
9.97067267841088e-314,2018-10-13 05:00:00,2,3,0,NA,"Y","Front to Rear","RAIN","DARK - LIGHTED","ANTIOCH PKE & FRANKLIN LIMESTONE RD","ANTIOCH","SOUTH",36.08034,-86.68567,"MOTOR VEHICLE IN TRANSPORT","37013","2018","October","Fall","05","Saturday","Weekend","Injuries","No Fatalities"
9.97067267939901e-314,2018-10-14 02:38:00,2,1,0,NA,"Y","Front to Rear","RAIN","DARK - LIGHTED","MM 49 4 I 24","NASHVILLE","EAST",36.16046,-86.7605,"MOTOR VEHICLE IN TRANSPORT","37206","2018","October","Fall","02","Sunday","Weekend","Injuries","No Fatalities"
9.97067268829219e-314,2018-10-14 02:55:00,1,0,0,NA,"N","NOT COLLISION W/MOTOR VEHICLE-TRANSPORT","RAIN","DARK - NOT LIGHTED","HAMILTON AV & PILLOW ST","NASHVILLE","MIDTOW",36.13831,-86.76596,"","37203","2018","October","Fall","02","Sunday","Weekend","No Injuries","No Fatalities"
9.97067268977439e-314,2018-10-14 02:40:00,2,0,0,NA,"N","Front to Rear","RAIN","DARK - LIGHTED","MM 49 5 I 24","NASHVILLE","CENTRA",36.15965,-86.76048,"Motor Vehicle-In-Motion Outside Trafficw","37210","2018","October","Fall","02","Sunday","Weekend","No Injuries","No Fatalities"
9.9706727184302e-314,2018-10-14 03:36:00,2,0,0,NA,"N","SIDESWIPE - SAME DIRECTION","RAIN","DARK - LIGHTED","OLD HICKORY BLVD & BRENTWOOD MEADOWS CIR","BRENTWOOD","MIDTOW",36.04126,-86.74664,"MOTOR VEHICLE IN TRANSPORT","37027","2018","October","Fall","03","Sunday","Weekend","No Injuries","No Fatalities"
9.97067271892426e-314,2018-10-14 02:35:00,2,0,0,NA,"Y","Front to Rear","RAIN","DARK - LIGHTED","WOODLAND ST & S 5TH ST","NASHVILLE","EAST",36.17202,-86.76429,"MOTOR VEHICLE IN TRANSPORT","37206","2018","October","Fall","02","Sunday","Weekend","No Injuries","No Fatalities"
9.97067279945696e-314,2018-10-14 03:08:00,2,0,0,NA,"N","Front to Rear","RAIN","DARK - LIGHTED","HAMILTON CHURCH RD & MURFREESBORO PKE","ANTIOCH","SOUTH",36.06365,-86.6294,"MOTOR VEHICLE IN TRANSPORT","37013","2018","October","Fall","03","Sunday","Weekend","No Injuries","No Fatalities"
9.97067282020772e-314,2018-10-14 06:00:00,2,0,0,NA,"Y","Front to Rear","RAIN","DARK - LIGHTED","S 2ND ST & SHELBY AV","NASHVILLE","CENTRA",36.16486,-86.76791,"MOTOR VEHICLE IN TRANSPORT","37213","2018","October","Fall","06","Sunday","Weekend","No Injuries","No Fatalities"
9.97067287208461e-314,2018-10-14 07:06:00,2,0,0,NA,"N","ANGLE","RAIN","DARK - LIGHTED","BROADWAY & 14TH AVS","NASHVILLE","MIDTOW",36.15566,-86.7897,"MOTOR VEHICLE IN TRANSPORT","37203","2018","October","Fall","07","Sunday","Weekend","No Injuries","No Fatalities"
9.97067290913954e-314,2018-10-14 08:04:00,2,1,0,NA,"N","Rear to Side","RAIN","DARK - NOT LIGHTED","MM 49 4 I 24","NASHVILLE","EAST",36.16111,-86.76065,"MOTOR VEHICLE IN TRANSPORT","37206","2018","October","Fall","08","Sunday","Weekend","Injuries","No Fatalities"
9.97067291753865e-314,2018-10-14 08:16:00,2,0,0,NA,"N","Front to Rear","RAIN","DARK - LIGHTED","HAYWOOD LN & BAKERTOWN RD","NASHVILLE","SOUTH",36.06997,-86.68563,"MOTOR VEHICLE IN TRANSPORT","37211","2018","October","Fall","08","Sunday","Weekend","No Injuries","No Fatalities"
9.97067293038436e-314,2018-10-14 05:00:00,1,0,0,NA,"N","NOT COLLISION W/MOTOR VEHICLE-TRANSPORT","RAIN","DARK - NOT LIGHTED","MM 38 8 I 24","WHITES CREEK","NORTH",36.29904,-86.81157,"GUARDRAIL FACE","37189","2018","October","Fall","05","Sunday","Weekend","No Injuries","No Fatalities"
9.97067293334875e-314,2018-10-14 08:52:00,3,0,0,NA,"N","SIDESWIPE - SAME DIRECTION","RAIN","DARK - LIGHTED","MM 49 4 I 24","NASHVILLE","EAST",36.16076,-86.76057,"MOTOR VEHICLE IN TRANSPORT","37206","2018","October","Fall","08","Sunday","Weekend","No Injuries","No Fatalities"
9.97067293680721e-314,2018-10-14 08:46:00,2,1,0,NA,"Y","Front to Rear","RAIN","DARK - LIGHTED","MURFREESBORO PKE & PLUS PARK BLVD","NASHVILLE","HERMIT",36.13402,-86.72256,"MOTOR VEHICLE IN TRANSPORT","37217","2018","October","Fall","08","Sunday","Weekend","Injuries","No Fatalities"
9.97067294570039e-314,2018-10-14 06:04:00,2,0,0,NA,"Y","HEAD-ON","RAIN","DARK - LIGHTED","HAYWOOD LN & EZELL RD","NASHVILLE","SOUTH",36.06953,-86.69338,"MOTOR VEHICLE IN TRANSPORT","37211","2018","October","Fall","06","Sunday","Weekend","No Injuries","No Fatalities"
9.97067294866479e-314,2018-10-14 09:29:00,2,0,0,NA,"Y","Front to Rear","RAIN","DARK - LIGHTED","MURFREESBORO PKE & FOREST VIEW DR","ANTIOCH","SOUTH",36.06708,-86.63089,"MOTOR VEHICLE IN TRANSPORT;TREE","37013","2018","October","Fall","09","Sunday","Weekend","No Injuries","No Fatalities"
9.97067303315001e-314,2018-10-14 11:32:00,2,2,0,NA,"N","Front to Rear","RAIN","DAWN","MM 88 0 I 65","NASHVILLE","EAST",36.21655,-86.77505,"MOTOR VEHICLE IN TRANSPORT","37207","2018","October","Fall","11","Sunday","Weekend","Injuries","No Fatalities"
9.97067304253726e-314,2018-10-14 11:40:00,1,0,0,NA,"N","NOT COLLISION W/MOTOR VEHICLE-TRANSPORT","RAIN","DAWN","MM 5 6 I 440","NASHVILLE","MIDTOW",36.12188,-86.76235,"GUARDRAIL END","37211","2018","October","Fall","11","Sunday","Weekend","No Injuries","No Fatalities"
9.97067310923612e-314,2018-10-14 05:00:00,2,0,0,NA,"Y","UNKNOWN","RAIN","UNKNOWN","16TH AVN & CLAY ST","NASHVILLE","NORTH",36.1828,-86.81114,"PARKED MOTOR VEHICLE","37208","2018","October","Fall","05","Sunday","Weekend","No Injuries","No Fatalities"
9.97067322682375e-314,2018-10-14 09:00:00,1,0,0,NA,"Y","NOT COLLISION W/MOTOR VEHICLE-TRANSPORT","RAIN","DARK - LIGHTED","1149 JACKSONS VIEW RD","HERMITAGE","HERMIT",36.18603,-86.60578,"TREE","37076","2018","October","Fall","09","Sunday","Weekend","No Injuries","No Fatalities"
9.97067337652564e-314,2018-10-14 05:00:00,2,0,0,NA,"N","SIDESWIPE - OPPOSITE DIRECTION","RAIN","DAYLIGHT","ANNEX AV & CHARLOTTE PKE","NASHVILLE","WEST",36.14024,-86.88207,"MOTOR VEHICLE IN TRANSPORT","37209","2018","October","Fall","05","Sunday","Weekend","No Injuries","No Fatalities"