"Accident.Number","Date.and.Time","Number.of.Motor.Vehicles","Number.of.Injuries","Number.of.Fatalities","Property.Damage","Hit.and.Run","Collision.Type.Description","Weather.Description","Illumination.Description","Street.Address","City","Precinct","Latitude","Longitude","HarmfulDescriptions","Zip.Code","Year","Month","Season","Hour","Weekday","DayType","Accident","Fatality_category"
9.97067353363851e-314,2018-10-14 05:00:00,1,0,0,NA,"N","NOT COLLISION W/MOTOR VEHICLE-TRANSPORT","RAIN","DAYLIGHT","MM 88 7 I 65","NASHVILLE","MADISO",36.22628,-86.7741,"GUARDRAIL FACE","37207","2018","October","Fall","05","Sunday","Weekend","No Injuries","No Fatalities"
9.97067354944861e-314,2018-10-14 05:00:00,1,0,0,NA,"Y","UNKNOWN","RAIN","UNKNOWN","APACHE TRL & MILL CREEK BLUE HOLE GRNWY","ANTIOCH","SOUTH",36.06248,-86.68321,"UNKNOWN MOST HARMFUL EVENT","37013","2018","October","Fall","05","Sunday","Weekend","No Injuries","No Fatalities"
9.97067358205695e-314,2018-10-15 00:20:00,2,1,0,NA,"Y","HEAD-ON","RAIN","DARK - LIGHTED","BELL RD & BLUE HOLE RD","ANTIOCH","SOUTH",36.04574,-86.67435,"MOTOR VEHICLE IN TRANSPORT","37013","2018","October","Fall","00","Monday","Weekday","Injuries","No Fatalities"
9.97067359342046e-314,2018-10-15 00:30:00,3,0,0,NA,"N","Front to Rear","RAIN","DARK - LIGHTED","THOMPSON LN & I440 ENT RAMP","NASHVILLE","MIDTOW",36.11107,-86.77111,"MOTOR VEHICLE IN TRANSPORT","37204","2018","October","Fall","00","Monday","Weekday","No Injuries","No Fatalities"
9.97067360923056e-314,2018-10-15 01:00:00,2,0,0,NA,"Y","UNKNOWN","RAIN","DARK - LIGHTED","MURFREESBORO PIKE & RANSOM PL","NASHVILLE","HERMIT",36.08778,-86.64923,"MOTOR VEHICLE IN TRANSPORT","37217","2018","October","Fall","01","Monday","Weekday","No Injuries","No Fatalities"
9.97067364529735e-314,2018-10-15 01:36:00,1,0,0,NA,"N","NOT COLLISION W/MOTOR VEHICLE-TRANSPORT","RAIN","Dark-Unknown Lighting","MAPLEHURST AV & GRANNY WHITE PKE","NASHVILLE","MIDTOW",36.1044,-86.79648,"UTILITY POLE;TREE","37204","2018","October","Fall","01","Monday","Weekday","No Injuries","No Fatalities"
9.97067371743093e-314,2018-10-15 03:45:00,2,1,0,NA,"N","ANGLE","RAIN","DARK - LIGHTED","SOUTHLAKE DR & SOUTHLAKE CT","NASHVILLE","SOUTH",36.10341,-86.73008,"MOTOR VEHICLE IN TRANSPORT;Cross Center Line","37211","2018","October","Fall","03","Monday","Weekday","Injuries","No Fatalities"
9.97067373175884e-314,2018-10-15 00:52:00,1,0,0,NA,"Y","NOT COLLISION W/MOTOR VEHICLE-TRANSPORT","RAIN","DARK - LIGHTED","I24 E ENT RAMP & I 24","NASHVILLE","CENTRA",36.27612,-86.80045,"GUARDRAIL FACE","37213","2018","October","Fall","00","Monday","Weekday","No Injuries","No Fatalities"
9.97067373966389e-314,2018-10-15 01:50:00,1,0,0,NA,"Y","NOT COLLISION W/MOTOR VEHICLE-TRANSPORT","RAIN","DARK - NOT LIGHTED","RAYON DR & ENSLEY AV","OLD HICKORY","HERMIT",36.27254,-86.66513,"MAIL BOX","37138","2018","October","Fall","01","Monday","Weekday","No Injuries","No Fatalities"
9.97067374756894e-314,2018-10-15 04:15:00,2,0,0,NA,"N","Front to Rear","RAIN","DARK - LIGHTED","SPRING ST & N 1ST ST","NASHVILLE","CENTRA",36.17696,-86.77534,"MOTOR VEHICLE IN TRANSPORT","37207","2018","October","Fall","04","Monday","Weekday","No Injuries","No Fatalities"
9.97067390814027e-314,2018-10-15 07:30:00,2,1,0,NA,"N","ANGLE","RAIN","DARK - LIGHTED","2ND AVS & LEA AV","NASHVILLE","CENTRA",36.15559,-86.77107,"MOTOR VEHICLE IN TRANSPORT","37210","2018","October","Fall","07","Monday","Weekday","Injuries","No Fatalities"
9.97067396149936e-314,2018-10-15 09:06:00,1,0,0,NA,"N","NOT COLLISION W/MOTOR VEHICLE-TRANSPORT","RAIN","DARK - LIGHTED","MM 205 2 I 40","NASHVILLE","WEST",36.15427,-86.83424,"WALL","37209","2018","October","Fall","09","Monday","Weekday","No Injuries","No Fatalities"
9.97067397138067e-314,2018-10-15 09:30:00,2,1,0,NA,"N","NOT COLLISION W/MOTOR VEHICLE-TRANSPORT","RAIN","DARK - NOT LIGHTED","MM 198 4 I 40","NASHVILLE","WEST",36.10347,-86.93263,"MOTOR VEHICLE IN TRANSPORT;CONCRETE TRAFFIC BARRIER","37221","2018","October","Fall","09","Monday","Weekday","Injuries","No Fatalities"
9.97067397286287e-314,2018-10-15 09:35:00,1,1,0,NA,"N","NOT COLLISION W/MOTOR VEHICLE-TRANSPORT","RAIN","DARK - NOT LIGHTED","MM 215 1 I 40","NASHVILLE","HERMIT",36.14424,-86.6929,"GUARDRAIL FACE","37214","2018","October","Fall","09","Monday","Weekday","Injuries","No Fatalities"
9.97067398126199e-314,2018-10-15 09:59:00,1,0,0,NA,"N","NOT COLLISION W/MOTOR VEHICLE-TRANSPORT","RAIN","DARK - LIGHTED","MM 47 8 I 24","NASHVILLE","CENTRA",36.17881,-86.77376,"CONCRETE TRAFFIC BARRIER","37207","2018","October","Fall","09","Monday","Weekday","No Injuries","No Fatalities"
9.97067398225012e-314,2018-10-15 09:58:00,2,1,0,NA,"N","ANGLE","RAIN","DARK - LIGHTED","BELL RD & BLUE HOLE RD","ANTIOCH","SOUTH",36.04574,-86.67435,"MOTOR VEHICLE IN TRANSPORT","37013","2018","October","Fall","09","Monday","Weekday","Injuries","No Fatalities"
9.97067398521451e-314,2018-10-15 10:14:00,2,0,0,NA,"N","SIDESWIPE - OPPOSITE DIRECTION","RAIN","DARK - LIGHTED","ARDEE AV & WILLIAMS TER","NASHVILLE","EAST",36.21727,-86.723,"PARKED MOTOR VEHICLE","37216","2018","October","Fall","10","Monday","Weekday","No Injuries","No Fatalities"
9.97067398719078e-314,2018-10-15 10:15:00,1,0,0,NA,"N","NOT COLLISION W/MOTOR VEHICLE-TRANSPORT","RAIN","DARK - NOT LIGHTED","MM 78 4 I 65","NASHVILLE","MIDTOW",36.09063,-86.76243,"CONCRETE TRAFFIC BARRIER","37204","2018","October","Fall","10","Monday","Weekday","No Injuries","No Fatalities"
9.97067398916704e-314,2018-10-15 09:54:00,2,1,0,NA,"N","SIDESWIPE - SAME DIRECTION","RAIN","DARK - LIGHTED","I40 W EXT RAMP & I 40","NASHVILLE","CENTRA",36.15315,-86.8545,"MOTOR VEHICLE IN TRANSPORT","37203","2018","October","Fall","09","Monday","Weekday","Injuries","No Fatalities"
9.97067399707209e-314,2018-10-15 10:34:00,1,1,0,NA,"N","NOT COLLISION W/MOTOR VEHICLE-TRANSPORT","RAIN","Dark-Unknown Lighting","MM 202 3 I 40","NASHVILLE","WEST",36.14312,-86.88332,"GUARDRAIL FACE","37209","2018","October","Fall","10","Monday","Weekday","Injuries","No Fatalities"
9.97067400300088e-314,2018-10-15 10:38:00,1,0,0,NA,"N","NOT COLLISION W/MOTOR VEHICLE-TRANSPORT","RAIN","DARK - LIGHTED","MM 52 6 I 24","NASHVILLE","SOUTH",36.12476,-86.72815,"CONCRETE TRAFFIC BARRIER","37210","2018","October","Fall","10","Monday","Weekday","No Injuries","No Fatalities"
9.97067400448307e-314,2018-10-15 10:26:00,1,0,0,NA,"N","NOT COLLISION W/MOTOR VEHICLE-TRANSPORT","RAIN","DARK - LIGHTED","BRILEY PKWYN & BRILEY PKWYS","NASHVILLE","SOUTH",36.17316,-86.6891,"CONCRETE TRAFFIC BARRIER","37211","2018","October","Fall","10","Monday","Weekday","No Injuries","No Fatalities"
9.97067400794153e-314,2018-10-15 10:45:00,1,0,0,NA,"N","NOT COLLISION W/MOTOR VEHICLE-TRANSPORT","RAIN","DARK - LIGHTED","MM 205 1 I 40","NASHVILLE","WEST",36.15411,-86.83691,"CONCRETE TRAFFIC BARRIER","37209","2018","October","Fall","10","Monday","Weekday","No Injuries","No Fatalities"
9.97067401041186e-314,2018-10-15 10:45:00,2,0,0,NA,"N","ANGLE","RAIN","DARK - LIGHTED","DOMINICAN DR & ROSA L PARKS BLVD","NASHVILLE","NORTH",36.18792,-86.79848,"MOTOR VEHICLE IN TRANSPORT","37228","2018","October","Fall","10","Monday","Weekday","No Injuries","No Fatalities"
9.97067401979911e-314,2018-10-15 11:00:00,3,0,0,NA,"N","UNKNOWN","RAIN","DARK - LIGHTED","MM 86 5 I 65","NASHVILLE","NORTH",36.19344,-86.77683,"MOTOR VEHICLE IN TRANSPORT;GUARDRAIL FACE;UNKNOWN MOST HARMFUL EVENT","37207","2018","October","Fall","11","Monday","Weekday","No Injuries","No Fatalities"
9.97067402918635e-314,2018-10-15 11:24:00,2,1,0,NA,"N","HEAD-ON","RAIN","DAYLIGHT","MURFREESBORO PKE & DONELSON PKE","NASHVILLE","SOUTH",36.10621,-86.67306,"MOTOR VEHICLE IN TRANSPORT","37217","2018","October","Fall","11","Monday","Weekday","Injuries","No Fatalities"
9.97067402968042e-314,2018-10-15 11:24:00,1,0,0,NA,"N","NOT COLLISION W/MOTOR VEHICLE-TRANSPORT","RAIN","DARK - LIGHTED","DICKERSON PKE & BRILEY PKWYE","MADISON","MADISO",36.24127,-86.75726,"WALL","37115","2018","October","Fall","11","Monday","Weekday","No Injuries","No Fatalities"
9.97067403807954e-314,2018-10-15 11:37:00,3,1,0,NA,"N","Front to Rear","RAIN","DAWN","MM 42 0 I 24","WHITES CREEK","NORTH",36.25732,-86.78758,"MOTOR VEHICLE IN TRANSPORT","37189","2018","October","Fall","11","Monday","Weekday","Injuries","No Fatalities"
9.97067404697272e-314,2018-10-15 10:26:00,2,0,0,NA,"N","SIDESWIPE - SAME DIRECTION","RAIN","DARK - NOT LIGHTED","MM 61 1 I 24","ANTIOCH","SOUTH",36.02865,-86.63663,"MOTOR VEHICLE IN TRANSPORT","37013","2018","October","Fall","10","Monday","Weekday","No Injuries","No Fatalities"
9.97067404845492e-314,2018-10-15 11:20:00,2,1,0,NA,"N","Front to Rear","RAIN","DAWN","OLD CLARKSVILLE PKE & CLARKSVILLE PKE","JOELTON","NORTH",36.32294,-86.91058,"MOTOR VEHICLE IN TRANSPORT","37080","2018","October","Fall","11","Monday","Weekday","Injuries","No Fatalities"
9.97067405092524e-314,2018-10-15 11:35:00,2,0,0,NA,"N","Front to Rear","RAIN","DAYLIGHT","MM 212 0 I 40","NASHVILLE","HERMIT",36.14778,-86.74448,"MOTOR VEHICLE IN TRANSPORT","37210","2018","October","Fall","11","Monday","Weekday","No Injuries","No Fatalities"
9.97067405240744e-314,2018-10-15 11:30:00,2,0,0,NA,"Y","Front to Rear","RAIN","DARK - LIGHTED","GALLATIN PKES & DUE WEST AVW","MADISON","MADISO",36.24801,-86.72036,"MOTOR VEHICLE IN TRANSPORT","37115","2018","October","Fall","11","Monday","Weekday","No Injuries","No Fatalities"
9.97067405339557e-314,2018-10-15 11:54:00,2,2,0,NA,"N","Front to Rear","RAIN","DARK - LIGHTED","MM 218 9 I 40","NASHVILLE","HERMIT",36.15536,-86.63011,"MOTOR VEHICLE IN TRANSPORT","37214","2018","October","Fall","11","Monday","Weekday","Injuries","No Fatalities"
9.97067405487777e-314,2018-10-15 11:55:00,2,2,0,NA,"N","Front to Rear","RAIN","DAYLIGHT","CLARKSVILLE PKE & CEDAR CIR","NASHVILLE","NORTH",36.21277,-86.8385,"MOTOR VEHICLE IN TRANSPORT","37218","2018","October","Fall","11","Monday","Weekday","Injuries","No Fatalities"
9.97067405537183e-314,2018-10-15 11:43:00,2,0,0,NA,"Y","ANGLE","RAIN","DAYLIGHT","3100 DICKERSON PKE","NASHVILLE","EAST",36.2319,-86.75868,"MOTOR VEHICLE IN TRANSPORT","37207","2018","October","Fall","11","Monday","Weekday","No Injuries","No Fatalities"
9.97067406574721e-314,2018-10-15 12:00:00,4,2,0,NA,"N","Front to Rear","RAIN","DARK - LIGHTED","MM 53 4 I 24","NASHVILLE","SOUTH",36.11362,-86.72389,"MOTOR VEHICLE IN TRANSPORT","37210","2018","October","Fall","12","Monday","Weekday","Injuries","No Fatalities"
9.97067406821754e-314,2018-10-15 12:06:00,2,1,0,NA,"N","Front to Rear","RAIN","DAWN","MM 54 1 I 24","NASHVILLE","SOUTH",36.10472,-86.71653,"MOTOR VEHICLE IN TRANSPORT","37211","2018","October","Fall","12","Monday","Weekday","Injuries","No Fatalities"
9.9706740701938e-314,2018-10-15 12:10:00,2,0,0,NA,"N","Front to Rear","RAIN","DARK - LIGHTED","MM 90 8 I 65","MADISON","MADISO",36.24571,-86.74563,"MOTOR VEHICLE IN TRANSPORT","37115","2018","October","Fall","12","Monday","Weekday","No Injuries","No Fatalities"
9.97067407217007e-314,2018-10-15 11:54:00,2,0,0,NA,"N","Front to Rear","RAIN","DARK - LIGHTED","MM 218 9 I 40","NASHVILLE","HERMIT",36.15536,-86.63011,"MOTOR VEHICLE IN TRANSPORT","37214","2018","October","Fall","11","Monday","Weekday","No Injuries","No Fatalities"
9.97067407414633e-314,2018-10-15 05:00:00,2,0,0,NA,"Y","Front to Rear","RAIN","DAWN","BREVARD CT & JESSIE DR","NASHVILLE","SOUTH",36.09401,-86.71228,"PARKED MOTOR VEHICLE","37211","2018","October","Fall","05","Monday","Weekday","No Injuries","No Fatalities"
9.97067407908699e-314,2018-10-15 12:20:00,2,1,0,NA,"Y","SIDESWIPE - SAME DIRECTION","RAIN","DAYLIGHT","MM 211 3 I 40","NASHVILLE","HERMIT",36.1524,-86.75385,"MOTOR VEHICLE IN TRANSPORT","37210","2018","October","Fall","12","Monday","Weekday","Injuries","No Fatalities"
9.97067408946236e-314,2018-10-15 12:29:00,2,0,0,NA,"Y","Front to Rear","RAIN","DAYLIGHT","MM 55 3 I 24","NASHVILLE","SOUTH",36.09116,-86.70396,"MOTOR VEHICLE IN TRANSPORT","37211","2018","October","Fall","12","Monday","Weekday","No Injuries","No Fatalities"
9.97067409390895e-314,2018-10-15 12:35:00,3,1,0,NA,"N","Front to Rear","RAIN","DAYLIGHT","MM 86 2 I 65","NASHVILLE","CENTRA",36.1918,-86.78234,"MOTOR VEHICLE IN TRANSPORT;WALL;Ran Off Road-Right","37207","2018","October","Fall","12","Monday","Weekday","Injuries","No Fatalities"
9.97067409489709e-314,2018-10-15 11:45:00,1,0,0,NA,"Y","NOT COLLISION W/MOTOR VEHICLE-TRANSPORT","RAIN","DARK - LIGHTED","WHITES CREEK PKE & KNIGHT DR","WHITES CREEK","NORTH",36.22426,-86.80683,"UTILITY POLE","37189","2018","October","Fall","11","Monday","Weekday","No Injuries","No Fatalities"
9.97067410774279e-314,2018-10-15 12:25:00,1,0,0,NA,"N","NOT COLLISION W/MOTOR VEHICLE-TRANSPORT","RAIN","DAYLIGHT","HAYWOOD LN & HAYWOOD CT","NASHVILLE","SOUTH",36.06999,-86.70272,"GUARDRAIL FACE","37211","2018","October","Fall","12","Monday","Weekday","No Injuries","No Fatalities"
9.97067411564784e-314,2018-10-15 12:40:00,1,0,0,NA,"N","NOT COLLISION W/MOTOR VEHICLE-TRANSPORT","RAIN","DAYLIGHT","WHITES CREEK PKE & MORGAN RD","JOELTON","NORTH",36.341,-86.87168,"DITCH","37080","2018","October","Fall","12","Monday","Weekday","No Injuries","No Fatalities"
9.97067411614191e-314,2018-10-15 12:53:00,2,0,0,NA,"N","Front to Rear","RAIN","DAYLIGHT","SOUTHLAKE DR & BRILEY PKWYN","NASHVILLE","SOUTH",36.10934,-86.72812,"MOTOR VEHICLE IN TRANSPORT","37211","2018","October","Fall","12","Monday","Weekday","No Injuries","No Fatalities"
9.97067411762411e-314,2018-10-15 12:53:00,2,0,0,NA,"N","HEAD-ON","RAIN","DAYLIGHT","CALIFORNIA AV & 63RD AVN","NASHVILLE","WEST",36.16755,-86.86354,"MOTOR VEHICLE IN TRANSPORT","37209","2018","October","Fall","12","Monday","Weekday","No Injuries","No Fatalities"
9.9706741191063e-314,2018-10-15 12:56:00,2,0,0,NA,"Y","SIDESWIPE - SAME DIRECTION","RAIN","DAYLIGHT","MM 211 4 I 40","NASHVILLE","HERMIT",36.15171,-86.75247,"MOTOR VEHICLE IN TRANSPORT","37210","2018","October","Fall","12","Monday","Weekday","No Injuries","No Fatalities"
9.97067412750542e-314,2018-10-15 12:58:00,2,0,0,NA,"N","ANGLE","RAIN","DAYLIGHT","28TH AVN & FELICIA ST","NASHVILLE","NORTH",36.15489,-86.81853,"MOTOR VEHICLE IN TRANSPORT","37209","2018","October","Fall","12","Monday","Weekday","No Injuries","No Fatalities"
9.9706741349164e-314,2018-10-15 12:25:00,1,1,0,NA,"N","NOT COLLISION W/MOTOR VEHICLE-TRANSPORT","RAIN","DAYLIGHT","TUSCULUM RD & OLD TUSCULUM RD","ANTIOCH","SOUTH",36.05572,-86.69737,"UTILITY POLE;CURB;FENCE","37013","2018","October","Fall","12","Monday","Weekday","Injuries","No Fatalities"
9.97067415863155e-314,2018-10-15 12:46:00,3,1,0,NA,"N","Front to Rear","RAIN","DAYLIGHT","LAKEWOOD DR & GALLATIN PKES","MADISON","MADISO",36.24452,-86.72246,"MOTOR VEHICLE IN TRANSPORT","37115","2018","October","Fall","12","Monday","Weekday","Injuries","No Fatalities"
9.97067416159595e-314,2018-10-15 11:50:00,1,0,0,NA,"N","NOT COLLISION W/MOTOR VEHICLE-TRANSPORT","RAIN","DAWN","BRILEY PKWY S EXT RAMP & BRILEY PKWYS","NASHVILLE","HERMIT",36.19096,-86.8644,"DITCH","37214","2018","October","Fall","11","Monday","Weekday","No Injuries","No Fatalities"
9.9706742011212e-314,2018-10-15 05:00:00,2,0,0,NA,"Y","ANGLE","RAIN","DAYLIGHT","BRILEY PKWYE & BRILEY PKWYW","NASHVILLE","MADISO",36.23881,-86.77809,"MOTOR VEHICLE IN TRANSPORT","37207","2018","October","Fall","05","Monday","Weekday","No Injuries","No Fatalities"
9.97067434934089e-314,2018-10-15 02:00:00,3,0,0,NA,"Y","SIDESWIPE - OPPOSITE DIRECTION","RAIN","DARK - NOT LIGHTED","LEGEND DR & MT VIEW RD","ANTIOCH","SOUTH",36.06806,-86.59957,"PARKED MOTOR VEHICLE","37013","2018","October","Fall","02","Monday","Weekday","No Injuries","No Fatalities"
9.97067446297599e-314,2018-10-15 05:00:00,2,0,0,NA,"Y","SIDESWIPE - SAME DIRECTION","RAIN","DAYLIGHT","ELM HILL PKE & MASSMAN DR","NASHVILLE","HERMIT",36.14485,-86.71104,"MOTOR VEHICLE IN TRANSPORT;UNKNOWN MOST HARMFUL EVENT","37210","2018","October","Fall","05","Monday","Weekday","No Injuries","No Fatalities"
9.97066858754733e-314,2018-10-10 05:00:00,2,0,0,NA,"N","Front to Rear","RAIN","DAYLIGHT","MM 93 2 I 65","MADISON","MADISO",36.27781,-86.73452,"MOTOR VEHICLE IN TRANSPORT","37115","2018","October","Fall","05","Wednesday","Weekday","No Injuries","No Fatalities"
9.97066865177587e-314,2018-10-10 05:00:00,2,1,0,NA,"N","Front to Rear","RAIN","DAYLIGHT","MM 208 0 I 40","NASHVILLE","NORTH",36.17099,-86.79824,"MOTOR VEHICLE IN TRANSPORT","37208","2018","October","Fall","05","Wednesday","Weekday","Injuries","No Fatalities"
9.97066872687384e-314,2018-10-10 05:00:00,2,0,0,NA,"Y","Rear to Side","RAIN","DAYLIGHT","CUDE LN & GALLATIN PKEN","MADISON","MADISO",36.29979,-86.6966,"MOTOR VEHICLE IN TRANSPORT","37115","2018","October","Fall","05","Wednesday","Weekday","No Injuries","No Fatalities"
9.97066874268394e-314,2018-10-11 00:05:00,2,1,0,NA,"N","ANGLE","RAIN","DARK - LIGHTED","32ND AVS & ORLEANS DR","NASHVILLE","MIDTOW",36.1404,-86.81496,"MOTOR VEHICLE IN TRANSPORT","37212","2018","October","Fall","00","Thursday","Weekday","Injuries","No Fatalities"
9.97066876096437e-314,2018-10-11 00:10:00,2,0,0,NA,"N","ANGLE","RAIN","DARK - LIGHTED","4TH AVS & I40 E EXT RAMP","NASHVILLE","SOUTH",36.15048,-86.77035,"MOTOR VEHICLE IN TRANSPORT","37210","2018","October","Fall","00","Thursday","Weekday","No Injuries","No Fatalities"
9.97066878171513e-314,2018-10-11 00:27:00,2,0,0,NA,"N","Front to Rear","RAIN","DARK - NOT LIGHTED","MM 211 8 I 40","NASHVILLE","HERMIT",36.14942,-86.74751,"MOTOR VEHICLE IN TRANSPORT","37210","2018","October","Fall","00","Thursday","Weekday","No Injuries","No Fatalities"
9.97066880987687e-314,2018-10-11 00:59:00,2,2,0,NA,"N","ANGLE","RAIN","DARK - LIGHTED","ANDERSON & COUNTRY WAY","NASHVILLE","HERMIT",36.07818,-86.60704,"MOTOR VEHICLE IN TRANSPORT","37217","2018","October","Fall","00","Thursday","Weekday","Injuries","No Fatalities"
9.97066881531159e-314,2018-10-11 01:08:00,4,3,0,NA,"N","Front to Rear","RAIN","DARK - LIGHTED","WOODMONT BLVD & HILLSBORO PKE","NASHVILLE","WEST",36.11395,-86.81088,"MOTOR VEHICLE IN TRANSPORT","37215","2018","October","Fall","01","Thursday","Weekday","Injuries","No Fatalities"
9.97066890424341e-314,2018-10-11 02:20:00,2,1,0,NA,"N","NOT COLLISION W/MOTOR VEHICLE-TRANSPORT","RAIN","DARK - LIGHTED","I40 E EXT RAMP & I 40","NASHVILLE","HERMIT",36.16959,-86.60653,"CONCRETE TRAFFIC BARRIER","37214","2018","October","Fall","02","Thursday","Weekday","Injuries","No Fatalities"
9.97067632263908e-314,2018-10-17 00:14:00,2,1,0,NA,"N","ANGLE","RAIN","Dark-Unknown Lighting","OLD HICKORY BLVD & ZERMATT AV","NASHVILLE","MIDTOW",36.04561,-86.71977,"MOTOR VEHICLE IN TRANSPORT","37211","2018","October","Fall","00","Wednesday","Weekday","Injuries","No Fatalities"
9.97067632362721e-314,2018-10-17 00:29:00,2,0,0,NA,"Y","Front to Rear","RAIN","DARK - LIGHTED","LINBAR DR & HARDING PL","NASHVILLE","SOUTH",36.08416,-86.70589,"MOTOR VEHICLE IN TRANSPORT","37211","2018","October","Fall","00","Wednesday","Weekday","No Injuries","No Fatalities"
9.97067646394186e-314,2018-10-17 02:20:00,2,0,0,NA,"N","Front to Rear","RAIN","DARK - LIGHTED","LAFAYETTE ST & CLAIBORNE ST","NASHVILLE","SOUTH",36.14855,-86.76162,"MOTOR VEHICLE IN TRANSPORT","37210","2018","October","Fall","02","Wednesday","Weekday","No Injuries","No Fatalities"
9.97067648716294e-314,2018-10-17 03:06:00,1,1,0,NA,"N","NOT COLLISION W/MOTOR VEHICLE-TRANSPORT","RAIN","DARK - NOT LIGHTED","OLD LEBANON DIRT RD & FIREFLY RD","HERMITAGE","HERMIT",36.19439,-86.57718,"DITCH","37076","2018","October","Fall","03","Wednesday","Weekday","Injuries","No Fatalities"
9.97068920589486e-314,2018-10-26 00:24:00,2,0,0,NA,"N","Front to Rear","RAIN","DARK - LIGHTED","MM 49 2 I 24","NASHVILLE","CENTRA",36.16371,-86.76255,"MOTOR VEHICLE IN TRANSPORT","37213","2018","October","Fall","00","Friday","Weekday","No Injuries","No Fatalities"
9.97068922862188e-314,2018-10-26 00:31:00,2,0,0,NA,"N","ANGLE","RAIN","DARK - LIGHTED","HILLSBORO PKE & OVERHILL DR","NASHVILLE","WEST",36.10113,-86.81853,"MOTOR VEHICLE IN TRANSPORT","37215","2018","October","Fall","00","Friday","Weekday","No Injuries","No Fatalities"
9.97068923306847e-314,2018-10-26 00:12:00,2,0,0,NA,"N","Front to Rear","RAIN","DARK - NOT LIGHTED","I24 W EXT RAMP & I 24","NASHVILLE","SOUTH",36.04434,-86.65698,"MOTOR VEHICLE IN TRANSPORT","37211","2018","October","Fall","00","Friday","Weekday","No Injuries","No Fatalities"
9.97068925480736e-314,2018-10-26 01:15:00,1,0,0,NA,"N","NOT COLLISION W/MOTOR VEHICLE-TRANSPORT","RAIN","DARK - NOT LIGHTED","HUBBS ALY & CHURCH ST","NASHVILLE","MIDTOW",36.15497,-86.79837,"UTILITY POLE","37203","2018","October","Fall","01","Friday","Weekday","No Injuries","No Fatalities"
9.97068926419461e-314,2018-10-26 01:00:00,2,1,0,NA,"N","ANGLE","RAIN","DUSK","HICKORY HOLLOW PKWY & BELL RD","ANTIOCH","SOUTH",36.04755,-86.65593,"MOTOR VEHICLE IN TRANSPORT","37013","2018","October","Fall","01","Friday","Weekday","Injuries","No Fatalities"
9.97068940944991e-314,2018-10-26 03:25:00,1,0,0,NA,"Y","NOT COLLISION W/MOTOR VEHICLE-TRANSPORT","RAIN","DARK - NOT LIGHTED","MM 61 4 I 24","ANTIOCH","SOUTH",36.026,-86.63368,"CONCRETE TRAFFIC BARRIER","37013","2018","October","Fall","03","Friday","Weekday","No Injuries","No Fatalities"
9.97068941933122e-314,2018-10-26 03:25:00,2,0,0,NA,"N","ANGLE","RAIN","DARK - LIGHTED","GRANNY WHITE PKE & GRANDVIEW DR","NASHVILLE","MIDTOW",36.10833,-86.79362,"MOTOR VEHICLE IN TRANSPORT","37204","2018","October","Fall","03","Friday","Weekday","No Injuries","No Fatalities"
9.97068946033867e-314,2018-10-25 05:00:00,1,0,0,NA,"Y","NOT COLLISION W/MOTOR VEHICLE-TRANSPORT","RAIN","DARK - NOT LIGHTED","SHUTE LN & MONTCHANIN TER","OLD HICKORY","HERMIT",36.23165,-86.61841,"EMBANKMENT EARTH","37138","2018","October","Fall","05","Thursday","Weekday","No Injuries","No Fatalities"
9.97068946725559e-314,2018-10-26 04:10:00,2,0,0,NA,"Y","Front to Rear","RAIN","DARK - LIGHTED","STEWARTS FERRY PKE & I40 W EXT RAMP","NASHVILLE","HERMIT",36.15645,-86.63131,"MOTOR VEHICLE IN TRANSPORT","37214","2018","October","Fall","04","Friday","Weekday","No Injuries","No Fatalities"
9.97068948800635e-314,2018-10-26 04:45:00,1,0,0,NA,"N","NOT COLLISION W/MOTOR VEHICLE-TRANSPORT","RAIN","DARK - LIGHTED","MM 53 6 I 24","NASHVILLE","SOUTH",36.11015,-86.72214,"CONCRETE TRAFFIC BARRIER","37211","2018","October","Fall","04","Friday","Weekday","No Injuries","No Fatalities"
9.97068951270963e-314,2018-10-26 05:05:00,2,0,0,NA,"N","Front to Rear","RAIN","DARK - LIGHTED","BRILEY PKWYE & I24 W EXT RAMP","NASHVILLE","MADISO",36.23816,-86.78245,"MOTOR VEHICLE IN TRANSPORT","37207","2018","October","Fall","05","Friday","Weekday","No Injuries","No Fatalities"
9.97068951419183e-314,2018-10-26 04:36:00,1,0,0,NA,"N","NOT COLLISION W/MOTOR VEHICLE-TRANSPORT","RAIN","DARK - NOT LIGHTED","S NEW HOPE RD & BAYPOINTE DR","HERMITAGE","HERMIT",36.16044,-86.58541,"TREE","37076","2018","October","Fall","04","Friday","Weekday","No Injuries","No Fatalities"
9.97068953197819e-314,2018-10-26 05:15:00,1,0,0,NA,"N","NOT COLLISION W/MOTOR VEHICLE-TRANSPORT","RAIN","DARK - LIGHTED","GREENLAND AV & RIVERWOOD DR","NASHVILLE","EAST",36.22172,-86.72279,"DITCH","37216","2018","October","Fall","05","Friday","Weekday","No Injuries","No Fatalities"
9.97068954828236e-314,2018-10-26 05:32:00,2,1,0,NA,"Y","Front to Rear","RAIN","DARK - NOT LIGHTED","500 OLD HICKORY","BRENTWOOD","MIDTOW",36.03978,-86.75405,"MOTOR VEHICLE IN TRANSPORT;PEDESTRIAN","37027","2018","October","Fall","05","Friday","Weekday","Injuries","No Fatalities"
9.97068965351834e-314,2018-10-26 07:06:00,2,1,0,NA,"Y","ANGLE","RAIN","DARK - LIGHTED","JAMES ROBERTSON PKWY & GAY ST","NASHVILLE","CENTRA",36.16824,-86.78213,"MOTOR VEHICLE IN TRANSPORT","37219","2018","October","Fall","07","Friday","Weekday","Injuries","No Fatalities"