"Accident.Number","Date.and.Time","Number.of.Motor.Vehicles","Number.of.Injuries","Number.of.Fatalities","Property.Damage","Hit.and.Run","Collision.Type.Description","Weather.Description","Illumination.Description","Street.Address","City","Precinct","Latitude","Longitude","HarmfulDescriptions","Zip.Code","Year","Month","Season","Hour","Weekday","DayType","Accident","Fatality_category"
9.97068971577061e-314,2018-10-26 08:27:00,1,0,0,NA,"N","NOT COLLISION W/MOTOR VEHICLE-TRANSPORT","RAIN","DARK - NOT LIGHTED","MM 217 2 I 40","NASHVILLE","HERMIT",36.14487,-86.64657,"CONCRETE TRAFFIC BARRIER","37214","2018","October","Fall","08","Friday","Weekday","No Injuries","No Fatalities"
9.97068972120533e-314,2018-10-26 08:30:00,1,0,0,NA,"N","NOT COLLISION W/MOTOR VEHICLE-TRANSPORT","RAIN","DARK - LIGHTED","BUENA VISTA PKE & TUCKER RD","NASHVILLE","NORTH",36.20458,-86.82136,"DITCH","37218","2018","October","Fall","08","Friday","Weekday","No Injuries","No Fatalities"
9.97068975875432e-314,2018-10-26 09:34:00,1,0,0,NA,"Y","NOT COLLISION W/MOTOR VEHICLE-TRANSPORT","RAIN","DARK - LIGHTED","ARDEE AV & GOLF ST","NASHVILLE","EAST",36.21219,-86.71545,"UTILITY POLE;MAIL BOX","37216","2018","October","Fall","09","Friday","Weekday","No Injuries","No Fatalities"
9.97068976221278e-314,2018-10-26 09:37:00,2,0,0,NA,"N","ANGLE","RAIN","DARK - LIGHTED","I40 E EXT RAMP & I 40","NASHVILLE","HERMIT",36.15134,-86.76836,"MOTOR VEHICLE IN TRANSPORT","37214","2018","October","Fall","09","Friday","Weekday","No Injuries","No Fatalities"
9.97068981507781e-314,2018-10-26 04:30:00,2,0,0,NA,"N","ANGLE","RAIN","DARK - NOT LIGHTED","3300 DUMAS DR","NASHVILLE","SOUTH",36.09905,-86.72425,"MOTOR VEHICLE IN TRANSPORT;PARKED MOTOR VEHICLE","37211","2018","October","Fall","04","Friday","Weekday","No Injuries","No Fatalities"
9.97068982693538e-314,2018-10-26 10:45:00,2,0,0,NA,"N","SIDESWIPE - SAME DIRECTION","RAIN","DARK - LIGHTED","MURFREESBORO PKE & DONELSON PKE","NASHVILLE","SOUTH",36.10592,-86.67248,"MOTOR VEHICLE IN TRANSPORT","37217","2018","October","Fall","10","Friday","Weekday","No Injuries","No Fatalities"
9.97068985460306e-314,2018-10-26 11:12:00,2,0,0,NA,"Y","SIDESWIPE - SAME DIRECTION","RAIN","DARK - LIGHTED","MM 1 0 I 440","NASHVILLE","WEST",36.14391,-86.82262,"MOTOR VEHICLE IN TRANSPORT","37205","2018","October","Fall","11","Friday","Weekday","No Injuries","No Fatalities"
9.9706898812826e-314,2018-10-26 11:46:00,2,0,0,NA,"Y","SIDESWIPE - SAME DIRECTION","RAIN","DAYLIGHT","MM 207 9 I 40","NASHVILLE","NORTH",36.16959,-86.79746,"MOTOR VEHICLE IN TRANSPORT","37208","2018","October","Fall","11","Friday","Weekday","No Injuries","No Fatalities"
9.97068988819952e-314,2018-10-26 11:53:00,2,2,0,NA,"N","ANGLE","RAIN","DAYLIGHT","FRANKLIN PKE & OLD HICKORY BLVD","BRENTWOOD","MIDTOW",36.0374,-86.78657,"MOTOR VEHICLE IN TRANSPORT","37027","2018","October","Fall","11","Friday","Weekday","Injuries","No Fatalities"
9.97068989363424e-314,2018-10-26 12:00:00,2,1,0,NA,"N","ANGLE","RAIN","DAWN","TROUSDALE DR & FIELDCREST DR","NASHVILLE","MIDTOW",36.07105,-86.75872,"MOTOR VEHICLE IN TRANSPORT","37220","2018","October","Fall","12","Friday","Weekday","Injuries","No Fatalities"
9.97068989956303e-314,2018-10-26 12:00:00,2,0,0,NA,"N","Front to Rear","RAIN","DAYLIGHT","MCGAVOCK PKE & LUMAR LN","NASHVILLE","HERMIT",36.17969,-86.67812,"MOTOR VEHICLE IN TRANSPORT","37214","2018","October","Fall","12","Friday","Weekday","No Injuries","No Fatalities"
9.97068990796215e-314,2018-10-26 12:02:00,2,0,0,NA,"N","Front to Rear","RAIN","DAWN","MM 86 8 I 65","NASHVILLE","NORTH",36.19885,-86.77645,"MOTOR VEHICLE IN TRANSPORT","37207","2018","October","Fall","12","Friday","Weekday","No Injuries","No Fatalities"
9.97068991487907e-314,2018-10-26 12:14:00,2,0,0,NA,"Y","SIDESWIPE - SAME DIRECTION","RAIN","DAYLIGHT","MM 80 6 I 65","NASHVILLE","MIDTOW",36.12434,-86.77273,"MOTOR VEHICLE IN TRANSPORT","37204","2018","October","Fall","12","Friday","Weekday","No Injuries","No Fatalities"
9.97068991981972e-314,2018-10-26 12:25:00,1,0,0,NA,"N","NOT COLLISION W/MOTOR VEHICLE-TRANSPORT","RAIN","DAYLIGHT","MM 6 0 I 440","NASHVILLE","MIDTOW",36.12142,-86.75664,"GUARDRAIL FACE","37211","2018","October","Fall","12","Friday","Weekday","No Injuries","No Fatalities"
9.97068992179598e-314,2018-10-26 12:00:00,1,1,0,NA,"N","NOT COLLISION W/MOTOR VEHICLE-TRANSPORT","RAIN","DARK - LIGHTED","FERNBROOK LN & MCGAVOCK PKE","NASHVILLE","HERMIT",36.18588,-86.67617,"PEDESTRIAN","37214","2018","October","Fall","12","Friday","Weekday","Injuries","No Fatalities"
9.97068992377225e-314,2018-10-26 12:19:00,2,0,0,NA,"N","Front to Rear","RAIN","DAYLIGHT","CLOVERLAND DR & VALLEY VIEW RD","BRENTWOOD","MIDTOW",36.0347,-86.76873,"MOTOR VEHICLE IN TRANSPORT","37027","2018","October","Fall","12","Friday","Weekday","No Injuries","No Fatalities"
9.97068992574851e-314,2018-10-26 12:29:00,2,0,0,NA,"Y","Front to Rear","RAIN","DAYLIGHT","LEBANON PKE & MUNN RD","NASHVILLE","HERMIT",36.16889,-86.65602,"MOTOR VEHICLE IN TRANSPORT","37214","2018","October","Fall","12","Friday","Weekday","No Injuries","No Fatalities"
9.97068993464169e-314,2018-10-26 12:36:00,2,1,0,NA,"N","ANGLE","RAIN","DAYLIGHT","MURFREESBORO PKE & POLK AV","NASHVILLE","SOUTH",36.14232,-86.7429,"MOTOR VEHICLE IN TRANSPORT","37210","2018","October","Fall","12","Friday","Weekday","Injuries","No Fatalities"
9.97068994155861e-314,2018-10-26 12:43:00,2,0,0,NA,"N","Front to Rear","RAIN","DAYLIGHT","BROADWAY & 7TH AVN","NASHVILLE","CENTRA",36.15959,-86.7805,"MOTOR VEHICLE IN TRANSPORT","37203","2018","October","Fall","12","Friday","Weekday","No Injuries","No Fatalities"
9.970689944523e-314,2018-10-26 12:47:00,1,1,0,NA,"N","NOT COLLISION W/MOTOR VEHICLE-TRANSPORT","RAIN","DAYLIGHT","CANE RIDGE RD & BELL HOLLOW APTS PVTDR","ANTIOCH","SOUTH",36.04176,-86.66125,"TREE","37013","2018","October","Fall","12","Friday","Weekday","Injuries","No Fatalities"
9.97068994501707e-314,2018-10-26 12:33:00,2,0,0,NA,"Y","Front to Rear","RAIN","DAYLIGHT","CHARLOTTE PKE & WHITE BRIDGE PKE","NASHVILLE","WEST",36.15004,-86.85846,"MOTOR VEHICLE IN TRANSPORT","37209","2018","October","Fall","12","Friday","Weekday","No Injuries","No Fatalities"
9.97068994798146e-314,2018-10-26 12:52:00,2,0,0,NA,"Y","REAR-TO-REAR","RAIN","DAYLIGHT","1700 MCHENRY CENTER PVTDR","GOODLETTSVILLE","MADISO",36.29718,-86.70077,"PARKED MOTOR VEHICLE","37072","2018","October","Fall","12","Friday","Weekday","No Injuries","No Fatalities"
9.97068995983904e-314,2018-10-26 12:55:00,2,0,0,NA,"N","ANGLE","RAIN","DAYLIGHT","WEST END AV & 19TH AVN","NASHVILLE","MIDTOW",36.15222,-86.79761,"MOTOR VEHICLE IN TRANSPORT","37203","2018","October","Fall","12","Friday","Weekday","No Injuries","No Fatalities"
9.97069042574294e-314,2018-10-26 05:00:00,2,0,0,NA,"Y","Front to Rear","RAIN","DAYLIGHT","ACADEMY PL & LINDSLEY AV","NASHVILLE","CENTRA",36.15402,-86.76518,"MOTOR VEHICLE IN TRANSPORT","37210","2018","October","Fall","05","Friday","Weekday","No Injuries","No Fatalities"
9.97068094561133e-314,2018-10-20 00:29:00,2,0,0,NA,"N","SIDESWIPE - SAME DIRECTION","RAIN","DARK - LIGHTED","MM 88 6 I 65","NASHVILLE","EAST",36.22506,-86.77447,"MOTOR VEHICLE IN TRANSPORT","37207","2018","October","Fall","00","Saturday","Weekend","No Injuries","No Fatalities"
9.97068099007724e-314,2018-10-20 00:58:00,2,1,0,NA,"N","ANGLE","RAIN","DARK - NOT LIGHTED","WEST END AV EXT RAMP & I 440","NASHVILLE","MIDTOW",36.13963,-86.82164,"MOTOR VEHICLE IN TRANSPORT","37203","2018","October","Fall","00","Saturday","Weekend","Injuries","No Fatalities"
9.97068107011587e-314,2018-10-20 02:33:00,2,1,0,NA,"N","Front to Rear","RAIN","DARK - LIGHTED","CONFERENCE DR & VIETNAM VETERANS BLVD NB","MADISON","MADISO",36.30684,-86.69436,"MOTOR VEHICLE IN TRANSPORT","37115","2018","October","Fall","02","Saturday","Weekend","Injuries","No Fatalities"
9.97068109234883e-314,2018-10-20 03:02:00,2,0,0,NA,"N","ANGLE","RAIN","DARK - LIGHTED","28TH AVN & ED TEMPLE BLVD","NASHVILLE","NORTH",36.18613,-86.82313,"MOTOR VEHICLE IN TRANSPORT","37208","2018","October","Fall","03","Saturday","Weekend","No Injuries","No Fatalities"
9.97068113236815e-314,2018-10-20 03:56:00,2,0,0,NA,"N","ANGLE","RAIN","DARK - LIGHTED","8TH AVS & KOREAN VETERANS BLVD","NASHVILLE","CENTRA",36.15495,-86.77924,"PARKED MOTOR VEHICLE","37203","2018","October","Fall","03","Saturday","Weekend","No Injuries","No Fatalities"
9.97068114076726e-314,2018-10-20 04:00:00,2,2,0,NA,"N","HEAD-ON","RAIN","DARK - LIGHTED","MURFREESBORO PKE & HAMILTON CHURCH RD","ANTIOCH","SOUTH",36.06289,-86.6264,"MOTOR VEHICLE IN TRANSPORT","37013","2018","October","Fall","04","Saturday","Weekend","Injuries","No Fatalities"
9.97068115015451e-314,2018-10-20 03:50:00,2,0,0,NA,"Y","SIDESWIPE - SAME DIRECTION","RAIN","DARK - LIGHTED","SPRING ST & N 1ST ST","NASHVILLE","CENTRA",36.17691,-86.77458,"MOTOR VEHICLE IN TRANSPORT","37213","2018","October","Fall","03","Saturday","Weekend","No Injuries","No Fatalities"
9.97068115213077e-314,2018-10-20 04:15:00,1,1,0,NA,"N","NOT COLLISION W/MOTOR VEHICLE-TRANSPORT","RAIN","DARK - NOT LIGHTED","SHUTE LN & WILLOW BOUGH LN","OLD HICKORY","HERMIT",36.23114,-86.61308,"OTHER FIXED OBJECTS;FIRE HYDRANT","37138","2018","October","Fall","04","Saturday","Weekend","Injuries","No Fatalities"
9.97068116398835e-314,2018-10-20 04:26:00,1,1,0,NA,"N","NOT COLLISION W/MOTOR VEHICLE-TRANSPORT","RAIN","DARK - NOT LIGHTED","EDMONDSON PKE & BANBURY STA","BRENTWOOD","MIDTOW",36.02614,-86.74333,"EMBANKMENT EARTH","37027","2018","October","Fall","04","Saturday","Weekend","Injuries","No Fatalities"
9.97068116547054e-314,2018-10-20 04:15:00,1,0,0,NA,"N","NOT COLLISION W/MOTOR VEHICLE-TRANSPORT","RAIN","DARK - NOT LIGHTED","HILLSBORO PKE & TIMBERWOOD PL","NASHVILLE","MIDTOW",36.0617,-86.85051,"CULVERT","37215","2018","October","Fall","04","Saturday","Weekend","No Injuries","No Fatalities"
9.97068117238746e-314,2018-10-20 04:10:00,2,0,0,NA,"N","Front to Rear","RAIN","DARK - LIGHTED","JEFFERSON ST & OLDHAM ST PVTDR","NASHVILLE","CENTRA",36.17614,-86.77982,"MOTOR VEHICLE IN TRANSPORT","37213","2018","October","Fall","04","Saturday","Weekend","No Injuries","No Fatalities"
9.97068117633999e-314,2018-10-20 03:30:00,2,0,0,NA,"N","SIDESWIPE - SAME DIRECTION","RAIN","DARK - LIGHTED","GALLATIN PKEN & RIVERGATE MALL PVTDR","GOODLETTSVILLE","MADISO",36.30218,-86.69266,"MOTOR VEHICLE IN TRANSPORT","37072","2018","October","Fall","03","Saturday","Weekend","No Injuries","No Fatalities"
9.97068117930438e-314,2018-10-20 04:37:00,2,0,0,NA,"N","ANGLE","RAIN","DARK - LIGHTED","MURFREESBORO PKE & MARTWAY DR","ANTIOCH","SOUTH",36.07873,-86.64359,"MOTOR VEHICLE IN TRANSPORT","37013","2018","October","Fall","04","Saturday","Weekend","No Injuries","No Fatalities"
9.97068118720943e-314,2018-10-20 04:42:00,2,0,0,NA,"N","Front to Rear","RAIN","DARK - LIGHTED","I65 S EXT RAMP & I 65","MADISON","MADISO",36.08259,-86.7653,"MOTOR VEHICLE IN TRANSPORT","37115","2018","October","Fall","04","Saturday","Weekend","No Injuries","No Fatalities"
9.97068120647799e-314,2018-10-20 05:09:00,2,0,0,NA,"N","ANGLE","RAIN","DARK - LIGHTED","CLARKSVILLE PKE & ROSA L PARKS BLVD","NASHVILLE","NORTH",36.18798,-86.82154,"MOTOR VEHICLE IN TRANSPORT","37228","2018","October","Fall","05","Saturday","Weekend","No Injuries","No Fatalities"
9.97068121537117e-314,2018-10-20 04:17:00,2,0,0,NA,"Y","ANGLE","RAIN","DARK - LIGHTED","CHARLOTTE AV & 40TH AVN","NASHVILLE","WEST",36.15248,-86.83387,"MOTOR VEHICLE IN TRANSPORT","37209","2018","October","Fall","04","Saturday","Weekend","No Injuries","No Fatalities"
9.97068125588456e-314,2018-10-20 05:57:00,2,0,0,NA,"N","ANGLE","RAIN","DARK - LIGHTED","MM 47 7 I 24","NASHVILLE","EAST",36.17893,-86.77361,"MOTOR VEHICLE IN TRANSPORT","37207","2018","October","Fall","05","Saturday","Weekend","No Injuries","No Fatalities"
9.97068126576587e-314,2018-10-20 05:39:00,1,0,0,NA,"Y","NOT COLLISION W/MOTOR VEHICLE-TRANSPORT","RAIN","DARK - LIGHTED","2600 MCGAVOCK PKE","NASHVILLE","HERMIT",36.21727,-86.69844,"OTHER FIXED OBJECTS","37214","2018","October","Fall","05","Saturday","Weekend","No Injuries","No Fatalities"
9.97068129096322e-314,2018-10-20 06:33:00,2,0,0,NA,"Y","Front to Rear","RAIN","DARK - LIGHTED","NOLENSVILLE PKE & HARDING PL","NASHVILLE","SOUTH",36.0796,-86.72632,"MOTOR VEHICLE IN TRANSPORT","37211","2018","October","Fall","06","Saturday","Weekend","No Injuries","No Fatalities"
9.97068131072584e-314,2018-10-20 07:00:00,3,0,0,NA,"Y","OTHER","RAIN","DARK - LIGHTED","MURFREESBORO PKE & BELL RD","ANTIOCH","SOUTH",36.07187,-86.63618,"MOTOR VEHICLE IN TRANSPORT","37013","2018","October","Fall","07","Saturday","Weekend","No Injuries","No Fatalities"
9.97068132554781e-314,2018-10-20 07:15:00,4,1,0,NA,"Y","Front to Rear","RAIN","DARK - LIGHTED","HARDING PL & I24 E ENT RAMP","NASHVILLE","SOUTH",36.08597,-86.70017,"MOTOR VEHICLE IN TRANSPORT","37211","2018","October","Fall","07","Saturday","Weekend","Injuries","No Fatalities"
9.97068135272142e-314,2018-10-20 07:46:00,2,1,0,NA,"N","SIDESWIPE - SAME DIRECTION","RAIN","DARK - LIGHTED","MM 53 0 I 24","NASHVILLE","SOUTH",36.11884,-86.72614,"MOTOR VEHICLE IN TRANSPORT;CONCRETE TRAFFIC BARRIER","37210","2018","October","Fall","07","Saturday","Weekend","Injuries","No Fatalities"
9.97068136359087e-314,2018-10-20 07:50:00,2,0,0,NA,"N","ANGLE","RAIN","DARK - LIGHTED","MM 48 4 I 24","NASHVILLE","EAST",36.17137,-86.7679,"MOTOR VEHICLE IN TRANSPORT","37206","2018","October","Fall","07","Saturday","Weekend","No Injuries","No Fatalities"
9.97068138236536e-314,2018-10-20 05:00:00,1,0,0,NA,"N","NOT COLLISION W/MOTOR VEHICLE-TRANSPORT","RAIN","DARK - LIGHTED","RIVERGATE PKWY & GLEAVES ST","GOODLETTSVILLE","MADISO",36.29824,-86.69974,"LUMINAIRE/LIGHT SUPPORT","37072","2018","October","Fall","05","Saturday","Weekend","No Injuries","No Fatalities"
9.97068138730602e-314,2018-10-20 05:00:00,1,0,0,NA,"Y","NOT COLLISION W/MOTOR VEHICLE-TRANSPORT","RAIN","DARK - LIGHTED","W CAMPBELL RD & DICKERSON PKES","GOODLETTSVILLE","MADISO",36.29238,-86.73373,"DITCH;Ran Off Road-Right","37072","2018","October","Fall","05","Saturday","Weekend","No Injuries","No Fatalities"
9.97068142880753e-314,2018-10-20 09:45:00,1,0,0,NA,"N","NOT COLLISION W/MOTOR VEHICLE-TRANSPORT","RAIN","DARK - LIGHTED","TUCKER RD & W HAMILTON AV","NASHVILLE","NORTH",36.21268,-86.82497,"UTILITY POLE;PAVED SURFACE-IRREGULAR","37218","2018","October","Fall","09","Saturday","Weekend","No Injuries","No Fatalities"
9.97068148858948e-314,2018-10-20 10:10:00,2,0,0,NA,"N","Front to Rear","RAIN","DARK - LIGHTED","MM 220 1 I 40","HERMITAGE","HERMIT",36.16585,-86.61272,"MOTOR VEHICLE IN TRANSPORT","37076","2018","October","Fall","10","Saturday","Weekend","No Injuries","No Fatalities"
9.97068149550639e-314,2018-10-20 11:11:00,1,1,0,NA,"N","NOT COLLISION W/MOTOR VEHICLE-TRANSPORT","RAIN","DARK - NOT LIGHTED","MM 5 4 I 440","NASHVILLE","MIDTOW",36.11975,-86.7665,"WALL","37204","2018","October","Fall","11","Saturday","Weekend","Injuries","No Fatalities"
9.97068150489364e-314,2018-10-20 11:10:00,1,0,0,NA,"N","NOT COLLISION W/MOTOR VEHICLE-TRANSPORT","RAIN","DARK - NOT LIGHTED","BRILEY PKWYW & BRILEY PKWYE","NASHVILLE","NORTH",36.23223,-86.82653,"GUARDRAIL FACE","37218","2018","October","Fall","11","Saturday","Weekend","No Injuries","No Fatalities"
9.97068152910286e-314,2018-10-20 12:15:00,1,0,0,NA,"N","NOT COLLISION W/MOTOR VEHICLE-TRANSPORT","RAIN","DAYLIGHT","EDMONDSON PKE & WHISPERING HILLS DR","NASHVILLE","MIDTOW",36.07387,-86.73179,"MAIL BOX","37211","2018","October","Fall","12","Saturday","Weekend","No Injuries","No Fatalities"
9.97068158246195e-314,2018-10-20 12:57:00,1,0,0,NA,"N","NOT COLLISION W/MOTOR VEHICLE-TRANSPORT","RAIN","DAYLIGHT","PETTUS RD & OLD HICKORY BLVD","ANTIOCH","SOUTH",35.99786,-86.67279,"FIRE HYDRANT","37013","2018","October","Fall","12","Saturday","Weekend","No Injuries","No Fatalities"
9.97069066042413e-314,2018-10-26 10:41:00,2,0,0,NA,"N","Front to Rear","RAIN","DARK - NOT LIGHTED","I40 E ENT RAMP & I 40","NASHVILLE","WEST",36.11073,-86.92215,"MOTOR VEHICLE IN TRANSPORT","37205","2018","October","Fall","10","Friday","Weekday","No Injuries","No Fatalities"
9.97069066091819e-314,2018-10-27 00:10:00,2,0,0,NA,"N","Front to Rear","RAIN","DARK - LIGHTED","MM 212 1 I 40","NASHVILLE","HERMIT",36.14604,-86.74179,"MOTOR VEHICLE IN TRANSPORT","37210","2018","October","Fall","00","Saturday","Weekend","No Injuries","No Fatalities"
9.97069066684698e-314,2018-10-27 00:10:00,2,0,0,NA,"N","Front to Rear","RAIN","DARK - LIGHTED","MM 51 3 I 24","NASHVILLE","SOUTH",36.12829,-86.72831,"MOTOR VEHICLE IN TRANSPORT","37210","2018","October","Fall","00","Saturday","Weekend","No Injuries","No Fatalities"
9.97069068611554e-314,2018-10-27 00:35:00,3,1,0,NA,"N","Front to Rear","RAIN","DARK - NOT LIGHTED","MM 208 0 I 40","NASHVILLE","NORTH",36.17041,-86.79782,"MOTOR VEHICLE IN TRANSPORT","37208","2018","October","Fall","00","Saturday","Weekend","Injuries","No Fatalities"
9.97069073305178e-314,2018-10-27 01:18:00,3,1,0,NA,"N","Front to Rear","RAIN","DARK - LIGHTED","MM 51 0 I 24","NASHVILLE","SOUTH",36.1336,-86.72711,"MOTOR VEHICLE IN TRANSPORT","37210","2018","October","Fall","01","Saturday","Weekend","Injuries","No Fatalities"
9.97069074293309e-314,2018-10-27 01:30:00,2,2,0,NA,"N","ANGLE","RAIN","DARK - LIGHTED","WELCOME LN & ROSEBANK AV","NASHVILLE","EAST",36.19663,-86.70849,"MOTOR VEHICLE IN TRANSPORT","37216","2018","October","Fall","01","Saturday","Weekend","Injuries","No Fatalities"
9.97069074836781e-314,2018-10-26 05:00:00,3,0,0,NA,"N","Front to Rear","RAIN","DARK - LIGHTED","MM 51 0 I 24","NASHVILLE","SOUTH",36.1336,-86.72711,"MOTOR VEHICLE IN TRANSPORT","37210","2018","October","Fall","05","Friday","Weekday","No Injuries","No Fatalities"
9.97069075380253e-314,2018-10-27 01:36:00,2,1,0,NA,"N","ANGLE","RAIN","DARK - LIGHTED","MCGAVOCK PKE & MCGAVOCK PKE WB ENT RAMP","NASHVILLE","HERMIT",36.21692,-86.69363,"MOTOR VEHICLE IN TRANSPORT","37214","2018","October","Fall","01","Saturday","Weekend","Injuries","No Fatalities"
9.97069078641086e-314,2018-10-27 02:02:00,2,0,0,NA,"Y","Front to Rear","RAIN","DARK - LIGHTED","I65 N EXT RAMP & OLD HICKORY BLVDW","MADISON","MADISO",36.26417,-86.73552,"MOTOR VEHICLE IN TRANSPORT","37115","2018","October","Fall","02","Saturday","Weekend","No Injuries","No Fatalities"
9.9706908190192e-314,2018-10-27 02:49:00,2,0,0,NA,"Y","Front to Rear","RAIN","Dark-Unknown Lighting","MM 59 9 I 24","ANTIOCH","SOUTH",36.04069,-86.65129,"MOTOR VEHICLE IN TRANSPORT","37013","2018","October","Fall","02","Saturday","Weekend","No Injuries","No Fatalities"
9.97069086397917e-314,2018-10-26 05:00:00,2,0,0,NA,"N","OTHER","RAIN","DARK - LIGHTED","CONFERENCE DR & GALLATIN PKEN","GOODLETTSVILLE","MADISO",36.3028,-86.6919,"MOTOR VEHICLE IN TRANSPORT","37072","2018","October","Fall","05","Friday","Weekday","No Injuries","No Fatalities"
9.9706908822596e-314,2018-10-27 02:45:00,2,0,0,NA,"N","OTHER","RAIN","DARK - NOT LIGHTED","I40 E EXT RAMP & I 40","NASHVILLE","HERMIT",36.16955,-86.601,"MOTOR VEHICLE IN TRANSPORT","37214","2018","October","Fall","02","Saturday","Weekend","No Injuries","No Fatalities"
9.97069092623144e-314,2018-10-27 04:00:00,1,0,0,NA,"N","NOT COLLISION W/MOTOR VEHICLE-TRANSPORT","RAIN","DARK - NOT LIGHTED","OLD LEBANON DIRT RD & CHESNEY GLEN DR","HERMITAGE","HERMIT",36.18967,-86.58453,"DITCH","37076","2018","October","Fall","04","Saturday","Weekend","No Injuries","No Fatalities"
9.97069097415581e-314,2018-10-27 06:10:00,2,0,0,NA,"Y","SIDESWIPE - SAME DIRECTION","RAIN","DARK - NOT LIGHTED","WOODLAND ST & S 10TH ST","NASHVILLE","EAST",36.17721,-86.7508,"PARKED MOTOR VEHICLE","37206","2018","October","Fall","06","Saturday","Weekend","No Injuries","No Fatalities"
9.97070258222816e-314,2018-11-04 05:00:00,2,0,0,NA,"N","Front to Rear","RAIN","DAYLIGHT","ANTIOCH PKE & HAYSTACK LN","NASHVILLE","SOUTH",36.07157,-86.68395,"MOTOR VEHICLE IN TRANSPORT","37211","2018","November","Fall","05","Sunday","Weekend","No Injuries","No Fatalities"
9.970702724025e-314,2018-11-05 00:15:00,2,2,0,NA,"Y","Front to Rear","RAIN","DARK - NOT LIGHTED","HERMAN ST & 25TH AVN","NASHVILLE","NORTH",36.16226,-86.81541,"MOTOR VEHICLE IN TRANSPORT","37208","2018","November","Fall","00","Monday","Weekday","Injuries","No Fatalities"
9.9707027398351e-314,2018-11-05 00:01:00,3,0,0,NA,"N","Front to Rear","RAIN","DARK - LIGHTED","THOMPSON LN & BRANSFORD AV","NASHVILLE","MIDTOW",36.11233,-86.76702,"MOTOR VEHICLE IN TRANSPORT","37204","2018","November","Fall","00","Monday","Weekday","No Injuries","No Fatalities"
9.97070274576389e-314,2018-11-05 00:18:00,1,1,0,NA,"N","NOT COLLISION W/MOTOR VEHICLE-TRANSPORT","RAIN","DARK - LIGHTED","I24 E ENT RAMP & I 440","NASHVILLE","SOUTH",36.12541,-86.72972,"","37210","2018","November","Fall","00","Monday","Weekday","Injuries","No Fatalities"
9.97070275119861e-314,2018-11-04 05:00:00,2,1,0,NA,"N","Front to Rear","RAIN","DUSK","MM 215 6 I 40","NASHVILLE","HERMIT",36.14304,-86.68457,"MOTOR VEHICLE IN TRANSPORT","37214","2018","November","Fall","05","Sunday","Weekend","Injuries","No Fatalities"
9.97070275169268e-314,2018-11-05 00:15:00,2,1,0,NA,"N","Front to Rear","RAIN","DARK - LIGHTED","ANDERSON RD & OWENDALE DR","NASHVILLE","HERMIT",36.07387,-86.62351,"MOTOR VEHICLE IN TRANSPORT","37217","2018","November","Fall","00","Monday","Weekday","Injuries","No Fatalities"
9.97070275366894e-314,2018-11-05 00:25:00,2,0,0,NA,"Y","HEAD-ON","RAIN","DARK - LIGHTED","CHARLOTTE AV & MORROW RD","NASHVILLE","WEST",36.1517,-86.85171,"MOTOR VEHICLE IN TRANSPORT","37209","2018","November","Fall","00","Monday","Weekday","No Injuries","No Fatalities"
9.97070275465707e-314,2018-11-05 00:20:00,2,0,0,NA,"N","Front to Rear","RAIN","DARK - LIGHTED","CRAIGHEAD AV & WEST END AV","NASHVILLE","WEST",36.13373,-86.82772,"MOTOR VEHICLE IN TRANSPORT","37205","2018","November","Fall","00","Monday","Weekday","No Injuries","No Fatalities"
9.9707027556452e-314,2018-11-05 00:08:00,2,0,0,NA,"N","Front to Rear","RAIN","DARK - LIGHTED","CLARKSVILLE PKE & S HAMILTON RD","NASHVILLE","NORTH",36.19366,-86.83122,"MOTOR VEHICLE IN TRANSPORT","37218","2018","November","Fall","00","Monday","Weekday","No Injuries","No Fatalities"
9.97070276453838e-314,2018-11-05 00:10:00,2,0,0,NA,"N","ANGLE","RAIN","DARK - LIGHTED","I65 S ENT RAMP & I65 S EXT RAMP","NASHVILLE","MIDTOW",36.13424,-86.77637,"MOTOR VEHICLE IN TRANSPORT","37204","2018","November","Fall","00","Monday","Weekday","No Injuries","No Fatalities"
9.97070277689002e-314,2018-11-05 00:49:00,2,0,0,NA,"N","Front to Rear","RAIN","DARK - LIGHTED","ANDREW JACKSON PKWY & CHANDLER RD","HERMITAGE","HERMIT",36.18867,-86.60734,"MOTOR VEHICLE IN TRANSPORT","37076","2018","November","Fall","00","Monday","Weekday","No Injuries","No Fatalities"
9.97070282530846e-314,2018-11-05 01:15:00,1,0,0,NA,"N","NOT COLLISION W/MOTOR VEHICLE-TRANSPORT","RAIN","DARK - LIGHTED","CLARKSVILLE PKE & BOBEL LN","WHITES CREEK","NORTH",36.26826,-86.85936,"DEER (ANIMAL)","37189","2018","November","Fall","01","Monday","Weekday","No Injuries","No Fatalities"
9.97070283123724e-314,2018-11-04 05:00:00,2,0,0,NA,"N","ANGLE","RAIN","DARK - LIGHTED","BLUE HOLE RD & BELL RD","ANTIOCH","SOUTH",36.04636,-86.67405,"MOTOR VEHICLE IN TRANSPORT","37013","2018","November","Fall","05","Sunday","Weekend","No Injuries","No Fatalities"
9.97070283420164e-314,2018-11-05 02:38:00,1,0,0,NA,"N","NOT COLLISION W/MOTOR VEHICLE-TRANSPORT","RAIN","DARK - NOT LIGHTED","STATE RT 45 & OLD HICKORY BLVD","OLD HICKORY","HERMIT",36.26251,-86.67634,"FENCE","37138","2018","November","Fall","02","Monday","Weekday","No Injuries","No Fatalities"