"Accident.Number","Date.and.Time","Number.of.Motor.Vehicles","Number.of.Injuries","Number.of.Fatalities","Property.Damage","Hit.and.Run","Collision.Type.Description","Weather.Description","Illumination.Description","Street.Address","City","Precinct","Latitude","Longitude","HarmfulDescriptions","Zip.Code","Year","Month","Season","Hour","Weekday","DayType","Accident","Fatality_category"
9.97070284013043e-314,2018-11-05 02:20:00,2,1,0,NA,"N","HEAD-ON","RAIN","DARK - LIGHTED","BELL RD & MT VIEW RD","ANTIOCH","SOUTH",36.04998,-86.6495,"MOTOR VEHICLE IN TRANSPORT","37013","2018","November","Fall","02","Monday","Weekday","Injuries","No Fatalities"
9.97070284210669e-314,2018-11-05 00:59:00,2,0,0,NA,"N","SIDESWIPE - SAME DIRECTION","RAIN","DARK - LIGHTED","HILLSIDE AV & WADE AV","NASHVILLE","MIDTOW",36.13648,-86.78367,"MOTOR VEHICLE IN TRANSPORT;PARKED MOTOR VEHICLE","37203","2018","November","Fall","00","Monday","Weekday","No Injuries","No Fatalities"
9.97070285050581e-314,2018-11-05 02:39:00,2,0,0,NA,"Y","OTHER","RAIN","DARK - LIGHTED","MM 86 6 I 65","NASHVILLE","NORTH",36.19612,-86.77612,"MOTOR VEHICLE IN TRANSPORT","37207","2018","November","Fall","02","Monday","Weekday","No Injuries","No Fatalities"
9.97070299378484e-314,2018-11-05 00:18:00,2,0,0,NA,"N","ANGLE","RAIN","DARK - LIGHTED","SHARONDALE DR & WOODLAWN DR","NASHVILLE","WEST",36.12506,-86.81603,"MOTOR VEHICLE IN TRANSPORT","37215","2018","November","Fall","00","Monday","Weekday","No Injuries","No Fatalities"
9.97070413161802e-314,2018-11-05 06:00:00,2,0,0,NA,"N","Front to Rear","RAIN","DUSK","0 WHITE BRIDGE PKE","NASHVILLE","WEST",36.14438,-86.85788,"MOTOR VEHICLE IN TRANSPORT","37205","2018","November","Fall","06","Monday","Weekday","No Injuries","No Fatalities"
9.9707041419934e-314,2018-11-06 00:01:00,2,1,0,NA,"N","HEAD-ON","RAIN","DARK - LIGHTED","E PALESTINE AV & GALLATIN PKES","MADISON","MADISO",36.24939,-86.71941,"MOTOR VEHICLE IN TRANSPORT","37115","2018","November","Fall","00","Tuesday","Weekday","Injuries","No Fatalities"
9.97070416323823e-314,2018-11-05 06:00:00,2,0,0,NA,"N","ANGLE","RAIN","DARK - LIGHTED","RIVERGATE PKWY & GLEAVES ST","GOODLETTSVILLE","MADISO",36.29814,-86.69985,"MOTOR VEHICLE IN TRANSPORT","37072","2018","November","Fall","06","Monday","Weekday","No Injuries","No Fatalities"
9.97070418942371e-314,2018-11-06 00:50:00,2,0,0,NA,"N","Front to Rear","RAIN","DARK - LIGHTED","MM 210 7 I 40","NASHVILLE","HERMIT",36.15329,-86.7648,"MOTOR VEHICLE IN TRANSPORT","37210","2018","November","Fall","00","Tuesday","Weekday","No Injuries","No Fatalities"
9.97070433369087e-314,2018-11-06 03:10:00,2,0,0,NA,"Y","Front to Rear","RAIN","Dark-Unknown Lighting","MM 57 5 I 24","ANTIOCH","SOUTH",36.06373,-86.68347,"MOTOR VEHICLE IN TRANSPORT","37013","2018","November","Fall","03","Tuesday","Weekday","No Injuries","No Fatalities"
9.9707044008838e-314,2018-11-06 04:00:00,4,1,0,NA,"N","SIDESWIPE - SAME DIRECTION","RAIN","DARK - LIGHTED","CEPHAS ST & BUCHANAN ST","NASHVILLE","NORTH",36.18171,-86.80621,"MOTOR VEHICLE IN TRANSPORT;PARKED MOTOR VEHICLE;UTILITY POLE;Ran Off Road-Right","37208","2018","November","Fall","04","Tuesday","Weekday","Injuries","No Fatalities"
9.97070441372951e-314,2018-11-06 04:39:00,1,0,0,NA,"N","NOT COLLISION W/MOTOR VEHICLE-TRANSPORT","RAIN","DARK - LIGHTED","MM 91 0 I 65","MADISON","MADISO",36.248,-86.74279,"CONCRETE TRAFFIC BARRIER;Ran Off Road-Left","37115","2018","November","Fall","04","Tuesday","Weekday","No Injuries","No Fatalities"
9.97070442509302e-314,2018-11-06 04:54:00,1,0,0,NA,"N","NOT COLLISION W/MOTOR VEHICLE-TRANSPORT","RAIN","DARK - LIGHTED","MM 48 0 I 24","NASHVILLE","CENTRA",36.17509,-86.77152,"CONCRETE TRAFFIC BARRIER","37213","2018","November","Fall","04","Tuesday","Weekday","No Injuries","No Fatalities"
9.9707044339862e-314,2018-11-06 05:00:00,1,0,0,NA,"N","NOT COLLISION W/MOTOR VEHICLE-TRANSPORT","RAIN","DARK - LIGHTED","MM 59 0 I 24","ANTIOCH","SOUTH",36.0488,-86.66472,"GUARDRAIL FACE","37013","2018","November","Fall","05","Tuesday","Weekday","No Injuries","No Fatalities"
9.97070443695059e-314,2018-11-06 05:00:00,2,0,0,NA,"N","SIDESWIPE - SAME DIRECTION","RAIN","DARK - LIGHTED","MM 54 1 I 24","NASHVILLE","SOUTH",36.10491,-86.71684,"MOTOR VEHICLE IN TRANSPORT","37211","2018","November","Fall","05","Tuesday","Weekday","No Injuries","No Fatalities"
9.97070445374883e-314,2018-11-06 05:26:00,1,0,0,NA,"N","NOT COLLISION W/MOTOR VEHICLE-TRANSPORT","RAIN","DARK - LIGHTED","DONELSON PKE & HANGAR LN","NASHVILLE","HERMIT",36.1167,-86.66818,"CURB","37214","2018","November","Fall","05","Tuesday","Weekday","No Injuries","No Fatalities"
9.97070446807673e-314,2018-11-06 05:15:00,2,0,0,NA,"N","SIDESWIPE - SAME DIRECTION","RAIN","DARK - NOT LIGHTED","TULIP GROVE RD & ROCKWOOD DR","HERMITAGE","HERMIT",36.17561,-86.59455,"MOTOR VEHICLE IN TRANSPORT;GUARDRAIL END","37076","2018","November","Fall","05","Tuesday","Weekday","No Injuries","No Fatalities"
9.97070448042837e-314,2018-11-06 05:50:00,1,0,0,NA,"N","NOT COLLISION W/MOTOR VEHICLE-TRANSPORT","RAIN","DARK - LIGHTED","MM 49 1 I 24","NASHVILLE","EAST",36.16453,-86.76319,"CONCRETE TRAFFIC BARRIER","37206","2018","November","Fall","05","Tuesday","Weekday","No Injuries","No Fatalities"
9.97070448586309e-314,2018-11-06 05:40:00,1,0,0,NA,"N","NOT COLLISION W/MOTOR VEHICLE-TRANSPORT","RAIN","DARK - NOT LIGHTED","MM 220 1 I 40","HERMITAGE","HERMIT",36.1655,-86.61329,"CONCRETE TRAFFIC BARRIER","37076","2018","November","Fall","05","Tuesday","Weekday","No Injuries","No Fatalities"
9.97070449574441e-314,2018-11-06 06:00:00,2,0,0,NA,"N","Front to Rear","RAIN","DARK - LIGHTED","WEST END AV EXT RAMP & I 440","NASHVILLE","MIDTOW",36.14179,-86.82247,"MOTOR VEHICLE IN TRANSPORT","37203","2018","November","Fall","06","Tuesday","Weekday","No Injuries","No Fatalities"
9.97070450364946e-314,2018-11-06 06:06:00,2,2,0,NA,"Y","Front to Rear","RAIN","DARK - NOT LIGHTED","MM 201 4 I 40","NASHVILLE","WEST",36.13486,-86.89453,"MOTOR VEHICLE IN TRANSPORT","37209","2018","November","Fall","06","Tuesday","Weekday","Injuries","No Fatalities"
9.97070451254264e-314,2018-11-06 05:48:00,1,0,1,NA,"N","NOT COLLISION W/MOTOR VEHICLE-TRANSPORT","RAIN","DARK - LIGHTED","DAVIDSON DR & HAPWOOD DR","NASHVILLE","WEST",36.12666,-86.90305,"BRIDGE PIER/ABUTMENT;H-WAY TRAFFIC SIGNAL POST;CULVERT","37209","2018","November","Fall","05","Tuesday","Weekday","No Injuries","With Fatalities"
9.97070452687054e-314,2018-11-06 06:29:00,1,1,0,NA,"N","NOT COLLISION W/MOTOR VEHICLE-TRANSPORT","RAIN","DARK - NOT LIGHTED","MM 57 7 I 24","ANTIOCH","SOUTH",36.06138,-86.68133,"CONCRETE TRAFFIC BARRIER","37013","2018","November","Fall","06","Tuesday","Weekday","Injuries","No Fatalities"
9.97070453872812e-314,2018-11-06 06:29:00,1,0,0,NA,"N","NOT COLLISION W/MOTOR VEHICLE-TRANSPORT","RAIN","DARK - NOT LIGHTED","MM 57 8 I 24","ANTIOCH","SOUTH",36.06044,-86.68035,"DITCH","37013","2018","November","Fall","06","Tuesday","Weekday","No Injuries","No Fatalities"
9.97070453922218e-314,2018-11-06 06:44:00,2,1,0,NA,"N","ANGLE","RAIN","DARK - LIGHTED","LAFAYETTE ST & FAIRFIELD AV","NASHVILLE","SOUTH",36.14724,-86.75774,"MOTOR VEHICLE IN TRANSPORT","37210","2018","November","Fall","06","Tuesday","Weekday","Injuries","No Fatalities"
9.97070459406347e-314,2018-11-06 06:00:00,2,0,0,NA,"Y","UNKNOWN","RAIN","DARK - LIGHTED","OLD HICKORY BLVDW & DICKERSON PKE","MADISON","MADISO",36.26886,-86.75386,"UNKNOWN MOST HARMFUL EVENT","37115","2018","November","Fall","06","Tuesday","Weekday","No Injuries","No Fatalities"
9.97070459801599e-314,2018-11-06 06:37:00,1,0,0,NA,"N","NOT COLLISION W/MOTOR VEHICLE-TRANSPORT","RAIN","DARK - NOT LIGHTED","MM 57 6 I 24","ANTIOCH","SOUTH",36.06207,-86.68205,"CONCRETE TRAFFIC BARRIER","37013","2018","November","Fall","06","Tuesday","Weekday","No Injuries","No Fatalities"
9.97070485344793e-314,2018-11-06 11:48:00,2,1,1,NA,"N","ANGLE","RAIN","DARK - LIGHTED","I40 E ENT RAMP & I 40","NASHVILLE","WEST",36.13189,-86.89553,"MOTOR VEHICLE IN TRANSPORT","37205","2018","November","Fall","11","Tuesday","Weekday","Injuries","With Fatalities"
9.9707130672893e-314,2018-11-12 07:45:00,2,0,0,NA,"N","Front to Rear","RAIN","DARK - LIGHTED","2ND AVS & I40 W EXT RAMP","NASHVILLE","CENTRA",36.15194,-86.76875,"MOTOR VEHICLE IN TRANSPORT","37210","2018","November","Fall","07","Monday","Weekday","No Injuries","No Fatalities"
9.97071313349409e-314,2018-11-12 08:35:00,1,0,0,NA,"N","NOT COLLISION W/MOTOR VEHICLE-TRANSPORT","RAIN","DARK - LIGHTED","KEELEY DR & CREEKSIDE DR","NASHVILLE","SOUTH",36.0665,-86.69692,"DITCH;Ran Off Road-Right","37211","2018","November","Fall","08","Monday","Weekday","No Injuries","No Fatalities"
9.97071316956088e-314,2018-11-12 06:00:00,2,0,0,NA,"N","HEAD-ON","RAIN","DARK - LIGHTED","5TH AVN & UNION ST","NASHVILLE","CENTRA",36.16451,-86.78106,"MOTOR VEHICLE IN TRANSPORT","37219","2018","November","Fall","06","Monday","Weekday","No Injuries","No Fatalities"
9.97071318092439e-314,2018-11-12 08:45:00,2,0,0,NA,"N","ANGLE","RAIN","DARK - LIGHTED","4TH AVS & LAFAYETTE ST","NASHVILLE","CENTRA",36.1518,-86.77125,"MOTOR VEHICLE IN TRANSPORT","37203","2018","November","Fall","08","Monday","Weekday","No Injuries","No Fatalities"
9.97071321205053e-314,2018-11-12 10:00:00,1,0,0,NA,"N","NOT COLLISION W/MOTOR VEHICLE-TRANSPORT","RAIN","DARK - LIGHTED","OLD HICKORY BLVD & I40 W EXT RAMP","HERMITAGE","HERMIT",36.17082,-86.60155,"GUARDRAIL FACE","37076","2018","November","Fall","10","Monday","Weekday","No Injuries","No Fatalities"
9.97071322143778e-314,2018-11-12 06:00:00,1,0,0,NA,"N","NOT COLLISION W/MOTOR VEHICLE-TRANSPORT","RAIN","DARK - LIGHTED","RICHARDS RD & APOLLO DR","ANTIOCH","SOUTH",36.06787,-86.66737,"UTILITY POLE;Ran Off Road-Left;Cross Center Line","37013","2018","November","Fall","06","Monday","Weekday","No Injuries","No Fatalities"
9.9707132412004e-314,2018-11-12 11:23:00,2,1,0,NA,"Y","SIDESWIPE - SAME DIRECTION","RAIN","DAWN","EDGE O LAKE DR & MURFREESBORO PKE","NASHVILLE","HERMIT",36.07949,-86.6446,"MOTOR VEHICLE IN TRANSPORT","37217","2018","November","Fall","11","Monday","Weekday","Injuries","No Fatalities"
9.9707132426826e-314,2018-11-12 11:22:00,2,0,0,NA,"Y","SIDESWIPE - SAME DIRECTION","RAIN","DARK - NOT LIGHTED","MM 220 2 I 40","HERMITAGE","HERMIT",36.16662,-86.61148,"MOTOR VEHICLE IN TRANSPORT","37076","2018","November","Fall","11","Monday","Weekday","No Injuries","No Fatalities"
9.97071325552831e-314,2018-11-12 11:40:00,2,0,0,NA,"N","Front to Rear","RAIN","DARK - NOT LIGHTED","MM 32 0 I 24","JOELTON","NORTH",36.33916,-86.91585,"MOTOR VEHICLE IN TRANSPORT","37080","2018","November","Fall","11","Monday","Weekday","No Injuries","No Fatalities"
9.97071325750457e-314,2018-11-12 11:48:00,2,1,0,NA,"N","ANGLE","RAIN","DARK - NOT LIGHTED","MURFREESBORO PKE & BRILEY PKWY N ENT RAM","NASHVILLE","SOUTH",36.11743,-86.69922,"MOTOR VEHICLE IN TRANSPORT","37217","2018","November","Fall","11","Monday","Weekday","Injuries","No Fatalities"
9.97071327924346e-314,2018-11-12 12:15:00,1,0,0,NA,"N","NOT COLLISION W/MOTOR VEHICLE-TRANSPORT","RAIN","DAYLIGHT","BELL RD & WOODLAND POINTE DR","NASHVILLE","HERMIT",36.12177,-86.6306,"DEER (ANIMAL)","37214","2018","November","Fall","12","Monday","Weekday","No Injuries","No Fatalities"
9.9707132901129e-314,2018-11-12 12:19:00,1,0,0,NA,"N","NOT COLLISION W/MOTOR VEHICLE-TRANSPORT","RAIN","DUSK","HOPEDALE DR & WALES DR","NASHVILLE","SOUTH",36.07293,-86.71605,"MAIL BOX","37211","2018","November","Fall","12","Monday","Weekday","No Injuries","No Fatalities"
9.97071395710152e-314,2018-11-13 00:06:00,2,0,0,NA,"N","HEAD-ON","RAIN","DARK - LIGHTED","LEBANON PKE & HICKORY HILL LN","HERMITAGE","HERMIT",36.18962,-86.62728,"MOTOR VEHICLE IN TRANSPORT","37076","2018","November","Fall","00","Tuesday","Weekday","No Injuries","No Fatalities"
9.97071396204218e-314,2018-11-13 00:08:00,2,0,0,NA,"N","ANGLE","RAIN","DARK - NOT LIGHTED","CALIFORNIA AV & 54TH AVN","NASHVILLE","WEST",36.16418,-86.85322,"MOTOR VEHICLE IN TRANSPORT","37209","2018","November","Fall","00","Tuesday","Weekday","No Injuries","No Fatalities"
9.97071396401844e-314,2018-11-13 00:20:00,2,0,0,NA,"N","ANGLE","RAIN","DARK - LIGHTED","ALTUS AV & RIVERGATE SQUARE PVTDR","MADISON","MADISO",36.29096,-86.70434,"MOTOR VEHICLE IN TRANSPORT","37115","2018","November","Fall","00","Tuesday","Weekday","No Injuries","No Fatalities"
9.97071397538195e-314,2018-11-13 00:23:00,2,1,0,NA,"N","Front to Rear","RAIN","DARK - LIGHTED","BELL RD & BEECHWOOD TER","ANTIOCH","SOUTH",36.04483,-86.66859,"MOTOR VEHICLE IN TRANSPORT","37013","2018","November","Fall","00","Tuesday","Weekday","Injuries","No Fatalities"
9.97071399761491e-314,2018-11-13 00:55:00,2,1,0,NA,"N","ANGLE","RAIN","DARK - NOT LIGHTED","EDGE O LAKE DR & BELL RD","NASHVILLE","HERMIT",36.07937,-86.63257,"MOTOR VEHICLE IN TRANSPORT","37217","2018","November","Fall","00","Tuesday","Weekday","Injuries","No Fatalities"
9.97071400749622e-314,2018-11-13 01:00:00,2,0,0,NA,"N","SIDESWIPE - SAME DIRECTION","RAIN","DARK - LIGHTED","INTERSTATE DR & JAMES ROBERTSON PKWY","NASHVILLE","CENTRA",36.17143,-86.76904,"MOTOR VEHICLE IN TRANSPORT","37213","2018","November","Fall","01","Tuesday","Weekday","No Injuries","No Fatalities"
9.97071401984786e-314,2018-11-13 00:49:00,3,0,0,NA,"N","Front to Rear","RAIN","DARK - LIGHTED","MM 6 4 I 440","NASHVILLE","SOUTH",36.12325,-86.74964,"MOTOR VEHICLE IN TRANSPORT","37210","2018","November","Fall","00","Tuesday","Weekday","No Injuries","No Fatalities"
9.97071402034193e-314,2018-11-13 00:55:00,2,0,0,NA,"N","Front to Rear","RAIN","DARK - LIGHTED","MM 6 4 I 440","NASHVILLE","SOUTH",36.12349,-86.74887,"MOTOR VEHICLE IN TRANSPORT","37210","2018","November","Fall","00","Tuesday","Weekday","No Injuries","No Fatalities"
9.97071402725885e-314,2018-11-13 00:05:00,2,0,0,NA,"N","ANGLE","RAIN","DARK - NOT LIGHTED","CROSS CREEK RD & SUGARTREE RD","NASHVILLE","WEST",36.10749,-86.82259,"MOTOR VEHICLE IN TRANSPORT","37215","2018","November","Fall","00","Tuesday","Weekday","No Injuries","No Fatalities"
9.97071405344432e-314,2018-11-13 01:45:00,3,0,0,NA,"Y","SIDESWIPE - SAME DIRECTION","RAIN","DARK - NOT LIGHTED","ROUND ROCK DR & LAVERGNE COUCHVILLE PKE","ANTIOCH","SOUTH",36.03523,-86.58779,"PARKED MOTOR VEHICLE","37013","2018","November","Fall","01","Tuesday","Weekday","No Injuries","No Fatalities"
9.9707140638197e-314,2018-11-13 01:49:00,2,0,0,NA,"N","Front to Rear","RAIN","Dark-Unknown Lighting","BELL RD & BLUE HOLE RD","ANTIOCH","SOUTH",36.04588,-86.67503,"MOTOR VEHICLE IN TRANSPORT","37013","2018","November","Fall","01","Tuesday","Weekday","No Injuries","No Fatalities"
9.97071407468915e-314,2018-11-13 02:16:00,2,0,0,NA,"N","ANGLE","RAIN","Dark-Unknown Lighting","19TH AVN & WEST END AV","NASHVILLE","MIDTOW",36.15267,-86.79773,"MOTOR VEHICLE IN TRANSPORT","37203","2018","November","Fall","02","Tuesday","Weekday","No Injuries","No Fatalities"
9.97071407518321e-314,2018-11-13 02:19:00,2,0,0,NA,"Y","SIDESWIPE - SAME DIRECTION","RAIN","DARK - LIGHTED","MM 81 7 I 65","NASHVILLE","MIDTOW",36.13824,-86.77575,"MOTOR VEHICLE IN TRANSPORT","37203","2018","November","Fall","02","Tuesday","Weekday","No Injuries","No Fatalities"
9.97071408457046e-314,2018-11-13 02:20:00,2,0,0,NA,"N","ANGLE","RAIN","DARK - LIGHTED","GENERAL GEORGE PATTON RD & SAWYER BROWN","NASHVILLE","WEST",36.06816,-86.94935,"MOTOR VEHICLE IN TRANSPORT","37221","2018","November","Fall","02","Tuesday","Weekday","No Injuries","No Fatalities"
9.97071410038056e-314,2018-11-13 02:01:00,2,1,0,NA,"Y","Front to Rear","RAIN","DARK - LIGHTED","MURFREESBORO PKE & FOSTER AV","NASHVILLE","SOUTH",36.14172,-86.7411,"MOTOR VEHICLE IN TRANSPORT;PARKED MOTOR VEHICLE","37210","2018","November","Fall","02","Tuesday","Weekday","Injuries","No Fatalities"
9.97071410630935e-314,2018-11-13 02:41:00,2,0,0,NA,"N","Front to Rear","RAIN","DARK - LIGHTED","DOVERSIDE DR & EAGLEWOOD LN","NASHVILLE","MADISO",36.24121,-86.76789,"MOTOR VEHICLE IN TRANSPORT","37207","2018","November","Fall","02","Tuesday","Weekday","No Injuries","No Fatalities"
9.97071411125001e-314,2018-11-12 06:00:00,2,3,0,NA,"N","SIDESWIPE - SAME DIRECTION","RAIN","DARK - LIGHTED","2ND AVS & I40 W EXT RAMP","NASHVILLE","CENTRA",36.15176,-86.76863,"MOTOR VEHICLE IN TRANSPORT","37210","2018","November","Fall","06","Monday","Weekday","Injuries","No Fatalities"
9.97071413644735e-314,2018-11-13 02:53:00,2,0,0,NA,"Y","Front to Rear","RAIN","DARK - LIGHTED","HAMILTON CHURCH RD & MURFREESBORO PKE","ANTIOCH","SOUTH",36.06479,-86.62848,"MOTOR VEHICLE IN TRANSPORT","37013","2018","November","Fall","02","Tuesday","Weekday","No Injuries","No Fatalities"
9.97071418091326e-314,2018-11-13 03:00:00,2,0,0,NA,"Y","Front to Rear","RAIN","DARK - LIGHTED","HAMILTON CHURCH RD & MURFREESBORO PKE","ANTIOCH","SOUTH",36.06479,-86.62848,"MOTOR VEHICLE IN TRANSPORT","37013","2018","November","Fall","03","Tuesday","Weekday","No Injuries","No Fatalities"
9.97071421895632e-314,2018-11-13 04:50:00,2,1,0,NA,"N","Front to Rear","RAIN","DARK - LIGHTED","MM 212 1 I 40","NASHVILLE","HERMIT",36.14646,-86.74246,"MOTOR VEHICLE IN TRANSPORT","37210","2018","November","Fall","04","Tuesday","Weekday","Injuries","No Fatalities"
9.97071422290884e-314,2018-11-13 04:50:00,1,1,0,NA,"N","NOT COLLISION W/MOTOR VEHICLE-TRANSPORT","RAIN","DARK - LIGHTED","CLARKSVILLE PKE & MANCHESTER AV","NASHVILLE","NORTH",36.19533,-86.83395,"UTILITY POLE","37218","2018","November","Fall","04","Tuesday","Weekday","Injuries","No Fatalities"
9.97071423279015e-314,2018-11-13 04:15:00,2,0,0,NA,"Y","SIDESWIPE - SAME DIRECTION","RAIN","DARK - LIGHTED","ARTHUR AV & JANE ST","NASHVILLE","NORTH",36.17779,-86.80164,"MOTOR VEHICLE IN TRANSPORT;PARKED MOTOR VEHICLE","37208","2018","November","Fall","04","Tuesday","Weekday","No Injuries","No Fatalities"
9.97071426144596e-314,2018-11-13 05:34:00,3,0,0,NA,"N","Front to Rear","RAIN","DARK - LIGHTED","MM 212 2 I 40","NASHVILLE","HERMIT",36.14507,-86.74051,"MOTOR VEHICLE IN TRANSPORT","37210","2018","November","Fall","05","Tuesday","Weekday","No Injuries","No Fatalities"
9.97071426441036e-314,2018-11-13 05:37:00,2,0,0,NA,"N","Front to Rear","RAIN","DARK - LIGHTED","MURFREESBORO PKE & PIN HOOK RD","ANTIOCH","SOUTH",36.04784,-86.61205,"MOTOR VEHICLE IN TRANSPORT","37013","2018","November","Fall","05","Tuesday","Weekday","No Injuries","No Fatalities"
9.97071428763144e-314,2018-11-13 05:35:00,2,0,0,NA,"N","SIDESWIPE - OPPOSITE DIRECTION","RAIN","DARK - NOT LIGHTED","STONE HALL BLVD & CENTRAL PKE","HERMITAGE","HERMIT",36.18847,-86.63451,"MOTOR VEHICLE IN TRANSPORT","37076","2018","November","Fall","05","Tuesday","Weekday","No Injuries","No Fatalities"
9.97071436421162e-314,2018-11-13 06:41:00,1,0,0,NA,"N","NOT COLLISION W/MOTOR VEHICLE-TRANSPORT","RAIN","Dark-Unknown Lighting","MASSMAN DR & METCOM CENTER PVTDR","NASHVILLE","HERMIT",36.14584,-86.7125,"DITCH;FENCE","37210","2018","November","Fall","06","Tuesday","Weekday","No Injuries","No Fatalities"
9.97071450255e-314,2018-11-13 06:00:00,1,0,0,NA,"Y","NOT COLLISION W/MOTOR VEHICLE-TRANSPORT","RAIN","DARK - LIGHTED","I65 N EXT RAMP & I65 N ENT RAMP","NASHVILLE","EAST",36.20602,-86.77429,"UTILITY POLE","37207","2018","November","Fall","06","Tuesday","Weekday","No Injuries","No Fatalities"
9.9707145168779e-314,2018-11-13 01:00:00,1,0,0,NA,"Y","NOT COLLISION W/MOTOR VEHICLE-TRANSPORT","RAIN","DARK - LIGHTED","ATRIUM WAY & ELM HILL PKE","NASHVILLE","HERMIT",36.15408,-86.6883,"SHRUBBERY","37214","2018","November","Fall","01","Tuesday","Weekday","No Injuries","No Fatalities"
9.97071462063169e-314,2018-11-13 11:20:00,1,0,0,NA,"Y","NOT COLLISION W/MOTOR VEHICLE-TRANSPORT","RAIN","DARK - NOT LIGHTED","5000 OLD HICKORY BLVD","HERMITAGE","HERMIT",36.18918,-86.61462,"UTILITY POLE","37076","2018","November","Fall","11","Tuesday","Weekday","No Injuries","No Fatalities"
9.97071463990025e-314,2018-11-13 11:32:00,4,1,0,NA,"N","ANGLE","RAIN","DARK - LIGHTED","ELM HILL PKE & DONELSON PKE","NASHVILLE","HERMIT",36.14881,-86.66628,"MOTOR VEHICLE IN TRANSPORT","37214","2018","November","Fall","11","Tuesday","Weekday","Injuries","No Fatalities"
9.9707146478053e-314,2018-11-13 11:30:00,2,0,0,NA,"N","ANGLE","RAIN","DARK - LIGHTED","4TH AVS & I 40","NASHVILLE","CENTRA",36.15092,-86.7706,"MOTOR VEHICLE IN TRANSPORT","37203","2018","November","Fall","11","Tuesday","Weekday","No Injuries","No Fatalities"
9.97071465027562e-314,2018-11-13 11:40:00,1,1,0,NA,"N","NOT COLLISION W/MOTOR VEHICLE-TRANSPORT","RAIN","DARK - LIGHTED","MM 88 5 I 65","NASHVILLE","NORTH",36.22402,-86.77454,"Ran Off Road-Left","37207","2018","November","Fall","11","Tuesday","Weekday","Injuries","No Fatalities"
9.97071466855605e-314,2018-11-13 11:45:00,2,0,0,NA,"N","Front to Rear","RAIN","DARK - LIGHTED","MM 88 8 I 65","NASHVILLE","MADISO",36.22786,-86.77319,"MOTOR VEHICLE IN TRANSPORT","37207","2018","November","Fall","11","Tuesday","Weekday","No Injuries","No Fatalities"
9.97071470561098e-314,2018-11-13 12:43:00,2,0,0,NA,"N","ANGLE","RAIN","DAYLIGHT","GALLATIN PKES & MAPLE ST","MADISON","MADISO",36.26124,-86.71253,"MOTOR VEHICLE IN TRANSPORT","37115","2018","November","Fall","12","Tuesday","Weekday","No Injuries","No Fatalities"
9.97071470709317e-314,2018-11-13 12:40:00,2,0,0,NA,"N","Front to Rear","RAIN","DAWN","MM 36 2 I 24","WHITES CREEK","NORTH",36.31862,-86.8459,"MOTOR VEHICLE IN TRANSPORT","37189","2018","November","Fall","12","Tuesday","Weekday","No Injuries","No Fatalities"
9.97071471302196e-314,2018-11-13 12:01:00,1,0,0,NA,"Y","NOT COLLISION W/MOTOR VEHICLE-TRANSPORT","RAIN","DAWN","J P HENNESSY DR & FIRESTONE PKWY","ANTIOCH","SOUTH",36.01142,-86.60916,"DITCH","37013","2018","November","Fall","12","Tuesday","Weekday","No Injuries","No Fatalities"
9.97071471351603e-314,2018-11-13 12:51:00,2,0,0,NA,"Y","Front to Rear","RAIN","DAYLIGHT","MURFREESBORO PKE & DONELSON PKE","NASHVILLE","SOUTH",36.10619,-86.67303,"MOTOR VEHICLE IN TRANSPORT","37217","2018","November","Fall","12","Tuesday","Weekday","No Injuries","No Fatalities"
9.97071471796262e-314,2018-11-13 11:45:00,2,0,0,NA,"Y","ANGLE","RAIN","DAYLIGHT","NOLENSVILLE PKE & ELYSIAN FIELDS CT","NASHVILLE","MIDTOW",36.08687,-86.73023,"MOTOR VEHICLE IN TRANSPORT","37211","2018","November","Fall","11","Tuesday","Weekday","No Injuries","No Fatalities"
9.97071472240921e-314,2018-11-13 12:00:00,1,0,0,NA,"Y","NOT COLLISION W/MOTOR VEHICLE-TRANSPORT","RAIN","DAYLIGHT","CLARKSVILLE PKE & MANCHESTER AV","NASHVILLE","NORTH",36.19534,-86.83396,"OTHER OBJECT (NOT FIXED)","37218","2018","November","Fall","12","Tuesday","Weekday","No Injuries","No Fatalities"
9.97069112781023e-314,2018-10-27 09:14:00,2,2,0,NA,"N","HEAD-ON","RAIN","DARK - NOT LIGHTED","SPRING ST & N 1ST ST","NASHVILLE","CENTRA",36.17691,-86.77458,"MOTOR VEHICLE IN TRANSPORT","37213","2018","October","Fall","09","Saturday","Weekend","Injuries","No Fatalities"
9.9706912705952e-314,2018-10-27 12:20:00,2,2,0,NA,"N","ANGLE","RAIN","DAYLIGHT","SHELBY AVE & I55","NASHVILLE","EAST",36.16771,-86.76234,"MOTOR VEHICLE IN TRANSPORT","37206","2018","October","Fall","12","Saturday","Weekend","Injuries","No Fatalities"
9.97069127800618e-314,2018-10-27 12:25:00,3,1,0,NA,"Y","SIDESWIPE - SAME DIRECTION","RAIN","DAYLIGHT","I40 E ENT RAMP & I 40","NASHVILLE","WEST",36.15443,-86.75917,"MOTOR VEHICLE IN TRANSPORT","37205","2018","October","Fall","12","Saturday","Weekend","Injuries","No Fatalities"
9.97069129233409e-314,2018-10-27 12:57:00,2,1,0,NA,"N","ANGLE","RAIN","DAYLIGHT","MM 5 3 I 440","NASHVILLE","MIDTOW",36.11931,-86.76702,"MOTOR VEHICLE IN TRANSPORT","37204","2018","October","Fall","12","Saturday","Weekend","Injuries","No Fatalities"