"Accident.Number","Date.and.Time","Number.of.Motor.Vehicles","Number.of.Injuries","Number.of.Fatalities","Property.Damage","Hit.and.Run","Collision.Type.Description","Weather.Description","Illumination.Description","Street.Address","City","Precinct","Latitude","Longitude","HarmfulDescriptions","Zip.Code","Year","Month","Season","Hour","Weekday","DayType","Accident","Fatality_category"
9.97069774779581e-314,2018-11-01 01:58:00,1,0,0,NA,"N","NOT COLLISION W/MOTOR VEHICLE-TRANSPORT","RAIN","DARK - NOT LIGHTED","UNION HILL RD & LICKTON PKE","GOODLETTSVILLE","MADISO",36.3362,-86.77864,"","37072","2018","November","Fall","01","Thursday","Weekday","No Injuries","No Fatalities"
9.97069825371904e-314,2018-11-01 11:40:00,2,0,0,NA,"N","SIDESWIPE - SAME DIRECTION","RAIN","DAWN","BELL RD & BLUE HOLE RD","ANTIOCH","SOUTH",36.04557,-86.67362,"MOTOR VEHICLE IN TRANSPORT","37013","2018","November","Fall","11","Thursday","Weekday","No Injuries","No Fatalities"
9.9706982556953e-314,2018-11-01 11:47:00,2,0,0,NA,"N","SIDESWIPE - SAME DIRECTION","RAIN","DARK - LIGHTED","BRILEY PKWY N ENT RAMP & BRILEY PKWYN","NASHVILLE","WEST",36.2004,-86.68864,"MOTOR VEHICLE IN TRANSPORT","37209","2018","November","Fall","11","Thursday","Weekday","No Injuries","No Fatalities"
9.97069825865969e-314,2018-11-01 11:45:00,2,0,0,NA,"N","ANGLE","RAIN","DARK - LIGHTED","TROUSDALE DR & BRAMBLEWOOD DR","NASHVILLE","MIDTOW",36.0734,-86.75914,"MOTOR VEHICLE IN TRANSPORT","37220","2018","November","Fall","11","Thursday","Weekday","No Injuries","No Fatalities"
9.97069826508255e-314,2018-11-01 12:01:00,2,0,0,NA,"N","Front to Rear","RAIN","DAWN","ELM HILL PKE & TIMBER VALLEY DR","NASHVILLE","HERMIT",36.14191,-86.64049,"MOTOR VEHICLE IN TRANSPORT","37214","2018","November","Fall","12","Thursday","Weekday","No Injuries","No Fatalities"
9.97069826656474e-314,2018-11-01 10:44:00,2,0,0,NA,"N","Rear to Side","RAIN","DARK - NOT LIGHTED","RIVER ROUGE DR & STARLINER CT","NASHVILLE","WEST",36.14787,-86.88234,"MOTOR VEHICLE IN TRANSPORT","37209","2018","November","Fall","10","Thursday","Weekday","No Injuries","No Fatalities"
9.97069826854101e-314,2018-11-01 12:00:00,2,0,0,NA,"N","SIDESWIPE - SAME DIRECTION","RAIN","DAYLIGHT","MM 56 4 I 24","NASHVILLE","SOUTH",36.07662,-86.69411,"MOTOR VEHICLE IN TRANSPORT","37211","2018","November","Fall","12","Thursday","Weekday","No Injuries","No Fatalities"
9.9706982715054e-314,2018-11-01 12:06:00,2,1,0,NA,"N","Front to Rear","RAIN","DARK - LIGHTED","MM 213 9 I 40","NASHVILLE","HERMIT",36.14161,-86.71489,"MOTOR VEHICLE IN TRANSPORT","37217","2018","November","Fall","12","Thursday","Weekday","Injuries","No Fatalities"
9.97069827397573e-314,2018-11-01 11:56:00,2,0,0,NA,"Y","SIDESWIPE - OPPOSITE DIRECTION","RAIN","DAWN","OLD HICKORY BLVD & CANE RIDGE RD","ANTIOCH","SOUTH",36.00116,-86.63306,"MOTOR VEHICLE IN TRANSPORT","37013","2018","November","Fall","11","Thursday","Weekday","No Injuries","No Fatalities"
9.9706982887977e-314,2018-11-01 12:24:00,2,1,0,NA,"N","ANGLE","RAIN","DAYLIGHT","RURAL HILL RD & SMITH SPRINGS RD","NASHVILLE","HERMIT",36.08951,-86.62217,"MOTOR VEHICLE IN TRANSPORT;MOTOR VEHICLE IN TRANSPORT-OTHER ROADWAY","37217","2018","November","Fall","12","Thursday","Weekday","Injuries","No Fatalities"
9.97069829670275e-314,2018-11-01 12:25:00,2,0,0,NA,"N","ANGLE","RAIN","DAYLIGHT","OLD HICKORY BLVD & GAUCHO ROAD PVTDR","NASHVILLE","WEST",36.05507,-86.90073,"MOTOR VEHICLE IN TRANSPORT","37221","2018","November","Fall","12","Thursday","Weekday","No Injuries","No Fatalities"
9.97069830856032e-314,2018-11-01 12:40:00,2,0,0,NA,"N","SIDESWIPE - SAME DIRECTION","RAIN","DAYLIGHT","14TH AVS & BROADWAY","NASHVILLE","MIDTOW",36.15565,-86.78972,"MOTOR VEHICLE IN TRANSPORT","37203","2018","November","Fall","12","Thursday","Weekday","No Injuries","No Fatalities"
9.97069830905439e-314,2018-11-01 12:43:00,2,0,0,NA,"N","Front to Rear","RAIN","DAYLIGHT","ELLINGTON PKWY & CHICKASAW AV","NASHVILLE","EAST",36.20011,-86.75163,"MOTOR VEHICLE IN TRANSPORT","37207","2018","November","Fall","12","Thursday","Weekday","No Injuries","No Fatalities"
9.97069831251285e-314,2018-11-01 12:30:00,2,0,0,NA,"N","Front to Rear","RAIN","DAYLIGHT","GALLATIN PKES & MAPLE ST","MADISON","MADISO",36.26082,-86.71269,"MOTOR VEHICLE IN TRANSPORT","37115","2018","November","Fall","12","Thursday","Weekday","No Injuries","No Fatalities"
9.97069833375767e-314,2018-11-01 12:55:00,3,0,0,NA,"N","Front to Rear","RAIN","DAYLIGHT","MM 200 5 I 40","NASHVILLE","WEST",36.12467,-86.90657,"MOTOR VEHICLE IN TRANSPORT","37209","2018","November","Fall","12","Thursday","Weekday","No Injuries","No Fatalities"
9.97069835747282e-314,2018-11-01 12:51:00,2,0,0,NA,"N","Front to Rear","RAIN","DAYLIGHT","LEBANON PKE & STONES RIVER RD","NASHVILLE","HERMIT",36.18653,-86.63243,"MOTOR VEHICLE IN TRANSPORT","37214","2018","November","Fall","12","Thursday","Weekday","No Injuries","No Fatalities"
9.97070938106551e-314,2018-11-09 08:13:00,2,0,0,NA,"N","ANGLE","RAIN","DARK - LIGHTED","HIGHWAY 70S & I40 W EXT RAMP","NASHVILLE","WEST",36.08164,-86.95701,"MOTOR VEHICLE IN TRANSPORT-OTHER ROADWAY","37221","2018","November","Fall","08","Friday","Weekday","No Injuries","No Fatalities"
9.97070948778369e-314,2018-11-09 10:30:00,1,1,0,NA,"N","NOT COLLISION W/MOTOR VEHICLE-TRANSPORT","RAIN","DARK - NOT LIGHTED","MM 196 0 I 40","NASHVILLE","WEST",36.07887,-86.96157,"DEER (ANIMAL)","37221","2018","November","Fall","10","Friday","Weekday","Injuries","No Fatalities"
9.9707095179217e-314,2018-11-09 10:58:00,1,0,0,NA,"N","NOT COLLISION W/MOTOR VEHICLE-TRANSPORT","RAIN","DARK - LIGHTED","MM 49 5 I 24","NASHVILLE","CENTRA",36.15952,-86.76005,"CONCRETE TRAFFIC BARRIER","37210","2018","November","Fall","10","Friday","Weekday","No Injuries","No Fatalities"
9.9707095307674e-314,2018-11-09 11:19:00,2,1,0,NA,"N","Front to Rear","RAIN","DARK - LIGHTED","I24 W ENT RAMP & I 24","NASHVILLE","EAST",36.15729,-86.75979,"MOTOR VEHICLE IN TRANSPORT","37206","2018","November","Fall","11","Friday","Weekday","Injuries","No Fatalities"
9.97070954015465e-314,2018-11-09 11:20:00,2,0,0,NA,"N","Front to Rear","RAIN","DARK - NOT LIGHTED","MURFREESBORO PKE & BROOKSBORO PL","ANTIOCH","SOUTH",36.08365,-86.64722,"MOTOR VEHICLE IN TRANSPORT;CURB;TREE;Ran Off Road-Right","37013","2018","November","Fall","11","Friday","Weekday","No Injuries","No Fatalities"
9.97070954163685e-314,2018-11-09 11:30:00,1,0,0,NA,"N","NOT COLLISION W/MOTOR VEHICLE-TRANSPORT","RAIN","DARK - LIGHTED","MM 205 4 I 40","NASHVILLE","WEST",36.15467,-86.83151,"CONCRETE TRAFFIC BARRIER","37209","2018","November","Fall","11","Friday","Weekday","No Injuries","No Fatalities"
9.97070955991728e-314,2018-11-09 11:55:00,2,0,0,NA,"N","Front to Rear","RAIN","DAWN","MM 86 9 I 65","NASHVILLE","NORTH",36.20027,-86.77668,"MOTOR VEHICLE IN TRANSPORT","37207","2018","November","Fall","11","Friday","Weekday","No Injuries","No Fatalities"
9.97070956831639e-314,2018-11-09 12:06:00,2,0,0,NA,"N","OTHER","RAIN","DAYLIGHT","MM 76 7 I 65","NASHVILLE","MIDTOW",36.06726,-86.77056,"MOTOR VEHICLE IN TRANSPORT","37220","2018","November","Fall","12","Friday","Weekday","No Injuries","No Fatalities"
9.97069933769906e-314,2018-11-01 05:00:00,1,0,0,NA,"N","NOT COLLISION W/MOTOR VEHICLE-TRANSPORT","RAIN","DARK - NOT LIGHTED","MM 222 1 I 40","HERMITAGE","HERMIT",36.16915,-86.57753,"OTHER ANIMAL","37076","2018","November","Fall","05","Thursday","Weekday","No Injuries","No Fatalities"
9.97070956881046e-314,2018-11-09 11:55:00,2,1,0,NA,"N","ANGLE","RAIN","DAWN","APACHE TRL & VILLAS OF BAVARIA PVTDR","NASHVILLE","SOUTH",36.06686,-86.68793,"MOTOR VEHICLE IN TRANSPORT","37211","2018","November","Fall","11","Friday","Weekday","Injuries","No Fatalities"
9.97070958215023e-314,2018-11-09 12:15:00,1,0,0,NA,"N","NOT COLLISION W/MOTOR VEHICLE-TRANSPORT","RAIN","DAYLIGHT","I24 E EXT RAMP & I 24","NASHVILLE","NORTH",36.04592,-86.66058,"GUARDRAIL END","37207","2018","November","Fall","12","Friday","Weekday","No Injuries","No Fatalities"
9.97070958511462e-314,2018-11-09 12:25:00,2,0,0,NA,"N","ANGLE","RAIN","DARK - LIGHTED","BLAKEMORE AV & 24TH AVS","NASHVILLE","MIDTOW",36.13803,-86.80505,"MOTOR VEHICLE IN TRANSPORT","37212","2018","November","Fall","12","Friday","Weekday","No Injuries","No Fatalities"
9.97070958956121e-314,2018-11-09 11:40:00,2,0,0,NA,"N","Front to Rear","RAIN","DAYLIGHT","BRILEY PKWY & GLASTONBURY RD","NASHVILLE","HERMIT",36.13721,-86.69968,"MOTOR VEHICLE IN TRANSPORT","37217","2018","November","Fall","11","Friday","Weekday","No Injuries","No Fatalities"
9.97070959054935e-314,2018-11-09 12:10:00,3,0,0,NA,"N","Front to Rear","RAIN","DAYLIGHT","PARK DR & MCGAVOCK PKE","NASHVILLE","HERMIT",36.17159,-86.67952,"MOTOR VEHICLE IN TRANSPORT","37214","2018","November","Fall","12","Friday","Weekday","No Injuries","No Fatalities"
9.9706994809781e-314,2018-11-02 05:50:00,1,0,0,NA,"N","NOT COLLISION W/MOTOR VEHICLE-TRANSPORT","RAIN","DARK - LIGHTED","HOBSON PKE & GRANNY WRIGHT LN","HERMITAGE","SOUTH",36.10958,-86.54571,"DEER (ANIMAL)","37076","2018","November","Fall","05","Friday","Weekday","No Injuries","No Fatalities"
9.97070959499594e-314,2018-11-09 12:45:00,1,0,0,NA,"N","NOT COLLISION W/MOTOR VEHICLE-TRANSPORT","RAIN","DAWN","PATRICIA DR & HAROLD DR","NASHVILLE","HERMIT",36.13097,-86.70648,"UTILITY POLE","37217","2018","November","Fall","12","Friday","Weekday","No Injuries","No Fatalities"
9.97070963995591e-314,2018-11-09 06:00:00,2,0,0,NA,"Y","OTHER","RAIN","UNKNOWN","SLEEPY HOLLOW DR & BROADVIEW DR","NASHVILLE","HERMIT",36.08099,-86.64369,"PARKED MOTOR VEHICLE","37217","2018","November","Fall","06","Friday","Weekday","No Injuries","No Fatalities"
9.97070075961999e-314,2018-11-03 00:51:00,2,0,0,NA,"N","Front to Rear","RAIN","DARK - LIGHTED","OLD HICKORY BLVD & ANDREW JACKSON PKWY","HERMITAGE","HERMIT",36.18365,-86.61066,"MOTOR VEHICLE IN TRANSPORT","37076","2018","November","Fall","00","Saturday","Weekend","No Injuries","No Fatalities"
9.97073722117059e-314,2018-11-30 00:17:00,2,0,0,NA,"N","Front to Rear","RAIN","DARK - LIGHTED","MM 214 8 I 40","NASHVILLE","HERMIT",36.14408,-86.69875,"MOTOR VEHICLE IN TRANSPORT","37210","2018","November","Fall","00","Friday","Weekday","No Injuries","No Fatalities"
9.97073724636794e-314,2018-11-30 00:25:00,2,0,0,NA,"N","SIDESWIPE - OPPOSITE DIRECTION","RAIN","DARK - NOT LIGHTED","HILLSBORO PKE & STOKES LN","NASHVILLE","WEST",36.11958,-86.80875,"MOTOR VEHICLE IN TRANSPORT","37215","2018","November","Fall","00","Friday","Weekday","No Injuries","No Fatalities"
9.97073727304748e-314,2018-11-30 01:11:00,2,1,0,NA,"N","Front to Rear","RAIN","DARK - LIGHTED","NOLENSVILLE PKE & HARDING PL","NASHVILLE","SOUTH",36.0796,-86.72632,"MOTOR VEHICLE IN TRANSPORT","37211","2018","November","Fall","01","Friday","Weekday","Injuries","No Fatalities"
9.97073732640657e-314,2018-11-30 02:00:00,1,0,0,NA,"N","NOT COLLISION W/MOTOR VEHICLE-TRANSPORT","RAIN","DARK - LIGHTED","ELLINGTON PKWY N ENT RAMP & ELLINGTON PK","NASHVILLE","EAST",36.17526,-86.76692,"LUMINAIRE/LIGHT SUPPORT","37206","2018","November","Fall","02","Friday","Weekday","No Injuries","No Fatalities"
9.97073734666326e-314,2018-11-30 01:35:00,2,0,0,NA,"N","Front to Rear","RAIN","Dark-Unknown Lighting","LEBANON PKE & JACKSON DOWNS BLVD","NASHVILLE","HERMIT",36.18538,-86.63629,"MOTOR VEHICLE IN TRANSPORT","37214","2018","November","Fall","01","Friday","Weekday","No Injuries","No Fatalities"
9.97073741632652e-314,2018-11-30 03:09:00,1,1,0,NA,"N","NOT COLLISION W/MOTOR VEHICLE-TRANSPORT","RAIN","DARK - LIGHTED","BUENA VISTA PKE & STOKERS LN","NASHVILLE","NORTH",36.21149,-86.81749,"","37218","2018","November","Fall","03","Friday","Weekday","Injuries","No Fatalities"
9.9707375042702e-314,2018-11-30 04:40:00,2,0,0,NA,"N","Front to Rear","RAIN","DARK - LIGHTED","OLD HICKORY BLVD & BRENTWOOD BLVD","BRENTWOOD","MIDTOW",36.03772,-86.79475,"MOTOR VEHICLE IN TRANSPORT","37027","2018","November","Fall","04","Friday","Weekday","No Injuries","No Fatalities"
9.97073755664116e-314,2018-11-30 04:11:00,2,0,0,NA,"Y","SIDESWIPE - SAME DIRECTION","RAIN","DARK - NOT LIGHTED","31ST AVN & POSTON AV","NASHVILLE","MIDTOW",36.1449,-86.81648,"PARKED MOTOR VEHICLE","37203","2018","November","Fall","04","Friday","Weekday","No Injuries","No Fatalities"
9.97073763223321e-314,2018-11-30 07:05:00,1,1,0,NA,"N","NOT COLLISION W/MOTOR VEHICLE-TRANSPORT","RAIN","DARK - LIGHTED","MM 54 0 I 24","NASHVILLE","SOUTH",36.10675,-86.71911,"CONCRETE TRAFFIC BARRIER","37211","2018","November","Fall","07","Friday","Weekday","Injuries","No Fatalities"
9.97073764013826e-314,2018-11-30 07:19:00,1,0,1,NA,"Y","NOT COLLISION W/MOTOR VEHICLE-TRANSPORT","RAIN","DARK - LIGHTED","W TRINITY LN & HAMPTON ST","NASHVILLE","NORTH",36.20668,-86.77879,"PEDESTRIAN","37207","2018","November","Fall","07","Friday","Weekday","No Injuries","With Fatalities"
9.97073771523624e-314,2018-11-30 08:40:00,1,0,0,NA,"Y","NOT COLLISION W/MOTOR VEHICLE-TRANSPORT","RAIN","DARK - LIGHTED","MM 208 6 I 40","NASHVILLE","CENTRA",36.16269,-86.79347,"CONCRETE TRAFFIC BARRIER","37203","2018","November","Fall","08","Friday","Weekday","No Injuries","No Fatalities"
9.97073773055227e-314,2018-11-30 09:00:00,2,1,0,NA,"N","HEAD-ON","RAIN","DARK - LIGHTED","PATRICIA DR & HAROLD DR","NASHVILLE","HERMIT",36.13048,-86.70661,"MOTOR VEHICLE IN TRANSPORT","37217","2018","November","Fall","09","Friday","Weekday","Injuries","No Fatalities"
9.97073780070959e-314,2018-11-30 10:15:00,1,0,0,NA,"N","NOT COLLISION W/MOTOR VEHICLE-TRANSPORT","RAIN","DARK - LIGHTED","MM 46 6 I 24","NASHVILLE","NORTH",36.19373,-86.77621,"GUARDRAIL FACE","37207","2018","November","Fall","10","Friday","Weekday","No Injuries","No Fatalities"
9.97073787284318e-314,2018-11-30 11:51:00,2,1,0,NA,"Y","ANGLE","RAIN","DARK - LIGHTED","ROSA L PARKS BLVD & ROSA L PARKS AV","NASHVILLE","CENTRA",36.16158,-86.78389,"MOTOR VEHICLE IN TRANSPORT","37203","2018","November","Fall","11","Friday","Weekday","Injuries","No Fatalities"
9.9707378767957e-314,2018-11-30 06:00:00,1,1,0,NA,"N","NOT COLLISION W/MOTOR VEHICLE-TRANSPORT","RAIN","DARK - LIGHTED","MM 198 6 I 40","NASHVILLE","WEST",36.10501,-86.931,"CONCRETE TRAFFIC BARRIER","37221","2018","November","Fall","06","Friday","Weekday","Injuries","No Fatalities"
9.97073790594557e-314,2018-11-30 12:32:00,2,1,0,NA,"N","Front to Rear","RAIN","DAYLIGHT","MM 53 8 I 24","NASHVILLE","SOUTH",36.10822,-86.72052,"MOTOR VEHICLE IN TRANSPORT","37211","2018","November","Fall","12","Friday","Weekday","Injuries","No Fatalities"
9.97073790643964e-314,2018-11-30 12:40:00,1,0,0,NA,"N","NOT COLLISION W/MOTOR VEHICLE-TRANSPORT","RAIN","DAYLIGHT","JACKSON RD & BRICK CHURCH PKE","GOODLETTSVILLE","MADISO",36.29209,-86.77848,"FENCE","37072","2018","November","Fall","12","Friday","Weekday","No Injuries","No Fatalities"
9.9707379113803e-314,2018-11-30 12:53:00,2,0,0,NA,"N","ANGLE","RAIN","DAYLIGHT","ASHEFORD TRC & BENT WOOD DR","ANTIOCH","SOUTH",36.04227,-86.62234,"MOTOR VEHICLE IN TRANSPORT","37013","2018","November","Fall","12","Friday","Weekday","No Injuries","No Fatalities"
9.97073791879128e-314,2018-11-30 12:28:00,2,0,0,NA,"N","Front to Rear","RAIN","DARK - LIGHTED","ATHENS WAY & ROSA L PARKS BLVD","NASHVILLE","NORTH",36.19297,-86.80183,"MOTOR VEHICLE IN TRANSPORT","37228","2018","November","Fall","12","Friday","Weekday","No Injuries","No Fatalities"
9.97072517782641e-314,2018-11-16 06:00:00,2,0,0,NA,"Y","ANGLE","RAIN","UNKNOWN","CHARLOTTE AV & 48TH AVN","NASHVILLE","WEST",36.15209,-86.84518,"MOTOR VEHICLE IN TRANSPORT","37209","2018","November","Fall","06","Friday","Weekday","No Injuries","No Fatalities"
9.9707170968887e-314,2018-11-15 00:04:00,2,0,0,NA,"Y","SIDESWIPE - SAME DIRECTION","RAIN","DARK - LIGHTED","JAMES ROBERTSON PKWY & ELLINGTON PKWY N","NASHVILLE","EAST",36.17181,-86.76801,"MOTOR VEHICLE IN TRANSPORT","37206","2018","November","Fall","00","Thursday","Weekday","No Injuries","No Fatalities"
9.97071710726408e-314,2018-11-15 00:19:00,2,1,0,NA,"N","Front to Rear","RAIN","DARK - LIGHTED","MM 52 2 I 24","NASHVILLE","SOUTH",36.13532,-86.7271,"MOTOR VEHICLE IN TRANSPORT","37217","2018","November","Fall","00","Thursday","Weekday","Injuries","No Fatalities"
9.97071710874628e-314,2018-11-15 00:14:00,2,0,0,NA,"N","Front to Rear","RAIN","DARK - LIGHTED","BRICK CHURCH PKE & EWING DR","NASHVILLE","MADISO",36.23225,-86.78147,"MOTOR VEHICLE IN TRANSPORT","37207","2018","November","Fall","00","Thursday","Weekday","No Injuries","No Fatalities"
9.97071714086055e-314,2018-11-15 00:54:00,2,0,0,NA,"N","SIDESWIPE - SAME DIRECTION","RAIN","DARK - LIGHTED","8TH AVS & DEMONBREUN ST","NASHVILLE","CENTRA",36.15687,-86.78084,"MOTOR VEHICLE IN TRANSPORT","37203","2018","November","Fall","00","Thursday","Weekday","No Injuries","No Fatalities"
9.97071714333087e-314,2018-11-15 00:33:00,2,1,0,NA,"N","SIDESWIPE - SAME DIRECTION","RAIN","DARK - NOT LIGHTED","FIRESTONE PKWY & OLD HICKORY BLVD","ANTIOCH","SOUTH",36.01671,-86.61867,"MOTOR VEHICLE IN TRANSPORT","37013","2018","November","Fall","00","Thursday","Weekday","Injuries","No Fatalities"
9.97071715074186e-314,2018-11-15 01:03:00,1,1,0,NA,"N","NOT COLLISION W/MOTOR VEHICLE-TRANSPORT","RAIN","DARK - NOT LIGHTED","2ND AVN & COMMERCE ST","NASHVILLE","CENTRA",36.16325,-86.77607,"PEDESTRIAN","37201","2018","November","Fall","01","Thursday","Weekday","Injuries","No Fatalities"
9.97071715568251e-314,2018-11-15 00:57:00,2,0,0,NA,"N","Front to Rear","RAIN","DARK - LIGHTED","BROADWAY & 12TH AVS","NASHVILLE","CENTRA",36.15658,-86.78748,"MOTOR VEHICLE IN TRANSPORT","37203","2018","November","Fall","00","Thursday","Weekday","No Injuries","No Fatalities"
9.97071715765878e-314,2018-11-15 01:07:00,2,1,0,NA,"N","HEAD-ON","RAIN","DAYLIGHT","BELL RD & SMITH SPRINGS RD","NASHVILLE","HERMIT",36.09068,-86.62603,"MOTOR VEHICLE IN TRANSPORT","37217","2018","November","Fall","01","Thursday","Weekday","Injuries","No Fatalities"
9.9707171645757e-314,2018-11-15 00:13:00,2,0,0,NA,"N","ANGLE","RAIN","DARK - LIGHTED","SWEETBRIAR AV & 21ST AVS","NASHVILLE","MIDTOW",36.12587,-86.80505,"MOTOR VEHICLE IN TRANSPORT","37212","2018","November","Fall","00","Thursday","Weekday","No Injuries","No Fatalities"
9.97071716902229e-314,2018-11-15 00:06:00,3,0,0,NA,"N","SIDESWIPE - OPPOSITE DIRECTION","RAIN","DARK - NOT LIGHTED","OLD HARDING PKE & POPLAR CREEK RD","NASHVILLE","WEST",36.05409,-86.9506,"MOTOR VEHICLE IN TRANSPORT","37221","2018","November","Fall","00","Thursday","Weekday","No Injuries","No Fatalities"
9.97071717248075e-314,2018-11-15 01:23:00,1,1,0,NA,"N","NOT COLLISION W/MOTOR VEHICLE-TRANSPORT","RAIN","DARK - LIGHTED","ALBION ST & 32ND AVN","NASHVILLE","NORTH",36.16348,-86.8248,"PEDESTRIAN","37209","2018","November","Fall","01","Thursday","Weekday","Injuries","No Fatalities"
9.97071718087986e-314,2018-11-15 01:28:00,2,1,0,NA,"N","SIDESWIPE - SAME DIRECTION","RAIN","DARK - LIGHTED","MM 93 8 I 65","MADISON","MADISO",36.28559,-86.72819,"MOTOR VEHICLE IN TRANSPORT","37115","2018","November","Fall","01","Thursday","Weekday","Injuries","No Fatalities"
9.97071718927898e-314,2018-11-15 01:35:00,2,0,0,NA,"Y","SIDESWIPE - SAME DIRECTION","RAIN","DARK - LIGHTED","MITCHELL RD & POTTER LN","NASHVILLE","EAST",36.18499,-86.71561,"PARKED MOTOR VEHICLE","37206","2018","November","Fall","01","Thursday","Weekday","No Injuries","No Fatalities"
9.97071719372557e-314,2018-11-15 01:35:00,2,0,0,NA,"N","ANGLE","RAIN","DARK - LIGHTED","MM 210 5 I 40","NASHVILLE","HERMIT",36.15214,-86.76696,"MOTOR VEHICLE IN TRANSPORT","37210","2018","November","Fall","01","Thursday","Weekday","No Injuries","No Fatalities"
9.97071719866623e-314,2018-11-15 01:14:00,1,0,0,NA,"N","NOT COLLISION W/MOTOR VEHICLE-TRANSPORT","RAIN","DARK - NOT LIGHTED","MCCRORY LN & HIGHWAY 70","NASHVILLE","WEST",36.09331,-87.02314,"DITCH","37221","2018","November","Fall","01","Thursday","Weekday","No Injuries","No Fatalities"
9.97071720014842e-314,2018-11-15 01:40:00,2,0,0,NA,"N","ANGLE","RAIN","DARK - LIGHTED","W TRINITY LN & LUCAS LN","NASHVILLE","EAST",36.20616,-86.77204,"MOTOR VEHICLE IN TRANSPORT","37207","2018","November","Fall","01","Thursday","Weekday","No Injuries","No Fatalities"
9.9707172134882e-314,2018-11-15 01:53:00,1,1,0,NA,"N","NOT COLLISION W/MOTOR VEHICLE-TRANSPORT","RAIN","DARK - LIGHTED","BROADWAY & 4TH AVN","NASHVILLE","CENTRA",36.16102,-86.7772,"PEDESTRIAN","37203","2018","November","Fall","01","Thursday","Weekday","Injuries","No Fatalities"
9.97071722336951e-314,2018-11-15 01:29:00,1,0,0,NA,"N","NOT COLLISION W/MOTOR VEHICLE-TRANSPORT","RAIN","DARK - LIGHTED","GLENROSE AV & WHITSETT RD","NASHVILLE","SOUTH",36.11941,-86.73005,"OTHER OBJECT (NOT FIXED)","37210","2018","November","Fall","01","Thursday","Weekday","No Injuries","No Fatalities"
9.97071722583984e-314,2018-11-15 01:41:00,2,0,0,NA,"N","Front to Rear","RAIN","DARK - LIGHTED","MM 210 4 I 40","NASHVILLE","SOUTH",36.15071,-86.77032,"MOTOR VEHICLE IN TRANSPORT","37210","2018","November","Fall","01","Thursday","Weekday","No Injuries","No Fatalities"
9.97071723967367e-314,2018-11-15 01:51:00,1,0,0,NA,"N","NOT COLLISION W/MOTOR VEHICLE-TRANSPORT","RAIN","DARK - NOT LIGHTED","2ND AVS & CARNEY ST","NASHVILLE","SOUTH",36.13954,-86.76091,"BRIDGE PIER/ABUTMENT","37210","2018","November","Fall","01","Thursday","Weekday","No Injuries","No Fatalities"
9.97071724560246e-314,2018-11-15 01:48:00,2,0,0,NA,"Y","SIDESWIPE - OPPOSITE DIRECTION","RAIN","Dark-Unknown Lighting","OLD HICKORY BLVD & BLEVINS RD","WHITES CREEK","MADISO",36.27671,-86.80496,"MOTOR VEHICLE IN TRANSPORT","37189","2018","November","Fall","01","Thursday","Weekday","No Injuries","No Fatalities"
9.97071724856686e-314,2018-11-15 02:18:00,2,0,0,NA,"N","Front to Rear","RAIN","DARK - LIGHTED","CHARLOTTE AV & 17TH AVN","NASHVILLE","NORTH",36.15879,-86.7982,"MOTOR VEHICLE IN TRANSPORT","37203","2018","November","Fall","02","Thursday","Weekday","No Injuries","No Fatalities"
9.97071724955499e-314,2018-11-15 02:18:00,1,1,0,NA,"N","NOT COLLISION W/MOTOR VEHICLE-TRANSPORT","RAIN","DARK - LIGHTED","PIN HOOK RD & HOBSON PKE","ANTIOCH","SOUTH",36.04899,-86.5973,"TREE;Ran Off Road-Right","37013","2018","November","Fall","02","Thursday","Weekday","Injuries","No Fatalities"
9.97071725548378e-314,2018-11-15 02:22:00,2,2,0,NA,"N","SIDESWIPE - SAME DIRECTION","RAIN","DARK - LIGHTED","BROADWAY & 1ST AVS","NASHVILLE","CENTRA",36.16223,-86.77436,"MOTOR VEHICLE IN TRANSPORT","37201","2018","November","Fall","02","Thursday","Weekday","Injuries","No Fatalities"
9.9707172594363e-314,2018-11-15 01:50:00,2,0,0,NA,"N","Front to Rear","RAIN","DARK - NOT LIGHTED","HIGHWAY 100 & HARPETH RIV HARPETH BEND G","NASHVILLE","WEST",36.05024,-86.93678,"MOTOR VEHICLE IN TRANSPORT","37221","2018","November","Fall","01","Thursday","Weekday","No Injuries","No Fatalities"
9.97071726783542e-314,2018-11-14 06:00:00,2,0,0,NA,"Y","UNKNOWN","RAIN","DARK - NOT LIGHTED","4TH AVN & MONROE ST","NASHVILLE","NORTH",36.17793,-86.78816,"PARKED MOTOR VEHICLE","37208","2018","November","Fall","06","Wednesday","Weekday","No Injuries","No Fatalities"
9.97071728068112e-314,2018-11-15 00:38:00,2,2,0,NA,"Y","Front to Rear","RAIN","DAYLIGHT","COLLINS PARK DR & BELL RD","ANTIOCH","SOUTH",36.04602,-86.65793,"MOTOR VEHICLE IN TRANSPORT","37013","2018","November","Fall","00","Thursday","Weekday","Injuries","No Fatalities"
9.97071729006837e-314,2018-11-15 02:00:00,1,0,0,NA,"N","NOT COLLISION W/MOTOR VEHICLE-TRANSPORT","RAIN","DARK - NOT LIGHTED","NED SHELTON RD & BELL RD","NASHVILLE","HERMIT",36.10718,-86.6298,"DITCH","37217","2018","November","Fall","02","Thursday","Weekday","No Injuries","No Fatalities"