"Accident.Number","Date.and.Time","Number.of.Motor.Vehicles","Number.of.Injuries","Number.of.Fatalities","Property.Damage","Hit.and.Run","Collision.Type.Description","Weather.Description","Illumination.Description","Street.Address","City","Precinct","Latitude","Longitude","HarmfulDescriptions","Zip.Code","Year","Month","Season","Hour","Weekday","DayType","Accident","Fatality_category"
9.97071731921824e-314,2018-11-15 03:00:00,2,0,0,NA,"N","SIDESWIPE - SAME DIRECTION","RAIN","DARK - LIGHTED","MM 87 8 I 65","NASHVILLE","EAST",36.21304,-86.77565,"MOTOR VEHICLE IN TRANSPORT","37207","2018","November","Fall","03","Thursday","Weekday","No Injuries","No Fatalities"
9.97071733354615e-314,2018-11-15 01:22:00,2,0,0,NA,"Y","UNKNOWN","RAIN","DARK - NOT LIGHTED","CEPHAS ST & COFFEE ST","NASHVILLE","NORTH",36.18257,-86.80656,"PARKED MOTOR VEHICLE;UNKNOWN MOST HARMFUL EVENT","37208","2018","November","Fall","01","Thursday","Weekday","No Injuries","No Fatalities"
9.97071733700461e-314,2018-11-15 01:50:00,1,0,0,NA,"N","NOT COLLISION W/MOTOR VEHICLE-TRANSPORT","RAIN","DARK - LIGHTED","ROSA L PARKS BLVD & LOCKLAYER ST","NASHVILLE","NORTH",36.17136,-86.79017,"CURB","37208","2018","November","Fall","01","Thursday","Weekday","No Injuries","No Fatalities"
9.97071737949425e-314,2018-11-15 01:00:00,2,0,0,NA,"Y","ANGLE","RAIN","DARK - LIGHTED","HILLSBORO DR & HILLSBORO PKE","NASHVILLE","WEST",36.10202,-86.818,"PARKED MOTOR VEHICLE;UNKNOWN MOST HARMFUL EVENT","37215","2018","November","Fall","01","Thursday","Weekday","No Injuries","No Fatalities"
9.97071739777468e-314,2018-11-15 04:32:00,2,0,0,NA,"Y","REAR-TO-REAR","RAIN","DARK - LIGHTED","100 STAR BLVD","MADISON","MADISO",36.28465,-86.71917,"MOTOR VEHICLE IN TRANSPORT;PARKED MOTOR VEHICLE","37115","2018","November","Fall","04","Thursday","Weekday","No Injuries","No Fatalities"
9.97071740419753e-314,2018-11-15 02:30:00,1,0,0,NA,"Y","NOT COLLISION W/MOTOR VEHICLE-TRANSPORT","RAIN","DARK - LIGHTED","GOODBAR DR & THOMPSON PL","NASHVILLE","HERMIT",36.12724,-86.70062,"GUARDRAIL FACE;FENCE","37217","2018","November","Fall","02","Thursday","Weekday","No Injuries","No Fatalities"
9.97071743729993e-314,2018-11-15 05:25:00,1,0,0,NA,"N","NOT COLLISION W/MOTOR VEHICLE-TRANSPORT","RAIN","DARK - LIGHTED","I65 S ENT RAMP & I 65","NASHVILLE","NORTH",36.19211,-86.78027,"GUARDRAIL FACE","37207","2018","November","Fall","05","Thursday","Weekday","No Injuries","No Fatalities"
9.97071744569905e-314,2018-11-15 05:08:00,2,1,0,NA,"N","Front to Rear","RAIN","DARK - LIGHTED","WEST END AV & BOWLING AV","NASHVILLE","WEST",36.13465,-86.82506,"MOTOR VEHICLE IN TRANSPORT","37205","2018","November","Fall","05","Thursday","Weekday","Injuries","No Fatalities"
9.97071746052102e-314,2018-11-15 03:35:00,2,0,0,NA,"N","ANGLE","RAIN","DARK - LIGHTED","FEDDERS DR & BECKLEA DR","MADISON","MADISO",36.27202,-86.70088,"MOTOR VEHICLE IN TRANSPORT","37115","2018","November","Fall","03","Thursday","Weekday","No Injuries","No Fatalities"
9.97071746743794e-314,2018-11-15 05:50:00,1,0,0,NA,"N","NOT COLLISION W/MOTOR VEHICLE-TRANSPORT","RAIN","DARK - NOT LIGHTED","I40 E EXT RAMP & I 40","NASHVILLE","HERMIT",36.16964,-86.60652,"GUARDRAIL FACE","37214","2018","November","Fall","05","Thursday","Weekday","No Injuries","No Fatalities"
9.97071751239791e-314,2018-11-15 06:31:00,1,0,0,NA,"N","NOT COLLISION W/MOTOR VEHICLE-TRANSPORT","RAIN","DARK - LIGHTED","MM 86 4 I 65","NASHVILLE","EAST",36.19255,-86.77838,"GUARDRAIL FACE","37207","2018","November","Fall","06","Thursday","Weekday","No Injuries","No Fatalities"
9.97071754154778e-314,2018-11-15 06:51:00,2,0,0,NA,"Y","ANGLE","RAIN","DARK - LIGHTED","MURFREESBORO PKE & NASHBORO BLVD","ANTIOCH","SOUTH",36.0873,-86.64892,"MOTOR VEHICLE IN TRANSPORT","37013","2018","November","Fall","06","Thursday","Weekday","No Injuries","No Fatalities"
9.97071767889803e-314,2018-11-15 09:00:00,2,0,0,NA,"N","ANGLE","RAIN","DARK - LIGHTED","WOODLAND ST & S 10TH ST","NASHVILLE","EAST",36.17696,-86.75143,"MOTOR VEHICLE IN TRANSPORT","37206","2018","November","Fall","09","Thursday","Weekday","No Injuries","No Fatalities"
9.97071786269045e-314,2018-11-15 06:00:00,1,0,0,NA,"Y","NOT COLLISION W/MOTOR VEHICLE-TRANSPORT","RAIN","DARK - LIGHTED","W TRINITY LN & I65 N EXT RAMP","NASHVILLE","EAST",36.20631,-86.77404,"MOTOR VEHICLE IN TRANSPORT;CURB","37207","2018","November","Fall","06","Thursday","Weekday","No Injuries","No Fatalities"
9.97071787751242e-314,2018-11-15 11:43:00,2,0,0,NA,"N","SIDESWIPE - SAME DIRECTION","RAIN","DARK - LIGHTED","OLD MURFREESBORO PIKE & SMITH SPRINGS RD","NASHVILLE","HERMIT",36.09646,-86.65609,"MOTOR VEHICLE IN TRANSPORT","37217","2018","November","Fall","11","Thursday","Weekday","No Injuries","No Fatalities"
9.97071794717568e-314,2018-11-15 12:44:00,2,0,0,NA,"N","SIDESWIPE - SAME DIRECTION","RAIN","DAWN","BELL FORGE LNE & BELL RD","ANTIOCH","SOUTH",36.04968,-86.64643,"MOTOR VEHICLE IN TRANSPORT","37013","2018","November","Fall","12","Thursday","Weekday","No Injuries","No Fatalities"
9.97071795804512e-314,2018-11-15 12:20:00,2,0,0,NA,"N","Front to Rear","RAIN","DAYLIGHT","MM 218 8 I 40","NASHVILLE","HERMIT",36.15449,-86.63151,"MOTOR VEHICLE IN TRANSPORT","37214","2018","November","Fall","12","Thursday","Weekday","No Injuries","No Fatalities"
9.97071797434929e-314,2018-11-15 12:44:00,2,0,0,NA,"N","SIDESWIPE - SAME DIRECTION","RAIN","DAWN","BELL FORGE LNE & BELL RD","ANTIOCH","SOUTH",36.04968,-86.64643,"MOTOR VEHICLE IN TRANSPORT","37013","2018","November","Fall","12","Thursday","Weekday","No Injuries","No Fatalities"
9.97071808847845e-314,2018-11-15 06:00:00,2,0,0,NA,"Y","SIDESWIPE - SAME DIRECTION","RAIN","Dark-Unknown Lighting","FAULKNER DR & LEOPOLE RD","NASHVILLE","SOUTH",36.07271,-86.71019,"PARKED MOTOR VEHICLE","37211","2018","November","Fall","06","Thursday","Weekday","No Injuries","No Fatalities"
9.97073840939847e-314,2018-12-01 00:04:00,2,0,0,NA,"Y","SIDESWIPE - SAME DIRECTION","RAIN","DARK - LIGHTED","STATE RT 45 & DELAWARE AV","MADISON","MADISO",36.26367,-86.70448,"MOTOR VEHICLE IN TRANSPORT","37115","2018","December","Winter","00","Saturday","Weekend","No Injuries","No Fatalities"
9.9707386174001e-314,2018-12-01 00:18:00,2,1,0,NA,"N","ANGLE","RAIN","DAYLIGHT","200 LARGO DR","NASHVILLE","SOUTH",36.08369,-86.70529,"PARKED MOTOR VEHICLE","37211","2018","December","Winter","00","Saturday","Weekend","Injuries","No Fatalities"
9.97073861937637e-314,2018-12-01 00:19:00,3,1,0,NA,"N","Front to Rear","RAIN","DARK - LIGHTED","GALLATIN PKEN & ROOSEVELT AV","MADISON","MADISO",36.2709,-86.71039,"MOTOR VEHICLE IN TRANSPORT","37115","2018","December","Winter","00","Saturday","Weekend","Injuries","No Fatalities"
9.97073862876361e-314,2018-12-01 00:35:00,2,1,0,NA,"Y","SIDESWIPE - SAME DIRECTION","RAIN","DARK - LIGHTED","I440 ENT RAMP & I 65","NASHVILLE","MIDTOW",36.11131,-86.77104,"MOTOR VEHICLE IN TRANSPORT","37204","2018","December","Winter","00","Saturday","Weekend","Injuries","No Fatalities"
9.97073863123394e-314,2018-12-01 00:30:00,1,1,0,NA,"N","NOT COLLISION W/MOTOR VEHICLE-TRANSPORT","RAIN","DARK - NOT LIGHTED","MORGAN RD & WILKINSON RD","JOELTON","NORTH",36.33545,-86.84741,"EMBANKMENT ROCK/STONE/CONCRETE","37080","2018","December","Winter","00","Saturday","Weekend","Injuries","No Fatalities"
9.97073863568053e-314,2018-12-01 00:39:00,2,3,0,NA,"N","HEAD-ON","RAIN","DARK - LIGHTED","I65 N ENT RAMP & I 65","NASHVILLE","EAST",36.23652,-86.7579,"MOTOR VEHICLE IN TRANSPORT","37207","2018","December","Winter","00","Saturday","Weekend","Injuries","No Fatalities"
9.97073864753811e-314,2018-12-01 00:43:00,2,0,0,NA,"N","Front to Rear","RAIN","DARK - NOT LIGHTED","MM 49 4 I 24","NASHVILLE","EAST",36.16002,-86.76049,"MOTOR VEHICLE IN TRANSPORT","37206","2018","December","Winter","00","Saturday","Weekend","No Injuries","No Fatalities"
9.97073865099657e-314,2018-12-01 00:40:00,2,0,0,NA,"N","SIDESWIPE - SAME DIRECTION","RAIN","DUSK","MM 79 4 I 65","NASHVILLE","MIDTOW",36.1064,-86.7682,"MOTOR VEHICLE IN TRANSPORT","37204","2018","December","Winter","00","Saturday","Weekend","No Injuries","No Fatalities"
9.97073865741942e-314,2018-12-01 00:55:00,2,2,0,NA,"N","ANGLE","RAIN","DARK - LIGHTED","MOSSDALE DR & RURAL HILL RD","NASHVILLE","HERMIT",36.08042,-86.6245,"MOTOR VEHICLE IN TRANSPORT","37217","2018","December","Winter","00","Saturday","Weekend","Injuries","No Fatalities"
9.97073866087788e-314,2018-12-01 01:00:00,2,0,0,NA,"N","ANGLE","RAIN","DARK - LIGHTED","HART LN & ELLINGTON PKWYN","NASHVILLE","EAST",36.21823,-86.74726,"MOTOR VEHICLE IN TRANSPORT","37216","2018","December","Winter","01","Saturday","Weekend","No Injuries","No Fatalities"
9.97073866433634e-314,2018-11-30 06:00:00,2,0,0,NA,"Y","Front to Rear","RAIN","DARK - LIGHTED","MM 93 6 I 65","MADISON","MADISO",36.28295,-86.73074,"MOTOR VEHICLE IN TRANSPORT","37115","2018","November","Fall","06","Friday","Weekday","No Injuries","No Fatalities"
9.97073866730073e-314,2018-12-01 01:09:00,1,1,2,NA,"N","NOT COLLISION W/MOTOR VEHICLE-TRANSPORT","RAIN","DARK - NOT LIGHTED","MM 200 8 I 40","NASHVILLE","WEST",36.12784,-86.90119,"Ran Off Road-Right;EMBANKMENT ROCK/STONE/CONCRETE","37209","2018","December","Winter","01","Saturday","Weekend","Injuries","With Fatalities"
9.97073868409897e-314,2018-11-30 06:00:00,2,2,0,NA,"N","OTHER","RAIN","DARK - LIGHTED","LEBANON PKE & CEDARSTONE WAY","NASHVILLE","HERMIT",36.16876,-86.65617,"MOTOR VEHICLE IN TRANSPORT","37214","2018","November","Fall","06","Friday","Weekday","Injuries","No Fatalities"
9.97073871077851e-314,2018-12-01 01:45:00,2,0,0,NA,"N","ANGLE","RAIN","DUSK","WHITE BRIDGE PKE & CHARLOTTE PKE","NASHVILLE","WEST",36.15013,-86.85795,"MOTOR VEHICLE IN TRANSPORT","37209","2018","December","Winter","01","Saturday","Weekend","No Injuries","No Fatalities"
9.97073871275477e-314,2018-12-01 01:55:00,1,0,0,NA,"N","NOT COLLISION W/MOTOR VEHICLE-TRANSPORT","RAIN","Dark-Unknown Lighting","I40 E EXT RAMP & I 40","NASHVILLE","HERMIT",36.16899,-86.60666,"CONCRETE TRAFFIC BARRIER","37214","2018","December","Winter","01","Saturday","Weekend","No Injuries","No Fatalities"
9.97073871621323e-314,2018-12-01 02:05:00,2,0,0,NA,"N","Front to Rear","RAIN","DARK - LIGHTED","I65 N ENT RAMP & I 65","NASHVILLE","EAST",36.1055,-86.76722,"MOTOR VEHICLE IN TRANSPORT","37207","2018","December","Winter","02","Saturday","Weekend","No Injuries","No Fatalities"
9.97073872362422e-314,2018-12-01 02:08:00,2,0,0,NA,"N","Front to Rear","RAIN","DARK - NOT LIGHTED","OLD HICKORY BLVD & TIDWELL RD","NASHVILLE","WEST",36.11477,-86.92304,"MOTOR VEHICLE IN TRANSPORT","37209","2018","December","Winter","02","Saturday","Weekend","No Injuries","No Fatalities"
9.97073873202333e-314,2018-12-01 02:25:00,1,0,0,NA,"N","NOT COLLISION W/MOTOR VEHICLE-TRANSPORT","RAIN","DARK - NOT LIGHTED","ELLINGTON PKWYS & ELLINGTON PKWYN","NASHVILLE","EAST",36.18143,-86.76235,"GUARDRAIL FACE","37206","2018","December","Winter","02","Saturday","Weekend","No Injuries","No Fatalities"
9.97073875228003e-314,2018-12-01 02:51:00,2,0,0,NA,"N","Front to Rear","RAIN","DARK - LIGHTED","MURFREESBORO PKE & PARKS RETREAT DR","ANTIOCH","SOUTH",36.03371,-86.59654,"MOTOR VEHICLE IN TRANSPORT","37013","2018","December","Winter","02","Saturday","Weekend","No Injuries","No Fatalities"
9.97073876018508e-314,2018-12-01 02:56:00,2,0,0,NA,"N","SIDESWIPE - SAME DIRECTION","RAIN","DARK - LIGHTED","BROADWAY & 10TH AVN","NASHVILLE","CENTRA",36.15811,-86.78392,"MOTOR VEHICLE IN TRANSPORT","37203","2018","December","Winter","02","Saturday","Weekend","No Injuries","No Fatalities"
9.97073877154859e-314,2018-12-01 03:13:00,2,0,0,NA,"N","Front to Rear","RAIN","DARK - LIGHTED","MM 88 7 I 65","NASHVILLE","MADISO",36.22654,-86.77396,"MOTOR VEHICLE IN TRANSPORT","37207","2018","December","Winter","03","Saturday","Weekend","No Injuries","No Fatalities"
9.97073878390023e-314,2018-12-01 03:10:00,2,0,0,NA,"Y","Front to Rear","RAIN","DARK - LIGHTED","ROBERTSON AV & STERLING ST","NASHVILLE","WEST",36.15595,-86.86341,"MOTOR VEHICLE IN TRANSPORT","37209","2018","December","Winter","03","Saturday","Weekend","No Injuries","No Fatalities"
9.97073881552043e-314,2018-12-01 04:07:00,2,0,0,NA,"N","ANGLE","RAIN","DARK - LIGHTED","MM 90 3 I 65","MADISON","MADISO",36.24079,-86.75142,"MOTOR VEHICLE IN TRANSPORT","37115","2018","December","Winter","04","Saturday","Weekend","No Injuries","No Fatalities"
9.97073882935427e-314,2018-12-01 04:38:00,2,1,0,NA,"N","SIDESWIPE - SAME DIRECTION","RAIN","DARK - NOT LIGHTED","MM 61 4 I 24","ANTIOCH","SOUTH",36.02614,-86.6335,"MOTOR VEHICLE IN TRANSPORT","37013","2018","December","Winter","04","Saturday","Weekend","Injuries","No Fatalities"
9.97073884022371e-314,2018-12-01 03:30:00,2,0,0,NA,"N","SIDESWIPE - SAME DIRECTION","RAIN","DARK - LIGHTED","I40 E ENT RAMP & I 40","NASHVILLE","WEST",36.13238,-86.89566,"MOTOR VEHICLE IN TRANSPORT","37205","2018","December","Winter","03","Saturday","Weekend","No Injuries","No Fatalities"
9.97073884664656e-314,2018-12-01 04:49:00,2,0,0,NA,"N","ANGLE","RAIN","DARK - LIGHTED","I40 E EXT RAMP & I 40","NASHVILLE","HERMIT",36.16955,-86.601,"MOTOR VEHICLE IN TRANSPORT","37214","2018","December","Winter","04","Saturday","Weekend","No Injuries","No Fatalities"
9.97073885801007e-314,2018-12-01 04:33:00,2,0,0,NA,"N","ANGLE","RAIN","DARK - LIGHTED","OLD HICKORY BLVD & WILSON PIKE CIR","BRENTWOOD","MIDTOW",36.0375,-86.78584,"MOTOR VEHICLE IN TRANSPORT","37027","2018","December","Winter","04","Saturday","Weekend","No Injuries","No Fatalities"
9.97073886591512e-314,2018-12-01 05:15:00,2,1,0,NA,"Y","Front to Rear","RAIN","DARK - LIGHTED","MM 211 9 I 40","NASHVILLE","HERMIT",36.14805,-86.74519,"MOTOR VEHICLE IN TRANSPORT","37210","2018","December","Winter","05","Saturday","Weekend","Injuries","No Fatalities"
9.97073886986765e-314,2018-12-01 03:40:00,2,0,0,NA,"N","SIDESWIPE - SAME DIRECTION","RAIN","DARK - LIGHTED","BROADWAY & GEORGE L DAVIS BLVD","NASHVILLE","CENTRA",36.15604,-86.78878,"MOTOR VEHICLE IN TRANSPORT","37203","2018","December","Winter","03","Saturday","Weekend","No Injuries","No Fatalities"
9.97073888320742e-314,2018-12-01 04:18:00,2,0,0,NA,"Y","Front to Rear","RAIN","DARK - LIGHTED","CHARLOTTE PKE PVTDR & BROOKMEADE GRNWY","NASHVILLE","WEST",36.13172,-86.90498,"Motor Vehicle-In-Motion Outside Trafficw","37209","2018","December","Winter","04","Saturday","Weekend","No Injuries","No Fatalities"
9.9707388921006e-314,2018-11-30 06:00:00,1,0,0,NA,"N","NOT COLLISION W/MOTOR VEHICLE-TRANSPORT","RAIN","DARK - LIGHTED","MM 85 5 I 65","NASHVILLE","CENTRA",36.18873,-86.79322,"CONCRETE TRAFFIC BARRIER","37208","2018","November","Fall","06","Friday","Weekday","No Injuries","No Fatalities"
9.97073891779202e-314,2018-12-01 06:37:00,2,1,0,NA,"N","SIDESWIPE - OPPOSITE DIRECTION","RAIN","DARK - NOT LIGHTED","HOLT RD & REDMOND LN","NASHVILLE","MIDTOW",36.01378,-86.71768,"MOTOR VEHICLE IN TRANSPORT","37211","2018","December","Winter","06","Saturday","Weekend","Injuries","No Fatalities"
9.97073897460957e-314,2018-12-01 06:23:00,2,0,0,NA,"Y","SIDESWIPE - OPPOSITE DIRECTION","RAIN","DARK - LIGHTED","BAYVIEW DR & HARBOR LIGHTS DR","NASHVILLE","HERMIT",36.09322,-86.62692,"MOTOR VEHICLE IN TRANSPORT;PARKED MOTOR VEHICLE","37217","2018","December","Winter","06","Saturday","Weekend","No Injuries","No Fatalities"
9.97073898152649e-314,2018-12-01 08:16:00,1,0,0,NA,"N","NOT COLLISION W/MOTOR VEHICLE-TRANSPORT","RAIN","DARK - NOT LIGHTED","EDMONDSON PKE & HOLT RD","BRENTWOOD","MIDTOW",36.01546,-86.74056,"IMPACT ATTENUATOR","37027","2018","December","Winter","08","Saturday","Weekend","No Injuries","No Fatalities"
9.9707390057357e-314,2018-12-01 08:42:00,1,1,0,NA,"Y","NOT COLLISION W/MOTOR VEHICLE-TRANSPORT","RAIN","DARK - LIGHTED","WHITES CREEK PKE & OLD CLARKSVILLE PKE","JOELTON","NORTH",36.31187,-86.86009,"DITCH;EMBANKMENT EARTH","37080","2018","December","Winter","08","Saturday","Weekend","Injuries","No Fatalities"
9.97073901067636e-314,2018-12-01 08:30:00,2,0,0,NA,"Y","Front to Rear","RAIN","DARK - LIGHTED","OLD HICKORY BLVD & MONTELLE LN","NASHVILLE","MIDTOW",36.03876,-86.73335,"MOTOR VEHICLE IN TRANSPORT","37211","2018","December","Winter","08","Saturday","Weekend","No Injuries","No Fatalities"
9.97073901462888e-314,2018-12-01 08:23:00,2,0,0,NA,"N","SIDESWIPE - SAME DIRECTION","RAIN","DARK - LIGHTED","WEST END AV & BROADWAY","NASHVILLE","MIDTOW",36.15416,-86.79318,"MOTOR VEHICLE IN TRANSPORT","37203","2018","December","Winter","08","Saturday","Weekend","No Injuries","No Fatalities"
9.97073908083368e-314,2018-12-01 09:50:00,3,1,0,NA,"N","ANGLE","RAIN","DARK - LIGHTED","WEDGEWOOD AV & 8TH AVS","NASHVILLE","MIDTOW",36.13428,-86.77909,"MOTOR VEHICLE IN TRANSPORT","37204","2018","December","Winter","09","Saturday","Weekend","Injuries","No Fatalities"
9.97073908132775e-314,2018-12-01 09:37:00,2,0,0,NA,"Y","Front to Rear","RAIN","DARK - NOT LIGHTED","MM 36 0 I 24","WHITES CREEK","NORTH",36.32068,-86.84932,"MOTOR VEHICLE IN TRANSPORT","37189","2018","December","Winter","09","Saturday","Weekend","No Injuries","No Fatalities"
9.97073908725653e-314,2018-12-01 09:57:00,1,1,0,NA,"Y","NOT COLLISION W/MOTOR VEHICLE-TRANSPORT","RAIN","DARK - LIGHTED","15TH AVN & CHURCH ST","NASHVILLE","MIDTOW",36.15779,-86.79304,"PEDESTRIAN","37203","2018","December","Winter","09","Saturday","Weekend","Injuries","No Fatalities"
9.97073908824466e-314,2018-12-01 10:02:00,1,1,0,NA,"N","NOT COLLISION W/MOTOR VEHICLE-TRANSPORT","RAIN","DARK - LIGHTED","MM 56 8 I 24","NASHVILLE","SOUTH",36.07222,-86.69171,"GUARDRAIL FACE;CONCRETE TRAFFIC BARRIER","37211","2018","December","Winter","10","Saturday","Weekend","Injuries","No Fatalities"
9.97073910701916e-314,2018-12-01 06:00:00,2,0,0,NA,"Y","OTHER","RAIN","DARK - LIGHTED","LONDON GARDENS CT & LONDONVIEW PL","ANTIOCH","SOUTH",36.06977,-86.57532,"PARKED MOTOR VEHICLE;CURB","37013","2018","December","Winter","06","Saturday","Weekend","No Injuries","No Fatalities"
9.97073911146575e-314,2018-12-01 10:36:00,2,2,0,NA,"N","Front to Rear","RAIN","DARK - NOT LIGHTED","FRANKLIN PKE & N CURTISWOOD LN","NASHVILLE","MIDTOW",36.08934,-86.77165,"MOTOR VEHICLE IN TRANSPORT","37204","2018","December","Winter","10","Saturday","Weekend","Injuries","No Fatalities"
9.97073916334264e-314,2018-12-01 06:00:00,1,1,0,NA,"N","NOT COLLISION W/MOTOR VEHICLE-TRANSPORT","RAIN","DARK - LIGHTED","MM 88 5 I 65","NASHVILLE","NORTH",36.22431,-86.77454,"Ran Off Road-Left","37207","2018","December","Winter","06","Saturday","Weekend","Injuries","No Fatalities"
9.97073918804593e-314,2018-12-01 07:40:00,1,0,0,NA,"N","NOT COLLISION W/MOTOR VEHICLE-TRANSPORT","RAIN","DARK - NOT LIGHTED","CULBERTSON RD & MILL CREEK LENOX VILLAGE","ANTIOCH","SOUTH",36.00863,-86.69446,"UTILITY POLE","37013","2018","December","Winter","07","Saturday","Weekend","No Injuries","No Fatalities"
9.97072928054753e-314,2018-11-24 02:05:00,2,0,0,NA,"N","ANGLE","RAIN","DARK - LIGHTED","ANDERSON RD & OWENDALE DR","NASHVILLE","HERMIT",36.07387,-86.62351,"MOTOR VEHICLE IN TRANSPORT","37217","2018","November","Fall","02","Saturday","Weekend","No Injuries","No Fatalities"
9.97072931068553e-314,2018-11-24 02:45:00,1,0,0,NA,"N","NOT COLLISION W/MOTOR VEHICLE-TRANSPORT","RAIN","DARK - LIGHTED","CAHAL AV & NORTHVIEW AV","NASHVILLE","EAST",36.19604,-86.73574,"OTHER OBJECT (NOT FIXED);OTHER POST, POLE, SUPP.","37206","2018","November","Fall","02","Saturday","Weekend","No Injuries","No Fatalities"
9.97072933242442e-314,2018-11-24 02:51:00,2,0,0,NA,"Y","ANGLE","RAIN","DARK - LIGHTED","JACKSON DOWNS BLVD & LEBANON PKE","NASHVILLE","HERMIT",36.1853,-86.6365,"MOTOR VEHICLE IN TRANSPORT","37214","2018","November","Fall","02","Saturday","Weekend","No Injuries","No Fatalities"
9.97072933637695e-314,2018-11-24 03:18:00,2,0,0,NA,"N","Front to Rear","RAIN","Dark-Unknown Lighting","HARDING PL & TROUSDALE DR","NASHVILLE","MIDTOW",36.08115,-86.75862,"MOTOR VEHICLE IN TRANSPORT","37220","2018","November","Fall","03","Saturday","Weekend","No Injuries","No Fatalities"
9.97072933835321e-314,2018-11-24 03:15:00,1,1,0,NA,"N","NOT COLLISION W/MOTOR VEHICLE-TRANSPORT","RAIN","DARK - LIGHTED","1ST AVN & BANK ST","NASHVILLE","CENTRA",36.16545,-86.77644,"PEDESTRIAN","37201","2018","November","Fall","03","Saturday","Weekend","Injuries","No Fatalities"
9.97072933884728e-314,2018-11-24 03:21:00,2,0,0,NA,"N","HEAD-ON","RAIN","DARK - NOT LIGHTED","HIGHWAY 70S & SAWYER BROWN RD","NASHVILLE","WEST",36.07686,-86.94513,"MOTOR VEHICLE IN TRANSPORT","37221","2018","November","Fall","03","Saturday","Weekend","No Injuries","No Fatalities"
9.97072933983541e-314,2018-11-23 06:00:00,2,0,0,NA,"Y","SIDESWIPE - OPPOSITE DIRECTION","RAIN","DARK - LIGHTED","I65 S ENT RAMP & I 65","NASHVILLE","NORTH",36.18482,-86.79833,"MOTOR VEHICLE IN TRANSPORT","37207","2018","November","Fall","06","Friday","Weekday","No Injuries","No Fatalities"
9.97072935564551e-314,2018-11-24 03:42:00,2,1,0,NA,"N","ANGLE","RAIN","DARK - NOT LIGHTED","MM 58 8 I 24","ANTIOCH","SOUTH",36.05015,-86.66705,"MOTOR VEHICLE IN TRANSPORT;GUARDRAIL FACE;GUARDRAIL END","37013","2018","November","Fall","03","Saturday","Weekend","Injuries","No Fatalities"
9.97072937491407e-314,2018-11-24 04:00:00,1,3,0,NA,"N","UNKNOWN","RAIN","DARK - LIGHTED","MT VIEW RD & HIGHLANDER DR","ANTIOCH","SOUTH",36.05465,-86.65998,"UNKNOWN MOST HARMFUL EVENT","37013","2018","November","Fall","04","Saturday","Weekend","Injuries","No Fatalities"
9.97072939912328e-314,2018-11-24 01:20:00,2,0,0,NA,"N","ANGLE","RAIN","DARK - NOT LIGHTED","6285 N NEW HOPE RD","HERMITAGE","HERMIT",36.18658,-86.58235,"MOTOR VEHICLE IN TRANSPORT","37076","2018","November","Fall","01","Saturday","Weekend","No Injuries","No Fatalities"
9.97072940653427e-314,2018-11-24 04:50:00,2,0,0,NA,"N","ANGLE","RAIN","DARK - LIGHTED","I24 E EXT RAMP & I 24","NASHVILLE","NORTH",36.04504,-86.65983,"MOTOR VEHICLE IN TRANSPORT","37207","2018","November","Fall","04","Saturday","Weekend","No Injuries","No Fatalities"
9.97072942432063e-314,2018-11-24 05:00:00,2,1,0,NA,"N","SIDESWIPE - SAME DIRECTION","RAIN","DARK - LIGHTED","CHURCH ST & 19TH AVN","NASHVILLE","MIDTOW",36.15469,-86.79824,"MOTOR VEHICLE IN TRANSPORT","37203","2018","November","Fall","05","Saturday","Weekend","Injuries","No Fatalities"
9.97072943420195e-314,2018-11-24 04:30:00,2,0,0,NA,"Y","SIDESWIPE - SAME DIRECTION","RAIN","DARK - LIGHTED","MM 49 1 I 24","NASHVILLE","EAST",36.16421,-86.7631,"MOTOR VEHICLE IN TRANSPORT","37206","2018","November","Fall","04","Saturday","Weekend","No Injuries","No Fatalities"
9.97073975177483e-314,2018-12-02 02:46:00,1,1,0,NA,"Y","NOT COLLISION W/MOTOR VEHICLE-TRANSPORT","RAIN","DARK - LIGHTED","E PALESTINE AV & E WEBSTER ST","MADISON","MADISO",36.24894,-86.71295,"CURB","37115","2018","December","Winter","02","Sunday","Weekend","Injuries","No Fatalities"
9.97072945248237e-314,2018-11-24 05:30:00,1,0,0,NA,"N","NOT COLLISION W/MOTOR VEHICLE-TRANSPORT","RAIN","DARK - LIGHTED","NEELYS BEND RD & MENEES LN","MADISON","MADISO",36.21174,-86.66586,"MAIL BOX;Ran Off Road-Left","37115","2018","November","Fall","05","Saturday","Weekend","No Injuries","No Fatalities"
9.97073975226889e-314,2018-12-02 02:13:00,2,0,0,NA,"N","OTHER","RAIN","DARK - LIGHTED","LINBAR DR & HARDING PL","NASHVILLE","SOUTH",36.08416,-86.70589,"MOTOR VEHICLE IN TRANSPORT","37211","2018","December","Winter","02","Sunday","Weekend","No Injuries","No Fatalities"
9.97073975967988e-314,2018-12-02 02:50:00,1,0,0,NA,"N","NOT COLLISION W/MOTOR VEHICLE-TRANSPORT","RAIN","DARK - LIGHTED","HARDING PL & OVERCREST DR","NASHVILLE","MIDTOW",36.07715,-86.73409,"UTILITY POLE","37211","2018","December","Winter","02","Sunday","Weekend","No Injuries","No Fatalities"