"Accident.Number","Date.and.Time","Number.of.Motor.Vehicles","Number.of.Injuries","Number.of.Fatalities","Property.Damage","Hit.and.Run","Collision.Type.Description","Weather.Description","Illumination.Description","Street.Address","City","Precinct","Latitude","Longitude","HarmfulDescriptions","Zip.Code","Year","Month","Season","Hour","Weekday","DayType","Accident","Fatality_category"
9.97072948212631e-314,2018-11-24 06:06:00,1,0,0,NA,"Y","NOT COLLISION W/MOTOR VEHICLE-TRANSPORT","RAIN","DARK - LIGHTED","I24 W EXT RAMP & I 24","NASHVILLE","SOUTH",36.17779,-86.77218,"GUARDRAIL FACE","37211","2018","November","Fall","06","Saturday","Weekend","No Injuries","No Fatalities"
9.97072950781773e-314,2018-11-24 06:34:00,1,1,0,NA,"N","NOT COLLISION W/MOTOR VEHICLE-TRANSPORT","RAIN","DARK - LIGHTED","I65 S ENT RAMP & BASS ST","NASHVILLE","MIDTOW",36.14734,-86.77812,"GUARDRAIL END;Motor Vehicle-In-Motion Outside Trafficw","37203","2018","November","Fall","06","Saturday","Weekend","Injuries","No Fatalities"
9.97072951473465e-314,2018-11-24 06:15:00,2,0,0,NA,"Y","SIDESWIPE - OPPOSITE DIRECTION","RAIN","DARK - LIGHTED","NOLENSVILLE PKE & MCCALL ST","NASHVILLE","SOUTH",36.09929,-86.73928,"MOTOR VEHICLE IN TRANSPORT","37211","2018","November","Fall","06","Saturday","Weekend","No Injuries","No Fatalities"
9.97072952609816e-314,2018-11-24 06:53:00,2,1,0,NA,"N","ANGLE","RAIN","DARK - LIGHTED","COLLINS PARK DR & BELL RD","ANTIOCH","SOUTH",36.04602,-86.65793,"MOTOR VEHICLE IN TRANSPORT","37013","2018","November","Fall","06","Saturday","Weekend","Injuries","No Fatalities"
9.97072955475396e-314,2018-11-24 07:26:00,4,0,0,NA,"N","ANGLE","RAIN","DARK - LIGHTED","S 11TH ST & LENORE ST","NASHVILLE","EAST",36.16551,-86.75148,"PARKED MOTOR VEHICLE;Set In Motion By Motor Vehicle","37206","2018","November","Fall","07","Saturday","Weekend","No Injuries","No Fatalities"
9.97073986244553e-314,2018-12-02 05:33:00,1,0,0,NA,"N","NOT COLLISION W/MOTOR VEHICLE-TRANSPORT","RAIN","DARK - NOT LIGHTED","MM 59 6 I 24","ANTIOCH","SOUTH",36.04357,-86.65626,"GUARDRAIL END;Ran Off Road-Right","37013","2018","December","Winter","05","Sunday","Weekend","No Injuries","No Fatalities"
9.97072956068275e-314,2018-11-24 07:35:00,3,0,0,NA,"N","NOT COLLISION W/MOTOR VEHICLE-TRANSPORT","RAIN","DARK - LIGHTED","ACKLEN AV & WEDGEWOOD AV","NASHVILLE","MIDTOW",36.13402,-86.78234,"PARKED MOTOR VEHICLE","37204","2018","November","Fall","07","Saturday","Weekend","No Injuries","No Fatalities"
9.97073989060727e-314,2018-12-02 05:30:00,1,0,0,NA,"N","NOT COLLISION W/MOTOR VEHICLE-TRANSPORT","RAIN","DARK - LIGHTED","BRILEY PKWYS & BRILEY PKWYE","NASHVILLE","HERMIT",36.23166,-86.70061,"DITCH;FENCE","37214","2018","December","Winter","05","Sunday","Weekend","No Injuries","No Fatalities"
9.97072966394247e-314,2018-11-24 09:30:00,1,0,0,NA,"N","NOT COLLISION W/MOTOR VEHICLE-TRANSPORT","RAIN","DARK - NOT LIGHTED","I40 W ENT RAMP & I40 W ENT RAMP","HERMITAGE","HERMIT",36.17537,-86.60595,"GUARDRAIL FACE","37076","2018","November","Fall","09","Saturday","Weekend","No Injuries","No Fatalities"
9.97073998398568e-314,2018-12-02 07:32:00,1,0,0,NA,"N","NOT COLLISION W/MOTOR VEHICLE-TRANSPORT","RAIN","DARK - NOT LIGHTED","LYNN DR & CORNING DR","NASHVILLE","MIDTOW",36.0839,-86.73342,"MAIL BOX;EMBANKMENT EARTH","37211","2018","December","Winter","07","Sunday","Weekend","No Injuries","No Fatalities"
9.97072988973047e-314,2018-11-24 12:48:00,1,0,0,NA,"N","NOT COLLISION W/MOTOR VEHICLE-TRANSPORT","RAIN","DAYLIGHT","I40 E ENT RAMP & I 24","NASHVILLE","SOUTH",36.13799,-86.72645,"CONCRETE TRAFFIC BARRIER","37217","2018","November","Fall","12","Saturday","Weekend","No Injuries","No Fatalities"
9.97073074149964e-314,2018-11-25 06:00:00,1,0,0,NA,"Y","NOT COLLISION W/MOTOR VEHICLE-TRANSPORT","RAIN","DARK - NOT LIGHTED","MCCRORY CREEK RD & BOULDER PARK DR","NASHVILLE","HERMIT",36.14898,-86.65253,"OTHER OBJECT (NOT FIXED)","37214","2018","November","Fall","06","Sunday","Weekend","No Injuries","No Fatalities"
9.97073146728208e-314,2018-11-26 04:03:00,4,1,0,NA,"N","ANGLE","RAIN","DARK - LIGHTED","3600 DONNA KAY DR","NASHVILLE","SOUTH",36.09196,-86.70985,"PARKED MOTOR VEHICLE","37211","2018","November","Fall","04","Monday","Weekday","Injuries","No Fatalities"
9.97075402384914e-314,2018-12-13 03:15:00,2,0,0,NA,"N","Front to Rear","RAIN","DARK - LIGHTED","BAXTER AV & HART LN","NASHVILLE","EAST",36.21275,-86.73406,"PARKED MOTOR VEHICLE","37216","2018","December","Winter","03","Thursday","Weekday","No Injuries","No Fatalities"
9.97075402533134e-314,2018-12-13 03:50:00,1,1,0,NA,"N","NOT COLLISION W/MOTOR VEHICLE-TRANSPORT","RAIN","DARK - LIGHTED","8TH AVS & BROADWAY","NASHVILLE","CENTRA",36.15889,-86.78211,"PEDESTRIAN","37203","2018","December","Winter","03","Thursday","Weekday","Injuries","No Fatalities"
9.97075403867111e-314,2018-12-13 04:02:00,1,0,0,NA,"N","NOT COLLISION W/MOTOR VEHICLE-TRANSPORT","RAIN","DARK - LIGHTED","HOWSE AV & NEELYS BEND RD","MADISON","MADISO",36.2531,-86.69822,"DITCH;Ran Off Road-Left","37115","2018","December","Winter","04","Thursday","Weekday","No Injuries","No Fatalities"
9.97075406732692e-314,2018-12-13 04:20:00,1,0,0,NA,"N","NOT COLLISION W/MOTOR VEHICLE-TRANSPORT","RAIN","DARK - NOT LIGHTED","HIGHWAY 96 & LITTLE EAST FORK RD","NASHVILLE","WEST",36.0016,-87.02352,"DEER (ANIMAL)","37221","2018","December","Winter","04","Thursday","Weekday","No Injuries","No Fatalities"
9.97075407869043e-314,2018-12-13 04:30:00,1,0,0,NA,"N","NOT COLLISION W/MOTOR VEHICLE-TRANSPORT","RAIN","DARK - LIGHTED","MASSMAN DR & METCOM CENTER PVTDR","NASHVILLE","HERMIT",36.14676,-86.71324,"DITCH","37210","2018","December","Winter","04","Thursday","Weekday","No Injuries","No Fatalities"
9.97075422987451e-314,2018-12-13 06:00:00,1,0,0,NA,"Y","NOT COLLISION W/MOTOR VEHICLE-TRANSPORT","RAIN","DARK - LIGHTED","OLD HICKORY BLVD & SOUTHFORK BLVD","OLD HICKORY","HERMIT",36.22104,-86.62494,"UTILITY POLE","37138","2018","December","Winter","06","Thursday","Weekday","No Injuries","No Fatalities"
9.97075429163272e-314,2018-12-13 08:12:00,1,0,0,NA,"N","NOT COLLISION W/MOTOR VEHICLE-TRANSPORT","RAIN","DARK - LIGHTED","I65 N ENT RAMP & I 65","NASHVILLE","EAST",36.22651,-86.77798,"DEER (ANIMAL)","37207","2018","December","Winter","08","Thursday","Weekday","No Injuries","No Fatalities"
9.97075429756151e-314,2018-12-13 08:15:00,1,0,0,NA,"N","NOT COLLISION W/MOTOR VEHICLE-TRANSPORT","RAIN","DARK - NOT LIGHTED","MM 201 5 I 40","NASHVILLE","WEST",36.13556,-86.8936,"GUARDRAIL END","37209","2018","December","Winter","08","Thursday","Weekday","No Injuries","No Fatalities"
9.97075431831226e-314,2018-12-13 08:56:00,1,1,0,NA,"N","NOT COLLISION W/MOTOR VEHICLE-TRANSPORT","RAIN","DARK - NOT LIGHTED","MM 200 7 I 40","NASHVILLE","WEST",36.12656,-86.90322,"CONCRETE TRAFFIC BARRIER","37205","2018","December","Winter","08","Thursday","Weekday","Injuries","No Fatalities"
9.97075553470188e-314,2018-12-14 04:00:00,1,0,0,NA,"Y","NOT COLLISION W/MOTOR VEHICLE-TRANSPORT","RAIN","DARK - NOT LIGHTED","BAXTER RD PVTDR & BAXTER RD","JOELTON","NORTH",36.35303,-86.89853,"UTILITY POLE;MAIL BOX","37080","2018","December","Winter","04","Friday","Weekday","No Injuries","No Fatalities"
9.97075554655946e-314,2018-12-14 05:34:00,1,1,0,NA,"N","NOT COLLISION W/MOTOR VEHICLE-TRANSPORT","RAIN","DARK - LIGHTED","BLACKMAN RD & TIMBERHILL DR","NASHVILLE","MIDTOW",36.07467,-86.75325,"IMPACT ATTENUATOR","37211","2018","December","Winter","05","Friday","Weekday","Injuries","No Fatalities"
9.97075570910706e-314,2018-12-14 06:39:00,2,0,0,NA,"Y","SIDESWIPE - SAME DIRECTION","RAIN","DARK - LIGHTED","BELL RD & STEWARTS FERRY PKE","NASHVILLE","HERMIT",36.15224,-86.62507,"MOTOR VEHICLE IN TRANSPORT","37214","2018","December","Winter","06","Friday","Weekday","No Injuries","No Fatalities"
9.97075588598256e-314,2018-12-14 12:25:00,2,1,0,NA,"N","Front to Rear","RAIN","DAYLIGHT","MM 52 9 I 24","NASHVILLE","SOUTH",36.12045,-86.72674,"MOTOR VEHICLE IN TRANSPORT","37217","2018","December","Winter","12","Friday","Weekday","Injuries","No Fatalities"
9.97075590179266e-314,2018-12-14 12:54:00,2,0,0,NA,"N","ANGLE","RAIN","DAWN","ELM HILL PKE & ATRIUM WAY","NASHVILLE","HERMIT",36.15314,-86.6884,"MOTOR VEHICLE IN TRANSPORT","37214","2018","December","Winter","12","Friday","Weekday","No Injuries","No Fatalities"
9.97075590475705e-314,2018-12-14 12:09:00,2,0,0,NA,"Y","SIDESWIPE - SAME DIRECTION","RAIN","DAWN","MM 57 5 I 24","ANTIOCH","SOUTH",36.06367,-86.68341,"MOTOR VEHICLE IN TRANSPORT","37013","2018","December","Winter","12","Friday","Weekday","No Injuries","No Fatalities"
9.97075635238053e-314,2018-12-14 06:00:00,2,0,0,NA,"N","Front to Rear","RAIN","DAYLIGHT","OLD HICKORY BLVD & ROCKY LN","NASHVILLE","WEST",36.10863,-86.92245,"MOTOR VEHICLE IN TRANSPORT","37221","2018","December","Winter","06","Friday","Weekday","No Injuries","No Fatalities"
9.97075654654833e-314,2018-12-15 00:22:00,2,0,0,NA,"N","ANGLE","RAIN","DARK - LIGHTED","POWELL AV & OLD POWELL AV","NASHVILLE","MIDTOW",36.11064,-86.76705,"MOTOR VEHICLE IN TRANSPORT","37204","2018","December","Winter","00","Saturday","Weekend","No Injuries","No Fatalities"
9.97075665870123e-314,2018-12-15 01:26:00,2,0,0,NA,"N","Front to Rear","RAIN","DARK - NOT LIGHTED","EUGENIA AV & MELROSE AV","NASHVILLE","MIDTOW",36.11872,-86.75581,"PARKED MOTOR VEHICLE","37204","2018","December","Winter","01","Saturday","Weekend","No Injuries","No Fatalities"
9.97075666364188e-314,2018-12-15 01:50:00,2,0,0,NA,"N","Front to Rear","RAIN","DARK - LIGHTED","THOMPSON LN & ELIZABETH ST","NASHVILLE","MIDTOW",36.111,-86.74641,"MOTOR VEHICLE IN TRANSPORT","37211","2018","December","Winter","01","Saturday","Weekend","No Injuries","No Fatalities"
9.97075669476802e-314,2018-12-15 03:09:00,2,0,0,NA,"N","ANGLE","RAIN","DARK - LIGHTED","I65 N ENT RAMP & I 65","NASHVILLE","EAST",36.23654,-86.75805,"MOTOR VEHICLE IN TRANSPORT","37207","2018","December","Winter","03","Saturday","Weekend","No Injuries","No Fatalities"
9.9707567036612e-314,2018-12-15 01:46:00,2,0,0,NA,"N","ANGLE","RAIN","DARK - LIGHTED","MURFREESBORO PKE & PIN HOOK RD","ANTIOCH","SOUTH",36.04784,-86.61205,"MOTOR VEHICLE IN TRANSPORT","37013","2018","December","Winter","01","Saturday","Weekend","No Injuries","No Fatalities"
9.97075670860186e-314,2018-12-15 03:22:00,1,0,0,NA,"N","NOT COLLISION W/MOTOR VEHICLE-TRANSPORT","RAIN","DARK - NOT LIGHTED","MM 220 0 I 40","HERMITAGE","HERMIT",36.16458,-86.61524,"OTHER OBJECT (NOT FIXED);CONCRETE TRAFFIC BARRIER","37076","2018","December","Winter","03","Saturday","Weekend","No Injuries","No Fatalities"
9.97075673429327e-314,2018-12-15 04:00:00,1,1,0,NA,"N","NOT COLLISION W/MOTOR VEHICLE-TRANSPORT","RAIN","DARK - LIGHTED","MM 209 0 I 40","NASHVILLE","CENTRA",36.15791,-86.79078,"CONCRETE TRAFFIC BARRIER","37203","2018","December","Winter","04","Saturday","Weekend","Injuries","No Fatalities"
9.97075673478734e-314,2018-12-15 04:00:00,2,0,0,NA,"N","Front to Rear","RAIN","DARK - LIGHTED","MM 57 1 I 24","ANTIOCH","SOUTH",36.06825,-86.68844,"MOTOR VEHICLE IN TRANSPORT","37013","2018","December","Winter","04","Saturday","Weekend","No Injuries","No Fatalities"
9.97075673873986e-314,2018-12-15 04:07:00,2,3,0,NA,"N","HEAD-ON","RAIN","DARK - NOT LIGHTED","NOLENSVILLE PKE & HOLT RD","NASHVILLE","MIDTOW",36.01238,-86.70361,"MOTOR VEHICLE IN TRANSPORT","37211","2018","December","Winter","04","Saturday","Weekend","Injuries","No Fatalities"
9.97075675207964e-314,2018-12-15 04:36:00,2,0,0,NA,"N","ANGLE","RAIN","DARK - LIGHTED","VANTAGE WAY CT & VANTAGE WAY","NASHVILLE","NORTH",36.19102,-86.79895,"MOTOR VEHICLE IN TRANSPORT","37228","2018","December","Winter","04","Saturday","Weekend","No Injuries","No Fatalities"
9.97075675850249e-314,2018-12-15 03:12:00,2,1,0,NA,"N","Front to Rear","RAIN","DARK - LIGHTED","WOODMONT BLVD & GENERAL BATE DR","NASHVILLE","MIDTOW",36.11043,-86.78321,"MOTOR VEHICLE IN TRANSPORT;Motor Vehicle-In-Motion Outside Trafficw","37204","2018","December","Winter","03","Saturday","Weekend","Injuries","No Fatalities"
9.97075676245501e-314,2018-12-14 06:00:00,2,0,0,NA,"N","SIDESWIPE - SAME DIRECTION","RAIN","DARK - LIGHTED","MM 56 6 I 24","NASHVILLE","SOUTH",36.07437,-86.69302,"MOTOR VEHICLE IN TRANSPORT","37211","2018","December","Winter","06","Friday","Weekday","No Injuries","No Fatalities"
9.97075676443128e-314,2018-12-15 04:45:00,2,0,0,NA,"N","ANGLE","RAIN","DARK - LIGHTED","WHITE BRIDGE PKE & CHARLOTTE PKE","NASHVILLE","WEST",36.15015,-86.85795,"MOTOR VEHICLE IN TRANSPORT","37209","2018","December","Winter","04","Saturday","Weekend","No Injuries","No Fatalities"
9.9707567713482e-314,2018-12-15 05:00:00,3,0,0,NA,"N","Front to Rear","RAIN","DARK - LIGHTED","RIVERGATE MARKETPLACE PVTDR & GALLATIN P","MADISON","MADISO",36.30275,-86.69185,"MOTOR VEHICLE IN TRANSPORT","37115","2018","December","Winter","05","Saturday","Weekend","No Injuries","No Fatalities"
9.97075678271171e-314,2018-12-15 05:20:00,2,0,0,NA,"N","Front to Rear","RAIN","DARK - LIGHTED","S 5TH ST & WOODLAND ST","NASHVILLE","EAST",36.17198,-86.76485,"MOTOR VEHICLE IN TRANSPORT","37206","2018","December","Winter","05","Saturday","Weekend","No Injuries","No Fatalities"
9.97075679358115e-314,2018-12-15 04:58:00,3,0,0,NA,"Y","Front to Rear","RAIN","DARK - LIGHTED","WEST END AV & 18TH AVS","NASHVILLE","MIDTOW",36.15282,-86.79637,"MOTOR VEHICLE IN TRANSPORT;PARKED MOTOR VEHICLE","37203","2018","December","Winter","04","Saturday","Weekend","No Injuries","No Fatalities"
9.97075680445059e-314,2018-12-15 03:30:00,2,0,0,NA,"N","SIDESWIPE - SAME DIRECTION","RAIN","DARK - LIGHTED","2ND AVS & I40 W EXT RAMP","NASHVILLE","CENTRA",36.15176,-86.76863,"MOTOR VEHICLE IN TRANSPORT","37210","2018","December","Winter","03","Saturday","Weekend","No Injuries","No Fatalities"
9.97075682470729e-314,2018-12-15 03:43:00,2,0,0,NA,"Y","SIDESWIPE - SAME DIRECTION","RAIN","DARK - LIGHTED","ANDREW JACKSON PKWY & ANDREW JACKSON WAY","HERMITAGE","HERMIT",36.18744,-86.60819,"MOTOR VEHICLE IN TRANSPORT","37076","2018","December","Winter","03","Saturday","Weekend","No Injuries","No Fatalities"
9.97075696008127e-314,2018-12-15 07:05:00,2,0,0,NA,"N","HEAD-ON","RAIN","DARK - LIGHTED","HERITAGE TRACE DR & PLYMOUTH ROCK CT","MADISON","MADISO",36.2665,-86.7228,"MOTOR VEHICLE IN TRANSPORT;PARKED MOTOR VEHICLE","37115","2018","December","Winter","07","Saturday","Weekend","No Injuries","No Fatalities"
9.97075696304567e-314,2018-12-15 08:46:00,2,0,0,NA,"N","Rear to Side","RAIN","DARK - LIGHTED","WOODLAWN DR & HARDING PKE","NASHVILLE","WEST",36.12757,-86.84388,"MOTOR VEHICLE IN TRANSPORT","37205","2018","December","Winter","08","Saturday","Weekend","No Injuries","No Fatalities"
9.9707569640338e-314,2018-12-15 06:00:00,1,1,0,NA,"N","NOT COLLISION W/MOTOR VEHICLE-TRANSPORT","RAIN","DARK - NOT LIGHTED","MM 86 5 I 65","NASHVILLE","NORTH",36.19253,-86.77672,"Other Traffic Barrier;Ran Off Road-Left","37207","2018","December","Winter","06","Saturday","Weekend","Injuries","No Fatalities"
9.97075696798632e-314,2018-12-15 08:49:00,2,0,0,NA,"N","ANGLE","RAIN","DARK - LIGHTED","1718 HUBBS ALY","NASHVILLE","MIDTOW",36.15557,-86.79749,"PARKED MOTOR VEHICLE;TREE;Motor Vehicle-In-Motion Outside Trafficw","37203","2018","December","Winter","08","Saturday","Weekend","No Injuries","No Fatalities"
9.97075698725488e-314,2018-12-15 09:20:00,2,0,0,NA,"Y","Front to Rear","RAIN","DARK - LIGHTED","MM 48 8 I 24","NASHVILLE","CENTRA",36.16856,-86.76617,"MOTOR VEHICLE IN TRANSPORT","37213","2018","December","Winter","09","Saturday","Weekend","No Injuries","No Fatalities"
9.9707569941718e-314,2018-12-15 09:21:00,1,0,0,NA,"Y","NOT COLLISION W/MOTOR VEHICLE-TRANSPORT","RAIN","DARK - LIGHTED","HOLT RD & WINFIELD DR","NASHVILLE","MIDTOW",36.01486,-86.73347,"MAIL BOX","37211","2018","December","Winter","09","Saturday","Weekend","No Injuries","No Fatalities"
9.97075704357837e-314,2018-12-15 11:10:00,1,1,0,NA,"N","NOT COLLISION W/MOTOR VEHICLE-TRANSPORT","RAIN","DARK - LIGHTED","SMITH SPRINGS RD & CASTLEGATE DR","NASHVILLE","HERMIT",36.08918,-86.61518,"UTILITY POLE;TREE","37217","2018","December","Winter","11","Saturday","Weekend","Injuries","No Fatalities"
9.97075718389301e-314,2018-12-15 09:33:00,2,0,0,NA,"Y","ANGLE","RAIN","DARK - LIGHTED","DELL PKWY & MURFREESBORO PKE","NASHVILLE","SOUTH",36.10602,-86.6785,"PARKED MOTOR VEHICLE;Motor Vehicle-In-Motion Outside Trafficw","37217","2018","December","Winter","09","Saturday","Weekend","No Injuries","No Fatalities"
9.97075787706711e-314,2018-12-16 05:56:00,2,0,0,NA,"N","Front to Rear","RAIN","DARK - LIGHTED","SHELBY AV & I24 E ENT RAMP","NASHVILLE","CENTRA",36.16594,-86.76647,"MOTOR VEHICLE IN TRANSPORT","37213","2018","December","Winter","05","Sunday","Weekend","No Injuries","No Fatalities"
9.97075792548554e-314,2018-12-16 06:51:00,2,0,0,NA,"Y","NOT COLLISION W/MOTOR VEHICLE-TRANSPORT","RAIN","DARK - LIGHTED","DIVISION ST & 5TH AVS","NASHVILLE","CENTRA",36.1516,-86.77335,"LUMINAIRE/LIGHT SUPPORT;OTHER POST, POLE, SUPP.;CURB","37203","2018","December","Winter","06","Sunday","Weekend","No Injuries","No Fatalities"
9.97075794080158e-314,2018-12-16 07:12:00,2,0,0,NA,"N","ANGLE","RAIN","DARK - LIGHTED","18TH AVN & HUBBS ALY","NASHVILLE","MIDTOW",36.1554,-86.7978,"MOTOR VEHICLE IN TRANSPORT","37203","2018","December","Winter","07","Sunday","Weekend","No Injuries","No Fatalities"
9.97075794969476e-314,2018-12-16 07:15:00,2,1,0,NA,"Y","SIDESWIPE - SAME DIRECTION","RAIN","DARK - LIGHTED","BROADWAY & 3RD AVN","NASHVILLE","CENTRA",36.16145,-86.77618,"MOTOR VEHICLE IN TRANSPORT;PARKED MOTOR VEHICLE","37201","2018","December","Winter","07","Sunday","Weekend","Injuries","No Fatalities"
9.97075799020814e-314,2018-12-16 08:12:00,1,1,0,NA,"N","NOT COLLISION W/MOTOR VEHICLE-TRANSPORT","RAIN","DARK - LIGHTED","MM 212 2 I 40","NASHVILLE","HERMIT",36.14584,-86.74146,"WALL","37210","2018","December","Winter","08","Sunday","Weekend","Injuries","No Fatalities"
9.97075800206572e-314,2018-12-16 08:24:00,1,1,0,NA,"N","NOT COLLISION W/MOTOR VEHICLE-TRANSPORT","RAIN","DARK - LIGHTED","OLD HICKORY BLVD & BRENTWOOD TRC","BRENTWOOD","MIDTOW",36.04113,-86.77613,"IMPACT ATTENUATOR;TRAFFIC SIGNAL SUPPORT","37027","2018","December","Winter","08","Sunday","Weekend","Injuries","No Fatalities"
9.9707580252868e-314,2018-12-16 08:29:00,2,1,0,NA,"N","SIDESWIPE - SAME DIRECTION","RAIN","DARK - LIGHTED","WEDGEWOOD AV & I65 N ENT RAMP","NASHVILLE","MIDTOW",36.13428,-86.77473,"MOTOR VEHICLE IN TRANSPORT","37204","2018","December","Winter","08","Sunday","Weekend","Injuries","No Fatalities"
9.970758026769e-314,2018-12-16 08:53:00,2,0,0,NA,"Y","ANGLE","RAIN","DARK - LIGHTED","NOLENSVILLE PKE & OLD HICKORY BLVD","NASHVILLE","SOUTH",36.04629,-86.71337,"Motor Vehicle-In-Motion Outside Trafficw","37211","2018","December","Winter","08","Sunday","Weekend","No Injuries","No Fatalities"
9.97075803170966e-314,2018-12-16 08:57:00,2,0,0,NA,"Y","Front to Rear","RAIN","DARK - LIGHTED","MM 58 9 I 24","ANTIOCH","SOUTH",36.04977,-86.6669,"MOTOR VEHICLE IN TRANSPORT","37013","2018","December","Winter","08","Sunday","Weekend","No Injuries","No Fatalities"
9.97075803220372e-314,2018-12-16 06:00:00,1,0,0,NA,"Y","UNKNOWN","RAIN","DARK - LIGHTED","I24 W EXT RAMP & I 24","NASHVILLE","SOUTH",36.10811,-86.72021,"UNKNOWN MOST HARMFUL EVENT","37211","2018","December","Winter","06","Sunday","Weekend","No Injuries","No Fatalities"
9.97075809099754e-314,2018-12-16 10:27:00,1,0,0,NA,"N","NOT COLLISION W/MOTOR VEHICLE-TRANSPORT","RAIN","DARK - NOT LIGHTED","MM 77 1 I 65","NASHVILLE","MIDTOW",36.07226,-86.76961,"MOTOR VEHICLE IN TRANSPORT;GUARDRAIL FACE","37220","2018","December","Winter","10","Sunday","Weekend","No Injuries","No Fatalities"
9.97074783271253e-314,2018-12-08 03:36:00,2,1,0,NA,"N","Front to Rear","RAIN","DARK - NOT LIGHTED","COLICE JEANNE RD & HIGHWAY 70S","NASHVILLE","WEST",36.07333,-86.9352,"MOTOR VEHICLE IN TRANSPORT","37221","2018","December","Winter","03","Saturday","Weekend","Injuries","No Fatalities"
9.97074796808652e-314,2018-12-08 06:00:00,2,1,0,NA,"N","Front to Rear","RAIN","DARK - NOT LIGHTED","MM 34 8 I 24","JOELTON","NORTH",36.32463,-86.87018,"MOTOR VEHICLE IN TRANSPORT","37080","2018","December","Winter","06","Saturday","Weekend","Injuries","No Fatalities"
9.97074805207768e-314,2018-12-08 07:45:00,1,0,0,NA,"N","NOT COLLISION W/MOTOR VEHICLE-TRANSPORT","RAIN","DARK - NOT LIGHTED","MM 191 9 I 40","NASHVILLE","WEST",36.07725,-87.0311,"Ran Off Road-Left","37221","2018","December","Winter","07","Saturday","Weekend","No Injuries","No Fatalities"
9.97074807134624e-314,2018-12-08 08:10:00,2,0,0,NA,"Y","SIDESWIPE - SAME DIRECTION","RAIN","DARK - LIGHTED","MM 48 3 I 24","NASHVILLE","CENTRA",36.17206,-86.76851,"MOTOR VEHICLE IN TRANSPORT","37213","2018","December","Winter","08","Saturday","Weekend","No Injuries","No Fatalities"
9.97074815138487e-314,2018-12-08 10:05:00,1,0,0,NA,"N","NOT COLLISION W/MOTOR VEHICLE-TRANSPORT","RAIN","DARK - LIGHTED","MM 57 6 I 24","ANTIOCH","SOUTH",36.06283,-86.68254,"CONCRETE TRAFFIC BARRIER","37013","2018","December","Winter","10","Saturday","Weekend","No Injuries","No Fatalities"
9.97074820622616e-314,2018-12-08 11:40:00,2,0,0,NA,"N","ANGLE","RAIN","DARK - LIGHTED","WEST END AV & 21ST AVN","NASHVILLE","MIDTOW",36.15031,-86.80159,"MOTOR VEHICLE IN TRANSPORT","37240","2018","December","Winter","11","Saturday","Weekend","No Injuries","No Fatalities"
9.97074823636416e-314,2018-12-08 12:42:00,1,0,0,NA,"N","NOT COLLISION W/MOTOR VEHICLE-TRANSPORT","RAIN","DAYLIGHT","MM 47 8 I 24","NASHVILLE","CENTRA",36.1783,-86.77332,"CONCRETE TRAFFIC BARRIER","37207","2018","December","Winter","12","Saturday","Weekend","No Injuries","No Fatalities"
9.97074824328108e-314,2018-12-08 12:55:00,1,0,0,NA,"N","NOT COLLISION W/MOTOR VEHICLE-TRANSPORT","RAIN","DAYLIGHT","MM 86 5 I 65","NASHVILLE","NORTH",36.19313,-86.7772,"GUARDRAIL FACE","37207","2018","December","Winter","12","Saturday","Weekend","No Injuries","No Fatalities"
9.970748250198e-314,2018-12-08 11:59:00,2,0,0,NA,"Y","Front to Rear","RAIN","DARK - LIGHTED","MM 210 9 I 40","NASHVILLE","HERMIT",36.15426,-86.76172,"MOTOR VEHICLE IN TRANSPORT","37210","2018","December","Winter","11","Saturday","Weekend","No Injuries","No Fatalities"
9.970748573811e-314,2018-12-08 06:00:00,2,0,0,NA,"N","ANGLE","RAIN","DAYLIGHT","LARGO DR & LINBAR DR","NASHVILLE","SOUTH",36.08376,-86.70531,"MOTOR VEHICLE IN TRANSPORT","37211","2018","December","Winter","06","Saturday","Weekend","No Injuries","No Fatalities"
9.97074862025317e-314,2018-12-08 06:00:00,2,0,0,NA,"N","Front to Rear","RAIN","DARK - LIGHTED","NOLENSVILLE PKE & HIGGINS ST","NASHVILLE","SOUTH",36.07204,-86.72396,"MOTOR VEHICLE IN TRANSPORT","37211","2018","December","Winter","06","Saturday","Weekend","No Injuries","No Fatalities"
9.97074864495645e-314,2018-12-08 06:00:00,2,0,0,NA,"N","ANGLE","RAIN","DARK - NOT LIGHTED","OLD LEBANON PKE & KNOBVIEW DR","NASHVILLE","HERMIT",36.16991,-86.6695,"MOTOR VEHICLE IN TRANSPORT;MOTOR VEHICLE IN TRANSPORT-OTHER ROADWAY","37214","2018","December","Winter","06","Saturday","Weekend","No Injuries","No Fatalities"
9.97074868398764e-314,2018-12-09 00:26:00,2,2,0,NA,"N","Front to Rear","RAIN","DARK - NOT LIGHTED","OLD HICKORY BLVD & SONYA DR","NASHVILLE","WEST",36.10929,-86.92249,"MOTOR VEHICLE IN TRANSPORT","37221","2018","December","Winter","00","Sunday","Weekend","Injuries","No Fatalities"
9.97074869880961e-314,2018-12-09 00:24:00,2,0,0,NA,"N","Front to Rear","RAIN","DARK - NOT LIGHTED","UNA ANTIOCH PKE & PICCADILLY ROW","ANTIOCH","SOUTH",36.08217,-86.65195,"MOTOR VEHICLE IN TRANSPORT","37013","2018","December","Winter","00","Sunday","Weekend","No Injuries","No Fatalities"