"Accident.Number","Date.and.Time","Number.of.Motor.Vehicles","Number.of.Injuries","Number.of.Fatalities","Property.Damage","Hit.and.Run","Collision.Type.Description","Weather.Description","Illumination.Description","Street.Address","City","Precinct","Latitude","Longitude","HarmfulDescriptions","Zip.Code","Year","Month","Season","Hour","Weekday","DayType","Accident","Fatality_category"
9.97074869979774e-314,2018-12-09 00:50:00,2,0,0,NA,"N","ANGLE","RAIN","DARK - LIGHTED","BLAKEMORE AV & 24TH AVS","NASHVILLE","MIDTOW",36.13803,-86.80505,"MOTOR VEHICLE IN TRANSPORT","37212","2018","December","Winter","00","Sunday","Weekend","No Injuries","No Fatalities"
9.97074870276213e-314,2018-12-09 00:54:00,2,0,0,NA,"N","Front to Rear","RAIN","DARK - LIGHTED","MUSIC VALLEY DR & MUSIC CITY CIR","NASHVILLE","HERMIT",36.22262,-86.69429,"MOTOR VEHICLE IN TRANSPORT","37214","2018","December","Winter","00","Sunday","Weekend","No Injuries","No Fatalities"
9.97074870424433e-314,2018-12-09 00:53:00,2,0,0,NA,"N","ANGLE","RAIN","DARK - LIGHTED","GREENFIELD AV & GALLATIN PKE","NASHVILLE","EAST",36.21092,-86.73311,"MOTOR VEHICLE IN TRANSPORT","37216","2018","December","Winter","00","Sunday","Weekend","No Injuries","No Fatalities"
9.97074871066718e-314,2018-12-09 00:47:00,2,0,0,NA,"N","SIDESWIPE - SAME DIRECTION","RAIN","DARK - LIGHTED","MM 59 3 I 24","ANTIOCH","SOUTH",36.04627,-86.66091,"MOTOR VEHICLE IN TRANSPORT","37013","2018","December","Winter","00","Sunday","Weekend","No Injuries","No Fatalities"
9.97074871560784e-314,2018-12-09 00:45:00,2,0,0,NA,"Y","HEAD-ON","RAIN","DARK - LIGHTED","TITANS WAY & RUSSELL ST","NASHVILLE","CENTRA",36.16628,-86.7738,"PARKED MOTOR VEHICLE","37213","2018","December","Winter","00","Sunday","Weekend","No Injuries","No Fatalities"
9.9707487190663e-314,2018-12-09 01:22:00,1,1,0,NA,"N","NOT COLLISION W/MOTOR VEHICLE-TRANSPORT","RAIN","DARK - LIGHTED","ASHLAND CITY HWY & WWCR AV","NASHVILLE","NORTH",36.21186,-86.893,"OTHER ANIMAL","37218","2018","December","Winter","01","Sunday","Weekend","Injuries","No Fatalities"
9.97074872203069e-314,2018-12-09 00:24:00,2,0,0,NA,"Y","Front to Rear","RAIN","DARK - LIGHTED","GALLATIN PKEN & STATE RT 45","MADISON","MADISO",36.26307,-86.71192,"MOTOR VEHICLE IN TRANSPORT","37115","2018","December","Winter","00","Sunday","Weekend","No Injuries","No Fatalities"
9.97074872351289e-314,2018-12-09 00:07:00,2,1,0,NA,"Y","Front to Rear","RAIN","DARK - LIGHTED","LANE DR & WHITES CREEK PKE","NASHVILLE","NORTH",36.22323,-86.80589,"MOTOR VEHICLE IN TRANSPORT","37207","2018","December","Winter","00","Sunday","Weekend","Injuries","No Fatalities"
9.97074873586453e-314,2018-12-09 01:50:00,2,1,0,NA,"N","ANGLE","RAIN","DARK - NOT LIGHTED","FORREST AV & N 14TH ST","NASHVILLE","EAST",36.17808,-86.74563,"MOTOR VEHICLE IN TRANSPORT","37206","2018","December","Winter","01","Sunday","Weekend","Injuries","No Fatalities"
9.97074873981706e-314,2018-12-09 02:04:00,1,1,0,NA,"N","NOT COLLISION W/MOTOR VEHICLE-TRANSPORT","RAIN","DARK - LIGHTED","MM 86 3 I 65","NASHVILLE","CENTRA",36.1921,-86.78052,"GUARDRAIL FACE","37207","2018","December","Winter","02","Sunday","Weekend","Injuries","No Fatalities"
9.97074874525178e-314,2018-12-09 02:12:00,2,1,0,NA,"N","ANGLE","RAIN","DARK - LIGHTED","BRILEY PKWY & GLASTONBURY RD","NASHVILLE","HERMIT",36.1372,-86.69967,"MOTOR VEHICLE IN TRANSPORT","37217","2018","December","Winter","02","Sunday","Weekend","Injuries","No Fatalities"
9.97074875513309e-314,2018-12-09 02:20:00,1,0,0,NA,"N","NOT COLLISION W/MOTOR VEHICLE-TRANSPORT","RAIN","DARK - NOT LIGHTED","POPLAR CREEK RD & SOMERSET PL","NASHVILLE","WEST",36.05688,-86.97125,"CULVERT","37221","2018","December","Winter","02","Sunday","Weekend","No Injuries","No Fatalities"
9.97074876847286e-314,2018-12-09 02:33:00,1,0,0,NA,"Y","NOT COLLISION W/MOTOR VEHICLE-TRANSPORT","RAIN","DARK - LIGHTED","RURAL HILL RD & MT VIEW RD","ANTIOCH","SOUTH",36.05244,-86.65316,"CURB","37013","2018","December","Winter","02","Sunday","Weekend","No Injuries","No Fatalities"
9.97074878033044e-314,2018-12-09 02:30:00,1,0,0,NA,"N","NOT COLLISION W/MOTOR VEHICLE-TRANSPORT","RAIN","DARK - NOT LIGHTED","LESTER AV & STANLEY ST","NASHVILLE","SOUTH",36.14402,-86.75288,"EMBANKMENT EARTH","37210","2018","December","Winter","02","Sunday","Weekend","No Injuries","No Fatalities"
9.97074878477703e-314,2018-12-09 03:14:00,2,2,0,NA,"N","ANGLE","RAIN","DARK - LIGHTED","HARDING PL & SIDCO DR","NASHVILLE","MIDTOW",36.0821,-86.7617,"MOTOR VEHICLE IN TRANSPORT","37220","2018","December","Winter","03","Sunday","Weekend","Injuries","No Fatalities"
9.9707487852711e-314,2018-12-09 03:11:00,1,1,0,NA,"N","NOT COLLISION W/MOTOR VEHICLE-TRANSPORT","RAIN","DARK - LIGHTED","OLD HICKORY BLVD & NOLENSVILLE PKE","ANTIOCH","SOUTH",36.04548,-86.71207,"PEDESTRIAN","37013","2018","December","Winter","03","Sunday","Weekend","Injuries","No Fatalities"
9.97074878922362e-314,2018-12-09 01:10:00,2,0,0,NA,"N","OTHER","RAIN","DARK - NOT LIGHTED","26TH AVN & BATAVIA ST","NASHVILLE","NORTH",36.16158,-86.81631,"PARKED MOTOR VEHICLE","37208","2018","December","Winter","01","Sunday","Weekend","No Injuries","No Fatalities"
9.97074879712867e-314,2018-12-09 03:00:00,1,0,0,NA,"N","NOT COLLISION W/MOTOR VEHICLE-TRANSPORT","RAIN","DARK - NOT LIGHTED","RECOVERY RD & WALLACE RD","NASHVILLE","SOUTH",36.0793,-86.72049,"CURB","37211","2018","December","Winter","03","Sunday","Weekend","No Injuries","No Fatalities"
9.97074881590317e-314,2018-12-09 03:25:00,2,0,0,NA,"Y","SIDESWIPE - SAME DIRECTION","RAIN","DARK - LIGHTED","BRILEY PKWYN & BRILEY PKWYS","NASHVILLE","SOUTH",36.20728,-86.69024,"MOTOR VEHICLE IN TRANSPORT","37211","2018","December","Winter","03","Sunday","Weekend","No Injuries","No Fatalities"
9.97074883418359e-314,2018-12-09 04:27:00,1,0,0,NA,"N","NOT COLLISION W/MOTOR VEHICLE-TRANSPORT","RAIN","DARK - LIGHTED","HICKORY HOLLOW PKWY & I24 W ENT RAMP","ANTIOCH","SOUTH",36.04198,-86.64949,"GUARDRAIL END","37013","2018","December","Winter","04","Sunday","Weekend","No Injuries","No Fatalities"
9.97074884208865e-314,2018-12-09 04:46:00,1,0,0,NA,"N","NOT COLLISION W/MOTOR VEHICLE-TRANSPORT","RAIN","DARK - LIGHTED","0 HART LN","NASHVILLE","EAST",36.21761,-86.74574,"CURB;DITCH;SHRUBBERY;TREE","37207","2018","December","Winter","04","Sunday","Weekend","No Injuries","No Fatalities"
9.97074884307678e-314,2018-12-09 04:16:00,2,0,0,NA,"N","ANGLE","RAIN","DARK - LIGHTED","FRANKLIN PKE & HARDING PL","NASHVILLE","MIDTOW",36.08698,-86.77192,"MOTOR VEHICLE IN TRANSPORT","37204","2018","December","Winter","04","Sunday","Weekend","No Injuries","No Fatalities"
9.97074884604117e-314,2018-12-09 03:55:00,2,0,0,NA,"Y","ANGLE","RAIN","DARK - LIGHTED","31ST AVN & BURCH AV","NASHVILLE","MIDTOW",36.14639,-86.81636,"MOTOR VEHICLE IN TRANSPORT","37203","2018","December","Winter","03","Sunday","Weekend","No Injuries","No Fatalities"
9.97074884801743e-314,2018-12-09 03:24:00,2,0,0,NA,"N","ANGLE","RAIN","DARK - LIGHTED","BROADWAY & 5TH AVS","NASHVILLE","CENTRA",36.16028,-86.77888,"MOTOR VEHICLE IN TRANSPORT","37203","2018","December","Winter","03","Sunday","Weekend","No Injuries","No Fatalities"
9.9707488499937e-314,2018-12-09 04:40:00,2,0,0,NA,"N","Front to Rear","RAIN","DARK - LIGHTED","GALLATIN PKEN & NESBITT LN","MADISON","MADISO",36.27307,-86.71011,"MOTOR VEHICLE IN TRANSPORT","37115","2018","December","Winter","04","Sunday","Weekend","No Injuries","No Fatalities"
9.97074886926226e-314,2018-12-09 05:15:00,1,0,0,NA,"Y","NOT COLLISION W/MOTOR VEHICLE-TRANSPORT","RAIN","DARK - LIGHTED","HILLSIDE AV & RESERVOIR CT","NASHVILLE","MIDTOW",36.13983,-86.78267,"FENCE","37203","2018","December","Winter","05","Sunday","Weekend","No Injuries","No Fatalities"
9.97074887420291e-314,2018-12-09 05:15:00,2,1,0,NA,"N","ANGLE","RAIN","DARK - LIGHTED","CENTRAL PKE & DODSON CHAPEL RD","HERMITAGE","HERMIT",36.17483,-86.61452,"MOTOR VEHICLE IN TRANSPORT","37076","2018","December","Winter","05","Sunday","Weekend","Injuries","No Fatalities"
9.97074887815544e-314,2018-12-09 05:23:00,1,1,0,NA,"N","NOT COLLISION W/MOTOR VEHICLE-TRANSPORT","RAIN","DARK - LIGHTED","CHARLOTTE AV & 40TH AVN","NASHVILLE","WEST",36.15243,-86.8355,"RAILWAY TRAIN","37209","2018","December","Winter","05","Sunday","Weekend","Injuries","No Fatalities"
9.97074887914357e-314,2018-12-09 04:40:00,2,0,0,NA,"N","SIDESWIPE - SAME DIRECTION","RAIN","DARK - LIGHTED","BROADWAY & 4TH AVN","NASHVILLE","CENTRA",36.1609,-86.77748,"MOTOR VEHICLE IN TRANSPORT","37203","2018","December","Winter","04","Sunday","Weekend","No Injuries","No Fatalities"
9.97076297088392e-314,2018-12-20 06:00:00,2,0,0,NA,"Y","Front to Rear","RAIN","DARK - LIGHTED","N 17TH ST & EASTLAND AV","NASHVILLE","EAST",36.18283,-86.73849,"MOTOR VEHICLE IN TRANSPORT","37206","2018","December","Winter","06","Thursday","Weekday","No Injuries","No Fatalities"
9.97074888951895e-314,2018-12-09 05:35:00,2,1,0,NA,"Y","Front to Rear","RAIN","DARK - NOT LIGHTED","SHELBY AV & I24 E ENT RAMP","NASHVILLE","CENTRA",36.16612,-86.76607,"MOTOR VEHICLE IN TRANSPORT","37213","2018","December","Winter","05","Sunday","Weekend","Injuries","No Fatalities"
9.97074889149521e-314,2018-12-09 05:37:00,2,1,0,NA,"Y","Front to Rear","RAIN","DARK - LIGHTED","MM 49 6 I 24","NASHVILLE","CENTRA",36.15767,-86.76042,"MOTOR VEHICLE IN TRANSPORT","37210","2018","December","Winter","05","Sunday","Weekend","Injuries","No Fatalities"
9.97074889791806e-314,2018-12-09 03:34:00,3,0,0,NA,"N","ANGLE","RAIN","DARK - NOT LIGHTED","DOUGLAS AV & GALLATIN AV","NASHVILLE","EAST",36.19271,-86.74437,"MOTOR VEHICLE IN TRANSPORT","37206","2018","December","Winter","03","Sunday","Weekend","No Injuries","No Fatalities"
9.97076313244339e-314,2018-12-20 06:00:00,1,0,0,NA,"N","NOT COLLISION W/MOTOR VEHICLE-TRANSPORT","RAIN","DARK - LIGHTED","ACKLEN AV & LOVE CIR","NASHVILLE","MIDTOW",36.13764,-86.81854,"TREE","37212","2018","December","Winter","06","Thursday","Weekday","No Injuries","No Fatalities"
9.97074889841213e-314,2018-12-09 05:40:00,2,0,0,NA,"N","ANGLE","RAIN","DARK - NOT LIGHTED","COWAN ST & SPRING ST","NASHVILLE","CENTRA",36.17792,-86.77605,"PARKED MOTOR VEHICLE","37207","2018","December","Winter","05","Sunday","Weekend","No Injuries","No Fatalities"
9.97074890829344e-314,2018-12-09 05:48:00,1,0,0,NA,"N","NOT COLLISION W/MOTOR VEHICLE-TRANSPORT","RAIN","DARK - LIGHTED","DAVIDSON DR & DOWNEY DR","NASHVILLE","WEST",36.12611,-86.90264,"DEER (ANIMAL);Ran Off Road-Left","37205","2018","December","Winter","05","Sunday","Weekend","No Injuries","No Fatalities"
9.97076314281876e-314,2018-12-20 09:23:00,1,0,0,NA,"N","NOT COLLISION W/MOTOR VEHICLE-TRANSPORT","RAIN","DARK - LIGHTED","MM 54 9 I 24","NASHVILLE","SOUTH",36.09627,-86.70811,"GUARDRAIL FACE;DITCH;CONCRETE TRAFFIC BARRIER;Ran Off Road-Right","37211","2018","December","Winter","09","Thursday","Weekday","No Injuries","No Fatalities"
9.97074891125784e-314,2018-12-09 02:21:00,2,0,0,NA,"N","SIDESWIPE - SAME DIRECTION","RAIN","DARK - LIGHTED","LAKEWALK DR & MARITIME PORT","ANTIOCH","SOUTH",36.05296,-86.59764,"PARKED MOTOR VEHICLE","37013","2018","December","Winter","02","Sunday","Weekend","No Injuries","No Fatalities"
9.97076322977432e-314,2018-12-20 11:30:00,1,0,0,NA,"N","NOT COLLISION W/MOTOR VEHICLE-TRANSPORT","RAIN","DARK - NOT LIGHTED","MM 59 3 I 24","ANTIOCH","SOUTH",36.04593,-86.66032,"CONCRETE TRAFFIC BARRIER","37013","2018","December","Winter","11","Thursday","Weekday","No Injuries","No Fatalities"
9.9707489132341e-314,2018-12-09 05:53:00,2,0,0,NA,"Y","ANGLE","RAIN","DARK - LIGHTED","I65 S EXT RAMP & I 65","MADISON","MADISO",36.20892,-86.77629,"MOTOR VEHICLE IN TRANSPORT","37115","2018","December","Winter","05","Sunday","Weekend","No Injuries","No Fatalities"
9.97074892657387e-314,2018-12-09 06:05:00,1,0,0,NA,"N","NOT COLLISION W/MOTOR VEHICLE-TRANSPORT","RAIN","DARK - LIGHTED","HORTON AV & 12TH AVS","NASHVILLE","MIDTOW",36.13982,-86.78759,"CURB;FIRE HYDRANT","37203","2018","December","Winter","06","Sunday","Weekend","No Injuries","No Fatalities"
9.97076327325209e-314,2018-12-20 12:10:00,2,1,0,NA,"N","ANGLE","RAIN","DARK - NOT LIGHTED","DOVER GLEN DR & DOVER GLEN PVTDR","ANTIOCH","SOUTH",36.07631,-86.64343,"MOTOR VEHICLE IN TRANSPORT","37013","2018","December","Winter","12","Thursday","Weekday","Injuries","No Fatalities"
9.97074894287804e-314,2018-12-09 06:50:00,2,1,0,NA,"N","ANGLE","RAIN","DARK - LIGHTED","ANDREW JACKSON PKWY & OLD HICKORY BLVD","HERMITAGE","HERMIT",36.18407,-86.61039,"MOTOR VEHICLE IN TRANSPORT","37076","2018","December","Winter","06","Sunday","Weekend","Injuries","No Fatalities"
9.9707489433721e-314,2018-12-09 06:49:00,2,2,0,NA,"Y","HEAD-ON","RAIN","DARK - LIGHTED","NOLENSVILLE PIKE & HAYWOOD LN","NASHVILLE","SOUTH",36.0682,-86.71911,"MOTOR VEHICLE IN TRANSPORT;WALL","37211","2018","December","Winter","06","Sunday","Weekend","Injuries","No Fatalities"
9.9707489448543e-314,2018-12-09 06:49:00,3,0,0,NA,"N","ANGLE","RAIN","DARK - LIGHTED","ELM HILL PKE & DONELSON PKE","NASHVILLE","HERMIT",36.14881,-86.66628,"MOTOR VEHICLE IN TRANSPORT","37214","2018","December","Winter","06","Sunday","Weekend","No Injuries","No Fatalities"
9.97076328362747e-314,2018-12-20 12:22:00,2,0,0,NA,"N","Front to Rear","RAIN","DARK - LIGHTED","MM 87 2 I 65","NASHVILLE","EAST",36.20537,-86.7766,"MOTOR VEHICLE IN TRANSPORT","37207","2018","December","Winter","12","Thursday","Weekday","No Injuries","No Fatalities"
9.97074899771932e-314,2018-12-09 07:20:00,2,0,0,NA,"N","SIDESWIPE - SAME DIRECTION","RAIN","DARK - LIGHTED","17TH AVS & BROADWAY","NASHVILLE","MIDTOW",36.15325,-86.79401,"MOTOR VEHICLE IN TRANSPORT","37203","2018","December","Winter","07","Sunday","Weekend","No Injuries","No Fatalities"
9.97076329153252e-314,2018-12-20 12:42:00,3,1,0,NA,"N","Front to Rear","RAIN","DAYLIGHT","MM 211 2 I 40","NASHVILLE","HERMIT",36.15313,-86.75546,"MOTOR VEHICLE IN TRANSPORT","37210","2018","December","Winter","12","Thursday","Weekday","Injuries","No Fatalities"
9.97076329202659e-314,2018-12-20 12:35:00,2,0,0,NA,"N","Front to Rear","RAIN","DAYLIGHT","MM 79 8 I 65","NASHVILLE","MIDTOW",36.11084,-86.77088,"MOTOR VEHICLE IN TRANSPORT","37204","2018","December","Winter","12","Thursday","Weekday","No Injuries","No Fatalities"
9.97074900167185e-314,2018-12-09 07:00:00,2,0,0,NA,"Y","Front to Rear","RAIN","DARK - LIGHTED","MM 54 0 I 24","NASHVILLE","SOUTH",36.10656,-86.71891,"MOTOR VEHICLE IN TRANSPORT","37211","2018","December","Winter","07","Sunday","Weekend","No Injuries","No Fatalities"
9.97076329499098e-314,2018-12-20 12:44:00,1,2,0,NA,"N","NOT COLLISION W/MOTOR VEHICLE-TRANSPORT","RAIN","DAWN","EZELL RD & LUNA DR","NASHVILLE","SOUTH",36.0793,-86.68969,"UTILITY POLE","37211","2018","December","Winter","12","Thursday","Weekday","Injuries","No Fatalities"
9.97074900562437e-314,2018-12-09 07:50:00,2,0,0,NA,"N","ANGLE","RAIN","DARK - LIGHTED","MM 53 0 I 24","NASHVILLE","SOUTH",36.11857,-86.72631,"MOTOR VEHICLE IN TRANSPORT;CONCRETE TRAFFIC BARRIER","37210","2018","December","Winter","07","Sunday","Weekend","No Injuries","No Fatalities"
9.97074901995228e-314,2018-12-09 06:00:00,2,0,0,NA,"N","ANGLE","RAIN","DARK - LIGHTED","28TH AVN & CHARLOTTE AV","NASHVILLE","MIDTOW",36.15396,-86.81822,"MOTOR VEHICLE IN TRANSPORT","37209","2018","December","Winter","06","Sunday","Weekend","No Injuries","No Fatalities"
9.9707633033901e-314,2018-12-20 12:35:00,2,0,0,NA,"N","SIDESWIPE - SAME DIRECTION","RAIN","DAYLIGHT","MM 79 7 I 65","NASHVILLE","MIDTOW",36.11024,-86.77047,"MOTOR VEHICLE IN TRANSPORT","37204","2018","December","Winter","12","Thursday","Weekday","No Injuries","No Fatalities"
9.97074902489293e-314,2018-12-09 08:29:00,1,0,0,NA,"N","NOT COLLISION W/MOTOR VEHICLE-TRANSPORT","RAIN","DARK - NOT LIGHTED","BLUE HOLE RD & TIMBERLAKE CIR","ANTIOCH","SOUTH",36.04905,-86.67322,"DITCH","37013","2018","December","Winter","08","Sunday","Weekend","No Injuries","No Fatalities"
9.97076331475361e-314,2018-12-20 12:55:00,2,0,0,NA,"N","Front to Rear","RAIN","DAYLIGHT","6TH AVN & JEFFERSON ST","NASHVILLE","CENTRA",36.17388,-86.7887,"MOTOR VEHICLE IN TRANSPORT","37219","2018","December","Winter","12","Thursday","Weekday","No Injuries","No Fatalities"
9.97076332117646e-314,2018-12-20 12:55:00,2,0,0,NA,"N","Front to Rear","RAIN","DAYLIGHT","MM 1 1 I 440","NASHVILLE","WEST",36.1452,-86.82237,"MOTOR VEHICLE IN TRANSPORT","37205","2018","December","Winter","12","Thursday","Weekday","No Injuries","No Fatalities"
9.97074902884546e-314,2018-12-09 08:35:00,1,1,0,NA,"N","NOT COLLISION W/MOTOR VEHICLE-TRANSPORT","RAIN","DARK - NOT LIGHTED","MM 40 2 I 24","WHITES CREEK","NORTH",36.2812,-86.8041,"TREE;Motor Vehicle-In-Motion Outside Trafficw","37189","2018","December","Winter","08","Sunday","Weekend","Injuries","No Fatalities"
9.97074903329205e-314,2018-12-09 08:45:00,1,0,0,NA,"N","NOT COLLISION W/MOTOR VEHICLE-TRANSPORT","RAIN","DARK - LIGHTED","MM 49 2 I 24","NASHVILLE","CENTRA",36.16309,-86.76157,"CONCRETE TRAFFIC BARRIER","37213","2018","December","Winter","08","Sunday","Weekend","No Injuries","No Fatalities"
9.97074903872677e-314,2018-12-09 07:44:00,1,0,0,NA,"N","NOT COLLISION W/MOTOR VEHICLE-TRANSPORT","RAIN","DARK - LIGHTED","MM 55 5 I 24","NASHVILLE","SOUTH",36.08894,-86.70216,"LUMINAIRE/LIGHT SUPPORT;Ran Off Road-Right","37211","2018","December","Winter","07","Sunday","Weekend","No Injuries","No Fatalities"
9.97074905453687e-314,2018-12-09 06:00:00,1,0,0,NA,"Y","NOT COLLISION W/MOTOR VEHICLE-TRANSPORT","RAIN","DARK - NOT LIGHTED","FRANKLIN LIMESTONE RD & MULLINS RD","ANTIOCH","SOUTH",36.07969,-86.67792,"UTILITY POLE;Ran Off Road-Right","37013","2018","December","Winter","06","Sunday","Weekend","No Injuries","No Fatalities"
9.97074906244192e-314,2018-12-09 06:00:00,1,0,0,NA,"N","NOT COLLISION W/MOTOR VEHICLE-TRANSPORT","RAIN","DARK - LIGHTED","HARDING PL & E LONGDALE DR","NASHVILLE","MIDTOW",36.07793,-86.74289,"DITCH;OTHER FIXED OBJECTS;EMBANKMENT EARTH","37211","2018","December","Winter","06","Sunday","Weekend","No Injuries","No Fatalities"
9.97074906343005e-314,2018-12-09 09:29:00,1,0,0,NA,"N","NOT COLLISION W/MOTOR VEHICLE-TRANSPORT","RAIN","DARK - LIGHTED","HARDING PL & TIMBERHILL DR","NASHVILLE","MIDTOW",36.08106,-86.75579,"IMPACT ATTENUATOR;Ran Off Road-Right","37211","2018","December","Winter","09","Sunday","Weekend","No Injuries","No Fatalities"
9.97076334242128e-314,2018-12-20 06:00:00,2,0,0,NA,"N","SIDESWIPE - SAME DIRECTION","RAIN","DAWN","BROADWAY & 6TH AVS","NASHVILLE","CENTRA",36.15975,-86.78013,"MOTOR VEHICLE IN TRANSPORT","37203","2018","December","Winter","06","Thursday","Weekday","No Injuries","No Fatalities"
9.97074906787665e-314,2018-12-09 09:41:00,2,0,0,NA,"Y","Front to Rear","RAIN","DARK - LIGHTED","NOLENSVILLE PKE & OLD HICKORY BLVD","NASHVILLE","SOUTH",36.04537,-86.71326,"MOTOR VEHICLE IN TRANSPORT","37211","2018","December","Winter","09","Sunday","Weekend","No Injuries","No Fatalities"
9.97074907825202e-314,2018-12-09 06:00:00,1,0,0,NA,"Y","NOT COLLISION W/MOTOR VEHICLE-TRANSPORT","RAIN","DARK - NOT LIGHTED","SAUNDERSVILLE RD & LEXINGTON WAY","HERMITAGE","HERMIT",36.2257,-86.59829,"WALL","37076","2018","December","Winter","06","Sunday","Weekend","No Injuries","No Fatalities"
9.97074908615707e-314,2018-12-09 06:00:00,1,0,0,NA,"Y","UNKNOWN","RAIN","DARK - LIGHTED","THOMPSON LN & MASHBURN RD","NASHVILLE","SOUTH",36.10971,-86.7302,"UNKNOWN MOST HARMFUL EVENT","37211","2018","December","Winter","06","Sunday","Weekend","No Injuries","No Fatalities"
9.97074909603839e-314,2018-12-09 10:26:00,1,0,0,NA,"N","NOT COLLISION W/MOTOR VEHICLE-TRANSPORT","RAIN","DARK - LIGHTED","SPENCE LN & MARWOOD LN","NASHVILLE","HERMIT",36.1482,-86.72219,"UTILITY POLE","37210","2018","December","Winter","10","Sunday","Weekend","No Injuries","No Fatalities"
9.97074911283662e-314,2018-12-09 06:00:00,1,0,0,NA,"Y","UNKNOWN","RAIN","DARK - LIGHTED","MURFREESBORO PKE & FAIRCLOTH LN","NASHVILLE","HERMIT",36.10362,-86.66713,"UNKNOWN MOST HARMFUL EVENT","37217","2018","December","Winter","06","Sunday","Weekend","No Injuries","No Fatalities"
9.97074915285594e-314,2018-12-09 11:07:00,2,1,0,NA,"N","SIDESWIPE - SAME DIRECTION","RAIN","DARK - LIGHTED","MM 206 8 I 40","NASHVILLE","NORTH",36.16823,-86.81505,"MOTOR VEHICLE IN TRANSPORT","37208","2018","December","Winter","11","Sunday","Weekend","Injuries","No Fatalities"
9.97074917410076e-314,2018-12-09 12:12:00,1,0,0,NA,"N","NOT COLLISION W/MOTOR VEHICLE-TRANSPORT","RAIN","DARK - LIGHTED","I65 N ENT RAMP & 11TH AVN","NASHVILLE","NORTH",36.1737,-86.79995,"LUMINAIRE/LIGHT SUPPORT;DITCH","37208","2018","December","Winter","12","Sunday","Weekend","No Injuries","No Fatalities"
9.97074918398207e-314,2018-12-09 12:25:00,1,0,0,NA,"N","NOT COLLISION W/MOTOR VEHICLE-TRANSPORT","RAIN","DAWN","N 1ST ST & SPRING ST","NASHVILLE","CENTRA",36.17649,-86.77458,"CURB;DITCH;FENCE","37213","2018","December","Winter","12","Sunday","Weekend","No Injuries","No Fatalities"
9.97074921066162e-314,2018-12-09 05:30:00,2,0,0,NA,"Y","Front to Rear","RAIN","DARK - LIGHTED","361 HARDING PL","NASHVILLE","SOUTH",36.08573,-86.70091,"MOTOR VEHICLE IN TRANSPORT","37211","2018","December","Winter","05","Sunday","Weekend","No Injuries","No Fatalities"
9.97074923240051e-314,2018-12-09 06:00:00,1,0,0,NA,"N","NOT COLLISION W/MOTOR VEHICLE-TRANSPORT","RAIN","DAYLIGHT","BRILEY PKWYE & BRILEY PKWYW","NASHVILLE","MADISO",36.23971,-86.77341,"CONCRETE TRAFFIC BARRIER","37207","2018","December","Winter","06","Sunday","Weekend","No Injuries","No Fatalities"
9.97074929465278e-314,2018-12-09 06:00:00,3,0,0,NA,"Y","ANGLE","RAIN","UNKNOWN","MARKET SQ & MARKET SQUARE CT","HERMITAGE","HERMIT",36.18412,-86.59746,"PARKED MOTOR VEHICLE;Motor Vehicle-In-Motion Outside Trafficw","37076","2018","December","Winter","06","Sunday","Weekend","No Injuries","No Fatalities"
9.9707494626351e-314,2018-12-09 06:00:00,2,0,0,NA,"N","ANGLE","RAIN","DAYLIGHT","BRICK CHURCH PKE & EWING DR","NASHVILLE","MADISO",36.23136,-86.78154,"MOTOR VEHICLE IN TRANSPORT","37207","2018","December","Winter","06","Sunday","Weekend","No Injuries","No Fatalities"
9.97076362947343e-314,2018-12-20 06:00:00,2,0,0,NA,"Y","HEAD-ON","RAIN","DAYLIGHT","BRYAN ST & 10TH ST","OLD HICKORY","HERMIT",36.26065,-86.65083,"PARKED MOTOR VEHICLE","37138","2018","December","Winter","06","Thursday","Weekday","No Injuries","No Fatalities"
9.97074958368118e-314,2018-12-09 06:00:00,4,1,0,NA,"Y","ANGLE","RAIN","DARK - NOT LIGHTED","MM 77 1 I 65","NASHVILLE","MIDTOW",36.07318,-86.76939,"MOTOR VEHICLE IN TRANSPORT","37220","2018","December","Winter","06","Sunday","Weekend","Injuries","No Fatalities"
9.97076371000613e-314,2018-12-20 06:00:00,2,0,0,NA,"Y","UNKNOWN","RAIN","DAYLIGHT","700 ARBOR TRACE CIR","NASHVILLE","EAST",36.22417,-86.7573,"MOTOR VEHICLE IN TRANSPORT;PARKED MOTOR VEHICLE","37207","2018","December","Winter","06","Thursday","Weekday","No Injuries","No Fatalities"
9.9707496222183e-314,2018-12-10 00:37:00,1,0,0,NA,"Y","NOT COLLISION W/MOTOR VEHICLE-TRANSPORT","RAIN","DARK - NOT LIGHTED","MT PISGAH RD & EDMONDSON PKE","BRENTWOOD","MIDTOW",36.0243,-86.74239,"DITCH","37027","2018","December","Winter","00","Monday","Weekday","No Injuries","No Fatalities"
9.97074962468863e-314,2018-12-10 00:30:00,3,0,0,NA,"N","Front to Rear","RAIN","DARK - NOT LIGHTED","PETTUS RD & BLUE HOLE RD","ANTIOCH","SOUTH",36.0283,-86.67271,"MOTOR VEHICLE IN TRANSPORT","37013","2018","December","Winter","00","Monday","Weekday","No Injuries","No Fatalities"
9.97074977192019e-314,2018-12-10 03:30:00,1,0,0,NA,"N","NOT COLLISION W/MOTOR VEHICLE-TRANSPORT","RAIN","DARK - NOT LIGHTED","OLD CHARLOTTE PKE & SEARS RD","NASHVILLE","WEST",36.1076,-87.01726,"DITCH","37221","2018","December","Winter","03","Monday","Weekday","No Injuries","No Fatalities"