"Accident.Number","Date.and.Time","Number.of.Motor.Vehicles","Number.of.Injuries","Number.of.Fatalities","Property.Damage","Hit.and.Run","Collision.Type.Description","Weather.Description","Illumination.Description","Street.Address","City","Precinct","Latitude","Longitude","HarmfulDescriptions","Zip.Code","Year","Month","Season","Hour","Weekday","DayType","Accident","Fatality_category"
9.97076387354185e-314,2018-12-20 06:00:00,2,0,0,NA,"Y","ANGLE","RAIN","DAYLIGHT","MM 57 3 I 24","ANTIOCH","SOUTH",36.0654,-86.68551,"MOTOR VEHICLE IN TRANSPORT","37013","2018","December","Winter","06","Thursday","Weekday","No Injuries","No Fatalities"
9.97076391899589e-314,2018-12-20 06:00:00,2,0,0,NA,"N","Front to Rear","RAIN","DARK - LIGHTED","MM 93 9 I 65","MADISON","MADISO",36.28669,-86.72682,"MOTOR VEHICLE IN TRANSPORT","37115","2018","December","Winter","06","Thursday","Weekday","No Injuries","No Fatalities"
9.97076394172291e-314,2018-12-20 06:00:00,1,1,0,NA,"N","NOT COLLISION W/MOTOR VEHICLE-TRANSPORT","RAIN","DARK - NOT LIGHTED","UNION HILL RD & CROCKER SPRINGS RD","GOODLETTSVILLE","MADISO",36.33311,-86.82299,"MAIL BOX","37072","2018","December","Winter","06","Thursday","Weekday","Injuries","No Fatalities"
9.9707639619796e-314,2018-12-20 06:00:00,2,0,0,NA,"Y","OTHER","RAIN","DARK - LIGHTED","I40 E EXT RAMP & BRILEY PKWYN","NASHVILLE","HERMIT",36.1437,-86.6961,"MOTOR VEHICLE IN TRANSPORT","37217","2018","December","Winter","06","Thursday","Weekday","No Injuries","No Fatalities"
9.9707639792719e-314,2018-12-21 00:15:00,2,0,0,NA,"N","ANGLE","RAIN","DARK - LIGHTED","HARDING PKE & RIDGEFIELD WAY","NASHVILLE","WEST",36.1263,-86.84578,"MOTOR VEHICLE IN TRANSPORT","37205","2018","December","Winter","00","Friday","Weekday","No Injuries","No Fatalities"
9.9707639822363e-314,2018-12-21 00:10:00,2,0,0,NA,"Y","Front to Rear","RAIN","DARK - LIGHTED","MM 218 3 I 40","NASHVILLE","HERMIT",36.14959,-86.63897,"MOTOR VEHICLE IN TRANSPORT","37214","2018","December","Winter","00","Friday","Weekday","No Injuries","No Fatalities"
9.97076398520069e-314,2018-12-21 00:12:00,1,0,0,NA,"N","NOT COLLISION W/MOTOR VEHICLE-TRANSPORT","RAIN","Dark-Unknown Lighting","UNA ANTIOCH PKE & RICHARDS RD","ANTIOCH","SOUTH",36.06493,-86.66256,"DITCH","37013","2018","December","Winter","00","Friday","Weekday","No Injuries","No Fatalities"
9.97076398618882e-314,2018-12-20 06:00:00,1,0,0,NA,"N","NOT COLLISION W/MOTOR VEHICLE-TRANSPORT","RAIN","DARK - NOT LIGHTED","EULALA DR & BREWER DR","NASHVILLE","SOUTH",36.05498,-86.70389,"OTHER OBJECT (NOT FIXED)","37211","2018","December","Winter","06","Thursday","Weekday","No Injuries","No Fatalities"
9.97076399607013e-314,2018-12-21 00:28:00,2,0,0,NA,"N","HEAD-ON","RAIN","DARK - LIGHTED","HIGHWAY 100 & OLD HARDING PKE","NASHVILLE","WEST",36.04465,-86.95514,"MOTOR VEHICLE IN TRANSPORT","37221","2018","December","Winter","00","Friday","Weekday","No Injuries","No Fatalities"
9.97076399854046e-314,2018-12-21 01:15:00,2,1,0,NA,"N","Front to Rear","RAIN","DARK - LIGHTED","3RD AVN & JEFFERSON ST","NASHVILLE","CENTRA",36.17501,-86.78468,"MOTOR VEHICLE IN TRANSPORT","37201","2018","December","Winter","01","Friday","Weekday","Injuries","No Fatalities"
9.97076400595145e-314,2018-12-20 06:00:00,2,0,0,NA,"N","Front to Rear","RAIN","DARK - LIGHTED","MM 54 5 I 24","NASHVILLE","SOUTH",36.10097,-86.71219,"MOTOR VEHICLE IN TRANSPORT","37211","2018","December","Winter","06","Thursday","Weekday","No Injuries","No Fatalities"
9.9707640108921e-314,2018-12-21 00:56:00,2,0,0,NA,"Y","ANGLE","RAIN","DARK - LIGHTED","GALLATIN PKES & MADISON SQ","MADISON","MADISO",36.25322,-86.7168,"MOTOR VEHICLE IN TRANSPORT","37115","2018","December","Winter","00","Friday","Weekday","No Injuries","No Fatalities"
9.97076402077342e-314,2018-12-21 01:05:00,2,0,0,NA,"N","Front to Rear","RAIN","DARK - LIGHTED","NOLENSVILLE PKE & ELYSIAN FIELDS RD","NASHVILLE","SOUTH",36.08572,-86.72897,"MOTOR VEHICLE IN TRANSPORT","37211","2018","December","Winter","01","Friday","Weekday","No Injuries","No Fatalities"
9.97076402522001e-314,2018-12-20 06:00:00,2,0,0,NA,"N","Front to Rear","RAIN","DARK - LIGHTED","MM 54 5 I 24","NASHVILLE","SOUTH",36.10089,-86.71212,"MOTOR VEHICLE IN TRANSPORT","37211","2018","December","Winter","06","Thursday","Weekday","No Injuries","No Fatalities"
9.97076402571407e-314,2018-12-21 01:00:00,2,0,0,NA,"N","ANGLE","RAIN","DARK - LIGHTED","GALLATIN PKES & E OLD HICKORY BLVD","MADISON","MADISO",36.26221,-86.71221,"MOTOR VEHICLE IN TRANSPORT","37115","2018","December","Winter","01","Friday","Weekday","No Injuries","No Fatalities"
9.97076402769034e-314,2018-12-21 01:10:00,2,1,0,NA,"N","Front to Rear","RAIN","DARK - LIGHTED","MM 211 8 I 40","NASHVILLE","HERMIT",36.14934,-86.74738,"MOTOR VEHICLE IN TRANSPORT","37210","2018","December","Winter","01","Friday","Weekday","Injuries","No Fatalities"
9.97076402867847e-314,2018-12-21 00:25:00,2,1,0,NA,"Y","Front to Rear","RAIN","DARK - LIGHTED","MM 1 8 I 440","NASHVILLE","WEST",36.13277,-86.81895,"MOTOR VEHICLE IN TRANSPORT","37205","2018","December","Winter","00","Friday","Weekday","Injuries","No Fatalities"
9.97076402917253e-314,2018-12-21 00:47:00,2,0,0,NA,"Y","SIDESWIPE - SAME DIRECTION","RAIN","DARK - LIGHTED","BRILEY PKWYS & BRILEY PKWYN","NASHVILLE","NORTH",36.16062,-86.69183,"MOTOR VEHICLE IN TRANSPORT","37218","2018","December","Winter","00","Friday","Weekday","No Injuries","No Fatalities"
9.97076403559539e-314,2018-12-21 01:27:00,2,0,0,NA,"N","HEAD-ON","RAIN","DARK - LIGHTED","NORTHSIDE MARKETPLACE PVTDR & GALLATIN P","MADISON","MADISO",36.30729,-86.68484,"MOTOR VEHICLE IN TRANSPORT","37115","2018","December","Winter","01","Friday","Weekday","No Injuries","No Fatalities"
9.97076404004198e-314,2018-12-21 01:30:00,2,0,0,NA,"N","ANGLE","RAIN","DARK - LIGHTED","OLD HICKORY BLVD & EDMONDSON PKE","NASHVILLE","MIDTOW",36.0403,-86.7451,"MOTOR VEHICLE IN TRANSPORT","37220","2018","December","Winter","01","Friday","Weekday","No Injuries","No Fatalities"
9.97076404448857e-314,2018-12-21 01:30:00,2,0,0,NA,"N","Front to Rear","RAIN","DARK - LIGHTED","E TRINITY LN & LUTON ST","NASHVILLE","EAST",36.20575,-86.76691,"MOTOR VEHICLE IN TRANSPORT","37207","2018","December","Winter","01","Friday","Weekday","No Injuries","No Fatalities"
9.97076404498263e-314,2018-12-20 06:00:00,2,0,0,NA,"N","Front to Rear","RAIN","DARK - LIGHTED","ELM HILL PKE & ERMAC DR","NASHVILLE","HERMIT",36.15337,-86.6864,"MOTOR VEHICLE IN TRANSPORT","37214","2018","December","Winter","06","Thursday","Weekday","No Injuries","No Fatalities"
9.97076405486395e-314,2018-12-21 01:51:00,1,1,0,NA,"N","NOT COLLISION W/MOTOR VEHICLE-TRANSPORT","RAIN","DARK - LIGHTED","SMITH SPRINGS RD & UNA RECREATION RD","NASHVILLE","HERMIT",36.09641,-86.64397,"DITCH","37217","2018","December","Winter","01","Friday","Weekday","Injuries","No Fatalities"
9.9707640598046e-314,2018-12-21 01:57:00,3,1,0,NA,"N","HEAD-ON","RAIN","DARK - LIGHTED","HILLSBORO PKE & STOKES LN","NASHVILLE","WEST",36.11971,-86.80866,"MOTOR VEHICLE IN TRANSPORT","37215","2018","December","Winter","01","Friday","Weekday","Injuries","No Fatalities"
9.97076406079273e-314,2018-12-21 01:30:00,2,0,0,NA,"Y","UNKNOWN","RAIN","DARK - LIGHTED","SOLON DR & GREENSIDE PL","NASHVILLE","EAST",36.18916,-86.71358,"PARKED MOTOR VEHICLE","37206","2018","December","Winter","01","Friday","Weekday","No Injuries","No Fatalities"
9.97076407363844e-314,2018-12-21 01:15:00,2,0,0,NA,"N","Front to Rear","RAIN","DARK - LIGHTED","ANTIOCH PKE & HAYSTACK LN","NASHVILLE","SOUTH",36.07157,-86.68395,"MOTOR VEHICLE IN TRANSPORT","37211","2018","December","Winter","01","Friday","Weekday","No Injuries","No Fatalities"
9.97076407610877e-314,2018-12-21 01:17:00,2,0,0,NA,"N","Front to Rear","RAIN","DARK - LIGHTED","MM 53 9 I 24","NASHVILLE","SOUTH",36.10713,-86.71979,"MOTOR VEHICLE IN TRANSPORT","37211","2018","December","Winter","01","Friday","Weekday","No Injuries","No Fatalities"
9.97076408154349e-314,2018-12-21 00:23:00,2,0,0,NA,"N","ANGLE","RAIN","DARK - LIGHTED","BLACKMAN RD & DANBY DR","NASHVILLE","MIDTOW",36.07443,-86.74597,"MOTOR VEHICLE IN TRANSPORT","37211","2018","December","Winter","00","Friday","Weekday","No Injuries","No Fatalities"
9.97076408846041e-314,2018-12-21 00:16:00,1,0,0,NA,"N","NOT COLLISION W/MOTOR VEHICLE-TRANSPORT","RAIN","DARK - NOT LIGHTED","UNION BRIDGE RD & PASQUO RD","NASHVILLE","WEST",36.03193,-86.96792,"OTHER POST, POLE, SUPP.;Ran Off Road-Left;EMBANKMENT EARTH","37221","2018","December","Winter","00","Friday","Weekday","No Injuries","No Fatalities"
9.97076409093074e-314,2018-12-21 02:22:00,2,0,0,NA,"Y","SIDESWIPE - SAME DIRECTION","RAIN","DARK - LIGHTED","MM 87 0 I 65","NASHVILLE","EAST",36.2019,-86.77685,"MOTOR VEHICLE IN TRANSPORT","37207","2018","December","Winter","02","Friday","Weekday","No Injuries","No Fatalities"
9.97076409191887e-314,2018-12-21 02:45:00,2,0,0,NA,"N","SIDESWIPE - SAME DIRECTION","RAIN","DARK - LIGHTED","THOMPSON LN & BRANSFORD AV","NASHVILLE","MIDTOW",36.11223,-86.76601,"MOTOR VEHICLE IN TRANSPORT","37204","2018","December","Winter","02","Friday","Weekday","No Injuries","No Fatalities"
9.97076410525864e-314,2018-12-21 02:38:00,1,0,0,NA,"Y","NOT COLLISION W/MOTOR VEHICLE-TRANSPORT","RAIN","UNKNOWN","ASHEFORD TRC & SUMMERCREST BLVD","ANTIOCH","SOUTH",36.04183,-86.62144,"CURB;SHRUBBERY","37013","2018","December","Winter","02","Friday","Weekday","No Injuries","No Fatalities"
9.97076414478389e-314,2018-12-21 02:55:00,2,0,0,NA,"N","Front to Rear","RAIN","DARK - LIGHTED","MURFREESBORO PKE & LAKEVILLA DR","ANTIOCH","SOUTH",36.07714,-86.64146,"MOTOR VEHICLE IN TRANSPORT","37013","2018","December","Winter","02","Friday","Weekday","No Injuries","No Fatalities"
9.97076421395308e-314,2018-12-21 04:14:00,1,0,0,NA,"N","NOT COLLISION W/MOTOR VEHICLE-TRANSPORT","RAIN","DARK - NOT LIGHTED","I24 W ENT RAMP & I 24","NASHVILLE","EAST",36.04179,-86.64941,"CONCRETE TRAFFIC BARRIER","37206","2018","December","Winter","04","Friday","Weekday","No Injuries","No Fatalities"
9.9707642712647e-314,2018-12-21 05:32:00,2,0,0,NA,"N","Front to Rear","RAIN","DARK - LIGHTED","MURFREESBORO PKE & NASHBORO BLVD","ANTIOCH","SOUTH",36.08691,-86.64868,"MOTOR VEHICLE IN TRANSPORT","37013","2018","December","Winter","05","Friday","Weekday","No Injuries","No Fatalities"
9.97076428411041e-314,2018-12-20 06:00:00,1,0,0,NA,"Y","UNKNOWN","RAIN","DARK - NOT LIGHTED","MM 86 5 I 65","NASHVILLE","NORTH",36.19279,-86.7764,"UNKNOWN MOST HARMFUL EVENT","37207","2018","December","Winter","06","Thursday","Weekday","No Injuries","No Fatalities"
9.97076431375434e-314,2018-12-21 06:25:00,1,0,0,NA,"N","NOT COLLISION W/MOTOR VEHICLE-TRANSPORT","RAIN","DARK - LIGHTED","ANDREW JACKSON PKWY & RACHEL DONELSON PA","HERMITAGE","HERMIT",36.19934,-86.60842,"CURB;Cross Center Line","37076","2018","December","Winter","06","Friday","Weekday","No Injuries","No Fatalities"
9.97076431523654e-314,2018-12-21 06:21:00,2,0,0,NA,"Y","Front to Rear","RAIN","DARK - NOT LIGHTED","PARAGON MILLS RD & BENITA DR","NASHVILLE","SOUTH",36.08869,-86.71724,"MOTOR VEHICLE IN TRANSPORT","37211","2018","December","Winter","06","Friday","Weekday","No Injuries","No Fatalities"
9.97076432511785e-314,2018-12-21 06:37:00,1,0,0,NA,"N","NOT COLLISION W/MOTOR VEHICLE-TRANSPORT","RAIN","DARK - NOT LIGHTED","COOPERTOWN RD & DEER RUN","JOELTON","NORTH",36.37906,-86.90768,"TREE","37080","2018","December","Winter","06","Friday","Weekday","No Injuries","No Fatalities"
9.97076439972177e-314,2018-12-21 07:05:00,2,0,0,NA,"Y","Front to Rear","RAIN","DARK - LIGHTED","PICCADILLY ROW & BISHOPSGATE RD","NASHVILLE","SOUTH",36.07865,-86.66135,"PARKED MOTOR VEHICLE;Motor Vehicle-In-Motion Outside Trafficw","37217","2018","December","Winter","07","Friday","Weekday","No Injuries","No Fatalities"
9.97076442887164e-314,2018-12-21 06:00:00,1,0,0,NA,"Y","NOT COLLISION W/MOTOR VEHICLE-TRANSPORT","RAIN","DARK - LIGHTED","108 DOWNTOWN GRNWY","NASHVILLE","CENTRA",36.16181,-86.77398,"Other Traffic Barrier","37201","2018","December","Winter","06","Friday","Weekday","No Injuries","No Fatalities"
9.97076449161798e-314,2018-12-21 08:40:00,1,0,0,NA,"N","NOT COLLISION W/MOTOR VEHICLE-TRANSPORT","RAIN","DARK - NOT LIGHTED","COPPERFIELD WAY & TROTWOOD DOWN","BRENTWOOD","MIDTOW",36.03528,-86.74987,"OTHER POST, POLE, SUPP.","37027","2018","December","Winter","08","Friday","Weekday","No Injuries","No Fatalities"
9.97076449902896e-314,2018-12-21 06:00:00,1,0,0,NA,"N","NOT COLLISION W/MOTOR VEHICLE-TRANSPORT","RAIN","DARK - LIGHTED","MM 2 2 I 440","NASHVILLE","WEST",36.12742,-86.8151,"GUARDRAIL END","37215","2018","December","Winter","06","Friday","Weekday","No Injuries","No Fatalities"
9.97076452570851e-314,2018-12-21 08:40:00,1,0,0,NA,"Y","NOT COLLISION W/MOTOR VEHICLE-TRANSPORT","RAIN","DARK - LIGHTED","820 MURFREESBORO PKE","NASHVILLE","HERMIT",36.14645,-86.7515,"FENCE;OTHER FIXED OBJECTS","37217","2018","December","Winter","08","Friday","Weekday","No Injuries","No Fatalities"
9.97076457165661e-314,2018-12-21 10:30:00,1,0,0,NA,"N","NOT COLLISION W/MOTOR VEHICLE-TRANSPORT","RAIN","DARK - LIGHTED","MM 86 5 I 65","NASHVILLE","NORTH",36.193,-86.77741,"GUARDRAIL FACE","37207","2018","December","Winter","10","Friday","Weekday","No Injuries","No Fatalities"
9.97076460031242e-314,2018-12-21 11:38:00,2,0,0,NA,"N","ANGLE","RAIN","DARK - LIGHTED","CHARLES E DAVIS BLVD & J C NAPIER CT","NASHVILLE","HERMIT",36.14908,-86.76244,"MOTOR VEHICLE IN TRANSPORT","37210","2018","December","Winter","11","Friday","Weekday","No Injuries","No Fatalities"
9.97076462946229e-314,2018-12-21 11:45:00,2,0,0,NA,"N","ANGLE","RAIN","DARK - LIGHTED","OLD HICKORY BLVD & EDMONDSON PKE","NASHVILLE","MIDTOW",36.04001,-86.74347,"MOTOR VEHICLE IN TRANSPORT","37220","2018","December","Winter","11","Friday","Weekday","No Injuries","No Fatalities"
9.97076462995636e-314,2018-12-21 12:30:00,2,1,0,NA,"N","ANGLE","RAIN","DAWN","DICKERSON PKE & SUNSET DR","NASHVILLE","EAST",36.22367,-86.76095,"MOTOR VEHICLE IN TRANSPORT","37207","2018","December","Winter","12","Friday","Weekday","Injuries","No Fatalities"
9.97076464131987e-314,2018-12-21 12:57:00,2,0,0,NA,"Y","SIDESWIPE - SAME DIRECTION","RAIN","DAWN","MM 213 8 I 40","NASHVILLE","HERMIT",36.14104,-86.71744,"MOTOR VEHICLE IN TRANSPORT","37217","2018","December","Winter","12","Friday","Weekday","No Injuries","No Fatalities"
9.97076464922492e-314,2018-12-21 12:31:00,2,0,0,NA,"N","Front to Rear","RAIN","DAYLIGHT","20TH AVN & PATTERSON ST","NASHVILLE","MIDTOW",36.15593,-86.8027,"MOTOR VEHICLE IN TRANSPORT","37203","2018","December","Winter","12","Friday","Weekday","No Injuries","No Fatalities"
9.97519970409872e-314,2019-01-11 06:00:00,2,0,0,NA,"N","SIDESWIPE - SAME DIRECTION","RAIN","DARK - LIGHTED","3RD AVN & BROADWAY","NASHVILLE","CENTRA",36.16157,-86.77599,"MOTOR VEHICLE IN TRANSPORT","37201","2019","January","Winter","06","Friday","Weekday","No Injuries","No Fatalities"
9.9751997505409e-314,2019-01-12 02:18:00,1,1,0,NA,"N","NOT COLLISION W/MOTOR VEHICLE-TRANSPORT","RAIN","DARK - LIGHTED","12TH AVS & MCGAVOCK ST","NASHVILLE","CENTRA",36.15555,-86.78681,"PEDESTRIAN","37203","2019","January","Winter","02","Saturday","Weekend","Injuries","No Fatalities"
9.97519976437473e-314,2019-01-11 06:00:00,2,1,0,NA,"Y","ANGLE","RAIN","DARK - LIGHTED","20TH AVN & CHURCH ST","NASHVILLE","MIDTOW",36.1534,-86.80084,"MOTOR VEHICLE IN TRANSPORT","37203","2019","January","Winter","06","Friday","Weekday","Injuries","No Fatalities"
9.97519985083622e-314,2019-01-12 06:15:00,2,0,0,NA,"N","SIDESWIPE - SAME DIRECTION","RAIN","DARK - LIGHTED","DEMONBREUN ST & 5TH AVS","NASHVILLE","CENTRA",36.15848,-86.77712,"MOTOR VEHICLE IN TRANSPORT","37203","2019","January","Winter","06","Saturday","Weekend","No Injuries","No Fatalities"
9.97520008205894e-314,2019-01-12 09:53:00,1,0,0,NA,"N","NOT COLLISION W/MOTOR VEHICLE-TRANSPORT","RAIN","DARK - LIGHTED","OLD HICKORY BLVD & 2ND ST","OLD HICKORY","HERMIT",36.21776,-86.62384,"OTHER POST, POLE, SUPP.","37138","2019","January","Winter","09","Saturday","Weekend","No Injuries","No Fatalities"
9.97520008996399e-314,2019-01-12 10:28:00,2,0,0,NA,"Y","Front to Rear","RAIN","DARK - LIGHTED","CENTRAL PKE & FRIST BLVD","HERMITAGE","HERMIT",36.17414,-86.60897,"MOTOR VEHICLE IN TRANSPORT;PARKED MOTOR VEHICLE","37076","2019","January","Winter","10","Saturday","Weekend","No Injuries","No Fatalities"
9.97520011269101e-314,2019-01-12 11:15:00,3,1,0,NA,"N","NOT COLLISION W/MOTOR VEHICLE-TRANSPORT","RAIN","DARK - LIGHTED","21ST AVS & CAPERS AV","NASHVILLE","MIDTOW",36.13884,-86.80059,"MOTOR VEHICLE IN TRANSPORT;PARKED MOTOR VEHICLE;OTHER OBJECT (NOT FIXED)","37212","2019","January","Winter","11","Saturday","Weekend","Injuries","No Fatalities"
9.97520016703823e-314,2019-01-12 12:30:00,1,0,0,NA,"N","NOT COLLISION W/MOTOR VEHICLE-TRANSPORT","RAIN","DAWN","CLARKSVILLE PKE & DRY FORK RD","NASHVILLE","NORTH",36.24676,-86.83465,"DEER (ANIMAL)","37218","2019","January","Winter","12","Saturday","Weekend","No Injuries","No Fatalities"
9.97520030438848e-314,2019-04-20 03:15:00,2,0,0,NA,"Y","HEAD-ON","RAIN","DARK - NOT LIGHTED","BELL RD & MURFREESBORO PKE","ANTIOCH","SOUTH",36.07229,-86.63561,"PARKED MOTOR VEHICLE;Motor Vehicle-In-Motion Outside Trafficw","37013","2019","April","Spring","03","Saturday","Weekend","No Injuries","No Fatalities"
9.97520057217206e-314,2019-01-13 00:55:00,1,1,0,NA,"N","NOT COLLISION W/MOTOR VEHICLE-TRANSPORT","RAIN","DARK - LIGHTED","HAMPTON ST & AVONDALE CIR","NASHVILLE","NORTH",36.20889,-86.77904,"PEDESTRIAN","37207","2019","January","Winter","00","Sunday","Weekend","Injuries","No Fatalities"
9.97520062651929e-314,2019-01-13 00:21:00,2,0,0,NA,"N","SIDESWIPE - SAME DIRECTION","RAIN","DARK - LIGHTED","GEORGE L DAVIS BLVD & CHURCH ST","NASHVILLE","CENTRA",36.15841,-86.79061,"MOTOR VEHICLE IN TRANSPORT","37203","2019","January","Winter","00","Sunday","Weekend","No Injuries","No Fatalities"
9.97520064282345e-314,2019-01-13 00:42:00,2,0,0,NA,"Y","ANGLE","RAIN","DARK - LIGHTED","MURFREESBORO PKE & FAIRCLOTH LN","NASHVILLE","HERMIT",36.10323,-86.66648,"MOTOR VEHICLE IN TRANSPORT","37217","2019","January","Winter","00","Sunday","Weekend","No Injuries","No Fatalities"
9.97520064825817e-314,2019-01-13 00:45:00,2,1,0,NA,"N","ANGLE","RAIN","DARK - LIGHTED","NOLENSVILLE PKE & PARAGON MILLS RD","NASHVILLE","SOUTH",36.08483,-86.72819,"MOTOR VEHICLE IN TRANSPORT","37211","2019","January","Winter","00","Sunday","Weekend","Injuries","No Fatalities"
9.9752006507285e-314,2019-01-13 00:45:00,2,0,0,NA,"Y","ANGLE","RAIN","DARK - LIGHTED","WEDGEWOOD AV & 8TH AVS","NASHVILLE","MIDTOW",36.13428,-86.77909,"MOTOR VEHICLE IN TRANSPORT","37204","2019","January","Winter","00","Sunday","Weekend","No Injuries","No Fatalities"
9.97520066456234e-314,2019-01-13 00:31:00,2,0,0,NA,"N","SIDESWIPE - SAME DIRECTION","RAIN","DARK - LIGHTED","BROADWAY & 8TH AVS","NASHVILLE","CENTRA",36.15876,-86.78242,"MOTOR VEHICLE IN TRANSPORT","37203","2019","January","Winter","00","Sunday","Weekend","No Injuries","No Fatalities"
9.97520067641992e-314,2019-01-13 00:50:00,2,0,0,NA,"Y","Front to Rear","RAIN","DARK - LIGHTED","MAIN ST & N 8TH ST","NASHVILLE","EAST",36.17536,-86.75883,"MOTOR VEHICLE IN TRANSPORT","37206","2019","January","Winter","00","Sunday","Weekend","No Injuries","No Fatalities"
9.97520068877156e-314,2019-01-13 00:31:00,1,0,0,NA,"Y","NOT COLLISION W/MOTOR VEHICLE-TRANSPORT","RAIN","DARK - LIGHTED","MM 56 0 I 24","NASHVILLE","SOUTH",36.08232,-86.69761,"H-WAY TRAFFIC SIGNAL POST","37211","2019","January","Winter","00","Sunday","Weekend","No Injuries","No Fatalities"
9.97520069519441e-314,2019-01-13 01:17:00,2,0,0,NA,"N","HEAD-ON","RAIN","DARK - LIGHTED","LEBANON PKE & BONNABROOK DR","HERMITAGE","HERMIT",36.1903,-86.62636,"MOTOR VEHICLE IN TRANSPORT-OTHER ROADWAY","37076","2019","January","Winter","01","Sunday","Weekend","No Injuries","No Fatalities"
9.97520069766474e-314,2019-01-13 00:45:00,2,0,0,NA,"N","Front to Rear","RAIN","DARK - NOT LIGHTED","0 NOLENSVILLE PKE","NASHVILLE","MIDTOW",36.05664,-86.71584,"MOTOR VEHICLE IN TRANSPORT","37211","2019","January","Winter","00","Sunday","Weekend","No Injuries","No Fatalities"
9.97520071643923e-314,2019-01-13 01:16:00,2,0,0,NA,"Y","SIDESWIPE - SAME DIRECTION","RAIN","DARK - LIGHTED","1ST AVN & BROADWAY","NASHVILLE","CENTRA",36.16223,-86.77436,"MOTOR VEHICLE IN TRANSPORT","37201","2019","January","Winter","01","Sunday","Weekend","No Injuries","No Fatalities"
9.97520072434428e-314,2019-01-13 02:21:00,2,0,0,NA,"N","SIDESWIPE - SAME DIRECTION","RAIN","DARK - LIGHTED","MURFREESBORO PKE & PLUS PARK BLVD","NASHVILLE","HERMIT",36.13461,-86.72342,"MOTOR VEHICLE IN TRANSPORT","37217","2019","January","Winter","02","Sunday","Weekend","No Injuries","No Fatalities"
9.97520073373153e-314,2019-01-13 01:55:00,2,1,0,NA,"N","Front to Rear","RAIN","DARK - LIGHTED","ROSEBANK AV & COLBERT DR","NASHVILLE","EAST",36.19084,-86.709,"MOTOR VEHICLE IN TRANSPORT;PARKED MOTOR VEHICLE","37206","2019","January","Winter","01","Sunday","Weekend","Injuries","No Fatalities"
9.97520075052976e-314,2019-01-13 02:08:00,1,0,0,NA,"N","NOT COLLISION W/MOTOR VEHICLE-TRANSPORT","RAIN","DARK - NOT LIGHTED","ANDREW JACKSON PKWY & WEMBLEY DR","HERMITAGE","HERMIT",36.2201,-86.59759,"DEER (ANIMAL)","37076","2019","January","Winter","02","Sunday","Weekend","No Injuries","No Fatalities"
9.97520075547042e-314,2019-01-13 02:50:00,1,0,0,NA,"N","NOT COLLISION W/MOTOR VEHICLE-TRANSPORT","RAIN","DARK - LIGHTED","I40 E ENT RAMP & I 40","NASHVILLE","WEST",36.17306,-86.80069,"GUARDRAIL FACE","37205","2019","January","Winter","02","Sunday","Weekend","No Injuries","No Fatalities"
9.97520080240666e-314,2019-01-13 03:30:00,1,0,0,NA,"N","NOT COLLISION W/MOTOR VEHICLE-TRANSPORT","RAIN","DARK - LIGHTED","ANTIOCH PKE & HARDING INDUSTRIAL DR","NASHVILLE","SOUTH",36.09393,-86.69943,"OTHER FIXED OBJECTS","37211","2019","January","Winter","03","Sunday","Weekend","No Injuries","No Fatalities"
9.97520082068708e-314,2019-01-13 04:00:00,2,0,0,NA,"N","SIDESWIPE - SAME DIRECTION","RAIN","DARK - LIGHTED","GALLATIN PKEN & RIVERGATE PKWY","MADISON","MADISO",36.29691,-86.69916,"MOTOR VEHICLE IN TRANSPORT","37115","2019","January","Winter","04","Sunday","Weekend","No Injuries","No Fatalities"
9.97520083600312e-314,2019-01-13 04:40:00,1,0,0,NA,"N","NOT COLLISION W/MOTOR VEHICLE-TRANSPORT","RAIN","DARK - NOT LIGHTED","OLD LEBANON DIRT RD & CHESNEY GLEN DR","HERMITAGE","HERMIT",36.18906,-86.58517,"DITCH","37076","2019","January","Winter","04","Sunday","Weekend","No Injuries","No Fatalities"
9.97520085082509e-314,2019-01-12 06:00:00,1,1,0,NA,"N","NOT COLLISION W/MOTOR VEHICLE-TRANSPORT","RAIN","DARK - NOT LIGHTED","BRICK CHURCH PKE & NORTHBROOK DR","NASHVILLE","MADISO",36.25,-86.77666,"BRIDGE RAIL","37207","2019","January","Winter","06","Saturday","Weekend","Injuries","No Fatalities"
9.97520085428355e-314,2019-01-13 03:30:00,2,0,0,NA,"Y","SIDESWIPE - SAME DIRECTION","RAIN","DARK - NOT LIGHTED","MM 52 2 I 24","NASHVILLE","SOUTH",36.13605,-86.72672,"MOTOR VEHICLE IN TRANSPORT","37217","2019","January","Winter","03","Sunday","Weekend","No Injuries","No Fatalities"
9.9752008607064e-314,2019-01-12 06:00:00,2,0,0,NA,"Y","OTHER","RAIN","Dark-Unknown Lighting","1000 N 11TH ST","NASHVILLE","EAST",36.17811,-86.75004,"Motor Vehicle-In-Motion Outside Trafficw","37206","2019","January","Winter","06","Saturday","Weekend","No Injuries","No Fatalities"
9.97520086959958e-314,2019-01-13 05:10:00,2,0,0,NA,"N","Front to Rear","RAIN","DARK - LIGHTED","4TH AVN & BROADWAY","NASHVILLE","CENTRA",36.1613,-86.77738,"MOTOR VEHICLE IN TRANSPORT","37203","2019","January","Winter","05","Sunday","Weekend","No Injuries","No Fatalities"