"Accident.Number","Date.and.Time","Number.of.Motor.Vehicles","Number.of.Injuries","Number.of.Fatalities","Property.Damage","Hit.and.Run","Collision.Type.Description","Weather.Description","Illumination.Description","Street.Address","City","Precinct","Latitude","Longitude","HarmfulDescriptions","Zip.Code","Year","Month","Season","Hour","Weekday","DayType","Accident","Fatality_category"
9.97520087898683e-314,2019-01-13 03:50:00,2,0,0,NA,"Y","NOT COLLISION W/MOTOR VEHICLE-TRANSPORT","RAIN","DARK - NOT LIGHTED","SOMERSET DR & RAVINE DR","NASHVILLE","HERMIT",36.084,-86.63467,"PARKED MOTOR VEHICLE;MAIL BOX","37217","2019","January","Winter","03","Sunday","Weekend","No Injuries","No Fatalities"
9.97520095062635e-314,2019-01-13 06:26:00,1,1,0,NA,"N","NOT COLLISION W/MOTOR VEHICLE-TRANSPORT","RAIN","DARK - LIGHTED","I440 W ENT RAMP & I 65","NASHVILLE","MIDTOW",36.11562,-86.77318,"OTHER FIXED OBJECTS","37204","2019","January","Winter","06","Sunday","Weekend","Injuries","No Fatalities"
9.97520095507294e-314,2019-01-13 06:30:00,2,0,0,NA,"N","REAR-TO-REAR","RAIN","DARK - LIGHTED","MCMILLIN ST & 16TH AVN","NASHVILLE","MIDTOW",36.15756,-86.79395,"MOTOR VEHICLE IN TRANSPORT","37203","2019","January","Winter","06","Sunday","Weekend","No Injuries","No Fatalities"
9.97520097088304e-314,2019-01-13 06:00:00,1,0,0,NA,"Y","NOT COLLISION W/MOTOR VEHICLE-TRANSPORT","RAIN","DARK - LIGHTED","WALLACE RD & BROOKRIDGE TRL","NASHVILLE","SOUTH",36.0784,-86.72233,"UTILITY POLE;Ran Off Road-Right","37211","2019","January","Winter","06","Sunday","Weekend","No Injuries","No Fatalities"
9.97520101485488e-314,2019-01-13 06:00:00,2,0,0,NA,"N","ANGLE","RAIN","DARK - LIGHTED","PORTER RD & PORTER AV","NASHVILLE","EAST",36.19521,-86.72485,"MOTOR VEHICLE IN TRANSPORT","37206","2019","January","Winter","06","Sunday","Weekend","No Injuries","No Fatalities"
9.97520101930147e-314,2019-01-13 07:40:00,2,0,0,NA,"N","SIDESWIPE - OPPOSITE DIRECTION","RAIN","DARK - LIGHTED","BENT TREE  PVTDR & HICKORY HOLLOW TER","ANTIOCH","SOUTH",36.05343,-86.64686,"PARKED MOTOR VEHICLE","37013","2019","January","Winter","07","Sunday","Weekend","No Injuries","No Fatalities"
9.97520105833266e-314,2019-01-13 08:28:00,2,0,0,NA,"N","ANGLE","RAIN","DARK - LIGHTED","MM 87 1 I 65","NASHVILLE","EAST",36.20359,-86.77682,"MOTOR VEHICLE IN TRANSPORT","37207","2019","January","Winter","08","Sunday","Weekend","No Injuries","No Fatalities"
9.97520106228519e-314,2019-01-13 08:30:00,2,0,0,NA,"Y","SIDESWIPE - SAME DIRECTION","RAIN","DARK - NOT LIGHTED","I40 E EXT RAMP & I 40","NASHVILLE","HERMIT",36.1666,-86.61103,"MOTOR VEHICLE IN TRANSPORT","37214","2019","January","Winter","08","Sunday","Weekend","No Injuries","No Fatalities"
9.97520108451814e-314,2019-01-13 09:06:00,2,1,0,NA,"N","Front to Rear","RAIN","DARK - NOT LIGHTED","GARNER AV & GALLATIN PKEN","MADISON","MADISO",36.27003,-86.70862,"MOTOR VEHICLE IN TRANSPORT;PARKED MOTOR VEHICLE","37115","2019","January","Winter","09","Sunday","Weekend","Injuries","No Fatalities"
9.97520109538758e-314,2019-01-13 06:00:00,1,0,0,NA,"Y","NOT COLLISION W/MOTOR VEHICLE-TRANSPORT","RAIN","DARK - LIGHTED","TUSCULUM RD & HICKORY GLADE DR","NASHVILLE","SOUTH",36.0597,-86.70562,"GUARDRAIL FACE","37211","2019","January","Winter","06","Sunday","Weekend","No Injuries","No Fatalities"
9.97520110625703e-314,2019-01-13 09:05:00,2,0,0,NA,"Y","SIDESWIPE - OPPOSITE DIRECTION","RAIN","DARK - LIGHTED","HAYWOOD LN & EZELL RD","NASHVILLE","SOUTH",36.06959,-86.69391,"MOTOR VEHICLE IN TRANSPORT","37211","2019","January","Winter","09","Sunday","Weekend","No Injuries","No Fatalities"
9.97520113935943e-314,2019-01-13 06:00:00,1,1,0,NA,"N","NOT COLLISION W/MOTOR VEHICLE-TRANSPORT","RAIN","DARK - LIGHTED","I40 W EXT RAMP & I 40","NASHVILLE","CENTRA",36.15281,-86.78718,"IMPACT ATTENUATOR","37203","2019","January","Winter","06","Sunday","Weekend","Injuries","No Fatalities"
9.97520123422003e-314,2019-01-13 11:29:00,2,0,0,NA,"Y","ANGLE","RAIN","Dark-Unknown Lighting","BARELLA DR & APACHE TRL","ANTIOCH","SOUTH",36.06156,-86.68295,"PARKED MOTOR VEHICLE","37013","2019","January","Winter","11","Sunday","Weekend","No Injuries","No Fatalities"
9.97520164034199e-314,2019-01-14 00:09:00,1,1,0,NA,"N","NOT COLLISION W/MOTOR VEHICLE-TRANSPORT","RAIN","DARK - NOT LIGHTED","MM 88 5 I 65","NASHVILLE","NORTH",36.22361,-86.77454,"GUARDRAIL FACE;Ran Off Road-Right","37207","2019","January","Winter","00","Monday","Weekday","Injuries","No Fatalities"
9.97520164676484e-314,2019-01-14 00:19:00,2,3,0,NA,"Y","Front to Rear","RAIN","Dark-Unknown Lighting","I40 E EXT RAMP & DONELSON PKE","NASHVILLE","HERMIT",36.1403,-86.66638,"MOTOR VEHICLE IN TRANSPORT","37214","2019","January","Winter","00","Monday","Weekday","Injuries","No Fatalities"
9.9752017164281e-314,2019-01-14 01:27:00,2,1,0,NA,"Y","ANGLE","RAIN","DARK - NOT LIGHTED","OLD LEBANON DIRT RD & CHESNEY GLEN DR","HERMITAGE","HERMIT",36.18989,-86.58432,"MOTOR VEHICLE IN TRANSPORT","37076","2019","January","Winter","01","Monday","Weekday","Injuries","No Fatalities"
9.97518565633022e-314,2019-01-01 10:49:00,2,0,0,NA,"Y","UNKNOWN","RAIN","DARK - LIGHTED","HICKORYVIEW DR & HICKORY TRACE DR PVTDR","NASHVILLE","MIDTOW",36.04887,-86.71801,"PARKED MOTOR VEHICLE","37211","2019","January","Winter","10","Tuesday","Weekday","No Injuries","No Fatalities"
9.97518567856317e-314,2019-01-01 11:55:00,1,1,0,NA,"N","NOT COLLISION W/MOTOR VEHICLE-TRANSPORT","RAIN","DARK - LIGHTED","BRILEY PKWY E ENT RAMP & BRILEY PKWYE","NASHVILLE","EAST",36.23419,-86.81165,"LUMINAIRE/LIGHT SUPPORT;Ran Off Road-Right","37216","2019","January","Winter","11","Tuesday","Weekday","Injuries","No Fatalities"
9.97518752142803e-314,2019-01-03 00:41:00,2,1,0,NA,"Y","Front to Rear","RAIN","DARK - LIGHTED","OLD HICKORY BLVDW & OLD TIME VILLAGE PVT","MADISON","MADISO",36.26311,-86.71241,"MOTOR VEHICLE IN TRANSPORT","37115","2019","January","Winter","00","Thursday","Weekday","Injuries","No Fatalities"
9.97518763456906e-314,2019-01-03 00:18:00,2,0,0,NA,"N","REAR-TO-REAR","RAIN","DUSK","MORTON AV & NOLENSVILLE PKE","NASHVILLE","SOUTH",36.10638,-86.74301,"MOTOR VEHICLE IN TRANSPORT","37211","2019","January","Winter","00","Thursday","Weekday","No Injuries","No Fatalities"
9.97518763605126e-314,2019-01-03 00:16:00,3,2,0,NA,"N","Front to Rear","RAIN","DARK - LIGHTED","HAMILTON CHURCH RD & MURFREESBORO PKE","ANTIOCH","SOUTH",36.06476,-86.62852,"MOTOR VEHICLE IN TRANSPORT","37013","2019","January","Winter","00","Thursday","Weekday","Injuries","No Fatalities"
9.9751876484029e-314,2019-01-03 00:25:00,2,0,0,NA,"N","SIDESWIPE - OPPOSITE DIRECTION","RAIN","DARK - LIGHTED","ROSA L PARKS BLVD & GREAT CIRCLE RD","NASHVILLE","NORTH",36.19367,-86.80703,"MOTOR VEHICLE IN TRANSPORT","37228","2019","January","Winter","00","Thursday","Weekday","No Injuries","No Fatalities"
9.97518764889697e-314,2019-01-03 00:20:00,2,0,0,NA,"Y","ANGLE","RAIN","DARK - LIGHTED","REVELS DR & WHITES CREEK PKE","NASHVILLE","NORTH",36.22114,-86.8049,"MOTOR VEHICLE IN TRANSPORT","37207","2019","January","Winter","00","Thursday","Weekday","No Injuries","No Fatalities"
9.97518765729608e-314,2019-01-03 00:02:00,3,0,0,NA,"N","Front to Rear","RAIN","DARK - LIGHTED","MM 53 3 I 24","NASHVILLE","SOUTH",36.11483,-86.72473,"MOTOR VEHICLE IN TRANSPORT","37210","2019","January","Winter","00","Thursday","Weekday","No Injuries","No Fatalities"
9.9751876627308e-314,2019-01-03 00:37:00,2,0,0,NA,"N","Front to Rear","RAIN","DARK - LIGHTED","CHARLOTTE AV & 37TH AVN","NASHVILLE","WEST",36.15274,-86.82819,"MOTOR VEHICLE IN TRANSPORT","37209","2019","January","Winter","00","Thursday","Weekday","No Injuries","No Fatalities"
9.97518767952904e-314,2019-01-03 00:47:00,3,1,0,NA,"N","Front to Rear","RAIN","DARK - LIGHTED","INTERSTATE DR & JAMES ROBERTSON PKWY","NASHVILLE","CENTRA",36.17143,-86.76904,"MOTOR VEHICLE IN TRANSPORT","37213","2019","January","Winter","00","Thursday","Weekday","Injuries","No Fatalities"
9.97518768446969e-314,2019-01-03 01:00:00,3,0,0,NA,"Y","SIDESWIPE - SAME DIRECTION","RAIN","DARK - LIGHTED","MM 210 0 I 40","NASHVILLE","CENTRA",36.14894,-86.77695,"MOTOR VEHICLE IN TRANSPORT","37203","2019","January","Winter","01","Thursday","Weekday","No Injuries","No Fatalities"
9.97518777537777e-314,2019-01-03 02:32:00,2,0,0,NA,"Y","ANGLE","RAIN","DARK - LIGHTED","STATE RT 45 & GALLATIN PKEN","MADISON","MADISO",36.26307,-86.71192,"MOTOR VEHICLE IN TRANSPORT","37115","2019","January","Winter","02","Thursday","Weekday","No Injuries","No Fatalities"
9.97518780255138e-314,2019-01-03 02:36:00,2,0,0,NA,"N","Front to Rear","RAIN","DARK - LIGHTED","HARDING PL & METROPLEX DR","NASHVILLE","SOUTH",36.08686,-86.69595,"MOTOR VEHICLE IN TRANSPORT","37211","2019","January","Winter","02","Thursday","Weekday","No Injuries","No Fatalities"
9.97518781440896e-314,2019-01-03 03:16:00,5,0,0,NA,"N","Front to Rear","RAIN","DARK - LIGHTED","MM 47 0 I 24","NASHVILLE","CENTRA",36.18804,-86.77537,"MOTOR VEHICLE IN TRANSPORT","37207","2019","January","Winter","03","Thursday","Weekday","No Injuries","No Fatalities"
9.97518781885555e-314,2019-01-03 03:15:00,1,1,0,NA,"N","NOT COLLISION W/MOTOR VEHICLE-TRANSPORT","RAIN","DARK - LIGHTED","ROBINSON RD & HADLEY AV","OLD HICKORY","HERMIT",36.25275,-86.64814,"DITCH","37138","2019","January","Winter","03","Thursday","Weekday","Injuries","No Fatalities"
9.9751878267606e-314,2019-01-03 03:20:00,2,2,0,NA,"N","ANGLE","RAIN","DARK - NOT LIGHTED","OLD HICKORY BLVD & EDMONDSON PKE","NASHVILLE","MIDTOW",36.04001,-86.74347,"MOTOR VEHICLE IN TRANSPORT","37220","2019","January","Winter","03","Thursday","Weekday","Injuries","No Fatalities"
9.97518784998168e-314,2019-01-03 04:00:00,1,0,0,NA,"N","NOT COLLISION W/MOTOR VEHICLE-TRANSPORT","RAIN","DARK - LIGHTED","MM 49 1 I 24","NASHVILLE","EAST",36.16422,-86.76287,"CONCRETE TRAFFIC BARRIER","37206","2019","January","Winter","04","Thursday","Weekday","No Injuries","No Fatalities"
9.97518785640454e-314,2019-01-03 03:32:00,2,0,0,NA,"N","SIDESWIPE - SAME DIRECTION","RAIN","DARK - LIGHTED","I 40 & UNKNOWN RAMP","NASHVILLE","HERMIT",36.14216,-86.66649,"MOTOR VEHICLE IN TRANSPORT","37210","2019","January","Winter","03","Thursday","Weekday","No Injuries","No Fatalities"
9.97518786480365e-314,2019-01-03 04:15:00,2,0,0,NA,"N","SIDESWIPE - SAME DIRECTION","RAIN","DARK - NOT LIGHTED","MM 49 1 I 24","NASHVILLE","EAST",36.16423,-86.76287,"MOTOR VEHICLE IN TRANSPORT","37206","2019","January","Winter","04","Thursday","Weekday","No Injuries","No Fatalities"
9.97518786677992e-314,2019-01-03 04:04:00,1,0,0,NA,"N","NOT COLLISION W/MOTOR VEHICLE-TRANSPORT","RAIN","DARK - LIGHTED","RACHELS LN & OLD HICKORY BLVD","OLD HICKORY","HERMIT",36.21247,-86.62273,"Other Traffic Barrier","37138","2019","January","Winter","04","Thursday","Weekday","No Injuries","No Fatalities"
9.97518786826211e-314,2019-01-03 04:17:00,1,1,0,NA,"N","NOT COLLISION W/MOTOR VEHICLE-TRANSPORT","RAIN","DARK - LIGHTED","I65 N EXT RAMP & I65 N ENT RAMP","NASHVILLE","EAST",36.23989,-86.75001,"TREE;Ran Off Road-Left","37207","2019","January","Winter","04","Thursday","Weekday","Injuries","No Fatalities"
9.97518788555441e-314,2019-01-03 04:34:00,1,0,0,NA,"N","NOT COLLISION W/MOTOR VEHICLE-TRANSPORT","RAIN","DARK - LIGHTED","I24 W ENT RAMP & I 24","NASHVILLE","EAST",36.07007,-86.68918,"H-WAY TRAFFIC SIGNAL POST;Ran Off Road-Right","37206","2019","January","Winter","04","Thursday","Weekday","No Injuries","No Fatalities"
9.97518788604848e-314,2019-01-03 03:40:00,2,0,0,NA,"N","ANGLE","RAIN","DARK - LIGHTED","COMMERCE ST & 4TH AVN","NASHVILLE","CENTRA",36.16204,-86.77892,"PARKED MOTOR VEHICLE","37219","2019","January","Winter","03","Thursday","Weekday","No Injuries","No Fatalities"
9.97518789938825e-314,2019-01-03 04:57:00,2,0,0,NA,"N","HEAD-ON","RAIN","DARK - LIGHTED","ANTIOCH PKE & EZELL PKE","NASHVILLE","SOUTH",36.08343,-86.68909,"MOTOR VEHICLE IN TRANSPORT","37211","2019","January","Winter","04","Thursday","Weekday","No Injuries","No Fatalities"
9.97518795768799e-314,2019-01-03 06:01:00,2,0,0,NA,"N","SIDESWIPE - SAME DIRECTION","RAIN","DARK - NOT LIGHTED","BRANCH ST & ESSEX AV","NASHVILLE","EAST",36.1992,-86.72534,"MOTOR VEHICLE IN TRANSPORT","37216","2019","January","Winter","06","Thursday","Weekday","No Injuries","No Fatalities"
9.97518796756931e-314,2019-01-03 06:11:00,2,0,0,NA,"N","ANGLE","RAIN","DARK - LIGHTED","BRILEY PKWYN & BRILEY PKWYS","NASHVILLE","SOUTH",36.17311,-86.68907,"MOTOR VEHICLE IN TRANSPORT;WALL","37211","2019","January","Winter","06","Thursday","Weekday","No Injuries","No Fatalities"
9.97518799820138e-314,2019-01-03 06:00:00,2,0,0,NA,"Y","SIDESWIPE - SAME DIRECTION","RAIN","DARK - LIGHTED","MM 88 0 I 65","NASHVILLE","EAST",36.21524,-86.77539,"MOTOR VEHICLE IN TRANSPORT","37207","2019","January","Winter","06","Thursday","Weekday","No Injuries","No Fatalities"
9.97518801104708e-314,2019-01-03 06:50:00,1,1,0,NA,"N","NOT COLLISION W/MOTOR VEHICLE-TRANSPORT","RAIN","DARK - NOT LIGHTED","FARRELL PKWY & LAMBERT DR","NASHVILLE","MIDTOW",36.07466,-86.76918,"BUILDING","37220","2019","January","Winter","06","Thursday","Weekday","Injuries","No Fatalities"
9.97518802636312e-314,2019-01-03 07:21:00,2,0,0,NA,"Y","ANGLE","RAIN","DARK - LIGHTED","GREEN ST & FAIRFIELD AV","NASHVILLE","HERMIT",36.1527,-86.75637,"MOTOR VEHICLE IN TRANSPORT","37210","2019","January","Winter","07","Thursday","Weekday","No Injuries","No Fatalities"
9.97518938405551e-314,2019-01-04 05:01:00,2,0,0,NA,"Y","SIDESWIPE - OPPOSITE DIRECTION","RAIN","DARK - LIGHTED","NOLENSVILLE PKE & CONCORD RD","ANTIOCH","SOUTH",35.99733,-86.69052,"MOTOR VEHICLE IN TRANSPORT","37013","2019","January","Winter","05","Friday","Weekday","No Injuries","No Fatalities"
9.97518940826473e-314,2019-01-04 06:40:00,2,0,0,NA,"N","ANGLE","RAIN","DARK - LIGHTED","17TH AVN & CHURCH ST","NASHVILLE","MIDTOW",36.15582,-86.79592,"MOTOR VEHICLE IN TRANSPORT","37203","2019","January","Winter","06","Friday","Weekday","No Injuries","No Fatalities"
9.97518952041763e-314,2019-01-04 08:15:00,2,0,0,NA,"Y","SIDESWIPE - SAME DIRECTION","RAIN","DARK - LIGHTED","MM 57 6 I 24","ANTIOCH","SOUTH",36.06273,-86.68273,"MOTOR VEHICLE IN TRANSPORT","37013","2019","January","Winter","08","Friday","Weekday","No Injuries","No Fatalities"
9.97518956438948e-314,2019-01-04 09:21:00,1,1,0,NA,"N","NOT COLLISION W/MOTOR VEHICLE-TRANSPORT","RAIN","DARK - LIGHTED","FRANKLIN LIMESTONE RD & BILLINGSGATE RD","NASHVILLE","SOUTH",36.07703,-86.67198,"GUARDRAIL FACE","37217","2019","January","Winter","09","Friday","Weekday","Injuries","No Fatalities"
9.97518960045627e-314,2019-01-04 10:10:00,2,0,0,NA,"Y","ANGLE","RAIN","DARK - LIGHTED","GALLATIN PKES & EMMITT AV","MADISON","MADISO",36.25322,-86.7168,"MOTOR VEHICLE IN TRANSPORT","37115","2019","January","Winter","10","Friday","Weekday","No Injuries","No Fatalities"
9.97518962812394e-314,2019-01-04 10:45:00,3,0,0,NA,"N","Front to Rear","RAIN","DARK - NOT LIGHTED","MM 33 0 I 24","JOELTON","NORTH",36.33187,-86.90206,"MOTOR VEHICLE IN TRANSPORT;PARKED MOTOR VEHICLE","37080","2019","January","Winter","10","Friday","Weekday","No Injuries","No Fatalities"
9.97518967851864e-314,2019-01-04 11:40:00,1,0,0,NA,"N","NOT COLLISION W/MOTOR VEHICLE-TRANSPORT","RAIN","DARK - LIGHTED","HARDING PL & DONELSON PKE","NASHVILLE","SOUTH",36.0927,-86.67812,"SHRUBBERY","37217","2019","January","Winter","11","Friday","Weekday","No Injuries","No Fatalities"
9.97518968790589e-314,2019-01-04 11:48:00,2,0,0,NA,"N","ANGLE","RAIN","DARK - LIGHTED","ELYSIAN FIELDS RD & DANBY DR","NASHVILLE","MIDTOW",36.08456,-86.74452,"MOTOR VEHICLE IN TRANSPORT","37211","2019","January","Winter","11","Friday","Weekday","No Injuries","No Fatalities"
9.97518970025753e-314,2019-01-04 11:56:00,2,0,0,NA,"N","ANGLE","RAIN","DARK - LIGHTED","ANDERSON & COUNTRY WAY","NASHVILLE","HERMIT",36.07807,-86.60734,"MOTOR VEHICLE IN TRANSPORT","37217","2019","January","Winter","11","Friday","Weekday","No Injuries","No Fatalities"
9.97518971409137e-314,2019-01-04 12:16:00,2,0,0,NA,"N","ANGLE","RAIN","DARK - LIGHTED","DIVISION ST & MUSIC SQW","NASHVILLE","MIDTOW",36.152,-86.79286,"MOTOR VEHICLE IN TRANSPORT","37203","2019","January","Winter","12","Friday","Weekday","No Injuries","No Fatalities"
9.97518972496081e-314,2019-01-04 11:45:00,1,0,0,NA,"N","NOT COLLISION W/MOTOR VEHICLE-TRANSPORT","RAIN","DARK - LIGHTED","MM 5 3 I 440","NASHVILLE","MIDTOW",36.1194,-86.76692,"EMBANKMENT EARTH","37204","2019","January","Winter","11","Friday","Weekday","No Injuries","No Fatalities"
9.97518972693707e-314,2019-01-04 12:24:00,2,0,0,NA,"N","SIDESWIPE - SAME DIRECTION","RAIN","DAWN","MM 53 7 I 24","NASHVILLE","SOUTH",36.10894,-86.72131,"MOTOR VEHICLE IN TRANSPORT","37211","2019","January","Winter","12","Friday","Weekday","No Injuries","No Fatalities"
9.97518979116561e-314,2019-01-04 06:00:00,3,0,0,NA,"N","ANGLE","RAIN","DAYLIGHT","DICKERSON PKE & DICKERSON PKE ENT RAMP","MADISON","MADISO",36.24196,-86.75708,"MOTOR VEHICLE IN TRANSPORT","37115","2019","January","Winter","06","Friday","Weekday","No Injuries","No Fatalities"
9.97519016122078e-314,2019-01-04 06:00:00,1,0,0,NA,"N","NOT COLLISION W/MOTOR VEHICLE-TRANSPORT","RAIN","DAYLIGHT","MM 93 5 I 65","MADISON","MADISO",36.28165,-86.73204,"CONCRETE TRAFFIC BARRIER","37115","2019","January","Winter","06","Friday","Weekday","No Injuries","No Fatalities"
9.97519028177279e-314,2019-01-04 06:00:00,2,0,0,NA,"N","ANGLE","RAIN","DARK - LIGHTED","2ND AVS & HART ST","NASHVILLE","SOUTH",36.14194,-86.76223,"MOTOR VEHICLE IN TRANSPORT","37210","2019","January","Winter","06","Friday","Weekday","No Injuries","No Fatalities"
9.97519037218681e-314,2019-01-04 12:10:00,2,0,0,NA,"N","ANGLE","RAIN","DARK - NOT LIGHTED","CHARLOTTE PKE & CABOT DR","NASHVILLE","WEST",36.13005,-86.90083,"MOTOR VEHICLE IN TRANSPORT","37209","2019","January","Winter","12","Friday","Weekday","No Injuries","No Fatalities"
9.97519039194943e-314,2019-01-05 00:10:00,2,1,0,NA,"Y","ANGLE","RAIN","DARK - NOT LIGHTED","DELMAS AV & FAIRWIN AV","NASHVILLE","EAST",36.19972,-86.74289,"MOTOR VEHICLE IN TRANSPORT","37216","2019","January","Winter","00","Saturday","Weekend","Injuries","No Fatalities"
9.97519041022986e-314,2019-01-05 00:35:00,3,0,0,NA,"N","Front to Rear","RAIN","DARK - LIGHTED","MM 58 0 I 24","ANTIOCH","SOUTH",36.05847,-86.67831,"MOTOR VEHICLE IN TRANSPORT","37013","2019","January","Winter","00","Saturday","Weekend","No Injuries","No Fatalities"
9.97519042801622e-314,2019-01-05 00:33:00,2,0,0,NA,"Y","Front to Rear","RAIN","DARK - LIGHTED","MM 58 2 I 24","ANTIOCH","SOUTH",36.05581,-86.67555,"MOTOR VEHICLE IN TRANSPORT","37013","2019","January","Winter","00","Saturday","Weekend","No Injuries","No Fatalities"
9.97519043295688e-314,2019-01-05 01:00:00,2,0,0,NA,"N","Front to Rear","RAIN","DARK - NOT LIGHTED","GEORGE L DAVIS BLVD & CHARLOTTE AV","NASHVILLE","CENTRA",36.16109,-86.79263,"MOTOR VEHICLE IN TRANSPORT","37203","2019","January","Winter","01","Saturday","Weekend","No Injuries","No Fatalities"
9.9751904556839e-314,2019-01-05 01:35:00,1,1,0,NA,"N","NOT COLLISION W/MOTOR VEHICLE-TRANSPORT","RAIN","DARK - LIGHTED","MCCAMPBELL AV & COLONIAL CIR","NASHVILLE","HERMIT",36.16316,-86.65491,"DITCH;TREE","37214","2019","January","Winter","01","Saturday","Weekend","Injuries","No Fatalities"
9.97519052435902e-314,2019-01-05 02:33:00,2,2,0,NA,"Y","Front to Rear","RAIN","DARK - LIGHTED","I24 E EXT RAMP & SHELBY AV","NASHVILLE","CENTRA",36.16616,-86.76576,"MOTOR VEHICLE IN TRANSPORT","37213","2019","January","Winter","02","Saturday","Weekend","Injuries","No Fatalities"
9.97519056339021e-314,2019-01-05 03:21:00,3,0,0,NA,"Y","SIDESWIPE - SAME DIRECTION","RAIN","DARK - LIGHTED","I24 E EXT RAMP & I 24","NASHVILLE","NORTH",36.08762,-86.70155,"MOTOR VEHICLE IN TRANSPORT","37207","2019","January","Winter","03","Saturday","Weekend","No Injuries","No Fatalities"
9.97519060192733e-314,2019-01-05 03:57:00,1,1,0,NA,"Y","NOT COLLISION W/MOTOR VEHICLE-TRANSPORT","RAIN","DARK - NOT LIGHTED","MURFREESBORO PKE & NANCE LN","NASHVILLE","SOUTH",36.14434,-86.74899,"PEDESTRIAN","37210","2019","January","Winter","03","Saturday","Weekend","Injuries","No Fatalities"
9.97519060439766e-314,2019-01-05 03:54:00,2,0,0,NA,"Y","SIDESWIPE - SAME DIRECTION","RAIN","DARK - LIGHTED","I65 S EXT RAMP & I 65","MADISON","MADISO",36.24437,-86.7477,"MOTOR VEHICLE IN TRANSPORT","37115","2019","January","Winter","03","Saturday","Weekend","No Injuries","No Fatalities"
9.97519061032645e-314,2019-01-05 04:04:00,2,0,0,NA,"N","Front to Rear","RAIN","DARK - LIGHTED","DICKERSON PKE & BRILEY PKWY W ENT RAMP","MADISON","MADISO",36.24143,-86.75722,"MOTOR VEHICLE IN TRANSPORT","37115","2019","January","Winter","04","Saturday","Weekend","No Injuries","No Fatalities"
9.97519066170927e-314,2019-01-05 05:25:00,2,0,0,NA,"N","SIDESWIPE - SAME DIRECTION","RAIN","DARK - NOT LIGHTED","FRANKLIN PKE & NORWOOD DR","NASHVILLE","MIDTOW",36.09827,-86.77203,"MOTOR VEHICLE IN TRANSPORT","37204","2019","January","Winter","05","Saturday","Weekend","No Injuries","No Fatalities"
9.97519066961432e-314,2019-01-05 05:25:00,1,0,0,NA,"N","NOT COLLISION W/MOTOR VEHICLE-TRANSPORT","RAIN","DARK - LIGHTED","HERMITAGE AV & FAIRFIELD AV","NASHVILLE","HERMIT",36.15384,-86.75608,"CURB","37210","2019","January","Winter","05","Saturday","Weekend","No Injuries","No Fatalities"
9.97519068690662e-314,2019-01-05 05:43:00,1,0,0,NA,"N","NOT COLLISION W/MOTOR VEHICLE-TRANSPORT","RAIN","DARK - LIGHTED","I24E & I24 W ENT RAMP","NASHVILLE","HERMIT",36.13946,-86.72688,"GUARDRAIL FACE","37210","2019","January","Winter","05","Saturday","Weekend","No Injuries","No Fatalities"
9.97519071951496e-314,2019-01-05 06:14:00,2,0,0,NA,"Y","SIDESWIPE - SAME DIRECTION","RAIN","DARK - NOT LIGHTED","OLD HICKORY BLVD & ENCLAVE CIR","NASHVILLE","MIDTOW",36.04415,-86.7256,"MOTOR VEHICLE IN TRANSPORT;GUARDRAIL FACE","37211","2019","January","Winter","06","Saturday","Weekend","No Injuries","No Fatalities"
9.97519072247935e-314,2019-01-05 05:55:00,1,0,0,NA,"N","NOT COLLISION W/MOTOR VEHICLE-TRANSPORT","RAIN","DARK - LIGHTED","MURFREESBORO PKE & NASHBORO BLVD","ANTIOCH","SOUTH",36.08691,-86.64868,"UTILITY POLE","37013","2019","January","Winter","05","Saturday","Weekend","No Injuries","No Fatalities"
9.97519081190523e-314,2019-01-05 04:10:00,2,0,0,NA,"Y","ANGLE","RAIN","DARK - NOT LIGHTED","BRICK CHURCH PKE & FERN AV","NASHVILLE","NORTH",36.19596,-86.77669,"PARKED MOTOR VEHICLE","37207","2019","January","Winter","04","Saturday","Weekend","No Injuries","No Fatalities"
9.97519096210119e-314,2019-01-05 07:50:00,2,0,0,NA,"Y","Front to Rear","RAIN","DARK - LIGHTED","TRIMBLE ST & CLAIBORNE ST","NASHVILLE","SOUTH",36.14627,-86.7612,"PARKED MOTOR VEHICLE","37210","2019","January","Winter","07","Saturday","Weekend","No Injuries","No Fatalities"
9.97077154242881e-314,2018-12-27 06:00:00,1,0,0,NA,"N","NOT COLLISION W/MOTOR VEHICLE-TRANSPORT","RAIN","OTHER","44TH AVN & ILLINOIS AV","NASHVILLE","WEST",36.15822,-86.83991,"UTILITY POLE;Ran Off Road-Right","37209","2018","December","Winter","06","Thursday","Weekday","No Injuries","No Fatalities"
9.97077156960242e-314,2018-12-27 06:00:00,2,0,0,NA,"Y","ANGLE","RAIN","DARK - NOT LIGHTED","I24 E ENT RAMP & BRILEY PKWYS","NASHVILLE","SOUTH",36.10957,-86.72245,"MOTOR VEHICLE IN TRANSPORT","37211","2018","December","Winter","06","Thursday","Weekday","No Injuries","No Fatalities"
9.97077158146e-314,2018-12-28 00:15:00,2,1,0,NA,"N","ANGLE","RAIN","DARK - NOT LIGHTED","ARBOR COMMON & BEECHWOOD TER","ANTIOCH","SOUTH",36.04485,-86.66837,"MOTOR VEHICLE IN TRANSPORT","37013","2018","December","Winter","00","Friday","Weekday","Injuries","No Fatalities"