"Accident.Number","Date.and.Time","Number.of.Motor.Vehicles","Number.of.Injuries","Number.of.Fatalities","Property.Damage","Hit.and.Run","Collision.Type.Description","Weather.Description","Illumination.Description","Street.Address","City","Precinct","Latitude","Longitude","HarmfulDescriptions","Zip.Code","Year","Month","Season","Hour","Weekday","DayType","Accident","Fatality_category"
9.97077166149863e-314,2018-12-28 01:42:00,2,2,0,NA,"Y","Front to Rear","RAIN","DARK - LIGHTED","BROADWAY & 4TH AVN","NASHVILLE","CENTRA",36.16102,-86.7772,"MOTOR VEHICLE IN TRANSPORT","37203","2018","December","Winter","01","Friday","Weekday","Injuries","No Fatalities"
9.97077179292009e-314,2018-12-28 02:46:00,2,0,0,NA,"N","Front to Rear","RAIN","DARK - LIGHTED","I24 W EXT RAMP & OLD HICKORY BLVD","ANTIOCH","SOUTH",36.27685,-86.7976,"MOTOR VEHICLE IN TRANSPORT","37013","2018","December","Winter","02","Friday","Weekday","No Injuries","No Fatalities"
9.97077181614118e-314,2018-12-28 04:41:00,2,0,0,NA,"N","ANGLE","RAIN","DARK - LIGHTED","BROADWAY & 18TH AVS","NASHVILLE","MIDTOW",36.15238,-86.79497,"MOTOR VEHICLE IN TRANSPORT","37203","2018","December","Winter","04","Friday","Weekday","No Injuries","No Fatalities"
9.97077182799875e-314,2018-12-27 06:00:00,1,1,0,NA,"N","NOT COLLISION W/MOTOR VEHICLE-TRANSPORT","RAIN","DARK - NOT LIGHTED","4400 BRICK CHURCH PKE","WHITES CREEK","MADISO",36.29191,-86.77877,"DITCH;SHRUBBERY;Ran Off Road-Left","37189","2018","December","Winter","06","Thursday","Weekday","Injuries","No Fatalities"
9.97077207404344e-314,2018-12-28 11:55:00,2,0,0,NA,"N","Front to Rear","RAIN","DARK - NOT LIGHTED","BRILEY PKWY S EXT RAMP & CENTENNIAL BLVD","NASHVILLE","WEST",36.17133,-86.87091,"MOTOR VEHICLE IN TRANSPORT","37209","2018","December","Winter","11","Friday","Weekday","No Injuries","No Fatalities"
9.97077484723391e-314,2018-12-31 03:05:00,1,0,0,NA,"Y","NOT COLLISION W/MOTOR VEHICLE-TRANSPORT","RAIN","DARK - LIGHTED","MM 88 6 I 65","NASHVILLE","EAST",36.22483,-86.77451,"GUARDRAIL FACE","37207","2018","December","Winter","03","Monday","Weekday","No Injuries","No Fatalities"
9.97077485365677e-314,2018-12-31 03:14:00,2,0,0,NA,"N","SIDESWIPE - SAME DIRECTION","RAIN","DARK - LIGHTED","DONELSON PKE & SHACKLETT DR","NASHVILLE","HERMIT",36.1441,-86.6667,"MOTOR VEHICLE IN TRANSPORT","37214","2018","December","Winter","03","Monday","Weekday","No Injuries","No Fatalities"
9.97077486304401e-314,2018-12-31 03:05:00,2,1,0,NA,"N","Front to Rear","RAIN","DARK - NOT LIGHTED","MM 88 6 I 65","NASHVILLE","EAST",36.22483,-86.77451,"MOTOR VEHICLE IN TRANSPORT","37207","2018","December","Winter","03","Monday","Weekday","Injuries","No Fatalities"
9.97077486403215e-314,2018-12-31 03:27:00,2,2,0,NA,"Y","Front to Rear","RAIN","DARK - LIGHTED","OLD HICKORY BLVD & EULALA DR","ANTIOCH","SOUTH",36.04543,-86.70361,"MOTOR VEHICLE IN TRANSPORT","37013","2018","December","Winter","03","Monday","Weekday","Injuries","No Fatalities"
9.97077488083038e-314,2018-12-31 03:52:00,1,0,0,NA,"N","NOT COLLISION W/MOTOR VEHICLE-TRANSPORT","RAIN","DARK - NOT LIGHTED","SMITH SPRINGS RD & RURAL HILL RD","NASHVILLE","HERMIT",36.08976,-86.6239,"DITCH;Motor Vehicle-In-Motion Outside Trafficw;EMBANKMENT EARTH","37217","2018","December","Winter","03","Monday","Weekday","No Injuries","No Fatalities"
9.97077489169982e-314,2018-12-31 04:12:00,1,1,0,NA,"N","NOT COLLISION W/MOTOR VEHICLE-TRANSPORT","RAIN","DARK - NOT LIGHTED","CATHY JO DR & CATHY JO CIR","NASHVILLE","SOUTH",36.09402,-86.71948,"BUILDING","37211","2018","December","Winter","04","Monday","Weekday","Injuries","No Fatalities"
9.97077490158114e-314,2018-12-31 04:34:00,2,0,0,NA,"N","Front to Rear","RAIN","DARK - LIGHTED","MM 47 2 I 24","NASHVILLE","EAST",36.18553,-86.77521,"MOTOR VEHICLE IN TRANSPORT","37207","2018","December","Winter","04","Monday","Weekday","No Injuries","No Fatalities"
9.97077490256927e-314,2018-12-31 04:35:00,1,1,0,NA,"N","NOT COLLISION W/MOTOR VEHICLE-TRANSPORT","RAIN","DARK - LIGHTED","COWAN ST & SPRING ST","NASHVILLE","CENTRA",36.17688,-86.77618,"PEDESTRIAN","37213","2018","December","Winter","04","Monday","Weekday","Injuries","No Fatalities"
9.97077491887343e-314,2018-12-31 05:25:00,3,0,0,NA,"Y","Front to Rear","RAIN","DARK - NOT LIGHTED","MM 49 0 I 24","NASHVILLE","EAST",36.16644,-86.76483,"MOTOR VEHICLE IN TRANSPORT","37206","2018","December","Winter","05","Monday","Weekday","No Injuries","No Fatalities"
9.97077492233189e-314,2018-12-31 05:05:00,2,0,0,NA,"Y","Front to Rear","RAIN","DARK - LIGHTED","LEA AV & 4TH AVS","NASHVILLE","CENTRA",36.15471,-86.77312,"MOTOR VEHICLE IN TRANSPORT","37203","2018","December","Winter","05","Monday","Weekday","No Injuries","No Fatalities"
9.97077492381409e-314,2018-12-31 05:14:00,2,0,0,NA,"N","ANGLE","RAIN","DARK - LIGHTED","WEST END AV & 21ST AVN","NASHVILLE","MIDTOW",36.14997,-86.80227,"MOTOR VEHICLE IN TRANSPORT","37240","2018","December","Winter","05","Monday","Weekday","No Injuries","No Fatalities"
9.97077495592836e-314,2018-12-31 05:54:00,1,2,0,NA,"N","NOT COLLISION W/MOTOR VEHICLE-TRANSPORT","RAIN","DARK - NOT LIGHTED","OLD HICKORY BLVDW & NESBITT DR","MADISON","MADISO",36.26724,-86.74588,"UTILITY POLE;Ran Off Road-Right","37115","2018","December","Winter","05","Monday","Weekday","Injuries","No Fatalities"
9.97077495741055e-314,2018-12-31 05:50:00,2,0,0,NA,"N","SIDESWIPE - SAME DIRECTION","RAIN","DARK - LIGHTED","I24 E EXT RAMP & I 24","NASHVILLE","NORTH",36.11154,-86.72324,"MOTOR VEHICLE IN TRANSPORT","37207","2018","December","Winter","05","Monday","Weekday","No Injuries","No Fatalities"
9.97077495889275e-314,2018-12-31 06:38:00,2,0,0,NA,"Y","SIDESWIPE - SAME DIRECTION","RAIN","DARK - LIGHTED","CHURCH ST & 17TH AVN","NASHVILLE","MIDTOW",36.15561,-86.79636,"MOTOR VEHICLE IN TRANSPORT","37203","2018","December","Winter","06","Monday","Weekday","No Injuries","No Fatalities"
9.97077498359603e-314,2018-12-31 06:33:00,2,0,0,NA,"N","SIDESWIPE - SAME DIRECTION","RAIN","DARK - LIGHTED","DIVISION ST & 19TH AVS","NASHVILLE","MIDTOW",36.15034,-86.79597,"MOTOR VEHICLE IN TRANSPORT","37203","2018","December","Winter","06","Monday","Weekday","No Injuries","No Fatalities"
9.97077498507823e-314,2018-12-21 05:25:00,2,0,0,NA,"N","ANGLE","RAIN","DARK - LIGHTED","8TH AVS & KOREAN VETERANS BLVD","NASHVILLE","CENTRA",36.15489,-86.77915,"MOTOR VEHICLE IN TRANSPORT","37203","2018","December","Winter","05","Friday","Weekday","No Injuries","No Fatalities"
9.97077499792394e-314,2018-12-31 06:40:00,1,1,0,NA,"N","NOT COLLISION W/MOTOR VEHICLE-TRANSPORT","RAIN","DARK - LIGHTED","MURFREESBORO PKE & BROOKSBORO PL","ANTIOCH","SOUTH",36.08357,-86.64719,"LUMINAIRE/LIGHT SUPPORT","37013","2018","December","Winter","06","Monday","Weekday","Injuries","No Fatalities"
9.9707750142281e-314,2018-12-31 07:34:00,2,0,0,NA,"N","Front to Rear","RAIN","DARK - LIGHTED","HIGHWAY 70S & SAWYER BROWN RD","NASHVILLE","WEST",36.07691,-86.9453,"MOTOR VEHICLE IN TRANSPORT","37221","2018","December","Winter","07","Monday","Weekday","No Injuries","No Fatalities"
9.97077503102633e-314,2018-12-31 08:15:00,1,0,0,NA,"N","NOT COLLISION W/MOTOR VEHICLE-TRANSPORT","RAIN","DARK - LIGHTED","I40 W ENT RAMP & I 40","NASHVILLE","HERMIT",36.16434,-86.79378,"GUARDRAIL FACE","37210","2018","December","Winter","08","Monday","Weekday","No Injuries","No Fatalities"
9.97077505572962e-314,2018-12-31 08:35:00,1,1,0,NA,"N","NOT COLLISION W/MOTOR VEHICLE-TRANSPORT","RAIN","DARK - NOT LIGHTED","RURAL HILL RD & PRIEST LAKE DR","NASHVILLE","HERMIT",36.07934,-86.62844,"CULVERT","37217","2018","December","Winter","08","Monday","Weekday","Injuries","No Fatalities"
9.970775066105e-314,2018-12-31 08:00:00,2,0,0,NA,"Y","Front to Rear","RAIN","DARK - NOT LIGHTED","PENN MEADE WAY & LOCK TWO RD","NASHVILLE","HERMIT",36.23989,-86.70178,"PARKED MOTOR VEHICLE","37214","2018","December","Winter","08","Monday","Weekday","No Injuries","No Fatalities"
9.97077506857532e-314,2018-12-31 08:50:00,2,0,0,NA,"Y","Front to Rear","RAIN","DARK - NOT LIGHTED","JONQUIL DR & VERBENA DR","NASHVILLE","SOUTH",36.08683,-86.7177,"PARKED MOTOR VEHICLE;Motor Vehicle-In-Motion Outside Trafficw","37211","2018","December","Winter","08","Monday","Weekday","No Injuries","No Fatalities"
9.97077507648037e-314,2018-12-31 06:00:00,1,0,0,NA,"Y","NOT COLLISION W/MOTOR VEHICLE-TRANSPORT","RAIN","DARK - LIGHTED","ENSLEY BLVD & 4TH AVS","NASHVILLE","SOUTH",36.13694,-86.76071,"EMBANKMENT EARTH","37210","2018","December","Winter","06","Monday","Weekday","No Injuries","No Fatalities"
9.97077511452343e-314,2018-12-31 06:00:00,1,0,0,NA,"Y","NOT COLLISION W/MOTOR VEHICLE-TRANSPORT","RAIN","DARK - NOT LIGHTED","I24 W EXT RAMP & I 24","NASHVILLE","SOUTH",36.03845,-86.64704,"GUARDRAIL FACE;FENCE;Motor Vehicle-In-Motion Outside Trafficw;Ran Off Road-Right;EMBANKMENT EARTH","37211","2018","December","Winter","06","Monday","Weekday","No Injuries","No Fatalities"
9.9707751594834e-314,2018-12-31 06:00:00,2,0,0,NA,"Y","ANGLE","RAIN","DARK - LIGHTED","CROSSINGS PL & CROSSINGS BLVD","ANTIOCH","SOUTH",36.04438,-86.64783,"PARKED MOTOR VEHICLE","37013","2018","December","Winter","06","Monday","Weekday","No Injuries","No Fatalities"
9.97077517183504e-314,2018-12-31 11:35:00,1,0,0,NA,"Y","UNKNOWN","RAIN","DARK - LIGHTED","OCEOLA AV & LENOX AV","NASHVILLE","WEST",36.14887,-86.8597,"UNKNOWN MOST HARMFUL EVENT","37209","2018","December","Winter","11","Monday","Weekday","No Injuries","No Fatalities"
9.97077520592557e-314,2018-12-31 12:34:00,1,0,0,NA,"N","NOT COLLISION W/MOTOR VEHICLE-TRANSPORT","RAIN","DAWN","I40 E EXT RAMP & I 40","NASHVILLE","HERMIT",36.16739,-86.60792,"CONCRETE TRAFFIC BARRIER","37214","2018","December","Winter","12","Monday","Weekday","No Injuries","No Fatalities"
9.9707752083959e-314,2018-12-31 06:10:00,1,0,0,NA,"Y","NOT COLLISION W/MOTOR VEHICLE-TRANSPORT","RAIN","DARK - NOT LIGHTED","HOPEDALE DR & WALES DR","NASHVILLE","SOUTH",36.07105,-86.71632,"MAIL BOX","37211","2018","December","Winter","06","Monday","Weekday","No Injuries","No Fatalities"
9.97077521333656e-314,2018-12-31 12:46:00,3,1,0,NA,"N","Front to Rear","RAIN","DAYLIGHT","MURFREESBORO PKE & DONELSON PKE","NASHVILLE","SOUTH",36.10621,-86.67306,"MOTOR VEHICLE IN TRANSPORT","37217","2018","December","Winter","12","Monday","Weekday","Injuries","No Fatalities"
9.97077556115877e-314,2018-12-31 06:00:00,2,0,0,NA,"N","ANGLE","RAIN","DAYLIGHT","RIVERGATE PKWY & GALLATIN PKEN","MADISON","MADISO",36.29752,-86.69958,"MOTOR VEHICLE IN TRANSPORT","37115","2018","December","Winter","06","Monday","Weekday","No Injuries","No Fatalities"
9.97077558586205e-314,2018-12-31 06:00:00,1,0,0,NA,"N","NOT COLLISION W/MOTOR VEHICLE-TRANSPORT","RAIN","DAYLIGHT","MM 210 3 I 40","NASHVILLE","MIDTOW",36.15043,-86.77097,"GUARDRAIL FACE","37203","2018","December","Winter","06","Monday","Weekday","No Injuries","No Fatalities"
9.97077566441849e-314,2018-12-31 06:00:00,2,0,0,NA,"N","SIDESWIPE - SAME DIRECTION","RAIN","DAYLIGHT","MM 201 0 I 40","NASHVILLE","WEST",36.13021,-86.89904,"MOTOR VEHICLE IN TRANSPORT;Set In Motion By Motor Vehicle","37209","2018","December","Winter","06","Monday","Weekday","No Injuries","No Fatalities"
9.97077569850902e-314,2018-12-31 06:00:00,2,0,0,NA,"N","SIDESWIPE - SAME DIRECTION","RAIN","DARK - LIGHTED","MM 53 7 I 24","NASHVILLE","SOUTH",36.10916,-86.72147,"MOTOR VEHICLE IN TRANSPORT","37211","2018","December","Winter","06","Monday","Weekday","No Injuries","No Fatalities"
9.9707757390224e-314,2018-12-31 06:00:00,1,0,0,NA,"N","NOT COLLISION W/MOTOR VEHICLE-TRANSPORT","RAIN","DARK - LIGHTED","MM 211 4 I 40","NASHVILLE","HERMIT",36.15157,-86.75209,"CONCRETE TRAFFIC BARRIER","37210","2018","December","Winter","06","Monday","Weekday","No Injuries","No Fatalities"
9.97077579781622e-314,2019-01-01 00:32:00,2,0,0,NA,"Y","ANGLE","RAIN","DARK - LIGHTED","E OLD HICKORY BLVD & MYATT DR","MADISON","MADISO",36.26309,-86.69049,"MOTOR VEHICLE IN TRANSPORT","37115","2019","January","Winter","00","Tuesday","Weekday","No Injuries","No Fatalities"
9.97077592330889e-314,2019-01-01 03:07:00,1,0,0,NA,"N","NOT COLLISION W/MOTOR VEHICLE-TRANSPORT","RAIN","DARK - NOT LIGHTED","BELL RD & CANE RIDGE RD","ANTIOCH","SOUTH",36.04488,-86.66374,"CURB","37013","2019","January","Winter","03","Tuesday","Weekday","No Injuries","No Fatalities"
9.97076529546278e-314,2018-12-22 00:12:00,2,0,0,NA,"N","ANGLE","RAIN","DARK - LIGHTED","GALLATIN AV & SEYMOUR AV","NASHVILLE","EAST",36.18603,-86.7474,"MOTOR VEHICLE IN TRANSPORT","37206","2018","December","Winter","00","Saturday","Weekend","No Injuries","No Fatalities"
9.97076529595685e-314,2018-12-21 06:00:00,2,0,0,NA,"N","Front to Rear","RAIN","DARK - LIGHTED","SMITH SPRINGS RD & MURFREESBORO PKE","NASHVILLE","SOUTH",36.09644,-86.65606,"MOTOR VEHICLE IN TRANSPORT","37217","2018","December","Winter","06","Friday","Weekday","No Injuries","No Fatalities"
9.97076529694498e-314,2018-12-21 06:00:00,2,0,0,NA,"N","Front to Rear","RAIN","DARK - LIGHTED","MM 210 8 I 40","NASHVILLE","CENTRA",36.15419,-86.76294,"MOTOR VEHICLE IN TRANSPORT","37210","2018","December","Winter","06","Friday","Weekday","No Injuries","No Fatalities"
9.97076531226101e-314,2018-12-22 00:20:00,2,1,0,NA,"N","Front to Rear","RAIN","DARK - NOT LIGHTED","NOLENSVILLE PKE & OLD HICKORY BLVD","NASHVILLE","SOUTH",36.0465,-86.7134,"MOTOR VEHICLE IN TRANSPORT","37211","2018","December","Winter","00","Saturday","Weekend","Injuries","No Fatalities"
9.97076531769574e-314,2018-12-22 00:35:00,2,1,0,NA,"N","Front to Rear","RAIN","DARK - LIGHTED","MM 88 0 I 65","NASHVILLE","EAST",36.21601,-86.77512,"MOTOR VEHICLE IN TRANSPORT","37207","2018","December","Winter","00","Saturday","Weekend","Injuries","No Fatalities"
9.97076534091682e-314,2018-12-22 01:02:00,2,0,0,NA,"N","ANGLE","RAIN","DARK - LIGHTED","8TH AVS & LAFAYETTE ST","NASHVILLE","CENTRA",36.15448,-86.77943,"MOTOR VEHICLE IN TRANSPORT","37203","2018","December","Winter","01","Saturday","Weekend","No Injuries","No Fatalities"
9.97076535524473e-314,2018-12-22 01:06:00,2,0,0,NA,"N","ANGLE","RAIN","DARK - LIGHTED","EZELL RD & EZELL PKE","NASHVILLE","SOUTH",36.08253,-86.68922,"MOTOR VEHICLE IN TRANSPORT","37211","2018","December","Winter","01","Saturday","Weekend","No Injuries","No Fatalities"
9.97076535771505e-314,2018-12-21 06:00:00,2,0,0,NA,"Y","Front to Rear","RAIN","DARK - LIGHTED","MM 213 8 I 40","NASHVILLE","HERMIT",36.14132,-86.71658,"MOTOR VEHICLE IN TRANSPORT","37217","2018","December","Winter","06","Friday","Weekday","No Injuries","No Fatalities"
9.97076535969132e-314,2018-12-22 00:42:00,3,1,0,NA,"N","Front to Rear","RAIN","DARK - LIGHTED","OLD HICKORY BLVD & BRENTWOOD CHASE DR","BRENTWOOD","MIDTOW",36.04034,-86.75211,"MOTOR VEHICLE IN TRANSPORT","37027","2018","December","Winter","00","Saturday","Weekend","Injuries","No Fatalities"
9.97076536314978e-314,2018-12-22 01:20:00,6,3,0,NA,"Y","Front to Rear","RAIN","DARK - LIGHTED","MM 47 1 I 24","NASHVILLE","CENTRA",36.18728,-86.77532,"MOTOR VEHICLE IN TRANSPORT","37207","2018","December","Winter","01","Saturday","Weekend","Injuries","No Fatalities"
9.97076538834712e-314,2018-12-22 01:40:00,2,0,0,NA,"N","Front to Rear","RAIN","DARK - NOT LIGHTED","CLOVERLAND DR & VALLEY VIEW RD","BRENTWOOD","MIDTOW",36.0351,-86.76871,"MOTOR VEHICLE IN TRANSPORT","37027","2018","December","Winter","01","Saturday","Weekend","No Injuries","No Fatalities"
9.97076542737831e-314,2018-12-22 02:21:00,2,0,0,NA,"N","ANGLE","RAIN","DARK - NOT LIGHTED","CHARLOTTE PKE & OLD CHARLOTTE PKE","NASHVILLE","WEST",36.1331,-86.89219,"MOTOR VEHICLE IN TRANSPORT","37209","2018","December","Winter","02","Saturday","Weekend","No Injuries","No Fatalities"
9.97076544417654e-314,2018-12-22 02:35:00,2,0,0,NA,"N","HEAD-ON","RAIN","DARK - NOT LIGHTED","OLD HICKORY BLVD & RED APPLE RD","ANTIOCH","SOUTH",36.00388,-86.62869,"MOTOR VEHICLE IN TRANSPORT","37013","2018","December","Winter","02","Saturday","Weekend","No Injuries","No Fatalities"
9.97076682756035e-314,2018-12-23 10:31:00,2,0,0,NA,"Y","HEAD-ON","RAIN","DARK - LIGHTED","PEBBLE CREEK DR & CYPRESS LEAF CT","ANTIOCH","SOUTH",36.07371,-86.66138,"MOTOR VEHICLE IN TRANSPORT;PARKED MOTOR VEHICLE","37013","2018","December","Winter","10","Sunday","Weekend","No Injuries","No Fatalities"
9.97077089273248e-314,2018-12-27 11:38:00,2,0,0,NA,"N","ANGLE","RAIN","DAWN","DRIFTWOOD ST & NESTOR ST","NASHVILLE","HERMIT",36.15718,-86.75795,"MOTOR VEHICLE IN TRANSPORT","37210","2018","December","Winter","11","Thursday","Weekday","No Injuries","No Fatalities"
9.97077090804852e-314,2018-12-27 12:35:00,1,0,0,NA,"N","NOT COLLISION W/MOTOR VEHICLE-TRANSPORT","RAIN","Dark-Unknown Lighting","VANDIVER DR & EAGAN CIR","MADISON","MADISO",36.26417,-86.67852,"DITCH","37115","2018","December","Winter","12","Thursday","Weekday","No Injuries","No Fatalities"
9.9707709169417e-314,2018-12-27 12:56:00,1,0,0,NA,"N","NOT COLLISION W/MOTOR VEHICLE-TRANSPORT","RAIN","DAYLIGHT","I40 E EXT RAMP & I 40","NASHVILLE","HERMIT",36.1671,-86.60888,"CONCRETE TRAFFIC BARRIER","37214","2018","December","Winter","12","Thursday","Weekday","No Injuries","No Fatalities"
9.97077092138829e-314,2018-12-27 12:31:00,3,0,0,NA,"N","Front to Rear","RAIN","DAYLIGHT","SHELBY AV & S 7TH ST","NASHVILLE","EAST",36.16932,-86.75771,"MOTOR VEHICLE IN TRANSPORT","37206","2018","December","Winter","12","Thursday","Weekday","No Injuries","No Fatalities"
9.97522769687009e-314,2019-02-01 12:08:00,2,1,0,NA,"N","ANGLE","RAIN","DARK - NOT LIGHTED","TRAILS END LN & ELM HILL PKE","NASHVILLE","HERMIT",36.14188,-86.63721,"MOTOR VEHICLE IN TRANSPORT","37214","2019","February","Winter","12","Friday","Weekday","Injuries","No Fatalities"
9.97522772849029e-314,2019-02-01 12:52:00,1,0,0,NA,"N","NOT COLLISION W/MOTOR VEHICLE-TRANSPORT","RAIN","DAYLIGHT","ELLINGTON PKWYN & ELLINGTON PKWY N ENT R","NASHVILLE","EAST",36.17562,-86.7666,"LUMINAIRE/LIGHT SUPPORT","37216","2019","February","Winter","12","Friday","Weekday","No Injuries","No Fatalities"
9.97522772898435e-314,2019-02-01 12:04:00,2,0,0,NA,"N","Front to Rear","RAIN","DAWN","MM 59 3 I 24","ANTIOCH","SOUTH",36.04613,-86.66013,"MOTOR VEHICLE IN TRANSPORT","37013","2019","February","Winter","12","Friday","Weekday","No Injuries","No Fatalities"
9.97522773293688e-314,2019-02-01 12:55:00,2,0,0,NA,"N","ANGLE","RAIN","DAYLIGHT","I24 E ENT RAMP & I 24","NASHVILLE","CENTRA",36.32263,-86.86797,"MOTOR VEHICLE IN TRANSPORT","37213","2019","February","Winter","12","Friday","Weekday","No Injuries","No Fatalities"
9.97522774627665e-314,2019-02-01 12:41:00,2,0,0,NA,"N","SIDESWIPE - SAME DIRECTION","RAIN","DAWN","MM 60 0 I 24","ANTIOCH","SOUTH",36.04022,-86.64989,"MOTOR VEHICLE IN TRANSPORT","37013","2019","February","Winter","12","Friday","Weekday","No Injuries","No Fatalities"
9.9752312704469e-314,2019-02-04 12:29:00,2,0,0,NA,"N","Front to Rear","RAIN","DAYLIGHT","BELL RD & MT VIEW RD","ANTIOCH","SOUTH",36.05028,-86.6485,"MOTOR VEHICLE IN TRANSPORT","37013","2019","February","Winter","12","Monday","Weekday","No Injuries","No Fatalities"
9.97523143052417e-314,2019-02-04 06:00:00,1,0,0,NA,"N","NOT COLLISION W/MOTOR VEHICLE-TRANSPORT","RAIN","DAYLIGHT","UNION HILL RD & LICKTON PKE","GOODLETTSVILLE","MADISO",36.3362,-86.77864,"GUARDRAIL FACE","37072","2019","February","Winter","06","Monday","Weekday","No Injuries","No Fatalities"
9.97523211431103e-314,2019-02-05 00:18:00,2,0,0,NA,"N","Front to Rear","RAIN","DARK - LIGHTED","MM 75 0 I 65","BRENTWOOD","MIDTOW",36.04449,-86.78064,"MOTOR VEHICLE IN TRANSPORT","37027","2019","February","Winter","00","Tuesday","Weekday","No Injuries","No Fatalities"
9.97523217409297e-314,2019-02-05 01:50:00,2,0,0,NA,"Y","Front to Rear","RAIN","DARK - LIGHTED","CHARLOTTE PKE & CHARLOTTE PKE PVTDR","NASHVILLE","WEST",36.12938,-86.90391,"MOTOR VEHICLE IN TRANSPORT","37209","2019","February","Winter","01","Tuesday","Weekday","No Injuries","No Fatalities"
9.9752323346643e-314,2019-02-05 05:02:00,1,0,0,NA,"N","NOT COLLISION W/MOTOR VEHICLE-TRANSPORT","RAIN","DARK - LIGHTED","322 E CAMPBELL RD","MADISON","MADISO",36.27493,-86.71734,"FENCE","37115","2019","February","Winter","05","Tuesday","Weekday","No Injuries","No Fatalities"
9.97523234800408e-314,2019-02-05 05:31:00,1,1,0,NA,"N","NOT COLLISION W/MOTOR VEHICLE-TRANSPORT","RAIN","DARK - NOT LIGHTED","MM 37 9 I 24","WHITES CREEK","NORTH",36.30895,-86.82315,"TREE;Ran Off Road-Right","37189","2019","February","Winter","05","Tuesday","Weekday","Injuries","No Fatalities"
9.97520674700451e-314,2019-01-17 12:05:00,2,1,0,NA,"Y","Front to Rear","RAIN","DARK - LIGHTED","BRILEY PKWY S ENT RAMP & BRILEY PKWYS","NASHVILLE","SOUTH",36.11787,-86.70199,"MOTOR VEHICLE IN TRANSPORT","37217","2019","January","Winter","12","Thursday","Weekday","Injuries","No Fatalities"
9.97520675639175e-314,2019-01-17 12:30:00,2,1,0,NA,"N","ANGLE","RAIN","DAWN","ELM HILL PKE & DONELSON PKE","NASHVILLE","HERMIT",36.14881,-86.66628,"MOTOR VEHICLE IN TRANSPORT","37214","2019","January","Winter","12","Thursday","Weekday","Injuries","No Fatalities"
9.97520676676713e-314,2019-01-17 12:48:00,1,1,0,NA,"N","NOT COLLISION W/MOTOR VEHICLE-TRANSPORT","RAIN","DAWN","OLD DONELSON PKE & NODYNE DR","NASHVILLE","HERMIT",36.15124,-86.66734,"EMBANKMENT ROCK/STONE/CONCRETE","37214","2019","January","Winter","12","Thursday","Weekday","Injuries","No Fatalities"
9.97520676874339e-314,2019-01-17 12:45:00,1,0,0,NA,"N","NOT COLLISION W/MOTOR VEHICLE-TRANSPORT","RAIN","DARK - NOT LIGHTED","EDMONDSON PKE & BANBURY STA","BRENTWOOD","MIDTOW",36.02536,-86.74268,"","37027","2019","January","Winter","12","Thursday","Weekday","No Injuries","No Fatalities"
9.97520676923746e-314,2019-01-17 12:30:00,2,0,0,NA,"N","Front to Rear","RAIN","DAWN","HARDING PL & TAMPA DR","NASHVILLE","SOUTH",36.08261,-86.71067,"MOTOR VEHICLE IN TRANSPORT","37211","2019","January","Winter","12","Thursday","Weekday","No Injuries","No Fatalities"
9.97520677368405e-314,2019-01-17 12:45:00,2,0,0,NA,"N","SIDESWIPE - SAME DIRECTION","RAIN","DAYLIGHT","FESSLERS LN & ENOS REED DR","NASHVILLE","SOUTH",36.14076,-86.7461,"MOTOR VEHICLE IN TRANSPORT","37210","2019","January","Winter","12","Thursday","Weekday","No Injuries","No Fatalities"
9.97520677467218e-314,2019-01-17 12:55:00,1,0,0,NA,"N","NOT COLLISION W/MOTOR VEHICLE-TRANSPORT","RAIN","DAWN","MM 215 2 I 40","NASHVILLE","HERMIT",36.144,-86.69197,"WALL","37214","2019","January","Winter","12","Thursday","Weekday","No Injuries","No Fatalities"
9.9752067830713e-314,2019-01-17 12:55:00,2,2,0,NA,"N","ANGLE","RAIN","DAYLIGHT","MM 192 2 I 40","NASHVILLE","WEST",36.07681,-87.02524,"MOTOR VEHICLE IN TRANSPORT","37221","2019","January","Winter","12","Thursday","Weekday","Injuries","No Fatalities"
9.97520696488746e-314,2019-01-17 06:00:00,2,0,0,NA,"N","ANGLE","RAIN","DAYLIGHT","4TH AVS & ASH ST","NASHVILLE","CENTRA",36.15234,-86.77158,"MOTOR VEHICLE IN TRANSPORT","37210","2019","January","Winter","06","Thursday","Weekday","No Injuries","No Fatalities"
9.97520750835967e-314,2019-01-17 06:00:00,3,0,0,NA,"N","Front to Rear","RAIN","Dark-Unknown Lighting","MURFREESBORO PKE & HAMILTON CROSSINGS","ANTIOCH","SOUTH",36.06535,-86.62906,"MOTOR VEHICLE IN TRANSPORT","37013","2019","January","Winter","06","Thursday","Weekday","No Injuries","No Fatalities"
9.97520751280626e-314,2019-01-18 00:14:00,2,2,0,NA,"N","Front to Rear","RAIN","DARK - LIGHTED","NOLENSVILLE PKE & WALSH RD","NASHVILLE","SOUTH",36.13509,-86.75971,"MOTOR VEHICLE IN TRANSPORT","37210","2019","January","Winter","00","Friday","Weekday","Injuries","No Fatalities"
9.97520753602734e-314,2019-01-18 00:34:00,2,1,0,NA,"Y","Front to Rear","RAIN","DARK - LIGHTED","HICKORY HOLLOW PKWY & MT VIEW RD","ANTIOCH","SOUTH",36.05448,-86.66727,"MOTOR VEHICLE IN TRANSPORT;UTILITY POLE","37013","2019","January","Winter","00","Friday","Weekday","Injuries","No Fatalities"