"Accident.Number","Date.and.Time","Number.of.Motor.Vehicles","Number.of.Injuries","Number.of.Fatalities","Property.Damage","Hit.and.Run","Collision.Type.Description","Weather.Description","Illumination.Description","Street.Address","City","Precinct","Latitude","Longitude","HarmfulDescriptions","Zip.Code","Year","Month","Season","Hour","Weekday","DayType","Accident","Fatality_category"
9.97520754541459e-314,2019-01-18 00:44:00,2,0,0,NA,"N","SIDESWIPE - SAME DIRECTION","RAIN","DAYLIGHT","BROADWAY & 14TH AVS","NASHVILLE","MIDTOW",36.15566,-86.78968,"MOTOR VEHICLE IN TRANSPORT","37203","2019","January","Winter","00","Friday","Weekday","No Injuries","No Fatalities"
9.97520759136269e-314,2019-01-18 01:12:00,2,0,0,NA,"N","Front to Rear","RAIN","DARK - NOT LIGHTED","I40 E EXT RAMP & I 40","NASHVILLE","HERMIT",36.16733,-86.60804,"MOTOR VEHICLE IN TRANSPORT","37214","2019","January","Winter","01","Friday","Weekday","No Injuries","No Fatalities"
9.9752076027262e-314,2019-01-18 01:26:00,2,0,0,NA,"N","Front to Rear","RAIN","DARK - LIGHTED","BLAKEMORE AV & NATCHEZ TRC","NASHVILLE","MIDTOW",36.1385,-86.80951,"MOTOR VEHICLE IN TRANSPORT","37212","2019","January","Winter","01","Friday","Weekday","No Injuries","No Fatalities"
9.97520761606598e-314,2019-01-18 01:49:00,1,1,0,NA,"N","NOT COLLISION W/MOTOR VEHICLE-TRANSPORT","RAIN","DARK - NOT LIGHTED","CLOVERLAND DR & PORTSMOUTH CV","BRENTWOOD","MIDTOW",36.03202,-86.75661,"UTILITY POLE","37027","2019","January","Winter","01","Friday","Weekday","Injuries","No Fatalities"
9.9752076215007e-314,2019-01-17 06:00:00,2,0,0,NA,"Y","ANGLE","RAIN","UNKNOWN","MUSIC SQE & CHET ATKINS PL","NASHVILLE","MIDTOW",36.14838,-86.79222,"PARKED MOTOR VEHICLE","37203","2019","January","Winter","06","Thursday","Weekday","No Injuries","No Fatalities"
9.97520763829893e-314,2019-01-18 02:09:00,2,0,0,NA,"N","SIDESWIPE - SAME DIRECTION","RAIN","DARK - LIGHTED","FERN AV & WHITES CREEK PKE","NASHVILLE","EAST",36.19552,-86.77555,"MOTOR VEHICLE IN TRANSPORT","37207","2019","January","Winter","02","Friday","Weekday","No Injuries","No Fatalities"
9.97520764521585e-314,2019-01-18 01:56:00,2,0,0,NA,"N","Front to Rear","RAIN","DARK - LIGHTED","BELL RD & COLLINS PARK DR","ANTIOCH","SOUTH",36.04597,-86.658,"MOTOR VEHICLE IN TRANSPORT","37013","2019","January","Winter","01","Friday","Weekday","No Injuries","No Fatalities"
9.97520765509716e-314,2019-01-18 01:35:00,2,0,0,NA,"N","Front to Rear","RAIN","DARK - NOT LIGHTED","OLD HICKORY BLVD & LEBANON PKE WB EXT RA","OLD HICKORY","HERMIT",36.19918,-86.62049,"MOTOR VEHICLE IN TRANSPORT","37138","2019","January","Winter","01","Friday","Weekday","No Injuries","No Fatalities"
9.97520767535385e-314,2019-01-18 02:37:00,1,0,0,NA,"Y","NOT COLLISION W/MOTOR VEHICLE-TRANSPORT","RAIN","DARK - LIGHTED","17TH AVN & WEST END AV","NASHVILLE","MIDTOW",36.15379,-86.79441,"LUMINAIRE/LIGHT SUPPORT","37203","2019","January","Winter","02","Friday","Weekday","No Injuries","No Fatalities"
9.97520772673668e-314,2019-01-18 03:20:00,3,0,0,NA,"N","Front to Rear","RAIN","DARK - LIGHTED","OLD HICKORY BLVD & HEALTH PARK DR","BRENTWOOD","MIDTOW",36.0408,-86.77308,"MOTOR VEHICLE IN TRANSPORT","37027","2019","January","Winter","03","Friday","Weekday","No Injuries","No Fatalities"
9.97520774748744e-314,2019-01-18 03:55:00,1,0,0,NA,"Y","UNKNOWN","RAIN","DARK - LIGHTED","CATO RD & BRILEY PKWY N ENT RAMP","NASHVILLE","NORTH",36.21462,-86.86712,"UNKNOWN MOST HARMFUL EVENT","37218","2019","January","Winter","03","Friday","Weekday","No Injuries","No Fatalities"
9.97520782110322e-314,2019-01-18 05:09:00,2,0,0,NA,"Y","Front to Rear","RAIN","DARK - LIGHTED","3248 PERCY PRIEST DR","NASHVILLE","HERMIT",36.15313,-86.62906,"PARKED MOTOR VEHICLE","37214","2019","January","Winter","05","Friday","Weekday","No Injuries","No Fatalities"
9.97520783790145e-314,2019-01-18 05:39:00,1,0,0,NA,"N","NOT COLLISION W/MOTOR VEHICLE-TRANSPORT","RAIN","DARK - LIGHTED","TAMPA DR & HARDING PL","NASHVILLE","SOUTH",36.08267,-86.71049,"FENCE","37211","2019","January","Winter","05","Friday","Weekday","No Injuries","No Fatalities"
9.97520783987771e-314,2019-01-18 05:30:00,2,0,0,NA,"Y","UNKNOWN","RAIN","DARK - NOT LIGHTED","311 W TRINITY LN","NASHVILLE","NORTH",36.20739,-86.78069,"PARKED MOTOR VEHICLE","37207","2019","January","Winter","05","Friday","Weekday","No Injuries","No Fatalities"
9.97520790855284e-314,2019-01-18 06:54:00,1,1,0,NA,"N","NOT COLLISION W/MOTOR VEHICLE-TRANSPORT","RAIN","DARK - NOT LIGHTED","HOLT RD & WINFIELD DR","NASHVILLE","MIDTOW",36.01503,-86.73499,"TREE","37211","2019","January","Winter","06","Friday","Weekday","Injuries","No Fatalities"
9.97520792090448e-314,2019-01-18 06:50:00,2,0,0,NA,"N","Front to Rear","RAIN","DARK - NOT LIGHTED","CHURCH ST & PRINTERS ALY","NASHVILLE","CENTRA",36.16398,-86.77829,"MOTOR VEHICLE IN TRANSPORT","37201","2019","January","Winter","06","Friday","Weekday","No Injuries","No Fatalities"
9.97520793127986e-314,2019-01-18 07:13:00,2,0,0,NA,"N","SIDESWIPE - SAME DIRECTION","RAIN","DARK - LIGHTED","GALLATIN PKES & MOVING CENTER CT","MADISON","MADISO",36.25056,-86.7186,"MOTOR VEHICLE IN TRANSPORT","37115","2019","January","Winter","07","Friday","Weekday","No Injuries","No Fatalities"
9.97520802367014e-314,2019-01-18 08:55:00,5,0,0,NA,"Y","Front to Rear","RAIN","DARK - LIGHTED","BUENA VISTA PKE & HILLMORE DR","NASHVILLE","NORTH",36.21576,-86.81855,"PARKED MOTOR VEHICLE","37207","2019","January","Winter","08","Friday","Weekday","No Injuries","No Fatalities"
9.97520870745699e-314,2019-01-18 04:35:00,1,0,0,NA,"N","NOT COLLISION W/MOTOR VEHICLE-TRANSPORT","RAIN","DARK - NOT LIGHTED","WHITES CREEK PKE & LAWS RD","WHITES CREEK","NORTH",36.28759,-86.8432,"DEER (ANIMAL)","37189","2019","January","Winter","04","Friday","Weekday","No Injuries","No Fatalities"
9.97522195533322e-314,2019-01-29 00:37:00,2,2,0,NA,"N","ANGLE","RAIN","DARK - LIGHTED","28TH AVN & JOHN A MERRITT BLVD","NASHVILLE","NORTH",36.16779,-86.82075,"MOTOR VEHICLE IN TRANSPORT","37209","2019","January","Winter","00","Tuesday","Weekday","Injuries","No Fatalities"
9.9752219627442e-314,2019-01-29 00:24:00,2,0,0,NA,"N","ANGLE","RAIN","DARK - LIGHTED","BROADMOOR DR & SAUNDERS AV","NASHVILLE","EAST",36.22971,-86.7325,"MOTOR VEHICLE IN TRANSPORT","37216","2019","January","Winter","00","Tuesday","Weekday","No Injuries","No Fatalities"
9.97522196768486e-314,2019-01-29 00:48:00,2,2,0,NA,"N","HEAD-ON","RAIN","DARK - LIGHTED","BUENA VISTA PKE & CLIFF DR","NASHVILLE","NORTH",36.19706,-86.82813,"MOTOR VEHICLE IN TRANSPORT","37218","2019","January","Winter","00","Tuesday","Weekday","Injuries","No Fatalities"
9.97522197114332e-314,2019-01-29 00:39:00,2,1,0,NA,"N","ANGLE","RAIN","DARK - LIGHTED","TWIN HILLS DR & GALLATIN PKEN","MADISON","MADISO",36.30214,-86.69272,"MOTOR VEHICLE IN TRANSPORT","37115","2019","January","Winter","00","Tuesday","Weekday","Injuries","No Fatalities"
9.97522197806024e-314,2019-01-29 00:04:00,2,0,0,NA,"N","Front to Rear","RAIN","DARK - LIGHTED","I24 E ENT RAMP & I 24","NASHVILLE","CENTRA",36.12249,-86.72776,"MOTOR VEHICLE IN TRANSPORT","37213","2019","January","Winter","00","Tuesday","Weekday","No Injuries","No Fatalities"
9.97522202647867e-314,2019-01-29 01:46:00,2,0,0,NA,"N","ANGLE","RAIN","DARK - LIGHTED","NOLENSVILLE PKE & RADNOR ST","NASHVILLE","SOUTH",36.1047,-86.74203,"MOTOR VEHICLE IN TRANSPORT","37211","2019","January","Winter","01","Tuesday","Weekday","No Injuries","No Fatalities"
9.97522203240746e-314,2019-01-29 01:48:00,2,0,0,NA,"Y","SIDESWIPE - SAME DIRECTION","RAIN","DARK - LIGHTED","STATE RT 45 & GALLATIN PKEN","MADISON","MADISO",36.26307,-86.71192,"MOTOR VEHICLE IN TRANSPORT","37115","2019","January","Winter","01","Tuesday","Weekday","No Injuries","No Fatalities"
9.97522203537185e-314,2019-01-29 01:50:00,2,2,0,NA,"N","Front to Rear","RAIN","DARK - LIGHTED","CHARLOTTE AV & 46TH AVN","NASHVILLE","WEST",36.1522,-86.84222,"MOTOR VEHICLE IN TRANSPORT","37209","2019","January","Winter","01","Tuesday","Weekday","Injuries","No Fatalities"
9.97522203635998e-314,2019-01-29 01:47:00,2,0,0,NA,"Y","SIDESWIPE - SAME DIRECTION","RAIN","DARK - NOT LIGHTED","I65 ENT RAMP & I 440","NASHVILLE","MIDTOW",36.1157,-86.78103,"MOTOR VEHICLE IN TRANSPORT","37204","2019","January","Winter","01","Tuesday","Weekday","No Injuries","No Fatalities"
9.97522204920569e-314,2019-01-29 01:45:00,2,0,0,NA,"N","Front to Rear","RAIN","DAYLIGHT","GLENDALE LN & SCENIC DR","NASHVILLE","MIDTOW",36.09359,-86.79299,"MOTOR VEHICLE IN TRANSPORT","37204","2019","January","Winter","01","Tuesday","Weekday","No Injuries","No Fatalities"
9.97522205464041e-314,2019-01-29 02:08:00,2,0,0,NA,"N","ANGLE","RAIN","DARK - LIGHTED","DOUGLAS AV & GALLATIN AV","NASHVILLE","EAST",36.19271,-86.74437,"MOTOR VEHICLE IN TRANSPORT","37206","2019","January","Winter","02","Tuesday","Weekday","No Injuries","No Fatalities"
9.97522211442235e-314,2019-01-29 03:09:00,2,1,0,NA,"N","ANGLE","RAIN","DARK - LIGHTED","MM 209 8 I 40","NASHVILLE","CENTRA",36.14839,-86.78048,"MOTOR VEHICLE IN TRANSPORT","37203","2019","January","Winter","03","Tuesday","Weekday","Injuries","No Fatalities"
9.97522212282147e-314,2019-01-29 03:15:00,1,0,0,NA,"N","NOT COLLISION W/MOTOR VEHICLE-TRANSPORT","RAIN","DARK - NOT LIGHTED","TULIP GROVE RD & OLD LEBANON DIRT RD","HERMITAGE","HERMIT",36.189,-86.59327,"CULVERT;DITCH","37076","2019","January","Winter","03","Tuesday","Weekday","No Injuries","No Fatalities"
9.97522212875026e-314,2019-01-29 03:17:00,1,1,0,NA,"N","NOT COLLISION W/MOTOR VEHICLE-TRANSPORT","RAIN","DARK - NOT LIGHTED","LINBAR DR & WALLACE RD","NASHVILLE","SOUTH",36.08124,-86.70117,"PEDESTRIAN","37211","2019","January","Winter","03","Tuesday","Weekday","Injuries","No Fatalities"
9.97522213270278e-314,2019-01-29 03:21:00,2,0,0,NA,"N","SIDESWIPE - SAME DIRECTION","RAIN","DARK - LIGHTED","4TH AVS & ASH ST","NASHVILLE","CENTRA",36.15234,-86.77158,"MOTOR VEHICLE IN TRANSPORT","37210","2019","January","Winter","03","Tuesday","Weekday","No Injuries","No Fatalities"
9.97522213467905e-314,2019-01-29 03:07:00,2,0,0,NA,"N","Front to Rear","RAIN","DARK - LIGHTED","MM 4 0 I 440","NASHVILLE","MIDTOW",36.11603,-86.78992,"MOTOR VEHICLE IN TRANSPORT","37204","2019","January","Winter","03","Tuesday","Weekday","No Injuries","No Fatalities"
9.97522217667463e-314,2019-01-29 04:10:00,2,0,0,NA,"Y","ANGLE","RAIN","DARK - LIGHTED","I40 E ENT RAMP & DONELSON PKE","NASHVILLE","HERMIT",36.13947,-86.66577,"MOTOR VEHICLE IN TRANSPORT","37214","2019","January","Winter","04","Tuesday","Weekday","No Injuries","No Fatalities"
9.97522222509306e-314,2019-01-29 05:09:00,2,1,0,NA,"Y","Front to Rear","RAIN","DARK - LIGHTED","SPRING ST & DICKERSON PKE","NASHVILLE","EAST",36.17664,-86.77101,"MOTOR VEHICLE IN TRANSPORT","37207","2019","January","Winter","05","Tuesday","Weekday","Injuries","No Fatalities"
9.97520934776607e-314,2019-01-19 06:50:00,1,0,0,NA,"N","NOT COLLISION W/MOTOR VEHICLE-TRANSPORT","RAIN","DARK - NOT LIGHTED","GREENLAND AV & GALLATIN PKE","NASHVILLE","EAST",36.22235,-86.72455,"CULVERT;DITCH","37216","2019","January","Winter","06","Saturday","Weekend","No Injuries","No Fatalities"
9.97520938926758e-314,2019-01-19 07:49:00,1,1,0,NA,"Y","NOT COLLISION W/MOTOR VEHICLE-TRANSPORT","RAIN","DARK - NOT LIGHTED","BROADWAY & 10TH AVS","NASHVILLE","CENTRA",36.15771,-86.78486,"PEDESTRIAN","37203","2019","January","Winter","07","Saturday","Weekend","Injuries","No Fatalities"
9.97520943966228e-314,2019-01-19 08:45:00,2,0,0,NA,"Y","SIDESWIPE - SAME DIRECTION","RAIN","DARK - LIGHTED","4TH AVS & DEMONBREUN ST","NASHVILLE","CENTRA",36.15922,-86.77604,"MOTOR VEHICLE IN TRANSPORT","37201","2019","January","Winter","08","Saturday","Weekend","No Injuries","No Fatalities"
9.97520944410887e-314,2019-01-19 06:00:00,1,0,0,NA,"N","NOT COLLISION W/MOTOR VEHICLE-TRANSPORT","RAIN","DARK - LIGHTED","MM 89 9 I 65","NASHVILLE","MADISO",36.23724,-86.75893,"CONCRETE TRAFFIC BARRIER","37207","2019","January","Winter","06","Saturday","Weekend","No Injuries","No Fatalities"
9.97520945300205e-314,2019-01-19 09:08:00,1,0,0,NA,"N","NOT COLLISION W/MOTOR VEHICLE-TRANSPORT","RAIN","DARK - NOT LIGHTED","CHARLOTTE PKE & CABOT DR","NASHVILLE","WEST",36.13004,-86.9009,"DITCH","37209","2019","January","Winter","09","Saturday","Weekend","No Injuries","No Fatalities"
9.97520945547238e-314,2019-01-19 09:05:00,2,0,0,NA,"N","SIDESWIPE - SAME DIRECTION","RAIN","DARK - LIGHTED","I40 W EXT RAMP & I 40","NASHVILLE","CENTRA",36.15147,-86.75135,"MOTOR VEHICLE IN TRANSPORT","37203","2019","January","Winter","09","Saturday","Weekend","No Injuries","No Fatalities"
9.97520946189523e-314,2019-01-19 09:17:00,2,0,0,NA,"N","NOT COLLISION W/MOTOR VEHICLE-TRANSPORT","RAIN","DARK - LIGHTED","16TH AVS & TREMONT ST","NASHVILLE","MIDTOW",36.1445,-86.79294,"PARKED MOTOR VEHICLE;CURB;OTHER FIXED OBJECTS","37212","2019","January","Winter","09","Saturday","Weekend","No Injuries","No Fatalities"
9.97520946782402e-314,2019-01-19 09:24:00,1,1,0,NA,"N","NOT COLLISION W/MOTOR VEHICLE-TRANSPORT","RAIN","DARK - LIGHTED","I 24 & UNKNOWN RAMP","NASHVILLE","HERMIT",36.06733,-86.68787,"Ran Off Road-Right;EMBANKMENT EARTH","37210","2019","January","Winter","09","Saturday","Weekend","Injuries","No Fatalities"
9.97520947276467e-314,2019-01-19 09:30:00,1,0,0,NA,"N","NOT COLLISION W/MOTOR VEHICLE-TRANSPORT","RAIN","DARK - LIGHTED","MM 58 4 I 24","ANTIOCH","SOUTH",36.05372,-86.67293,"WALL","37013","2019","January","Winter","09","Saturday","Weekend","No Injuries","No Fatalities"
9.97520947424687e-314,2019-01-19 09:30:00,2,0,0,NA,"Y","ANGLE","RAIN","DARK - LIGHTED","OLD HICKORY BLVD & MURFREESBORO PKE","ANTIOCH","SOUTH",36.03547,-86.60424,"MOTOR VEHICLE IN TRANSPORT","37013","2019","January","Winter","09","Saturday","Weekend","No Injuries","No Fatalities"
9.97520949499763e-314,2019-01-19 10:08:00,2,1,0,NA,"N","HEAD-ON","RAIN","DARK - LIGHTED","MM 55 4 I 24","NASHVILLE","SOUTH",36.08982,-86.70288,"MOTOR VEHICLE IN TRANSPORT;CONCRETE TRAFFIC BARRIER","37211","2019","January","Winter","10","Saturday","Weekend","Injuries","No Fatalities"
9.97520951031366e-314,2019-01-19 10:28:00,1,1,0,NA,"N","NOT COLLISION W/MOTOR VEHICLE-TRANSPORT","RAIN","DARK - LIGHTED","MM 202 7 I 40","NASHVILLE","WEST",36.14651,-86.87876,"CONCRETE TRAFFIC BARRIER","37209","2019","January","Winter","10","Saturday","Weekend","Injuries","No Fatalities"
9.97520951624245e-314,2019-01-19 10:40:00,1,0,0,NA,"N","NOT COLLISION W/MOTOR VEHICLE-TRANSPORT","RAIN","DARK - LIGHTED","MM 85 6 I 65","NASHVILLE","NORTH",36.18939,-86.79218,"GUARDRAIL FACE","37208","2019","January","Winter","10","Saturday","Weekend","No Injuries","No Fatalities"
9.97520952068904e-314,2019-01-19 06:05:00,2,0,0,NA,"Y","ANGLE","RAIN","DARK - LIGHTED","NOLENSVILLE PKE & ZOO RD","NASHVILLE","MIDTOW",36.08884,-86.73235,"PARKED MOTOR VEHICLE","37211","2019","January","Winter","06","Saturday","Weekend","No Injuries","No Fatalities"
9.97521507596316e-314,2019-01-23 06:00:00,2,0,0,NA,"N","ANGLE","RAIN","DARK - LIGHTED","MYATT DR & SPRING BRANCH DR","MADISON","MADISO",36.29281,-86.69537,"MOTOR VEHICLE IN TRANSPORT","37115","2019","January","Winter","06","Wednesday","Weekday","No Injuries","No Fatalities"
9.97520953106442e-314,2019-01-19 11:00:00,1,0,0,NA,"N","NOT COLLISION W/MOTOR VEHICLE-TRANSPORT","RAIN","DARK - LIGHTED","GALLATIN PKES & LAKEWOOD DR","MADISON","MADISO",36.24395,-86.72274,"UTILITY POLE;FENCE","37115","2019","January","Winter","11","Saturday","Weekend","No Injuries","No Fatalities"
9.97520953847541e-314,2019-01-19 09:15:00,2,0,0,NA,"Y","SIDESWIPE - SAME DIRECTION","RAIN","DARK - LIGHTED","MM 211 6 I 40","NASHVILLE","HERMIT",36.15107,-86.75042,"MOTOR VEHICLE IN TRANSPORT","37210","2019","January","Winter","09","Saturday","Weekend","No Injuries","No Fatalities"
9.97520954391013e-314,2019-01-19 11:31:00,1,0,0,NA,"N","NOT COLLISION W/MOTOR VEHICLE-TRANSPORT","RAIN","DARK - LIGHTED","MM 54 3 I 24","NASHVILLE","SOUTH",36.10333,-86.71478,"GUARDRAIL FACE","37211","2019","January","Winter","11","Saturday","Weekend","No Injuries","No Fatalities"
9.97520954934485e-314,2019-01-19 11:38:00,1,0,0,NA,"N","NOT COLLISION W/MOTOR VEHICLE-TRANSPORT","RAIN","DARK - LIGHTED","MM 81 7 I 65","NASHVILLE","MIDTOW",36.139,-86.77588,"GUARDRAIL FACE","37203","2019","January","Winter","11","Saturday","Weekend","No Injuries","No Fatalities"
9.97520955626177e-314,2019-01-19 11:49:00,2,0,0,NA,"N","Front to Rear","RAIN","DARK - NOT LIGHTED","MM 200 9 I 40","NASHVILLE","WEST",36.12901,-86.90013,"MOTOR VEHICLE IN TRANSPORT","37209","2019","January","Winter","11","Saturday","Weekend","No Injuries","No Fatalities"
9.97521511252402e-314,2019-01-23 06:00:00,1,1,0,NA,"N","NOT COLLISION W/MOTOR VEHICLE-TRANSPORT","RAIN","DARK - LIGHTED","BELL RD & MURFREESBORO PKE","ANTIOCH","SOUTH",36.07167,-86.63625,"PEDESTRIAN","37013","2019","January","Winter","06","Wednesday","Weekday","Injuries","No Fatalities"
9.97520956466088e-314,2019-01-19 12:03:00,1,0,0,NA,"N","NOT COLLISION W/MOTOR VEHICLE-TRANSPORT","RAIN","DARK - LIGHTED","I40 E EXT RAMP & I 40","NASHVILLE","HERMIT",36.1587,-86.7918,"Other Traffic Barrier","37214","2019","January","Winter","12","Saturday","Weekend","No Injuries","No Fatalities"
9.97520957306e-314,2019-01-19 12:23:00,1,0,0,NA,"N","NOT COLLISION W/MOTOR VEHICLE-TRANSPORT","RAIN","DARK - NOT LIGHTED","MM 201 4 I 40","NASHVILLE","WEST",36.13476,-86.89431,"WALL","37209","2019","January","Winter","12","Saturday","Weekend","No Injuries","No Fatalities"
9.9752095888701e-314,2019-01-19 12:50:00,1,1,0,NA,"N","NOT COLLISION W/MOTOR VEHICLE-TRANSPORT","RAIN","DAYLIGHT","300 EAST THOMPSON LN","NASHVILLE","SOUTH",36.12547,-86.71346,"EMBANKMENT EARTH","37211","2019","January","Winter","12","Saturday","Weekend","Injuries","No Fatalities"
9.97520959232856e-314,2019-01-19 11:35:00,2,0,0,NA,"N","ANGLE","RAIN","DARK - NOT LIGHTED","MM 55 6 I 24","NASHVILLE","SOUTH",36.08781,-86.70128,"MOTOR VEHICLE IN TRANSPORT","37211","2019","January","Winter","11","Saturday","Weekend","No Injuries","No Fatalities"
9.97521515995432e-314,2019-01-24 00:03:00,3,1,0,NA,"Y","Front to Rear","RAIN","DARK - LIGHTED","MM 213 5 I 40","NASHVILLE","HERMIT",36.14033,-86.72174,"MOTOR VEHICLE IN TRANSPORT","37210","2019","January","Winter","00","Thursday","Weekday","Injuries","No Fatalities"
9.97521516934157e-314,2019-01-24 00:12:00,2,1,0,NA,"N","HEAD-ON","RAIN","Dark-Unknown Lighting","TULIP COVE PVTDR & TULIP GROVE RD","HERMITAGE","HERMIT",36.20309,-86.59161,"MOTOR VEHICLE IN TRANSPORT","37076","2019","January","Winter","00","Thursday","Weekday","Injuries","No Fatalities"
9.97521517131783e-314,2019-01-24 00:05:00,2,0,0,NA,"N","Front to Rear","RAIN","DARK - LIGHTED","FRANKLIN PKE & SOUTHMEADE PKWY","NASHVILLE","MIDTOW",36.09317,-86.77147,"MOTOR VEHICLE IN TRANSPORT","37204","2019","January","Winter","00","Thursday","Weekday","No Injuries","No Fatalities"
9.97521517625849e-314,2019-01-24 00:15:00,1,1,0,NA,"Y","NOT COLLISION W/MOTOR VEHICLE-TRANSPORT","RAIN","DARK - LIGHTED","NOLENSVILLE PKE & ANTIOCH PKE","NASHVILLE","SOUTH",36.10179,-86.74055,"PEDESTRIAN","37211","2019","January","Winter","00","Thursday","Weekday","Injuries","No Fatalities"
9.97520970546959e-314,2019-01-19 06:00:00,2,0,0,NA,"Y","UNKNOWN","RAIN","DARK - LIGHTED","STROUSE AV & BRASHER AV","NASHVILLE","EAST",36.19475,-86.74915,"MOTOR VEHICLE IN TRANSPORT;PARKED MOTOR VEHICLE","37206","2019","January","Winter","06","Saturday","Weekend","No Injuries","No Fatalities"
9.97521517724662e-314,2019-01-24 00:15:00,2,0,0,NA,"N","ANGLE","RAIN","DARK - LIGHTED","8TH AVS & PALMER PL","NASHVILLE","CENTRA",36.15347,-86.77937,"MOTOR VEHICLE IN TRANSPORT","37203","2019","January","Winter","00","Thursday","Weekday","No Injuries","No Fatalities"
9.97521517774069e-314,2019-01-24 00:18:00,2,1,0,NA,"N","ANGLE","RAIN","DARK - LIGHTED","21ST AVS & CHILDRENS WAY","NASHVILLE","MIDTOW",36.13872,-86.80061,"MOTOR VEHICLE IN TRANSPORT","37212","2019","January","Winter","00","Thursday","Weekday","Injuries","No Fatalities"
9.97521519602112e-314,2019-01-24 00:37:00,1,1,0,NA,"N","NOT COLLISION W/MOTOR VEHICLE-TRANSPORT","RAIN","DARK - LIGHTED","MM 1 3 I 440","NASHVILLE","WEST",36.14741,-86.82242,"GUARDRAIL FACE","37205","2019","January","Winter","00","Thursday","Weekday","Injuries","No Fatalities"
9.97521519651518e-314,2019-01-24 00:05:00,3,1,0,NA,"Y","Front to Rear","RAIN","DARK - LIGHTED","LEBANON PKE & CRAIGMEADE DR","NASHVILLE","HERMIT",36.16803,-86.69148,"MOTOR VEHICLE IN TRANSPORT","37214","2019","January","Winter","00","Thursday","Weekday","Injuries","No Fatalities"
9.9752152034321e-314,2019-01-24 00:42:00,2,1,0,NA,"N","Front to Rear","RAIN","DARK - LIGHTED","OLD FARM ROAD & BELLS BEND LOOP TRAIL","NASHVILLE","NORTH",36.15315,-86.93502,"MOTOR VEHICLE IN TRANSPORT","37218","2019","January","Winter","00","Thursday","Weekday","Injuries","No Fatalities"
9.97521521430154e-314,2019-01-24 00:58:00,2,1,0,NA,"N","HEAD-ON","RAIN","DARK - LIGHTED","THOMPSON LN & EUGENIA AV","NASHVILLE","MIDTOW",36.11103,-86.75394,"MOTOR VEHICLE IN TRANSPORT","37204","2019","January","Winter","00","Thursday","Weekday","Injuries","No Fatalities"
9.97521522764132e-314,2019-01-24 00:59:00,2,0,0,NA,"N","ANGLE","RAIN","DARK - LIGHTED","HIGHWAY 70S & SAWYER BROWN RD","NASHVILLE","WEST",36.07689,-86.94522,"MOTOR VEHICLE IN TRANSPORT","37221","2019","January","Winter","00","Thursday","Weekday","No Injuries","No Fatalities"
9.97521528198854e-314,2019-01-24 01:32:00,2,0,0,NA,"N","ANGLE","RAIN","DARK - NOT LIGHTED","LAKELAND DR & MCGAVOCK PKE","NASHVILLE","HERMIT",36.15613,-86.68113,"MOTOR VEHICLE IN TRANSPORT","37214","2019","January","Winter","01","Thursday","Weekday","No Injuries","No Fatalities"
9.9752152824826e-314,2019-01-24 01:00:00,2,0,0,NA,"N","Front to Rear","RAIN","DARK - LIGHTED","MCGAVOCK PKE EB ENT RAMP & MCGAVOCK PKE","NASHVILLE","HERMIT",36.21644,-86.69153,"MOTOR VEHICLE IN TRANSPORT","37214","2019","January","Winter","01","Thursday","Weekday","No Injuries","No Fatalities"
9.97521529236392e-314,2019-01-24 01:58:00,2,0,0,NA,"Y","Front to Rear","RAIN","DARK - LIGHTED","MM 4 7 I 440","NASHVILLE","MIDTOW",36.11565,-86.77699,"MOTOR VEHICLE IN TRANSPORT","37204","2019","January","Winter","01","Thursday","Weekday","No Injuries","No Fatalities"
9.9752152982927e-314,2019-01-24 02:25:00,2,1,0,NA,"Y","HEAD-ON","RAIN","DARK - NOT LIGHTED","PACKARD DR & BRENDA LN","ANTIOCH","SOUTH",36.06338,-86.69062,"MOTOR VEHICLE IN TRANSPORT","37013","2019","January","Winter","02","Thursday","Weekday","Injuries","No Fatalities"
9.97521530767995e-314,2019-01-24 02:37:00,2,0,0,NA,"Y","SIDESWIPE - OPPOSITE DIRECTION","RAIN","DARK - LIGHTED","OLD HICKORY BLVDW & N GRAYCROFT AV","MADISON","MADISO",36.26445,-86.73228,"MOTOR VEHICLE IN TRANSPORT","37115","2019","January","Winter","02","Thursday","Weekday","No Injuries","No Fatalities"
9.97521532447818e-314,2019-01-24 02:50:00,2,4,0,NA,"N","SIDESWIPE - SAME DIRECTION","RAIN","DARK - LIGHTED","MM 90 8 I 65","MADISON","MADISO",36.24602,-86.74525,"MOTOR VEHICLE IN TRANSPORT","37115","2019","January","Winter","02","Thursday","Weekday","Injuries","No Fatalities"
9.97521540303462e-314,2019-01-24 04:25:00,1,0,0,NA,"N","NOT COLLISION W/MOTOR VEHICLE-TRANSPORT","RAIN","DARK - NOT LIGHTED","OLD GLENROSE AV & WHITSETT RD","NASHVILLE","SOUTH",36.11958,-86.72967,"CULVERT","37210","2019","January","Winter","04","Thursday","Weekday","No Injuries","No Fatalities"
9.97521542131505e-314,2019-01-24 04:05:00,2,0,0,NA,"Y","Front to Rear","RAIN","DARK - LIGHTED","HICKORY HOLLOW PKWY & BELL RD","ANTIOCH","SOUTH",36.04755,-86.65593,"MOTOR VEHICLE IN TRANSPORT","37013","2019","January","Winter","04","Thursday","Weekday","No Injuries","No Fatalities"