"Accident.Number","Date.and.Time","Number.of.Motor.Vehicles","Number.of.Injuries","Number.of.Fatalities","Property.Damage","Hit.and.Run","Collision.Type.Description","Weather.Description","Illumination.Description","Street.Address","City","Precinct","Latitude","Longitude","HarmfulDescriptions","Zip.Code","Year","Month","Season","Hour","Weekday","DayType","Accident","Fatality_category"
9.97521542427944e-314,2019-01-24 05:16:00,2,4,0,NA,"N","HEAD-ON","RAIN","DARK - NOT LIGHTED","N 1ST ST & COWAN","NASHVILLE","CENTRA",36.17268,-86.77381,"MOTOR VEHICLE IN TRANSPORT","37213","2019","January","Winter","05","Thursday","Weekday","Injuries","No Fatalities"
9.97521543564295e-314,2019-01-23 01:44:00,2,0,0,NA,"Y","ANGLE","RAIN","DARK - LIGHTED","LEBANON PKE & LADY NASHVILLE DR","HERMITAGE","HERMIT",36.21624,-86.58499,"MOTOR VEHICLE IN TRANSPORT","37076","2019","January","Winter","01","Wednesday","Weekday","No Injuries","No Fatalities"
9.97521544008954e-314,2019-01-24 05:00:00,2,0,0,NA,"N","SIDESWIPE - SAME DIRECTION","RAIN","DARK - LIGHTED","CHARLOTTE AV & 3RD AVN","NASHVILLE","CENTRA",36.16669,-86.77989,"MOTOR VEHICLE IN TRANSPORT","37201","2019","January","Winter","05","Thursday","Weekday","No Injuries","No Fatalities"
9.9752156377158e-314,2019-01-24 04:08:00,1,0,0,NA,"N","NOT COLLISION W/MOTOR VEHICLE-TRANSPORT","RAIN","DARK - NOT LIGHTED","BELL RD & BROOK VIEW ESTATES DR","ANTIOCH","SOUTH",36.04328,-86.68929,"CURB","37013","2019","January","Winter","04","Thursday","Weekday","No Injuries","No Fatalities"
9.97520990408398e-314,2019-01-19 06:00:00,2,0,0,NA,"N","Front to Rear","RAIN","DAYLIGHT","HAYWOOD LN & HOPEDALE DR","NASHVILLE","SOUTH",36.06877,-86.71658,"MOTOR VEHICLE IN TRANSPORT","37211","2019","January","Winter","06","Saturday","Weekend","No Injuries","No Fatalities"
9.97521001673095e-314,2019-01-19 06:00:00,2,2,0,NA,"Y","ANGLE","RAIN","Dark-Unknown Lighting","BELL RD & BLUE HOLE RD","ANTIOCH","SOUTH",36.04574,-86.67435,"MOTOR VEHICLE IN TRANSPORT","37013","2019","January","Winter","06","Saturday","Weekend","Injuries","No Fatalities"
9.97521001771908e-314,2019-01-20 00:07:00,2,0,0,NA,"N","Front to Rear","RAIN","DARK - LIGHTED","MAPLEWOOD TRC & W MAPLEWOOD LN","NASHVILLE","EAST",36.23314,-86.75866,"MOTOR VEHICLE IN TRANSPORT","37207","2019","January","Winter","00","Sunday","Weekend","No Injuries","No Fatalities"
9.97521002858853e-314,2019-01-20 00:25:00,1,0,0,NA,"Y","NOT COLLISION W/MOTOR VEHICLE-TRANSPORT","RAIN","DARK - LIGHTED","DOUGLAS AV & JOSEPH AV","NASHVILLE","EAST",36.1943,-86.7714,"UTILITY POLE","37207","2019","January","Winter","00","Sunday","Weekend","No Injuries","No Fatalities"
9.97521003056479e-314,2019-01-20 00:30:00,1,0,0,NA,"Y","NOT COLLISION W/MOTOR VEHICLE-TRANSPORT","RAIN","DARK - LIGHTED","CLARKSVILLE PKE & CANTARUTTI RD","JOELTON","NORTH",36.28338,-86.87788,"DITCH","37080","2019","January","Winter","00","Sunday","Weekend","No Injuries","No Fatalities"
9.97521003155292e-314,2019-01-20 00:13:00,2,0,0,NA,"Y","Front to Rear","RAIN","DARK - LIGHTED","STEWARTS FERRY PKE & HICKORY PL","NASHVILLE","HERMIT",36.15857,-86.64061,"MOTOR VEHICLE IN TRANSPORT","37214","2019","January","Winter","00","Sunday","Weekend","No Injuries","No Fatalities"
9.97521003204699e-314,2019-01-20 02:38:00,2,0,0,NA,"N","ANGLE","RAIN","DARK - LIGHTED","SAM BONEY DR & ELYSIAN FIELDS RD","NASHVILLE","SOUTH",36.08739,-86.72761,"PARKED MOTOR VEHICLE","37211","2019","January","Winter","02","Sunday","Weekend","No Injuries","No Fatalities"
9.9752100404461e-314,2019-01-20 00:17:00,2,0,0,NA,"N","SIDESWIPE - SAME DIRECTION","RAIN","DARK - LIGHTED","MM 218 0 I 40","NASHVILLE","HERMIT",36.14135,-86.66589,"MOTOR VEHICLE IN TRANSPORT","37217","2019","January","Winter","00","Sunday","Weekend","No Injuries","No Fatalities"
9.97521005230368e-314,2019-01-20 00:53:00,2,2,0,NA,"N","Front to Rear","RAIN","DARK - LIGHTED","BRILEY PKWY & GLASTONBURY RD","NASHVILLE","HERMIT",36.1372,-86.69967,"MOTOR VEHICLE IN TRANSPORT","37217","2019","January","Winter","00","Sunday","Weekend","Injuries","No Fatalities"
9.97521006317312e-314,2019-01-20 01:01:00,1,0,0,NA,"N","NOT COLLISION W/MOTOR VEHICLE-TRANSPORT","RAIN","DARK - LIGHTED","LAUREL ST & 12TH AVS","NASHVILLE","CENTRA",36.15363,-86.78546,"FENCE","37203","2019","January","Winter","01","Sunday","Weekend","No Injuries","No Fatalities"
9.97521006761971e-314,2019-01-20 00:16:00,2,0,0,NA,"Y","Front to Rear","RAIN","DARK - LIGHTED","WATTS LN & CHARLOTTE PKE","NASHVILLE","WEST",36.1441,-86.8731,"MOTOR VEHICLE IN TRANSPORT","37209","2019","January","Winter","00","Sunday","Weekend","No Injuries","No Fatalities"
9.97521007651289e-314,2019-01-20 01:19:00,2,2,0,NA,"N","ANGLE","RAIN","DARK - LIGHTED","SMITH SPRINGS RD & CLEARLAKE DRW","NASHVILLE","HERMIT",36.08903,-86.61407,"MOTOR VEHICLE IN TRANSPORT","37217","2019","January","Winter","01","Sunday","Weekend","Injuries","No Fatalities"
9.97521010319244e-314,2019-01-20 01:52:00,1,0,0,NA,"N","NOT COLLISION W/MOTOR VEHICLE-TRANSPORT","RAIN","DARK - LIGHTED","WALLACE RD & BROOKRIDGE TRL","NASHVILLE","SOUTH",36.07855,-86.72206,"OTHER POST, POLE, SUPP.","37211","2019","January","Winter","01","Sunday","Weekend","No Injuries","No Fatalities"
9.97521011406188e-314,2019-01-20 01:58:00,2,2,0,NA,"Y","SIDESWIPE - OPPOSITE DIRECTION","RAIN","DARK - LIGHTED","I40 E EXT RAMP & I 40","NASHVILLE","HERMIT",36.15134,-86.76836,"MOTOR VEHICLE IN TRANSPORT","37214","2019","January","Winter","01","Sunday","Weekend","Injuries","No Fatalities"
9.97521013580077e-314,2019-01-19 06:00:00,2,0,0,NA,"N","UNKNOWN","RAIN","DARK - LIGHTED","SUNRISE AV & NOLENSVILLE PKE","NASHVILLE","SOUTH",36.10402,-86.7415,"MOTOR VEHICLE IN TRANSPORT","37211","2019","January","Winter","06","Saturday","Weekend","No Injuries","No Fatalities"
9.97521015852779e-314,2019-01-20 01:00:00,2,0,0,NA,"Y","Rear to Side","RAIN","DARK - NOT LIGHTED","INDIANA AV & 52ND AVN","NASHVILLE","WEST",36.15643,-86.85121,"MOTOR VEHICLE IN TRANSPORT","37209","2019","January","Winter","01","Sunday","Weekend","No Injuries","No Fatalities"
9.97521015951592e-314,2019-01-20 02:00:00,1,1,0,NA,"Y","NOT COLLISION W/MOTOR VEHICLE-TRANSPORT","RAIN","DARK - LIGHTED","SHELBY AV & S 4TH ST","NASHVILLE","EAST",36.16701,-86.76373,"PEDESTRIAN","37206","2019","January","Winter","02","Sunday","Weekend","Injuries","No Fatalities"
9.97521019410052e-314,2019-01-20 03:09:00,2,0,0,NA,"N","SIDESWIPE - SAME DIRECTION","RAIN","DARK - LIGHTED","ROSA L PARKS BLVD & ROSA L PARKS AV","NASHVILLE","CENTRA",36.1614,-86.78377,"MOTOR VEHICLE IN TRANSPORT","37203","2019","January","Winter","03","Sunday","Weekend","No Injuries","No Fatalities"
9.97521022325039e-314,2019-01-20 03:50:00,2,0,0,NA,"N","Front to Rear","RAIN","DARK - LIGHTED","0 OLD HICKORY BLVD","NASHVILLE","SOUTH",36.04565,-86.71218,"MOTOR VEHICLE IN TRANSPORT","37211","2019","January","Winter","03","Sunday","Weekend","No Injuries","No Fatalities"
9.97521027413915e-314,2019-01-20 01:30:00,2,0,0,NA,"N","SIDESWIPE - SAME DIRECTION","RAIN","DARK - LIGHTED","BELL RD & MT VIEW RD","ANTIOCH","SOUTH",36.05035,-86.64824,"MOTOR VEHICLE IN TRANSPORT","37013","2019","January","Winter","01","Sunday","Weekend","No Injuries","No Fatalities"
9.97521027611541e-314,2019-01-20 00:01:00,1,0,0,NA,"N","NOT COLLISION W/MOTOR VEHICLE-TRANSPORT","RAIN","DARK - NOT LIGHTED","700 ADAMS MILL CT","ANTIOCH","SOUTH",36.01765,-86.70314,"LUMINAIRE/LIGHT SUPPORT","37013","2019","January","Winter","00","Sunday","Weekend","No Injuries","No Fatalities"
9.97521031267627e-314,2019-01-20 05:03:00,2,0,0,NA,"Y","Front to Rear","RAIN","DARK - LIGHTED","LEBANON PKE & FAIRWAY DR","NASHVILLE","HERMIT",36.16906,-86.6824,"MOTOR VEHICLE IN TRANSPORT","37214","2019","January","Winter","05","Sunday","Weekend","No Injuries","No Fatalities"
9.97521050486781e-314,2019-01-20 06:00:00,1,0,0,NA,"N","NOT COLLISION W/MOTOR VEHICLE-TRANSPORT","RAIN","DARK - LIGHTED","NANCE LN & MURFREESBORO PKE","NASHVILLE","HERMIT",36.14444,-86.74947,"UTILITY POLE","37210","2019","January","Winter","06","Sunday","Weekend","No Injuries","No Fatalities"
9.97521057897766e-314,2019-01-20 12:08:00,2,2,0,NA,"N","ANGLE","RAIN","DARK - LIGHTED","BRICK CHURCH PKE & WOODFOLK AV","NASHVILLE","NORTH",36.21791,-86.77999,"MOTOR VEHICLE IN TRANSPORT","37207","2019","January","Winter","12","Sunday","Weekend","Injuries","No Fatalities"
9.97521447913186e-314,2019-01-23 12:55:00,2,0,0,NA,"N","Front to Rear","RAIN","DAWN","MM 56 1 I 24","NASHVILLE","SOUTH",36.08069,-86.69662,"MOTOR VEHICLE IN TRANSPORT;CONCRETE TRAFFIC BARRIER","37211","2019","January","Winter","12","Wednesday","Weekday","No Injuries","No Fatalities"
9.97524776729882e-314,2019-02-16 00:30:00,2,0,0,NA,"N","Front to Rear","RAIN","DARK - LIGHTED","MM 211 7 I 40","NASHVILLE","HERMIT",36.15013,-86.74878,"MOTOR VEHICLE IN TRANSPORT","37210","2019","February","Winter","00","Saturday","Weekend","No Injuries","No Fatalities"
9.97524778459112e-314,2019-02-16 01:00:00,2,0,0,NA,"N","ANGLE","RAIN","DARK - LIGHTED","DICKERSON PKE & RICHARDSON AV","NASHVILLE","EAST",36.1913,-86.77278,"MOTOR VEHICLE IN TRANSPORT","37207","2019","February","Winter","01","Saturday","Weekend","No Injuries","No Fatalities"
9.9752477920021e-314,2019-02-16 00:27:00,2,0,0,NA,"N","Front to Rear","RAIN","DARK - LIGHTED","MURFREESBORO PKE & PHILFRE CT","NASHVILLE","SOUTH",36.12838,-86.71328,"MOTOR VEHICLE IN TRANSPORT","37211","2019","February","Winter","00","Saturday","Weekend","No Injuries","No Fatalities"
9.97524779496649e-314,2019-02-15 06:00:00,2,0,0,NA,"Y","ANGLE","RAIN","Dark-Unknown Lighting","BELL RD & CANE RIDGE RD","ANTIOCH","SOUTH",36.04477,-86.66153,"MOTOR VEHICLE IN TRANSPORT","37013","2019","February","Winter","06","Friday","Weekday","No Injuries","No Fatalities"
9.97524780188341e-314,2019-02-16 01:15:00,2,0,0,NA,"N","Front to Rear","RAIN","DARK - LIGHTED","MM 56 0 I 24","NASHVILLE","SOUTH",36.08172,-86.69751,"MOTOR VEHICLE IN TRANSPORT","37211","2019","February","Winter","01","Saturday","Weekend","No Injuries","No Fatalities"
9.97524780336561e-314,2019-02-16 01:00:00,2,0,0,NA,"Y","SIDESWIPE - SAME DIRECTION","RAIN","DARK - LIGHTED","NOLENSVILLE PKE & RAYMOND ST","NASHVILLE","SOUTH",36.09875,-86.73902,"MOTOR VEHICLE IN TRANSPORT","37211","2019","February","Winter","01","Saturday","Weekend","No Injuries","No Fatalities"
9.97524780435374e-314,2019-02-16 02:22:00,2,0,0,NA,"N","ANGLE","RAIN","DARK - NOT LIGHTED","CHARLOTTE PKE & CABOT DR","NASHVILLE","WEST",36.13003,-86.90094,"MOTOR VEHICLE IN TRANSPORT","37209","2019","February","Winter","02","Saturday","Weekend","No Injuries","No Fatalities"
9.97524780534187e-314,2019-02-16 01:25:00,1,0,0,NA,"N","NOT COLLISION W/MOTOR VEHICLE-TRANSPORT","RAIN","DARK - LIGHTED","MM 3 9 I 440","NASHVILLE","MIDTOW",36.11623,-86.78848,"OTHER OBJECT (NOT FIXED)","37204","2019","February","Winter","01","Saturday","Weekend","No Injuries","No Fatalities"
9.97524780731814e-314,2019-02-16 01:31:00,2,0,0,NA,"N","Front to Rear","RAIN","DARK - LIGHTED","8TH AVS & FRANKLIN PKE","NASHVILLE","MIDTOW",36.12945,-86.77819,"MOTOR VEHICLE IN TRANSPORT","37204","2019","February","Winter","01","Saturday","Weekend","No Injuries","No Fatalities"
9.97524781127066e-314,2019-02-15 06:00:00,2,0,0,NA,"Y","SIDESWIPE - SAME DIRECTION","RAIN","DARK - LIGHTED","MM 211 7 I 40","NASHVILLE","HERMIT",36.14954,-86.74772,"MOTOR VEHICLE IN TRANSPORT","37210","2019","February","Winter","06","Friday","Weekday","No Injuries","No Fatalities"
9.97524781176473e-314,2019-02-16 01:30:00,2,0,0,NA,"Y","SIDESWIPE - SAME DIRECTION","RAIN","DARK - LIGHTED","MM 79 7 I 65","NASHVILLE","MIDTOW",36.1103,-86.77052,"MOTOR VEHICLE IN TRANSPORT","37204","2019","February","Winter","01","Saturday","Weekend","No Injuries","No Fatalities"
9.97524783202142e-314,2019-02-16 02:03:00,1,0,0,NA,"N","NOT COLLISION W/MOTOR VEHICLE-TRANSPORT","RAIN","DARK - LIGHTED","MM 86 5 I 65","NASHVILLE","NORTH",36.1937,-86.7766,"GUARDRAIL FACE","37207","2019","February","Winter","02","Saturday","Weekend","No Injuries","No Fatalities"
9.97524783251548e-314,2019-02-16 01:30:00,2,1,0,NA,"N","Front to Rear","RAIN","DARK - LIGHTED","HILLSBORO PKE & FOREST PLACE CIR","NASHVILLE","MIDTOW",36.09206,-86.82801,"MOTOR VEHICLE IN TRANSPORT","37215","2019","February","Winter","01","Saturday","Weekend","Injuries","No Fatalities"
9.9752478394324e-314,2019-02-16 01:25:00,1,0,0,NA,"N","NOT COLLISION W/MOTOR VEHICLE-TRANSPORT","RAIN","DARK - LIGHTED","MM 3 9 I 440","NASHVILLE","MIDTOW",36.11623,-86.78848,"OTHER OBJECT (NOT FIXED)","37204","2019","February","Winter","01","Saturday","Weekend","No Injuries","No Fatalities"
9.97524784832558e-314,2019-02-16 01:28:00,1,0,0,NA,"N","NOT COLLISION W/MOTOR VEHICLE-TRANSPORT","RAIN","DARK - NOT LIGHTED","MM 3 9 I 440","NASHVILLE","MIDTOW",36.11623,-86.78848,"OTHER OBJECT (NOT FIXED)","37204","2019","February","Winter","01","Saturday","Weekend","No Injuries","No Fatalities"
9.97524784881965e-314,2019-02-16 02:12:00,2,0,0,NA,"Y","Front to Rear","RAIN","DARK - NOT LIGHTED","EAST THOMPSON LN & DRUMMOND DR","NASHVILLE","SOUTH",36.1144,-86.71974,"MOTOR VEHICLE IN TRANSPORT","37211","2019","February","Winter","02","Saturday","Weekend","No Injuries","No Fatalities"
9.97524785376031e-314,2019-02-16 02:21:00,2,0,0,NA,"N","SIDESWIPE - SAME DIRECTION","RAIN","DARK - NOT LIGHTED","I40 W ENT RAMP & I 40","NASHVILLE","HERMIT",36.16793,-86.60993,"MOTOR VEHICLE IN TRANSPORT","37210","2019","February","Winter","02","Saturday","Weekend","No Injuries","No Fatalities"
9.97524785870096e-314,2019-02-16 01:25:00,1,0,0,NA,"N","NOT COLLISION W/MOTOR VEHICLE-TRANSPORT","RAIN","DARK - LIGHTED","MM 4 2 I 440","NASHVILLE","MIDTOW",36.11616,-86.78622,"OTHER OBJECT (NOT FIXED)","37204","2019","February","Winter","01","Saturday","Weekend","No Injuries","No Fatalities"
9.97524787698139e-314,2019-02-16 02:41:00,2,0,0,NA,"N","SIDESWIPE - SAME DIRECTION","RAIN","DARK - LIGHTED","MM 207 9 I 40","NASHVILLE","NORTH",36.17116,-86.79865,"MOTOR VEHICLE IN TRANSPORT","37208","2019","February","Winter","02","Saturday","Weekend","No Injuries","No Fatalities"
9.97524787895765e-314,2019-02-16 02:38:00,2,0,0,NA,"N","ANGLE","RAIN","DARK - LIGHTED","I40 E EXT RAMP & I 40","NASHVILLE","HERMIT",36.15044,-86.77043,"MOTOR VEHICLE IN TRANSPORT","37214","2019","February","Winter","02","Saturday","Weekend","No Injuries","No Fatalities"
9.97524787945172e-314,2019-02-16 02:44:00,1,1,0,NA,"N","NOT COLLISION W/MOTOR VEHICLE-TRANSPORT","RAIN","DARK - LIGHTED","MM 87 2 I 65","NASHVILLE","EAST",36.2057,-86.77656,"GUARDRAIL FACE","37207","2019","February","Winter","02","Saturday","Weekend","Injuries","No Fatalities"
9.97524788735677e-314,2019-02-16 02:49:00,3,2,0,NA,"N","SIDESWIPE - SAME DIRECTION","RAIN","DARK - LIGHTED","MM 217 6 I 40","NASHVILLE","HERMIT",36.14195,-86.65246,"MOTOR VEHICLE IN TRANSPORT","37214","2019","February","Winter","02","Saturday","Weekend","Injuries","No Fatalities"
9.97524789279149e-314,2019-02-16 02:57:00,1,0,0,NA,"N","NOT COLLISION W/MOTOR VEHICLE-TRANSPORT","RAIN","DARK - LIGHTED","HICKORY PARK DR & RIVENDELL CT","ANTIOCH","SOUTH",36.03642,-86.67159,"OTHER FIXED OBJECTS","37013","2019","February","Winter","02","Saturday","Weekend","No Injuries","No Fatalities"
9.97524791107192e-314,2019-02-16 02:25:00,2,0,0,NA,"Y","SIDESWIPE - SAME DIRECTION","RAIN","DARK - LIGHTED","MURFREESBORO PKE & BELL RD","ANTIOCH","SOUTH",36.07306,-86.63731,"MOTOR VEHICLE IN TRANSPORT","37013","2019","February","Winter","02","Saturday","Weekend","No Injuries","No Fatalities"
9.97524791156599e-314,2019-02-16 03:10:00,2,0,0,NA,"N","ANGLE","RAIN","DARK - LIGHTED","MM 49 2 I 24","NASHVILLE","CENTRA",36.1634,-86.7619,"MOTOR VEHICLE IN TRANSPORT","37213","2019","February","Winter","03","Saturday","Weekend","No Injuries","No Fatalities"
9.97524791650664e-314,2019-02-16 02:36:00,2,0,0,NA,"N","ANGLE","RAIN","DARK - LIGHTED","ANTIOCH PKE & PERIMETER HILL DR","NASHVILLE","SOUTH",36.08553,-86.69075,"MOTOR VEHICLE IN TRANSPORT","37211","2019","February","Winter","02","Saturday","Weekend","No Injuries","No Fatalities"
9.97524795504376e-314,2019-02-16 03:50:00,2,0,0,NA,"Y","SIDESWIPE - SAME DIRECTION","RAIN","DARK - NOT LIGHTED","MM 86 5 I 65","NASHVILLE","NORTH",36.19306,-86.7773,"MOTOR VEHICLE IN TRANSPORT","37207","2019","February","Winter","03","Saturday","Weekend","No Injuries","No Fatalities"
9.97524796443101e-314,2019-02-16 04:17:00,3,2,0,NA,"Y","SIDESWIPE - SAME DIRECTION","RAIN","DARK - LIGHTED","MM 80 6 I 65","NASHVILLE","MIDTOW",36.12389,-86.77303,"MOTOR VEHICLE IN TRANSPORT","37204","2019","February","Winter","04","Saturday","Weekend","Injuries","No Fatalities"
9.97524798518177e-314,2019-02-16 03:10:00,2,0,0,NA,"Y","Front to Rear","RAIN","DARK - LIGHTED","MM 85 0 I 65","NASHVILLE","NORTH",36.1805,-86.80023,"MOTOR VEHICLE IN TRANSPORT","37208","2019","February","Winter","03","Saturday","Weekend","No Injuries","No Fatalities"
9.97524799209869e-314,2019-02-16 04:55:00,2,0,0,NA,"Y","Front to Rear","RAIN","DARK - LIGHTED","I65 N EXT RAMP & OLD HICKORY BLVDW","MADISON","MADISO",36.26419,-86.73532,"MOTOR VEHICLE IN TRANSPORT","37115","2019","February","Winter","04","Saturday","Weekend","No Injuries","No Fatalities"
9.97524799555715e-314,2019-02-16 05:00:00,1,0,0,NA,"N","NOT COLLISION W/MOTOR VEHICLE-TRANSPORT","RAIN","DARK - LIGHTED","5000 GALLATIN PKES","MADISON","MADISO",36.24361,-86.7224,"Ran Off Road-Left;EMBANKMENT EARTH","37115","2019","February","Winter","05","Saturday","Weekend","No Injuries","No Fatalities"
9.97524799703934e-314,2019-02-16 02:50:00,2,1,0,NA,"Y","Front to Rear","RAIN","DARK - LIGHTED","MM 87 6 I 65","NASHVILLE","EAST",36.21095,-86.77592,"MOTOR VEHICLE IN TRANSPORT","37207","2019","February","Winter","02","Saturday","Weekend","Injuries","No Fatalities"
9.97524800000374e-314,2019-02-16 04:34:00,2,0,0,NA,"Y","Front to Rear","RAIN","DARK - NOT LIGHTED","MAURY ST & GREEN ST","NASHVILLE","HERMIT",36.15273,-86.75919,"PARKED MOTOR VEHICLE","37210","2019","February","Winter","04","Saturday","Weekend","No Injuries","No Fatalities"
9.9752480034622e-314,2019-02-16 05:12:00,2,0,0,NA,"N","ANGLE","RAIN","DARK - LIGHTED","MURFREESBORO PKE & PLUS PARK BLVD","NASHVILLE","HERMIT",36.13402,-86.72256,"MOTOR VEHICLE IN TRANSPORT","37217","2019","February","Winter","05","Saturday","Weekend","No Injuries","No Fatalities"
9.97524802174263e-314,2019-02-16 05:28:00,1,0,0,NA,"N","NOT COLLISION W/MOTOR VEHICLE-TRANSPORT","RAIN","DARK - LIGHTED","MM 49 1 I 24","NASHVILLE","EAST",36.16486,-86.76351,"CONCRETE TRAFFIC BARRIER","37206","2019","February","Winter","05","Saturday","Weekend","No Injuries","No Fatalities"
9.975248032118e-314,2019-02-16 03:30:00,2,0,0,NA,"Y","SIDESWIPE - SAME DIRECTION","RAIN","DARK - LIGHTED","MM 85 6 I 65","NASHVILLE","NORTH",36.18725,-86.79524,"MOTOR VEHICLE IN TRANSPORT","37208","2019","February","Winter","03","Saturday","Weekend","No Injuries","No Fatalities"
9.97524806769073e-314,2019-02-16 05:50:00,1,0,0,NA,"N","NOT COLLISION W/MOTOR VEHICLE-TRANSPORT","RAIN","DARK - LIGHTED","MM 87 5 I 65","NASHVILLE","EAST",36.2095,-86.7761,"CONCRETE TRAFFIC BARRIER","37207","2019","February","Winter","05","Saturday","Weekend","No Injuries","No Fatalities"
9.97524807608985e-314,2019-02-16 06:20:00,2,2,0,NA,"N","ANGLE","RAIN","DARK - NOT LIGHTED","MM 86 5 I 65","NASHVILLE","NORTH",36.19497,-86.77557,"MOTOR VEHICLE IN TRANSPORT","37207","2019","February","Winter","06","Saturday","Weekend","Injuries","No Fatalities"
9.97524808201863e-314,2019-02-16 05:45:00,2,0,0,NA,"N","ANGLE","RAIN","DARK - LIGHTED","GALLATIN PKES & DUE WEST AVW","MADISON","MADISO",36.24801,-86.72036,"MOTOR VEHICLE IN TRANSPORT","37115","2019","February","Winter","05","Saturday","Weekend","No Injuries","No Fatalities"
9.97524809140588e-314,2019-02-16 06:38:00,2,0,0,NA,"N","ANGLE","RAIN","DARK - LIGHTED","17TH AVS & BROADWAY","NASHVILLE","MIDTOW",36.15325,-86.79401,"MOTOR VEHICLE IN TRANSPORT","37203","2019","February","Winter","06","Saturday","Weekend","No Injuries","No Fatalities"
9.97524809535841e-314,2019-02-16 06:38:00,2,0,0,NA,"Y","Front to Rear","RAIN","DARK - LIGHTED","MM 86 4 I 65","NASHVILLE","EAST",36.19182,-86.77896,"MOTOR VEHICLE IN TRANSPORT","37207","2019","February","Winter","06","Saturday","Weekend","No Injuries","No Fatalities"
9.9752480983228e-314,2019-02-16 06:23:00,1,0,0,NA,"N","NOT COLLISION W/MOTOR VEHICLE-TRANSPORT","RAIN","DARK - LIGHTED","PRESTON DR & ROSEBANK AV","NASHVILLE","EAST",36.18689,-86.71802,"DITCH","37206","2019","February","Winter","06","Saturday","Weekend","No Injuries","No Fatalities"
9.97524814278871e-314,2019-02-16 07:38:00,1,0,0,NA,"N","NOT COLLISION W/MOTOR VEHICLE-TRANSPORT","RAIN","DARK - LIGHTED","WEST END AV & 28TH AVN","NASHVILLE","MIDTOW",36.14502,-86.81243,"BUILDING;UTILITY POLE;OTHER FIXED OBJECTS","37203","2019","February","Winter","07","Saturday","Weekend","No Injuries","No Fatalities"
9.97524815069376e-314,2019-02-16 07:45:00,2,0,0,NA,"N","SIDESWIPE - SAME DIRECTION","RAIN","DARK - LIGHTED","4TH AVS & I40 W ENT RAMP","NASHVILLE","CENTRA",36.15088,-86.77068,"MOTOR VEHICLE IN TRANSPORT","37203","2019","February","Winter","07","Saturday","Weekend","No Injuries","No Fatalities"
9.97524818527835e-314,2019-02-16 06:00:00,1,0,0,NA,"Y","NOT COLLISION W/MOTOR VEHICLE-TRANSPORT","RAIN","DARK - LIGHTED","CHICKERING LN & CHICKERING CT","NASHVILLE","WEST",36.0695,-86.86051,"UTILITY POLE;DITCH","37215","2019","February","Winter","06","Saturday","Weekend","No Injuries","No Fatalities"
9.97524818873681e-314,2019-02-16 08:30:00,1,2,0,NA,"N","NOT COLLISION W/MOTOR VEHICLE-TRANSPORT","RAIN","DARK - NOT LIGHTED","I440 W ENT RAMP & I 65","NASHVILLE","MIDTOW",36.11527,-86.77273,"WALL","37204","2019","February","Winter","08","Saturday","Weekend","Injuries","No Fatalities"
9.97524819268934e-314,2019-02-16 08:48:00,2,1,0,NA,"N","Front to Rear","RAIN","DARK - NOT LIGHTED","MM 218 6 I 40","NASHVILLE","HERMIT",36.15228,-86.6346,"MOTOR VEHICLE IN TRANSPORT","37214","2019","February","Winter","08","Saturday","Weekend","Injuries","No Fatalities"
9.97524822826207e-314,2019-02-16 06:00:00,1,0,0,NA,"Y","UNKNOWN","RAIN","UNKNOWN","MUNN RD & LEBANON PKE","NASHVILLE","HERMIT",36.16881,-86.65698,"UNKNOWN MOST HARMFUL EVENT","37214","2019","February","Winter","06","Saturday","Weekend","No Injuries","No Fatalities"
9.97524823764931e-314,2019-02-16 06:00:00,1,0,0,NA,"Y","NOT COLLISION W/MOTOR VEHICLE-TRANSPORT","RAIN","DARK - NOT LIGHTED","OLD HICKORY BLVD & GAUCHO ROAD PVTDR","NASHVILLE","WEST",36.05434,-86.89982,"SHRUBBERY","37221","2019","February","Winter","06","Saturday","Weekend","No Injuries","No Fatalities"
9.97524928309222e-314,2019-02-17 09:05:00,2,2,0,NA,"N","ANGLE","RAIN","DARK - NOT LIGHTED","HAYWOOD LN & EZELL RD","NASHVILLE","SOUTH",36.06959,-86.6939,"MOTOR VEHICLE IN TRANSPORT","37211","2019","February","Winter","09","Sunday","Weekend","Injuries","No Fatalities"
9.97524929149134e-314,2019-02-17 09:19:00,1,0,0,NA,"N","NOT COLLISION W/MOTOR VEHICLE-TRANSPORT","RAIN","DARK - NOT LIGHTED","MCCRORY LN & BEAUTIFUL VALLEY DR","NASHVILLE","WEST",36.08649,-87.02492,"BRIDGE RAIL","37221","2019","February","Winter","09","Sunday","Weekend","No Injuries","No Fatalities"
9.97524931817088e-314,2019-02-17 09:55:00,1,0,0,NA,"N","NOT COLLISION W/MOTOR VEHICLE-TRANSPORT","RAIN","DARK - NOT LIGHTED","FRANKLIN LIMESTONE RD & MULLINS RD","ANTIOCH","SOUTH",36.0792,-86.67581,"UTILITY POLE;TREE;Ran Off Road-Left","37013","2019","February","Winter","09","Sunday","Weekend","No Injuries","No Fatalities"