"Accident.Number","Date.and.Time","Number.of.Motor.Vehicles","Number.of.Injuries","Number.of.Fatalities","Property.Damage","Hit.and.Run","Collision.Type.Description","Weather.Description","Illumination.Description","Street.Address","City","Precinct","Latitude","Longitude","HarmfulDescriptions","Zip.Code","Year","Month","Season","Hour","Weekday","DayType","Accident","Fatality_category"
9.97524935473174e-314,2019-02-17 10:50:00,1,0,0,NA,"N","NOT COLLISION W/MOTOR VEHICLE-TRANSPORT","RAIN","DARK - NOT LIGHTED","BLUE HOLE RD & BLUE HOLE RD PVTDR","ANTIOCH","SOUTH",36.05344,-86.67288,"CONCRETE TRAFFIC BARRIER","37013","2019","February","Winter","10","Sunday","Weekend","No Injuries","No Fatalities"
9.97524936016646e-314,2019-02-17 10:45:00,3,1,0,NA,"Y","UNKNOWN","RAIN","DARK - LIGHTED","MM 48 3 I 24","NASHVILLE","CENTRA",36.17224,-86.76892,"MOTOR VEHICLE IN TRANSPORT","37213","2019","February","Winter","10","Sunday","Weekend","Injuries","No Fatalities"
9.97524936115459e-314,2019-02-17 10:50:00,1,0,0,NA,"N","NOT COLLISION W/MOTOR VEHICLE-TRANSPORT","RAIN","DARK - LIGHTED","6800 CHARLOTTE PKE","NASHVILLE","WEST",36.13191,-86.89538,"DITCH","37209","2019","February","Winter","10","Sunday","Weekend","No Injuries","No Fatalities"
9.97524936313085e-314,2019-02-17 06:00:00,1,0,0,NA,"Y","NOT COLLISION W/MOTOR VEHICLE-TRANSPORT","RAIN","DARK - LIGHTED","RURAL HILL RD & RICE RD","ANTIOCH","SOUTH",36.0687,-86.63983,"","37013","2019","February","Winter","06","Sunday","Weekend","No Injuries","No Fatalities"
9.97524940265611e-314,2019-02-17 12:05:00,1,0,0,NA,"N","NOT COLLISION W/MOTOR VEHICLE-TRANSPORT","RAIN","DAYLIGHT","MM 57 6 I 24","ANTIOCH","SOUTH",36.0631,-86.68282,"GUARDRAIL FACE;WALL","37013","2019","February","Winter","12","Sunday","Weekend","No Injuries","No Fatalities"
9.97524941896027e-314,2019-02-17 12:20:00,1,0,0,NA,"N","NOT COLLISION W/MOTOR VEHICLE-TRANSPORT","RAIN","DAYLIGHT","MM 55 4 I 24","NASHVILLE","SOUTH",36.08977,-86.70283,"CONCRETE TRAFFIC BARRIER","37211","2019","February","Winter","12","Sunday","Weekend","No Injuries","No Fatalities"
9.97524942044247e-314,2019-02-17 12:25:00,1,1,0,NA,"N","NOT COLLISION W/MOTOR VEHICLE-TRANSPORT","RAIN","DARK - NOT LIGHTED","GLENCLIFF RD & NEESE DR","NASHVILLE","SOUTH",36.1071,-86.72065,"GUARDRAIL FACE","37211","2019","February","Winter","12","Sunday","Weekend","Injuries","No Fatalities"
9.97524942192467e-314,2019-02-17 12:33:00,1,1,0,NA,"N","NOT COLLISION W/MOTOR VEHICLE-TRANSPORT","RAIN","DARK - LIGHTED","MM 55 4 I 24","NASHVILLE","SOUTH",36.08969,-86.70277,"CONCRETE TRAFFIC BARRIER","37211","2019","February","Winter","12","Sunday","Weekend","Injuries","No Fatalities"
9.97524942884158e-314,2019-02-17 12:25:00,2,0,0,NA,"Y","ANGLE","RAIN","DAWN","MASSMAN DR & PATRICIA DR","NASHVILLE","HERMIT",36.13492,-86.70478,"MOTOR VEHICLE IN TRANSPORT","37217","2019","February","Winter","12","Sunday","Weekend","No Injuries","No Fatalities"
9.97524943180598e-314,2019-02-17 12:33:00,1,1,0,NA,"N","NOT COLLISION W/MOTOR VEHICLE-TRANSPORT","RAIN","DAYLIGHT","MM 53 3 I 24","NASHVILLE","SOUTH",36.11397,-86.72432,"CONCRETE TRAFFIC BARRIER","37210","2019","February","Winter","12","Sunday","Weekend","Injuries","No Fatalities"
9.97524943328818e-314,2019-02-17 11:50:00,2,0,0,NA,"N","SIDESWIPE - SAME DIRECTION","RAIN","DARK - NOT LIGHTED","MM 57 6 I 24","ANTIOCH","SOUTH",36.06286,-86.68257,"MOTOR VEHICLE IN TRANSPORT","37013","2019","February","Winter","11","Sunday","Weekend","No Injuries","No Fatalities"
9.97524944316949e-314,2019-02-17 12:28:00,2,0,0,NA,"Y","SIDESWIPE - SAME DIRECTION","RAIN","DARK - LIGHTED","MM 57 2 I 24","NASHVILLE","SOUTH",36.06676,-86.68663,"MOTOR VEHICLE IN TRANSPORT","37211","2019","February","Winter","12","Sunday","Weekend","No Injuries","No Fatalities"
9.97524944613388e-314,2019-02-17 12:45:00,1,0,0,NA,"N","NOT COLLISION W/MOTOR VEHICLE-TRANSPORT","RAIN","DAYLIGHT","BRILEY PKWYN & TWO RIVERS PKWY","NASHVILLE","HERMIT",36.19004,-86.68774,"","37214","2019","February","Winter","12","Sunday","Weekend","No Injuries","No Fatalities"
9.97524958150787e-314,2019-02-17 06:00:00,1,0,0,NA,"Y","NOT COLLISION W/MOTOR VEHICLE-TRANSPORT","RAIN","DAYLIGHT","BARNES RD & STANFORD VILLAGE DR","ANTIOCH","SOUTH",36.02346,-86.68812,"TREE","37013","2019","February","Winter","06","Sunday","Weekend","No Injuries","No Fatalities"
9.97524976184183e-314,2019-02-17 06:00:00,3,0,0,NA,"N","SIDESWIPE - OPPOSITE DIRECTION","RAIN","DAYLIGHT","47TH AVN & ALABAMA AV","NASHVILLE","WEST",36.15273,-86.84351,"PARKED MOTOR VEHICLE","37209","2019","February","Winter","06","Sunday","Weekend","No Injuries","No Fatalities"
9.97524985818463e-314,2019-02-17 06:00:00,1,0,0,NA,"Y","NOT COLLISION W/MOTOR VEHICLE-TRANSPORT","RAIN","DARK - LIGHTED","ELM HILL PKE & ACORN DR","NASHVILLE","HERMIT",36.1502,-86.6997,"","37210","2019","February","Winter","06","Sunday","Weekend","No Injuries","No Fatalities"
9.97524987053627e-314,2019-02-18 00:23:00,3,1,0,NA,"N","NOT COLLISION W/MOTOR VEHICLE-TRANSPORT","RAIN","DARK - NOT LIGHTED","MM 222 1 I 40","HERMITAGE","HERMIT",36.16917,-86.57798,"OTHER OBJECT (NOT FIXED)","37076","2019","February","Winter","00","Monday","Weekday","Injuries","No Fatalities"
9.97524987844132e-314,2019-02-18 00:23:00,2,0,0,NA,"Y","Front to Rear","RAIN","DARK - LIGHTED","BELL RD & RICE RD","ANTIOCH","SOUTH",36.06283,-86.63762,"MOTOR VEHICLE IN TRANSPORT","37013","2019","February","Winter","00","Monday","Weekday","No Injuries","No Fatalities"
9.97524988684044e-314,2019-02-18 00:40:00,2,0,0,NA,"N","Front to Rear","RAIN","DARK - LIGHTED","DR D B TODD JR BLVD & JEFFERSON ST","NASHVILLE","NORTH",36.16934,-86.80657,"MOTOR VEHICLE IN TRANSPORT","37208","2019","February","Winter","00","Monday","Weekday","No Injuries","No Fatalities"
9.97524988931077e-314,2019-02-18 00:47:00,2,0,0,NA,"N","ANGLE","RAIN","DARK - LIGHTED","GALLATIN AV & STROUSE AV","NASHVILLE","EAST",36.19443,-86.74346,"MOTOR VEHICLE IN TRANSPORT","37206","2019","February","Winter","00","Monday","Weekday","No Injuries","No Fatalities"
9.97524989523955e-314,2019-02-18 00:35:00,2,0,0,NA,"Y","SIDESWIPE - SAME DIRECTION","RAIN","DARK - LIGHTED","MM 6 0 I 440","NASHVILLE","MIDTOW",36.12165,-86.75679,"MOTOR VEHICLE IN TRANSPORT","37211","2019","February","Winter","00","Monday","Weekday","No Injuries","No Fatalities"
9.97524990166241e-314,2019-02-18 00:55:00,2,0,0,NA,"Y","Front to Rear","RAIN","DAYLIGHT","4TH AVS & PEABODY ST","NASHVILLE","CENTRA",36.15596,-86.77392,"MOTOR VEHICLE IN TRANSPORT","37201","2019","February","Winter","00","Monday","Weekday","No Injuries","No Fatalities"
9.9752499031446e-314,2019-02-18 00:53:00,2,0,0,NA,"N","SIDESWIPE - OPPOSITE DIRECTION","RAIN","DARK - LIGHTED","STATE RT 45 & GALLATIN PKEN","MADISON","MADISO",36.26307,-86.71192,"MOTOR VEHICLE IN TRANSPORT","37115","2019","February","Winter","00","Monday","Weekday","No Injuries","No Fatalities"
9.97524991154372e-314,2019-02-18 01:29:00,2,1,0,NA,"N","Front to Rear","RAIN","DARK - NOT LIGHTED","PARAGON MILLS RD & DAWN DR","NASHVILLE","SOUTH",36.08755,-86.71324,"MOTOR VEHICLE IN TRANSPORT","37211","2019","February","Winter","01","Monday","Weekday","Injuries","No Fatalities"
9.97524996638501e-314,2019-02-18 02:15:00,2,0,0,NA,"N","ANGLE","RAIN","DARK - LIGHTED","LAFAYETTE ST & CLAIBORNE ST","NASHVILLE","SOUTH",36.14834,-86.76102,"MOTOR VEHICLE IN TRANSPORT","37210","2019","February","Winter","02","Monday","Weekday","No Injuries","No Fatalities"
9.97525001332124e-314,2019-02-18 01:54:00,1,0,0,NA,"N","NOT COLLISION W/MOTOR VEHICLE-TRANSPORT","RAIN","DARK - NOT LIGHTED","MM 215 0 I 40","NASHVILLE","HERMIT",36.14429,-86.69523,"OTHER OBJECT (NOT FIXED)","37214","2019","February","Winter","01","Monday","Weekday","No Injuries","No Fatalities"
9.97525004049485e-314,2019-02-18 04:10:00,2,0,0,NA,"N","Front to Rear","RAIN","DARK - LIGHTED","CENTRAL PKE & FRIST BLVD","HERMITAGE","HERMIT",36.1741,-86.60852,"MOTOR VEHICLE IN TRANSPORT","37076","2019","February","Winter","04","Monday","Weekday","No Injuries","No Fatalities"
9.97525264323268e-314,2019-02-19 06:00:00,2,0,0,NA,"N","ANGLE","RAIN","DAYLIGHT","HAYWOOD LN & EAST RIDGE DR","NASHVILLE","SOUTH",36.0701,-86.69946,"MOTOR VEHICLE IN TRANSPORT","37211","2019","February","Winter","06","Tuesday","Weekday","No Injuries","No Fatalities"
9.97525279836929e-314,2019-02-19 06:00:00,2,1,0,NA,"N","ANGLE","RAIN","DARK - LIGHTED","COWAN ST & SPRING ST","NASHVILLE","CENTRA",36.17688,-86.77618,"MOTOR VEHICLE IN TRANSPORT","37213","2019","February","Winter","06","Tuesday","Weekday","Injuries","No Fatalities"
9.97525281269719e-314,2019-02-19 06:00:00,2,0,0,NA,"N","SIDESWIPE - SAME DIRECTION","RAIN","DARK - LIGHTED","HARDING PKE & RIDGEFIELD WAY","NASHVILLE","WEST",36.12622,-86.8459,"MOTOR VEHICLE IN TRANSPORT","37205","2019","February","Winter","06","Tuesday","Weekday","No Injuries","No Fatalities"
9.97525282010818e-314,2019-02-20 00:02:00,2,0,0,NA,"N","SIDESWIPE - SAME DIRECTION","RAIN","DARK - NOT LIGHTED","MM 215 1 I 40","NASHVILLE","HERMIT",36.14413,-86.69292,"MOTOR VEHICLE IN TRANSPORT","37214","2019","February","Winter","00","Wednesday","Weekday","No Injuries","No Fatalities"
9.97525282900136e-314,2019-02-20 00:14:00,2,0,0,NA,"N","Front to Rear","RAIN","DARK - LIGHTED","GALLATIN PKE & LELAND AV","NASHVILLE","EAST",36.20375,-86.73842,"MOTOR VEHICLE IN TRANSPORT","37216","2019","February","Winter","00","Wednesday","Weekday","No Injuries","No Fatalities"
9.97525283097762e-314,2019-02-20 00:20:00,1,0,0,NA,"N","NOT COLLISION W/MOTOR VEHICLE-TRANSPORT","RAIN","DARK - NOT LIGHTED","I40 E EXT RAMP & I 40","NASHVILLE","HERMIT",36.17009,-86.60643,"CONCRETE TRAFFIC BARRIER","37214","2019","February","Winter","00","Wednesday","Weekday","No Injuries","No Fatalities"
9.97525283789454e-314,2019-02-20 00:30:00,2,0,0,NA,"N","ANGLE","RAIN","DARK - LIGHTED","9TH AVS & DIVISION ST","NASHVILLE","CENTRA",36.15102,-86.78049,"MOTOR VEHICLE IN TRANSPORT","37203","2019","February","Winter","00","Wednesday","Weekday","No Injuries","No Fatalities"
9.97525284925805e-314,2019-02-20 00:44:00,2,0,0,NA,"N","SIDESWIPE - SAME DIRECTION","RAIN","DARK - NOT LIGHTED","MURFREESBORO PKE & DELL PKWY","NASHVILLE","SOUTH",36.10804,-86.67746,"MOTOR VEHICLE IN TRANSPORT","37217","2019","February","Winter","00","Wednesday","Weekday","No Injuries","No Fatalities"
9.97525285074025e-314,2019-02-20 00:28:00,2,0,0,NA,"N","Front to Rear","RAIN","DARK - NOT LIGHTED","CLARKSVILLE PKE & OLD HICKORY BLVD","NASHVILLE","NORTH",36.27915,-86.87305,"MOTOR VEHICLE IN TRANSPORT","37218","2019","February","Winter","00","Wednesday","Weekday","No Injuries","No Fatalities"
9.97525285815123e-314,2019-02-20 00:50:00,1,1,0,NA,"N","NOT COLLISION W/MOTOR VEHICLE-TRANSPORT","RAIN","DARK - NOT LIGHTED","ROSA L PARKS BLVD & LOCKLAYER ST","NASHVILLE","NORTH",36.17161,-86.79033,"CONCRETE TRAFFIC BARRIER","37208","2019","February","Winter","00","Wednesday","Weekday","Injuries","No Fatalities"
9.97525286951474e-314,2019-02-20 00:50:00,1,0,0,NA,"N","NOT COLLISION W/MOTOR VEHICLE-TRANSPORT","RAIN","DARK - LIGHTED","ROSA L PARKS BLVD & LOCKLAYER ST","NASHVILLE","NORTH",36.17136,-86.79017,"CURB","37208","2019","February","Winter","00","Wednesday","Weekday","No Injuries","No Fatalities"
9.97525288483078e-314,2019-02-20 00:58:00,2,0,0,NA,"N","ANGLE","RAIN","DAYLIGHT","POWELL AV & BRANSFORD AV","NASHVILLE","MIDTOW",36.1121,-86.76708,"MOTOR VEHICLE IN TRANSPORT","37204","2019","February","Winter","00","Wednesday","Weekday","No Injuries","No Fatalities"
9.97525288581891e-314,2019-02-20 00:07:00,2,0,0,NA,"N","Front to Rear","RAIN","DARK - LIGHTED","THOMPSON LN & NOLENSVILLE PKE","NASHVILLE","SOUTH",36.11082,-86.74341,"MOTOR VEHICLE IN TRANSPORT","37211","2019","February","Winter","00","Wednesday","Weekday","No Injuries","No Fatalities"
9.9752528917477e-314,2019-02-20 01:20:00,1,0,0,NA,"N","NOT COLLISION W/MOTOR VEHICLE-TRANSPORT","RAIN","DARK - LIGHTED","ROSA L PARKS BLVD & LOCKLAYER ST","NASHVILLE","NORTH",36.17148,-86.79025,"OTHER OBJECT (NOT FIXED)","37208","2019","February","Winter","01","Wednesday","Weekday","No Injuries","No Fatalities"
9.97525289322989e-314,2019-02-20 00:11:00,2,0,0,NA,"N","Front to Rear","RAIN","DARK - LIGHTED","BELL RD & HICKORY HIGHLANDS DR","ANTIOCH","SOUTH",36.0603,-86.64035,"MOTOR VEHICLE IN TRANSPORT","37013","2019","February","Winter","00","Wednesday","Weekday","No Injuries","No Fatalities"
9.97525291002813e-314,2019-02-20 01:45:00,2,3,0,NA,"N","Front to Rear","RAIN","DARK - LIGHTED","GALLATIN AV & GALLATIN PKE","NASHVILLE","EAST",36.19685,-86.74215,"MOTOR VEHICLE IN TRANSPORT","37206","2019","February","Winter","01","Wednesday","Weekday","Injuries","No Fatalities"
9.97525291299252e-314,2019-02-20 01:50:00,1,1,0,NA,"N","NOT COLLISION W/MOTOR VEHICLE-TRANSPORT","RAIN","DARK - LIGHTED","OLD HICKORY BLVD & 30TH ST","OLD HICKORY","HERMIT",36.2453,-86.63846,"UTILITY POLE","37138","2019","February","Winter","01","Wednesday","Weekday","Injuries","No Fatalities"
9.97525291398065e-314,2019-02-20 01:39:00,2,0,0,NA,"N","Front to Rear","RAIN","DARK - LIGHTED","HERON POINTE DR & BELL RD","NASHVILLE","HERMIT",36.11819,-86.63113,"MOTOR VEHICLE IN TRANSPORT","37214","2019","February","Winter","01","Wednesday","Weekday","No Injuries","No Fatalities"
9.97525296536348e-314,2019-02-20 02:42:00,1,1,0,NA,"N","NOT COLLISION W/MOTOR VEHICLE-TRANSPORT","RAIN","DARK - LIGHTED","DR D B TODD JR BLVD & UNDERWOOD ST","NASHVILLE","NORTH",36.17334,-86.80824,"PEDESTRIAN","37208","2019","February","Winter","02","Wednesday","Weekday","Injuries","No Fatalities"
9.97525296733974e-314,2019-02-20 01:21:00,2,0,0,NA,"N","SIDESWIPE - SAME DIRECTION","RAIN","DARK - LIGHTED","HICKORY HOLLOW LN & HICKORY HOLLOW PKWY","ANTIOCH","SOUTH",36.04694,-86.65407,"MOTOR VEHICLE IN TRANSPORT","37013","2019","February","Winter","01","Wednesday","Weekday","No Injuries","No Fatalities"
9.9752529880905e-314,2019-02-19 06:00:00,1,0,0,NA,"N","NOT COLLISION W/MOTOR VEHICLE-TRANSPORT","RAIN","DARK - LIGHTED","LOCKLAYER ST & ROSA L PARKS BLVD","NASHVILLE","NORTH",36.17132,-86.79026,"OTHER OBJECT (NOT FIXED)","37208","2019","February","Winter","06","Tuesday","Weekday","No Injuries","No Fatalities"
9.97525299006676e-314,2019-02-20 03:13:00,2,0,0,NA,"N","ANGLE","RAIN","DARK - LIGHTED","2ND AVS & LEA AV","NASHVILLE","CENTRA",36.15559,-86.77107,"MOTOR VEHICLE IN TRANSPORT","37210","2019","February","Winter","03","Wednesday","Weekday","No Injuries","No Fatalities"
9.97525303156827e-314,2019-02-20 04:05:00,2,0,0,NA,"N","Front to Rear","RAIN","DARK - LIGHTED","MM 85 6 I 65","NASHVILLE","NORTH",36.18733,-86.79512,"MOTOR VEHICLE IN TRANSPORT;CONCRETE TRAFFIC BARRIER","37208","2019","February","Winter","04","Wednesday","Weekday","No Injuries","No Fatalities"
9.97525303749706e-314,2019-02-20 04:07:00,2,0,0,NA,"N","SIDESWIPE - SAME DIRECTION","RAIN","DARK - LIGHTED","16TH AVS & BROADWAY","NASHVILLE","MIDTOW",36.15427,-86.79289,"MOTOR VEHICLE IN TRANSPORT","37203","2019","February","Winter","04","Wednesday","Weekday","No Injuries","No Fatalities"
9.97525304688431e-314,2019-02-20 04:35:00,2,0,0,NA,"N","NOT COLLISION W/MOTOR VEHICLE-TRANSPORT","RAIN","DARK - LIGHTED","MM 49 1 I 24","NASHVILLE","EAST",36.16411,-86.763,"MOTOR VEHICLE IN TRANSPORT;CONCRETE TRAFFIC BARRIER","37206","2019","February","Winter","04","Wednesday","Weekday","No Injuries","No Fatalities"
9.97525305478936e-314,2019-02-20 04:18:00,1,0,0,NA,"Y","NOT COLLISION W/MOTOR VEHICLE-TRANSPORT","RAIN","DARK - LIGHTED","CHARLOTTE PKE & RIVER RD","NASHVILLE","WEST",36.12808,-86.90743,"DITCH","37209","2019","February","Winter","04","Wednesday","Weekday","No Injuries","No Fatalities"
9.975253067141e-314,2019-02-20 05:00:00,2,1,0,NA,"Y","Front to Rear","RAIN","DARK - LIGHTED","ANDREW JACKSON PKWY & LEBANON PKE","HERMITAGE","HERMIT",36.21538,-86.59767,"MOTOR VEHICLE IN TRANSPORT","37076","2019","February","Winter","05","Wednesday","Weekday","Injuries","No Fatalities"
9.97525306763507e-314,2019-02-20 05:25:00,1,0,0,NA,"N","NOT COLLISION W/MOTOR VEHICLE-TRANSPORT","RAIN","DARK - LIGHTED","I24 W EXT RAMP & I 24","NASHVILLE","SOUTH",36.1089,-86.7202,"CONCRETE TRAFFIC BARRIER","37211","2019","February","Winter","05","Wednesday","Weekday","No Injuries","No Fatalities"
9.9752530686232e-314,2019-02-20 03:50:00,2,1,0,NA,"N","Front to Rear","RAIN","DARK - LIGHTED","CATSPAW DR & OLD HICKORY BLVD","ANTIOCH","SOUTH",36.01111,-86.63178,"MOTOR VEHICLE IN TRANSPORT","37013","2019","February","Winter","03","Wednesday","Weekday","Injuries","No Fatalities"
9.97525307899858e-314,2019-02-20 05:10:00,2,1,0,NA,"Y","Front to Rear","RAIN","DARK - LIGHTED","0 I 65","NASHVILLE","NORTH",36.27017,-86.73645,"MOTOR VEHICLE IN TRANSPORT","37207","2019","February","Winter","05","Wednesday","Weekday","Injuries","No Fatalities"
9.97525336259226e-314,2019-02-20 08:52:00,3,1,0,NA,"N","ANGLE","RAIN","DARK - LIGHTED","MM 58 1 I 24","ANTIOCH","SOUTH",36.05642,-86.67618,"MOTOR VEHICLE IN TRANSPORT;GUARDRAIL END","37013","2019","February","Winter","08","Wednesday","Weekday","Injuries","No Fatalities"
9.97525338087269e-314,2019-02-20 09:05:00,1,0,0,NA,"Y","NOT COLLISION W/MOTOR VEHICLE-TRANSPORT","RAIN","DARK - LIGHTED","1900 DICKERSON PKE","NASHVILLE","EAST",36.20522,-86.76923,"BUILDING","37207","2019","February","Winter","09","Wednesday","Weekday","No Injuries","No Fatalities"
9.97525345942912e-314,2019-02-20 08:50:00,2,0,0,NA,"Y","SIDESWIPE - SAME DIRECTION","RAIN","DARK - LIGHTED","I24 W EXT RAMP & I 24","NASHVILLE","SOUTH",36.01467,-86.61978,"MOTOR VEHICLE IN TRANSPORT","37211","2019","February","Winter","08","Wednesday","Weekday","No Injuries","No Fatalities"
9.97525346585198e-314,2019-02-20 10:54:00,2,0,0,NA,"N","OTHER","RAIN","DARK - LIGHTED","MM 48 1 I 24","NASHVILLE","EAST",36.17461,-86.77113,"MOTOR VEHICLE IN TRANSPORT;CONCRETE TRAFFIC BARRIER","37206","2019","February","Winter","10","Wednesday","Weekday","No Injuries","No Fatalities"
9.97525348462647e-314,2019-02-20 11:32:00,2,1,0,NA,"N","ANGLE","RAIN","DARK - LIGHTED","MURFREESBORO PKE & BELL RD","ANTIOCH","SOUTH",36.07187,-86.63618,"MOTOR VEHICLE IN TRANSPORT","37013","2019","February","Winter","11","Wednesday","Weekday","Injuries","No Fatalities"
9.97523265185445e-314,2019-02-05 09:55:00,2,0,0,NA,"Y","SIDESWIPE - SAME DIRECTION","RAIN","DARK - LIGHTED","MM 95 1 I 65","GOODLETTSVILLE","MADISO",36.29924,-86.71251,"MOTOR VEHICLE IN TRANSPORT","37072","2019","February","Winter","09","Tuesday","Weekday","No Injuries","No Fatalities"
9.975253488579e-314,2019-02-20 11:30:00,2,1,0,NA,"N","HEAD-ON","RAIN","DARK - LIGHTED","ASHLAND CITY HWY & WWCR AV","NASHVILLE","NORTH",36.21185,-86.89339,"MOTOR VEHICLE IN TRANSPORT;Cross Center Line","37218","2019","February","Winter","11","Wednesday","Weekday","Injuries","No Fatalities"
9.97525349450778e-314,2019-02-20 11:41:00,2,1,0,NA,"N","SIDESWIPE - SAME DIRECTION","RAIN","DARK - LIGHTED","MM 5 5 I 440","NASHVILLE","MIDTOW",36.12147,-86.76386,"MOTOR VEHICLE IN TRANSPORT","37204","2019","February","Winter","11","Wednesday","Weekday","Injuries","No Fatalities"
9.97525350685943e-314,2019-02-20 12:04:00,2,0,0,NA,"N","SIDESWIPE - SAME DIRECTION","RAIN","DARK - LIGHTED","MM 87 6 I 65","NASHVILLE","EAST",36.20978,-86.77606,"MOTOR VEHICLE IN TRANSPORT","37207","2019","February","Winter","12","Wednesday","Weekday","No Injuries","No Fatalities"
9.97525352069326e-314,2019-02-20 06:00:00,1,0,0,NA,"N","NOT COLLISION W/MOTOR VEHICLE-TRANSPORT","RAIN","DARK - LIGHTED","MM 88 5 I 65","NASHVILLE","NORTH",36.22402,-86.77454,"UTILITY POLE;Ran Off Road-Left","37207","2019","February","Winter","06","Wednesday","Weekday","No Injuries","No Fatalities"
9.97525352563392e-314,2019-02-20 12:40:00,1,1,0,NA,"N","NOT COLLISION W/MOTOR VEHICLE-TRANSPORT","RAIN","DAWN","MM 57 4 I 24","ANTIOCH","SOUTH",36.06477,-86.68485,"DITCH;CONCRETE TRAFFIC BARRIER","37013","2019","February","Winter","12","Wednesday","Weekday","Injuries","No Fatalities"
9.97525353057458e-314,2019-02-20 11:47:00,2,0,0,NA,"N","ANGLE","RAIN","DAWN","I40 W ENT RAMP & I 40","NASHVILLE","HERMIT",36.14166,-86.67357,"MOTOR VEHICLE IN TRANSPORT","37210","2019","February","Winter","11","Wednesday","Weekday","No Injuries","No Fatalities"
9.97523967055101e-314,2019-02-10 12:00:00,1,0,0,NA,"N","NOT COLLISION W/MOTOR VEHICLE-TRANSPORT","RAIN","Dark-Unknown Lighting","12TH AVS & ARGYLE AV","NASHVILLE","MIDTOW",36.13807,-86.78795,"BOULDER","37203","2019","February","Winter","12","Sunday","Weekend","No Injuries","No Fatalities"
9.97523968191452e-314,2019-02-10 11:33:00,2,0,0,NA,"Y","ANGLE","RAIN","DARK - LIGHTED","700 DUE WEST AVN","MADISON","MADISO",36.25165,-86.74456,"PARKED MOTOR VEHICLE","37115","2019","February","Winter","11","Sunday","Weekend","No Injuries","No Fatalities"
9.97524001343257e-314,2019-02-10 06:00:00,2,3,0,NA,"N","UNKNOWN","RAIN","DAYLIGHT","MM 208 9 I 40","NASHVILLE","CENTRA",36.15905,-86.79198,"MOTOR VEHICLE IN TRANSPORT","37203","2019","February","Winter","06","Sunday","Weekend","Injuries","No Fatalities"
9.97524001689103e-314,2019-02-10 06:00:00,2,0,0,NA,"Y","UNKNOWN","RAIN","DARK - NOT LIGHTED","BAILEY ST & GRANADA AV","NASHVILLE","EAST",36.18822,-86.74783,"PARKED MOTOR VEHICLE","37206","2019","February","Winter","06","Sunday","Weekend","No Injuries","No Fatalities"
9.97524002380795e-314,2019-02-10 06:00:00,2,0,0,NA,"N","Front to Rear","RAIN","DAYLIGHT","HARDING PL & LINBAR DR","NASHVILLE","SOUTH",36.0841,-86.70609,"MOTOR VEHICLE IN TRANSPORT","37211","2019","February","Winter","06","Sunday","Weekend","No Injuries","No Fatalities"
9.97524013645492e-314,2019-02-11 00:13:00,2,0,0,NA,"N","ANGLE","RAIN","DARK - LIGHTED","BROADWAY & I40 E ENT RAMP","NASHVILLE","MIDTOW",36.15575,-86.78945,"MOTOR VEHICLE IN TRANSPORT","37203","2019","February","Winter","00","Monday","Weekday","No Injuries","No Fatalities"
9.97524014238371e-314,2019-02-11 00:25:00,2,1,0,NA,"N","HEAD-ON","RAIN","DARK - LIGHTED","BRILEY PKWYS & LEBANON PKE","NASHVILLE","HERMIT",36.1683,-86.68856,"MOTOR VEHICLE IN TRANSPORT","37214","2019","February","Winter","00","Monday","Weekday","Injuries","No Fatalities"
9.9752401438659e-314,2019-02-11 00:25:00,2,0,0,NA,"N","SIDESWIPE - SAME DIRECTION","RAIN","DARK - LIGHTED","MM 89 4 I 65","NASHVILLE","EAST",36.23466,-86.76617,"MOTOR VEHICLE IN TRANSPORT","37207","2019","February","Winter","00","Monday","Weekday","No Injuries","No Fatalities"
9.97524015424128e-314,2019-02-11 00:48:00,1,1,0,NA,"N","NOT COLLISION W/MOTOR VEHICLE-TRANSPORT","RAIN","DARK - NOT LIGHTED","PASQUO RD & UNION BRIDGE RD","NASHVILLE","WEST",36.03202,-86.96793,"GUARDRAIL FACE;Ran Off Road-Left","37221","2019","February","Winter","00","Monday","Weekday","Injuries","No Fatalities"
9.97524015473535e-314,2019-02-11 00:40:00,2,0,0,NA,"N","ANGLE","RAIN","DARK - NOT LIGHTED","STEWARTS FERRY PKE & LEBANON PKE","NASHVILLE","HERMIT",36.16835,-86.65686,"MOTOR VEHICLE IN TRANSPORT-OTHER ROADWAY","37214","2019","February","Winter","00","Monday","Weekday","No Injuries","No Fatalities"
9.97524015522941e-314,2019-02-11 00:40:00,1,0,0,NA,"N","NOT COLLISION W/MOTOR VEHICLE-TRANSPORT","RAIN","DARK - NOT LIGHTED","MM 208 5 I 40","NASHVILLE","CENTRA",36.16359,-86.79364,"GUARDRAIL FACE;CONCRETE TRAFFIC BARRIER","37203","2019","February","Winter","00","Monday","Weekday","No Injuries","No Fatalities"
9.97524015819381e-314,2019-02-11 00:17:00,2,2,0,NA,"N","Front to Rear","RAIN","DARK - LIGHTED","WEST END AV & MAYFAIR RD","NASHVILLE","WEST",36.13135,-86.83457,"MOTOR VEHICLE IN TRANSPORT","37205","2019","February","Winter","00","Monday","Weekday","Injuries","No Fatalities"
9.97524016955732e-314,2019-02-11 00:40:00,2,0,0,NA,"N","SIDESWIPE - SAME DIRECTION","RAIN","DARK - LIGHTED","UNDERWOOD ST & 21ST AVN","NASHVILLE","NORTH",36.17262,-86.8103,"PARKED MOTOR VEHICLE","37208","2019","February","Winter","00","Monday","Weekday","No Injuries","No Fatalities"