"Accident.Number","Date.and.Time","Number.of.Motor.Vehicles","Number.of.Injuries","Number.of.Fatalities","Property.Damage","Hit.and.Run","Collision.Type.Description","Weather.Description","Illumination.Description","Street.Address","City","Precinct","Latitude","Longitude","HarmfulDescriptions","Zip.Code","Year","Month","Season","Hour","Weekday","DayType","Accident","Fatality_category"
9.97524017103951e-314,2019-02-11 01:18:00,2,0,0,NA,"N","Front to Rear","RAIN","DARK - LIGHTED","DR D B TODD JR BLVD & BUCHANAN ST","NASHVILLE","NORTH",36.18007,-86.81104,"MOTOR VEHICLE IN TRANSPORT","37208","2019","February","Winter","01","Monday","Weekday","No Injuries","No Fatalities"
9.97524017202764e-314,2019-02-11 01:05:00,3,0,0,NA,"N","ANGLE","RAIN","DARK - NOT LIGHTED","PORTER RD & STRATFORD AV","NASHVILLE","EAST",36.19597,-86.71719,"MOTOR VEHICLE IN TRANSPORT-OTHER ROADWAY","37216","2019","February","Winter","01","Monday","Weekday","No Injuries","No Fatalities"
9.97524018339115e-314,2019-02-11 01:30:00,3,2,0,NA,"N","Front to Rear","RAIN","DARK - LIGHTED","16TH AVS & BROADWAY","NASHVILLE","MIDTOW",36.15427,-86.79289,"MOTOR VEHICLE IN TRANSPORT","37203","2019","February","Winter","01","Monday","Weekday","Injuries","No Fatalities"
9.97524018487335e-314,2019-02-10 06:00:00,2,2,0,NA,"N","Front to Rear","RAIN","DARK - LIGHTED","HERMITAGE AV & LEBANON PKE","NASHVILLE","HERMIT",36.15379,-86.74769,"MOTOR VEHICLE IN TRANSPORT","37210","2019","February","Winter","06","Sunday","Weekend","Injuries","No Fatalities"
9.97524020364785e-314,2019-02-11 00:45:00,2,0,0,NA,"Y","SIDESWIPE - SAME DIRECTION","RAIN","DARK - NOT LIGHTED","NOLENSVILLE PKE & PROVIDENCE HTS","NASHVILLE","MIDTOW",36.07342,-86.72445,"MOTOR VEHICLE IN TRANSPORT","37211","2019","February","Winter","00","Monday","Weekday","No Injuries","No Fatalities"
9.97524023526805e-314,2019-02-11 03:07:00,2,0,0,NA,"N","ANGLE","RAIN","DARK - LIGHTED","MURFREESBORO PKE & RURAL HILL RD","ANTIOCH","SOUTH",36.07361,-86.63783,"MOTOR VEHICLE IN TRANSPORT","37013","2019","February","Winter","03","Monday","Weekday","No Injuries","No Fatalities"
9.97524023625618e-314,2019-02-11 02:58:00,2,0,0,NA,"N","SIDESWIPE - SAME DIRECTION","RAIN","DARK - LIGHTED","GALLATIN PKEN & RIVERGATE PKWY","MADISON","MADISO",36.29691,-86.69916,"MOTOR VEHICLE IN TRANSPORT","37115","2019","February","Winter","02","Monday","Weekday","No Injuries","No Fatalities"
9.97524025157221e-314,2019-02-11 02:20:00,2,1,0,NA,"Y","SIDESWIPE - SAME DIRECTION","RAIN","DARK - LIGHTED","MM 207 0 I 40","NASHVILLE","NORTH",36.16931,-86.8126,"MOTOR VEHICLE IN TRANSPORT","37208","2019","February","Winter","02","Monday","Weekday","Injuries","No Fatalities"
9.97524025305441e-314,2019-02-11 01:44:00,2,0,0,NA,"Y","SIDESWIPE - SAME DIRECTION","RAIN","DARK - LIGHTED","MM 53 3 I 24","NASHVILLE","SOUTH",36.11425,-86.72445,"MOTOR VEHICLE IN TRANSPORT","37210","2019","February","Winter","01","Monday","Weekday","No Injuries","No Fatalities"
9.97524026787638e-314,2019-02-11 04:02:00,1,0,0,NA,"N","NOT COLLISION W/MOTOR VEHICLE-TRANSPORT","RAIN","DARK - LIGHTED","MM 86 5 I 65","NASHVILLE","NORTH",36.19386,-86.77649,"GUARDRAIL END;Ran Off Road-Left","37207","2019","February","Winter","04","Monday","Weekday","No Injuries","No Fatalities"
9.97524061520453e-314,2019-02-11 09:45:00,2,2,0,NA,"Y","SIDESWIPE - OPPOSITE DIRECTION","RAIN","DARK - NOT LIGHTED","COUCHVILLE PKE & REYNOLDS RD","NASHVILLE","HERMIT",36.11823,-86.65755,"MOTOR VEHICLE IN TRANSPORT;GUARDRAIL END;TREE;Set In Motion By Motor Vehicle;Ran Off Road-Left","37217","2019","February","Winter","09","Monday","Weekday","Injuries","No Fatalities"
9.97524075601324e-314,2019-02-11 12:20:00,3,0,0,NA,"N","Front to Rear","RAIN","DAYLIGHT","BILLINGSGATE RD & BILLINGSGATE CT","ANTIOCH","SOUTH",36.07673,-86.66461,"PARKED MOTOR VEHICLE","37013","2019","February","Winter","12","Monday","Weekday","No Injuries","No Fatalities"
9.9752414827838e-314,2019-02-12 00:09:00,2,2,0,NA,"Y","Front to Rear","RAIN","DARK - LIGHTED","STATE RT 45 & RIO VISTA DR","MADISON","MADISO",36.26299,-86.68094,"MOTOR VEHICLE IN TRANSPORT","37115","2019","February","Winter","00","Tuesday","Weekday","Injuries","No Fatalities"
9.97524149958203e-314,2019-02-12 00:09:00,2,0,0,NA,"N","SIDESWIPE - SAME DIRECTION","RAIN","DARK - NOT LIGHTED","I24 E ENT RAMP & I 24","NASHVILLE","CENTRA",36.12119,-86.72731,"MOTOR VEHICLE IN TRANSPORT","37213","2019","February","Winter","00","Tuesday","Weekday","No Injuries","No Fatalities"
9.97524151094554e-314,2019-02-12 00:37:00,2,1,0,NA,"Y","Front to Rear","RAIN","DARK - LIGHTED","MURFREESBORO PKE & LAKEVILLA DR","ANTIOCH","SOUTH",36.07705,-86.64134,"MOTOR VEHICLE IN TRANSPORT","37013","2019","February","Winter","00","Tuesday","Weekday","Injuries","No Fatalities"
9.97524151193368e-314,2019-02-12 00:39:00,2,0,0,NA,"N","Front to Rear","RAIN","DARK - LIGHTED","MM 5 8 I 440","NASHVILLE","MIDTOW",36.12186,-86.75938,"MOTOR VEHICLE IN TRANSPORT","37204","2019","February","Winter","00","Tuesday","Weekday","No Injuries","No Fatalities"
9.97524151242774e-314,2019-02-11 06:00:00,2,0,0,NA,"Y","SIDESWIPE - SAME DIRECTION","RAIN","DARK - LIGHTED","MM 211 6 I 40","NASHVILLE","HERMIT",36.15024,-86.74901,"MOTOR VEHICLE IN TRANSPORT","37210","2019","February","Winter","06","Monday","Weekday","No Injuries","No Fatalities"
9.97524151687433e-314,2019-02-12 00:40:00,2,0,0,NA,"Y","Front to Rear","RAIN","DARK - LIGHTED","NEELYS BEND RD & GALLATIN PKES","MADISON","MADISO",36.25619,-86.71439,"MOTOR VEHICLE IN TRANSPORT","37115","2019","February","Winter","00","Tuesday","Weekday","No Injuries","No Fatalities"
9.97524153861322e-314,2019-02-12 00:16:00,1,0,0,NA,"N","NOT COLLISION W/MOTOR VEHICLE-TRANSPORT","RAIN","DARK - LIGHTED","CHARLOTTE PKE & SUMMERLY DR","NASHVILLE","WEST",36.13656,-86.88387,"PAVED SURFACE-IRREGULAR","37209","2019","February","Winter","00","Tuesday","Weekday","No Injuries","No Fatalities"
9.97524153910729e-314,2019-02-12 00:12:00,1,0,0,NA,"N","NOT COLLISION W/MOTOR VEHICLE-TRANSPORT","RAIN","DARK - LIGHTED","CHARLOTTE PKE & SUMMERLY DR","NASHVILLE","WEST",36.13656,-86.88387,"PAVED SURFACE-IRREGULAR","37209","2019","February","Winter","00","Tuesday","Weekday","No Injuries","No Fatalities"
9.97524154503607e-314,2019-02-12 00:58:00,1,0,0,NA,"Y","NOT COLLISION W/MOTOR VEHICLE-TRANSPORT","RAIN","DARK - LIGHTED","NEELYS BEND RD & WALNUT ST","MADISON","MADISO",36.25579,-86.70937,"DITCH;Ran Off Road-Right","37115","2019","February","Winter","00","Tuesday","Weekday","No Injuries","No Fatalities"
9.97524155639958e-314,2019-02-12 00:55:00,2,0,0,NA,"N","ANGLE","RAIN","DARK - LIGHTED","HARDING PKE & PAGE RD","NASHVILLE","WEST",36.10034,-86.87111,"MOTOR VEHICLE IN TRANSPORT","37205","2019","February","Winter","00","Tuesday","Weekday","No Injuries","No Fatalities"
9.97524155788178e-314,2019-02-12 00:17:00,1,0,0,NA,"N","NOT COLLISION W/MOTOR VEHICLE-TRANSPORT","RAIN","DARK - LIGHTED","CHARLOTTE PKE & SUMMERLY DR","NASHVILLE","WEST",36.13656,-86.88387,"PAVED SURFACE-IRREGULAR","37209","2019","February","Winter","00","Tuesday","Weekday","No Injuries","No Fatalities"
9.97524161914592e-314,2019-02-12 02:20:00,1,1,0,NA,"N","NOT COLLISION W/MOTOR VEHICLE-TRANSPORT","RAIN","DARK - LIGHTED","ELM HILL PKE & EMERY DR","NASHVILLE","HERMIT",36.15168,-86.6769,"EMBANKMENT ROCK/STONE/CONCRETE","37214","2019","February","Winter","02","Tuesday","Weekday","Injuries","No Fatalities"
9.97524163396789e-314,2019-02-12 02:36:00,2,1,0,NA,"N","SIDESWIPE - OPPOSITE DIRECTION","RAIN","DARK - NOT LIGHTED","NOLENSVILLE PKE & ELYSIAN FIELDS CT","NASHVILLE","SOUTH",36.08826,-86.7317,"MOTOR VEHICLE IN TRANSPORT","37211","2019","February","Winter","02","Tuesday","Weekday","Injuries","No Fatalities"
9.97524168782105e-314,2019-02-12 03:40:00,2,0,0,NA,"Y","Front to Rear","RAIN","DARK - NOT LIGHTED","HERMITAGE WOODS DR & OLD HICKORY BLVD","HERMITAGE","HERMIT",36.17799,-86.60381,"MOTOR VEHICLE IN TRANSPORT","37076","2019","February","Winter","03","Tuesday","Weekday","No Injuries","No Fatalities"
9.97524169226764e-314,2019-02-12 03:18:00,2,0,0,NA,"Y","SIDESWIPE - SAME DIRECTION","RAIN","DARK - NOT LIGHTED","MM 57 4 I 24","ANTIOCH","SOUTH",36.06439,-86.68443,"MOTOR VEHICLE IN TRANSPORT","37013","2019","February","Winter","03","Tuesday","Weekday","No Injuries","No Fatalities"
9.97524172932256e-314,2019-02-12 04:00:00,2,0,0,NA,"N","ANGLE","RAIN","DARK - LIGHTED","DUPONT AV & GALLATIN PKEN","MADISON","MADISO",36.2669,-86.71091,"MOTOR VEHICLE IN TRANSPORT","37115","2019","February","Winter","04","Tuesday","Weekday","No Injuries","No Fatalities"
9.97524173228695e-314,2019-02-12 04:03:00,2,1,0,NA,"N","Front to Rear","RAIN","DARK - LIGHTED","10TH AVS & 10TH AVN","NASHVILLE","CENTRA",36.15795,-86.78431,"MOTOR VEHICLE IN TRANSPORT","37203","2019","February","Winter","04","Tuesday","Weekday","Injuries","No Fatalities"
9.97524173673354e-314,2019-02-12 05:12:00,1,0,0,NA,"N","NOT COLLISION W/MOTOR VEHICLE-TRANSPORT","RAIN","DARK - LIGHTED","0 OLD HICKORY BLVD","HERMITAGE","HERMIT",36.17359,-86.60215,"OTHER FIXED OBJECTS","37076","2019","February","Winter","05","Tuesday","Weekday","No Injuries","No Fatalities"
9.97524175353178e-314,2019-02-11 06:00:00,1,0,0,NA,"N","NOT COLLISION W/MOTOR VEHICLE-TRANSPORT","RAIN","DARK - LIGHTED","BRILEY PKWYW & MOOREWOOD DR","NASHVILLE","MADISO",36.23981,-86.7733,"WALL","37207","2019","February","Winter","06","Monday","Weekday","No Injuries","No Fatalities"
9.9752417574843e-314,2019-02-11 06:00:00,1,1,0,NA,"Y","NOT COLLISION W/MOTOR VEHICLE-TRANSPORT","RAIN","DARK - NOT LIGHTED","BUENA VISTA PKE & BRILEY PKWYE","NASHVILLE","NORTH",36.23198,-86.82487,"UTILITY POLE","37218","2019","February","Winter","06","Monday","Weekday","Injuries","No Fatalities"
9.9752417604487e-314,2019-02-12 05:20:00,2,1,0,NA,"N","Front to Rear","RAIN","DARK - NOT LIGHTED","0 BRILEY PKWYW","NASHVILLE","MADISO",36.24134,-86.76522,"MOTOR VEHICLE IN TRANSPORT","37207","2019","February","Winter","05","Tuesday","Weekday","Injuries","No Fatalities"
9.97524177428253e-314,2019-02-11 06:00:00,2,0,0,NA,"Y","SIDESWIPE - SAME DIRECTION","RAIN","DARK - LIGHTED","JANIE AV & MURRAY PL","NASHVILLE","EAST",36.21413,-86.71523,"PARKED MOTOR VEHICLE","37216","2019","February","Winter","06","Monday","Weekday","No Injuries","No Fatalities"
9.97524207319225e-314,2019-02-12 09:23:00,1,0,0,NA,"Y","NOT COLLISION W/MOTOR VEHICLE-TRANSPORT","RAIN","DARK - LIGHTED","HAYWOOD SQUARE PVTDR & HAYWOOD LN","NASHVILLE","SOUTH",36.06922,-86.69291,"DITCH","37211","2019","February","Winter","09","Tuesday","Weekday","No Injuries","No Fatalities"
9.97524207615664e-314,2019-02-12 09:17:00,1,0,0,NA,"N","NOT COLLISION W/MOTOR VEHICLE-TRANSPORT","RAIN","DARK - NOT LIGHTED","CENTRAL PKE ENT RAMP & I 40","HERMITAGE","HERMIT",36.17091,-86.60625,"IMPACT ATTENUATOR","37076","2019","February","Winter","09","Tuesday","Weekday","No Injuries","No Fatalities"
9.97524213297419e-314,2019-02-12 10:24:00,3,0,0,NA,"N","ANGLE","RAIN","DARK - LIGHTED","MM 57 0 I 24","NASHVILLE","SOUTH",36.06923,-86.68913,"MOTOR VEHICLE IN TRANSPORT;CONCRETE TRAFFIC BARRIER","37211","2019","February","Winter","10","Tuesday","Weekday","No Injuries","No Fatalities"
9.97524216064187e-314,2019-02-12 10:45:00,1,0,0,NA,"N","NOT COLLISION W/MOTOR VEHICLE-TRANSPORT","RAIN","DARK - LIGHTED","MM 53 7 I 24","NASHVILLE","SOUTH",36.10993,-86.72174,"CONCRETE TRAFFIC BARRIER","37211","2019","February","Winter","10","Tuesday","Weekday","No Injuries","No Fatalities"
9.97524216360626e-314,2019-02-12 10:18:00,2,2,0,NA,"N","ANGLE","RAIN","DARK - NOT LIGHTED","MM 57 6 I 24","ANTIOCH","SOUTH",36.06268,-86.68238,"MOTOR VEHICLE IN TRANSPORT;GUARDRAIL FACE","37013","2019","February","Winter","10","Tuesday","Weekday","Injuries","No Fatalities"
9.9752422421627e-314,2019-02-12 12:10:00,2,0,0,NA,"Y","SIDESWIPE - SAME DIRECTION","RAIN","DAWN","BRILEY PKWYN & BRILEY PKWYS","NASHVILLE","SOUTH",36.17577,-86.69221,"MOTOR VEHICLE IN TRANSPORT;GUARDRAIL FACE","37211","2019","February","Winter","12","Tuesday","Weekday","No Injuries","No Fatalities"
9.97524224907962e-314,2019-02-12 12:15:00,2,0,0,NA,"Y","Front to Rear","RAIN","DAWN","S 14TH ST & SHELBY AV","NASHVILLE","EAST",36.16984,-86.74694,"MOTOR VEHICLE IN TRANSPORT","37206","2019","February","Winter","12","Tuesday","Weekday","No Injuries","No Fatalities"
9.97524225105588e-314,2019-02-12 12:34:00,2,0,0,NA,"N","Front to Rear","RAIN","DAWN","MM 213 9 I 40","NASHVILLE","HERMIT",36.1416,-86.71491,"MOTOR VEHICLE IN TRANSPORT","37217","2019","February","Winter","12","Tuesday","Weekday","No Injuries","No Fatalities"
9.97524225550247e-314,2019-02-12 12:45:00,1,0,0,NA,"N","NOT COLLISION W/MOTOR VEHICLE-TRANSPORT","RAIN","DAYLIGHT","CLARKSVILLE PKE & BOBEL LN","WHITES CREEK","NORTH",36.26794,-86.85903,"UTILITY POLE;DITCH","37189","2019","February","Winter","12","Tuesday","Weekday","No Injuries","No Fatalities"
9.97524226834818e-314,2019-02-12 12:25:00,2,0,0,NA,"N","Front to Rear","RAIN","DARK - LIGHTED","MM 79 5 I 65","NASHVILLE","MIDTOW",36.10731,-86.76846,"MOTOR VEHICLE IN TRANSPORT","37204","2019","February","Winter","12","Tuesday","Weekday","No Injuries","No Fatalities"
9.97524226983038e-314,2019-02-12 12:39:00,1,0,0,NA,"N","NOT COLLISION W/MOTOR VEHICLE-TRANSPORT","RAIN","DAYLIGHT","MM 53 7 I 24","NASHVILLE","SOUTH",36.10989,-86.72197,"CONCRETE TRAFFIC BARRIER","37211","2019","February","Winter","12","Tuesday","Weekday","No Injuries","No Fatalities"
9.97524227328884e-314,2019-02-12 12:45:00,3,0,0,NA,"Y","Front to Rear","RAIN","DAYLIGHT","NOLENSVILLE PKE & WALLACE RD","NASHVILLE","SOUTH",36.07709,-86.72556,"MOTOR VEHICLE IN TRANSPORT","37211","2019","February","Winter","12","Tuesday","Weekday","No Injuries","No Fatalities"
9.97524227477103e-314,2019-02-12 12:50:00,2,0,0,NA,"N","OTHER","RAIN","DAYLIGHT","WALTON LN & MAPLEWOOD TRC","NASHVILLE","EAST",36.23251,-86.75086,"MOTOR VEHICLE IN TRANSPORT;PARKED MOTOR VEHICLE","37216","2019","February","Winter","12","Tuesday","Weekday","No Injuries","No Fatalities"
9.9752422767473e-314,2019-02-12 12:55:00,2,0,0,NA,"N","Front to Rear","RAIN","DAYLIGHT","MURFREESBORO PKE & MOUNTAIN SPRINGS RD","ANTIOCH","SOUTH",36.04784,-86.61205,"MOTOR VEHICLE IN TRANSPORT","37013","2019","February","Winter","12","Tuesday","Weekday","No Injuries","No Fatalities"
9.97524228317015e-314,2019-02-12 12:25:00,2,1,0,NA,"N","Front to Rear","RAIN","DARK - LIGHTED","MM 79 6 I 65","NASHVILLE","MIDTOW",36.10796,-86.7689,"MOTOR VEHICLE IN TRANSPORT","37204","2019","February","Winter","12","Tuesday","Weekday","Injuries","No Fatalities"
9.97524228366421e-314,2019-02-12 12:43:00,2,0,0,NA,"Y","Front to Rear","RAIN","DARK - LIGHTED","MM 79 7 I 65","NASHVILLE","MIDTOW",36.11033,-86.77054,"MOTOR VEHICLE IN TRANSPORT","37204","2019","February","Winter","12","Tuesday","Weekday","No Injuries","No Fatalities"
9.97525353847963e-314,2019-02-20 11:58:00,2,0,0,NA,"N","Front to Rear","RAIN","DAWN","LOGISTICS WAY & OLD HICKORY BLVD","ANTIOCH","SOUTH",36.02836,-86.6053,"MOTOR VEHICLE IN TRANSPORT","37013","2019","February","Winter","11","Wednesday","Weekday","No Injuries","No Fatalities"
9.97525354144402e-314,2019-02-20 12:45:00,2,0,0,NA,"N","Front to Rear","RAIN","DAWN","ELLINGTON PKWY & CHICKASAW AV","NASHVILLE","EAST",36.2,-86.75166,"MOTOR VEHICLE IN TRANSPORT","37207","2019","February","Winter","12","Wednesday","Weekday","No Injuries","No Fatalities"
9.97525354292622e-314,2019-02-20 12:52:00,2,0,0,NA,"N","Front to Rear","RAIN","DAYLIGHT","I40 W EXT RAMP & I 40","NASHVILLE","CENTRA",36.14095,-86.72094,"MOTOR VEHICLE IN TRANSPORT","37203","2019","February","Winter","12","Wednesday","Weekday","No Injuries","No Fatalities"
9.97525414321598e-314,2019-02-20 02:25:00,2,0,0,NA,"Y","ANGLE","RAIN","DARK - NOT LIGHTED","OAK CT & RIVERSIDE DR","NASHVILLE","EAST",36.18307,-86.72409,"PARKED MOTOR VEHICLE","37206","2019","February","Winter","02","Wednesday","Weekday","No Injuries","No Fatalities"
9.9752541787887e-314,2019-02-18 06:05:00,1,0,0,NA,"N","NOT COLLISION W/MOTOR VEHICLE-TRANSPORT","RAIN","DARK - LIGHTED","GEORGE L DAVIS BLVD & CHARLOTTE AV","NASHVILLE","CENTRA",36.16136,-86.79275,"PAVED SURFACE-IRREGULAR","37203","2019","February","Winter","06","Monday","Weekday","No Injuries","No Fatalities"
9.97525428007216e-314,2019-02-21 00:04:00,2,0,0,NA,"N","ANGLE","RAIN","DARK - LIGHTED","BRENTWOOD EAST DR & OLD HICKORY BLVD","NASHVILLE","MIDTOW",36.04522,-86.71479,"MOTOR VEHICLE IN TRANSPORT","37211","2019","February","Winter","00","Thursday","Weekday","No Injuries","No Fatalities"
9.97525428155436e-314,2019-02-21 00:05:00,2,1,0,NA,"Y","Front to Rear","RAIN","DARK - NOT LIGHTED","HICKORY HOLLOW PKWY & MT VIEW RD","ANTIOCH","SOUTH",36.05422,-86.66734,"MOTOR VEHICLE IN TRANSPORT;BOULDER","37013","2019","February","Winter","00","Thursday","Weekday","Injuries","No Fatalities"
9.97525430576357e-314,2019-02-21 00:27:00,2,0,0,NA,"Y","Front to Rear","RAIN","DARK - LIGHTED","ROSA L PARKS BLVD & ROSA L PARKS AV","NASHVILLE","CENTRA",36.16158,-86.78389,"MOTOR VEHICLE IN TRANSPORT","37203","2019","February","Winter","00","Thursday","Weekday","No Injuries","No Fatalities"
9.97525433738378e-314,2019-02-21 00:50:00,2,0,0,NA,"N","ANGLE","RAIN","DARK - LIGHTED","SIDCO DR & NORRIS AV","NASHVILLE","MIDTOW",36.106,-86.75587,"MOTOR VEHICLE IN TRANSPORT","37204","2019","February","Winter","00","Thursday","Weekday","No Injuries","No Fatalities"
9.97523443839582e-314,2019-02-06 11:45:00,2,0,0,NA,"N","SIDESWIPE - OPPOSITE DIRECTION","RAIN","DAWN","OLD HICKORY BLVD & HOBSON PKE","ANTIOCH","SOUTH",36.035,-86.608,"MOTOR VEHICLE IN TRANSPORT","37013","2019","February","Winter","11","Wednesday","Weekday","No Injuries","No Fatalities"
9.97525435418201e-314,2019-02-21 01:15:00,2,0,0,NA,"N","Front to Rear","RAIN","DARK - LIGHTED","MM 211 1 I 40","NASHVILLE","HERMIT",36.15357,-86.75724,"MOTOR VEHICLE IN TRANSPORT","37210","2019","February","Winter","01","Thursday","Weekday","No Injuries","No Fatalities"
9.97525436356926e-314,2019-02-21 00:42:00,2,0,0,NA,"N","SIDESWIPE - SAME DIRECTION","RAIN","DARK - LIGHTED","YMCA WAY & ROSA L PARKS BLVD EXT RAMP","NASHVILLE","CENTRA",36.16185,-86.78532,"MOTOR VEHICLE IN TRANSPORT","37203","2019","February","Winter","00","Thursday","Weekday","No Injuries","No Fatalities"
9.9752344818736e-314,2019-02-06 12:27:00,1,0,0,NA,"N","NOT COLLISION W/MOTOR VEHICLE-TRANSPORT","RAIN","DAYLIGHT","HIGHWAY 100 & FALKIRK CT","NASHVILLE","WEST",36.05803,-86.92209,"DEER (ANIMAL)","37221","2019","February","Winter","12","Wednesday","Weekday","No Injuries","No Fatalities"
9.97525437048617e-314,2019-02-21 00:40:00,2,0,0,NA,"N","SIDESWIPE - SAME DIRECTION","RAIN","DARK - LIGHTED","CENTURY BLVD & MCGAVOCK PKE","NASHVILLE","HERMIT",36.14869,-86.68388,"MOTOR VEHICLE IN TRANSPORT","37214","2019","February","Winter","00","Thursday","Weekday","No Injuries","No Fatalities"
9.9752543759209e-314,2019-02-21 00:08:00,2,0,0,NA,"N","Front to Rear","RAIN","DARK - LIGHTED","MURFREESBORO PKE & I24 W EXT RAMP","NASHVILLE","SOUTH",36.13505,-86.72405,"MOTOR VEHICLE IN TRANSPORT","37217","2019","February","Winter","00","Thursday","Weekday","No Injuries","No Fatalities"
9.97523449718964e-314,2019-02-06 12:29:00,2,1,0,NA,"Y","Front to Rear","RAIN","DAWN","UNA ANTIOCH PKE & BILLINGSGATE RD","ANTIOCH","SOUTH",36.07514,-86.66237,"MOTOR VEHICLE IN TRANSPORT","37013","2019","February","Winter","12","Wednesday","Weekday","Injuries","No Fatalities"
9.97523450213029e-314,2019-02-06 12:25:00,3,0,0,NA,"N","SIDESWIPE - SAME DIRECTION","RAIN","DAYLIGHT","HARDING PKE & KENNER AV","NASHVILLE","WEST",36.12547,-86.84697,"MOTOR VEHICLE IN TRANSPORT","37205","2019","February","Winter","12","Wednesday","Weekday","No Injuries","No Fatalities"
9.9752544248334e-314,2019-02-21 02:25:00,1,0,0,NA,"N","NOT COLLISION W/MOTOR VEHICLE-TRANSPORT","RAIN","DARK - LIGHTED","CAMPBELL RD & OLD DICKERSON PKE","GOODLETTSVILLE","MADISO",36.29326,-86.74169,"DITCH","37072","2019","February","Winter","02","Thursday","Weekday","No Injuries","No Fatalities"
9.97525442927999e-314,2019-02-21 00:23:00,2,0,0,NA,"Y","Front to Rear","RAIN","DARK - LIGHTED","ELM HILL PKE & ELM HILL PKE WB EXT RAMP","NASHVILLE","HERMIT",36.15182,-86.69103,"MOTOR VEHICLE IN TRANSPORT","37210","2019","February","Winter","00","Thursday","Weekday","No Injuries","No Fatalities"
9.97525443520877e-314,2019-02-21 02:39:00,1,1,0,NA,"N","NOT COLLISION W/MOTOR VEHICLE-TRANSPORT","RAIN","DARK - LIGHTED","I440 W EXT RAMP & I 440","NASHVILLE","SOUTH",36.12458,-86.80778,"WALL","37210","2019","February","Winter","02","Thursday","Weekday","Injuries","No Fatalities"
9.97525444854855e-314,2019-02-20 06:00:00,2,1,0,NA,"N","ANGLE","RAIN","DARK - NOT LIGHTED","HAYWOOD LN & HOLLIS HILL DR","NASHVILLE","SOUTH",36.0683,-86.71237,"MOTOR VEHICLE IN TRANSPORT","37211","2019","February","Winter","06","Wednesday","Weekday","Injuries","No Fatalities"
9.97525445052481e-314,2019-02-21 02:10:00,1,2,0,NA,"N","NOT COLLISION W/MOTOR VEHICLE-TRANSPORT","RAIN","DARK - NOT LIGHTED","I40 E EXT RAMP & I 40","NASHVILLE","HERMIT",36.16959,-86.60653,"GUARDRAIL FACE","37214","2019","February","Winter","02","Thursday","Weekday","Injuries","No Fatalities"
9.97525445941799e-314,2019-02-21 03:12:00,1,0,0,NA,"N","NOT COLLISION W/MOTOR VEHICLE-TRANSPORT","RAIN","DARK - NOT LIGHTED","MM 75 3 I 65","BRENTWOOD","MIDTOW",36.04803,-86.77634,"","37027","2019","February","Winter","03","Thursday","Weekday","No Injuries","No Fatalities"
9.97525449153226e-314,2019-02-21 03:09:00,1,0,0,NA,"N","NOT COLLISION W/MOTOR VEHICLE-TRANSPORT","RAIN","DARK - LIGHTED","CENTURY BLVD & CONNECTING ROAD","NASHVILLE","HERMIT",36.1454,-86.68625,"DEER (ANIMAL)","37214","2019","February","Winter","03","Thursday","Weekday","No Injuries","No Fatalities"
9.97525487789159e-314,2019-02-21 09:10:00,1,0,0,NA,"N","NOT COLLISION W/MOTOR VEHICLE-TRANSPORT","RAIN","DARK - LIGHTED","WELCH RD & TRAVIS DR","NASHVILLE","SOUTH",36.08326,-86.72554,"UTILITY POLE","37211","2019","February","Winter","09","Thursday","Weekday","No Injuries","No Fatalities"
9.97525503253414e-314,2019-02-21 06:00:00,1,0,0,NA,"N","NOT COLLISION W/MOTOR VEHICLE-TRANSPORT","RAIN","DUSK","ELLINGTON PKWYS & ELLINGTON PKWYN","NASHVILLE","EAST",36.20968,-86.74931,"PAVED SURFACE-IRREGULAR","37206","2019","February","Winter","06","Thursday","Weekday","No Injuries","No Fatalities"
9.97523526892017e-314,2019-02-07 00:11:00,1,1,0,NA,"N","NOT COLLISION W/MOTOR VEHICLE-TRANSPORT","RAIN","DARK - LIGHTED","NEELYS BEND RD & LARKIN SPRINGS RD","MADISON","MADISO",36.24948,-86.68633,"TREE;EMBANKMENT ROCK/STONE/CONCRETE","37115","2019","February","Winter","00","Thursday","Weekday","Injuries","No Fatalities"
9.97523528176588e-314,2019-02-07 00:20:00,3,1,0,NA,"N","ANGLE","RAIN","DARK - LIGHTED","10TH AVS & DEMONBREUN ST","NASHVILLE","CENTRA",36.15607,-86.78275,"MOTOR VEHICLE IN TRANSPORT","37203","2019","February","Winter","00","Thursday","Weekday","Injuries","No Fatalities"
9.97523528473028e-314,2019-02-07 00:04:00,2,0,0,NA,"N","Front to Rear","RAIN","DARK - LIGHTED","GALLATIN PKE & HART LN","NASHVILLE","EAST",36.21141,-86.73274,"MOTOR VEHICLE IN TRANSPORT;PARKED MOTOR VEHICLE","37216","2019","February","Winter","00","Thursday","Weekday","No Injuries","No Fatalities"
9.97523528522434e-314,2019-02-07 00:19:00,2,1,0,NA,"N","SIDESWIPE - SAME DIRECTION","RAIN","DARK - LIGHTED","MM 88 2 I 65","NASHVILLE","EAST",36.21963,-86.77443,"MOTOR VEHICLE IN TRANSPORT;EMBANKMENT EARTH","37207","2019","February","Winter","00","Thursday","Weekday","Injuries","No Fatalities"