"Accident.Number","Date.and.Time","Number.of.Motor.Vehicles","Number.of.Injuries","Number.of.Fatalities","Property.Damage","Hit.and.Run","Collision.Type.Description","Weather.Description","Illumination.Description","Street.Address","City","Precinct","Latitude","Longitude","HarmfulDescriptions","Zip.Code","Year","Month","Season","Hour","Weekday","DayType","Accident","Fatality_category"
9.97523528571841e-314,2019-02-07 00:25:00,2,1,0,NA,"N","ANGLE","RAIN","DARK - LIGHTED","BROADMOOR DR & DICKERSON PKE","NASHVILLE","EAST",36.22938,-86.75928,"MOTOR VEHICLE IN TRANSPORT","37207","2019","February","Winter","00","Thursday","Weekday","Injuries","No Fatalities"
9.97523529411752e-314,2019-02-07 00:30:00,2,0,0,NA,"N","ANGLE","RAIN","DARK - LIGHTED","DIVISION ST & 9TH AVS","NASHVILLE","CENTRA",36.15022,-86.78085,"MOTOR VEHICLE IN TRANSPORT","37203","2019","February","Winter","00","Thursday","Weekday","No Injuries","No Fatalities"
9.9752353074573e-314,2019-02-07 00:46:00,1,0,0,NA,"N","NOT COLLISION W/MOTOR VEHICLE-TRANSPORT","RAIN","DARK - LIGHTED","BROOK HOLLOW RD & JOCELYN HOLLOW RD","NASHVILLE","WEST",36.10424,-86.88412,"","37205","2019","February","Winter","00","Thursday","Weekday","No Injuries","No Fatalities"
9.97525572966077e-314,2019-02-21 06:00:00,2,0,0,NA,"Y","Front to Rear","RAIN","DAYLIGHT","MM 212 8 I 40","NASHVILLE","HERMIT",36.1416,-86.73427,"MOTOR VEHICLE IN TRANSPORT","37210","2019","February","Winter","06","Thursday","Weekday","No Injuries","No Fatalities"
9.97523530943356e-314,2019-02-07 00:53:00,3,0,0,NA,"Y","Front to Rear","RAIN","DARK - NOT LIGHTED","BUCHANAN ST & 11TH AVN","NASHVILLE","NORTH",36.18035,-86.80439,"MOTOR VEHICLE IN TRANSPORT","37208","2019","February","Winter","00","Thursday","Weekday","No Injuries","No Fatalities"
9.97523531042169e-314,2019-02-07 00:40:00,2,0,0,NA,"N","SIDESWIPE - SAME DIRECTION","RAIN","DARK - NOT LIGHTED","MM 205 4 I 40","NASHVILLE","WEST",36.15489,-86.83069,"MOTOR VEHICLE IN TRANSPORT","37209","2019","February","Winter","00","Thursday","Weekday","No Injuries","No Fatalities"
9.97523531486828e-314,2019-02-07 00:57:00,1,0,0,NA,"N","NOT COLLISION W/MOTOR VEHICLE-TRANSPORT","RAIN","DARK - LIGHTED","MM 48 8 I 24","NASHVILLE","CENTRA",36.1683,-86.76581,"CONCRETE TRAFFIC BARRIER","37213","2019","February","Winter","00","Thursday","Weekday","No Injuries","No Fatalities"
9.97523532277333e-314,2019-02-07 01:01:00,3,0,0,NA,"Y","Front to Rear","RAIN","DARK - NOT LIGHTED","I440 ENT RAMP & I440 ENT RAMP","NASHVILLE","MIDTOW",36.11313,-86.77185,"MOTOR VEHICLE IN TRANSPORT","37204","2019","February","Winter","01","Thursday","Weekday","No Injuries","No Fatalities"
9.97523532474959e-314,2019-02-07 01:08:00,2,0,0,NA,"N","ANGLE","RAIN","DARK - LIGHTED","12TH AVN & HERMAN ST","NASHVILLE","NORTH",36.16715,-86.79637,"MOTOR VEHICLE IN TRANSPORT","37203","2019","February","Winter","01","Thursday","Weekday","No Injuries","No Fatalities"
9.97523533018432e-314,2019-02-07 01:12:00,4,1,0,NA,"N","Front to Rear","RAIN","DARK - LIGHTED","MM 86 8 I 65","NASHVILLE","NORTH",36.19914,-86.77614,"MOTOR VEHICLE IN TRANSPORT","37207","2019","February","Winter","01","Thursday","Weekday","Injuries","No Fatalities"
9.9752353390775e-314,2019-02-06 06:00:00,2,0,0,NA,"N","Front to Rear","RAIN","Dark-Unknown Lighting","MM 48 0 I 24","NASHVILLE","CENTRA",36.17586,-86.77208,"MOTOR VEHICLE IN TRANSPORT","37213","2019","February","Winter","06","Wednesday","Weekday","No Injuries","No Fatalities"
9.97523534698255e-314,2019-02-07 01:32:00,2,1,0,NA,"Y","SIDESWIPE - SAME DIRECTION","RAIN","DARK - NOT LIGHTED","MM 51 5 I 24","NASHVILLE","HERMIT",36.14011,-86.7281,"MOTOR VEHICLE IN TRANSPORT","37210","2019","February","Winter","01","Thursday","Weekday","Injuries","No Fatalities"
9.97523534945288e-314,2019-02-07 01:19:00,2,0,0,NA,"N","ANGLE","RAIN","DARK - NOT LIGHTED","BELL RD & DODSON CHAPEL RD","HERMITAGE","HERMIT",36.16332,-86.61312,"MOTOR VEHICLE IN TRANSPORT","37076","2019","February","Winter","01","Thursday","Weekday","No Injuries","No Fatalities"
9.97523535291133e-314,2019-02-07 01:39:00,1,0,0,NA,"N","NOT COLLISION W/MOTOR VEHICLE-TRANSPORT","RAIN","DARK - NOT LIGHTED","DRY CREEK RD & BRICK CHURCH PKE","GOODLETTSVILLE","MADISO",36.32515,-86.7687,"DITCH;Ran Off Road-Left","37072","2019","February","Winter","01","Thursday","Weekday","No Injuries","No Fatalities"
9.97523536526298e-314,2019-02-07 01:58:00,2,2,0,NA,"N","ANGLE","RAIN","DARK - LIGHTED","HWY 70 S & HICKS RD","NASHVILLE","WEST",36.07386,-86.92648,"MOTOR VEHICLE IN TRANSPORT","37221","2019","February","Winter","01","Thursday","Weekday","Injuries","No Fatalities"
9.9752353692155e-314,2019-02-07 01:06:00,2,0,0,NA,"N","Front to Rear","RAIN","DARK - LIGHTED","SHELBY AV & S 5TH ST","NASHVILLE","EAST",36.16748,-86.76254,"MOTOR VEHICLE IN TRANSPORT","37206","2019","February","Winter","01","Thursday","Weekday","No Injuries","No Fatalities"
9.97523537119176e-314,2019-02-07 01:06:00,2,0,0,NA,"N","SIDESWIPE - SAME DIRECTION","RAIN","DARK - LIGHTED","MM 84 8 I 65","NASHVILLE","NORTH",36.1777,-86.80099,"MOTOR VEHICLE IN TRANSPORT","37208","2019","February","Winter","01","Thursday","Weekday","No Injuries","No Fatalities"
9.97523538057901e-314,2019-02-07 02:20:00,2,2,0,NA,"N","ANGLE","RAIN","DARK - LIGHTED","NOLENSVILLE PKE & PARAGON MILLS RD","NASHVILLE","SOUTH",36.08395,-86.72769,"MOTOR VEHICLE IN TRANSPORT","37211","2019","February","Winter","02","Thursday","Weekday","Injuries","No Fatalities"
9.97523538255527e-314,2019-02-07 02:17:00,2,2,0,NA,"N","HEAD-ON","RAIN","DARK - LIGHTED","HARDING PL & TROUSDALE DR","NASHVILLE","MIDTOW",36.0811,-86.75836,"MOTOR VEHICLE IN TRANSPORT","37220","2019","February","Winter","02","Thursday","Weekday","Injuries","No Fatalities"
9.97523539391878e-314,2019-02-07 02:30:00,2,0,0,NA,"N","Front to Rear","RAIN","DARK - LIGHTED","MM 86 2 I 65","NASHVILLE","CENTRA",36.19179,-86.7824,"MOTOR VEHICLE IN TRANSPORT","37207","2019","February","Winter","02","Thursday","Weekday","No Injuries","No Fatalities"
9.97523539540098e-314,2019-02-07 01:43:00,2,0,0,NA,"Y","SIDESWIPE - SAME DIRECTION","RAIN","DARK - LIGHTED","2ND AVS & BROADWAY","NASHVILLE","CENTRA",36.16167,-86.77503,"MOTOR VEHICLE IN TRANSPORT","37201","2019","February","Winter","01","Thursday","Weekday","No Injuries","No Fatalities"
9.97523539589505e-314,2019-02-07 02:23:00,2,0,0,NA,"N","ANGLE","RAIN","DARK - LIGHTED","16TH AVS & MCGAVOCK ST","NASHVILLE","MIDTOW",36.15326,-86.79218,"MOTOR VEHICLE IN TRANSPORT","37203","2019","February","Winter","02","Thursday","Weekday","No Injuries","No Fatalities"
9.9752354023179e-314,2019-02-07 02:56:00,1,1,0,NA,"N","NOT COLLISION W/MOTOR VEHICLE-TRANSPORT","RAIN","DARK - LIGHTED","MM 89 3 I 65","NASHVILLE","EAST",36.23396,-86.76728,"CONCRETE TRAFFIC BARRIER;Ran Off Road-Left","37207","2019","February","Winter","02","Thursday","Weekday","Injuries","No Fatalities"
9.97523540972888e-314,2019-02-07 03:02:00,2,1,0,NA,"N","Front to Rear","RAIN","DARK - LIGHTED","NOLENSVILLE PKE & HARDING PL","NASHVILLE","SOUTH",36.0796,-86.72632,"MOTOR VEHICLE IN TRANSPORT","37211","2019","February","Winter","03","Thursday","Weekday","Injuries","No Fatalities"
9.97523542949151e-314,2019-02-07 03:23:00,2,0,0,NA,"N","SIDESWIPE - SAME DIRECTION","RAIN","DARK - LIGHTED","MM 206 3 I 40","NASHVILLE","NORTH",36.16221,-86.82021,"MOTOR VEHICLE IN TRANSPORT","37209","2019","February","Winter","03","Thursday","Weekday","No Injuries","No Fatalities"
9.97523543097371e-314,2019-02-07 03:32:00,1,1,0,NA,"N","NOT COLLISION W/MOTOR VEHICLE-TRANSPORT","RAIN","DAYLIGHT","LEBANON PKE & FARLEY PL","NASHVILLE","HERMIT",36.16067,-86.70235,"UTILITY POLE","37210","2019","February","Winter","03","Thursday","Weekday","Injuries","No Fatalities"
9.97525588035079e-314,2019-02-21 06:00:00,2,0,0,NA,"Y","Rear to Side","RAIN","DARK - LIGHTED","RICHARDSON AV & LISCHEY AV","NASHVILLE","EAST",36.19256,-86.76313,"MOTOR VEHICLE IN TRANSPORT;PARKED MOTOR VEHICLE","37207","2019","February","Winter","06","Thursday","Weekday","No Injuries","No Fatalities"
9.97523545666512e-314,2019-02-07 03:55:00,2,1,0,NA,"N","Front to Rear","RAIN","DARK - LIGHTED","OLD HICKORY BLVD & SELLS DR","HERMITAGE","HERMIT",36.16837,-86.60022,"MOTOR VEHICLE IN TRANSPORT","37076","2019","February","Winter","03","Thursday","Weekday","Injuries","No Fatalities"
9.97523545814732e-314,2019-02-06 06:00:00,1,0,0,NA,"N","NOT COLLISION W/MOTOR VEHICLE-TRANSPORT","RAIN","DARK - LIGHTED","MM 49 1 I 24","NASHVILLE","EAST",36.16411,-86.76275,"LUMINAIRE/LIGHT SUPPORT;Ran Off Road-Right","37206","2019","February","Winter","06","Wednesday","Weekday","No Injuries","No Fatalities"
9.97525588331518e-314,2019-02-22 00:28:00,3,0,0,NA,"N","Front to Rear","RAIN","DARK - LIGHTED","MM 79 7 I 65","NASHVILLE","MIDTOW",36.10982,-86.77016,"MOTOR VEHICLE IN TRANSPORT","37204","2019","February","Winter","00","Friday","Weekday","No Injuries","No Fatalities"
9.97523546259391e-314,2019-02-06 06:00:00,1,1,0,NA,"N","NOT COLLISION W/MOTOR VEHICLE-TRANSPORT","RAIN","DARK - LIGHTED","GALLATIN PKEN & MCHENRY CENTER PVTDR","GOODLETTSVILLE","MADISO",36.29619,-86.69981,"PEDESTRIAN","37072","2019","February","Winter","06","Wednesday","Weekday","Injuries","No Fatalities"
9.97523547049896e-314,2019-02-07 04:26:00,2,0,0,NA,"Y","SIDESWIPE - SAME DIRECTION","RAIN","DARK - LIGHTED","MM 203 4 I 40","NASHVILLE","WEST",36.15044,-86.8665,"MOTOR VEHICLE IN TRANSPORT","37209","2019","February","Winter","04","Thursday","Weekday","No Injuries","No Fatalities"
9.97525589517276e-314,2019-02-22 00:38:00,2,0,0,NA,"N","Front to Rear","RAIN","DARK - LIGHTED","MOLLOY ST & 1ST AVS","NASHVILLE","CENTRA",36.15939,-86.77259,"MOTOR VEHICLE IN TRANSPORT","37201","2019","February","Winter","00","Friday","Weekday","No Injuries","No Fatalities"
9.97523548877939e-314,2019-02-07 04:46:00,1,1,0,NA,"N","NOT COLLISION W/MOTOR VEHICLE-TRANSPORT","RAIN","DARK - LIGHTED","MM 52 9 I 24","NASHVILLE","SOUTH",36.12009,-86.72685,"GUARDRAIL FACE","37217","2019","February","Winter","04","Thursday","Weekday","Injuries","No Fatalities"
9.97525589566682e-314,2019-02-22 00:32:00,2,0,0,NA,"N","Front to Rear","RAIN","DARK - LIGHTED","PEABODY ST & 2ND AVS","NASHVILLE","CENTRA",36.15681,-86.7719,"MOTOR VEHICLE IN TRANSPORT","37201","2019","February","Winter","00","Friday","Weekday","No Injuries","No Fatalities"
9.97523549767257e-314,2019-02-07 04:13:00,2,0,0,NA,"Y","Front to Rear","RAIN","DARK - LIGHTED","BRILEY PKWYS & BRILEY PKWYN","NASHVILLE","NORTH",36.11246,-86.70898,"MOTOR VEHICLE IN TRANSPORT","37218","2019","February","Winter","04","Thursday","Weekday","No Injuries","No Fatalities"
9.97525589616089e-314,2019-02-22 00:25:00,2,2,0,NA,"N","Front to Rear","RAIN","DARK - NOT LIGHTED","MURFREESBORO PKE & PARKS RETREAT DR","ANTIOCH","SOUTH",36.03182,-86.59438,"MOTOR VEHICLE IN TRANSPORT","37013","2019","February","Winter","00","Friday","Weekday","Injuries","No Fatalities"
9.97525590258374e-314,2019-02-22 00:15:00,2,0,0,NA,"N","SIDESWIPE - SAME DIRECTION","RAIN","DARK - LIGHTED","I 40 & UNKNOWN RAMP","NASHVILLE","HERMIT",36.1415,-86.67078,"MOTOR VEHICLE IN TRANSPORT","37210","2019","February","Winter","00","Friday","Weekday","No Injuries","No Fatalities"
9.97525590406594e-314,2019-02-21 06:00:00,2,0,0,NA,"N","Front to Rear","RAIN","DARK - LIGHTED","MM 7 1 I 440","NASHVILLE","SOUTH",36.12485,-86.73472,"MOTOR VEHICLE IN TRANSPORT","37210","2019","February","Winter","06","Thursday","Weekday","No Injuries","No Fatalities"
9.97525591246506e-314,2019-02-22 00:35:00,2,0,0,NA,"N","ANGLE","RAIN","DARK - LIGHTED","ELM HILL PKE & NELSON PL","NASHVILLE","HERMIT",36.14898,-86.66718,"MOTOR VEHICLE IN TRANSPORT","37214","2019","February","Winter","00","Friday","Weekday","No Injuries","No Fatalities"
9.97525591839384e-314,2019-02-22 00:15:00,2,0,0,NA,"N","HEAD-ON","RAIN","DARK - LIGHTED","ELM HILL PKE & DONELSON PKE","NASHVILLE","HERMIT",36.14881,-86.66628,"MOTOR VEHICLE IN TRANSPORT","37214","2019","February","Winter","00","Friday","Weekday","No Injuries","No Fatalities"
9.97525591888791e-314,2019-02-22 00:50:00,2,1,0,NA,"N","Front to Rear","RAIN","DARK - LIGHTED","BRILEY PKWY & GLASTONBURY RD","NASHVILLE","HERMIT",36.1374,-86.69979,"MOTOR VEHICLE IN TRANSPORT","37217","2019","February","Winter","00","Friday","Weekday","Injuries","No Fatalities"
9.97523549816663e-314,2019-02-07 05:00:00,2,0,0,NA,"N","Rear to Side","RAIN","DARK - LIGHTED","LITTON AV & GALLATIN PKE","NASHVILLE","EAST",36.20242,-86.73915,"MOTOR VEHICLE IN TRANSPORT","37216","2019","February","Winter","05","Thursday","Weekday","No Injuries","No Fatalities"
9.97523550903608e-314,2019-02-07 05:00:00,2,3,0,NA,"N","SIDESWIPE - SAME DIRECTION","RAIN","DARK - LIGHTED","MM 91 0 I 65","MADISON","MADISO",36.2482,-86.74261,"MOTOR VEHICLE IN TRANSPORT;CONCRETE TRAFFIC BARRIER;Cable Barrier","37115","2019","February","Winter","05","Thursday","Weekday","Injuries","No Fatalities"
9.97525594951998e-314,2019-02-22 01:28:00,2,2,0,NA,"N","Front to Rear","RAIN","DARK - NOT LIGHTED","ANDERSON LN & PIERCE RD","MADISON","MADISO",36.27303,-86.70207,"MOTOR VEHICLE IN TRANSPORT","37115","2019","February","Winter","01","Friday","Weekday","Injuries","No Fatalities"
9.97523551002421e-314,2019-02-07 05:10:00,2,1,0,NA,"N","ANGLE","RAIN","DARK - LIGHTED","ELLISTON PL & 24TH AVN","NASHVILLE","MIDTOW",36.14925,-86.80641,"MOTOR VEHICLE IN TRANSPORT","37203","2019","February","Winter","05","Thursday","Weekday","Injuries","No Fatalities"
9.97525595100218e-314,2019-02-22 01:20:00,3,0,0,NA,"Y","Front to Rear","RAIN","DARK - LIGHTED","MM 212 0 I 40","NASHVILLE","HERMIT",36.14765,-86.74458,"MOTOR VEHICLE IN TRANSPORT","37210","2019","February","Winter","01","Friday","Weekday","No Injuries","No Fatalities"
9.97523552237585e-314,2019-02-07 03:23:00,2,1,0,NA,"N","Front to Rear","RAIN","DARK - LIGHTED","HICKORY HOLLOW PKWY & BELL RD","ANTIOCH","SOUTH",36.04755,-86.65593,"MOTOR VEHICLE IN TRANSPORT","37013","2019","February","Winter","03","Thursday","Weekday","Injuries","No Fatalities"
9.97523552682244e-314,2019-02-07 05:00:00,1,0,0,NA,"N","NOT COLLISION W/MOTOR VEHICLE-TRANSPORT","RAIN","DARK - NOT LIGHTED","DELAWARE AV & BURWOOD AV","MADISON","MADISO",36.26419,-86.70439,"DITCH","37115","2019","February","Winter","05","Thursday","Weekday","No Injuries","No Fatalities"
9.97523555350199e-314,2019-02-07 04:26:00,2,0,0,NA,"N","SIDESWIPE - SAME DIRECTION","RAIN","DARK - LIGHTED","6900 CHARLOTTE PKE","NASHVILLE","WEST",36.13017,-86.9003,"MOTOR VEHICLE IN TRANSPORT","37209","2019","February","Winter","04","Thursday","Weekday","No Injuries","No Fatalities"
9.97523557375868e-314,2019-02-07 06:00:00,1,0,0,NA,"Y","NOT COLLISION W/MOTOR VEHICLE-TRANSPORT","RAIN","DAYLIGHT","MM 221 0 I 40","HERMITAGE","HERMIT",36.17015,-86.59815,"SHRUBBERY","37076","2019","February","Winter","06","Thursday","Weekday","No Injuries","No Fatalities"
9.97523557474681e-314,2019-02-07 00:53:00,2,0,0,NA,"Y","ANGLE","RAIN","DARK - LIGHTED","ANTIOCH PKE & CHEROKEE PL","ANTIOCH","SOUTH",36.07325,-86.68261,"MOTOR VEHICLE IN TRANSPORT","37013","2019","February","Winter","00","Thursday","Weekday","No Injuries","No Fatalities"
9.97525595841316e-314,2019-02-22 01:25:00,2,1,0,NA,"N","Front to Rear","RAIN","DARK - LIGHTED","MM 53 0 I 24","NASHVILLE","SOUTH",36.11853,-86.7263,"MOTOR VEHICLE IN TRANSPORT","37210","2019","February","Winter","01","Friday","Weekday","Injuries","No Fatalities"
9.97523566614895e-314,2019-02-07 00:45:00,2,0,0,NA,"N","ANGLE","RAIN","DARK - LIGHTED","EDGE O LAKE DR & MARTWAY DR","ANTIOCH","SOUTH",36.07898,-86.64512,"MOTOR VEHICLE IN TRANSPORT","37013","2019","February","Winter","00","Thursday","Weekday","No Injuries","No Fatalities"
9.97525598114018e-314,2019-02-22 01:11:00,2,0,0,NA,"N","SIDESWIPE - SAME DIRECTION","RAIN","DARK - LIGHTED","4TH AVS & I40 W EXT RAMP","NASHVILLE","CENTRA",36.1509,-86.77064,"MOTOR VEHICLE IN TRANSPORT","37203","2019","February","Winter","01","Friday","Weekday","No Injuries","No Fatalities"
9.97523567800653e-314,2019-02-07 04:52:00,1,0,0,NA,"N","NOT COLLISION W/MOTOR VEHICLE-TRANSPORT","RAIN","DARK - NOT LIGHTED","MM 54 9 I 24","NASHVILLE","SOUTH",36.09553,-86.70751,"","37211","2019","February","Winter","04","Thursday","Weekday","No Injuries","No Fatalities"
9.97525599744435e-314,2019-02-22 02:10:00,1,0,0,NA,"N","NOT COLLISION W/MOTOR VEHICLE-TRANSPORT","RAIN","DARK - LIGHTED","I24 W ENT RAMP & I 24","NASHVILLE","EAST",36.23869,-86.78406,"DITCH;Ran Off Road-Left","37206","2019","February","Winter","02","Friday","Weekday","No Injuries","No Fatalities"
9.97523577138494e-314,2019-02-07 09:44:00,1,0,0,NA,"Y","NOT COLLISION W/MOTOR VEHICLE-TRANSPORT","RAIN","DARK - LIGHTED","HAYWOOD LN & HOPEDALE DR","NASHVILLE","SOUTH",36.0688,-86.71704,"CULVERT;Ran Off Road-Right","37211","2019","February","Winter","09","Thursday","Weekday","No Injuries","No Fatalities"
9.97525600040874e-314,2019-02-22 00:10:00,1,0,0,NA,"N","NOT COLLISION W/MOTOR VEHICLE-TRANSPORT","RAIN","DARK - LIGHTED","ANDERSON RD & DEL CREST DR","NASHVILLE","HERMIT",36.0953,-86.60426,"DITCH","37217","2019","February","Winter","00","Friday","Weekday","No Injuries","No Fatalities"
9.97525600189094e-314,2019-02-22 02:30:00,1,0,0,NA,"N","NOT COLLISION W/MOTOR VEHICLE-TRANSPORT","RAIN","DARK - LIGHTED","WALSH RD & RAINS AV","NASHVILLE","MIDTOW",36.1329,-86.765,"H-WAY TRAFFIC SIGNAL POST","37204","2019","February","Winter","02","Friday","Weekday","No Injuries","No Fatalities"
9.97523583462534e-314,2019-02-07 07:00:00,1,0,0,NA,"N","NOT COLLISION W/MOTOR VEHICLE-TRANSPORT","RAIN","DARK - LIGHTED","LEBANON PKE & SPENCE LN","NASHVILLE","HERMIT",36.15292,-86.73,"GUARDRAIL FACE","37210","2019","February","Winter","07","Thursday","Weekday","No Injuries","No Fatalities"
9.9752560685898e-314,2019-02-22 03:11:00,2,0,0,NA,"Y","ANGLE","RAIN","DARK - NOT LIGHTED","ASHLAWN DR & EULALA DR","NASHVILLE","SOUTH",36.04999,-86.70301,"MOTOR VEHICLE IN TRANSPORT","37211","2019","February","Winter","03","Friday","Weekday","No Injuries","No Fatalities"
9.97523586328115e-314,2019-02-07 10:45:00,3,0,0,NA,"N","SIDESWIPE - SAME DIRECTION","RAIN","DARK - LIGHTED","MM 88 5 I 65","NASHVILLE","NORTH",36.224,-86.77454,"MOTOR VEHICLE IN TRANSPORT","37207","2019","February","Winter","10","Thursday","Weekday","No Injuries","No Fatalities"
9.97525607056606e-314,2019-02-22 02:45:00,2,0,0,NA,"N","ANGLE","RAIN","DARK - LIGHTED","12TH AVS & DEMONBREUN ST","NASHVILLE","CENTRA",36.15455,-86.78617,"MOTOR VEHICLE IN TRANSPORT","37203","2019","February","Winter","02","Friday","Weekday","No Injuries","No Fatalities"
9.97523588897256e-314,2019-02-07 11:20:00,2,0,0,NA,"N","ANGLE","RAIN","DARK - LIGHTED","MM 90 7 I 65","MADISON","MADISO",36.24428,-86.74712,"MOTOR VEHICLE IN TRANSPORT","37115","2019","February","Winter","11","Thursday","Weekday","No Injuries","No Fatalities"
9.97525607155419e-314,2019-02-22 00:02:00,2,0,0,NA,"N","Front to Rear","RAIN","DARK - LIGHTED","21ST AVS & CAPERS AV","NASHVILLE","MIDTOW",36.13882,-86.80059,"MOTOR VEHICLE IN TRANSPORT","37212","2019","February","Winter","00","Friday","Weekday","No Injuries","No Fatalities"
9.97523589687761e-314,2019-02-07 11:21:00,1,0,0,NA,"N","NOT COLLISION W/MOTOR VEHICLE-TRANSPORT","RAIN","DARK - LIGHTED","PRIEST WOODS DR & WESTERN SHORE DR","NASHVILLE","HERMIT",36.1277,-86.63104,"OTHER OBJECT (NOT FIXED)","37214","2019","February","Winter","11","Thursday","Weekday","No Injuries","No Fatalities"
9.97525607303639e-314,2019-02-22 03:15:00,3,0,0,NA,"N","Front to Rear","RAIN","DARK - LIGHTED","WEDGEWOOD AV & ACKLEN AV","NASHVILLE","MIDTOW",36.13431,-86.78079,"MOTOR VEHICLE IN TRANSPORT","37203","2019","February","Winter","03","Friday","Weekday","No Injuries","No Fatalities"
9.97525608687023e-314,2019-02-22 02:45:00,2,0,0,NA,"N","Front to Rear","RAIN","DARK - LIGHTED","MM 211 8 I 40","NASHVILLE","HERMIT",36.14889,-86.74659,"MOTOR VEHICLE IN TRANSPORT","37210","2019","February","Winter","02","Friday","Weekday","No Injuries","No Fatalities"
9.97525614665217e-314,2019-02-22 04:45:00,2,0,0,NA,"N","Front to Rear","RAIN","DARK - LIGHTED","DAVIDSON STREET BIKE CNCTR & DAVIDSON ST","NASHVILLE","CENTRA",36.16281,-86.74775,"PARKED MOTOR VEHICLE","37213","2019","February","Winter","04","Friday","Weekday","No Injuries","No Fatalities"
9.97525614862843e-314,2019-02-22 02:50:00,2,0,0,NA,"Y","SIDESWIPE - SAME DIRECTION","RAIN","DAYLIGHT","5TH AVS & BROADWAY","NASHVILLE","CENTRA",36.16047,-86.77844,"MOTOR VEHICLE IN TRANSPORT","37203","2019","February","Winter","02","Friday","Weekday","No Injuries","No Fatalities"
9.97525618173083e-314,2019-02-22 05:22:00,2,0,0,NA,"N","SIDESWIPE - SAME DIRECTION","RAIN","DARK - LIGHTED","DIVISION ST & MUSIC SQE","NASHVILLE","MIDTOW",36.15186,-86.79171,"MOTOR VEHICLE IN TRANSPORT","37203","2019","February","Winter","05","Friday","Weekday","No Injuries","No Fatalities"
9.97525621088071e-314,2019-02-22 05:52:00,2,1,0,NA,"Y","ANGLE","RAIN","DARK - LIGHTED","I24 W EXT RAMP & I 24","NASHVILLE","SOUTH",36.08646,-86.69869,"MOTOR VEHICLE IN TRANSPORT","37211","2019","February","Winter","05","Friday","Weekday","Injuries","No Fatalities"
9.975256423823e-314,2019-02-22 09:00:00,1,0,0,NA,"Y","UNKNOWN","RAIN","DARK - LIGHTED","ELM HILL PKE & APPLETON DR","NASHVILLE","HERMIT",36.14938,-86.70275,"UNKNOWN MOST HARMFUL EVENT","37210","2019","February","Winter","09","Friday","Weekday","No Injuries","No Fatalities"
9.97525644160936e-314,2019-02-22 06:31:00,2,0,0,NA,"Y","SIDESWIPE - SAME DIRECTION","RAIN","DARK - LIGHTED","683 LONGHUNTER CT","NASHVILLE","HERMIT",36.09574,-86.63885,"MOTOR VEHICLE IN TRANSPORT;PARKED MOTOR VEHICLE","37217","2019","February","Winter","06","Friday","Weekday","No Injuries","No Fatalities"
9.97525647174737e-314,2019-02-22 10:00:00,2,0,0,NA,"N","ANGLE","RAIN","DARK - LIGHTED","CLARKSVILLE PKE & ROSA L PARKS BLVD","NASHVILLE","NORTH",36.18799,-86.82156,"MOTOR VEHICLE IN TRANSPORT","37228","2019","February","Winter","10","Friday","Weekday","No Injuries","No Fatalities"
9.97523600211359e-314,2019-02-07 02:00:00,1,0,0,NA,"N","NOT COLLISION W/MOTOR VEHICLE-TRANSPORT","RAIN","DARK - NOT LIGHTED","BUENA VISTA PKE & MIKE SHIELDS CT","NASHVILLE","NORTH",36.20968,-86.8186,"OTHER POST, POLE, SUPP.;SHRUBBERY;Ran Off Road-Left","37218","2019","February","Winter","02","Thursday","Weekday","No Injuries","No Fatalities"
9.97525659131125e-314,2019-02-22 12:02:00,1,0,0,NA,"N","NOT COLLISION W/MOTOR VEHICLE-TRANSPORT","RAIN","DARK - LIGHTED","MM 60 2 I 24","ANTIOCH","SOUTH",36.03864,-86.64753,"GUARDRAIL END","37013","2019","February","Winter","12","Friday","Weekday","No Injuries","No Fatalities"
9.97525661749673e-314,2019-02-22 12:45:00,3,2,0,NA,"N","Front to Rear","RAIN","DAYLIGHT","HARDING PL & ANTIOCH PKE","NASHVILLE","SOUTH",36.0876,-86.69179,"MOTOR VEHICLE IN TRANSPORT","37211","2019","February","Winter","12","Friday","Weekday","Injuries","No Fatalities"
9.97525662342552e-314,2019-02-22 12:55:00,1,1,0,NA,"N","NOT COLLISION W/MOTOR VEHICLE-TRANSPORT","RAIN","DAYLIGHT","I40 E EXT RAMP & I 40","NASHVILLE","HERMIT",36.17015,-86.60641,"GUARDRAIL FACE","37214","2019","February","Winter","12","Friday","Weekday","Injuries","No Fatalities"
9.97525663281277e-314,2019-02-22 06:00:00,2,0,0,NA,"Y","NOT COLLISION W/MOTOR VEHICLE-TRANSPORT","RAIN","DARK - LIGHTED","BELL RD & MURFREESBORO PKE","ANTIOCH","SOUTH",36.07028,-86.63673,"PARKED MOTOR VEHICLE;OTHER POST, POLE, SUPP.","37013","2019","February","Winter","06","Friday","Weekday","No Injuries","No Fatalities"
9.97525663824749e-314,2019-02-22 12:30:00,1,1,0,NA,"N","NOT COLLISION W/MOTOR VEHICLE-TRANSPORT","RAIN","UNKNOWN","MM 62 3 I 24","ANTIOCH","SOUTH",36.01671,-86.62333,"EMBANKMENT EARTH","37013","2019","February","Winter","12","Friday","Weekday","Injuries","No Fatalities"