"Accident.Number","Date.and.Time","Number.of.Motor.Vehicles","Number.of.Injuries","Number.of.Fatalities","Property.Damage","Hit.and.Run","Collision.Type.Description","Weather.Description","Illumination.Description","Street.Address","City","Precinct","Latitude","Longitude","HarmfulDescriptions","Zip.Code","Year","Month","Season","Hour","Weekday","DayType","Accident","Fatality_category"
9.97523628471914e-314,2019-02-07 01:00:00,1,0,0,NA,"N","NOT COLLISION W/MOTOR VEHICLE-TRANSPORT","RAIN","DARK - NOT LIGHTED","LENORE ST & S 6TH ST","NASHVILLE","EAST",36.16397,-86.75699,"PAVED SURFACE-IRREGULAR","37206","2019","February","Winter","01","Thursday","Weekday","No Injuries","No Fatalities"
9.97524759289364e-314,2019-02-15 06:00:00,2,0,0,NA,"N","ANGLE","RAIN","DAYLIGHT","GRANDVIEW AV & CENTRAL AV","NASHVILLE","MIDTOW",36.11418,-86.74835,"MOTOR VEHICLE IN TRANSPORT","37211","2019","February","Winter","06","Friday","Weekday","No Injuries","No Fatalities"
9.9752476452646e-314,2019-02-15 06:00:00,2,0,0,NA,"N","Front to Rear","RAIN","DAYLIGHT","NOLENSVILLE PKE & WOODYCREST AV","NASHVILLE","MIDTOW",36.13092,-86.75585,"MOTOR VEHICLE IN TRANSPORT","37211","2019","February","Winter","06","Friday","Weekday","No Injuries","No Fatalities"
9.97525723557285e-314,2019-02-22 06:00:00,2,0,0,NA,"Y","UNKNOWN","RAIN","DAYLIGHT","JACKSON ST & 16TH AVN","NASHVILLE","NORTH",36.16754,-86.80098,"PARKED MOTOR VEHICLE","37208","2019","February","Winter","06","Friday","Weekday","No Injuries","No Fatalities"
9.97523662957696e-314,2019-02-07 06:00:00,2,1,0,NA,"N","ANGLE","RAIN","DARK - LIGHTED","BRICK CHURCH PKE & EWING DR","NASHVILLE","MADISO",36.23214,-86.78148,"MOTOR VEHICLE IN TRANSPORT","37207","2019","February","Winter","06","Thursday","Weekday","Injuries","No Fatalities"
9.97524767490854e-314,2019-02-15 06:00:00,3,3,0,NA,"Y","Front to Rear","RAIN","DUSK","BRILEY PKWYS & BRILEY PKWYN","NASHVILLE","NORTH",36.15711,-86.69264,"MOTOR VEHICLE IN TRANSPORT","37218","2019","February","Winter","06","Friday","Weekday","Injuries","No Fatalities"
9.9752476768848e-314,2019-02-15 06:00:00,1,0,0,NA,"Y","NOT COLLISION W/MOTOR VEHICLE-TRANSPORT","RAIN","DAYLIGHT","ELMINGTON AV & WHITWORTH BLVD","NASHVILLE","WEST",36.12984,-86.8203,"FENCE","37205","2019","February","Winter","06","Friday","Weekday","No Injuries","No Fatalities"
9.9752366765132e-314,2019-02-08 00:09:00,4,4,0,NA,"Y","Front to Rear","RAIN","DARK - LIGHTED","I24 W EXT RAMP & I 24","NASHVILLE","SOUTH",36.10714,-86.71946,"MOTOR VEHICLE IN TRANSPORT","37211","2019","February","Winter","00","Friday","Weekday","Injuries","No Fatalities"
9.97523667700727e-314,2019-02-08 00:10:00,2,1,0,NA,"Y","ANGLE","RAIN","DARK - LIGHTED","ELM HILL PIKE & SANBORN DR","NASHVILLE","HERMIT",36.15058,-86.69437,"MOTOR VEHICLE IN TRANSPORT","37210","2019","February","Winter","00","Friday","Weekday","Injuries","No Fatalities"
9.97524770356435e-314,2019-02-16 00:45:00,2,0,0,NA,"N","SIDESWIPE - SAME DIRECTION","RAIN","DARK - LIGHTED","MM 52 0 I 24","NASHVILLE","SOUTH",36.1332,-86.72676,"MOTOR VEHICLE IN TRANSPORT","37217","2019","February","Winter","00","Saturday","Weekend","No Injuries","No Fatalities"
9.97523667750133e-314,2019-02-08 00:12:00,2,0,0,NA,"N","Front to Rear","RAIN","DARK - LIGHTED","MM 55 8 I 24","NASHVILLE","SOUTH",36.08446,-86.6992,"MOTOR VEHICLE IN TRANSPORT","37211","2019","February","Winter","00","Friday","Weekday","No Injuries","No Fatalities"
9.97523667947759e-314,2019-02-08 00:12:00,2,0,0,NA,"N","Front to Rear","RAIN","DARK - LIGHTED","RICHARDSON AV & ELMINGTON AV","NASHVILLE","WEST",36.13276,-86.82173,"MOTOR VEHICLE IN TRANSPORT;PARKED MOTOR VEHICLE","37205","2019","February","Winter","00","Friday","Weekday","No Injuries","No Fatalities"
9.97523668392418e-314,2019-02-08 00:23:00,2,1,0,NA,"N","ANGLE","RAIN","DAYLIGHT","MURFREESBORO PKE & HOBSON PKE","ANTIOCH","SOUTH",36.04298,-86.60667,"MOTOR VEHICLE IN TRANSPORT","37013","2019","February","Winter","00","Friday","Weekday","Injuries","No Fatalities"
9.97523668738264e-314,2019-02-08 00:26:00,2,0,0,NA,"N","Front to Rear","RAIN","DARK - LIGHTED","BROADWAY & 10TH AVS","NASHVILLE","CENTRA",36.15795,-86.78431,"MOTOR VEHICLE IN TRANSPORT","37203","2019","February","Winter","00","Friday","Weekday","No Injuries","No Fatalities"
9.97524772135071e-314,2019-02-15 06:00:00,2,1,0,NA,"N","Front to Rear","RAIN","DARK - LIGHTED","WHITE BRIDGE PKE & SAINT MARYS CAMPUS PV","NASHVILLE","WEST",36.12771,-86.85148,"MOTOR VEHICLE IN TRANSPORT","37205","2019","February","Winter","06","Friday","Weekday","Injuries","No Fatalities"
9.97525737144091e-314,2019-02-22 06:00:00,1,0,0,NA,"N","NOT COLLISION W/MOTOR VEHICLE-TRANSPORT","RAIN","DUSK","MCCRORY CREEK RD & HONEYBROOK DR","NASHVILLE","HERMIT",36.14623,-86.65341,"TREE","37214","2019","February","Winter","06","Friday","Weekday","No Injuries","No Fatalities"
9.97523668886484e-314,2019-02-08 00:25:00,2,0,0,NA,"N","HEAD-ON","RAIN","DARK - LIGHTED","MAIN ST & N 6TH ST","NASHVILLE","EAST",36.17374,-86.76297,"MOTOR VEHICLE IN TRANSPORT","37206","2019","February","Winter","00","Friday","Weekday","No Injuries","No Fatalities"
9.97523669578176e-314,2019-02-08 00:11:00,2,0,0,NA,"Y","SIDESWIPE - SAME DIRECTION","RAIN","DARK - NOT LIGHTED","MM 60 5 I 24","ANTIOCH","SOUTH",36.03512,-86.64346,"MOTOR VEHICLE IN TRANSPORT","37013","2019","February","Winter","00","Friday","Weekday","No Injuries","No Fatalities"
9.97524772925576e-314,2019-02-15 06:00:00,2,0,0,NA,"N","ANGLE","RAIN","DARK - LIGHTED","THOMPSON LN & GRANDVIEW AV","NASHVILLE","MIDTOW",36.111,-86.74643,"MOTOR VEHICLE IN TRANSPORT","37211","2019","February","Winter","06","Friday","Weekday","No Injuries","No Fatalities"
9.97523670072242e-314,2019-02-08 00:35:00,1,1,0,NA,"N","NOT COLLISION W/MOTOR VEHICLE-TRANSPORT","RAIN","DARK - LIGHTED","SPRING ST & MAIN ST ENT RAMP","NASHVILLE","EAST",36.17309,-86.76539,"PEDESTRIAN","37206","2019","February","Winter","00","Friday","Weekday","Injuries","No Fatalities"
9.97523670368681e-314,2019-02-08 00:37:00,2,0,0,NA,"N","ANGLE","RAIN","DARK - NOT LIGHTED","GALE LN & GRANNY WHITE PKE","NASHVILLE","MIDTOW",36.1171,-86.79129,"MOTOR VEHICLE IN TRANSPORT-OTHER ROADWAY","37204","2019","February","Winter","00","Friday","Weekday","No Injuries","No Fatalities"
9.97524774210147e-314,2019-02-16 00:16:00,3,0,0,NA,"N","Front to Rear","RAIN","DARK - LIGHTED","MM 79 7 I 65","NASHVILLE","MIDTOW",36.11008,-86.77034,"MOTOR VEHICLE IN TRANSPORT","37204","2019","February","Winter","00","Saturday","Weekend","No Injuries","No Fatalities"
9.97525740948396e-314,2019-02-23 00:02:00,4,1,0,NA,"N","Front to Rear","RAIN","DARK - LIGHTED","MM 214 5 I 40","NASHVILLE","HERMIT",36.14315,-86.70479,"MOTOR VEHICLE IN TRANSPORT","37217","2019","February","Winter","00","Saturday","Weekend","Injuries","No Fatalities"
9.97525741195429e-314,2019-02-23 00:01:00,2,1,0,NA,"N","ANGLE","RAIN","DARK - LIGHTED","STATE HWY 255 & ROYAL PKWY","NASHVILLE","HERMIT",36.146,-86.66664,"MOTOR VEHICLE IN TRANSPORT","37214","2019","February","Winter","00","Saturday","Weekend","Injuries","No Fatalities"
9.97523670862747e-314,2019-02-08 00:43:00,2,0,0,NA,"N","ANGLE","RAIN","DARK - LIGHTED","BROADWAY & 7TH AVN","NASHVILLE","CENTRA",36.15941,-86.78091,"MOTOR VEHICLE IN TRANSPORT","37203","2019","February","Winter","00","Friday","Weekday","No Injuries","No Fatalities"
9.97525741393055e-314,2019-02-23 00:19:00,3,2,0,NA,"N","HEAD-ON","RAIN","DARK - NOT LIGHTED","HIGHWAY 100 & OLD HICKORY BLVD","NASHVILLE","WEST",36.06232,-86.90463,"MOTOR VEHICLE IN TRANSPORT","37221","2019","February","Winter","00","Saturday","Weekend","Injuries","No Fatalities"
9.97523672097911e-314,2019-02-08 01:01:00,1,1,0,NA,"Y","NOT COLLISION W/MOTOR VEHICLE-TRANSPORT","RAIN","DARK - NOT LIGHTED","EWING DR & EWING LN","NASHVILLE","MADISO",36.23122,-86.77753,"PEDESTRIAN","37207","2019","February","Winter","01","Friday","Weekday","Injuries","No Fatalities"
9.97523672196724e-314,2019-02-08 00:54:00,2,1,0,NA,"N","ANGLE","RAIN","DARK - LIGHTED","US HWY 70 & ANDREW JACKSON PKWY","HERMITAGE","HERMIT",36.21513,-86.59766,"MOTOR VEHICLE IN TRANSPORT","37076","2019","February","Winter","00","Friday","Weekday","Injuries","No Fatalities"
9.97525742232967e-314,2019-02-23 00:27:00,2,0,0,NA,"N","Front to Rear","RAIN","DAYLIGHT","MM 85 4 I 65","NASHVILLE","NORTH",36.18537,-86.79725,"MOTOR VEHICLE IN TRANSPORT","37208","2019","February","Winter","00","Saturday","Weekend","No Injuries","No Fatalities"
9.97523672443757e-314,2019-02-08 01:00:00,1,0,0,NA,"N","NOT COLLISION W/MOTOR VEHICLE-TRANSPORT","RAIN","DARK - LIGHTED","SPENCE LN & ELM HILL PKE","NASHVILLE","HERMIT",36.14322,-86.72228,"DITCH","37210","2019","February","Winter","01","Friday","Weekday","No Injuries","No Fatalities"
9.9752574233178e-314,2019-02-23 00:15:00,2,0,0,NA,"N","ANGLE","RAIN","DARK - LIGHTED","KENTON PL & STATE HWY 155","NASHVILLE","HERMIT",36.12799,-86.69571,"MOTOR VEHICLE IN TRANSPORT","37217","2019","February","Winter","00","Saturday","Weekend","No Injuries","No Fatalities"
9.97523673382481e-314,2019-02-08 01:15:00,2,0,0,NA,"N","SIDESWIPE - SAME DIRECTION","RAIN","DARK - NOT LIGHTED","2ND AVS & MILDRED SHUTE AV","NASHVILLE","SOUTH",36.14697,-86.76549,"MOTOR VEHICLE IN TRANSPORT;FENCE","37210","2019","February","Winter","01","Friday","Weekday","No Injuries","No Fatalities"
9.97525742430593e-314,2019-02-23 00:27:00,2,0,0,NA,"N","ANGLE","RAIN","DARK - LIGHTED","DEMONBREUN ST & 10TH AVS","NASHVILLE","CENTRA",36.15575,-86.78351,"MOTOR VEHICLE IN TRANSPORT","37203","2019","February","Winter","00","Saturday","Weekend","No Injuries","No Fatalities"
9.97523673678921e-314,2019-02-08 00:25:00,2,0,0,NA,"Y","Front to Rear","RAIN","DARK - LIGHTED","MM 94 2 I 65","GOODLETTSVILLE","MADISO",36.28993,-86.72332,"MOTOR VEHICLE IN TRANSPORT","37072","2019","February","Winter","00","Friday","Weekday","No Injuries","No Fatalities"
9.9752574248e-314,2019-02-23 00:24:00,3,1,0,NA,"N","Front to Rear","RAIN","DARK - LIGHTED","I24E & I24 E ENT RAMP","NASHVILLE","SOUTH",36.13431,-86.72691,"MOTOR VEHICLE IN TRANSPORT","37210","2019","February","Winter","00","Saturday","Weekend","Injuries","No Fatalities"
9.97523673777734e-314,2019-02-08 00:49:00,2,0,0,NA,"N","Front to Rear","RAIN","DAYLIGHT","HARDING PL & SIDCO DR","NASHVILLE","MIDTOW",36.08203,-86.7615,"MOTOR VEHICLE IN TRANSPORT","37204","2019","February","Winter","00","Friday","Weekday","No Injuries","No Fatalities"
9.97525744209229e-314,2019-02-23 00:32:00,2,0,0,NA,"N","SIDESWIPE - SAME DIRECTION","RAIN","DARK - LIGHTED","DIVISION ST & MAGAZINE ST","NASHVILLE","CENTRA",36.15094,-86.78314,"MOTOR VEHICLE IN TRANSPORT","37203","2019","February","Winter","00","Saturday","Weekend","No Injuries","No Fatalities"
9.97525744456262e-314,2019-02-23 00:55:00,2,0,0,NA,"N","Front to Rear","RAIN","DARK - LIGHTED","BROADWAY & 7TH AVN","NASHVILLE","CENTRA",36.15953,-86.78063,"MOTOR VEHICLE IN TRANSPORT","37203","2019","February","Winter","00","Saturday","Weekend","No Injuries","No Fatalities"
9.97525745444394e-314,2019-02-23 00:35:00,1,0,0,NA,"N","NOT COLLISION W/MOTOR VEHICLE-TRANSPORT","RAIN","DARK - LIGHTED","APACHE TRL & PACKARD DR","NASHVILLE","SOUTH",36.06507,-86.68581,"OTHER FIXED OBJECTS","37211","2019","February","Winter","00","Saturday","Weekend","No Injuries","No Fatalities"
9.97525745691426e-314,2019-02-23 00:40:00,3,1,0,NA,"N","Front to Rear","RAIN","DARK - LIGHTED","FESSLERS LN & LEBANON PKE","NASHVILLE","HERMIT",36.15371,-86.74226,"MOTOR VEHICLE IN TRANSPORT","37210","2019","February","Winter","00","Saturday","Weekend","Injuries","No Fatalities"
9.97525746234899e-314,2019-02-23 00:38:00,2,0,0,NA,"N","ANGLE","RAIN","DARK - LIGHTED","53RD AVN & CHARLOTTE AV","NASHVILLE","WEST",36.15186,-86.85119,"MOTOR VEHICLE IN TRANSPORT-OTHER ROADWAY","37209","2019","February","Winter","00","Saturday","Weekend","No Injuries","No Fatalities"
9.9752574707481e-314,2019-02-23 01:00:00,2,0,0,NA,"N","Front to Rear","RAIN","DARK - NOT LIGHTED","CHARLOTTE PKE & BROOK HOLLOW RD","NASHVILLE","WEST",36.13573,-86.88539,"MOTOR VEHICLE IN TRANSPORT","37205","2019","February","Winter","01","Saturday","Weekend","No Injuries","No Fatalities"
9.97525747470063e-314,2019-02-23 00:27:00,2,0,0,NA,"N","Front to Rear","RAIN","DARK - LIGHTED","I440 W ENT RAMP & I 24","NASHVILLE","SOUTH",36.1211,-86.72673,"MOTOR VEHICLE IN TRANSPORT","37217","2019","February","Winter","00","Saturday","Weekend","No Injuries","No Fatalities"
9.97525747766502e-314,2019-02-23 01:20:00,2,0,0,NA,"Y","SIDESWIPE - OPPOSITE DIRECTION","RAIN","DARK - LIGHTED","NEELYS BEND RD & CANTON PASS","MADISON","MADISO",36.2423,-86.67602,"MOTOR VEHICLE IN TRANSPORT","37115","2019","February","Winter","01","Saturday","Weekend","No Injuries","No Fatalities"
9.97525748359381e-314,2019-02-23 00:55:00,2,0,0,NA,"Y","SIDESWIPE - SAME DIRECTION","RAIN","DARK - LIGHTED","WHITES CREEK PKE & LOTTA AV","NASHVILLE","EAST",36.19114,-86.77512,"MOTOR VEHICLE IN TRANSPORT","37207","2019","February","Winter","00","Saturday","Weekend","No Injuries","No Fatalities"
9.9752574880404e-314,2019-02-23 00:22:00,2,0,0,NA,"N","Front to Rear","RAIN","DARK - LIGHTED","RICHARDS RD & ANTIOCH PKE","ANTIOCH","SOUTH",36.06912,-86.68384,"MOTOR VEHICLE IN TRANSPORT","37013","2019","February","Winter","00","Saturday","Weekend","No Injuries","No Fatalities"
9.97525749051073e-314,2019-02-23 01:43:00,2,0,0,NA,"N","ANGLE","RAIN","DARK - LIGHTED","MURFREESBORO PKE & THOMPSON PL","NASHVILLE","SOUTH",36.12645,-86.71078,"MOTOR VEHICLE IN TRANSPORT","37217","2019","February","Winter","01","Saturday","Weekend","No Injuries","No Fatalities"
9.97525749989798e-314,2019-02-23 01:43:00,2,0,0,NA,"N","Front to Rear","RAIN","DARK - LIGHTED","CROSSINGS BLVD & MT VIEW RD","ANTIOCH","SOUTH",36.04548,-86.64729,"MOTOR VEHICLE IN TRANSPORT","37013","2019","February","Winter","01","Saturday","Weekend","No Injuries","No Fatalities"
9.97525751274368e-314,2019-02-23 01:59:00,2,0,0,NA,"Y","Front to Rear","RAIN","DARK - NOT LIGHTED","MCCRORY LN & NEWSOM STATION RD","NASHVILLE","WEST",36.07889,-87.02258,"MOTOR VEHICLE IN TRANSPORT","37221","2019","February","Winter","01","Saturday","Weekend","No Injuries","No Fatalities"
9.97525751669621e-314,2019-02-23 00:46:00,2,0,0,NA,"N","ANGLE","RAIN","DARK - NOT LIGHTED","NOLENSVILLE PKE & HAYWOOD LN","NASHVILLE","MIDTOW",36.06756,-86.71857,"Motor Vehicle-In-Motion Outside Trafficw","37211","2019","February","Winter","00","Saturday","Weekend","No Injuries","No Fatalities"
9.97525754288169e-314,2019-02-23 02:03:00,2,0,0,NA,"N","ANGLE","RAIN","DARK - LIGHTED","ALBION ST & 32ND AVN","NASHVILLE","NORTH",36.16348,-86.8248,"MOTOR VEHICLE IN TRANSPORT","37209","2019","February","Winter","02","Saturday","Weekend","No Injuries","No Fatalities"
9.97523675111711e-314,2019-02-08 00:34:00,2,0,0,NA,"N","Front to Rear","RAIN","DARK - NOT LIGHTED","MM 54 6 I 24","NASHVILLE","SOUTH",36.09923,-86.71076,"MOTOR VEHICLE IN TRANSPORT","37211","2019","February","Winter","00","Friday","Weekday","No Injuries","No Fatalities"
9.97523675655183e-314,2019-02-08 01:34:00,1,0,0,NA,"Y","NOT COLLISION W/MOTOR VEHICLE-TRANSPORT","RAIN","DARK - LIGHTED","RAMP & PENNSYLVANIA AVE","NASHVILLE","WEST",36.16307,-86.85064,"UTILITY POLE","37209","2019","February","Winter","01","Friday","Weekday","No Injuries","No Fatalities"
9.97523676890348e-314,2019-02-08 01:45:00,2,3,0,NA,"N","Front to Rear","RAIN","DARK - LIGHTED","CHARLOTTE PK & BROOK HOLLOW RD","NASHVILLE","WEST",36.135839,-86.885214,"MOTOR VEHICLE IN TRANSPORT;UTILITY POLE","37209","2019","February","Winter","01","Friday","Weekday","Injuries","No Fatalities"
9.97523676939754e-314,2019-02-07 06:00:00,2,0,0,NA,"N","ANGLE","RAIN","DARK - LIGHTED","SKYLINE MEMORIAL CT & DICKERSON PKE","MADISON","MADISO",36.24389,-86.75658,"MOTOR VEHICLE IN TRANSPORT","37115","2019","February","Winter","06","Thursday","Weekday","No Injuries","No Fatalities"
9.97523678471358e-314,2019-02-08 01:49:00,2,0,0,NA,"N","ANGLE","RAIN","DARK - LIGHTED","PORTLAND AV & MAGNOLIA BLVD","NASHVILLE","MIDTOW",36.13323,-86.80131,"MOTOR VEHICLE IN TRANSPORT","37212","2019","February","Winter","01","Friday","Weekday","No Injuries","No Fatalities"
9.97523682078037e-314,2019-02-08 02:44:00,2,0,0,NA,"N","ANGLE","RAIN","DARK - LIGHTED","GARFIELD ST & 9TH AVN","NASHVILLE","NORTH",36.18058,-86.80157,"MOTOR VEHICLE IN TRANSPORT","37208","2019","February","Winter","02","Friday","Weekday","No Injuries","No Fatalities"
9.97523684745991e-314,2019-02-08 03:14:00,1,0,0,NA,"N","NOT COLLISION W/MOTOR VEHICLE-TRANSPORT","RAIN","DARK - LIGHTED","LICKTON PKE & LICKTON PKE PVTDR","WHITES CREEK","NORTH",36.32166,-86.79581,"UTILITY POLE","37189","2019","February","Winter","03","Friday","Weekday","No Injuries","No Fatalities"
9.97523687315133e-314,2019-02-08 01:14:00,2,0,0,NA,"Y","SIDESWIPE - SAME DIRECTION","RAIN","DARK - LIGHTED","OLD HICKORY BLVD & LEBANON PKE EB EXT RA","HERMITAGE","HERMIT",36.19713,-86.61992,"MOTOR VEHICLE IN TRANSPORT","37076","2019","February","Winter","01","Friday","Weekday","No Injuries","No Fatalities"
9.97523697888138e-314,2019-02-08 06:15:00,1,0,0,NA,"N","NOT COLLISION W/MOTOR VEHICLE-TRANSPORT","RAIN","DARK - LIGHTED","CHARLOTTE PKE & FORREST VALLEY DR","NASHVILLE","WEST",36.10765,-86.93772,"DEER (ANIMAL)","37221","2019","February","Winter","06","Friday","Weekday","No Injuries","No Fatalities"
9.97525755572739e-314,2019-02-23 03:05:00,2,0,0,NA,"N","ANGLE","RAIN","DARK - LIGHTED","OLD HICKORY BLVDW & I65 N ENT RAMP","MADISON","MADISO",36.26427,-86.73613,"MOTOR VEHICLE IN TRANSPORT","37115","2019","February","Winter","03","Saturday","Weekend","No Injuries","No Fatalities"
9.97525756412651e-314,2019-02-23 03:00:00,2,1,0,NA,"N","SIDESWIPE - SAME DIRECTION","RAIN","DARK - NOT LIGHTED","NOLENSVILLE PKE & HICKORYVIEW DR","NASHVILLE","SOUTH",36.04737,-86.7135,"MOTOR VEHICLE IN TRANSPORT","37211","2019","February","Winter","03","Saturday","Weekend","Injuries","No Fatalities"
9.97525756758497e-314,2019-02-23 03:10:00,1,0,0,NA,"Y","NOT COLLISION W/MOTOR VEHICLE-TRANSPORT","RAIN","DARK - NOT LIGHTED","MCMURRAY DR & MCMURRAY CT","NASHVILLE","MIDTOW",36.05495,-86.73497,"FIRE HYDRANT;Ran Off Road-Left","37211","2019","February","Winter","03","Saturday","Weekend","No Injuries","No Fatalities"
9.97525758092474e-314,2019-02-23 03:26:00,2,0,0,NA,"N","Front to Rear","RAIN","DARK - LIGHTED","JEFFERSON ST & 17TH AVN","NASHVILLE","NORTH",36.17011,-86.80407,"MOTOR VEHICLE IN TRANSPORT","37208","2019","February","Winter","03","Saturday","Weekend","No Injuries","No Fatalities"
9.97525758685353e-314,2019-02-23 03:33:00,1,1,0,NA,"N","NOT COLLISION W/MOTOR VEHICLE-TRANSPORT","RAIN","DARK - LIGHTED","OLD HICKORY BLVD & LOGISTICS WAY","ANTIOCH","SOUTH",36.02568,-86.61579,"DITCH","37013","2019","February","Winter","03","Saturday","Weekend","Injuries","No Fatalities"
9.97525758981792e-314,2019-02-23 03:35:00,1,0,0,NA,"N","NOT COLLISION W/MOTOR VEHICLE-TRANSPORT","RAIN","DARK - LIGHTED","MM 49 1 I 24","NASHVILLE","EAST",36.1651,-86.7637,"Other Traffic Barrier","37206","2019","February","Winter","03","Saturday","Weekend","No Injuries","No Fatalities"
9.97525763626009e-314,2019-02-23 02:25:00,2,0,0,NA,"N","ANGLE","RAIN","DARK - LIGHTED","MURPHY RD & MURPHY RD 46TH AV N ROUND","NASHVILLE","WEST",36.14101,-86.8409,"MOTOR VEHICLE IN TRANSPORT","37209","2019","February","Winter","02","Saturday","Weekend","No Injuries","No Fatalities"
9.97525763823636e-314,2019-02-23 04:25:00,2,0,0,NA,"Y","OTHER","RAIN","DARK - LIGHTED","BROADWAY & 3RD AVN","NASHVILLE","CENTRA",36.16144,-86.77621,"MOTOR VEHICLE IN TRANSPORT;PARKED MOTOR VEHICLE","37201","2019","February","Winter","04","Saturday","Weekend","No Injuries","No Fatalities"
9.97525764614141e-314,2019-02-23 04:21:00,1,0,0,NA,"N","NOT COLLISION W/MOTOR VEHICLE-TRANSPORT","RAIN","DARK - LIGHTED","WOODLAND ST & S 5TH ST","NASHVILLE","EAST",36.17152,-86.76557,"OVERHEAD SIGN SUPPORT;OTHER FIXED OBJECTS","37206","2019","February","Winter","04","Saturday","Weekend","No Injuries","No Fatalities"
9.97527847249058e-314,2019-03-10 06:00:00,2,0,0,NA,"Y","ANGLE","RAIN","DARK - NOT LIGHTED","TERRAGON CT & TERRAGON TRL","ANTIOCH","SOUTH",36.0757,-86.67036,"PARKED MOTOR VEHICLE","37013","2019","March","Spring","06","Sunday","Weekend","No Injuries","No Fatalities"
9.97527553724657e-314,2019-03-08 04:20:00,2,1,0,NA,"N","Front to Rear","RAIN","DARK - LIGHTED","MM 210 4 I 40","NASHVILLE","SOUTH",36.15053,-86.77074,"MOTOR VEHICLE IN TRANSPORT","37210","2019","March","Spring","04","Friday","Weekday","Injuries","No Fatalities"
9.97527584257914e-314,2019-03-08 08:41:00,1,1,0,NA,"N","NOT COLLISION W/MOTOR VEHICLE-TRANSPORT","RAIN","DARK - LIGHTED","MM 54 1 I 24","NASHVILLE","SOUTH",36.10551,-86.71766,"CONCRETE TRAFFIC BARRIER","37211","2019","March","Spring","08","Friday","Weekday","Injuries","No Fatalities"
9.97527592904063e-314,2019-03-08 10:34:00,1,0,0,NA,"N","NOT COLLISION W/MOTOR VEHICLE-TRANSPORT","RAIN","DARK - NOT LIGHTED","ROBINSON RD & NEWPORT DR","OLD HICKORY","HERMIT",36.25455,-86.65158,"UTILITY POLE","37138","2019","March","Spring","10","Friday","Weekday","No Injuries","No Fatalities"
9.97527596560149e-314,2019-03-08 11:16:00,3,0,0,NA,"N","Front to Rear","RAIN","DARK - LIGHTED","MM 86 4 I 65","NASHVILLE","EAST",36.19388,-86.77648,"MOTOR VEHICLE IN TRANSPORT","37207","2019","March","Spring","11","Friday","Weekday","No Injuries","No Fatalities"
9.97527598536411e-314,2019-03-08 11:45:00,3,0,0,NA,"N","Front to Rear","RAIN","DAWN","I24 E EXT RAMP & I 24","NASHVILLE","NORTH",36.27822,-86.80178,"MOTOR VEHICLE IN TRANSPORT","37207","2019","March","Spring","11","Friday","Weekday","No Injuries","No Fatalities"
9.97527601846651e-314,2019-03-08 12:14:00,2,0,0,NA,"N","ANGLE","RAIN","DAYLIGHT","0 I40 E EXT RAMP","HERMITAGE","HERMIT",36.15133,-86.76837,"MOTOR VEHICLE IN TRANSPORT","37076","2019","March","Spring","12","Friday","Weekday","No Injuries","No Fatalities"
9.97527601896058e-314,2019-03-08 12:23:00,2,0,0,NA,"N","Front to Rear","RAIN","DARK - LIGHTED","MM 86 9 I 65","NASHVILLE","NORTH",36.20073,-86.77675,"MOTOR VEHICLE IN TRANSPORT","37207","2019","March","Spring","12","Friday","Weekday","No Injuries","No Fatalities"
9.97527604564012e-314,2019-03-08 12:50:00,2,0,0,NA,"N","ANGLE","RAIN","DAYLIGHT","POWELL AV & ARMORY OAKS DR","NASHVILLE","MIDTOW",36.10526,-86.76353,"MOTOR VEHICLE IN TRANSPORT","37204","2019","March","Spring","12","Friday","Weekday","No Injuries","No Fatalities"
9.97527663456637e-314,2019-03-08 06:00:00,2,0,0,NA,"N","Front to Rear","RAIN","DAYLIGHT","MM 6 9 I 440","NASHVILLE","SOUTH",36.12424,-86.73931,"MOTOR VEHICLE IN TRANSPORT","37210","2019","March","Spring","06","Friday","Weekday","No Injuries","No Fatalities"
9.97527671658127e-314,2019-03-08 06:00:00,2,3,0,NA,"N","Front to Rear","RAIN","DAYLIGHT","BRILEY PKWYS & BRILEY PKWYN","NASHVILLE","NORTH",36.10941,-86.7274,"MOTOR VEHICLE IN TRANSPORT","37218","2019","March","Spring","06","Friday","Weekday","Injuries","No Fatalities"
9.97527674177862e-314,2019-03-09 00:14:00,2,1,0,NA,"N","ANGLE","RAIN","DARK - LIGHTED","MURFREESBORO PKE & EZELL PKE","NASHVILLE","SOUTH",36.10562,-86.6718,"MOTOR VEHICLE IN TRANSPORT","37217","2019","March","Spring","00","Saturday","Weekend","Injuries","No Fatalities"
9.97527674721334e-314,2019-03-09 00:10:00,4,0,0,NA,"Y","Front to Rear","RAIN","DARK - LIGHTED","HAYWOOD LN & I24 E EXT RAMP","NASHVILLE","SOUTH",36.06917,-86.68967,"MOTOR VEHICLE IN TRANSPORT","37211","2019","March","Spring","00","Saturday","Weekend","No Injuries","No Fatalities"
9.97527675413026e-314,2019-03-09 00:20:00,2,0,0,NA,"N","Front to Rear","RAIN","DARK - LIGHTED","DR D B TODD JR BLVD & 17TH AVN","NASHVILLE","NORTH",36.17914,-86.81068,"MOTOR VEHICLE IN TRANSPORT","37208","2019","March","Spring","00","Saturday","Weekend","No Injuries","No Fatalities"