"Accident.Number","Date.and.Time","Number.of.Motor.Vehicles","Number.of.Injuries","Number.of.Fatalities","Property.Damage","Hit.and.Run","Collision.Type.Description","Weather.Description","Illumination.Description","Street.Address","City","Precinct","Latitude","Longitude","HarmfulDescriptions","Zip.Code","Year","Month","Season","Hour","Weekday","DayType","Accident","Fatality_category"
9.9752767679641e-314,2019-03-09 00:35:00,2,0,0,NA,"N","Front to Rear","RAIN","DARK - LIGHTED","MM 87 0 I 65","NASHVILLE","EAST",36.2014,-86.77684,"MOTOR VEHICLE IN TRANSPORT","37207","2019","March","Spring","00","Saturday","Weekend","No Injuries","No Fatalities"
9.9752767808098e-314,2019-03-09 00:07:00,2,0,0,NA,"N","Front to Rear","RAIN","DARK - LIGHTED","MM 58 0 I 24","ANTIOCH","SOUTH",36.05826,-86.67809,"MOTOR VEHICLE IN TRANSPORT","37013","2019","March","Spring","00","Saturday","Weekend","No Injuries","No Fatalities"
9.97527678624453e-314,2019-03-09 01:12:00,2,0,0,NA,"N","Front to Rear","RAIN","DARK - LIGHTED","CONFERENCE DR & THE SHOPPES AT RIVERGATE","MADISON","MADISO",36.30507,-86.69332,"MOTOR VEHICLE IN TRANSPORT","37115","2019","March","Spring","01","Saturday","Weekend","No Injuries","No Fatalities"
9.97527679612584e-314,2019-03-09 01:20:00,2,0,0,NA,"N","SIDESWIPE - SAME DIRECTION","RAIN","DARK - LIGHTED","2ND AVS & ELM ST","NASHVILLE","CENTRA",36.15416,-86.77015,"MOTOR VEHICLE IN TRANSPORT","37210","2019","March","Spring","01","Saturday","Weekend","No Injuries","No Fatalities"
9.97527680995968e-314,2019-03-09 01:33:00,1,0,0,NA,"N","NOT COLLISION W/MOTOR VEHICLE-TRANSPORT","RAIN","DARK - LIGHTED","ROSA L PARKS BLVD & HARRISON ST","NASHVILLE","CENTRA",36.16854,-86.78832,"CONCRETE TRAFFIC BARRIER","37219","2019","March","Spring","01","Saturday","Weekend","No Injuries","No Fatalities"
9.9752768168766e-314,2019-03-09 01:41:00,1,0,0,NA,"N","NOT COLLISION W/MOTOR VEHICLE-TRANSPORT","RAIN","DARK - LIGHTED","MORROW RD & ILLINOIS AV","NASHVILLE","WEST",36.15694,-86.8533,"TREE;Ran Off Road-Left","37209","2019","March","Spring","01","Saturday","Weekend","No Injuries","No Fatalities"
9.97527682379352e-314,2019-03-08 06:00:00,2,0,0,NA,"N","ANGLE","RAIN","DARK - LIGHTED","LEBANON PKE & OLD LEBANON PKE","NASHVILLE","HERMIT",36.16977,-86.67306,"MOTOR VEHICLE IN TRANSPORT","37214","2019","March","Spring","06","Friday","Weekday","No Injuries","No Fatalities"
9.97527682922824e-314,2019-03-09 01:30:00,2,0,0,NA,"Y","HEAD-ON","RAIN","DARK - LIGHTED","MAIN ST & N 8TH ST","NASHVILLE","EAST",36.17557,-86.75824,"MOTOR VEHICLE IN TRANSPORT","37206","2019","March","Spring","01","Saturday","Weekend","No Injuries","No Fatalities"
9.97527683021637e-314,2019-03-09 01:35:00,2,0,0,NA,"N","ANGLE","RAIN","DARK - LIGHTED","GALLATIN AV & PETWAY AV","NASHVILLE","EAST",36.1863,-86.74727,"MOTOR VEHICLE IN TRANSPORT","37206","2019","March","Spring","01","Saturday","Weekend","No Injuries","No Fatalities"
9.97527684157988e-314,2019-03-09 02:02:00,2,1,0,NA,"N","Front to Rear","RAIN","DARK - LIGHTED","W TRINITY LN & I65 N ENT RAMP","NASHVILLE","EAST",36.20625,-86.77326,"MOTOR VEHICLE IN TRANSPORT","37207","2019","March","Spring","02","Saturday","Weekend","Injuries","No Fatalities"
9.97527684652054e-314,2019-03-09 02:01:00,1,0,0,NA,"N","NOT COLLISION W/MOTOR VEHICLE-TRANSPORT","RAIN","DARK - NOT LIGHTED","SHUTE LN & WILLOW BOUGH LN","OLD HICKORY","HERMIT",36.23107,-86.61225,"UTILITY POLE;DITCH;SHRUBBERY;TREE;Ran Off Road-Left","37138","2019","March","Spring","02","Saturday","Weekend","No Injuries","No Fatalities"
9.97527687270601e-314,2019-03-09 02:30:00,1,1,0,NA,"N","NOT COLLISION W/MOTOR VEHICLE-TRANSPORT","RAIN","DARK - NOT LIGHTED","LOMBARDIA LN & E OLD HICKORY BLVD","MADISON","MADISO",36.26323,-86.69832,"PEDESTRIAN","37115","2019","March","Spring","02","Saturday","Weekend","Injuries","No Fatalities"
9.97527687567041e-314,2019-03-09 02:00:00,2,0,0,NA,"N","Front to Rear","RAIN","DARK - LIGHTED","OLD FRANKLIN RD & CANE RIDGE RD","ANTIOCH","SOUTH",36.02883,-86.64886,"MOTOR VEHICLE IN TRANSPORT","37013","2019","March","Spring","02","Saturday","Weekend","No Injuries","No Fatalities"
9.97527688555172e-314,2019-03-08 06:00:00,1,0,0,NA,"Y","NOT COLLISION W/MOTOR VEHICLE-TRANSPORT","RAIN","DARK - LIGHTED","DR WALTER S DAVIS BLVD & TIGERBELLE DR","NASHVILLE","NORTH",36.17094,-86.83177,"UTILITY POLE","37209","2019","March","Spring","06","Friday","Weekday","No Injuries","No Fatalities"
9.97527689049238e-314,2019-03-09 02:47:00,2,0,0,NA,"Y","ANGLE","RAIN","DARK - NOT LIGHTED","HARDING PL & METROPLEX DR","NASHVILLE","SOUTH",36.08686,-86.69595,"MOTOR VEHICLE IN TRANSPORT","37211","2019","March","Spring","02","Saturday","Weekend","No Injuries","No Fatalities"
9.97527692013632e-314,2019-03-09 03:15:00,1,0,0,NA,"N","NOT COLLISION W/MOTOR VEHICLE-TRANSPORT","RAIN","DARK - LIGHTED","MYATT DR & SPRING BRANCH DR","MADISON","MADISO",36.2927,-86.69526,"DITCH","37115","2019","March","Spring","03","Saturday","Weekend","No Injuries","No Fatalities"
9.97527693644048e-314,2019-03-09 03:19:00,1,0,0,NA,"N","NOT COLLISION W/MOTOR VEHICLE-TRANSPORT","RAIN","DARK - LIGHTED","MM 5 9 I 440","NASHVILLE","MIDTOW",36.12145,-86.75752,"CONCRETE TRAFFIC BARRIER;Other Traffic Barrier","37204","2019","March","Spring","03","Saturday","Weekend","No Injuries","No Fatalities"
9.97527697843606e-314,2019-03-09 04:42:00,2,0,0,NA,"N","ANGLE","RAIN","DARK - LIGHTED","MM 54 2 I 24","NASHVILLE","SOUTH",36.10388,-86.71521,"MOTOR VEHICLE IN TRANSPORT","37211","2019","March","Spring","04","Saturday","Weekend","No Injuries","No Fatalities"
9.97527698584705e-314,2019-03-09 03:36:00,1,1,0,NA,"Y","NOT COLLISION W/MOTOR VEHICLE-TRANSPORT","RAIN","DARK - LIGHTED","RICHLAND CREEK SHOPPING CENTER & CHARLOT","NASHVILLE","WEST",36.1512,-86.85415,"OTHER POST, POLE, SUPP.;Ran Off Road-Right","37209","2019","March","Spring","03","Saturday","Weekend","Injuries","No Fatalities"
9.9752769937521e-314,2019-03-09 04:25:00,1,1,0,NA,"N","NOT COLLISION W/MOTOR VEHICLE-TRANSPORT","RAIN","DARK - NOT LIGHTED","I40 E EXT RAMP & I 40","NASHVILLE","HERMIT",36.16968,-86.60651,"GUARDRAIL FACE;CONCRETE TRAFFIC BARRIER","37214","2019","March","Spring","04","Saturday","Weekend","Injuries","No Fatalities"
9.97527700165715e-314,2019-03-09 04:25:00,2,0,0,NA,"Y","Front to Rear","RAIN","DARK - LIGHTED","MM 211 9 I 40","NASHVILLE","HERMIT",36.14848,-86.74555,"MOTOR VEHICLE IN TRANSPORT;GUARDRAIL FACE","37210","2019","March","Spring","04","Saturday","Weekend","No Injuries","No Fatalities"
9.97527701153846e-314,2019-03-09 04:55:00,1,0,0,NA,"N","NOT COLLISION W/MOTOR VEHICLE-TRANSPORT","RAIN","DARK - LIGHTED","PLANTATION DR & BONNASPRING DR","HERMITAGE","HERMIT",36.20034,-86.62291,"MAIL BOX","37076","2019","March","Spring","04","Saturday","Weekend","No Injuries","No Fatalities"
9.9752770238901e-314,2019-03-09 04:31:00,2,0,0,NA,"Y","SIDESWIPE - SAME DIRECTION","RAIN","DARK - LIGHTED","MM 212 1 I 40","NASHVILLE","HERMIT",36.14648,-86.74248,"MOTOR VEHICLE IN TRANSPORT","37210","2019","March","Spring","04","Saturday","Weekend","No Injuries","No Fatalities"
9.97527703871207e-314,2019-03-09 04:42:00,2,0,0,NA,"N","ANGLE","RAIN","DARK - LIGHTED","MM 54 2 I 24","NASHVILLE","SOUTH",36.10388,-86.71521,"MOTOR VEHICLE IN TRANSPORT","37211","2019","March","Spring","04","Saturday","Weekend","No Injuries","No Fatalities"
9.97527704414679e-314,2019-03-09 04:20:00,2,0,0,NA,"N","Front to Rear","RAIN","DARK - LIGHTED","I65 N EXT RAMP & I 65","NASHVILLE","EAST",36.18275,-86.79867,"MOTOR VEHICLE IN TRANSPORT;CURB","37207","2019","March","Spring","04","Saturday","Weekend","No Injuries","No Fatalities"
9.97527712714982e-314,2019-03-09 06:31:00,2,0,0,NA,"N","HEAD-ON","RAIN","DARK - LIGHTED","HAMILTON CHURCH & MT VIEW","ANTIOCH","SOUTH",36.06107,-86.60512,"MOTOR VEHICLE IN TRANSPORT","37013","2019","March","Spring","06","Saturday","Weekend","No Injuries","No Fatalities"
9.97527733366926e-314,2019-03-09 10:37:00,1,0,0,NA,"N","NOT COLLISION W/MOTOR VEHICLE-TRANSPORT","RAIN","DARK - LIGHTED","PACKARD DR & EASTVIEW DR","ANTIOCH","SOUTH",36.06391,-86.6881,"CONCRETE TRAFFIC BARRIER;MAIL BOX;Ran Off Road-Right","37013","2019","March","Spring","10","Saturday","Weekend","No Injuries","No Fatalities"
9.97527733515146e-314,2019-03-09 11:00:00,1,0,0,NA,"Y","NOT COLLISION W/MOTOR VEHICLE-TRANSPORT","RAIN","DARK - LIGHTED","380 BLACKMAN","NASHVILLE","MIDTOW",36.07774,-86.75517,"DITCH","37211","2019","March","Spring","11","Saturday","Weekend","No Injuries","No Fatalities"
9.97527734009212e-314,2019-03-09 11:16:00,1,0,0,NA,"N","NOT COLLISION W/MOTOR VEHICLE-TRANSPORT","RAIN","DARK - NOT LIGHTED","CUB CREEK RD & CUB CREEK RD PVTDR","NASHVILLE","WEST",36.18601,-86.97121,"DITCH","37209","2019","March","Spring","11","Saturday","Weekend","No Injuries","No Fatalities"
9.97527734256244e-314,2019-03-09 06:00:00,1,0,0,NA,"Y","NOT COLLISION W/MOTOR VEHICLE-TRANSPORT","RAIN","DARK - NOT LIGHTED","I40 E EXT RAMP & I 40","NASHVILLE","HERMIT",36.16982,-86.60648,"CONCRETE TRAFFIC BARRIER","37214","2019","March","Spring","06","Saturday","Weekend","No Injuries","No Fatalities"
9.97527734651497e-314,2019-03-09 06:00:00,1,1,0,NA,"N","NOT COLLISION W/MOTOR VEHICLE-TRANSPORT","RAIN","DARK - LIGHTED","I 40 & UNKNOWN RAMP","NASHVILLE","HERMIT",36.14377,-86.69959,"CONCRETE TRAFFIC BARRIER","37210","2019","March","Spring","06","Saturday","Weekend","Injuries","No Fatalities"
9.9752773633132e-314,2019-03-09 11:53:00,2,1,0,NA,"N","Front to Rear","RAIN","DUSK","SPENCE LN & I40 W EXT RAMP","NASHVILLE","HERMIT",36.1409,-86.72209,"MOTOR VEHICLE IN TRANSPORT","37210","2019","March","Spring","11","Saturday","Weekend","Injuries","No Fatalities"
9.97527736627759e-314,2019-03-09 11:57:00,1,1,0,NA,"N","NOT COLLISION W/MOTOR VEHICLE-TRANSPORT","RAIN","DUSK","MM 88 0 I 65","NASHVILLE","EAST",36.21605,-86.77529,"CONCRETE TRAFFIC BARRIER","37207","2019","March","Spring","11","Saturday","Weekend","Injuries","No Fatalities"
9.97527739839186e-314,2019-03-09 12:21:00,2,0,0,NA,"N","ANGLE","RAIN","DAYLIGHT","MM 54 6 I 24","NASHVILLE","SOUTH",36.09918,-86.71072,"MOTOR VEHICLE IN TRANSPORT","37211","2019","March","Spring","12","Saturday","Weekend","No Injuries","No Fatalities"
9.97527740185032e-314,2019-03-09 12:50:00,2,0,0,NA,"N","ANGLE","RAIN","DAYLIGHT","31ST AVN & POSTON AV","NASHVILLE","MIDTOW",36.14441,-86.81652,"Motor Vehicle-In-Motion Outside Trafficw","37203","2019","March","Spring","12","Saturday","Weekend","No Injuries","No Fatalities"
9.9752774107435e-314,2019-03-09 12:30:00,2,0,0,NA,"N","Front to Rear","RAIN","DAYLIGHT","CLARKSVILLE PKE & ABERNATHY RD","NASHVILLE","NORTH",36.20414,-86.84064,"MOTOR VEHICLE IN TRANSPORT","37218","2019","March","Spring","12","Saturday","Weekend","No Injuries","No Fatalities"
9.97527778573933e-314,2019-03-09 06:00:00,2,0,0,NA,"N","Front to Rear","RAIN","DAYLIGHT","HIGHWAY 70S & BELLEVUE CTR PVTDR","NASHVILLE","WEST",36.07759,-86.94761,"MOTOR VEHICLE IN TRANSPORT","37221","2019","March","Spring","06","Saturday","Weekend","No Injuries","No Fatalities"
9.97527784749753e-314,2019-03-09 06:00:00,1,0,0,NA,"Y","UNKNOWN","RAIN","DUSK","LEBANON PKE & SPRING PLACE DR","NASHVILLE","HERMIT",36.17436,-86.64717,"UNKNOWN MOST HARMFUL EVENT","37214","2019","March","Spring","06","Saturday","Weekend","No Injuries","No Fatalities"
9.97527788949311e-314,2019-03-09 06:00:00,2,1,0,NA,"Y","ANGLE","RAIN","Dark-Unknown Lighting","I24 E EXT RAMP & HAYWOOD LN","NASHVILLE","SOUTH",36.069,-86.69008,"MOTOR VEHICLE IN TRANSPORT","37211","2019","March","Spring","06","Saturday","Weekend","Injuries","No Fatalities"
9.97527791073794e-314,2019-03-10 00:31:00,2,0,0,NA,"Y","Front to Rear","RAIN","DARK - LIGHTED","HAMILTON CROSSINGS & HAMILTON CHURCH RD","ANTIOCH","SOUTH",36.06361,-86.63159,"MOTOR VEHICLE IN TRANSPORT","37013","2019","March","Spring","00","Sunday","Weekend","No Injuries","No Fatalities"
9.97527791172607e-314,2019-03-10 00:42:00,1,0,0,NA,"Y","NOT COLLISION W/MOTOR VEHICLE-TRANSPORT","RAIN","DARK - LIGHTED","MM 47 7 I 24","NASHVILLE","EAST",36.18014,-86.77411,"CONCRETE TRAFFIC BARRIER","37207","2019","March","Spring","00","Sunday","Weekend","No Injuries","No Fatalities"
9.9752779141964e-314,2019-03-10 00:39:00,2,1,0,NA,"N","ANGLE","RAIN","DARK - LIGHTED","INTERSTATE DR & JAMES ROBERTSON PKWY","NASHVILLE","CENTRA",36.17143,-86.76904,"MOTOR VEHICLE IN TRANSPORT","37213","2019","March","Spring","00","Sunday","Weekend","Injuries","No Fatalities"
9.97527791716079e-314,2019-03-10 00:05:00,2,0,0,NA,"N","ANGLE","RAIN","DARK - LIGHTED","HIGHWAY 100 & HARDING PKE","NASHVILLE","WEST",36.09964,-86.87146,"MOTOR VEHICLE IN TRANSPORT","37205","2019","March","Spring","00","Sunday","Weekend","No Injuries","No Fatalities"
9.97527791765486e-314,2019-03-09 06:00:00,2,1,0,NA,"N","ANGLE","RAIN","DARK - LIGHTED","BRILEY PKWYN & BRILEY PKWYS","NASHVILLE","SOUTH",36.17497,-86.69073,"MOTOR VEHICLE IN TRANSPORT;CONCRETE TRAFFIC BARRIER","37211","2019","March","Spring","06","Saturday","Weekend","Injuries","No Fatalities"
9.97527791963112e-314,2019-03-10 00:50:00,2,0,0,NA,"N","ANGLE","RAIN","DARK - NOT LIGHTED","DELLWAY DR & DICKERSON PKE","NASHVILLE","EAST",36.21509,-86.76401,"MOTOR VEHICLE IN TRANSPORT","37207","2019","March","Spring","00","Sunday","Weekend","No Injuries","No Fatalities"
9.97527792951243e-314,2019-03-10 00:52:00,1,0,0,NA,"N","NOT COLLISION W/MOTOR VEHICLE-TRANSPORT","RAIN","DARK - NOT LIGHTED","MM 57 7 I 24","ANTIOCH","SOUTH",36.06185,-86.68183,"DITCH","37013","2019","March","Spring","00","Sunday","Weekend","No Injuries","No Fatalities"
9.97527794038187e-314,2019-03-09 06:00:00,2,0,0,NA,"Y","SIDESWIPE - SAME DIRECTION","RAIN","DARK - LIGHTED","MM 47 4 I 24","NASHVILLE","CENTRA",36.18232,-86.77485,"MOTOR VEHICLE IN TRANSPORT","37207","2019","March","Spring","06","Saturday","Weekend","No Injuries","No Fatalities"
9.97527795223945e-314,2019-03-10 01:27:00,3,0,0,NA,"Y","OTHER","RAIN","DARK - LIGHTED","ALLOWAY ST & RIDLEY BLVD","NASHVILLE","MIDTOW",36.13731,-86.77689,"PARKED MOTOR VEHICLE","37203","2019","March","Spring","01","Sunday","Weekend","No Injuries","No Fatalities"
9.97527795619198e-314,2019-03-10 01:05:00,1,0,0,NA,"Y","NOT COLLISION W/MOTOR VEHICLE-TRANSPORT","RAIN","DARK - NOT LIGHTED","W MONTICELLO AV & MONTICELLO AV","GOODLETTSVILLE","MADISO",36.28804,-86.70797,"UTILITY POLE;Ran Off Road-Right","37072","2019","March","Spring","01","Sunday","Weekend","No Injuries","No Fatalities"
9.97527803623061e-314,2019-03-10 00:51:00,2,0,0,NA,"N","ANGLE","RAIN","DARK - LIGHTED","BELL RD & MT VIEW RD","ANTIOCH","SOUTH",36.04965,-86.65058,"MOTOR VEHICLE IN TRANSPORT","37013","2019","March","Spring","00","Sunday","Weekend","No Injuries","No Fatalities"
9.97527805253478e-314,2019-03-09 06:00:00,1,2,0,NA,"N","NOT COLLISION W/MOTOR VEHICLE-TRANSPORT","RAIN","DARK - NOT LIGHTED","LUSTER RD & LICKTON PKE","GOODLETTSVILLE","MADISO",36.32925,-86.78792,"Bridge/Overhead Structure","37072","2019","March","Spring","06","Saturday","Weekend","Injuries","No Fatalities"
9.97527806488642e-314,2019-03-09 06:00:00,2,0,0,NA,"Y","ANGLE","RAIN","DARK - LIGHTED","BRILEY PKWYN & EAST THOMPSON LN","NASHVILLE","SOUTH",36.10943,-86.72799,"MOTOR VEHICLE IN TRANSPORT","37211","2019","March","Spring","06","Saturday","Weekend","No Injuries","No Fatalities"
9.97527816271142e-314,2019-03-10 03:50:00,1,0,0,NA,"Y","NOT COLLISION W/MOTOR VEHICLE-TRANSPORT","RAIN","DARK - LIGHTED","PANORAMA DR & DOLAN RD","NASHVILLE","NORTH",36.18284,-86.84173,"BUILDING","37218","2019","March","Spring","03","Sunday","Weekend","No Injuries","No Fatalities"
9.97527834008098e-314,2019-03-10 05:12:00,2,1,0,NA,"Y","HEAD-ON","RAIN","DARK - LIGHTED","OCALA DR & BESS CTS","NASHVILLE","SOUTH",36.04995,-86.69229,"MOTOR VEHICLE IN TRANSPORT","37211","2019","March","Spring","05","Sunday","Weekend","Injuries","No Fatalities"
9.97525765503459e-314,2019-02-23 05:00:00,2,1,0,NA,"N","ANGLE","RAIN","DARK - LIGHTED","RIVERCHASE BLVD & GALLATIN PKEN","MADISON","MADISO",36.30861,-86.68154,"MOTOR VEHICLE IN TRANSPORT","37115","2019","February","Winter","05","Saturday","Weekend","Injuries","No Fatalities"
9.9752576663981e-314,2019-02-23 05:20:00,2,0,0,NA,"N","NOT COLLISION W/MOTOR VEHICLE-TRANSPORT","RAIN","DARK - LIGHTED","STRAIGHTWAY AV & CREIGHTON AV","NASHVILLE","EAST",36.19216,-86.73086,"MOTOR VEHICLE IN TRANSPORT;PARKED MOTOR VEHICLE;OTHER OBJECT (NOT FIXED);UTILITY POLE;MAIL BOX","37206","2019","February","Winter","05","Saturday","Weekend","No Injuries","No Fatalities"
9.97525767380908e-314,2019-02-22 06:00:00,2,0,0,NA,"N","ANGLE","RAIN","DARK - NOT LIGHTED","GARFIELD ST & ROSA L PARKS BLVD","NASHVILLE","NORTH",36.18059,-86.79635,"MOTOR VEHICLE IN TRANSPORT","37208","2019","February","Winter","06","Friday","Weekday","No Injuries","No Fatalities"
9.97525770987587e-314,2019-02-23 06:07:00,1,0,0,NA,"N","NOT COLLISION W/MOTOR VEHICLE-TRANSPORT","RAIN","DARK - NOT LIGHTED","I40 E EXT RAMP & I 40","NASHVILLE","HERMIT",36.16788,-86.60724,"CONCRETE TRAFFIC BARRIER","37214","2019","February","Winter","06","Saturday","Weekend","No Injuries","No Fatalities"
9.97525775780024e-314,2019-02-23 06:54:00,1,0,0,NA,"N","NOT COLLISION W/MOTOR VEHICLE-TRANSPORT","RAIN","DARK - LIGHTED","MM 86 5 I 65","NASHVILLE","NORTH",36.19336,-86.77691,"GUARDRAIL FACE","37207","2019","February","Winter","06","Saturday","Weekend","No Injuries","No Fatalities"
9.97527946457439e-314,2019-03-11 12:17:00,6,0,0,NA,"Y","Front to Rear","RAIN","DAYLIGHT","MM 207 1 I 40","NASHVILLE","NORTH",36.16973,-86.80953,"MOTOR VEHICLE IN TRANSPORT","37208","2019","March","Spring","12","Monday","Weekday","No Injuries","No Fatalities"
9.97527949224207e-314,2019-03-11 12:45:00,2,0,0,NA,"N","ANGLE","RAIN","DAYLIGHT","CHARLOTTE PKE & MARCIA AV","NASHVILLE","WEST",36.14666,-86.87005,"MOTOR VEHICLE IN TRANSPORT","37209","2019","March","Spring","12","Monday","Weekday","No Injuries","No Fatalities"
9.97528012069357e-314,2019-03-10 00:15:00,1,0,0,NA,"N","NOT COLLISION W/MOTOR VEHICLE-TRANSPORT","RAIN","DARK - NOT LIGHTED","LEBANON PKE & YMCA CNCTR","NASHVILLE","HERMIT",36.17311,-86.6487,"","37214","2019","March","Spring","00","Sunday","Weekend","No Injuries","No Fatalities"
9.97525779238484e-314,2019-02-23 06:09:00,2,0,0,NA,"Y","ANGLE","RAIN","DARK - LIGHTED","CHARLOTTE AV & 15TH AVN","NASHVILLE","NORTH",36.15987,-86.79564,"Motor Vehicle-In-Motion Outside Trafficw","37203","2019","February","Winter","06","Saturday","Weekend","No Injuries","No Fatalities"
9.97525780276022e-314,2019-02-23 07:53:00,2,0,0,NA,"Y","SIDESWIPE - SAME DIRECTION","RAIN","DARK - LIGHTED","S 5TH ST & WOODLAND ST","NASHVILLE","EAST",36.17184,-86.76477,"MOTOR VEHICLE IN TRANSPORT","37206","2019","February","Winter","07","Saturday","Weekend","No Injuries","No Fatalities"
9.97525781758219e-314,2019-02-23 07:55:00,2,1,0,NA,"N","Front to Rear","RAIN","DARK - LIGHTED","MM 55 4 I 24","NASHVILLE","SOUTH",36.09007,-86.70334,"MOTOR VEHICLE IN TRANSPORT","37211","2019","February","Winter","07","Saturday","Weekend","Injuries","No Fatalities"
9.97525784080327e-314,2019-02-23 06:00:00,1,0,0,NA,"Y","NOT COLLISION W/MOTOR VEHICLE-TRANSPORT","RAIN","DARK - LIGHTED","CANE RIDGE RD & OLD FRANKLIN RD","ANTIOCH","SOUTH",36.02776,-86.6476,"","37013","2019","February","Winter","06","Saturday","Weekend","No Injuries","No Fatalities"
9.9752579238063e-314,2019-02-23 09:45:00,1,0,0,NA,"N","NOT COLLISION W/MOTOR VEHICLE-TRANSPORT","RAIN","DARK - LIGHTED","MM 85 6 I 65","NASHVILLE","NORTH",36.18953,-86.79196,"GUARDRAIL FACE","37208","2019","February","Winter","09","Saturday","Weekend","No Injuries","No Fatalities"
9.97525793022915e-314,2019-02-23 09:50:00,1,0,0,NA,"N","NOT COLLISION W/MOTOR VEHICLE-TRANSPORT","RAIN","DARK - LIGHTED","MM 53 8 I 24","NASHVILLE","SOUTH",36.10833,-86.72084,"CONCRETE TRAFFIC BARRIER","37211","2019","February","Winter","09","Saturday","Weekend","No Injuries","No Fatalities"
9.97525793467574e-314,2019-02-23 09:57:00,2,2,0,NA,"N","ANGLE","RAIN","DARK - LIGHTED","7TH AVN & COMMERCE ST","NASHVILLE","CENTRA",36.1608,-86.7818,"MOTOR VEHICLE IN TRANSPORT","37203","2019","February","Winter","09","Saturday","Weekend","Injuries","No Fatalities"
9.9752579410986e-314,2019-02-23 06:00:00,1,0,0,NA,"Y","UNKNOWN","RAIN","DARK - LIGHTED","MM 58 2 I 24","ANTIOCH","SOUTH",36.05605,-86.6758,"UNKNOWN MOST HARMFUL EVENT","37013","2019","February","Winter","06","Saturday","Weekend","No Injuries","No Fatalities"
9.97525797815352e-314,2019-02-23 10:45:00,1,0,0,NA,"N","NOT COLLISION W/MOTOR VEHICLE-TRANSPORT","RAIN","DARK - NOT LIGHTED","MM 49 0 I 24","NASHVILLE","EAST",36.16596,-86.76433,"CONCRETE TRAFFIC BARRIER","37206","2019","February","Winter","10","Saturday","Weekend","No Injuries","No Fatalities"
9.97525798012978e-314,2019-02-23 10:54:00,1,0,0,NA,"Y","NOT COLLISION W/MOTOR VEHICLE-TRANSPORT","RAIN","DARK - LIGHTED","MM 217 2 I 40","NASHVILLE","HERMIT",36.14477,-86.64714,"LUMINAIRE/LIGHT SUPPORT;Ran Off Road-Right","37214","2019","February","Winter","10","Saturday","Weekend","No Injuries","No Fatalities"
9.9752580028568e-314,2019-02-23 11:36:00,2,0,0,NA,"N","Rear to Side","RAIN","DARK - NOT LIGHTED","MM 220 7 I 40","HERMITAGE","HERMIT",36.16978,-86.60367,"PARKED MOTOR VEHICLE","37076","2019","February","Winter","11","Saturday","Weekend","No Injuries","No Fatalities"
9.97525801273812e-314,2019-02-23 11:50:00,2,1,0,NA,"N","ANGLE","RAIN","DARK - LIGHTED","MM 49 0 I 24","NASHVILLE","EAST",36.16579,-86.76422,"MOTOR VEHICLE IN TRANSPORT","37206","2019","February","Winter","11","Saturday","Weekend","Injuries","No Fatalities"
9.97525803842953e-314,2019-02-23 12:30:00,2,1,0,NA,"Y","SIDESWIPE - SAME DIRECTION","RAIN","DAWN","BRILEY PKWYE & I24 W EXT RAMP","NASHVILLE","MADISO",36.23812,-86.78303,"MOTOR VEHICLE IN TRANSPORT","37207","2019","February","Winter","12","Saturday","Weekend","Injuries","No Fatalities"
9.97525804040579e-314,2019-02-23 12:48:00,2,1,0,NA,"N","ANGLE","RAIN","DAYLIGHT","BROADMOOR DR & DICKERSON PKE","NASHVILLE","EAST",36.22938,-86.75928,"MOTOR VEHICLE IN TRANSPORT","37207","2019","February","Winter","12","Saturday","Weekend","Injuries","No Fatalities"
9.97525804337019e-314,2019-02-23 12:38:00,1,0,0,NA,"N","NOT COLLISION W/MOTOR VEHICLE-TRANSPORT","RAIN","DARK - LIGHTED","MM 215 2 I 40","NASHVILLE","HERMIT",36.14395,-86.69163,"WALL","37214","2019","February","Winter","12","Saturday","Weekend","No Injuries","No Fatalities"
9.97526840244458e-314,2019-03-03 07:44:00,2,3,0,NA,"N","Front to Rear","RAIN","DARK - LIGHTED","MONROE ST & 3RD AVN","NASHVILLE","NORTH",36.17779,-86.78649,"MOTOR VEHICLE IN TRANSPORT","37208","2019","March","Spring","07","Sunday","Weekend","Injuries","No Fatalities"
9.97526840985557e-314,2019-03-03 06:00:00,2,0,0,NA,"N","ANGLE","RAIN","DARK - LIGHTED","BELL RD & MT VIEW RD","ANTIOCH","SOUTH",36.04998,-86.6495,"MOTOR VEHICLE IN TRANSPORT","37013","2019","March","Spring","06","Sunday","Weekend","No Injuries","No Fatalities"
9.97526841825468e-314,2019-03-03 07:28:00,2,0,0,NA,"N","Front to Rear","RAIN","DARK - LIGHTED","EAST THOMPSON LN & MURFREESBORO PKE","NASHVILLE","SOUTH",36.1267,-86.71109,"MOTOR VEHICLE IN TRANSPORT-OTHER ROADWAY","37217","2019","March","Spring","07","Sunday","Weekend","No Injuries","No Fatalities"
9.9752684251716e-314,2019-03-03 08:10:00,1,3,0,NA,"N","NOT COLLISION W/MOTOR VEHICLE-TRANSPORT","RAIN","DARK - LIGHTED","NOLENSVILLE PKE & BRENTWOOD HIGHLANDS DR","NASHVILLE","MIDTOW",36.0357,-86.71331,"UTILITY POLE","37211","2019","March","Spring","08","Sunday","Weekend","Injuries","No Fatalities"