"Accident.Number","Date.and.Time","Number.of.Motor.Vehicles","Number.of.Injuries","Number.of.Fatalities","Property.Damage","Hit.and.Run","Collision.Type.Description","Weather.Description","Illumination.Description","Street.Address","City","Precinct","Latitude","Longitude","HarmfulDescriptions","Zip.Code","Year","Month","Season","Hour","Weekday","DayType","Accident","Fatality_category"
9.97526843258259e-314,2019-03-03 08:23:00,2,1,0,NA,"N","ANGLE","RAIN","DARK - LIGHTED","S 5TH ST & WOODLAND ST","NASHVILLE","EAST",36.17184,-86.76477,"MOTOR VEHICLE IN TRANSPORT","37206","2019","March","Spring","08","Sunday","Weekend","Injuries","No Fatalities"
9.97526844789862e-314,2019-03-03 07:03:00,1,0,0,NA,"Y","NOT COLLISION W/MOTOR VEHICLE-TRANSPORT","RAIN","DARK - LIGHTED","SMITH SPRINGS RD & ANDERSON RD","NASHVILLE","HERMIT",36.08774,-86.60719,"OTHER FIXED OBJECTS","37217","2019","March","Spring","07","Sunday","Weekend","No Injuries","No Fatalities"
9.97526845135708e-314,2019-03-03 07:51:00,2,0,0,NA,"Y","REAR-TO-REAR","RAIN","DARK - LIGHTED","MURFREESBORO PKE & RURAL HILL RD","ANTIOCH","SOUTH",36.075,-86.63881,"PARKED MOTOR VEHICLE","37013","2019","March","Spring","07","Sunday","Weekend","No Injuries","No Fatalities"
9.9752684567918e-314,2019-03-03 08:50:00,1,0,0,NA,"Y","NOT COLLISION W/MOTOR VEHICLE-TRANSPORT","RAIN","DARK - LIGHTED","I40 W ENT RAMP & I 40","NASHVILLE","HERMIT",36.14449,-86.69803,"CONCRETE TRAFFIC BARRIER","37210","2019","March","Spring","08","Sunday","Weekend","No Injuries","No Fatalities"
9.97526846074433e-314,2019-03-03 08:50:00,1,0,0,NA,"N","NOT COLLISION W/MOTOR VEHICLE-TRANSPORT","RAIN","DARK - LIGHTED","EWING DR & KNIGHT DR","NASHVILLE","NORTH",36.23165,-86.80383,"OTHER OBJECT (NOT FIXED)","37207","2019","March","Spring","08","Sunday","Weekend","No Injuries","No Fatalities"
9.97526848791794e-314,2019-03-03 09:45:00,1,2,0,NA,"N","NOT COLLISION W/MOTOR VEHICLE-TRANSPORT","RAIN","DARK - LIGHTED","BRILEY PKWYN & BRILEY PKWYS","NASHVILLE","SOUTH",36.20829,-86.69047,"GUARDRAIL END;Ran Off Road-Right","37211","2019","March","Spring","09","Sunday","Weekend","Injuries","No Fatalities"
9.97526855362867e-314,2019-03-03 11:20:00,3,0,0,NA,"N","UNKNOWN","RAIN","UNKNOWN","COBBLESTONE CREEK DR & RYAN ALLEN CIR","WHITES CREEK","MADISO",36.2801,-86.78967,"MOTOR VEHICLE IN TRANSPORT;PARKED MOTOR VEHICLE;MAIL BOX","37189","2019","March","Spring","11","Sunday","Weekend","No Injuries","No Fatalities"
9.97526873939735e-314,2019-03-03 06:00:00,2,0,0,NA,"Y","UNKNOWN","RAIN","DAYLIGHT","MILL CREEK WHITTEMORE GRNWY & CEDARHILL","ANTIOCH","SOUTH",36.04149,-86.71098,"PARKED MOTOR VEHICLE","37013","2019","March","Spring","06","Sunday","Weekend","No Injuries","No Fatalities"
9.97526878139293e-314,2019-03-03 06:00:00,2,0,0,NA,"N","ANGLE","RAIN","DAYLIGHT","MM 92 0 I 65","MADISON","MADISO",36.26049,-86.73844,"MOTOR VEHICLE IN TRANSPORT","37115","2019","March","Spring","06","Sunday","Weekend","No Injuries","No Fatalities"
9.97525861253381e-314,2019-02-23 06:00:00,2,0,0,NA,"Y","Front to Rear","RAIN","DARK - LIGHTED","RECOVERY RD & HARDING PL","NASHVILLE","SOUTH",36.0804,-86.71793,"MOTOR VEHICLE IN TRANSPORT","37211","2019","February","Winter","06","Saturday","Weekend","No Injuries","No Fatalities"
9.97525862735578e-314,2019-02-24 00:15:00,1,0,0,NA,"N","NOT COLLISION W/MOTOR VEHICLE-TRANSPORT","RAIN","DARK - LIGHTED","MM 93 0 I 65","MADISON","MADISO",36.27599,-86.73534,"CONCRETE TRAFFIC BARRIER","37115","2019","February","Winter","00","Sunday","Weekend","No Injuries","No Fatalities"
9.97525863723709e-314,2019-02-24 00:17:00,2,0,0,NA,"N","ANGLE","RAIN","DARK - NOT LIGHTED","NOLENSVILLE PKE & OLD HICKORY BLVD","NASHVILLE","SOUTH",36.04537,-86.71326,"MOTOR VEHICLE IN TRANSPORT","37211","2019","February","Winter","00","Sunday","Weekend","No Injuries","No Fatalities"
9.97525863921335e-314,2019-02-24 00:12:00,1,0,0,NA,"N","NOT COLLISION W/MOTOR VEHICLE-TRANSPORT","RAIN","DARK - LIGHTED","NEELYS BEND RD & SIOUX TER","MADISON","MADISO",36.24734,-86.6815,"DITCH","37115","2019","February","Winter","00","Sunday","Weekend","No Injuries","No Fatalities"
9.97525864020149e-314,2019-02-24 00:25:00,1,1,0,NA,"N","NOT COLLISION W/MOTOR VEHICLE-TRANSPORT","RAIN","DARK - LIGHTED","MM 0 1 I 440","NASHVILLE","WEST",36.141,-86.82281,"LUMINAIRE/LIGHT SUPPORT;Ran Off Road-Left;Cross Median","37205","2019","February","Winter","00","Sunday","Weekend","Injuries","No Fatalities"
9.97525865452939e-314,2019-02-24 00:50:00,1,0,0,NA,"N","NOT COLLISION W/MOTOR VEHICLE-TRANSPORT","RAIN","DARK - LIGHTED","MM 88 6 I 65","NASHVILLE","EAST",36.2251,-86.77446,"GUARDRAIL FACE","37207","2019","February","Winter","00","Sunday","Weekend","No Injuries","No Fatalities"
9.97525865699972e-314,2019-02-24 00:34:00,2,0,0,NA,"Y","ANGLE","RAIN","DARK - LIGHTED","4000 SEVEN MILE CREEK HARDING MALL","NASHVILLE","SOUTH",36.08067,-86.72546,"PARKED MOTOR VEHICLE","37211","2019","February","Winter","00","Sunday","Weekend","No Injuries","No Fatalities"
9.97525866045818e-314,2019-02-24 00:50:00,1,0,0,NA,"N","NOT COLLISION W/MOTOR VEHICLE-TRANSPORT","RAIN","DARK - LIGHTED","DICKERSON PKE & I65 N EXT RAMP","NASHVILLE","EAST",36.23714,-86.75796,"GUARDRAIL FACE","37216","2019","February","Winter","00","Sunday","Weekend","No Injuries","No Fatalities"
9.97525867280982e-314,2019-02-24 01:06:00,1,1,0,NA,"N","NOT COLLISION W/MOTOR VEHICLE-TRANSPORT","RAIN","DARK - LIGHTED","CLARKSVILLE PKE & NORTHSIDE STATION PVTD","NASHVILLE","NORTH",36.20981,-86.83923,"DITCH","37218","2019","February","Winter","01","Sunday","Weekend","Injuries","No Fatalities"
9.97525867577421e-314,2019-02-24 01:05:00,1,0,0,NA,"N","NOT COLLISION W/MOTOR VEHICLE-TRANSPORT","RAIN","DARK - LIGHTED","I65 S EXT RAMP & I 65","NASHVILLE","MIDTOW",36.08842,-86.76317,"GUARDRAIL FACE","37204","2019","February","Winter","01","Sunday","Weekend","No Injuries","No Fatalities"
9.97525868861992e-314,2019-02-24 01:27:00,2,1,0,NA,"N","Front to Rear","RAIN","DARK - NOT LIGHTED","ELLINGTON PKWYS & ELLINGTON PKWYN","NASHVILLE","EAST",36.19705,-86.75243,"MOTOR VEHICLE IN TRANSPORT","37206","2019","February","Winter","01","Sunday","Weekend","Injuries","No Fatalities"
9.97525869059618e-314,2019-02-24 01:19:00,2,0,0,NA,"Y","ANGLE","RAIN","DARK - LIGHTED","BEECHWOOD AV & 21ST AVS","NASHVILLE","MIDTOW",36.12703,-86.80401,"MOTOR VEHICLE IN TRANSPORT","37212","2019","February","Winter","01","Sunday","Weekend","No Injuries","No Fatalities"
9.97525869800717e-314,2019-02-24 01:09:00,2,1,0,NA,"N","ANGLE","RAIN","DARK - LIGHTED","ABBOTT MARTIN RD & CLEGHORN AV","NASHVILLE","WEST",36.10643,-86.81943,"MOTOR VEHICLE IN TRANSPORT","37215","2019","February","Winter","01","Sunday","Weekend","Injuries","No Fatalities"
9.97525871134694e-314,2019-02-24 01:20:00,2,1,0,NA,"N","ANGLE","RAIN","DARK - LIGHTED","CALDWELL AV & 15TH AVS","NASHVILLE","MIDTOW",36.13362,-86.7921,"MOTOR VEHICLE IN TRANSPORT","37212","2019","February","Winter","01","Sunday","Weekend","Injuries","No Fatalities"
9.97525871826386e-314,2019-02-24 01:34:00,2,0,0,NA,"N","ANGLE","RAIN","DARK - LIGHTED","CHARLOTTE AV & 46TH AVN","NASHVILLE","WEST",36.15222,-86.84169,"MOTOR VEHICLE IN TRANSPORT","37209","2019","February","Winter","01","Sunday","Weekend","No Injuries","No Fatalities"
9.97525873357989e-314,2019-02-24 00:38:00,2,0,0,NA,"Y","Front to Rear","RAIN","DAYLIGHT","8TH AVS & DEMONBREUN ST","NASHVILLE","CENTRA",36.1567,-86.78073,"MOTOR VEHICLE IN TRANSPORT","37203","2019","February","Winter","00","Sunday","Weekend","No Injuries","No Fatalities"
9.97525873605022e-314,2019-02-24 00:55:00,1,0,0,NA,"N","NOT COLLISION W/MOTOR VEHICLE-TRANSPORT","RAIN","UNKNOWN","BRILEY PKWYE & BRILEY PKWYW","NASHVILLE","MADISO",36.23113,-86.82811,"CONCRETE TRAFFIC BARRIER","37207","2019","February","Winter","00","Sunday","Weekend","No Injuries","No Fatalities"
9.97525874444934e-314,2019-02-24 00:53:00,2,0,0,NA,"Y","UNKNOWN","RAIN","DARK - LIGHTED","NEELYS BEND RD & NEELYS BEND CIR","MADISON","MADISO",36.23932,-86.67197,"PARKED MOTOR VEHICLE","37115","2019","February","Winter","00","Sunday","Weekend","No Injuries","No Fatalities"
9.9752587479078e-314,2019-02-24 01:40:00,2,0,0,NA,"N","SIDESWIPE - SAME DIRECTION","RAIN","DARK - LIGHTED","4TH AVN & CHURCH ST","NASHVILLE","CENTRA",36.1639,-86.77911,"MOTOR VEHICLE IN TRANSPORT","37219","2019","February","Winter","01","Sunday","Weekend","No Injuries","No Fatalities"
9.9752587622357e-314,2019-02-24 03:15:00,2,0,0,NA,"N","Front to Rear","RAIN","DARK - LIGHTED","HARDING PL & LINBAR DR","NASHVILLE","SOUTH",36.08425,-86.70562,"MOTOR VEHICLE IN TRANSPORT","37211","2019","February","Winter","03","Sunday","Weekend","No Injuries","No Fatalities"
9.97525877359921e-314,2019-02-24 03:43:00,1,0,0,NA,"N","NOT COLLISION W/MOTOR VEHICLE-TRANSPORT","RAIN","DARK - NOT LIGHTED","MM 42 0 I 24","WHITES CREEK","NORTH",36.25854,-86.78813,"OTHER OBJECT (NOT FIXED)","37189","2019","February","Winter","03","Sunday","Weekend","No Injuries","No Fatalities"
9.97525877606954e-314,2019-02-24 06:00:00,1,0,0,NA,"N","NOT COLLISION W/MOTOR VEHICLE-TRANSPORT","RAIN","DARK - NOT LIGHTED","MM 42 1 I 24","WHITES CREEK","NORTH",36.25686,-86.78737,"THROWN OR FALLING OBJECT","37189","2019","February","Winter","06","Sunday","Weekend","No Injuries","No Fatalities"
9.97525878397459e-314,2019-02-24 03:59:00,2,1,0,NA,"N","ANGLE","RAIN","DARK - LIGHTED","SPRING ST & DICKERSON PKE","NASHVILLE","EAST",36.17664,-86.77101,"MOTOR VEHICLE IN TRANSPORT","37207","2019","February","Winter","03","Sunday","Weekend","Injuries","No Fatalities"
9.97525878743305e-314,2019-02-24 04:08:00,2,2,0,NA,"N","SIDESWIPE - SAME DIRECTION","RAIN","DARK - LIGHTED","W HEIMAN ST & W H DAVIS DR","NASHVILLE","NORTH",36.16986,-86.81911,"MOTOR VEHICLE IN TRANSPORT;DITCH;Ran Off Road-Right","37208","2019","February","Winter","04","Sunday","Weekend","Injuries","No Fatalities"
9.97525878842118e-314,2019-02-24 04:08:00,1,0,0,NA,"N","NOT COLLISION W/MOTOR VEHICLE-TRANSPORT","RAIN","DARK - NOT LIGHTED","MM 51 6 I 24","NASHVILLE","HERMIT",36.14033,-86.73131,"PAVED SURFACE-IRREGULAR","37210","2019","February","Winter","04","Sunday","Weekend","No Injuries","No Fatalities"
9.9752587923737e-314,2019-02-24 03:43:00,1,0,0,NA,"N","NOT COLLISION W/MOTOR VEHICLE-TRANSPORT","RAIN","DARK - NOT LIGHTED","MM 42 0 I 24","WHITES CREEK","NORTH",36.25818,-86.78797,"OTHER OBJECT (NOT FIXED)","37189","2019","February","Winter","03","Sunday","Weekend","No Injuries","No Fatalities"
9.97525880768974e-314,2019-02-24 03:35:00,1,0,0,NA,"N","NOT COLLISION W/MOTOR VEHICLE-TRANSPORT","RAIN","DARK - LIGHTED","MM 214 2 I 40","NASHVILLE","HERMIT",36.14252,-86.70932,"PAVED SURFACE-IRREGULAR","37210","2019","February","Winter","03","Sunday","Weekend","No Injuries","No Fatalities"
9.97525881757105e-314,2019-02-23 06:00:00,1,0,0,NA,"N","NOT COLLISION W/MOTOR VEHICLE-TRANSPORT","RAIN","DARK - LIGHTED","MM 57 3 I 24","ANTIOCH","SOUTH",36.06554,-86.68535,"DITCH","37013","2019","February","Winter","06","Saturday","Weekend","No Injuries","No Fatalities"
9.97525881905325e-314,2019-02-24 04:45:00,2,1,0,NA,"N","Front to Rear","RAIN","DARK - LIGHTED","I65 N ENT RAMP & I 65","NASHVILLE","EAST",36.18386,-86.798,"MOTOR VEHICLE IN TRANSPORT","37207","2019","February","Winter","04","Sunday","Weekend","Injuries","No Fatalities"
9.9752588284405e-314,2019-02-24 05:00:00,2,0,0,NA,"N","Front to Rear","RAIN","DARK - LIGHTED","DIVISION ST & DEMONBREUN ST","NASHVILLE","MIDTOW",36.1521,-86.79135,"MOTOR VEHICLE IN TRANSPORT","37203","2019","February","Winter","05","Sunday","Weekend","No Injuries","No Fatalities"
9.9752588442506e-314,2019-02-24 05:14:00,2,0,0,NA,"N","SIDESWIPE - SAME DIRECTION","RAIN","DARK - LIGHTED","MM 52 1 I 24","NASHVILLE","SOUTH",36.13502,-86.72708,"MOTOR VEHICLE IN TRANSPORT","37217","2019","February","Winter","05","Sunday","Weekend","No Injuries","No Fatalities"
9.97525885166158e-314,2019-02-24 04:10:00,2,0,0,NA,"N","SIDESWIPE - SAME DIRECTION","RAIN","DARK - LIGHTED","EAST BANK GRNWY & VICTORY AV","NASHVILLE","CENTRA",36.16413,-86.7712,"PARKED MOTOR VEHICLE","37213","2019","February","Winter","04","Sunday","Weekend","No Injuries","No Fatalities"
9.97525889266903e-314,2019-02-24 05:54:00,1,0,0,NA,"N","NOT COLLISION W/MOTOR VEHICLE-TRANSPORT","RAIN","DARK - LIGHTED","CHARLOTTE AV & DR D B TODD JR BLVD","NASHVILLE","MIDTOW",36.15806,-86.79997,"CURB","37203","2019","February","Winter","05","Sunday","Weekend","No Injuries","No Fatalities"
9.97525909721221e-314,2019-02-24 06:00:00,1,0,0,NA,"Y","NOT COLLISION W/MOTOR VEHICLE-TRANSPORT","RAIN","DARK - LIGHTED","RAYON DR & ENSLEY AV","OLD HICKORY","HERMIT",36.27081,-86.66704,"OTHER FIXED OBJECTS","37138","2019","February","Winter","06","Sunday","Weekend","No Injuries","No Fatalities"
9.97526589851989e-314,2019-03-01 06:00:00,1,0,0,NA,"Y","UNKNOWN","RAIN","DARK - LIGHTED","EWING DR & EWING LN","NASHVILLE","NORTH",36.23151,-86.79069,"UNKNOWN MOST HARMFUL EVENT","37207","2019","March","Spring","06","Friday","Weekday","No Injuries","No Fatalities"
9.97526610454526e-314,2019-03-01 11:21:00,2,1,0,NA,"N","ANGLE","RAIN","DARK - LIGHTED","OLD MURFREESBORO PKE & SMITH SPRINGS RD","NASHVILLE","HERMIT",36.09677,-86.65456,"MOTOR VEHICLE IN TRANSPORT","37217","2019","March","Spring","11","Friday","Weekday","Injuries","No Fatalities"
9.97526610602746e-314,2019-03-01 11:13:00,2,0,0,NA,"N","Front to Rear","RAIN","DARK - LIGHTED","GLEN ECHO RD & HILLMONT DR","NASHVILLE","MIDTOW",36.10755,-86.80785,"MOTOR VEHICLE IN TRANSPORT","37215","2019","March","Spring","11","Friday","Weekday","No Injuries","No Fatalities"
9.97526615889248e-314,2019-03-01 12:18:00,1,1,0,NA,"N","NOT COLLISION W/MOTOR VEHICLE-TRANSPORT","RAIN","DAWN","BARNES RD & LUNDSTILL PROPERTY PVTDR","ANTIOCH","SOUTH",36.03091,-86.69971,"UTILITY POLE","37013","2019","March","Spring","12","Friday","Weekday","Injuries","No Fatalities"
9.97526616383314e-314,2019-03-01 12:40:00,2,1,0,NA,"N","Front to Rear","RAIN","DAYLIGHT","BUENA VISTA PKE & CLARKSVILLE PKE","NASHVILLE","NORTH",36.19383,-86.83105,"MOTOR VEHICLE IN TRANSPORT","37218","2019","March","Spring","12","Friday","Weekday","Injuries","No Fatalities"
9.97526617569072e-314,2019-03-01 06:00:00,1,0,0,NA,"Y","UNKNOWN","RAIN","DAYLIGHT","MCCRORY CREEK RD & HONEYBROOK DR","NASHVILLE","HERMIT",36.14629,-86.65342,"UNKNOWN MOST HARMFUL EVENT","37214","2019","March","Spring","06","Friday","Weekday","No Injuries","No Fatalities"
9.97526617717291e-314,2019-03-01 12:05:00,2,0,0,NA,"N","SIDESWIPE - OPPOSITE DIRECTION","RAIN","DAYLIGHT","FRANKLIN LIMESTONE RD & RICE AV","NASHVILLE","SOUTH",36.09419,-86.654,"MOTOR VEHICLE IN TRANSPORT","37217","2019","March","Spring","12","Friday","Weekday","No Injuries","No Fatalities"
9.97526095193464e-314,2019-02-24 00:48:00,1,0,0,NA,"Y","NOT COLLISION W/MOTOR VEHICLE-TRANSPORT","RAIN","DARK - LIGHTED","BABY RUTH LN & MT VIEW RD","ANTIOCH","SOUTH",36.04489,-86.64011,"OTHER FIXED OBJECTS","37013","2019","February","Winter","00","Sunday","Weekend","No Injuries","No Fatalities"
9.97530546329681e-314,2019-03-29 12:39:00,2,0,0,NA,"N","OTHER","RAIN","DAYLIGHT","MM 86 2 I 65","NASHVILLE","CENTRA",36.19198,-86.78154,"MOTOR VEHICLE IN TRANSPORT","37207","2019","March","Spring","12","Friday","Weekday","No Injuries","No Fatalities"
9.97530547861284e-314,2019-03-29 12:50:00,2,2,0,NA,"N","ANGLE","RAIN","DAYLIGHT","DAVIDSON RD & BROOK HOLLOW RD","NASHVILLE","WEST",36.1176,-86.88736,"MOTOR VEHICLE IN TRANSPORT","37205","2019","March","Spring","12","Friday","Weekday","Injuries","No Fatalities"
9.97530548651789e-314,2019-03-29 12:20:00,2,0,0,NA,"N","SIDESWIPE - SAME DIRECTION","RAIN","DAYLIGHT","HICKORY HOLLOW PKWY & BELL RD","ANTIOCH","SOUTH",36.04755,-86.65593,"MOTOR VEHICLE IN TRANSPORT","37013","2019","March","Spring","12","Friday","Weekday","No Injuries","No Fatalities"
9.97529818472171e-314,2019-03-24 05:00:00,2,3,0,NA,"N","ANGLE","RAIN","DAYLIGHT","W TRINITY LN & WHITES CREEK PKE","NASHVILLE","NORTH",36.20702,-86.7916,"MOTOR VEHICLE IN TRANSPORT","37207","2019","March","Spring","05","Sunday","Weekend","Injuries","No Fatalities"
9.97529895595819e-314,2019-03-25 08:19:00,2,1,0,NA,"Y","SIDESWIPE - OPPOSITE DIRECTION","RAIN","DARK - LIGHTED","1100 VULTEE BLVD","NASHVILLE","HERMIT",36.12446,-86.70752,"MOTOR VEHICLE IN TRANSPORT","37217","2019","March","Spring","08","Monday","Weekday","Injuries","No Fatalities"
9.9752989801674e-314,2019-03-25 05:00:00,1,0,0,NA,"Y","NOT COLLISION W/MOTOR VEHICLE-TRANSPORT","RAIN","DARK - LIGHTED","EZELL PKE & HARDING PL","NASHVILLE","SOUTH",36.09271,-86.67667,"","37211","2019","March","Spring","05","Monday","Weekday","No Injuries","No Fatalities"
9.97529908836778e-314,2019-03-25 10:23:00,2,0,0,NA,"N","SIDESWIPE - SAME DIRECTION","RAIN","DARK - LIGHTED","I440 W ENT RAMP & I 24","NASHVILLE","SOUTH",36.12178,-86.72686,"MOTOR VEHICLE IN TRANSPORT","37217","2019","March","Spring","10","Monday","Weekday","No Injuries","No Fatalities"
9.97530732839462e-314,2019-03-31 00:25:00,2,1,0,NA,"N","ANGLE","RAIN","DARK - LIGHTED","GALLATIN AV & SEYMOUR AV","NASHVILLE","EAST",36.18565,-86.74757,"MOTOR VEHICLE IN TRANSPORT","37206","2019","March","Spring","00","Sunday","Weekend","Injuries","No Fatalities"
9.97530734222846e-314,2019-03-31 00:50:00,2,0,0,NA,"Y","Front to Rear","RAIN","DARK - LIGHTED","WOODLAND ST & GAY ST","NASHVILLE","CENTRA",36.16731,-86.77653,"MOTOR VEHICLE IN TRANSPORT","37201","2019","March","Spring","00","Sunday","Weekend","No Injuries","No Fatalities"
9.97530736050889e-314,2019-03-31 00:10:00,3,0,0,NA,"N","Front to Rear","RAIN","DARK - NOT LIGHTED","ANDREW JACKSON PKWY & TYLER DR","HERMITAGE","HERMIT",36.19736,-86.60857,"MOTOR VEHICLE IN TRANSPORT","37076","2019","March","Spring","00","Sunday","Weekend","No Injuries","No Fatalities"
9.97530736742581e-314,2019-03-31 01:20:00,2,1,0,NA,"N","ANGLE","RAIN","DARK - NOT LIGHTED","UNA ANTIOCH PKE & STREAMFIELD PASS","ANTIOCH","SOUTH",36.06978,-86.66326,"MOTOR VEHICLE IN TRANSPORT","37013","2019","March","Spring","01","Sunday","Weekend","Injuries","No Fatalities"
9.97530737286053e-314,2019-03-31 01:12:00,2,0,0,NA,"Y","Front to Rear","RAIN","DARK - LIGHTED","NOLENSVILLE PKE & BREWER DR","NASHVILLE","SOUTH",36.05441,-86.71525,"MOTOR VEHICLE IN TRANSPORT","37211","2019","March","Spring","01","Sunday","Weekend","No Injuries","No Fatalities"
9.97530739015283e-314,2019-03-31 01:19:00,1,0,0,NA,"N","NOT COLLISION W/MOTOR VEHICLE-TRANSPORT","RAIN","DARK - NOT LIGHTED","BURKITT RD & WHITTEMORE LN","NOLENSVILLE","SOUTH",35.99086,-86.64307,"DITCH","37135","2019","March","Spring","01","Sunday","Weekend","No Injuries","No Fatalities"
9.97530739509348e-314,2019-03-30 05:00:00,3,2,0,NA,"Y","Front to Rear","RAIN","DARK - NOT LIGHTED","MURFREESBORO PKE & HOBSON PKE","ANTIOCH","SOUTH",36.04285,-86.60655,"MOTOR VEHICLE IN TRANSPORT","37013","2019","March","Spring","05","Saturday","Weekend","Injuries","No Fatalities"
9.97530741090358e-314,2019-03-31 02:20:00,2,1,0,NA,"N","SIDESWIPE - SAME DIRECTION","RAIN","DARK - LIGHTED","4TH AVS & ASH ST","NASHVILLE","CENTRA",36.15274,-86.77183,"MOTOR VEHICLE IN TRANSPORT","37210","2019","March","Spring","02","Sunday","Weekend","Injuries","No Fatalities"
9.97530741732644e-314,2019-03-31 02:31:00,2,1,0,NA,"N","Front to Rear","RAIN","DARK - LIGHTED","28TH AVN & ALBION ST","NASHVILLE","NORTH",36.1637,-86.81978,"MOTOR VEHICLE IN TRANSPORT","37208","2019","March","Spring","02","Sunday","Weekend","Injuries","No Fatalities"
9.97530744054752e-314,2019-03-31 02:50:00,2,0,0,NA,"N","ANGLE","RAIN","DARK - LIGHTED","HILLSBORO PKE & CRESTMOOR RD","NASHVILLE","MIDTOW",36.10914,-86.81188,"MOTOR VEHICLE IN TRANSPORT","37215","2019","March","Spring","02","Sunday","Weekend","No Injuries","No Fatalities"
9.97530745191103e-314,2019-03-31 03:40:00,2,0,0,NA,"N","Front to Rear","RAIN","DARK - LIGHTED","BURTON HILLS BLVD & HILLSBORO PKE","NASHVILLE","MIDTOW",36.09753,-86.82345,"MOTOR VEHICLE IN TRANSPORT","37215","2019","March","Spring","03","Sunday","Weekend","No Injuries","No Fatalities"
9.97530746376861e-314,2019-03-30 05:00:00,2,0,0,NA,"N","ANGLE","RAIN","DARK - LIGHTED","WOODLAND ST & S 9TH ST","NASHVILLE","EAST",36.17493,-86.75663,"MOTOR VEHICLE IN TRANSPORT","37206","2019","March","Spring","05","Saturday","Weekend","No Injuries","No Fatalities"
9.97530746426267e-314,2019-03-31 01:58:00,2,0,0,NA,"N","Front to Rear","RAIN","DARK - LIGHTED","1800 GALLATIN PKEN","MADISON","MADISO",36.29691,-86.69916,"MOTOR VEHICLE IN TRANSPORT","37115","2019","March","Spring","01","Sunday","Weekend","No Injuries","No Fatalities"
9.97531418602579e-314,2019-04-05 00:06:00,1,1,0,NA,"N","NOT COLLISION W/MOTOR VEHICLE-TRANSPORT","RAIN","DAYLIGHT","LICKTON PKE & UNION HILL RD","GOODLETTSVILLE","MADISO",36.33708,-86.77678,"","37072","2019","April","Spring","00","Friday","Weekday","Injuries","No Fatalities"
9.97531421072907e-314,2019-04-05 00:40:00,1,1,0,NA,"N","NOT COLLISION W/MOTOR VEHICLE-TRANSPORT","RAIN","DARK - LIGHTED","WEST END AV & ORLEANS DR","NASHVILLE","MIDTOW",36.13903,-86.81943,"PEDESTRIAN","37212","2019","April","Spring","00","Friday","Weekday","Injuries","No Fatalities"
9.97531440045028e-314,2019-04-05 03:45:00,2,0,0,NA,"Y","SIDESWIPE - SAME DIRECTION","RAIN","DARK - NOT LIGHTED","MM 212 8 I 40","NASHVILLE","HERMIT",36.14218,-86.7354,"MOTOR VEHICLE IN TRANSPORT","37210","2019","April","Spring","03","Friday","Weekday","No Injuries","No Fatalities"
9.97531440983752e-314,2019-04-05 04:12:00,2,0,0,NA,"N","ANGLE","RAIN","DARK - LIGHTED","HILLSBORO PKE & ABBOTT MARTIN RD","NASHVILLE","WEST",36.10547,-86.81414,"MOTOR VEHICLE IN TRANSPORT","37215","2019","April","Spring","04","Friday","Weekday","No Injuries","No Fatalities"
9.97531443701113e-314,2019-04-05 04:39:00,2,2,0,NA,"N","ANGLE","RAIN","DARK - LIGHTED","BELL RD & OLD HICKORY BLVD","ANTIOCH","SOUTH",36.0453,-86.70168,"MOTOR VEHICLE IN TRANSPORT","37013","2019","April","Spring","04","Friday","Weekday","Injuries","No Fatalities"
9.97531444985684e-314,2019-04-05 03:50:00,2,0,0,NA,"Y","SIDESWIPE - OPPOSITE DIRECTION","RAIN","DARK - LIGHTED","10TH AVN & JEFFERSON ST","NASHVILLE","NORTH",36.17242,-86.79481,"MOTOR VEHICLE IN TRANSPORT","37208","2019","April","Spring","03","Friday","Weekday","No Injuries","No Fatalities"
9.97531446171442e-314,2019-04-05 05:03:00,1,0,0,NA,"N","NOT COLLISION W/MOTOR VEHICLE-TRANSPORT","RAIN","DARK - NOT LIGHTED","MM 60 8 I 24","ANTIOCH","SOUTH",36.03167,-86.63959,"GUARDRAIL END;Ran Off Road-Right","37013","2019","April","Spring","05","Friday","Weekday","No Injuries","No Fatalities"
9.97531468700835e-314,2019-04-05 08:20:00,1,0,0,NA,"Y","NOT COLLISION W/MOTOR VEHICLE-TRANSPORT","RAIN","DARK - LIGHTED","MURFREESBORO PKE & OLD HICKORY BLVD","ANTIOCH","SOUTH",36.03927,-86.60284,"TREE","37013","2019","April","Spring","08","Friday","Weekday","No Injuries","No Fatalities"
9.97531473641491e-314,2019-04-05 05:00:00,1,0,0,NA,"Y","NOT COLLISION W/MOTOR VEHICLE-TRANSPORT","RAIN","DARK - LIGHTED","PETTUS RD & PRESTON RD","ANTIOCH","SOUTH",36.02519,-86.66475,"","37013","2019","April","Spring","05","Friday","Weekday","No Injuries","No Fatalities"
9.97531478038676e-314,2019-04-05 10:57:00,2,0,0,NA,"N","ANGLE","RAIN","DARK - LIGHTED","INTERSTATE DR & WOODLAND ST","NASHVILLE","CENTRA",36.1704,-86.76845,"MOTOR VEHICLE IN TRANSPORT","37213","2019","April","Spring","10","Friday","Weekday","No Injuries","No Fatalities"
9.97531482386453e-314,2019-04-05 12:24:00,1,1,0,NA,"N","NOT COLLISION W/MOTOR VEHICLE-TRANSPORT","RAIN","DAYLIGHT","BUENA VISTA PKE & EAST LN","NASHVILLE","NORTH",36.20075,-86.8241,"DEER (ANIMAL)","37218","2019","April","Spring","12","Friday","Weekday","Injuries","No Fatalities"