"Accident.Number","Date.and.Time","Number.of.Motor.Vehicles","Number.of.Injuries","Number.of.Fatalities","Property.Damage","Hit.and.Run","Collision.Type.Description","Weather.Description","Illumination.Description","Street.Address","City","Precinct","Latitude","Longitude","HarmfulDescriptions","Zip.Code","Year","Month","Season","Hour","Weekday","DayType","Accident","Fatality_category"
9.97531504421781e-314,2019-04-08 12:50:00,2,0,0,NA,"N","Front to Rear","RAIN","DAYLIGHT","GALLATIN PKEN & RIVERGATE MARKETPLACE PV","MADISON","MADISO",36.30382,-86.69029,"MOTOR VEHICLE IN TRANSPORT","37115","2019","April","Spring","12","Monday","Weekday","No Injuries","No Fatalities"
9.97533359341842e-314,2019-04-19 00:13:00,2,0,0,NA,"N","Front to Rear","RAIN","DARK - NOT LIGHTED","WHITES CREEK PKE & MORGAN RD","JOELTON","NORTH",36.33654,-86.87004,"MOTOR VEHICLE IN TRANSPORT","37080","2019","April","Spring","00","Friday","Weekday","No Injuries","No Fatalities"
9.97533361169885e-314,2019-04-19 00:08:00,2,0,0,NA,"Y","SIDESWIPE - OPPOSITE DIRECTION","RAIN","DARK - LIGHTED","12TH AVN & JEFFERSON ST","NASHVILLE","NORTH",36.17133,-86.7992,"MOTOR VEHICLE IN TRANSPORT","37208","2019","April","Spring","00","Friday","Weekday","No Injuries","No Fatalities"
9.97533363096741e-314,2019-04-19 00:46:00,2,0,0,NA,"Y","ANGLE","RAIN","DARK - LIGHTED","MM 87 2 I 65","NASHVILLE","EAST",36.20494,-86.77665,"MOTOR VEHICLE IN TRANSPORT;CONCRETE TRAFFIC BARRIER","37207","2019","April","Spring","00","Friday","Weekday","No Injuries","No Fatalities"
9.97533364183685e-314,2019-04-19 00:59:00,1,0,0,NA,"N","NOT COLLISION W/MOTOR VEHICLE-TRANSPORT","RAIN","DARK - LIGHTED","MM 204 8 I 40","NASHVILLE","WEST",36.15378,-86.84242,"CONCRETE TRAFFIC BARRIER","37209","2019","April","Spring","00","Friday","Weekday","No Injuries","No Fatalities"
9.97533364776564e-314,2019-04-19 01:06:00,1,0,0,NA,"N","NOT COLLISION W/MOTOR VEHICLE-TRANSPORT","RAIN","DARK - LIGHTED","MM 49 0 I 24","NASHVILLE","EAST",36.16609,-86.76466,"CONCRETE TRAFFIC BARRIER","37206","2019","April","Spring","01","Friday","Weekday","No Injuries","No Fatalities"
9.97533364825971e-314,2019-04-19 00:48:00,2,0,0,NA,"N","ANGLE","RAIN","DARK - LIGHTED","STEWARTS FERRY PIKE & PERCY PRIEST DR","NASHVILLE","HERMIT",36.15386,-86.62574,"MOTOR VEHICLE IN TRANSPORT","37214","2019","April","Spring","00","Friday","Weekday","No Injuries","No Fatalities"
9.97533365369443e-314,2019-04-19 01:09:00,1,0,0,NA,"N","NOT COLLISION W/MOTOR VEHICLE-TRANSPORT","RAIN","DARK - LIGHTED","MM 215 9 I 40","NASHVILLE","HERMIT",36.14203,-86.67843,"WALL","37217","2019","April","Spring","01","Friday","Weekday","No Injuries","No Fatalities"
9.97533366110541e-314,2019-04-19 01:00:00,2,0,0,NA,"N","SIDESWIPE - SAME DIRECTION","RAIN","DARK - LIGHTED","HARDING PL & NOLENSVILLE PKE","NASHVILLE","SOUTH",36.0796,-86.72632,"MOTOR VEHICLE IN TRANSPORT","37211","2019","April","Spring","01","Friday","Weekday","No Injuries","No Fatalities"
9.97533366456387e-314,2019-04-19 01:24:00,2,1,0,NA,"N","ANGLE","RAIN","DARK - LIGHTED","BRILEY PKWY & I40 W EXT RAMP","NASHVILLE","WEST",36.153,-86.85761,"MOTOR VEHICLE IN TRANSPORT","37209","2019","April","Spring","01","Friday","Weekday","Injuries","No Fatalities"
9.97533367889178e-314,2019-04-19 01:45:00,2,2,0,NA,"N","ANGLE","RAIN","DARK - LIGHTED","S 5TH ST & FATHERLAND ST","NASHVILLE","EAST",36.16985,-86.76351,"MOTOR VEHICLE IN TRANSPORT","37206","2019","April","Spring","01","Friday","Weekday","Injuries","No Fatalities"
9.97533369025529e-314,2019-04-19 02:02:00,2,0,0,NA,"N","SIDESWIPE - SAME DIRECTION","RAIN","DARK - LIGHTED","8TH AVS & KOREAN VETERANS BLVD","NASHVILLE","CENTRA",36.155,-86.77965,"MOTOR VEHICLE IN TRANSPORT","37203","2019","April","Spring","02","Friday","Weekday","No Injuries","No Fatalities"
9.97533369964253e-314,2019-04-19 01:24:00,2,1,0,NA,"N","Front to Rear","RAIN","DARK - LIGHTED","ALBION ST & 33RD AVN","NASHVILLE","NORTH",36.16329,-86.82604,"MOTOR VEHICLE IN TRANSPORT","37209","2019","April","Spring","01","Friday","Weekday","Injuries","No Fatalities"
9.9753337001366e-314,2019-04-19 00:19:00,2,0,0,NA,"N","Front to Rear","RAIN","DARK - LIGHTED","DOVERSIDE DR & DICKERSON PKE","NASHVILLE","MADISO",36.24392,-86.7567,"MOTOR VEHICLE IN TRANSPORT","37207","2019","April","Spring","00","Friday","Weekday","No Injuries","No Fatalities"
9.97533370408912e-314,2019-04-19 02:13:00,2,0,0,NA,"Y","NOT COLLISION W/MOTOR VEHICLE-TRANSPORT","RAIN","DARK - LIGHTED","MM 217 8 I 40","NASHVILLE","HERMIT",36.1411,-86.6561,"MOTOR VEHICLE IN TRANSPORT;CONCRETE TRAFFIC BARRIER;Ran Off Road-Right;UNKNOWN MOST HARMFUL EVENT","37214","2019","April","Spring","02","Friday","Weekday","No Injuries","No Fatalities"
9.97533371001791e-314,2019-04-19 02:16:00,2,0,0,NA,"N","ANGLE","RAIN","DARK - NOT LIGHTED","BRILEY PKWYW & MOOREWOOD DR","NASHVILLE","MADISO",36.23945,-86.77627,"MOTOR VEHICLE IN TRANSPORT","37207","2019","April","Spring","02","Friday","Weekday","No Injuries","No Fatalities"
9.9753337144645e-314,2019-04-19 01:48:00,2,0,0,NA,"N","Front to Rear","RAIN","Dark-Unknown Lighting","MM 1 0 I 440","NASHVILLE","WEST",36.14321,-86.82274,"MOTOR VEHICLE IN TRANSPORT","37205","2019","April","Spring","01","Friday","Weekday","No Injuries","No Fatalities"
9.97533372187549e-314,2019-04-19 02:29:00,1,0,0,NA,"N","NOT COLLISION W/MOTOR VEHICLE-TRANSPORT","RAIN","DARK - NOT LIGHTED","MCGAVOCK PKE & OLD ELM HILL PKE","NASHVILLE","HERMIT",36.15102,-86.68413,"CURB","37214","2019","April","Spring","02","Friday","Weekday","No Injuries","No Fatalities"
9.97533372731021e-314,2019-04-19 02:42:00,1,1,0,NA,"N","NOT COLLISION W/MOTOR VEHICLE-TRANSPORT","RAIN","DARK - NOT LIGHTED","OLD HARDING PKE & HIGHWAY 100","NASHVILLE","WEST",36.03467,-86.98363,"WALL","37221","2019","April","Spring","02","Friday","Weekday","Injuries","No Fatalities"
9.9753337317568e-314,2019-04-19 02:16:00,2,0,0,NA,"Y","ANGLE","RAIN","DARK - LIGHTED","OLD HICKORY BLVDW & I65 S EXT RAMP","MADISON","MADISO",36.26549,-86.73987,"MOTOR VEHICLE IN TRANSPORT","37115","2019","April","Spring","02","Friday","Weekday","No Injuries","No Fatalities"
9.97533375053129e-314,2019-04-19 03:08:00,2,1,0,NA,"Y","Front to Rear","RAIN","DARK - LIGHTED","1800 DR D B TODD JR BLVD","NASHVILLE","NORTH",36.16947,-86.80662,"MOTOR VEHICLE IN TRANSPORT;PARKED MOTOR VEHICLE","37208","2019","April","Spring","03","Friday","Weekday","Injuries","No Fatalities"
9.97533376930579e-314,2019-04-19 03:41:00,2,1,0,NA,"N","Front to Rear","RAIN","DARK - LIGHTED","DIVISION ST & 19TH AVS","NASHVILLE","MIDTOW",36.15082,-86.79511,"MOTOR VEHICLE IN TRANSPORT","37203","2019","April","Spring","03","Friday","Weekday","Injuries","No Fatalities"
9.97533377029392e-314,2019-04-19 02:20:00,3,4,0,NA,"N","Front to Rear","RAIN","DARK - LIGHTED","DELAWARE AV & 51ST AVN","NASHVILLE","WEST",36.15427,-86.8485,"MOTOR VEHICLE IN TRANSPORT","37209","2019","April","Spring","02","Friday","Weekday","Injuries","No Fatalities"
9.9753337949972e-314,2019-04-19 01:35:00,2,0,0,NA,"N","ANGLE","RAIN","DARK - LIGHTED","MM 212 1 I 40","NASHVILLE","HERMIT",36.14641,-86.74267,"MOTOR VEHICLE IN TRANSPORT","37210","2019","April","Spring","01","Friday","Weekday","No Injuries","No Fatalities"
9.97533383995718e-314,2019-04-19 03:35:00,1,0,0,NA,"N","NOT COLLISION W/MOTOR VEHICLE-TRANSPORT","RAIN","DARK - LIGHTED","OLD HICKORY BLVD & OLD LEBANON DIRT RD","HERMITAGE","HERMIT",36.1907,-86.61511,"OTHER POST, POLE, SUPP.;Ran Off Road-Left","37076","2019","April","Spring","03","Friday","Weekday","No Injuries","No Fatalities"
9.9753338468741e-314,2019-04-19 04:45:00,2,0,0,NA,"N","HEAD-ON","RAIN","DARK - NOT LIGHTED","REVELS DR & US HWY 431","NASHVILLE","NORTH",36.22146,-86.8042,"PARKED MOTOR VEHICLE","37207","2019","April","Spring","04","Friday","Weekday","No Injuries","No Fatalities"
9.97533386614266e-314,2019-04-19 05:24:00,1,0,0,NA,"N","NOT COLLISION W/MOTOR VEHICLE-TRANSPORT","RAIN","DARK - LIGHTED","MM 200 6 I 40","NASHVILLE","WEST",36.1258,-86.90471,"CONCRETE TRAFFIC BARRIER","37209","2019","April","Spring","05","Friday","Weekday","No Injuries","No Fatalities"
9.97533389232814e-314,2019-04-19 06:00:00,1,0,0,NA,"N","NOT COLLISION W/MOTOR VEHICLE-TRANSPORT","RAIN","DARK - NOT LIGHTED","I40 W ENT RAMP & I 40","NASHVILLE","HERMIT",36.16856,-86.60889,"GUARDRAIL FACE","37210","2019","April","Spring","06","Friday","Weekday","No Injuries","No Fatalities"
9.97533389331627e-314,2019-04-19 05:58:00,1,0,0,NA,"N","NOT COLLISION W/MOTOR VEHICLE-TRANSPORT","RAIN","DARK - NOT LIGHTED","ELLINGTON PKWYS & ELLINGTON PKWYN","NASHVILLE","EAST",36.2053,-86.75021,"DEER (ANIMAL)","37206","2019","April","Spring","05","Friday","Weekday","No Injuries","No Fatalities"
9.97533391703142e-314,2019-04-19 06:16:00,2,0,0,NA,"N","NOT COLLISION W/MOTOR VEHICLE-TRANSPORT","RAIN","DARK - LIGHTED","COLEMONT DR & DELVIN DR","NASHVILLE","SOUTH",36.0545,-86.70041,"","37211","2019","April","Spring","06","Friday","Weekday","No Injuries","No Fatalities"
9.97533400102258e-314,2019-04-19 03:00:00,2,0,0,NA,"Y","SIDESWIPE - SAME DIRECTION","RAIN","DARK - LIGHTED","OLD HICKORY BLVD & FRIST BLVD","HERMITAGE","HERMIT",36.1824,-86.60858,"MOTOR VEHICLE IN TRANSPORT","37076","2019","April","Spring","03","Friday","Weekday","No Injuries","No Fatalities"
9.97533400744543e-314,2019-04-19 05:47:00,1,0,0,NA,"N","NOT COLLISION W/MOTOR VEHICLE-TRANSPORT","RAIN","DARK - NOT LIGHTED","SHUTE LN & MONTCHANIN TER","OLD HICKORY","HERMIT",36.23137,-86.61557,"CULVERT;MAIL BOX;FIRE HYDRANT;Ran Off Road-Left","37138","2019","April","Spring","05","Friday","Weekday","No Injuries","No Fatalities"
9.97533404400629e-314,2019-04-19 05:00:00,1,0,0,NA,"Y","NOT COLLISION W/MOTOR VEHICLE-TRANSPORT","RAIN","DARK - NOT LIGHTED","EDMONDSON PKE & MT PISGAH RD","NASHVILLE","MIDTOW",36.02482,-86.74237,"DITCH","37211","2019","April","Spring","05","Friday","Weekday","No Injuries","No Fatalities"
9.97533405784013e-314,2019-04-19 06:00:00,2,0,0,NA,"N","Rear to Side","RAIN","DARK - LIGHTED","LAKEWALK DR & DALI CT","ANTIOCH","SOUTH",36.05105,-86.59365,"PARKED MOTOR VEHICLE","37013","2019","April","Spring","06","Friday","Weekday","No Injuries","No Fatalities"
9.97533410527043e-314,2019-04-19 09:58:00,1,0,0,NA,"N","NOT COLLISION W/MOTOR VEHICLE-TRANSPORT","RAIN","DAWN","MM 86 5 I 65","NASHVILLE","NORTH",36.19382,-86.77652,"CONCRETE TRAFFIC BARRIER","37207","2019","April","Spring","09","Friday","Weekday","No Injuries","No Fatalities"
9.97533413046778e-314,2019-04-19 09:45:00,2,0,0,NA,"N","Front to Rear","RAIN","DAWN","MM 86 5 I 65","NASHVILLE","NORTH",36.19502,-86.77616,"MOTOR VEHICLE IN TRANSPORT","37207","2019","April","Spring","09","Friday","Weekday","No Injuries","No Fatalities"
9.97533414528975e-314,2019-04-19 10:48:00,2,0,0,NA,"N","Front to Rear","RAIN","DAYLIGHT","RECOVERY RD & HARDING PL","NASHVILLE","SOUTH",36.0804,-86.71793,"MOTOR VEHICLE IN TRANSPORT","37211","2019","April","Spring","10","Friday","Weekday","No Injuries","No Fatalities"
9.97533419617851e-314,2019-04-19 12:14:00,2,0,0,NA,"N","Front to Rear","RAIN","DAYLIGHT","MM 87 8 I 65","NASHVILLE","EAST",36.21358,-86.77558,"MOTOR VEHICLE IN TRANSPORT","37207","2019","April","Spring","12","Friday","Weekday","No Injuries","No Fatalities"
9.97533419716664e-314,2019-04-19 12:00:00,2,0,0,NA,"N","SIDESWIPE - SAME DIRECTION","RAIN","DAYLIGHT","MM 88 3 I 65","NASHVILLE","EAST",36.22092,-86.77471,"MOTOR VEHICLE IN TRANSPORT","37207","2019","April","Spring","12","Friday","Weekday","No Injuries","No Fatalities"
9.97533424212661e-314,2019-04-19 12:43:00,1,0,0,NA,"N","NOT COLLISION W/MOTOR VEHICLE-TRANSPORT","RAIN","DAYLIGHT","MM 217 2 I 40","NASHVILLE","HERMIT",36.14454,-86.64711,"TREE;Ran Off Road-Right","37214","2019","April","Spring","12","Friday","Weekday","No Injuries","No Fatalities"
9.97533424706727e-314,2019-04-19 12:47:00,2,0,0,NA,"N","Front to Rear","RAIN","DAYLIGHT","MM 86 0 I 65","NASHVILLE","CENTRA",36.19172,-86.7857,"MOTOR VEHICLE IN TRANSPORT","37208","2019","April","Spring","12","Friday","Weekday","No Injuries","No Fatalities"
9.97533425744265e-314,2019-04-19 12:45:00,2,0,0,NA,"Y","SIDESWIPE - SAME DIRECTION","RAIN","DAYLIGHT","HARDING PL & MURFREESBORO PKE","NASHVILLE","SOUTH",36.09861,-86.65938,"MOTOR VEHICLE IN TRANSPORT","37217","2019","April","Spring","12","Friday","Weekday","No Injuries","No Fatalities"
9.975334764354e-314,2019-04-19 05:00:00,2,0,0,NA,"N","ANGLE","RAIN","DAYLIGHT","CHEROKEE RD & WEST END AV","NASHVILLE","WEST",36.13038,-86.83784,"MOTOR VEHICLE IN TRANSPORT","37205","2019","April","Spring","05","Friday","Weekday","No Injuries","No Fatalities"
9.97533488243569e-314,2019-04-19 05:00:00,2,0,0,NA,"N","Front to Rear","RAIN","DAYLIGHT","ABBOTT MARTIN RD & CROSS CREEK RD","NASHVILLE","WEST",36.10665,-86.82208,"MOTOR VEHICLE IN TRANSPORT","37215","2019","April","Spring","05","Friday","Weekday","No Injuries","No Fatalities"
9.97533492739566e-314,2019-04-20 00:02:00,2,3,0,NA,"N","HEAD-ON","RAIN","DARK - NOT LIGHTED","MT VIEW RD & MT VIEW CIR","ANTIOCH","SOUTH",36.05324,-86.62015,"MOTOR VEHICLE IN TRANSPORT","37013","2019","April","Spring","00","Saturday","Weekend","Injuries","No Fatalities"
9.97533496543872e-314,2019-04-20 00:39:00,2,0,0,NA,"N","ANGLE","RAIN","DARK - LIGHTED","FORREST AV & N 14TH ST","NASHVILLE","EAST",36.17808,-86.74563,"MOTOR VEHICLE IN TRANSPORT","37206","2019","April","Spring","00","Saturday","Weekend","No Injuries","No Fatalities"
9.9753349758141e-314,2019-04-20 00:19:00,2,0,0,NA,"Y","SIDESWIPE - SAME DIRECTION","RAIN","DARK - LIGHTED","MM 87 0 I 65","NASHVILLE","EAST",36.2013,-86.77655,"MOTOR VEHICLE IN TRANSPORT","37207","2019","April","Spring","00","Saturday","Weekend","No Injuries","No Fatalities"
9.97532596356265e-314,2019-04-13 05:00:00,1,0,0,NA,"Y","NOT COLLISION W/MOTOR VEHICLE-TRANSPORT","RAIN","OTHER","6TH AVS & PEABODY ST","NASHVILLE","CENTRA",36.15517,-86.77685,"BUILDING","37203","2019","April","Spring","05","Saturday","Weekend","No Injuries","No Fatalities"
9.97532597937275e-314,2019-04-13 05:00:00,2,0,0,NA,"Y","Front to Rear","RAIN","DAYLIGHT","MM 55 4 I 24","NASHVILLE","SOUTH",36.08987,-86.70318,"MOTOR VEHICLE IN TRANSPORT","37211","2019","April","Spring","05","Saturday","Weekend","No Injuries","No Fatalities"
9.97532606484611e-314,2019-04-14 00:30:00,2,1,0,NA,"N","ANGLE","RAIN","DARK - LIGHTED","MONTROSE AV & 10TH AVS","NASHVILLE","MIDTOW",36.1234,-86.78641,"MOTOR VEHICLE IN TRANSPORT","37204","2019","April","Spring","00","Sunday","Weekend","Injuries","No Fatalities"
9.97532606682237e-314,2019-04-13 05:00:00,2,0,0,NA,"Y","ANGLE","RAIN","DAYLIGHT","MT VIEW RD & HICKORY HOLLOW PKWY","ANTIOCH","SOUTH",36.05883,-86.67043,"MOTOR VEHICLE IN TRANSPORT","37013","2019","April","Spring","05","Saturday","Weekend","No Injuries","No Fatalities"
9.97532606830457e-314,2019-04-14 00:29:00,2,0,0,NA,"N","Front to Rear","RAIN","DARK - LIGHTED","BROADWAY & 18TH AVS","NASHVILLE","MIDTOW",36.15168,-86.79574,"MOTOR VEHICLE IN TRANSPORT","37203","2019","April","Spring","00","Sunday","Weekend","No Injuries","No Fatalities"
9.97532608016214e-314,2019-04-14 00:53:00,2,0,0,NA,"N","ANGLE","RAIN","DARK - LIGHTED","DICKERSON PKE & OLD TRINITY LN","NASHVILLE","EAST",36.20682,-86.76826,"MOTOR VEHICLE IN TRANSPORT","37207","2019","April","Spring","00","Sunday","Weekend","No Injuries","No Fatalities"
9.97532609696038e-314,2019-04-13 05:00:00,2,2,0,NA,"N","HEAD-ON","RAIN","DARK - NOT LIGHTED","MCCRORY LN & NEWSOM STATION RD","NASHVILLE","WEST",36.07264,-87.006,"MOTOR VEHICLE IN TRANSPORT;GUARDRAIL END;SHRUBBERY;Ran Off Road-Right","37221","2019","April","Spring","05","Saturday","Weekend","Injuries","No Fatalities"
9.97532611227641e-314,2019-04-14 01:25:00,2,0,0,NA,"N","ANGLE","RAIN","DARK - LIGHTED","NOLENSVILLE PKE & BLUFF RD","ANTIOCH","SOUTH",36.0095,-86.70166,"MOTOR VEHICLE IN TRANSPORT","37013","2019","April","Spring","01","Sunday","Weekend","No Injuries","No Fatalities"
9.97531709063772e-314,2019-04-07 06:29:00,1,0,0,NA,"N","NOT COLLISION W/MOTOR VEHICLE-TRANSPORT","RAIN","DARK - LIGHTED","MM 52 2 I 24","NASHVILLE","SOUTH",36.13537,-86.7271,"EMBANKMENT ROCK/STONE/CONCRETE","37217","2019","April","Spring","06","Sunday","Weekend","No Injuries","No Fatalities"
9.97531709903683e-314,2019-04-07 06:44:00,1,1,0,NA,"N","NOT COLLISION W/MOTOR VEHICLE-TRANSPORT","RAIN","DARK - NOT LIGHTED","MM 90 0 I 65","MADISON","MADISO",36.23778,-86.75714,"CONCRETE TRAFFIC BARRIER","37115","2019","April","Spring","06","Sunday","Weekend","Injuries","No Fatalities"
9.9753261498254e-314,2019-04-14 01:40:00,2,0,0,NA,"N","SIDESWIPE - SAME DIRECTION","RAIN","DARK - LIGHTED","DONELSON PKE & I40 E ENT RAMP","NASHVILLE","HERMIT",36.13889,-86.66571,"MOTOR VEHICLE IN TRANSPORT","37214","2019","April","Spring","01","Sunday","Weekend","No Injuries","No Fatalities"
9.97531710743595e-314,2019-04-07 06:58:00,1,2,0,NA,"N","NOT COLLISION W/MOTOR VEHICLE-TRANSPORT","RAIN","DARK - LIGHTED","HAYWOOD LN & HOPEDALE DR","NASHVILLE","SOUTH",36.06869,-86.7157,"MAIL BOX;Ran Off Road-Right","37211","2019","April","Spring","06","Sunday","Weekend","Injuries","No Fatalities"
9.97532616168297e-314,2019-04-14 02:14:00,2,1,0,NA,"Y","Front to Rear","RAIN","DARK - LIGHTED","LITTON AV & BRONTE AV","NASHVILLE","EAST",36.20207,-86.73615,"MOTOR VEHICLE IN TRANSPORT","37206","2019","April","Spring","02","Sunday","Weekend","Injuries","No Fatalities"
9.975317145479e-314,2019-04-07 05:00:00,2,0,0,NA,"Y","SIDESWIPE - SAME DIRECTION","RAIN","DARK - LIGHTED","DEMONBREUN ST & 2ND AVS","NASHVILLE","CENTRA",36.15993,-86.77382,"MOTOR VEHICLE IN TRANSPORT","37201","2019","April","Spring","05","Sunday","Weekend","No Injuries","No Fatalities"
9.97532618786845e-314,2019-04-14 02:00:00,2,0,0,NA,"Y","Front to Rear","RAIN","DARK - NOT LIGHTED","I65 N ENT RAMP & I 40","NASHVILLE","NORTH",36.17156,-86.80272,"MOTOR VEHICLE IN TRANSPORT","37208","2019","April","Spring","02","Sunday","Weekend","No Injuries","No Fatalities"
9.97532619527944e-314,2019-04-13 05:00:00,2,0,0,NA,"Y","Front to Rear","RAIN","DARK - NOT LIGHTED","MM 62 8 I 24","ANTIOCH","SOUTH",36.01141,-86.617,"MOTOR VEHICLE IN TRANSPORT","37013","2019","April","Spring","05","Saturday","Weekend","No Injuries","No Fatalities"
9.97532619676164e-314,2019-04-14 02:45:00,2,2,0,NA,"Y","ANGLE","RAIN","DARK - LIGHTED","MCMURRAY DR & HILSON RD","NASHVILLE","MIDTOW",36.05491,-86.72995,"MOTOR VEHICLE IN TRANSPORT","37211","2019","April","Spring","02","Sunday","Weekend","Injuries","No Fatalities"
9.97532620960734e-314,2019-04-14 02:26:00,2,0,0,NA,"N","ANGLE","RAIN","DARK - NOT LIGHTED","MM 77 3 I 65","NASHVILLE","MIDTOW",36.07497,-86.76859,"MOTOR VEHICLE IN TRANSPORT","37220","2019","April","Spring","02","Sunday","Weekend","No Injuries","No Fatalities"
9.97532623776908e-314,2019-04-14 01:35:00,1,0,0,NA,"N","NOT COLLISION W/MOTOR VEHICLE-TRANSPORT","RAIN","DARK - LIGHTED","6400 HARDING PKE","NASHVILLE","WEST",36.09141,-86.88823,"DITCH;TREE","37205","2019","April","Spring","01","Sunday","Weekend","No Injuries","No Fatalities"
9.97532624073348e-314,2019-04-14 02:34:00,2,0,0,NA,"N","Front to Rear","RAIN","DARK - LIGHTED","I65 S ENT RAMP & I 65","NASHVILLE","NORTH",36.08269,-86.76526,"MOTOR VEHICLE IN TRANSPORT","37207","2019","April","Spring","02","Sunday","Weekend","No Injuries","No Fatalities"
9.97532624270974e-314,2019-04-14 03:55:00,2,0,0,NA,"Y","ANGLE","RAIN","DARK - LIGHTED","I24 E ENT RAMP & I 24","NASHVILLE","CENTRA",36.08533,-86.70131,"MOTOR VEHICLE IN TRANSPORT","37213","2019","April","Spring","03","Sunday","Weekend","No Injuries","No Fatalities"
9.97532625209699e-314,2019-04-14 04:05:00,1,0,0,NA,"N","NOT COLLISION W/MOTOR VEHICLE-TRANSPORT","RAIN","DARK - LIGHTED","MM 87 3 I 65","NASHVILLE","EAST",36.20593,-86.77637,"CONCRETE TRAFFIC BARRIER","37207","2019","April","Spring","04","Sunday","Weekend","No Injuries","No Fatalities"
9.97532625456732e-314,2019-04-14 04:09:00,3,1,0,NA,"N","ANGLE","RAIN","DARK - LIGHTED","HICKORY HOLLOW PKWY & CROSSINGS BLVD","ANTIOCH","SOUTH",36.04447,-86.65097,"MOTOR VEHICLE IN TRANSPORT","37013","2019","April","Spring","04","Sunday","Weekend","Injuries","No Fatalities"
9.97531715041966e-314,2019-04-07 05:00:00,1,0,0,NA,"Y","NOT COLLISION W/MOTOR VEHICLE-TRANSPORT","RAIN","DARK - NOT LIGHTED","WHITES CREEK PKE & TOM AUSTIN HWY","JOELTON","NORTH",36.38816,-86.89828,"TREE;Ran Off Road-Right","37080","2019","April","Spring","05","Sunday","Weekend","No Injuries","No Fatalities"
9.97532625604951e-314,2019-04-14 04:04:00,1,0,0,NA,"N","NOT COLLISION W/MOTOR VEHICLE-TRANSPORT","RAIN","DARK - LIGHTED","MM 49 4 I 24","NASHVILLE","EAST",36.16084,-86.76022,"WALL","37206","2019","April","Spring","04","Sunday","Weekend","No Injuries","No Fatalities"
9.97532625950797e-314,2019-04-14 04:14:00,1,1,0,NA,"N","NOT COLLISION W/MOTOR VEHICLE-TRANSPORT","RAIN","DARK - LIGHTED","MM 215 9 I 40","NASHVILLE","HERMIT",36.14217,-86.67974,"CONCRETE TRAFFIC BARRIER","37217","2019","April","Spring","04","Sunday","Weekend","Injuries","No Fatalities"
9.97532627334181e-314,2019-04-13 05:00:00,1,1,0,NA,"N","NOT COLLISION W/MOTOR VEHICLE-TRANSPORT","RAIN","Dark-Unknown Lighting","HICKORY SPRINGS RD & OLD HICKORY BLVD","NASHVILLE","MIDTOW",36.04143,-86.82142,"DITCH","37215","2019","April","Spring","05","Saturday","Weekend","Injuries","No Fatalities"
9.97532628223499e-314,2019-04-14 04:15:00,2,0,0,NA,"Y","ANGLE","RAIN","DARK - LIGHTED","800 ROSA L PARKS BLVD","NASHVILLE","CENTRA",36.17601,-86.79327,"MOTOR VEHICLE IN TRANSPORT","37219","2019","April","Spring","04","Sunday","Weekend","No Injuries","No Fatalities"
9.9753171627713e-314,2019-04-07 08:15:00,2,0,0,NA,"Y","Front to Rear","RAIN","DARK - NOT LIGHTED","I40 E EXT RAMP & OLD HICKORY BLVD","HERMITAGE","HERMIT",36.17782,-86.60501,"MOTOR VEHICLE IN TRANSPORT","37076","2019","April","Spring","08","Sunday","Weekend","No Injuries","No Fatalities"
9.97532629211631e-314,2019-04-14 04:55:00,1,0,0,NA,"N","NOT COLLISION W/MOTOR VEHICLE-TRANSPORT","RAIN","DARK - LIGHTED","BRILEY PKWYN & BRILEY PKWY N ENT RAMP","NASHVILLE","HERMIT",36.17196,-86.68873,"CONCRETE TRAFFIC BARRIER","37214","2019","April","Spring","04","Sunday","Weekend","No Injuries","No Fatalities"
9.97531717611107e-314,2019-04-07 05:00:00,1,0,0,NA,"Y","NOT COLLISION W/MOTOR VEHICLE-TRANSPORT","RAIN","DARK - NOT LIGHTED","EMMITT AV & GALLAVISTA AV","MADISON","MADISO",36.25111,-86.71201,"DITCH","37115","2019","April","Spring","05","Sunday","Weekend","No Injuries","No Fatalities"
9.97532629409257e-314,2019-04-14 04:59:00,2,0,0,NA,"N","ANGLE","RAIN","DARK - LIGHTED","4TH AVS & KOREAN VETERANS BLVD","NASHVILLE","CENTRA",36.15711,-86.77467,"MOTOR VEHICLE IN TRANSPORT","37201","2019","April","Spring","04","Sunday","Weekend","No Injuries","No Fatalities"
9.97531724923279e-314,2019-04-07 09:56:00,1,0,0,NA,"Y","UNKNOWN","RAIN","DARK - LIGHTED","DONELSON PKE & SHACKLETT DR","NASHVILLE","HERMIT",36.14382,-86.66668,"UNKNOWN MOST HARMFUL EVENT","37214","2019","April","Spring","09","Sunday","Weekend","No Injuries","No Fatalities"
9.97532629557476e-314,2019-04-14 04:30:00,2,0,0,NA,"Y","Front to Rear","RAIN","DARK - LIGHTED","BELL RD & BENZING RD","ANTIOCH","SOUTH",36.04517,-86.69977,"MOTOR VEHICLE IN TRANSPORT","37013","2019","April","Spring","04","Sunday","Weekend","No Injuries","No Fatalities"
9.97531727739453e-314,2019-04-07 10:01:00,1,0,0,NA,"N","NOT COLLISION W/MOTOR VEHICLE-TRANSPORT","RAIN","DARK - NOT LIGHTED","KNIGHT DR & WHITES CREEK PKE","WHITES CREEK","NORTH",36.26149,-86.81739,"DITCH;Ran Off Road-Left","37189","2019","April","Spring","10","Sunday","Weekend","No Injuries","No Fatalities"
9.97532629705696e-314,2019-04-14 05:00:00,1,0,0,NA,"N","NOT COLLISION W/MOTOR VEHICLE-TRANSPORT","RAIN","DARK - LIGHTED","MM 91 7 I 65","MADISON","MADISO",36.25635,-86.73831,"CONCRETE TRAFFIC BARRIER","37115","2019","April","Spring","05","Sunday","Weekend","No Injuries","No Fatalities"