"Accident.Number","Date.and.Time","Number.of.Motor.Vehicles","Number.of.Injuries","Number.of.Fatalities","Property.Damage","Hit.and.Run","Collision.Type.Description","Weather.Description","Illumination.Description","Street.Address","City","Precinct","Latitude","Longitude","HarmfulDescriptions","Zip.Code","Year","Month","Season","Hour","Weekday","DayType","Accident","Fatality_category"
9.97531728480552e-314,2019-04-07 10:37:00,1,0,0,NA,"Y","NOT COLLISION W/MOTOR VEHICLE-TRANSPORT","RAIN","DARK - NOT LIGHTED","MM 209 4 I 40","NASHVILLE","CENTRA",36.15217,-86.78678,"LUMINAIRE/LIGHT SUPPORT","37203","2019","April","Spring","10","Sunday","Weekend","No Injuries","No Fatalities"
9.97531729616903e-314,2019-04-07 10:55:00,2,0,0,NA,"N","ANGLE","RAIN","DAWN","MURFREESBORO PKE & BELL RD","ANTIOCH","SOUTH",36.07187,-86.63618,"MOTOR VEHICLE IN TRANSPORT","37013","2019","April","Spring","10","Sunday","Weekend","No Injuries","No Fatalities"
9.97531731296726e-314,2019-04-07 11:35:00,1,0,0,NA,"N","NOT COLLISION W/MOTOR VEHICLE-TRANSPORT","RAIN","DAYLIGHT","BRILEY PKWYW & BRICK CHURCH PKE","NASHVILLE","MADISO",36.23834,-86.78198,"DITCH","37207","2019","April","Spring","11","Sunday","Weekend","No Injuries","No Fatalities"
9.97531731840198e-314,2019-04-07 11:25:00,2,0,0,NA,"Y","SIDESWIPE - SAME DIRECTION","RAIN","DAYLIGHT","LEBANON PKE & FAIRWAY DR","NASHVILLE","HERMIT",36.16903,-86.68268,"MOTOR VEHICLE IN TRANSPORT","37214","2019","April","Spring","11","Sunday","Weekend","No Injuries","No Fatalities"
9.97531732087231e-314,2019-04-07 05:00:00,2,0,0,NA,"Y","SIDESWIPE - SAME DIRECTION","RAIN","Dark-Unknown Lighting","STONER MILL LN & PINE VIEW CT","HERMITAGE","HERMIT",36.20398,-86.58677,"PARKED MOTOR VEHICLE;MAIL BOX","37076","2019","April","Spring","05","Sunday","Weekend","No Injuries","No Fatalities"
9.97532630446795e-314,2019-04-14 05:08:00,2,0,0,NA,"N","Front to Rear","RAIN","DARK - LIGHTED","HOLLY ST & S 14TH ST","NASHVILLE","EAST",36.17585,-86.74605,"MOTOR VEHICLE IN TRANSPORT","37206","2019","April","Spring","05","Sunday","Weekend","No Injuries","No Fatalities"
9.9753173253189e-314,2019-04-07 11:48:00,1,0,0,NA,"Y","NOT COLLISION W/MOTOR VEHICLE-TRANSPORT","RAIN","DAWN","BENZING RD & TUSCULUM RD","ANTIOCH","SOUTH",36.05261,-86.68258,"UTILITY POLE","37013","2019","April","Spring","11","Sunday","Weekend","No Injuries","No Fatalities"
9.97532630743234e-314,2019-04-14 04:59:00,1,0,0,NA,"N","NOT COLLISION W/MOTOR VEHICLE-TRANSPORT","RAIN","DARK - NOT LIGHTED","MM 76 6 I 65","NASHVILLE","MIDTOW",36.0662,-86.77081,"","37220","2019","April","Spring","04","Sunday","Weekend","No Injuries","No Fatalities"
9.97532631039673e-314,2019-04-14 05:21:00,2,1,0,NA,"Y","SIDESWIPE - OPPOSITE DIRECTION","RAIN","DARK - LIGHTED","NOLENSVILLE PKE & VERITAS ST","NASHVILLE","SOUTH",36.09774,-86.73848,"MOTOR VEHICLE IN TRANSPORT","37211","2019","April","Spring","05","Sunday","Weekend","Injuries","No Fatalities"
9.97532631336113e-314,2019-04-14 05:30:00,2,0,0,NA,"N","Front to Rear","RAIN","DARK - NOT LIGHTED","3RD AVS & DEMONBREUN ST","NASHVILLE","CENTRA",36.15956,-86.77464,"MOTOR VEHICLE IN TRANSPORT","37201","2019","April","Spring","05","Sunday","Weekend","No Injuries","No Fatalities"
9.97532631731365e-314,2019-04-14 05:27:00,2,0,0,NA,"Y","SIDESWIPE - SAME DIRECTION","RAIN","DARK - NOT LIGHTED","MM 57 7 I 24","ANTIOCH","SOUTH",36.06185,-86.68182,"MOTOR VEHICLE IN TRANSPORT","37013","2019","April","Spring","05","Sunday","Weekend","No Injuries","No Fatalities"
9.97532632768903e-314,2019-04-14 05:38:00,1,0,1,NA,"N","NOT COLLISION W/MOTOR VEHICLE-TRANSPORT","RAIN","DARK - NOT LIGHTED","4900 LEBANON PKE","HERMITAGE","HERMIT",36.21625,-86.58496,"PEDESTRIAN","37076","2019","April","Spring","05","Sunday","Weekend","No Injuries","With Fatalities"
9.97532632867716e-314,2019-04-14 05:35:00,1,0,0,NA,"N","NOT COLLISION W/MOTOR VEHICLE-TRANSPORT","RAIN","DARK - LIGHTED","MM 58 7 I 24","ANTIOCH","SOUTH",36.05077,-86.66862,"CONCRETE TRAFFIC BARRIER","37013","2019","April","Spring","05","Sunday","Weekend","No Injuries","No Fatalities"
9.97532633658221e-314,2019-04-14 02:56:00,2,0,0,NA,"Y","ANGLE","RAIN","DARK - LIGHTED","BENZING RD & TUSCULUM RD","ANTIOCH","SOUTH",36.05222,-86.68262,"MOTOR VEHICLE IN TRANSPORT","37013","2019","April","Spring","02","Sunday","Weekend","No Injuries","No Fatalities"
9.97532633855848e-314,2019-04-14 05:50:00,1,0,0,NA,"N","NOT COLLISION W/MOTOR VEHICLE-TRANSPORT","RAIN","DARK - LIGHTED","MM 91 7 I 65","MADISON","MADISO",36.25656,-86.73829,"CONCRETE TRAFFIC BARRIER;Ran Off Road-Right","37115","2019","April","Spring","05","Sunday","Weekend","No Injuries","No Fatalities"
9.97532633905254e-314,2019-04-14 05:00:00,1,0,0,NA,"Y","UNKNOWN","RAIN","DARK - LIGHTED","WEST END AV & CHRISTOPHER ST","NASHVILLE","WEST",36.13263,-86.83069,"UNKNOWN MOST HARMFUL EVENT","37205","2019","April","Spring","05","Sunday","Weekend","No Injuries","No Fatalities"
9.975326342511e-314,2019-04-14 06:00:00,1,0,0,NA,"N","NOT COLLISION W/MOTOR VEHICLE-TRANSPORT","RAIN","DARK - LIGHTED","MM 86 2 I 65","NASHVILLE","CENTRA",36.192,-86.78137,"CONCRETE TRAFFIC BARRIER;Ran Off Road-Left","37207","2019","April","Spring","06","Sunday","Weekend","No Injuries","No Fatalities"
9.97532635189825e-314,2019-04-14 06:14:00,1,0,0,NA,"N","NOT COLLISION W/MOTOR VEHICLE-TRANSPORT","RAIN","DARK - NOT LIGHTED","MM 57 6 I 24","ANTIOCH","SOUTH",36.06299,-86.68301,"CONCRETE TRAFFIC BARRIER","37013","2019","April","Spring","06","Sunday","Weekend","No Injuries","No Fatalities"
9.97532635585077e-314,2019-04-14 06:20:00,2,0,0,NA,"N","SIDESWIPE - SAME DIRECTION","RAIN","DARK - LIGHTED","MM 215 0 I 40","NASHVILLE","HERMIT",36.14176,-86.67472,"MOTOR VEHICLE IN TRANSPORT;CONCRETE TRAFFIC BARRIER","37214","2019","April","Spring","06","Sunday","Weekend","No Injuries","No Fatalities"
9.97532636326176e-314,2019-04-14 06:28:00,2,0,0,NA,"Y","ANGLE","RAIN","DARK - LIGHTED","MM 48 3 I 24","NASHVILLE","CENTRA",36.17251,-86.76895,"MOTOR VEHICLE IN TRANSPORT","37213","2019","April","Spring","06","Sunday","Weekend","No Injuries","No Fatalities"
9.97532640031668e-314,2019-04-14 07:13:00,3,0,0,NA,"Y","ANGLE","RAIN","DARK - NOT LIGHTED","I24 W EXT RAMP & I 24","NASHVILLE","SOUTH",36.08646,-86.69869,"MOTOR VEHICLE IN TRANSPORT","37211","2019","April","Spring","07","Sunday","Weekend","No Injuries","No Fatalities"
9.97532640130481e-314,2019-04-14 07:13:00,1,0,0,NA,"N","NOT COLLISION W/MOTOR VEHICLE-TRANSPORT","RAIN","DARK - LIGHTED","MM 52 3 I 24","NASHVILLE","HERMIT",36.13731,-86.72677,"CONCRETE TRAFFIC BARRIER","37217","2019","April","Spring","07","Sunday","Weekend","No Injuries","No Fatalities"
9.97532641217426e-314,2019-04-14 07:30:00,1,0,0,NA,"N","NOT COLLISION W/MOTOR VEHICLE-TRANSPORT","RAIN","DARK - NOT LIGHTED","RICE RD & EDGE O LAKE DR","ANTIOCH","SOUTH",36.07182,-86.64396,"TREE;Ran Off Road-Right","37013","2019","April","Spring","07","Sunday","Weekend","No Injuries","No Fatalities"
9.97532641909118e-314,2019-04-14 07:30:00,2,2,0,NA,"N","Front to Rear","RAIN","DARK - LIGHTED","MM 54 6 I 24","NASHVILLE","SOUTH",36.09955,-86.71078,"MOTOR VEHICLE IN TRANSPORT;CONCRETE TRAFFIC BARRIER","37211","2019","April","Spring","07","Sunday","Weekend","Injuries","No Fatalities"
9.97532642897249e-314,2019-04-14 07:46:00,3,3,0,NA,"N","SIDESWIPE - SAME DIRECTION","RAIN","DARK - NOT LIGHTED","MM 59 4 I 24","ANTIOCH","SOUTH",36.04522,-86.6591,"MOTOR VEHICLE IN TRANSPORT","37013","2019","April","Spring","07","Sunday","Weekend","Injuries","No Fatalities"
9.97532643440721e-314,2019-04-14 07:50:00,3,1,0,NA,"N","SIDESWIPE - SAME DIRECTION","RAIN","DARK - LIGHTED","MM 57 8 I 24","ANTIOCH","SOUTH",36.06075,-86.68068,"MOTOR VEHICLE IN TRANSPORT","37013","2019","April","Spring","07","Sunday","Weekend","Injuries","No Fatalities"
9.97532644132413e-314,2019-04-14 08:08:00,1,1,0,NA,"N","NOT COLLISION W/MOTOR VEHICLE-TRANSPORT","RAIN","DARK - LIGHTED","TUSCULUM RD & HICKORY GLADE DR","NASHVILLE","SOUTH",36.05974,-86.70536,"Ran Off Road-Left","37211","2019","April","Spring","08","Sunday","Weekend","Injuries","No Fatalities"
9.97532644330039e-314,2019-04-14 08:05:00,1,0,0,NA,"Y","UNKNOWN","RAIN","DARK - LIGHTED","MURFREESBORO PKE & ARLINGTON AV","NASHVILLE","SOUTH",36.13881,-86.73229,"UNKNOWN MOST HARMFUL EVENT","37210","2019","April","Spring","08","Sunday","Weekend","No Injuries","No Fatalities"
9.97532644824105e-314,2019-04-14 08:18:00,2,1,0,NA,"Y","Front to Rear","RAIN","DARK - LIGHTED","MM 54 5 I 24","NASHVILLE","SOUTH",36.10009,-86.71123,"MOTOR VEHICLE IN TRANSPORT;CONCRETE TRAFFIC BARRIER","37211","2019","April","Spring","08","Sunday","Weekend","Injuries","No Fatalities"
9.9753264561461e-314,2019-04-14 08:35:00,2,1,0,NA,"N","Front to Rear","RAIN","DARK - LIGHTED","MM 54 7 I 24","NASHVILLE","SOUTH",36.09817,-86.70966,"MOTOR VEHICLE IN TRANSPORT","37211","2019","April","Spring","08","Sunday","Weekend","Injuries","No Fatalities"
9.97532645713423e-314,2019-04-14 08:29:00,2,1,0,NA,"N","ANGLE","RAIN","DARK - LIGHTED","MURFREESBORO PKE & TOWN PARK DR","NASHVILLE","HERMIT",36.10307,-86.66621,"MOTOR VEHICLE IN TRANSPORT","37217","2019","April","Spring","08","Sunday","Weekend","Injuries","No Fatalities"
9.97531753134427e-314,2019-04-07 05:00:00,2,0,0,NA,"Y","ANGLE","RAIN","DAYLIGHT","4TH AVS & KOREAN VETERANS BLVD","NASHVILLE","CENTRA",36.15711,-86.77467,"MOTOR VEHICLE IN TRANSPORT;PARKED MOTOR VEHICLE","37201","2019","April","Spring","05","Sunday","Weekend","No Injuries","No Fatalities"
9.97532650999926e-314,2019-04-14 09:06:00,1,1,0,NA,"Y","NOT COLLISION W/MOTOR VEHICLE-TRANSPORT","RAIN","DARK - LIGHTED","STEWARTS FERRY PKE & PERCY PRIEST DR","NASHVILLE","HERMIT",36.1537,-86.62571,"BUILDING","37214","2019","April","Spring","09","Sunday","Weekend","Injuries","No Fatalities"
9.97532651197552e-314,2019-04-14 09:13:00,1,0,0,NA,"N","NOT COLLISION W/MOTOR VEHICLE-TRANSPORT","RAIN","DARK - LIGHTED","ELLINGTON PKWYN & ELLINGTON PKWY N ENT R","NASHVILLE","EAST",36.17664,-86.76535,"UTILITY POLE;CULVERT","37216","2019","April","Spring","09","Sunday","Weekend","No Injuries","No Fatalities"
9.97532651691617e-314,2019-04-14 09:22:00,2,1,0,NA,"N","Front to Rear","RAIN","DARK - LIGHTED","MM 55 2 I 24","NASHVILLE","SOUTH",36.09183,-86.70478,"MOTOR VEHICLE IN TRANSPORT","37211","2019","April","Spring","09","Sunday","Weekend","Injuries","No Fatalities"
9.97532653223221e-314,2019-04-14 09:45:00,1,0,0,NA,"N","NOT COLLISION W/MOTOR VEHICLE-TRANSPORT","RAIN","DARK - NOT LIGHTED","MM 56 7 I 24","NASHVILLE","SOUTH",36.07252,-86.69161,"CONCRETE TRAFFIC BARRIER","37211","2019","April","Spring","09","Sunday","Weekend","No Injuries","No Fatalities"
9.97532654952451e-314,2019-04-14 10:12:00,1,1,0,NA,"N","NOT COLLISION W/MOTOR VEHICLE-TRANSPORT","RAIN","DARK - LIGHTED","MM 57 5 I 24","ANTIOCH","SOUTH",36.06334,-86.68306,"GUARDRAIL FACE;CONCRETE TRAFFIC BARRIER;PAVED SURFACE-IRREGULAR;Ran Off Road-Right;Ran Off Road-Left","37013","2019","April","Spring","10","Sunday","Weekend","Injuries","No Fatalities"
9.97532655199483e-314,2019-04-14 10:13:00,1,0,0,NA,"N","NOT COLLISION W/MOTOR VEHICLE-TRANSPORT","RAIN","DARK - LIGHTED","400 OLD HICKORY BLVD","MADISON","MADISO",36.09857,-86.9249,"UTILITY POLE;EMBANKMENT EARTH","37115","2019","April","Spring","10","Sunday","Weekend","No Injuries","No Fatalities"
9.97532660980052e-314,2019-04-14 07:30:00,1,0,0,NA,"N","NOT COLLISION W/MOTOR VEHICLE-TRANSPORT","RAIN","DARK - LIGHTED","I40 W ENT RAMP & I 40","NASHVILLE","HERMIT",36.16102,-86.79298,"CONCRETE TRAFFIC BARRIER","37210","2019","April","Spring","07","Sunday","Weekend","No Injuries","No Fatalities"
9.97532668934508e-314,2019-04-14 05:00:00,1,0,0,NA,"Y","NOT COLLISION W/MOTOR VEHICLE-TRANSPORT","RAIN","DAYLIGHT","HAYWOOD LN & NOLENSVILLE PKE","NASHVILLE","SOUTH",36.06832,-86.71888,"FENCE","37211","2019","April","Spring","05","Sunday","Weekend","No Injuries","No Fatalities"
9.97532673875165e-314,2019-04-14 08:00:00,1,0,0,NA,"Y","NOT COLLISION W/MOTOR VEHICLE-TRANSPORT","RAIN","DARK - NOT LIGHTED","BRILEY PKWYE & BRILEY PKWYW","NASHVILLE","MADISO",36.2369,-86.79239,"DITCH;FENCE","37207","2019","April","Spring","08","Sunday","Weekend","No Injuries","No Fatalities"
9.9753182284709e-314,2019-04-08 07:57:00,1,1,0,NA,"N","NOT COLLISION W/MOTOR VEHICLE-TRANSPORT","RAIN","DARK - LIGHTED","MCCALL ST & SABRE DR","NASHVILLE","SOUTH",36.09888,-86.73184,"UTILITY POLE;DITCH;MAIL BOX","37211","2019","April","Spring","07","Monday","Weekday","Injuries","No Fatalities"
9.97531832777809e-314,2019-04-08 09:30:00,2,0,0,NA,"N","SIDESWIPE - SAME DIRECTION","RAIN","DARK - LIGHTED","MM 200 8 I 40","NASHVILLE","WEST",36.12789,-86.90114,"MOTOR VEHICLE IN TRANSPORT;CONCRETE TRAFFIC BARRIER","37209","2019","April","Spring","09","Monday","Weekday","No Injuries","No Fatalities"
9.97531833222469e-314,2019-04-08 09:38:00,1,1,0,NA,"N","NOT COLLISION W/MOTOR VEHICLE-TRANSPORT","RAIN","DARK - NOT LIGHTED","MM 39 3 I 24","WHITES CREEK","NORTH",36.29292,-86.81031,"GUARDRAIL FACE","37189","2019","April","Spring","09","Monday","Weekday","Injuries","No Fatalities"
9.97531833271875e-314,2019-04-08 09:33:00,1,0,0,NA,"N","NOT COLLISION W/MOTOR VEHICLE-TRANSPORT","RAIN","DARK - LIGHTED","38TH AVN & SUSANNAH CT","NASHVILLE","WEST",36.1475,-86.831,"FENCE","37209","2019","April","Spring","09","Monday","Weekday","No Injuries","No Fatalities"
9.97531833370688e-314,2019-04-08 09:28:00,2,0,0,NA,"Y","SIDESWIPE - SAME DIRECTION","RAIN","DARK - LIGHTED","MM 212 0 I 40","NASHVILLE","HERMIT",36.14729,-86.74404,"MOTOR VEHICLE IN TRANSPORT","37210","2019","April","Spring","09","Monday","Weekday","No Injuries","No Fatalities"
9.97531833864754e-314,2019-04-08 09:45:00,1,0,0,NA,"N","NOT COLLISION W/MOTOR VEHICLE-TRANSPORT","RAIN","DARK - NOT LIGHTED","MM 212 8 I 40","NASHVILLE","HERMIT",36.14183,-86.73473,"GUARDRAIL END","37210","2019","April","Spring","09","Monday","Weekday","No Injuries","No Fatalities"
9.97531837026774e-314,2019-04-08 10:30:00,1,0,0,NA,"N","NOT COLLISION W/MOTOR VEHICLE-TRANSPORT","RAIN","DARK - NOT LIGHTED","MM 54 3 I 24","NASHVILLE","SOUTH",36.10299,-86.71434,"CONCRETE TRAFFIC BARRIER","37211","2019","April","Spring","10","Monday","Weekday","No Injuries","No Fatalities"
9.97531837619653e-314,2019-04-08 10:05:00,2,0,0,NA,"N","SIDESWIPE - SAME DIRECTION","RAIN","DARK - NOT LIGHTED","MM 39 3 I 24","WHITES CREEK","NORTH",36.29229,-86.81017,"MOTOR VEHICLE IN TRANSPORT","37189","2019","April","Spring","10","Monday","Weekday","No Injuries","No Fatalities"
9.97531837817279e-314,2019-04-08 10:44:00,2,2,0,NA,"N","SIDESWIPE - SAME DIRECTION","RAIN","DARK - LIGHTED","MM 200 8 I 40","NASHVILLE","WEST",36.12799,-86.90105,"MOTOR VEHICLE IN TRANSPORT;CONCRETE TRAFFIC BARRIER","37209","2019","April","Spring","10","Monday","Weekday","Injuries","No Fatalities"
9.9753184053464e-314,2019-04-08 11:30:00,1,1,0,NA,"N","NOT COLLISION W/MOTOR VEHICLE-TRANSPORT","RAIN","DAYLIGHT","CHARLOTTE PKE & CHARLOTTE AV","NASHVILLE","WEST",36.15088,-86.85496,"PAVED SURFACE-IRREGULAR","37209","2019","April","Spring","11","Monday","Weekday","Injuries","No Fatalities"
9.97531840732266e-314,2019-04-08 11:28:00,1,1,0,NA,"N","NOT COLLISION W/MOTOR VEHICLE-TRANSPORT","RAIN","DAYLIGHT","BRILEY PKWYE & DOVERSIDE DR","NASHVILLE","MADISO",36.24016,-86.76914,"CONCRETE TRAFFIC BARRIER","37207","2019","April","Spring","11","Monday","Weekday","Injuries","No Fatalities"
9.97531841078112e-314,2019-04-08 11:28:00,1,1,0,NA,"N","NOT COLLISION W/MOTOR VEHICLE-TRANSPORT","RAIN","DAYLIGHT","MM 57 3 I 24","ANTIOCH","SOUTH",36.06554,-86.68566,"CONCRETE TRAFFIC BARRIER","37013","2019","April","Spring","11","Monday","Weekday","Injuries","No Fatalities"
9.97531841670991e-314,2019-04-08 11:03:00,2,0,0,NA,"N","SIDESWIPE - SAME DIRECTION","RAIN","DARK - LIGHTED","DONELSON PKE & MURFREESBORO PKE","NASHVILLE","SOUTH",36.10743,-86.67239,"MOTOR VEHICLE IN TRANSPORT","37217","2019","April","Spring","11","Monday","Weekday","No Injuries","No Fatalities"
9.97531842016837e-314,2019-04-08 11:43:00,2,1,0,NA,"N","Front to Rear","RAIN","DAYLIGHT","I65 N EXT RAMP & I 65","NASHVILLE","EAST",36.04005,-86.78124,"MOTOR VEHICLE IN TRANSPORT","37207","2019","April","Spring","11","Monday","Weekday","Injuries","No Fatalities"
9.97531842362683e-314,2019-04-08 11:30:00,2,0,0,NA,"N","ANGLE","RAIN","DAYLIGHT","5TH AVN & UNION ST","NASHVILLE","CENTRA",36.16451,-86.78106,"MOTOR VEHICLE IN TRANSPORT","37219","2019","April","Spring","11","Monday","Weekday","No Injuries","No Fatalities"
9.97531842461496e-314,2019-04-08 10:35:00,2,0,0,NA,"N","Front to Rear","RAIN","DAWN","OLD HICKORY BLVD & WHITES CREEK PKE","WHITES CREEK","NORTH",36.26569,-86.83089,"MOTOR VEHICLE IN TRANSPORT","37189","2019","April","Spring","10","Monday","Weekday","No Injuries","No Fatalities"
9.97531842510903e-314,2019-04-08 11:52:00,2,0,0,NA,"N","ANGLE","RAIN","DAYLIGHT","MM 77 0 I 65","NASHVILLE","MIDTOW",36.07172,-86.76974,"MOTOR VEHICLE IN TRANSPORT","37220","2019","April","Spring","11","Monday","Weekday","No Injuries","No Fatalities"
9.97531843004968e-314,2019-04-08 11:37:00,2,0,0,NA,"Y","SIDESWIPE - OPPOSITE DIRECTION","RAIN","DAYLIGHT","OLD HICKORY BLVD & LICKTON PKE","WHITES CREEK","NORTH",36.27218,-86.82066,"MOTOR VEHICLE IN TRANSPORT","37189","2019","April","Spring","11","Monday","Weekday","No Injuries","No Fatalities"
9.97531843301408e-314,2019-04-08 11:59:00,2,0,0,NA,"N","SIDESWIPE - SAME DIRECTION","RAIN","DAYLIGHT","MM 212 1 I 40","NASHVILLE","HERMIT",36.14684,-86.74304,"MOTOR VEHICLE IN TRANSPORT","37210","2019","April","Spring","11","Monday","Weekday","No Injuries","No Fatalities"
9.97531843499034e-314,2019-04-08 11:55:00,2,0,0,NA,"N","Front to Rear","RAIN","DAYLIGHT","HIGHWAY 100 & TRACESIDE DR","NASHVILLE","WEST",36.03865,-86.96381,"MOTOR VEHICLE IN TRANSPORT","37221","2019","April","Spring","11","Monday","Weekday","No Injuries","No Fatalities"
9.97531845178857e-314,2019-04-08 11:58:00,2,0,0,NA,"N","Front to Rear","RAIN","DAYLIGHT","MM 54 6 I 24","NASHVILLE","SOUTH",36.09955,-86.71078,"MOTOR VEHICLE IN TRANSPORT","37211","2019","April","Spring","11","Monday","Weekday","No Injuries","No Fatalities"
9.97531846216395e-314,2019-04-08 12:32:00,2,0,0,NA,"N","ANGLE","RAIN","DAYLIGHT","OLD HICKORY BLVD & HICKORY VALLEY CONDOS","ANTIOCH","SOUTH",36.04569,-86.70978,"MOTOR VEHICLE IN TRANSPORT","37013","2019","April","Spring","12","Monday","Weekday","No Injuries","No Fatalities"
9.97531846463428e-314,2019-04-08 12:29:00,2,0,0,NA,"N","Front to Rear","RAIN","DAYLIGHT","ELLINGTON PKWY S ENT RAMP & ELLINGTON PK","NASHVILLE","EAST",36.20318,-86.75152,"MOTOR VEHICLE IN TRANSPORT","37207","2019","April","Spring","12","Monday","Weekday","No Injuries","No Fatalities"
9.97531846661054e-314,2019-04-08 12:32:00,2,0,0,NA,"N","Front to Rear","RAIN","DAYLIGHT","CLARKSVILLE PKE & BUENA VISTA PKE","NASHVILLE","NORTH",36.19391,-86.83162,"MOTOR VEHICLE IN TRANSPORT","37218","2019","April","Spring","12","Monday","Weekday","No Injuries","No Fatalities"
9.97531847402153e-314,2019-04-08 12:45:00,2,0,0,NA,"N","Front to Rear","RAIN","DAYLIGHT","HICKORY HIGHLANDS DR & BELL RD","ANTIOCH","SOUTH",36.06072,-86.64028,"MOTOR VEHICLE IN TRANSPORT","37013","2019","April","Spring","12","Monday","Weekday","No Injuries","No Fatalities"
9.97531847500966e-314,2019-04-08 12:35:00,2,0,0,NA,"N","ANGLE","RAIN","DAYLIGHT","BROOKFIELD AV & HIGHWAY 100","NASHVILLE","WEST",36.09378,-86.87586,"MOTOR VEHICLE IN TRANSPORT","37205","2019","April","Spring","12","Monday","Weekday","No Injuries","No Fatalities"
9.9753184843969e-314,2019-04-08 12:51:00,2,0,0,NA,"N","Front to Rear","RAIN","DAYLIGHT","MM 222 0 I 40","HERMITAGE","HERMIT",36.16939,-86.57986,"MOTOR VEHICLE IN TRANSPORT","37076","2019","April","Spring","12","Monday","Weekday","No Injuries","No Fatalities"
9.97531848686723e-314,2019-04-08 12:41:00,2,1,0,NA,"N","Front to Rear","RAIN","DAYLIGHT","NOLENSVILLE PKE & BARNES RD","NASHVILLE","MIDTOW",36.03291,-86.71287,"MOTOR VEHICLE IN TRANSPORT","37211","2019","April","Spring","12","Monday","Weekday","Injuries","No Fatalities"
9.97531849081976e-314,2019-04-08 12:59:00,2,0,0,NA,"N","Front to Rear","RAIN","DAYLIGHT","I65 ENT RAMP & I 440","NASHVILLE","MIDTOW",36.11564,-86.78059,"MOTOR VEHICLE IN TRANSPORT","37204","2019","April","Spring","12","Monday","Weekday","No Injuries","No Fatalities"
9.97531849576041e-314,2019-04-08 12:45:00,2,0,0,NA,"N","ANGLE","RAIN","DAYLIGHT","NEVADA AV & 48TH AVN","NASHVILLE","WEST",36.14861,-86.84453,"MOTOR VEHICLE IN TRANSPORT","37209","2019","April","Spring","12","Monday","Weekday","No Injuries","No Fatalities"
9.97531852985094e-314,2019-04-08 12:52:00,2,0,0,NA,"N","Front to Rear","RAIN","DAYLIGHT","MM 84 9 I 65","NASHVILLE","NORTH",36.17824,-86.80094,"MOTOR VEHICLE IN TRANSPORT","37208","2019","April","Spring","12","Monday","Weekday","No Injuries","No Fatalities"
9.97531863162847e-314,2019-04-08 05:00:00,1,0,0,NA,"Y","NOT COLLISION W/MOTOR VEHICLE-TRANSPORT","RAIN","DAYLIGHT","MURFREESBORO PKE & VULTEE BLVD","NASHVILLE","HERMIT",36.12285,-86.70616,"FENCE","37217","2019","April","Spring","05","Monday","Weekday","No Injuries","No Fatalities"
9.97531866176647e-314,2019-04-08 12:39:00,2,0,0,NA,"Y","Front to Rear","RAIN","DAYLIGHT","18TH AVN & MCDANIEL ST","NASHVILLE","NORTH",36.18358,-86.81234,"MOTOR VEHICLE IN TRANSPORT","37208","2019","April","Spring","12","Monday","Weekday","No Injuries","No Fatalities"
9.97532412712065e-314,2019-04-12 11:15:00,2,0,0,NA,"N","ANGLE","RAIN","DAWN","CLARKSVILLE PKE & BUENA VISTA PKE","NASHVILLE","NORTH",36.19341,-86.83082,"MOTOR VEHICLE IN TRANSPORT","37218","2019","April","Spring","11","Friday","Weekday","No Injuries","No Fatalities"
9.97532414243668e-314,2019-04-12 05:00:00,2,1,0,NA,"Y","ANGLE","RAIN","Dark-Unknown Lighting","VANDIVER DR & EAGAN CIR","MADISON","MADISO",36.26254,-86.67917,"MOTOR VEHICLE IN TRANSPORT","37115","2019","April","Spring","05","Friday","Weekday","Injuries","No Fatalities"
9.97532415923491e-314,2019-04-12 11:37:00,1,0,0,NA,"N","NOT COLLISION W/MOTOR VEHICLE-TRANSPORT","RAIN","DAYLIGHT","HART LN & ELLINGTON PKWYS","NASHVILLE","EAST",36.21832,-86.74749,"CONCRETE TRAFFIC BARRIER","37207","2019","April","Spring","11","Friday","Weekday","No Injuries","No Fatalities"
9.97532416022304e-314,2019-04-12 11:54:00,2,4,0,NA,"N","HEAD-ON","RAIN","DAYLIGHT","PARAGON MILLS RD & ASTER DR","NASHVILLE","SOUTH",36.08952,-86.71881,"MOTOR VEHICLE IN TRANSPORT","37211","2019","April","Spring","11","Friday","Weekday","Injuries","No Fatalities"
9.97532419085511e-314,2019-04-12 12:26:00,2,0,0,NA,"N","Front to Rear","RAIN","DAYLIGHT","HUNTINGTON PKWY & EDMONDSON PKE","NASHVILLE","MIDTOW",36.0522,-86.74309,"MOTOR VEHICLE IN TRANSPORT","37211","2019","April","Spring","12","Friday","Weekday","No Injuries","No Fatalities"
9.97531868795195e-314,2019-04-08 05:00:00,2,0,0,NA,"Y","ANGLE","RAIN","DAYLIGHT","5TH AVN & JAMES ROBERTSON PKWY","NASHVILLE","CENTRA",36.16886,-86.78384,"MOTOR VEHICLE IN TRANSPORT","37219","2019","April","Spring","05","Monday","Weekday","No Injuries","No Fatalities"
9.97532419381951e-314,2019-04-12 12:29:00,2,0,0,NA,"N","ANGLE","RAIN","DAYLIGHT","VANTREASE RD & E MARTHONA RD","MADISON","MADISO",36.25754,-86.72813,"MOTOR VEHICLE IN TRANSPORT","37115","2019","April","Spring","12","Friday","Weekday","No Injuries","No Fatalities"
9.97532420024236e-314,2019-04-12 12:35:00,3,1,0,NA,"Y","Front to Rear","RAIN","DAYLIGHT","MM 56 2 I 24","NASHVILLE","SOUTH",36.08004,-86.69622,"MOTOR VEHICLE IN TRANSPORT","37211","2019","April","Spring","12","Friday","Weekday","Injuries","No Fatalities"