"Accident.Number","Date.and.Time","Number.of.Motor.Vehicles","Number.of.Injuries","Number.of.Fatalities","Property.Damage","Hit.and.Run","Collision.Type.Description","Weather.Description","Illumination.Description","Street.Address","City","Precinct","Latitude","Longitude","HarmfulDescriptions","Zip.Code","Year","Month","Season","Hour","Weekday","DayType","Accident","Fatality_category"
9.97532420172456e-314,2019-04-12 12:38:00,2,0,0,NA,"Y","Front to Rear","RAIN","DAYLIGHT","200 W TRINITY LN","NASHVILLE","EAST",36.20625,-86.77863,"MOTOR VEHICLE IN TRANSPORT;PARKED MOTOR VEHICLE","37207","2019","April","Spring","12","Friday","Weekday","No Injuries","No Fatalities"
9.97532420567708e-314,2019-04-12 12:36:00,2,0,0,NA,"N","Front to Rear","RAIN","DAYLIGHT","FRANKLIN PKE & CALDWELL LN","NASHVILLE","MIDTOW",36.1049,-86.77274,"MOTOR VEHICLE IN TRANSPORT","37204","2019","April","Spring","12","Friday","Weekday","No Injuries","No Fatalities"
9.97532420666521e-314,2019-04-12 12:30:00,2,0,0,NA,"N","Front to Rear","RAIN","DAYLIGHT","18TH AVN & CHARLOTTE AV","NASHVILLE","MIDTOW",36.15806,-86.79997,"MOTOR VEHICLE IN TRANSPORT","37203","2019","April","Spring","12","Friday","Weekday","No Injuries","No Fatalities"
9.97532420715928e-314,2019-04-12 12:41:00,2,0,0,NA,"N","REAR-TO-REAR","RAIN","DAYLIGHT","MM 32 3 I 24","JOELTON","NORTH",36.33594,-86.91116,"MOTOR VEHICLE IN TRANSPORT","37080","2019","April","Spring","12","Friday","Weekday","No Injuries","No Fatalities"
9.97532420864148e-314,2019-04-12 12:43:00,1,0,0,NA,"N","NOT COLLISION W/MOTOR VEHICLE-TRANSPORT","RAIN","DAYLIGHT","BRILEY PKWY N ENT RAMP & ELM HILL PKE WB","NASHVILLE","HERMIT",36.15282,-86.69066,"CONCRETE TRAFFIC BARRIER","37214","2019","April","Spring","12","Friday","Weekday","No Injuries","No Fatalities"
9.97532421061774e-314,2019-04-12 12:45:00,2,0,0,NA,"Y","ANGLE","RAIN","DAYLIGHT","ROYAL OAKS CONDOS PVTDR & HARDING PKE","NASHVILLE","WEST",36.12404,-86.84897,"MOTOR VEHICLE IN TRANSPORT","37205","2019","April","Spring","12","Friday","Weekday","No Injuries","No Fatalities"
9.97532421457026e-314,2019-04-12 12:51:00,2,0,0,NA,"N","Front to Rear","RAIN","DAYLIGHT","STEWARTS FERRY PKE & CREEKSTONE CIR","NASHVILLE","HERMIT",36.16139,-86.64589,"MOTOR VEHICLE IN TRANSPORT","37214","2019","April","Spring","12","Friday","Weekday","No Injuries","No Fatalities"
9.9753242155584e-314,2019-04-12 12:40:00,2,0,0,NA,"N","ANGLE","RAIN","DAYLIGHT","CLARKSVILLE PKE & CLIFF DR","NASHVILLE","NORTH",36.19296,-86.83009,"MOTOR VEHICLE IN TRANSPORT","37218","2019","April","Spring","12","Friday","Weekday","No Injuries","No Fatalities"
9.97532421654653e-314,2019-04-12 12:50:00,2,0,0,NA,"N","SIDESWIPE - SAME DIRECTION","RAIN","DAYLIGHT","ORDWAY PL & N 14TH ST","NASHVILLE","EAST",36.18023,-86.74598,"MOTOR VEHICLE IN TRANSPORT;PARKED MOTOR VEHICLE","37206","2019","April","Spring","12","Friday","Weekday","No Injuries","No Fatalities"
9.97532423334476e-314,2019-04-12 11:51:00,1,0,0,NA,"Y","NOT COLLISION W/MOTOR VEHICLE-TRANSPORT","RAIN","DAYLIGHT","OLD HICKORY BLVD & STREAMDALE PTW","ANTIOCH","SOUTH",36.03073,-86.68302,"DITCH","37013","2019","April","Spring","11","Friday","Weekday","No Injuries","No Fatalities"
9.97531896611091e-314,2019-04-08 05:00:00,2,1,0,NA,"N","Front to Rear","RAIN","DAYLIGHT","BRICK CHURCH PKE & WOODFOLK AV","NASHVILLE","NORTH",36.21747,-86.78156,"MOTOR VEHICLE IN TRANSPORT","37207","2019","April","Spring","05","Monday","Weekday","Injuries","No Fatalities"
9.97532541910231e-314,2019-04-13 09:49:00,2,0,0,NA,"N","SIDESWIPE - SAME DIRECTION","RAIN","DARK - LIGHTED","MM 82 1 I 65","NASHVILLE","MIDTOW",36.14519,-86.77746,"MOTOR VEHICLE IN TRANSPORT","37203","2019","April","Spring","09","Saturday","Weekend","No Injuries","No Fatalities"
9.9753254408412e-314,2019-04-13 10:10:00,1,0,0,NA,"N","NOT COLLISION W/MOTOR VEHICLE-TRANSPORT","RAIN","DARK - LIGHTED","MM 86 4 I 65","NASHVILLE","EAST",36.19292,-86.77754,"GUARDRAIL FACE","37207","2019","April","Spring","10","Saturday","Weekend","No Injuries","No Fatalities"
9.97532545714536e-314,2019-04-13 10:51:00,2,0,0,NA,"Y","SIDESWIPE - OPPOSITE DIRECTION","RAIN","DAWN","DICKERSON PKE & HANCOCK ST","NASHVILLE","EAST",36.18389,-86.77378,"MOTOR VEHICLE IN TRANSPORT","37207","2019","April","Spring","10","Saturday","Weekend","No Injuries","No Fatalities"
9.9753254724614e-314,2019-04-13 10:30:00,2,0,0,NA,"Y","SIDESWIPE - SAME DIRECTION","RAIN","DARK - LIGHTED","BRILEY PKWYN & BRILEY PKWYS","NASHVILLE","SOUTH",36.16676,-86.68815,"MOTOR VEHICLE IN TRANSPORT","37211","2019","April","Spring","10","Saturday","Weekend","No Injuries","No Fatalities"
9.97532547344953e-314,2019-04-13 11:23:00,2,4,0,NA,"N","ANGLE","RAIN","DAWN","S 1ST ST & WOODLAND ST","NASHVILLE","CENTRA",36.16905,-86.77224,"MOTOR VEHICLE IN TRANSPORT;CURB;TRAFFIC SIGNAL SUPPORT","37213","2019","April","Spring","11","Saturday","Weekend","Injuries","No Fatalities"
9.9753254882715e-314,2019-04-13 05:00:00,1,0,0,NA,"Y","NOT COLLISION W/MOTOR VEHICLE-TRANSPORT","RAIN","DARK - NOT LIGHTED","I24 E EXT RAMP & I 24","NASHVILLE","NORTH",36.13645,-86.72721,"EMBANKMENT ROCK/STONE/CONCRETE","37207","2019","April","Spring","05","Saturday","Weekend","No Injuries","No Fatalities"
9.97532549568248e-314,2019-04-13 12:07:00,1,1,0,NA,"N","NOT COLLISION W/MOTOR VEHICLE-TRANSPORT","RAIN","DAYLIGHT","I24E & I24 W ENT RAMP","NASHVILLE","HERMIT",36.13921,-86.72705,"WALL","37210","2019","April","Spring","12","Saturday","Weekend","Injuries","No Fatalities"
9.97532551396291e-314,2019-04-13 12:32:00,1,0,0,NA,"Y","NOT COLLISION W/MOTOR VEHICLE-TRANSPORT","RAIN","DARK - LIGHTED","TULIP GROVE RD & TULIP GROVE LN","HERMITAGE","HERMIT",36.19248,-86.59247,"TREE","37076","2019","April","Spring","12","Saturday","Weekend","No Injuries","No Fatalities"
9.9753255184095e-314,2019-04-13 12:48:00,1,0,0,NA,"N","NOT COLLISION W/MOTOR VEHICLE-TRANSPORT","RAIN","DAYLIGHT","MM 86 5 I 65","NASHVILLE","NORTH",36.19237,-86.77698,"GUARDRAIL FACE","37207","2019","April","Spring","12","Saturday","Weekend","No Injuries","No Fatalities"
9.97532552384423e-314,2019-04-13 12:30:00,1,0,0,NA,"N","NOT COLLISION W/MOTOR VEHICLE-TRANSPORT","RAIN","DAYLIGHT","125 BART DR","ANTIOCH","SOUTH",36.05645,-86.68174,"BUILDING;Ran Off Road-Left","37013","2019","April","Spring","12","Saturday","Weekend","No Injuries","No Fatalities"
9.97532552927895e-314,2019-04-13 12:50:00,2,0,0,NA,"N","ANGLE","RAIN","DAYLIGHT","CROSSINGS BLVD & MT VIEW RD","ANTIOCH","SOUTH",36.04548,-86.64729,"MOTOR VEHICLE IN TRANSPORT","37013","2019","April","Spring","12","Saturday","Weekend","No Injuries","No Fatalities"
9.97532558214397e-314,2019-04-13 12:35:00,2,0,0,NA,"N","ANGLE","RAIN","DARK - NOT LIGHTED","UNA ANTIOCH PKE & BILLINGSGATE RD","ANTIOCH","SOUTH",36.07501,-86.66254,"MOTOR VEHICLE IN TRANSPORT","37013","2019","April","Spring","12","Saturday","Weekend","No Injuries","No Fatalities"
9.97533498124882e-314,2019-04-20 00:46:00,2,2,0,NA,"N","HEAD-ON","RAIN","DAYLIGHT","THOMPSON LN & NOLENSVILLE PKE","NASHVILLE","MIDTOW",36.11094,-86.74522,"MOTOR VEHICLE IN TRANSPORT","37211","2019","April","Spring","00","Saturday","Weekend","Injuries","No Fatalities"
9.97533499063607e-314,2019-04-20 00:54:00,1,0,0,NA,"N","NOT COLLISION W/MOTOR VEHICLE-TRANSPORT","RAIN","DARK - LIGHTED","CHARLOTTE PKE & SUMMERLY DR","NASHVILLE","WEST",36.13652,-86.88394,"PAVED SURFACE-IRREGULAR","37209","2019","April","Spring","00","Saturday","Weekend","No Injuries","No Fatalities"
9.97533502028e-314,2019-04-20 01:25:00,1,1,0,NA,"N","NOT COLLISION W/MOTOR VEHICLE-TRANSPORT","RAIN","DARK - LIGHTED","DEMONBREUN ST & 4TH AVS","NASHVILLE","CENTRA",36.15899,-86.77589,"PEDESTRIAN","37203","2019","April","Spring","01","Saturday","Weekend","Injuries","No Fatalities"
9.97533502670286e-314,2019-04-20 01:36:00,3,0,0,NA,"N","ANGLE","RAIN","DARK - LIGHTED","BELL RD & EAGLE VIEW BLVD","ANTIOCH","SOUTH",36.05263,-86.6445,"MOTOR VEHICLE IN TRANSPORT","37013","2019","April","Spring","01","Saturday","Weekend","No Injuries","No Fatalities"
9.97533503361978e-314,2019-04-20 01:40:00,2,7,0,NA,"N","ANGLE","RAIN","DARK - LIGHTED","NOLENSVILLE PKE & WHITSETT RD","NASHVILLE","SOUTH",36.1151,-86.74736,"MOTOR VEHICLE IN TRANSPORT","37210","2019","April","Spring","01","Saturday","Weekend","Injuries","No Fatalities"
9.97533503510197e-314,2019-04-20 01:46:00,3,2,0,NA,"N","ANGLE","RAIN","DARK - LIGHTED","THOMPSON LN & OLD POWELL AV","NASHVILLE","MIDTOW",36.11239,-86.76802,"MOTOR VEHICLE IN TRANSPORT","37204","2019","April","Spring","01","Saturday","Weekend","Injuries","No Fatalities"
9.97533505585273e-314,2019-04-20 01:55:00,3,0,0,NA,"N","ANGLE","RAIN","DARK - LIGHTED","GALLATIN AV & FORREST AV","NASHVILLE","EAST",36.17868,-86.75085,"MOTOR VEHICLE IN TRANSPORT;PARKED MOTOR VEHICLE","37206","2019","April","Spring","01","Saturday","Weekend","No Injuries","No Fatalities"
9.97533506474591e-314,2019-04-20 02:18:00,1,1,0,NA,"N","NOT COLLISION W/MOTOR VEHICLE-TRANSPORT","RAIN","DARK - LIGHTED","MM 209 2 I 40","NASHVILLE","MIDTOW",36.15492,-86.78881,"PEDESTRIAN","37203","2019","April","Spring","02","Saturday","Weekend","Injuries","No Fatalities"
9.97533507808569e-314,2019-04-20 02:28:00,2,0,0,NA,"N","ANGLE","RAIN","DARK - NOT LIGHTED","OLD HICKORY BLVD & HADLEY AV","OLD HICKORY","HERMIT",36.25261,-86.64794,"MOTOR VEHICLE IN TRANSPORT","37138","2019","April","Spring","02","Saturday","Weekend","No Injuries","No Fatalities"
9.97533509883644e-314,2019-04-20 02:52:00,2,0,0,NA,"N","HEAD-ON","RAIN","DARK - NOT LIGHTED","ANDERSON RD & OWENDALE DR","NASHVILLE","HERMIT",36.07387,-86.62351,"MOTOR VEHICLE IN TRANSPORT","37217","2019","April","Spring","02","Saturday","Weekend","No Injuries","No Fatalities"
9.97533512304566e-314,2019-04-20 03:17:00,1,0,0,NA,"N","NOT COLLISION W/MOTOR VEHICLE-TRANSPORT","RAIN","DARK - NOT LIGHTED","BELL RD & OLD HICKORY BLVD","HERMITAGE","HERMIT",36.16139,-86.59882,"","37076","2019","April","Spring","03","Saturday","Weekend","No Injuries","No Fatalities"
9.97533514725488e-314,2019-04-20 03:34:00,2,0,0,NA,"Y","ANGLE","RAIN","DARK - LIGHTED","MM 86 3 I 65","NASHVILLE","CENTRA",36.19218,-86.78,"MOTOR VEHICLE IN TRANSPORT","37207","2019","April","Spring","03","Saturday","Weekend","No Injuries","No Fatalities"
9.97533517195816e-314,2019-04-20 04:18:00,2,0,0,NA,"N","ANGLE","RAIN","DARK - LIGHTED","MURFREESBORO PKE & PIN HOOK RD","ANTIOCH","SOUTH",36.04525,-86.6091,"MOTOR VEHICLE IN TRANSPORT","37013","2019","April","Spring","04","Saturday","Weekend","No Injuries","No Fatalities"
9.97533522235285e-314,2019-04-19 05:00:00,1,0,0,NA,"Y","NOT COLLISION W/MOTOR VEHICLE-TRANSPORT","RAIN","DARK - LIGHTED","GARFIELD ST & ROSA L PARKS BLVD","NASHVILLE","NORTH",36.18057,-86.79642,"FIRE HYDRANT","37208","2019","April","Spring","05","Friday","Weekday","No Injuries","No Fatalities"
9.97533522778758e-314,2019-04-20 04:50:00,1,1,0,NA,"Y","NOT COLLISION W/MOTOR VEHICLE-TRANSPORT","RAIN","Dark-Unknown Lighting","GLENROSE AV & EAST THOMPSON LN","NASHVILLE","SOUTH",36.11497,-86.7203,"CULVERT;Ran Off Road-Right","37210","2019","April","Spring","04","Saturday","Weekend","Injuries","No Fatalities"
9.97533526928909e-314,2019-04-20 05:30:00,1,0,0,NA,"N","NOT COLLISION W/MOTOR VEHICLE-TRANSPORT","RAIN","DARK - LIGHTED","MM 3 6 I 440","NASHVILLE","MIDTOW",36.11588,-86.7963,"CONCRETE TRAFFIC BARRIER","37212","2019","April","Spring","05","Saturday","Weekend","No Injuries","No Fatalities"
9.97533527077129e-314,2019-04-20 05:00:00,2,0,0,NA,"Y","SIDESWIPE - OPPOSITE DIRECTION","RAIN","DARK - LIGHTED","ANTIOCH PKE & BLUE HOLE RD","ANTIOCH","SOUTH",36.05996,-86.67211,"MOTOR VEHICLE IN TRANSPORT","37013","2019","April","Spring","05","Saturday","Weekend","No Injuries","No Fatalities"
9.97533528015853e-314,2019-04-20 03:35:00,2,0,0,NA,"Y","SIDESWIPE - SAME DIRECTION","RAIN","DARK - NOT LIGHTED","CENTRAL PKE & TULIP GROVE RD","HERMITAGE","HERMIT",36.17248,-86.59511,"MOTOR VEHICLE IN TRANSPORT","37076","2019","April","Spring","03","Saturday","Weekend","No Injuries","No Fatalities"
9.97533528954578e-314,2019-04-20 05:00:00,1,0,0,NA,"Y","NOT COLLISION W/MOTOR VEHICLE-TRANSPORT","RAIN","DARK - NOT LIGHTED","0 DREWRY DR","ANTIOCH","SOUTH",36.06848,-86.67634,"EMBANKMENT EARTH","37013","2019","April","Spring","05","Saturday","Weekend","No Injuries","No Fatalities"
9.9753352949805e-314,2019-04-20 05:24:00,1,0,0,NA,"Y","NOT COLLISION W/MOTOR VEHICLE-TRANSPORT","RAIN","DARK - LIGHTED","ASHEFORD TRC & SUMMERCREST BLVD","ANTIOCH","SOUTH",36.04188,-86.62152,"DITCH","37013","2019","April","Spring","05","Saturday","Weekend","No Injuries","No Fatalities"
9.97533533351762e-314,2019-04-20 06:24:00,3,0,0,NA,"Y","ANGLE","RAIN","DARK - LIGHTED","PENNINGTON BEND RD & MCGAVOCK PKE","NASHVILLE","HERMIT",36.21612,-86.68909,"MOTOR VEHICLE IN TRANSPORT;PARKED MOTOR VEHICLE","37214","2019","April","Spring","06","Saturday","Weekend","No Injuries","No Fatalities"
9.97533534883366e-314,2019-04-20 06:30:00,1,0,0,NA,"N","NOT COLLISION W/MOTOR VEHICLE-TRANSPORT","RAIN","DARK - LIGHTED","NOLENSVILLE PKE & ASH GROVE DR","NASHVILLE","SOUTH",36.04978,-86.71388,"DITCH","37211","2019","April","Spring","06","Saturday","Weekend","No Injuries","No Fatalities"
9.97533539873429e-314,2019-04-20 06:49:00,2,0,0,NA,"Y","ANGLE","RAIN","DARK - LIGHTED","ANDERSON RD & COUNTRY WAY RD","NASHVILLE","HERMIT",36.08049,-86.60651,"MOTOR VEHICLE IN TRANSPORT","37217","2019","April","Spring","06","Saturday","Weekend","No Injuries","No Fatalities"
9.97533540169868e-314,2019-04-20 07:28:00,1,0,0,NA,"N","NOT COLLISION W/MOTOR VEHICLE-TRANSPORT","RAIN","DARK - LIGHTED","RURAL HILL RD & TOOK DR","ANTIOCH","SOUTH",36.05602,-86.65102,"UTILITY POLE","37013","2019","April","Spring","07","Saturday","Weekend","No Injuries","No Fatalities"
9.97533543331888e-314,2019-04-20 05:00:00,1,0,0,NA,"Y","NOT COLLISION W/MOTOR VEHICLE-TRANSPORT","RAIN","DARK - LIGHTED","MUSIC VALLEY DR & BRILEY PKWYS","NASHVILLE","HERMIT",36.21907,-86.69428,"LUMINAIRE/LIGHT SUPPORT","37214","2019","April","Spring","05","Saturday","Weekend","No Injuries","No Fatalities"
9.97533543727141e-314,2019-04-20 08:24:00,1,0,0,NA,"N","NOT COLLISION W/MOTOR VEHICLE-TRANSPORT","RAIN","DARK - LIGHTED","MM 215 1 I 40","NASHVILLE","HERMIT",36.14414,-86.69297,"GUARDRAIL FACE","37214","2019","April","Spring","08","Saturday","Weekend","No Injuries","No Fatalities"
9.97533545061118e-314,2019-04-20 08:30:00,1,1,0,NA,"Y","NOT COLLISION W/MOTOR VEHICLE-TRANSPORT","RAIN","DARK - LIGHTED","ALLIED DR & TROUSDALE DR","NASHVILLE","MIDTOW",36.09658,-86.74897,"","37211","2019","April","Spring","08","Saturday","Weekend","Injuries","No Fatalities"
9.97533545456371e-314,2019-04-20 05:00:00,1,0,0,NA,"Y","NOT COLLISION W/MOTOR VEHICLE-TRANSPORT","RAIN","DARK - LIGHTED","BRICK CHURCH PKE & SOUTHERLAND DR","NASHVILLE","NORTH",36.21492,-86.77967,"UTILITY POLE","37207","2019","April","Spring","05","Saturday","Weekend","No Injuries","No Fatalities"
9.97533546345689e-314,2019-04-20 09:00:00,2,1,0,NA,"N","ANGLE","RAIN","DARK - LIGHTED","MURFREESBORO PKE & MOUNTAIN SPRINGS RD","ANTIOCH","SOUTH",36.04784,-86.61205,"MOTOR VEHICLE IN TRANSPORT","37013","2019","April","Spring","09","Saturday","Weekend","Injuries","No Fatalities"
9.97535505266568e-314,2019-05-04 05:00:00,2,3,0,NA,"N","UNKNOWN","RAIN","DAYLIGHT","MM 77 3 I 65","NASHVILLE","MIDTOW",36.07591,-86.76763,"UNKNOWN MOST HARMFUL EVENT","37220","2019","May","Spring","05","Saturday","Weekend","Injuries","No Fatalities"
9.97533547976106e-314,2019-04-20 08:23:00,1,0,0,NA,"N","NOT COLLISION W/MOTOR VEHICLE-TRANSPORT","RAIN","DARK - NOT LIGHTED","MT VIEW RIDGE DR & MT VIEW RD","ANTIOCH","SOUTH",36.06815,-86.59638,"TREE;Ran Off Road-Left","37013","2019","April","Spring","08","Saturday","Weekend","No Injuries","No Fatalities"
9.97535508527401e-314,2019-05-04 05:00:00,2,0,0,NA,"N","SIDESWIPE - SAME DIRECTION","RAIN","OTHER","4TH AVN & DEADERICK ST","NASHVILLE","CENTRA",36.1657,-86.78026,"MOTOR VEHICLE IN TRANSPORT","37219","2019","May","Spring","05","Saturday","Weekend","No Injuries","No Fatalities"
9.97535511294169e-314,2019-05-05 00:02:00,2,1,0,NA,"N","Front to Rear","RAIN","DARK - LIGHTED","APACHE TRL & HICKORY LAKE APTS PVTDR","NASHVILLE","SOUTH",36.06707,-86.68956,"MOTOR VEHICLE IN TRANSPORT","37211","2019","May","Spring","00","Sunday","Weekend","Injuries","No Fatalities"
9.97535511837641e-314,2019-05-05 00:09:00,2,2,1,NA,"Y","NOT COLLISION W/MOTOR VEHICLE-TRANSPORT","RAIN","DARK - LIGHTED","MM 55 0 I 24","NASHVILLE","SOUTH",36.0947,-86.70711,"MOTOR VEHICLE IN TRANSPORT;GUARDRAIL FACE;OTHER POST, POLE, SUPP.;WALL;Ran Off Road-Right;Ran Off Road-Left","37211","2019","May","Spring","00","Sunday","Weekend","Injuries","With Fatalities"
9.97533561464098e-314,2019-04-20 12:55:00,2,0,0,NA,"N","Front to Rear","RAIN","DAYLIGHT","HARDING PKE & WOODMONT BLVD","NASHVILLE","WEST",36.1248,-86.84789,"MOTOR VEHICLE IN TRANSPORT","37205","2019","April","Spring","12","Saturday","Weekend","No Injuries","No Fatalities"
9.97535515147881e-314,2019-05-05 00:18:00,2,0,0,NA,"Y","ANGLE","RAIN","DARK - LIGHTED","OLD HICKORY BLVD & NOLENSVILLE PKE","ANTIOCH","SOUTH",36.04541,-86.71278,"MOTOR VEHICLE IN TRANSPORT","37013","2019","May","Spring","00","Sunday","Weekend","No Injuries","No Fatalities"
9.97535518062868e-314,2019-05-05 01:26:00,2,3,0,NA,"N","ANGLE","RAIN","DARK - LIGHTED","OLD HICKORY BLVD & EDMONDSON PKE","NASHVILLE","MIDTOW",36.04002,-86.7436,"MOTOR VEHICLE IN TRANSPORT","37220","2019","May","Spring","01","Sunday","Weekend","Injuries","No Fatalities"
9.97535518408714e-314,2019-05-05 01:30:00,2,2,0,NA,"N","Front to Rear","RAIN","DARK - LIGHTED","GALLATIN PKEN & EDENWOLD RD","MADISON","MADISO",36.28641,-86.70558,"MOTOR VEHICLE IN TRANSPORT","37115","2019","May","Spring","01","Sunday","Weekend","Injuries","No Fatalities"
9.97535519001593e-314,2019-05-05 01:30:00,2,0,0,NA,"N","ANGLE","RAIN","DAYLIGHT","FESSLERS LN & HEATHCOTE AV","NASHVILLE","HERMIT",36.1523,-86.74257,"MOTOR VEHICLE IN TRANSPORT","37210","2019","May","Spring","01","Sunday","Weekend","No Injuries","No Fatalities"
9.97535519594472e-314,2019-05-05 01:40:00,2,0,0,NA,"N","Front to Rear","RAIN","DARK - LIGHTED","WEST END AV & NATCHEZ TRC","NASHVILLE","MIDTOW",36.14627,-86.80979,"MOTOR VEHICLE IN TRANSPORT","37212","2019","May","Spring","01","Sunday","Weekend","No Injuries","No Fatalities"
9.97535519693285e-314,2019-05-05 01:45:00,3,3,0,NA,"N","ANGLE","RAIN","DARK - LIGHTED","BELL RD & BEECHWOOD TER","ANTIOCH","SOUTH",36.04481,-86.66879,"MOTOR VEHICLE IN TRANSPORT","37013","2019","May","Spring","01","Sunday","Weekend","Injuries","No Fatalities"
9.97535520434383e-314,2019-05-04 05:00:00,2,0,0,NA,"Y","SIDESWIPE - SAME DIRECTION","RAIN","DARK - LIGHTED","JAMES ROBERTSON PKWY & GAY ST","NASHVILLE","CENTRA",36.1692,-86.77498,"MOTOR VEHICLE IN TRANSPORT","37219","2019","May","Spring","05","Saturday","Weekend","No Injuries","No Fatalities"
9.97535520681416e-314,2019-05-05 02:00:00,2,1,0,NA,"N","ANGLE","RAIN","DARK - LIGHTED","US HWY 41 & MCCRORY RD","NASHVILLE","SOUTH",36.10323,-86.66648,"MOTOR VEHICLE IN TRANSPORT","37217","2019","May","Spring","02","Sunday","Weekend","Injuries","No Fatalities"
9.97535520879042e-314,2019-05-05 02:05:00,2,0,0,NA,"Y","Front to Rear","RAIN","DARK - LIGHTED","ANDREW JACKSON PKWY & LEXINGTON WAY","OLD HICKORY","HERMIT",36.22564,-86.59781,"MOTOR VEHICLE IN TRANSPORT","37138","2019","May","Spring","02","Sunday","Weekend","No Injuries","No Fatalities"
9.97533567491699e-314,2019-04-20 12:45:00,2,0,0,NA,"N","HEAD-ON","RAIN","DAYLIGHT","ILLINOIS AV & 48TH AVN","NASHVILLE","WEST",36.15776,-86.845,"MOTOR VEHICLE IN TRANSPORT","37209","2019","April","Spring","12","Saturday","Weekend","No Injuries","No Fatalities"
9.97535524288095e-314,2019-05-05 02:53:00,2,0,0,NA,"Y","SIDESWIPE - SAME DIRECTION","RAIN","DARK - LIGHTED","5TH AVS & BROADWAY","NASHVILLE","CENTRA",36.16027,-86.7783,"MOTOR VEHICLE IN TRANSPORT","37203","2019","May","Spring","02","Sunday","Weekend","No Injuries","No Fatalities"
9.97535524979787e-314,2019-05-05 03:02:00,2,1,0,NA,"N","ANGLE","RAIN","DARK - LIGHTED","OLD HICKORY BLVDW & DICKERSON PKE","MADISON","MADISO",36.26926,-86.75574,"MOTOR VEHICLE IN TRANSPORT","37115","2019","May","Spring","03","Sunday","Weekend","Injuries","No Fatalities"
9.97535525276227e-314,2019-05-05 01:39:00,1,0,0,NA,"N","NOT COLLISION W/MOTOR VEHICLE-TRANSPORT","RAIN","DARK - LIGHTED","DEMONBREUN ST & 14TH AVS","NASHVILLE","MIDTOW",36.15307,-86.78951,"OTHER POST, POLE, SUPP.","37203","2019","May","Spring","01","Sunday","Weekend","No Injuries","No Fatalities"
9.97535525572666e-314,2019-05-05 02:50:00,1,0,0,NA,"N","NOT COLLISION W/MOTOR VEHICLE-TRANSPORT","RAIN","DARK - LIGHTED","MM 86 4 I 65","NASHVILLE","EAST",36.19254,-86.77843,"GUARDRAIL FACE","37207","2019","May","Spring","02","Sunday","Weekend","No Injuries","No Fatalities"
9.97535525918512e-314,2019-05-04 05:00:00,2,2,0,NA,"N","ANGLE","RAIN","DARK - LIGHTED","STONE BROOK DR & OLD HICKORY BLVD","BRENTWOOD","MIDTOW",36.0409,-86.77938,"MOTOR VEHICLE IN TRANSPORT","37027","2019","May","Spring","05","Saturday","Weekend","Injuries","No Fatalities"
9.97535525967919e-314,2019-05-05 01:32:00,2,0,0,NA,"Y","Front to Rear","RAIN","DUSK","HARDING PL & I24 E ENT RAMP","NASHVILLE","SOUTH",36.08564,-86.70117,"MOTOR VEHICLE IN TRANSPORT","37211","2019","May","Spring","01","Sunday","Weekend","No Injuries","No Fatalities"
9.9753552680783e-314,2019-05-05 03:40:00,1,1,0,NA,"N","NOT COLLISION W/MOTOR VEHICLE-TRANSPORT","RAIN","DARK - NOT LIGHTED","CHARLOTTE AV & ROSA L PARKS BLVD","NASHVILLE","CENTRA",36.16414,-86.78595,"PEDESTRIAN","37203","2019","May","Spring","03","Sunday","Weekend","Injuries","No Fatalities"
9.9753552695605e-314,2019-05-04 05:00:00,2,0,0,NA,"Y","ANGLE","RAIN","DARK - LIGHTED","GALLATIN PKEN & ONE MILE PKWY","MADISON","MADISO",36.27935,-86.70883,"MOTOR VEHICLE IN TRANSPORT","37115","2019","May","Spring","05","Saturday","Weekend","No Injuries","No Fatalities"
9.97533570900751e-314,2019-04-20 04:52:00,1,1,0,NA,"Y","NOT COLLISION W/MOTOR VEHICLE-TRANSPORT","RAIN","DARK - LIGHTED","WOODLAND ST & S 9TH ST","NASHVILLE","EAST",36.17493,-86.75663,"PEDESTRIAN","37206","2019","April","Spring","04","Saturday","Weekend","Injuries","No Fatalities"
9.97535527005457e-314,2019-05-05 03:45:00,3,1,0,NA,"N","Front to Rear","RAIN","DARK - LIGHTED","MM 86 5 I 65","NASHVILLE","NORTH",36.1935,-86.77678,"MOTOR VEHICLE IN TRANSPORT;GUARDRAIL FACE","37207","2019","May","Spring","03","Sunday","Weekend","Injuries","No Fatalities"
9.97535527054863e-314,2019-05-05 03:05:00,2,0,0,NA,"N","NOT COLLISION W/MOTOR VEHICLE-TRANSPORT","RAIN","DARK - LIGHTED","I24 W ENT RAMP & I 40","NASHVILLE","HERMIT",36.154,-86.76292,"MOTOR VEHICLE IN TRANSPORT;GUARDRAIL END;Ran Off Road-Right","37217","2019","May","Spring","03","Sunday","Weekend","No Injuries","No Fatalities"
9.97535527203083e-314,2019-05-05 03:57:00,2,1,0,NA,"N","Front to Rear","RAIN","DARK - LIGHTED","MM 78 7 I 65","NASHVILLE","MIDTOW",36.09601,-86.76286,"MOTOR VEHICLE IN TRANSPORT","37204","2019","May","Spring","03","Sunday","Weekend","Injuries","No Fatalities"
9.97535527301896e-314,2019-05-05 04:00:00,2,0,0,NA,"N","Front to Rear","RAIN","DARK - NOT LIGHTED","MM 86 6 I 65","NASHVILLE","NORTH",36.19681,-86.77615,"MOTOR VEHICLE IN TRANSPORT","37207","2019","May","Spring","04","Sunday","Weekend","No Injuries","No Fatalities"
9.97535527993588e-314,2019-05-05 04:02:00,1,1,0,NA,"N","NOT COLLISION W/MOTOR VEHICLE-TRANSPORT","RAIN","DARK - LIGHTED","I65 S EXT RAMP & I65 S EXT RAMP","NASHVILLE","NORTH",36.24,-86.74826,"CONCRETE TRAFFIC BARRIER","37208","2019","May","Spring","04","Sunday","Weekend","Injuries","No Fatalities"