"Accident.Number","Date.and.Time","Number.of.Motor.Vehicles","Number.of.Injuries","Number.of.Fatalities","Property.Damage","Hit.and.Run","Collision.Type.Description","Weather.Description","Illumination.Description","Street.Address","City","Precinct","Latitude","Longitude","HarmfulDescriptions","Zip.Code","Year","Month","Season","Hour","Weekday","DayType","Accident","Fatality_category"
9.97535528141807e-314,2019-05-05 03:55:00,1,0,0,NA,"N","NOT COLLISION W/MOTOR VEHICLE-TRANSPORT","RAIN","DARK - NOT LIGHTED","MM 39 2 I 24","WHITES CREEK","NORTH",36.29354,-86.81044,"GUARDRAIL FACE","37189","2019","May","Spring","03","Sunday","Weekend","No Injuries","No Fatalities"
9.97535528734686e-314,2019-05-04 05:00:00,2,0,0,NA,"Y","SIDESWIPE - SAME DIRECTION","RAIN","DARK - LIGHTED","MM 86 7 I 65","NASHVILLE","NORTH",36.19805,-86.77633,"MOTOR VEHICLE IN TRANSPORT","37207","2019","May","Spring","05","Saturday","Weekend","No Injuries","No Fatalities"
9.97535529228752e-314,2019-05-04 05:00:00,2,0,0,NA,"Y","SIDESWIPE - SAME DIRECTION","RAIN","DARK - LIGHTED","APACHE TRL & HICKORY LAKE APTS PVTDR","NASHVILLE","SOUTH",36.06707,-86.68904,"MOTOR VEHICLE IN TRANSPORT","37211","2019","May","Spring","05","Saturday","Weekend","No Injuries","No Fatalities"
9.97535529426378e-314,2019-05-05 02:50:00,1,0,0,NA,"N","NOT COLLISION W/MOTOR VEHICLE-TRANSPORT","RAIN","DARK - LIGHTED","31ST AVN & HEDRICK ST","NASHVILLE","MIDTOW",36.14367,-86.81628,"UTILITY POLE","37203","2019","May","Spring","02","Sunday","Weekend","No Injuries","No Fatalities"
9.97535529624004e-314,2019-05-05 02:53:00,3,0,0,NA,"N","ANGLE","RAIN","DARK - LIGHTED","OLD HICKORY BLVD & HIGHWAY 70S","NASHVILLE","WEST",36.07448,-86.92094,"MOTOR VEHICLE IN TRANSPORT","37221","2019","May","Spring","02","Sunday","Weekend","No Injuries","No Fatalities"
9.97535531501454e-314,2019-05-05 04:35:00,2,1,0,NA,"N","OTHER","RAIN","DARK - LIGHTED","I40 W ENT RAMP & I 40","NASHVILLE","HERMIT",36.08168,-86.95713,"MOTOR VEHICLE IN TRANSPORT","37210","2019","May","Spring","04","Sunday","Weekend","Injuries","No Fatalities"
9.97535532094333e-314,2019-05-05 04:50:00,1,0,0,NA,"N","NOT COLLISION W/MOTOR VEHICLE-TRANSPORT","RAIN","DARK - LIGHTED","I24 W EXT RAMP & I 24","NASHVILLE","SOUTH",36.17777,-86.77272,"CONCRETE TRAFFIC BARRIER","37211","2019","May","Spring","04","Sunday","Weekend","No Injuries","No Fatalities"
9.97535532489585e-314,2019-05-05 05:01:00,3,2,0,NA,"N","Front to Rear","RAIN","DARK - LIGHTED","DEMONBREUN ST & 7TH AVS","NASHVILLE","CENTRA",36.15737,-86.77971,"MOTOR VEHICLE IN TRANSPORT","37203","2019","May","Spring","05","Sunday","Weekend","Injuries","No Fatalities"
9.97535533477716e-314,2019-05-05 05:00:00,1,1,0,NA,"N","NOT COLLISION W/MOTOR VEHICLE-TRANSPORT","RAIN","DARK - LIGHTED","I40 E EXT RAMP & I 40","NASHVILLE","HERMIT",36.12992,-86.89896,"","37214","2019","May","Spring","05","Sunday","Weekend","Injuries","No Fatalities"
9.97535535108133e-314,2019-05-05 05:20:00,1,0,0,NA,"N","NOT COLLISION W/MOTOR VEHICLE-TRANSPORT","RAIN","DARK - LIGHTED","I40 E ENT RAMP & I 40","NASHVILLE","WEST",36.14,-86.66311,"GUARDRAIL FACE","37205","2019","May","Spring","05","Sunday","Weekend","No Injuries","No Fatalities"
9.97535535453979e-314,2019-05-05 04:50:00,1,0,0,NA,"N","NOT COLLISION W/MOTOR VEHICLE-TRANSPORT","RAIN","DARK - NOT LIGHTED","MCGAVOCK PKE & SCHOOL LN","NASHVILLE","SOUTH",36.11031,-86.6894,"DITCH","37217","2019","May","Spring","04","Sunday","Weekend","No Injuries","No Fatalities"
9.97535535552792e-314,2019-05-05 02:11:00,2,0,0,NA,"Y","Front to Rear","RAIN","DARK - LIGHTED","19TH AVS & 19TH AVN","NASHVILLE","MIDTOW",36.15188,-86.79714,"MOTOR VEHICLE IN TRANSPORT","37203","2019","May","Spring","02","Sunday","Weekend","No Injuries","No Fatalities"
9.97535535750418e-314,2019-05-05 05:05:00,2,0,0,NA,"Y","Front to Rear","RAIN","DARK - LIGHTED","BELL FORGE LNE & BELL RD","ANTIOCH","SOUTH",36.05073,-86.64691,"MOTOR VEHICLE IN TRANSPORT","37013","2019","May","Spring","05","Sunday","Weekend","No Injuries","No Fatalities"
9.9753553644211e-314,2019-05-05 02:25:00,2,0,0,NA,"N","SIDESWIPE - OPPOSITE DIRECTION","RAIN","DARK - LIGHTED","FESSLERS LN & POLK AV","NASHVILLE","SOUTH",36.13477,-86.74684,"MOTOR VEHICLE IN TRANSPORT","37210","2019","May","Spring","02","Sunday","Weekend","No Injuries","No Fatalities"
9.97535536985583e-314,2019-05-05 05:55:00,2,0,0,NA,"N","Front to Rear","RAIN","DARK - LIGHTED","DOUGLAS AV & GALLATIN AV","NASHVILLE","EAST",36.19274,-86.74469,"MOTOR VEHICLE IN TRANSPORT","37206","2019","May","Spring","05","Sunday","Weekend","No Injuries","No Fatalities"
9.97535537331429e-314,2019-05-05 06:04:00,1,0,0,NA,"Y","NOT COLLISION W/MOTOR VEHICLE-TRANSPORT","RAIN","DARK - NOT LIGHTED","MM 55 4 I 24","NASHVILLE","SOUTH",36.08973,-86.70307,"CONCRETE TRAFFIC BARRIER;Ran Off Road-Right","37211","2019","May","Spring","06","Sunday","Weekend","No Injuries","No Fatalities"
9.97535129480238e-314,2019-05-01 05:00:00,3,0,0,NA,"N","Front to Rear","RAIN","DAYLIGHT","MM 52 1 I 24","NASHVILLE","SOUTH",36.1349,-86.72676,"MOTOR VEHICLE IN TRANSPORT","37217","2019","May","Spring","05","Wednesday","Weekday","No Injuries","No Fatalities"
9.97535538714812e-314,2019-05-05 05:00:00,1,0,0,NA,"Y","NOT COLLISION W/MOTOR VEHICLE-TRANSPORT","RAIN","DARK - LIGHTED","LAFAYETTE ST & 6TH AVS","NASHVILLE","CENTRA",36.15306,-86.77499,"UTILITY POLE","37203","2019","May","Spring","05","Sunday","Weekend","No Injuries","No Fatalities"
9.97535539110065e-314,2019-05-05 05:00:00,2,1,0,NA,"Y","ANGLE","RAIN","DARK - LIGHTED","I24 W EXT RAMP & I 24","NASHVILLE","SOUTH",36.0456,-86.65847,"MOTOR VEHICLE IN TRANSPORT","37211","2019","May","Spring","05","Sunday","Weekend","Injuries","No Fatalities"
9.97535539851163e-314,2019-05-05 06:36:00,1,0,0,NA,"N","NOT COLLISION W/MOTOR VEHICLE-TRANSPORT","RAIN","DARK - LIGHTED","MM 55 5 I 24","NASHVILLE","SOUTH",36.08884,-86.70237,"OTHER OBJECT (NOT FIXED)","37211","2019","May","Spring","06","Sunday","Weekend","No Injuries","No Fatalities"
9.97535540938108e-314,2019-05-05 06:54:00,2,1,0,NA,"N","ANGLE","RAIN","DARK - LIGHTED","ELLISTON PL & 22ND AVN","NASHVILLE","MIDTOW",36.15169,-86.80372,"MOTOR VEHICLE IN TRANSPORT","37203","2019","May","Spring","06","Sunday","Weekend","Injuries","No Fatalities"
9.97535542568524e-314,2019-05-05 07:20:00,2,0,0,NA,"Y","Front to Rear","RAIN","DARK - LIGHTED","MM 60 6 I 24","ANTIOCH","SOUTH",36.03434,-86.64257,"MOTOR VEHICLE IN TRANSPORT;PARKED MOTOR VEHICLE;CONCRETE TRAFFIC BARRIER","37013","2019","May","Spring","07","Sunday","Weekend","No Injuries","No Fatalities"
9.97535135804278e-314,2019-05-02 00:21:00,2,0,0,NA,"Y","Front to Rear","RAIN","DUSK","SAUNDERSVILLE RD & SHUTE LN","OLD HICKORY","HERMIT",36.22631,-86.60319,"MOTOR VEHICLE IN TRANSPORT","37138","2019","May","Spring","00","Thursday","Weekday","No Injuries","No Fatalities"
9.97535136150124e-314,2019-05-02 00:24:00,3,0,0,NA,"N","ANGLE","RAIN","DUSK","CHARLOTTE PK & I 40 E ENTRANCE RAMP","NASHVILLE","WEST",36.132131,-86.895216,"MOTOR VEHICLE IN TRANSPORT","37205","2019","May","Spring","00","Thursday","Weekday","No Injuries","No Fatalities"
9.97535544347161e-314,2019-05-05 02:55:00,2,0,0,NA,"N","ANGLE","RAIN","DARK - NOT LIGHTED","BELL RD & LINCOYA BAY DR","NASHVILLE","HERMIT",36.14516,-86.62626,"MOTOR VEHICLE IN TRANSPORT","37214","2019","May","Spring","02","Sunday","Weekend","No Injuries","No Fatalities"
9.97535545483512e-314,2019-05-05 07:50:00,2,0,0,NA,"Y","SIDESWIPE - SAME DIRECTION","RAIN","DARK - NOT LIGHTED","TIMBER VALLEY DR & HAMMACK CT","NASHVILLE","HERMIT",36.1303,-86.63766,"MOTOR VEHICLE IN TRANSPORT;PARKED MOTOR VEHICLE","37214","2019","May","Spring","07","Sunday","Weekend","No Injuries","No Fatalities"
9.97535545631731e-314,2019-05-05 05:00:00,1,0,0,NA,"Y","NOT COLLISION W/MOTOR VEHICLE-TRANSPORT","RAIN","DARK - LIGHTED","MOORMANS ARM RD & CRAVATH DR","NASHVILLE","NORTH",36.21796,-86.80681,"MAIL BOX;TREE","37207","2019","May","Spring","05","Sunday","Weekend","No Injuries","No Fatalities"
9.97535546965709e-314,2019-05-05 08:45:00,1,0,0,NA,"Y","NOT COLLISION W/MOTOR VEHICLE-TRANSPORT","RAIN","DARK - LIGHTED","DOUGLAS AV & CLINE AV","NASHVILLE","EAST",36.19327,-86.75111,"CURB;WALL;MAIL BOX","37206","2019","May","Spring","08","Sunday","Weekend","No Injuries","No Fatalities"
9.97535551214673e-314,2019-05-05 09:53:00,1,0,0,NA,"N","NOT COLLISION W/MOTOR VEHICLE-TRANSPORT","RAIN","DARK - LIGHTED","CLARKSVILLE PKE & 18TH AVN","NASHVILLE","NORTH",36.18298,-86.81262,"BUILDING","37208","2019","May","Spring","09","Sunday","Weekend","No Injuries","No Fatalities"
9.97534365753563e-314,2019-04-26 00:21:00,2,0,0,NA,"N","ANGLE","RAIN","DUSK","GALLATIN PKEN & RIVERGATE PKWY","MADISON","MADISO",36.29691,-86.69916,"MOTOR VEHICLE IN TRANSPORT","37115","2019","April","Spring","00","Friday","Weekday","No Injuries","No Fatalities"
9.9753436881677e-314,2019-04-26 00:55:00,2,0,0,NA,"N","Front to Rear","RAIN","DAYLIGHT","BROADWAY & 7TH AVN","NASHVILLE","CENTRA",36.15941,-86.78091,"MOTOR VEHICLE IN TRANSPORT","37203","2019","April","Spring","00","Friday","Weekday","No Injuries","No Fatalities"
9.97534368915583e-314,2019-04-26 00:56:00,2,4,0,NA,"N","SIDESWIPE - OPPOSITE DIRECTION","RAIN","DARK - NOT LIGHTED","OLD HICKORY BLVD & GRANDVILLE BLVD","NASHVILLE","MADISO",36.27865,-86.77325,"MOTOR VEHICLE IN TRANSPORT;GUARDRAIL FACE;DITCH","37207","2019","April","Spring","00","Friday","Weekday","Injuries","No Fatalities"
9.97534371879977e-314,2019-04-26 01:20:00,2,0,0,NA,"N","Front to Rear","RAIN","DARK - LIGHTED","COLLINS PARK DR & BELL RD","ANTIOCH","SOUTH",36.04602,-86.65793,"MOTOR VEHICLE IN TRANSPORT","37013","2019","April","Spring","01","Friday","Weekday","No Injuries","No Fatalities"
9.97534372472855e-314,2019-04-26 00:40:00,2,0,0,NA,"Y","SIDESWIPE - SAME DIRECTION","RAIN","DARK - LIGHTED","MURFREESBORO PKE & LAKEVILLA DR","ANTIOCH","SOUTH",36.07714,-86.64146,"MOTOR VEHICLE IN TRANSPORT","37013","2019","April","Spring","00","Friday","Weekday","No Injuries","No Fatalities"
9.97534372719888e-314,2019-04-26 01:27:00,1,0,0,NA,"N","NOT COLLISION W/MOTOR VEHICLE-TRANSPORT","RAIN","DARK - LIGHTED","COPPERFIELD WAY & OLD HICKORY BLVD","BRENTWOOD","MIDTOW",36.0415,-86.74862,"WALL","37027","2019","April","Spring","01","Friday","Weekday","No Injuries","No Fatalities"
9.97534373757426e-314,2019-04-26 01:11:00,2,0,0,NA,"N","SIDESWIPE - SAME DIRECTION","RAIN","DARK - LIGHTED","MURFREESBORO PKE & BRILEY PKWY S EXT RAM","NASHVILLE","SOUTH",36.11879,-86.70093,"MOTOR VEHICLE IN TRANSPORT","37217","2019","April","Spring","01","Friday","Weekday","No Injuries","No Fatalities"
9.97534374300898e-314,2019-04-26 01:30:00,1,0,0,NA,"N","NOT COLLISION W/MOTOR VEHICLE-TRANSPORT","RAIN","Dark-Unknown Lighting","EDGEHILL AV & VILLA PL","NASHVILLE","MIDTOW",36.14328,-86.79229,"LUMINAIRE/LIGHT SUPPORT","37212","2019","April","Spring","01","Friday","Weekday","No Injuries","No Fatalities"
9.97534376474787e-314,2019-04-26 02:00:00,1,0,0,NA,"Y","UNKNOWN","RAIN","DARK - LIGHTED","MM 86 6 I 65","NASHVILLE","NORTH",36.19636,-86.77612,"UNKNOWN MOST HARMFUL EVENT","37207","2019","April","Spring","02","Friday","Weekday","No Injuries","No Fatalities"
9.97534377166479e-314,2019-04-26 01:40:00,2,0,0,NA,"N","ANGLE","RAIN","DARK - LIGHTED","JUAREZ DR & LEBANON PKE","HERMITAGE","HERMIT",36.19288,-86.62383,"MOTOR VEHICLE IN TRANSPORT","37076","2019","April","Spring","01","Friday","Weekday","No Injuries","No Fatalities"
9.97534377462918e-314,2019-04-26 02:13:00,2,2,0,NA,"N","ANGLE","RAIN","DARK - LIGHTED","CHARLOTTE PK & I 40 E ENTRANCE RAMP","NASHVILLE","WEST",36.13195,-86.89565,"MOTOR VEHICLE IN TRANSPORT;OTHER POST, POLE, SUPP.","37205","2019","April","Spring","02","Friday","Weekday","Injuries","No Fatalities"
9.97534378747489e-314,2019-04-26 02:25:00,2,0,0,NA,"N","SIDESWIPE - SAME DIRECTION","RAIN","DARK - LIGHTED","MM 86 0 I 65","NASHVILLE","CENTRA",36.19165,-86.78497,"MOTOR VEHICLE IN TRANSPORT","37208","2019","April","Spring","02","Friday","Weekday","No Injuries","No Fatalities"
9.97534381761289e-314,2019-04-26 03:10:00,2,0,0,NA,"N","ANGLE","RAIN","DARK - NOT LIGHTED","GALLATIN AV & GALLATIN PKE","NASHVILLE","EAST",36.19701,-86.74206,"MOTOR VEHICLE IN TRANSPORT","37206","2019","April","Spring","03","Friday","Weekday","No Injuries","No Fatalities"
9.97534382601201e-314,2019-04-26 02:54:00,2,0,0,NA,"N","SIDESWIPE - OPPOSITE DIRECTION","RAIN","DARK - LIGHTED","3RD AVS & PEABODY ST","NASHVILLE","CENTRA",36.15648,-86.77268,"MOTOR VEHICLE IN TRANSPORT","37210","2019","April","Spring","02","Friday","Weekday","No Injuries","No Fatalities"
9.97534385170342e-314,2019-04-26 03:12:00,2,0,0,NA,"N","SIDESWIPE - SAME DIRECTION","RAIN","DARK - LIGHTED","ALLIED DR & KEYSTONE AV","NASHVILLE","MIDTOW",36.09597,-86.74255,"MOTOR VEHICLE IN TRANSPORT","37211","2019","April","Spring","03","Friday","Weekday","No Injuries","No Fatalities"
9.97535313075032e-314,2019-05-03 08:45:00,2,0,0,NA,"N","Front to Rear","RAIN","DARK - LIGHTED","BRILEY PKWYE & BRILEY PKWY E ENT RAMP","NASHVILLE","EAST",36.2344,-86.81115,"MOTOR VEHICLE IN TRANSPORT;CONCRETE TRAFFIC BARRIER","37216","2019","May","Spring","08","Friday","Weekday","No Injuries","No Fatalities"
9.97534386257287e-314,2019-04-25 05:00:00,1,0,0,NA,"Y","NOT COLLISION W/MOTOR VEHICLE-TRANSPORT","RAIN","DARK - LIGHTED","TERRAGON TRL & VOLUNTEER DR","ANTIOCH","SOUTH",36.07245,-86.66999,"MAIL BOX","37013","2019","April","Spring","05","Thursday","Weekday","No Injuries","No Fatalities"
9.97535317867469e-314,2019-05-03 09:50:00,2,0,0,NA,"N","SIDESWIPE - SAME DIRECTION","RAIN","DARK - LIGHTED","MURFREESBORO PKE & HAMILTON CROSSINGS","ANTIOCH","SOUTH",36.06634,-86.6301,"MOTOR VEHICLE IN TRANSPORT","37013","2019","May","Spring","09","Friday","Weekday","No Injuries","No Fatalities"
9.97534393371832e-314,2019-04-26 04:47:00,2,2,0,NA,"N","ANGLE","RAIN","DARK - LIGHTED","5TH AVS & DEMONBREUN ST","NASHVILLE","CENTRA",36.15796,-86.77678,"MOTOR VEHICLE IN TRANSPORT;MOTOR VEHICLE IN TRANSPORT-OTHER ROADWAY","37203","2019","April","Spring","04","Friday","Weekday","Injuries","No Fatalities"
9.97535319744918e-314,2019-05-03 10:02:00,1,0,0,NA,"N","NOT COLLISION W/MOTOR VEHICLE-TRANSPORT","RAIN","DARK - LIGHTED","15TH AVS & ACKLEN AV","NASHVILLE","MIDTOW",36.13477,-86.79213,"CURB","37212","2019","May","Spring","10","Friday","Weekday","No Injuries","No Fatalities"
9.97534398114862e-314,2019-04-26 05:00:00,2,0,0,NA,"Y","ANGLE","RAIN","DARK - LIGHTED","18TH AVN & CHURCH ST","NASHVILLE","MIDTOW",36.15504,-86.79752,"MOTOR VEHICLE IN TRANSPORT","37203","2019","April","Spring","05","Friday","Weekday","No Injuries","No Fatalities"
9.97534401721542e-314,2019-04-26 05:46:00,1,0,0,NA,"Y","NOT COLLISION W/MOTOR VEHICLE-TRANSPORT","RAIN","DARK - LIGHTED","522 RURAL HILL RD","NASHVILLE","HERMIT",36.08263,-86.62321,"UTILITY POLE;MAIL BOX","37217","2019","April","Spring","05","Friday","Weekday","No Injuries","No Fatalities"
9.97534406118726e-314,2019-04-26 06:45:00,2,0,0,NA,"Y","SIDESWIPE - SAME DIRECTION","RAIN","DARK - LIGHTED","MM 49 1 I 24","NASHVILLE","EAST",36.16506,-86.76367,"MOTOR VEHICLE IN TRANSPORT","37206","2019","April","Spring","06","Friday","Weekday","No Injuries","No Fatalities"
9.97534412541579e-314,2019-04-26 07:32:00,1,0,0,NA,"N","NOT COLLISION W/MOTOR VEHICLE-TRANSPORT","RAIN","DARK - LIGHTED","DODGE DR & I24 E ENT RAMP","NASHVILLE","SOUTH",36.12095,-86.72761,"GUARDRAIL FACE","37210","2019","April","Spring","07","Friday","Weekday","No Injuries","No Fatalities"
9.97534416691731e-314,2019-04-26 05:00:00,1,0,0,NA,"Y","NOT COLLISION W/MOTOR VEHICLE-TRANSPORT","RAIN","UNKNOWN","4TH AVS & CHESTNUT ST","NASHVILLE","SOUTH",36.14493,-86.76666,"UTILITY POLE","37210","2019","April","Spring","05","Friday","Weekday","No Injuries","No Fatalities"
9.97535328983946e-314,2019-05-03 11:30:00,2,0,0,NA,"N","SIDESWIPE - OPPOSITE DIRECTION","RAIN","DAYLIGHT","LINBAR DR & LARGO DR","NASHVILLE","SOUTH",36.08365,-86.70483,"MOTOR VEHICLE IN TRANSPORT","37211","2019","May","Spring","11","Friday","Weekday","No Injuries","No Fatalities"
9.97535332985877e-314,2019-05-03 12:18:00,1,0,0,NA,"N","NOT COLLISION W/MOTOR VEHICLE-TRANSPORT","RAIN","DAYLIGHT","MM 86 2 I 65","NASHVILLE","CENTRA",36.19196,-86.78177,"GUARDRAIL FACE","37207","2019","May","Spring","12","Friday","Weekday","No Injuries","No Fatalities"
9.97535334616294e-314,2019-05-03 12:15:00,1,0,0,NA,"N","NOT COLLISION W/MOTOR VEHICLE-TRANSPORT","RAIN","DAYLIGHT","PEACHTREE ST & BURBANK AV","NASHVILLE","SOUTH",36.12022,-86.7453,"BUILDING","37210","2019","May","Spring","12","Friday","Weekday","No Injuries","No Fatalities"
9.9753533481392e-314,2019-05-03 12:49:00,2,0,0,NA,"N","SIDESWIPE - OPPOSITE DIRECTION","RAIN","DAYLIGHT","OLD MURFREESBORO PKE & SMITH SPRINGS RD","NASHVILLE","HERMIT",36.09677,-86.65456,"MOTOR VEHICLE IN TRANSPORT","37217","2019","May","Spring","12","Friday","Weekday","No Injuries","No Fatalities"
9.975354445459e-314,2019-05-04 05:00:00,1,0,0,NA,"Y","NOT COLLISION W/MOTOR VEHICLE-TRANSPORT","RAIN","DARK - LIGHTED","MT VIEW RD & HICKORY HOLLOW PKWY","ANTIOCH","SOUTH",36.0564,-86.66555,"","37013","2019","May","Spring","05","Saturday","Weekend","No Injuries","No Fatalities"
9.97535450672314e-314,2019-05-04 07:30:00,1,0,0,NA,"Y","NOT COLLISION W/MOTOR VEHICLE-TRANSPORT","RAIN","DARK - NOT LIGHTED","CULBERTSON RD & CALDERWOOD DR","ANTIOCH","SOUTH",36.01196,-86.68435,"TREE","37013","2019","May","Spring","07","Saturday","Weekend","No Injuries","No Fatalities"
9.97535453142642e-314,2019-05-04 09:00:00,1,0,0,NA,"N","NOT COLLISION W/MOTOR VEHICLE-TRANSPORT","RAIN","DARK - LIGHTED","PETTUS RD & BLUE HOLE RD","ANTIOCH","SOUTH",36.0283,-86.67271,"DITCH","37013","2019","May","Spring","09","Saturday","Weekend","No Injuries","No Fatalities"
9.97535455069498e-314,2019-05-04 05:00:00,1,0,0,NA,"Y","UNKNOWN","RAIN","DARK - LIGHTED","I24 E EXT RAMP & I 24","NASHVILLE","NORTH",36.13655,-86.7272,"UNKNOWN MOST HARMFUL EVENT","37207","2019","May","Spring","05","Saturday","Weekend","No Injuries","No Fatalities"
9.97535471373665e-314,2019-05-04 05:00:00,1,0,0,NA,"Y","UNKNOWN","RAIN","Dark-Unknown Lighting","BRAMBLEWOOD DR & STILLWOOD DR","NASHVILLE","MIDTOW",36.07401,-86.76197,"BOULDER;UNKNOWN MOST HARMFUL EVENT","37220","2019","May","Spring","05","Saturday","Weekend","No Injuries","No Fatalities"
9.97535473152301e-314,2019-05-04 03:10:00,1,0,0,NA,"N","NOT COLLISION W/MOTOR VEHICLE-TRANSPORT","RAIN","DARK - NOT LIGHTED","FRANKLIN LIMESTONE RD & FORGE RIDGE CIR","NASHVILLE","SOUTH",36.09336,-86.65865,"DITCH;Ran Off Road-Right","37217","2019","May","Spring","03","Saturday","Weekend","No Injuries","No Fatalities"
9.9753822089839e-314,2019-05-25 00:07:00,2,0,0,NA,"N","ANGLE","RAIN","DAYLIGHT","VILLAGE WAY & ENGLISH VILLAGE DR","NASHVILLE","MIDTOW",36.04569,-86.7301,"MOTOR VEHICLE IN TRANSPORT","37211","2019","May","Spring","00","Saturday","Weekend","No Injuries","No Fatalities"
9.97536439297672e-314,2019-05-12 01:22:00,2,1,0,NA,"N","ANGLE","RAIN","DARK - LIGHTED","NEELYS BEND RD & GALLATIN PKES","MADISON","MADISO",36.25611,-86.71382,"MOTOR VEHICLE IN TRANSPORT","37115","2019","May","Spring","01","Sunday","Weekend","Injuries","No Fatalities"
9.97536439989363e-314,2019-05-12 01:22:00,1,0,0,NA,"N","NOT COLLISION W/MOTOR VEHICLE-TRANSPORT","RAIN","DARK - LIGHTED","ELM HILL PKE & EMERY DR","NASHVILLE","HERMIT",36.15183,-86.6786,"OTHER ANIMAL","37214","2019","May","Spring","01","Sunday","Weekend","No Injuries","No Fatalities"
9.97536119587792e-314,2019-05-09 12:50:00,2,0,0,NA,"Y","Front to Rear","RAIN","DAYLIGHT","ASHTON AV & JOHN MALLETTE DR","NASHVILLE","NORTH",36.1944,-86.83704,"MOTOR VEHICLE IN TRANSPORT","37218","2019","May","Spring","12","Thursday","Weekday","No Injuries","No Fatalities"
9.97536143994635e-314,2019-05-09 05:00:00,2,0,0,NA,"N","ANGLE","RAIN","DAYLIGHT","ROSA L PARKS BLVD & HARRISON ST","NASHVILLE","CENTRA",36.16854,-86.78832,"MOTOR VEHICLE IN TRANSPORT","37219","2019","May","Spring","05","Thursday","Weekday","No Injuries","No Fatalities"
9.97536336334391e-314,2019-05-11 01:30:00,1,0,0,NA,"N","NOT COLLISION W/MOTOR VEHICLE-TRANSPORT","RAIN","DARK - NOT LIGHTED","ELLINGTON PKWYS & ELLINGTON PKWYN","NASHVILLE","EAST",36.2264,-86.74648,"GUARDRAIL FACE;DEER (ANIMAL)","37206","2019","May","Spring","01","Saturday","Weekend","No Injuries","No Fatalities"
9.97536336532017e-314,2019-05-11 01:36:00,2,1,0,NA,"N","Front to Rear","RAIN","DARK - LIGHTED","HIGHWAY 100 & PERCY WARNER BLVD","NASHVILLE","WEST",36.091,-86.87861,"MOTOR VEHICLE IN TRANSPORT;EMBANKMENT EARTH","37221","2019","May","Spring","01","Saturday","Weekend","Injuries","No Fatalities"
9.97536337026083e-314,2019-05-11 01:43:00,2,0,0,NA,"N","Front to Rear","RAIN","DARK - NOT LIGHTED","HOBSON PKE & HILL RIDGE DR","ANTIOCH","SOUTH",36.06505,-86.59027,"MOTOR VEHICLE IN TRANSPORT","37013","2019","May","Spring","01","Saturday","Weekend","No Injuries","No Fatalities"
9.97536337273116e-314,2019-05-11 01:45:00,1,1,0,NA,"N","NOT COLLISION W/MOTOR VEHICLE-TRANSPORT","RAIN","DARK - NOT LIGHTED","ANNEX AV & FRANKLIN AV","NASHVILLE","WEST",36.16067,-86.87695,"BUILDING;UTILITY POLE;FENCE","37209","2019","May","Spring","01","Saturday","Weekend","Injuries","No Fatalities"
9.9753633836006e-314,2019-05-11 01:31:00,2,0,0,NA,"N","SIDESWIPE - SAME DIRECTION","RAIN","DARK - NOT LIGHTED","12TH AVS & PINE ST","NASHVILLE","CENTRA",36.15257,-86.78489,"MOTOR VEHICLE IN TRANSPORT","37203","2019","May","Spring","01","Saturday","Weekend","No Injuries","No Fatalities"
9.9753634181852e-314,2019-05-11 02:06:00,2,0,0,NA,"N","SIDESWIPE - SAME DIRECTION","RAIN","DARK - LIGHTED","COMMERCE ST & 2ND AVN","NASHVILLE","CENTRA",36.16322,-86.77612,"MOTOR VEHICLE IN TRANSPORT","37201","2019","May","Spring","02","Saturday","Weekend","No Injuries","No Fatalities"
9.97536343152497e-314,2019-05-11 02:30:00,2,0,0,NA,"N","Front to Rear","RAIN","DARK - LIGHTED","ELLISTON PL & 23RD AVN","NASHVILLE","MIDTOW",36.1503,-86.80526,"MOTOR VEHICLE IN TRANSPORT","37203","2019","May","Spring","02","Saturday","Weekend","No Injuries","No Fatalities"
9.97536343448936e-314,2019-05-11 02:48:00,2,0,0,NA,"N","SIDESWIPE - SAME DIRECTION","RAIN","DARK - LIGHTED","MM 86 5 I 65","NASHVILLE","NORTH",36.195,-86.77557,"MOTOR VEHICLE IN TRANSPORT","37207","2019","May","Spring","02","Saturday","Weekend","No Injuries","No Fatalities"
9.97536345178166e-314,2019-05-11 02:16:00,2,0,0,NA,"N","Front to Rear","RAIN","DAYLIGHT","MADISON ST & US HWY 41 ALT","NASHVILLE","NORTH",36.17387,-86.79133,"MOTOR VEHICLE IN TRANSPORT","37208","2019","May","Spring","02","Saturday","Weekend","No Injuries","No Fatalities"
9.97536347796714e-314,2019-05-11 03:47:00,2,1,0,NA,"N","Front to Rear","RAIN","DARK - LIGHTED","INTERSTATE DR & JAMES ROBERTSON PKWY","NASHVILLE","CENTRA",36.17143,-86.76904,"MOTOR VEHICLE IN TRANSPORT","37213","2019","May","Spring","03","Saturday","Weekend","Injuries","No Fatalities"
9.97536347944934e-314,2019-05-11 03:40:00,2,0,0,NA,"N","Front to Rear","RAIN","DARK - LIGHTED","STATE RT 45 & GALLATIN PKEN","MADISON","MADISO",36.26307,-86.71192,"MOTOR VEHICLE IN TRANSPORT","37115","2019","May","Spring","03","Saturday","Weekend","No Injuries","No Fatalities"
9.9753634829078e-314,2019-05-11 03:30:00,2,0,0,NA,"Y","OTHER","RAIN","Dark-Unknown Lighting","JACKSON DOWNS BLVD & KOHLS SHOPPING CTR","NASHVILLE","HERMIT",36.18271,-86.63591,"MOTOR VEHICLE IN TRANSPORT;MOTOR VEHICLE IN TRANSPORT-OTHER ROADWAY","37214","2019","May","Spring","03","Saturday","Weekend","No Injuries","No Fatalities"
9.97536348587219e-314,2019-05-11 03:10:00,2,1,0,NA,"Y","Front to Rear","RAIN","DARK - LIGHTED","ZELIDA AV & BELL RD","ANTIOCH","SOUTH",36.05501,-86.64241,"MOTOR VEHICLE IN TRANSPORT","37013","2019","May","Spring","03","Saturday","Weekend","Injuries","No Fatalities"