"Accident.Number","Date.and.Time","Number.of.Motor.Vehicles","Number.of.Injuries","Number.of.Fatalities","Property.Damage","Hit.and.Run","Collision.Type.Description","Weather.Description","Illumination.Description","Street.Address","City","Precinct","Latitude","Longitude","HarmfulDescriptions","Zip.Code","Year","Month","Season","Hour","Weekday","DayType","Accident","Fatality_category"
9.97536348883658e-314,2019-05-11 04:00:00,2,0,0,NA,"N","ANGLE","RAIN","DARK - LIGHTED","OLD HICKORY BLVD & CENTRAL PKE","HERMITAGE","HERMIT",36.17329,-86.60207,"MOTOR VEHICLE IN TRANSPORT","37076","2019","May","Spring","04","Saturday","Weekend","No Injuries","No Fatalities"
9.97536349328317e-314,2019-05-11 04:00:00,1,1,0,NA,"N","NOT COLLISION W/MOTOR VEHICLE-TRANSPORT","RAIN","DARK - LIGHTED","MM 86 3 I 65","NASHVILLE","CENTRA",36.19209,-86.7806,"CONCRETE TRAFFIC BARRIER","37207","2019","May","Spring","04","Saturday","Weekend","Injuries","No Fatalities"
9.97536353330249e-314,2019-05-11 04:46:00,2,0,0,NA,"N","SIDESWIPE - OPPOSITE DIRECTION","RAIN","DARK - NOT LIGHTED","SMITH SPRINGS RD & UNA RECREATION RD","NASHVILLE","HERMIT",36.09645,-86.64412,"MOTOR VEHICLE IN TRANSPORT","37217","2019","May","Spring","04","Saturday","Weekend","No Injuries","No Fatalities"
9.97536354960666e-314,2019-05-11 04:15:00,2,0,0,NA,"Y","Front to Rear","RAIN","DARK - LIGHTED","0 CAPERS AV","NASHVILLE","MIDTOW",36.1386,-86.80029,"PARKED MOTOR VEHICLE","37212","2019","May","Spring","04","Saturday","Weekend","No Injuries","No Fatalities"
9.97536357727433e-314,2019-05-11 05:00:00,1,0,0,NA,"Y","NOT COLLISION W/MOTOR VEHICLE-TRANSPORT","RAIN","DARK - LIGHTED","CHESTNUT ST & 4TH AVS","NASHVILLE","SOUTH",36.14506,-86.76638,"OTHER POST, POLE, SUPP.;UNKNOWN MOST HARMFUL EVENT","37210","2019","May","Spring","05","Saturday","Weekend","No Injuries","No Fatalities"
9.9753635777684e-314,2019-05-11 05:15:00,1,0,0,NA,"N","NOT COLLISION W/MOTOR VEHICLE-TRANSPORT","RAIN","Dark-Unknown Lighting","MM 86 0 I 65","NASHVILLE","CENTRA",36.19168,-86.7846,"CONCRETE TRAFFIC BARRIER","37208","2019","May","Spring","05","Saturday","Weekend","No Injuries","No Fatalities"
9.97536357826247e-314,2019-05-11 05:00:00,1,0,0,NA,"N","NOT COLLISION W/MOTOR VEHICLE-TRANSPORT","RAIN","DAYLIGHT","TRAVELERS INN DR & HARDING PL","NASHVILLE","SOUTH",36.08492,-86.70344,"OTHER POST, POLE, SUPP.","37211","2019","May","Spring","05","Saturday","Weekend","No Injuries","No Fatalities"
9.97536360049542e-314,2019-05-11 05:52:00,2,0,0,NA,"Y","Front to Rear","RAIN","DARK - LIGHTED","WEST END AV & 19TH AVN","NASHVILLE","MIDTOW",36.1523,-86.79745,"MOTOR VEHICLE IN TRANSPORT","37203","2019","May","Spring","05","Saturday","Weekend","No Injuries","No Fatalities"
9.97536363557408e-314,2019-05-11 06:14:00,2,1,0,NA,"N","SIDESWIPE - SAME DIRECTION","RAIN","DARK - LIGHTED","MM 211 1 I 40","NASHVILLE","HERMIT",36.15375,-86.75685,"MOTOR VEHICLE IN TRANSPORT","37210","2019","May","Spring","06","Saturday","Weekend","Injuries","No Fatalities"
9.97536363755034e-314,2019-05-11 06:18:00,2,3,0,NA,"N","HEAD-ON","RAIN","Dark-Unknown Lighting","TRIMBLE ST & WHARF AV","NASHVILLE","SOUTH",36.14645,-86.76296,"MOTOR VEHICLE IN TRANSPORT","37210","2019","May","Spring","06","Saturday","Weekend","Injuries","No Fatalities"
9.97536364347913e-314,2019-05-11 06:21:00,1,0,0,NA,"Y","NOT COLLISION W/MOTOR VEHICLE-TRANSPORT","RAIN","DARK - LIGHTED","MALLOW DR & WARRIOR RD","MADISON","MADISO",36.25988,-86.68115,"MAIL BOX","37115","2019","May","Spring","06","Saturday","Weekend","No Injuries","No Fatalities"
9.97536364446726e-314,2019-05-11 07:30:00,2,0,0,NA,"Y","Front to Rear","RAIN","DARK - LIGHTED","5242 ELLINGTON CIR","NASHVILLE","MIDTOW",36.05771,-86.73989,"PARKED MOTOR VEHICLE","37211","2019","May","Spring","07","Saturday","Weekend","No Injuries","No Fatalities"
9.97536364792572e-314,2019-05-11 06:32:00,3,3,0,NA,"Y","Front to Rear","RAIN","DARK - NOT LIGHTED","MM 219 4 I 40","NASHVILLE","HERMIT",36.15994,-86.62225,"MOTOR VEHICLE IN TRANSPORT;CONCRETE TRAFFIC BARRIER","37214","2019","May","Spring","06","Saturday","Weekend","Injuries","No Fatalities"
9.9753636914035e-314,2019-05-11 05:00:00,2,0,0,NA,"Y","SIDESWIPE - SAME DIRECTION","RAIN","DARK - LIGHTED","UNION ST & 3RD AVN","NASHVILLE","CENTRA",36.16577,-86.77832,"PARKED MOTOR VEHICLE","37201","2019","May","Spring","05","Saturday","Weekend","No Injuries","No Fatalities"
9.97536369535602e-314,2019-05-11 07:31:00,2,0,0,NA,"Y","SIDESWIPE - SAME DIRECTION","RAIN","DARK - NOT LIGHTED","I40 E EXT RAMP & I 40","NASHVILLE","HERMIT",36.16947,-86.60655,"MOTOR VEHICLE IN TRANSPORT","37214","2019","May","Spring","07","Saturday","Weekend","No Injuries","No Fatalities"
9.97536372104744e-314,2019-05-11 08:21:00,1,1,0,NA,"N","NOT COLLISION W/MOTOR VEHICLE-TRANSPORT","RAIN","DARK - NOT LIGHTED","HILLSBORO PKE & STOKES LN","NASHVILLE","WEST",36.11974,-86.80864,"WALL;Ran Off Road-Left","37215","2019","May","Spring","08","Saturday","Weekend","Injuries","No Fatalities"
9.97536378577004e-314,2019-05-11 10:10:00,2,1,0,NA,"N","Front to Rear","RAIN","DAWN","OLD MATTHEWS RD & YOKLEY RD","NASHVILLE","NORTH",36.2129,-86.78921,"PARKED MOTOR VEHICLE","37207","2019","May","Spring","10","Saturday","Weekend","Injuries","No Fatalities"
9.97536433665323e-314,2019-05-12 00:13:00,1,1,0,NA,"N","NOT COLLISION W/MOTOR VEHICLE-TRANSPORT","RAIN","DUSK","MM 200 5 I 40","NASHVILLE","WEST",36.12556,-86.90519,"CONCRETE TRAFFIC BARRIER","37209","2019","May","Spring","00","Sunday","Weekend","Injuries","No Fatalities"
9.97536436333278e-314,2019-05-12 00:40:00,1,1,0,NA,"N","NOT COLLISION W/MOTOR VEHICLE-TRANSPORT","RAIN","DARK - NOT LIGHTED","DRUMMOND DR & DOVER RD","NASHVILLE","SOUTH",36.11294,-86.71563,"FIRE HYDRANT","37211","2019","May","Spring","00","Sunday","Weekend","Injuries","No Fatalities"
9.97536436629717e-314,2019-05-12 00:46:00,2,2,0,NA,"N","Front to Rear","RAIN","DARK - NOT LIGHTED","EDMONDSON PKE & MT PISGAH RD","NASHVILLE","MIDTOW",36.0241,-86.74241,"MOTOR VEHICLE IN TRANSPORT","37211","2019","May","Spring","00","Sunday","Weekend","Injuries","No Fatalities"
9.97536437617848e-314,2019-05-12 01:00:00,2,0,0,NA,"Y","ANGLE","RAIN","DARK - NOT LIGHTED","LITTON AV & BRONTE AV","NASHVILLE","EAST",36.20204,-86.73566,"MOTOR VEHICLE IN TRANSPORT","37206","2019","May","Spring","01","Sunday","Weekend","No Injuries","No Fatalities"
9.97536440137583e-314,2019-05-11 05:00:00,2,1,0,NA,"N","ANGLE","RAIN","DARK - LIGHTED","I24 E EXT RAMP & I 24","NASHVILLE","NORTH",36.08558,-86.70145,"MOTOR VEHICLE IN TRANSPORT","37207","2019","May","Spring","05","Saturday","Weekend","Injuries","No Fatalities"
9.97536441076308e-314,2019-05-12 01:00:00,2,0,0,NA,"N","Front to Rear","RAIN","DARK - LIGHTED","HAMILTON CHURCH RD & MURFREESBORO PKE","ANTIOCH","SOUTH",36.06479,-86.62848,"MOTOR VEHICLE IN TRANSPORT","37013","2019","May","Spring","01","Sunday","Weekend","No Injuries","No Fatalities"
9.97536444090108e-314,2019-05-12 02:08:00,1,0,0,NA,"N","NOT COLLISION W/MOTOR VEHICLE-TRANSPORT","RAIN","DARK - LIGHTED","WOODMONT BLVD & NOELTON AV","NASHVILLE","MIDTOW",36.11281,-86.79719,"THROWN OR FALLING OBJECT","37215","2019","May","Spring","02","Sunday","Weekend","No Injuries","No Fatalities"
9.97536449870676e-314,2019-05-11 05:00:00,2,0,0,NA,"N","ANGLE","RAIN","DARK - LIGHTED","CLARKSVILLE PKE & W HAMILTON AV","NASHVILLE","NORTH",36.20741,-86.83985,"MOTOR VEHICLE IN TRANSPORT","37218","2019","May","Spring","05","Saturday","Weekend","No Injuries","No Fatalities"
9.97536454218454e-314,2019-05-12 04:30:00,2,1,0,NA,"N","ANGLE","RAIN","DARK - NOT LIGHTED","FRANKLIN PKE & HARDING PL","NASHVILLE","MIDTOW",36.08671,-86.77195,"MOTOR VEHICLE IN TRANSPORT;Set In Motion By Motor Vehicle","37204","2019","May","Spring","04","Sunday","Weekend","Injuries","No Fatalities"
9.9753645802276e-314,2019-05-12 05:22:00,2,1,0,NA,"N","SIDESWIPE - SAME DIRECTION","RAIN","DARK - LIGHTED","BRILEY PKWYN & EAST THOMPSON LN","NASHVILLE","SOUTH",36.10945,-86.72805,"MOTOR VEHICLE IN TRANSPORT","37211","2019","May","Spring","05","Sunday","Weekend","Injuries","No Fatalities"
9.97536459159111e-314,2019-05-12 05:30:00,1,0,0,NA,"N","NOT COLLISION W/MOTOR VEHICLE-TRANSPORT","RAIN","DARK - NOT LIGHTED","BELL RD & OLD HICKORY BLVD","HERMITAGE","HERMIT",36.16164,-86.59934,"DITCH","37076","2019","May","Spring","05","Sunday","Weekend","No Injuries","No Fatalities"
9.97536467410007e-314,2019-05-12 07:29:00,2,0,0,NA,"Y","ANGLE","RAIN","DARK - LIGHTED","17TH AVS & BROADWAY","NASHVILLE","MIDTOW",36.15325,-86.79401,"MOTOR VEHICLE IN TRANSPORT","37203","2019","May","Spring","07","Sunday","Weekend","No Injuries","No Fatalities"
9.97536467953479e-314,2019-05-12 05:00:00,1,1,0,NA,"N","NOT COLLISION W/MOTOR VEHICLE-TRANSPORT","RAIN","DARK - LIGHTED","HARDING PKE & BRIXWORTH LN","NASHVILLE","WEST",36.12886,-86.84147,"","37205","2019","May","Spring","05","Sunday","Weekend","Injuries","No Fatalities"
9.9753647052262e-314,2019-05-12 07:55:00,2,0,0,NA,"N","Front to Rear","RAIN","DARK - LIGHTED","10TH AVS & BROADWAY","NASHVILLE","CENTRA",36.15795,-86.78431,"MOTOR VEHICLE IN TRANSPORT","37203","2019","May","Spring","07","Sunday","Weekend","No Injuries","No Fatalities"
9.9753647887233e-314,2019-05-12 10:15:00,2,1,0,NA,"Y","ANGLE","RAIN","DARK - LIGHTED","KERMIT DR & MURFREESBORO PKE","NASHVILLE","HERMIT",36.12191,-86.70471,"MOTOR VEHICLE IN TRANSPORT","37217","2019","May","Spring","10","Sunday","Weekend","Injuries","No Fatalities"
9.97536481342658e-314,2019-05-12 05:00:00,1,0,0,NA,"Y","NOT COLLISION W/MOTOR VEHICLE-TRANSPORT","RAIN","DARK - NOT LIGHTED","I24 W EXT RAMP & I 24","NASHVILLE","SOUTH",36.10907,-86.72016,"GUARDRAIL END","37211","2019","May","Spring","05","Sunday","Weekend","No Injuries","No Fatalities"
9.97536485443403e-314,2019-05-12 11:58:00,1,0,0,NA,"N","NOT COLLISION W/MOTOR VEHICLE-TRANSPORT","RAIN","DAYLIGHT","MM 88 5 I 65","NASHVILLE","NORTH",36.22439,-86.77454,"GUARDRAIL FACE","37207","2019","May","Spring","11","Sunday","Weekend","No Injuries","No Fatalities"
9.97536486283314e-314,2019-05-12 12:14:00,2,0,0,NA,"N","ANGLE","RAIN","DAYLIGHT","MM 211 2 I 40","NASHVILLE","HERMIT",36.15301,-86.75519,"MOTOR VEHICLE IN TRANSPORT","37210","2019","May","Spring","12","Sunday","Weekend","No Injuries","No Fatalities"
9.9753649512709e-314,2019-05-12 05:00:00,1,0,0,NA,"Y","NOT COLLISION W/MOTOR VEHICLE-TRANSPORT","RAIN","DARK - LIGHTED","EAST THOMPSON LN & LAWNDALE DR","NASHVILLE","SOUTH",36.12369,-86.71678,"GUARDRAIL FACE;SHRUBBERY","37217","2019","May","Spring","05","Sunday","Weekend","No Injuries","No Fatalities"
9.97536885043697e-314,2019-05-15 12:20:00,4,1,0,NA,"N","Front to Rear","RAIN","DAYLIGHT","HARDING PKE & WEST END AV","NASHVILLE","WEST",36.13025,-86.83794,"MOTOR VEHICLE IN TRANSPORT","37205","2019","May","Spring","12","Wednesday","Weekday","Injuries","No Fatalities"
9.97536887761058e-314,2019-05-15 12:59:00,2,0,0,NA,"N","ANGLE","RAIN","DAYLIGHT","ANTIOCH PKE & PERIMETER HILL DR","NASHVILLE","SOUTH",36.08644,-86.69145,"MOTOR VEHICLE IN TRANSPORT","37211","2019","May","Spring","12","Wednesday","Weekday","No Injuries","No Fatalities"
9.97539907243253e-314,2019-06-07 01:10:00,1,1,0,NA,"N","NOT COLLISION W/MOTOR VEHICLE-TRANSPORT","RAIN","DARK - LIGHTED","KOREAN VETERANS BLVD & S 2ND ST","NASHVILLE","CENTRA",36.16486,-86.76791,"OTHER TYPE NON-MOTORIST","37213","2019","June","Summer","01","Friday","Weekday","Injuries","No Fatalities"
9.97539907836132e-314,2019-06-07 01:15:00,3,1,0,NA,"N","SIDESWIPE - OPPOSITE DIRECTION","RAIN","DARK - LIGHTED","MOSS ROSE DR & MORGANMEADE DR","NASHVILLE","EAST",36.20353,-86.6986,"MOTOR VEHICLE IN TRANSPORT","37216","2019","June","Summer","01","Friday","Weekday","Injuries","No Fatalities"
9.97539908083164e-314,2019-06-07 01:14:00,2,1,0,NA,"N","ANGLE","RAIN","DARK - LIGHTED","2600 I40 W ENT RAMP","NASHVILLE","NORTH",36.16814,-86.81642,"MOTOR VEHICLE IN TRANSPORT","37208","2019","June","Summer","01","Friday","Weekday","Injuries","No Fatalities"
9.97539908330197e-314,2019-06-07 01:10:00,2,1,0,NA,"N","ANGLE","RAIN","DARK - LIGHTED","CROSSINGS BLVD & I24 E ENT RAMP","ANTIOCH","SOUTH",36.03946,-86.6455,"MOTOR VEHICLE IN TRANSPORT","37013","2019","June","Summer","01","Friday","Weekday","Injuries","No Fatalities"
9.97539910602899e-314,2019-06-07 00:34:00,2,0,0,NA,"Y","ANGLE","RAIN","DARK - LIGHTED","20TH AVN & PATTERSON ST","NASHVILLE","MIDTOW",36.1553,-86.80223,"MOTOR VEHICLE IN TRANSPORT","37203","2019","June","Summer","00","Friday","Weekday","No Injuries","No Fatalities"
9.97539911442811e-314,2019-06-07 01:39:00,1,0,0,NA,"N","NOT COLLISION W/MOTOR VEHICLE-TRANSPORT","RAIN","DARK - NOT LIGHTED","MM 199 8 I 40","NASHVILLE","WEST",36.11775,-86.91443,"WALL","37205","2019","June","Summer","01","Friday","Weekday","No Injuries","No Fatalities"
9.97539911838063e-314,2019-06-07 01:45:00,2,0,0,NA,"N","ANGLE","RAIN","DARK - NOT LIGHTED","NOLENSVILLE PKE & I440 E ENT RAMP","NASHVILLE","SOUTH",36.1204,-86.74995,"MOTOR VEHICLE IN TRANSPORT","37210","2019","June","Summer","01","Friday","Weekday","No Injuries","No Fatalities"
9.97539912134503e-314,2019-06-07 02:01:00,3,1,0,NA,"N","HEAD-ON","RAIN","DARK - LIGHTED","HILLSBORO PKE & BANCROFT PL","NASHVILLE","MIDTOW",36.06998,-86.8427,"MOTOR VEHICLE IN TRANSPORT","37215","2019","June","Summer","02","Friday","Weekday","Injuries","No Fatalities"
9.97539914506018e-314,2019-06-07 01:34:00,2,0,0,NA,"N","ANGLE","RAIN","DARK - LIGHTED","N 1ST ST & MAIN ST","NASHVILLE","CENTRA",36.17027,-86.77286,"MOTOR VEHICLE IN TRANSPORT","37213","2019","June","Summer","01","Friday","Weekday","No Injuries","No Fatalities"
9.97539915839995e-314,2019-06-07 02:30:00,2,2,0,NA,"N","Front to Rear","RAIN","DARK - LIGHTED","MCCALL ST & ANTIOCH PKE","NASHVILLE","SOUTH",36.09893,-86.71769,"MOTOR VEHICLE IN TRANSPORT","37211","2019","June","Summer","02","Friday","Weekday","Injuries","No Fatalities"
9.97539917371599e-314,2019-06-06 05:00:00,1,1,0,NA,"N","NOT COLLISION W/MOTOR VEHICLE-TRANSPORT","RAIN","DARK - LIGHTED","I65 S ENT RAMP & I 65","NASHVILLE","NORTH",36.19211,-86.78044,"GUARDRAIL FACE","37207","2019","June","Summer","05","Thursday","Weekday","Injuries","No Fatalities"
9.97539917717445e-314,2019-06-07 03:04:00,2,0,0,NA,"N","ANGLE","RAIN","DARK - LIGHTED","MORRIS GENTRY BLVD & BELL RD","ANTIOCH","SOUTH",36.06656,-86.63665,"MOTOR VEHICLE IN TRANSPORT","37013","2019","June","Summer","03","Friday","Weekday","No Injuries","No Fatalities"
9.97539917915071e-314,2019-06-07 03:07:00,2,1,0,NA,"Y","Front to Rear","RAIN","DARK - NOT LIGHTED","MM 204 2 I 40","NASHVILLE","WEST",36.15328,-86.85337,"MOTOR VEHICLE IN TRANSPORT","37209","2019","June","Summer","03","Friday","Weekday","Injuries","No Fatalities"
9.97539919298455e-314,2019-06-07 01:45:00,2,0,0,NA,"N","ANGLE","RAIN","DARK - LIGHTED","PEBBLE CREEK DR & UNA ANTIOCH PKE","ANTIOCH","SOUTH",36.07412,-86.66326,"MOTOR VEHICLE IN TRANSPORT","37013","2019","June","Summer","01","Friday","Weekday","No Injuries","No Fatalities"
9.97539919545487e-314,2019-06-07 03:30:00,2,1,0,NA,"N","ANGLE","RAIN","DARK - LIGHTED","JAMES ROBERTSON PKWY & ELLINGTON PKWY N","NASHVILLE","EAST",36.17185,-86.7679,"MOTOR VEHICLE IN TRANSPORT","37206","2019","June","Summer","03","Friday","Weekday","Injuries","No Fatalities"
9.97539920385399e-314,2019-06-06 05:00:00,1,0,0,NA,"N","NOT COLLISION W/MOTOR VEHICLE-TRANSPORT","RAIN","DARK - LIGHTED","MM 88 6 I 65","NASHVILLE","EAST",36.22474,-86.77452,"GUARDRAIL FACE;Ran Off Road-Left","37207","2019","June","Summer","05","Thursday","Weekday","No Injuries","No Fatalities"
9.97539920879465e-314,2019-06-06 05:00:00,2,0,0,NA,"Y","SIDESWIPE - SAME DIRECTION","RAIN","DARK - LIGHTED","BRILEY PKWYS & I40 E EXT RAMP","NASHVILLE","WEST",36.1549,-86.85772,"MOTOR VEHICLE IN TRANSPORT","37209","2019","June","Summer","05","Thursday","Weekday","No Injuries","No Fatalities"
9.97539920978278e-314,2019-06-07 03:19:00,2,0,0,NA,"Y","Front to Rear","RAIN","DARK - LIGHTED","HICKORY HOLLOW PKWY & BELL RD","ANTIOCH","SOUTH",36.04755,-86.65593,"MOTOR VEHICLE IN TRANSPORT","37013","2019","June","Summer","03","Friday","Weekday","No Injuries","No Fatalities"
9.9753992166997e-314,2019-06-07 04:10:00,2,3,0,NA,"N","ANGLE","RAIN","DARK - LIGHTED","GARFIELD ST & ROSA L PARKS BLVD","NASHVILLE","NORTH",36.18059,-86.79635,"MOTOR VEHICLE IN TRANSPORT;UTILITY POLE","37208","2019","June","Summer","04","Friday","Weekday","Injuries","No Fatalities"
9.97539922756914e-314,2019-06-07 04:20:00,2,0,0,NA,"N","ANGLE","RAIN","DARK - LIGHTED","OLD HICKORY BLVD & HIGHWAY 70S","NASHVILLE","WEST",36.07448,-86.92094,"MOTOR VEHICLE IN TRANSPORT","37221","2019","June","Summer","04","Friday","Weekday","No Injuries","No Fatalities"
9.9753992295454e-314,2019-06-07 04:26:00,2,0,0,NA,"N","SIDESWIPE - OPPOSITE DIRECTION","RAIN","DARK - LIGHTED","MAIN ST & N 10TH ST","NASHVILLE","EAST",36.17803,-86.75186,"Motor Vehicle-In-Motion Outside Trafficw","37206","2019","June","Summer","04","Friday","Weekday","No Injuries","No Fatalities"
9.97539924486144e-314,2019-06-07 01:15:00,1,1,0,NA,"N","NOT COLLISION W/MOTOR VEHICLE-TRANSPORT","RAIN","DARK - NOT LIGHTED","OLD CHARLOTTE PKE & OLD CHARLOTTE PVTDR","NASHVILLE","WEST",36.1177,-86.96007,"","37221","2019","June","Summer","01","Friday","Weekday","Injuries","No Fatalities"
9.97539927648164e-314,2019-06-07 05:25:00,2,1,0,NA,"N","ANGLE","RAIN","DARK - LIGHTED","BROADMOOR DR & DICKERSON PKE","NASHVILLE","EAST",36.22938,-86.75928,"MOTOR VEHICLE IN TRANSPORT","37207","2019","June","Summer","05","Friday","Weekday","Injuries","No Fatalities"
9.97539931946535e-314,2019-06-07 05:30:00,2,1,0,NA,"N","Front to Rear","RAIN","DARK - LIGHTED","BLUE HOLE RD & CRYSTAL BROOK DR","ANTIOCH","SOUTH",36.04064,-86.67789,"PARKED MOTOR VEHICLE;Motor Vehicle-In-Motion Outside Trafficw","37013","2019","June","Summer","05","Friday","Weekday","Injuries","No Fatalities"
9.97539934565083e-314,2019-06-07 03:15:00,2,0,0,NA,"N","Front to Rear","RAIN","DARK - LIGHTED","MURPHY RD & BOWLING AV","NASHVILLE","WEST",36.1401,-86.82684,"MOTOR VEHICLE IN TRANSPORT","37205","2019","June","Summer","03","Friday","Weekday","No Injuries","No Fatalities"
9.97539934762709e-314,2019-06-07 06:50:00,3,1,0,NA,"N","SIDESWIPE - SAME DIRECTION","RAIN","DARK - LIGHTED","MM 86 5 I 65","NASHVILLE","NORTH",36.19235,-86.77702,"MOTOR VEHICLE IN TRANSPORT","37207","2019","June","Summer","06","Friday","Weekday","Injuries","No Fatalities"
9.97539937331851e-314,2019-06-07 07:50:00,2,0,0,NA,"N","ANGLE","RAIN","DARK - NOT LIGHTED","8TH AVS & LAFAYETTE ST","NASHVILLE","CENTRA",36.15463,-86.77916,"MOTOR VEHICLE IN TRANSPORT","37203","2019","June","Summer","07","Friday","Weekday","No Injuries","No Fatalities"
9.9753993777651e-314,2019-06-07 06:50:00,1,0,0,NA,"N","NOT COLLISION W/MOTOR VEHICLE-TRANSPORT","RAIN","DARK - LIGHTED","MM 86 5 I 65","NASHVILLE","NORTH",36.19289,-86.77632,"CONCRETE TRAFFIC BARRIER","37207","2019","June","Summer","06","Friday","Weekday","No Injuries","No Fatalities"
9.97539938319982e-314,2019-06-07 05:00:00,1,1,0,NA,"N","NOT COLLISION W/MOTOR VEHICLE-TRANSPORT","RAIN","DARK - LIGHTED","BROADWAY & 7TH AVN","NASHVILLE","CENTRA",36.15941,-86.78091,"PEDESTRIAN","37203","2019","June","Summer","05","Friday","Weekday","Injuries","No Fatalities"
9.97539938814048e-314,2019-06-07 07:17:00,1,0,0,NA,"Y","NOT COLLISION W/MOTOR VEHICLE-TRANSPORT","RAIN","DARK - LIGHTED","MM 60 3 I 24","ANTIOCH","SOUTH",36.03767,-86.64625,"CONCRETE TRAFFIC BARRIER","37013","2019","June","Summer","07","Friday","Weekday","No Injuries","No Fatalities"
9.97539941383189e-314,2019-06-07 08:18:00,1,1,0,NA,"N","NOT COLLISION W/MOTOR VEHICLE-TRANSPORT","RAIN","DARK - LIGHTED","MM 211 7 I 40","NASHVILLE","HERMIT",36.14987,-86.74793,"CONCRETE TRAFFIC BARRIER","37210","2019","June","Summer","08","Friday","Weekday","Injuries","No Fatalities"
9.97539945434527e-314,2019-06-07 05:00:00,1,0,0,NA,"Y","NOT COLLISION W/MOTOR VEHICLE-TRANSPORT","RAIN","DARK - LIGHTED","MURFREESBORO PKE & NASHBORO BLVD","ANTIOCH","SOUTH",36.08691,-86.64867,"CURB","37013","2019","June","Summer","05","Friday","Weekday","No Injuries","No Fatalities"
9.97539948448328e-314,2019-06-07 09:34:00,1,0,0,NA,"N","NOT COLLISION W/MOTOR VEHICLE-TRANSPORT","RAIN","DARK - NOT LIGHTED","CLARKSVILLE PKE & ST LAWRENCE DR","JOELTON","NORTH",36.28716,-86.87922,"UTILITY POLE","37080","2019","June","Summer","09","Friday","Weekday","No Injuries","No Fatalities"
9.9753994914002e-314,2019-06-07 09:40:00,2,0,0,NA,"N","ANGLE","RAIN","DARK - LIGHTED","CHURCH ST & 2ND AVN","NASHVILLE","CENTRA",36.16457,-86.77691,"MOTOR VEHICLE IN TRANSPORT","37201","2019","June","Summer","09","Friday","Weekday","No Injuries","No Fatalities"
9.97539950226964e-314,2019-06-07 09:56:00,2,1,0,NA,"N","ANGLE","RAIN","DARK - LIGHTED","28TH AVN & CHARLOTTE AV","NASHVILLE","MIDTOW",36.15396,-86.81822,"MOTOR VEHICLE IN TRANSPORT","37209","2019","June","Summer","09","Friday","Weekday","Injuries","No Fatalities"
9.9753995072103e-314,2019-06-07 10:07:00,2,0,0,NA,"N","ANGLE","RAIN","DARK - LIGHTED","19TH AVS & BROADWAY","NASHVILLE","MIDTOW",36.15101,-86.79649,"MOTOR VEHICLE IN TRANSPORT","37203","2019","June","Summer","10","Friday","Weekday","No Injuries","No Fatalities"
9.97539952450259e-314,2019-06-07 10:36:00,1,0,0,NA,"N","NOT COLLISION W/MOTOR VEHICLE-TRANSPORT","RAIN","DARK - NOT LIGHTED","BRILEY PKWYW & BRILEY PKWYE","NASHVILLE","NORTH",36.23978,-86.77489,"CONCRETE TRAFFIC BARRIER;Ran Off Road-Left","37218","2019","June","Summer","10","Friday","Weekday","No Injuries","No Fatalities"
9.9753995358661e-314,2019-06-07 10:46:00,1,0,0,NA,"N","NOT COLLISION W/MOTOR VEHICLE-TRANSPORT","RAIN","DARK - NOT LIGHTED","SPRING ST & DICKERSON PKE","NASHVILLE","EAST",36.17658,-86.77032,"CURB","37207","2019","June","Summer","10","Friday","Weekday","No Injuries","No Fatalities"
9.97539954228896e-314,2019-06-07 10:50:00,1,0,0,NA,"N","NOT COLLISION W/MOTOR VEHICLE-TRANSPORT","RAIN","DAYLIGHT","OLD FRANKLIN RD & DANA WAY","ANTIOCH","SOUTH",36.03814,-86.63605,"SHRUBBERY","37013","2019","June","Summer","10","Friday","Weekday","No Injuries","No Fatalities"
9.97539956106345e-314,2019-06-07 11:23:00,1,0,0,NA,"N","NOT COLLISION W/MOTOR VEHICLE-TRANSPORT","RAIN","DAWN","MM 213 0 I 40","NASHVILLE","HERMIT",36.1407,-86.7322,"GUARDRAIL FACE","37210","2019","June","Summer","11","Friday","Weekday","No Injuries","No Fatalities"
9.97539956551004e-314,2019-06-07 11:06:00,3,0,0,NA,"Y","ANGLE","RAIN","DAYLIGHT","MURFREESBORO PKE & MILLWOOD DR","NASHVILLE","HERMIT",36.12949,-86.7147,"MOTOR VEHICLE IN TRANSPORT","37217","2019","June","Summer","11","Friday","Weekday","No Injuries","No Fatalities"
9.97539957637949e-314,2019-06-07 11:48:00,2,0,0,NA,"Y","Front to Rear","RAIN","DAYLIGHT","MM 211 2 I 40","NASHVILLE","HERMIT",36.15326,-86.75639,"MOTOR VEHICLE IN TRANSPORT","37210","2019","June","Summer","11","Friday","Weekday","No Injuries","No Fatalities"
9.97539957736762e-314,2019-06-07 11:40:00,1,0,0,NA,"N","NOT COLLISION W/MOTOR VEHICLE-TRANSPORT","RAIN","DAYLIGHT","MM 78 2 I 65","NASHVILLE","MIDTOW",36.08806,-86.76301,"WALL","37204","2019","June","Summer","11","Friday","Weekday","No Injuries","No Fatalities"
9.97539957983795e-314,2019-06-07 11:55:00,2,0,0,NA,"Y","OTHER","RAIN","DAYLIGHT","LEBANON PKE & SHUTE LN","HERMITAGE","HERMIT",36.21461,-86.60466,"MOTOR VEHICLE IN TRANSPORT","37076","2019","June","Summer","11","Friday","Weekday","No Injuries","No Fatalities"
9.97539958379047e-314,2019-06-07 12:08:00,1,1,0,NA,"N","NOT COLLISION W/MOTOR VEHICLE-TRANSPORT","RAIN","DAYLIGHT","MM 90 1 I 65","MADISON","MADISO",36.23842,-86.75547,"WALL","37115","2019","June","Summer","12","Friday","Weekday","Injuries","No Fatalities"