"Accident.Number","Date.and.Time","Number.of.Motor.Vehicles","Number.of.Injuries","Number.of.Fatalities","Property.Damage","Hit.and.Run","Collision.Type.Description","Weather.Description","Illumination.Description","Street.Address","City","Precinct","Latitude","Longitude","HarmfulDescriptions","Zip.Code","Year","Month","Season","Hour","Weekday","DayType","Accident","Fatality_category"
9.9753995862608e-314,2019-06-07 12:19:00,3,1,0,NA,"N","Front to Rear","RAIN","DAYLIGHT","HIGHWAY 100 & NATCHEZ TRACE PKWY EXT RAM","NASHVILLE","WEST",36.03474,-86.98028,"MOTOR VEHICLE IN TRANSPORT","37221","2019","June","Summer","12","Friday","Weekday","Injuries","No Fatalities"
9.97539961047002e-314,2019-06-07 12:34:00,1,1,0,NA,"N","NOT COLLISION W/MOTOR VEHICLE-TRANSPORT","RAIN","DAYLIGHT","I40 E EXT RAMP & I 40","NASHVILLE","HERMIT",36.16755,-86.60763,"GUARDRAIL FACE","37214","2019","June","Summer","12","Friday","Weekday","Injuries","No Fatalities"
9.97539961689287e-314,2019-06-07 12:20:00,2,2,0,NA,"N","Front to Rear","RAIN","DAYLIGHT","OLD HICKORY BLVD & SEVEN SPRINGS WAY","BRENTWOOD","MIDTOW",36.04028,-86.76837,"MOTOR VEHICLE IN TRANSPORT","37027","2019","June","Summer","12","Friday","Weekday","Injuries","No Fatalities"
9.97539962035133e-314,2019-06-07 12:42:00,2,0,0,NA,"N","Rear to Side","RAIN","DAYLIGHT","LEAFLAND AV & DAYTON AV","NASHVILLE","SOUTH",36.12706,-86.74525,"PARKED MOTOR VEHICLE","37210","2019","June","Summer","12","Friday","Weekday","No Injuries","No Fatalities"
9.97539962331572e-314,2019-06-07 12:45:00,1,1,0,NA,"N","NOT COLLISION W/MOTOR VEHICLE-TRANSPORT","RAIN","DAYLIGHT","MM 91 3 I 65","MADISON","MADISO",36.25157,-86.74023,"CONCRETE TRAFFIC BARRIER","37115","2019","June","Summer","12","Friday","Weekday","Injuries","No Fatalities"
9.97539962479792e-314,2019-06-07 12:44:00,1,1,0,NA,"N","NOT COLLISION W/MOTOR VEHICLE-TRANSPORT","RAIN","DAYLIGHT","I40 E EXT RAMP & I 40","NASHVILLE","HERMIT",36.1675,-86.60772,"CONCRETE TRAFFIC BARRIER","37214","2019","June","Summer","12","Friday","Weekday","Injuries","No Fatalities"
9.97539962529199e-314,2019-06-07 12:50:00,2,0,0,NA,"N","SIDESWIPE - SAME DIRECTION","RAIN","DAYLIGHT","MM 213 6 I 40","NASHVILLE","HERMIT",36.1408,-86.71983,"MOTOR VEHICLE IN TRANSPORT","37217","2019","June","Summer","12","Friday","Weekday","No Injuries","No Fatalities"
9.97539962628012e-314,2019-06-07 12:40:00,1,1,0,NA,"N","NOT COLLISION W/MOTOR VEHICLE-TRANSPORT","RAIN","DAYLIGHT","MM 93 6 I 65","MADISON","MADISO",36.28274,-86.73116,"CONCRETE TRAFFIC BARRIER","37115","2019","June","Summer","12","Friday","Weekday","Injuries","No Fatalities"
9.97539963171484e-314,2019-06-07 12:55:00,1,0,0,NA,"N","NOT COLLISION W/MOTOR VEHICLE-TRANSPORT","RAIN","DAYLIGHT","BRILEY PKWYS & BRILEY PKWYN","NASHVILLE","NORTH",36.1892,-86.68839,"GUARDRAIL FACE","37218","2019","June","Summer","12","Friday","Weekday","No Injuries","No Fatalities"
9.9753996336911e-314,2019-06-07 12:54:00,1,0,0,NA,"N","NOT COLLISION W/MOTOR VEHICLE-TRANSPORT","RAIN","DAYLIGHT","BRILEY PKWYW & BRILEY PKWY W EXT RAMP","MADISON","MADISO",36.23926,-86.77696,"WALL","37115","2019","June","Summer","12","Friday","Weekday","No Injuries","No Fatalities"
9.97539965147747e-314,2019-06-07 05:00:00,1,0,0,NA,"Y","NOT COLLISION W/MOTOR VEHICLE-TRANSPORT","RAIN","DAYLIGHT","500 BELL RD","ANTIOCH","SOUTH",36.06535,-86.63675,"FENCE","37013","2019","June","Summer","05","Friday","Weekday","No Injuries","No Fatalities"
9.97540004969438e-314,2019-06-07 05:00:00,2,0,0,NA,"N","Front to Rear","RAIN","DAYLIGHT","MM 55 3 I 24","NASHVILLE","SOUTH",36.09106,-86.70388,"MOTOR VEHICLE IN TRANSPORT","37211","2019","June","Summer","05","Friday","Weekday","No Injuries","No Fatalities"
9.975400167282e-314,2019-06-07 05:00:00,1,0,0,NA,"N","NOT COLLISION W/MOTOR VEHICLE-TRANSPORT","RAIN","DAYLIGHT","PARAGON MILLS RD & VALLEY RIDGE DR","NASHVILLE","SOUTH",36.08788,-86.72305,"BUILDING","37211","2019","June","Summer","05","Friday","Weekday","No Injuries","No Fatalities"
9.97540025621382e-314,2019-06-07 05:00:00,2,0,0,NA,"N","Front to Rear","RAIN","DAYLIGHT","MM 55 0 I 24","NASHVILLE","SOUTH",36.09495,-86.70731,"MOTOR VEHICLE IN TRANSPORT","37211","2019","June","Summer","05","Friday","Weekday","No Injuries","No Fatalities"
9.97540030957291e-314,2019-06-08 00:20:00,2,0,0,NA,"N","ANGLE","RAIN","DAYLIGHT","BRICK CHURCH PKE & BRICK CHURCH LN","NASHVILLE","MADISO",36.24451,-86.78028,"MOTOR VEHICLE IN TRANSPORT","37207","2019","June","Summer","00","Saturday","Weekend","No Injuries","No Fatalities"
9.97540044148843e-314,2019-06-08 00:35:00,3,0,0,NA,"Y","Front to Rear","RAIN","DARK - LIGHTED","ALBION ST & 32ND AVN","NASHVILLE","NORTH",36.16339,-86.82538,"MOTOR VEHICLE IN TRANSPORT","37209","2019","June","Summer","00","Saturday","Weekend","No Injuries","No Fatalities"
9.97540048397808e-314,2019-06-08 04:05:00,2,0,0,NA,"N","ANGLE","RAIN","DARK - NOT LIGHTED","OLD HICKORY BLVD & CENTRAL PKE","HERMITAGE","HERMIT",36.17359,-86.60215,"MOTOR VEHICLE IN TRANSPORT","37076","2019","June","Summer","04","Saturday","Weekend","No Injuries","No Fatalities"
9.97540085551544e-314,2019-06-08 10:48:00,1,0,0,NA,"N","NOT COLLISION W/MOTOR VEHICLE-TRANSPORT","RAIN","DAYLIGHT","MM 60 0 I 24","ANTIOCH","SOUTH",36.04013,-86.64973,"CONCRETE TRAFFIC BARRIER","37013","2019","June","Summer","10","Saturday","Weekend","No Injuries","No Fatalities"
9.97540089257037e-314,2019-06-08 05:00:00,2,0,0,NA,"Y","ANGLE","RAIN","DARK - LIGHTED","LINBAR DR & WALLACE RD","NASHVILLE","SOUTH",36.08128,-86.70129,"MOTOR VEHICLE IN TRANSPORT","37211","2019","June","Summer","05","Saturday","Weekend","No Injuries","No Fatalities"
9.9754010373316e-314,2019-06-08 06:00:00,3,0,0,NA,"N","SIDESWIPE - OPPOSITE DIRECTION","RAIN","DARK - LIGHTED","629 ATLANTA DR","HERMITAGE","HERMIT",36.20943,-86.59597,"PARKED MOTOR VEHICLE","37076","2019","June","Summer","06","Saturday","Weekend","No Injuries","No Fatalities"
9.97540237377917e-314,2019-06-09 05:00:00,2,2,0,NA,"Y","Front to Rear","RAIN","DAYLIGHT","LINCOYA BAY DR & BELL RD","NASHVILLE","HERMIT",36.1455,-86.62619,"MOTOR VEHICLE IN TRANSPORT","37214","2019","June","Summer","05","Sunday","Weekend","Injuries","No Fatalities"
9.97540238514268e-314,2019-06-09 05:00:00,2,2,0,NA,"N","Front to Rear","RAIN","DAYLIGHT","MM 55 7 I 24","NASHVILLE","SOUTH",36.08591,-86.69987,"MOTOR VEHICLE IN TRANSPORT","37211","2019","June","Summer","05","Sunday","Weekend","Injuries","No Fatalities"
9.97540240885783e-314,2019-06-10 00:11:00,1,0,0,NA,"N","NOT COLLISION W/MOTOR VEHICLE-TRANSPORT","RAIN","DAYLIGHT","MM 75 0 I 65","BRENTWOOD","MIDTOW",36.05631,-86.77465,"SHRUBBERY","37027","2019","June","Summer","00","Monday","Weekday","No Injuries","No Fatalities"
9.9754024266442e-314,2019-06-10 00:44:00,1,1,0,NA,"N","NOT COLLISION W/MOTOR VEHICLE-TRANSPORT","RAIN","DUSK","I40 W EXT RAMP & I 40","NASHVILLE","CENTRA",36.14099,-86.71944,"GUARDRAIL FACE","37203","2019","June","Summer","00","Monday","Weekday","Injuries","No Fatalities"
9.97540243553738e-314,2019-06-09 05:00:00,2,0,0,NA,"N","ANGLE","RAIN","DAYLIGHT","NOLENSVILLE PKE & HICKORYVIEW DR","NASHVILLE","SOUTH",36.04868,-86.71366,"MOTOR VEHICLE IN TRANSPORT","37211","2019","June","Summer","05","Sunday","Weekend","No Injuries","No Fatalities"
9.97540243652551e-314,2019-06-10 00:57:00,2,0,0,NA,"Y","REAR-TO-REAR","RAIN","DUSK","MAPLE TOP DR & HICKORY GLADE DR","ANTIOCH","SOUTH",36.06065,-86.70226,"PARKED MOTOR VEHICLE","37013","2019","June","Summer","00","Monday","Weekday","No Injuries","No Fatalities"
9.97540249729559e-314,2019-06-10 02:35:00,2,2,0,NA,"N","ANGLE","RAIN","DARK - LIGHTED","PIN HOOK RD & LAVERGNE COUCHVILLE PKE","ANTIOCH","SOUTH",36.04602,-86.58275,"MOTOR VEHICLE IN TRANSPORT","37013","2019","June","Summer","02","Monday","Weekday","Injuries","No Fatalities"
9.97543241395857e-314,2019-07-03 04:40:00,1,0,0,NA,"N","NOT COLLISION W/MOTOR VEHICLE-TRANSPORT","RAIN","DARK - NOT LIGHTED","EATONS CREEK RD & BINKLEY RD","JOELTON","NORTH",36.32383,-86.87216,"GUARDRAIL FACE","37080","2019","July","Summer","04","Wednesday","Weekday","No Injuries","No Fatalities"
9.97543338924416e-314,2019-07-03 05:00:00,1,0,0,NA,"N","NOT COLLISION W/MOTOR VEHICLE-TRANSPORT","RAIN","DAYLIGHT","BAKER RD & OLD SPRINGFIELD PKE","GOODLETTSVILLE","MADISO",36.35729,-86.74013,"UTILITY POLE","37072","2019","July","Summer","05","Wednesday","Weekday","No Injuries","No Fatalities"
9.97543375880526e-314,2019-07-04 02:12:00,2,0,0,NA,"Y","SIDESWIPE - SAME DIRECTION","RAIN","DARK - LIGHTED","BELL RD & -UNKNOWN RAMP/ROAD -","NASHVILLE","HERMIT",36.15661,-86.61839,"MOTOR VEHICLE IN TRANSPORT","37214","2019","July","Summer","02","Thursday","Weekday","No Injuries","No Fatalities"
9.97543376226372e-314,2019-07-04 02:27:00,1,2,0,NA,"N","NOT COLLISION W/MOTOR VEHICLE-TRANSPORT","RAIN","DARK - LIGHTED","DONELSON PKE & ROYAL PKWY","NASHVILLE","HERMIT",36.14629,-86.66655,"PEDESTRIAN","37214","2019","July","Summer","02","Thursday","Weekday","Injuries","No Fatalities"
9.97543381512874e-314,2019-07-04 02:25:00,2,0,0,NA,"N","NOT COLLISION W/MOTOR VEHICLE-TRANSPORT","RAIN","DARK - NOT LIGHTED","RIVER ROAD PKE & INDIAN CREEK RD","NASHVILLE","WEST",36.1378,-86.94959,"DITCH;EMBANKMENT EARTH","37209","2019","July","Summer","02","Thursday","Weekday","No Injuries","No Fatalities"
9.97543489466218e-314,2019-07-04 05:00:00,1,1,0,NA,"N","NOT COLLISION W/MOTOR VEHICLE-TRANSPORT","RAIN","DARK - NOT LIGHTED","CANE RIDGE RD & CANE SPRINGS RD","ANTIOCH","SOUTH",36.01395,-86.6413,"SHRUBBERY","37013","2019","July","Summer","05","Thursday","Weekday","Injuries","No Fatalities"
9.97542454349283e-314,2019-06-27 01:43:00,4,1,0,NA,"Y","Front to Rear","RAIN","DARK - LIGHTED","MURFREESBORO PKE & MOUNTAIN SPRINGS RD","ANTIOCH","SOUTH",36.04784,-86.61205,"MOTOR VEHICLE IN TRANSPORT","37013","2019","June","Summer","01","Thursday","Weekday","Injuries","No Fatalities"
9.97542456276139e-314,2019-06-27 02:01:00,2,1,0,NA,"N","SIDESWIPE - SAME DIRECTION","RAIN","DARK - LIGHTED","HICKORY HOLLOW MALL PVTDR PL & BELL RD","ANTIOCH","SOUTH",36.04985,-86.65217,"MOTOR VEHICLE IN TRANSPORT","37013","2019","June","Summer","02","Thursday","Weekday","Injuries","No Fatalities"
9.97541941805582e-314,2019-06-22 05:00:00,2,0,0,NA,"N","Front to Rear","RAIN","DAYLIGHT","JAMES ROBERTSON PKWY & ELLINGTON PKWY N","NASHVILLE","EAST",36.17181,-86.768,"MOTOR VEHICLE IN TRANSPORT","37206","2019","June","Summer","05","Saturday","Weekend","No Injuries","No Fatalities"
9.97542459932225e-314,2019-06-27 02:30:00,2,0,0,NA,"Y","Front to Rear","RAIN","DARK - LIGHTED","I24 W ENT RAMP & I 24","NASHVILLE","EAST",36.08668,-86.69844,"MOTOR VEHICLE IN TRANSPORT","37206","2019","June","Summer","02","Thursday","Weekday","No Injuries","No Fatalities"
9.97542463983564e-314,2019-06-27 03:10:00,2,0,0,NA,"N","Front to Rear","RAIN","DARK - LIGHTED","8TH AVS & DEMONBREUN ST","NASHVILLE","CENTRA",36.15687,-86.78084,"MOTOR VEHICLE IN TRANSPORT","37203","2019","June","Summer","03","Thursday","Weekday","No Injuries","No Fatalities"
9.97542466602111e-314,2019-06-27 03:50:00,2,0,0,NA,"Y","Front to Rear","RAIN","DARK - LIGHTED","BROOKSBORO TER & BROOKSBORO PL","NASHVILLE","HERMIT",36.08476,-86.64493,"MOTOR VEHICLE IN TRANSPORT","37217","2019","June","Summer","03","Thursday","Weekday","No Injuries","No Fatalities"
9.97542468232528e-314,2019-06-27 04:45:00,1,0,0,NA,"N","NOT COLLISION W/MOTOR VEHICLE-TRANSPORT","RAIN","DARK - LIGHTED","BRILEY PKWYW & BRUSH HILL RD","MADISON","MADISO",36.23503,-86.71481,"CONCRETE TRAFFIC BARRIER","37115","2019","June","Summer","04","Thursday","Weekday","No Injuries","No Fatalities"
9.97542468825407e-314,2019-06-27 04:51:00,1,0,0,NA,"N","NOT COLLISION W/MOTOR VEHICLE-TRANSPORT","RAIN","DARK - LIGHTED","MM 212 0 I 40","NASHVILLE","HERMIT",36.14723,-86.74364,"GUARDRAIL END;WALL","37210","2019","June","Summer","04","Thursday","Weekday","No Injuries","No Fatalities"
9.97542474853008e-314,2019-06-27 05:50:00,1,1,0,NA,"N","NOT COLLISION W/MOTOR VEHICLE-TRANSPORT","RAIN","DARK - LIGHTED","I40 E ENT RAMP & I 40","NASHVILLE","WEST",36.13979,-86.72449,"WALL;Ran Off Road-Left","37205","2019","June","Summer","05","Thursday","Weekday","Injuries","No Fatalities"
9.97542474951821e-314,2019-06-27 05:53:00,1,0,0,NA,"N","NOT COLLISION W/MOTOR VEHICLE-TRANSPORT","RAIN","DARK - LIGHTED","DAVIDSON ST & S 2ND ST","NASHVILLE","CENTRA",36.16135,-86.7644,"OTHER OBJECT (NOT FIXED)","37213","2019","June","Summer","05","Thursday","Weekday","No Injuries","No Fatalities"
9.97542590118523e-314,2019-06-28 01:08:00,1,1,0,NA,"Y","NOT COLLISION W/MOTOR VEHICLE-TRANSPORT","RAIN","DARK - LIGHTED","6TH AVN & DEADERICK ST","NASHVILLE","CENTRA",36.16476,-86.78279,"PEDESTRIAN","37219","2019","June","Summer","01","Friday","Weekday","Injuries","No Fatalities"
9.97542590563182e-314,2019-06-28 00:45:00,2,0,0,NA,"N","SIDESWIPE - SAME DIRECTION","RAIN","DARK - LIGHTED","MM 43 6 I 24","NASHVILLE","MADISO",36.23787,-86.7859,"MOTOR VEHICLE IN TRANSPORT","37207","2019","June","Summer","00","Friday","Weekday","No Injuries","No Fatalities"
9.97542592094785e-314,2019-06-28 01:00:00,1,0,0,NA,"N","NOT COLLISION W/MOTOR VEHICLE-TRANSPORT","RAIN","DARK - LIGHTED","MM 49 2 I 24","NASHVILLE","CENTRA",36.16326,-86.76174,"CONCRETE TRAFFIC BARRIER","37213","2019","June","Summer","01","Friday","Weekday","No Injuries","No Fatalities"
9.97542592786477e-314,2019-06-28 01:07:00,2,0,0,NA,"N","ANGLE","RAIN","DARK - LIGHTED","MURFREESBORO PKE & BELL RD","ANTIOCH","SOUTH",36.07241,-86.6367,"MOTOR VEHICLE IN TRANSPORT","37013","2019","June","Summer","01","Friday","Weekday","No Injuries","No Fatalities"
9.97542593824015e-314,2019-06-28 01:20:00,2,0,0,NA,"N","SIDESWIPE - OPPOSITE DIRECTION","RAIN","DARK - LIGHTED","0 12TH AVS","NASHVILLE","CENTRA",36.15552,-86.78679,"MOTOR VEHICLE IN TRANSPORT","37203","2019","June","Summer","01","Friday","Weekday","No Injuries","No Fatalities"
9.97542595207399e-314,2019-06-28 01:20:00,2,0,0,NA,"N","SIDESWIPE - SAME DIRECTION","RAIN","DARK - LIGHTED","E MARTHONA RD & VANTREASE RD","MADISON","MADISO",36.25912,-86.72792,"MOTOR VEHICLE IN TRANSPORT","37115","2019","June","Summer","01","Friday","Weekday","No Injuries","No Fatalities"
9.9754259807298e-314,2019-06-28 01:25:00,2,0,0,NA,"N","SIDESWIPE - SAME DIRECTION","RAIN","DARK - LIGHTED","MM 49 0 I 24","NASHVILLE","EAST",36.16612,-86.76467,"MOTOR VEHICLE IN TRANSPORT","37206","2019","June","Summer","01","Friday","Weekday","No Injuries","No Fatalities"
9.97542598221199e-314,2019-06-28 02:10:00,2,0,0,NA,"N","ANGLE","RAIN","DARK - LIGHTED","UNA ANTIOCH PKE & RICHARDS RD","ANTIOCH","SOUTH",36.06725,-86.66167,"MOTOR VEHICLE IN TRANSPORT","37013","2019","June","Summer","02","Friday","Weekday","No Injuries","No Fatalities"
9.97542600889154e-314,2019-06-28 02:35:00,1,0,0,NA,"N","NOT COLLISION W/MOTOR VEHICLE-TRANSPORT","RAIN","DARK - NOT LIGHTED","MM 200 6 I 40","NASHVILLE","WEST",36.12625,-86.90382,"GUARDRAIL FACE","37209","2019","June","Summer","02","Friday","Weekday","No Injuries","No Fatalities"
9.975426042488e-314,2019-06-28 02:40:00,2,1,0,NA,"Y","ANGLE","RAIN","DARK - LIGHTED","HIGHWAY 70S & BELLEVUE CTR PVTDR","NASHVILLE","WEST",36.0772,-86.9495,"MOTOR VEHICLE IN TRANSPORT","37221","2019","June","Summer","02","Friday","Weekday","Injuries","No Fatalities"
9.97542605286338e-314,2019-06-28 03:49:00,1,0,0,NA,"N","NOT COLLISION W/MOTOR VEHICLE-TRANSPORT","RAIN","DARK - LIGHTED","MCGAVOCK PKE & FAIRBROOK DR","NASHVILLE","HERMIT",36.20931,-86.68529,"DEER (ANIMAL)","37214","2019","June","Summer","03","Friday","Weekday","No Injuries","No Fatalities"
9.97542612055038e-314,2019-06-28 01:10:00,3,0,0,NA,"Y","ANGLE","RAIN","DARK - NOT LIGHTED","HILLMEADE CT & HILLMEADE DR","NASHVILLE","WEST",36.0856,-86.8985,"PARKED MOTOR VEHICLE","37205","2019","June","Summer","01","Friday","Weekday","No Injuries","No Fatalities"
9.97542613141982e-314,2019-06-28 04:01:00,2,0,0,NA,"Y","ANGLE","RAIN","DARK - LIGHTED","MASONWOOD DR & MOOREWOOD DR","NASHVILLE","MADISO",36.2422,-86.7733,"MOTOR VEHICLE IN TRANSPORT","37207","2019","June","Summer","04","Friday","Weekday","No Injuries","No Fatalities"
9.9754155742251e-314,2019-06-19 05:00:00,1,1,0,NA,"N","NOT COLLISION W/MOTOR VEHICLE-TRANSPORT","RAIN","DUSK","MM 207 7 I 40","NASHVILLE","NORTH",36.17164,-86.80253,"OTHER FIXED OBJECTS","37208","2019","June","Summer","05","Wednesday","Weekday","Injuries","No Fatalities"
9.97541560880969e-314,2019-06-20 00:22:00,2,0,0,NA,"N","ANGLE","RAIN","DAYLIGHT","W TRINITY LN & I65 S ENT RAMP","NASHVILLE","NORTH",36.2065,-86.77648,"MOTOR VEHICLE IN TRANSPORT","37207","2019","June","Summer","00","Thursday","Weekday","No Injuries","No Fatalities"
9.97541562066727e-314,2019-06-20 00:30:00,2,1,0,NA,"Y","Front to Rear","RAIN","DUSK","GALLATIN PKEN & MCHENRY CENTER PVTDR","GOODLETTSVILLE","MADISO",36.29475,-86.70107,"MOTOR VEHICLE IN TRANSPORT","37072","2019","June","Summer","00","Thursday","Weekday","Injuries","No Fatalities"
9.97541563301891e-314,2019-06-20 00:45:00,1,0,0,NA,"N","NOT COLLISION W/MOTOR VEHICLE-TRANSPORT","RAIN","DARK - NOT LIGHTED","MM 38 2 I 24","WHITES CREEK","NORTH",36.30637,-86.81763,"GUARDRAIL FACE","37189","2019","June","Summer","00","Thursday","Weekday","No Injuries","No Fatalities"
9.9754156389477e-314,2019-06-20 00:52:00,1,1,0,NA,"N","NOT COLLISION W/MOTOR VEHICLE-TRANSPORT","RAIN","DAYLIGHT","BRILEY PKWYN & BRILEY PKWYS","NASHVILLE","SOUTH",36.16434,-86.68879,"CONCRETE TRAFFIC BARRIER","37211","2019","June","Summer","00","Thursday","Weekday","Injuries","No Fatalities"
9.97541564784088e-314,2019-06-20 01:02:00,1,0,0,NA,"N","NOT COLLISION W/MOTOR VEHICLE-TRANSPORT","RAIN","DARK - LIGHTED","MM 205 5 I 40","NASHVILLE","WEST",36.15502,-86.8302,"GUARDRAIL FACE","37209","2019","June","Summer","01","Thursday","Weekday","No Injuries","No Fatalities"
9.97541564833495e-314,2019-06-20 01:00:00,1,0,0,NA,"N","NOT COLLISION W/MOTOR VEHICLE-TRANSPORT","RAIN","DARK - LIGHTED","MM 205 2 I 40","NASHVILLE","WEST",36.15409,-86.83451,"WALL","37209","2019","June","Summer","01","Thursday","Weekday","No Injuries","No Fatalities"
9.97541565179341e-314,2019-06-20 01:05:00,1,0,0,NA,"N","NOT COLLISION W/MOTOR VEHICLE-TRANSPORT","RAIN","DARK - NOT LIGHTED","TYNE BLVD & TARA DR","NASHVILLE","MIDTOW",36.0797,-86.82103,"THROWN OR FALLING OBJECT","37215","2019","June","Summer","01","Thursday","Weekday","No Injuries","No Fatalities"
9.97541574072522e-314,2019-06-20 01:40:00,1,0,0,NA,"N","NOT COLLISION W/MOTOR VEHICLE-TRANSPORT","RAIN","DARK - LIGHTED","MM 210 9 I 40","NASHVILLE","HERMIT",36.15443,-86.76087,"CULVERT;Ran Off Road-Right","37210","2019","June","Summer","01","Thursday","Weekday","No Injuries","No Fatalities"
9.97541574467775e-314,2019-06-20 02:27:00,1,0,0,NA,"N","NOT COLLISION W/MOTOR VEHICLE-TRANSPORT","RAIN","DARK - NOT LIGHTED","I24 E ENT RAMP & I 440","NASHVILLE","SOUTH",36.12533,-86.72953,"GUARDRAIL END;Ran Off Road-Left","37210","2019","June","Summer","02","Thursday","Weekday","No Injuries","No Fatalities"
9.97541576246411e-314,2019-06-20 02:48:00,2,0,0,NA,"Y","ANGLE","RAIN","DARK - LIGHTED","GOULD BLVD & FIRESTONE PKWY","ANTIOCH","SOUTH",36.01538,-86.61617,"PARKED MOTOR VEHICLE;Motor Vehicle-In-Motion Outside Trafficw","37013","2019","June","Summer","02","Thursday","Weekday","No Injuries","No Fatalities"
9.97541578321487e-314,2019-06-20 03:15:00,1,0,0,NA,"N","NOT COLLISION W/MOTOR VEHICLE-TRANSPORT","RAIN","DARK - NOT LIGHTED","BRILEY PKWYN & MUSIC CITY CIR","NASHVILLE","HERMIT",36.22157,-86.69351,"CONCRETE TRAFFIC BARRIER","37214","2019","June","Summer","03","Thursday","Weekday","No Injuries","No Fatalities"
9.97541580100123e-314,2019-06-20 02:45:00,2,0,0,NA,"Y","SIDESWIPE - SAME DIRECTION","RAIN","DARK - LIGHTED","MM 215 0 I 40","NASHVILLE","HERMIT",36.14155,-86.6714,"MOTOR VEHICLE IN TRANSPORT","37214","2019","June","Summer","02","Thursday","Weekday","No Injuries","No Fatalities"
9.97541581236474e-314,2019-06-20 03:25:00,1,0,0,NA,"N","NOT COLLISION W/MOTOR VEHICLE-TRANSPORT","RAIN","DARK - LIGHTED","ELYSIAN FIELDS RD & DUNSTON DR","NASHVILLE","MIDTOW",36.08487,-86.75155,"THROWN OR FALLING OBJECT","37211","2019","June","Summer","03","Thursday","Weekday","No Injuries","No Fatalities"
9.97541586078317e-314,2019-06-20 04:48:00,2,2,0,NA,"N","ANGLE","RAIN","DARK - LIGHTED","ELM HILL PKE & FESSLERS LN","NASHVILLE","HERMIT",36.14466,-86.74404,"MOTOR VEHICLE IN TRANSPORT","37210","2019","June","Summer","04","Thursday","Weekday","Injuries","No Fatalities"
9.97541586967636e-314,2019-06-20 04:42:00,1,0,0,NA,"N","NOT COLLISION W/MOTOR VEHICLE-TRANSPORT","RAIN","DARK - LIGHTED","0 NASHBORO BLVD","NASHVILLE","HERMIT",36.08898,-86.63657,"CURB","37217","2019","June","Summer","04","Thursday","Weekday","No Injuries","No Fatalities"
9.97541591167194e-314,2019-06-20 05:49:00,2,2,0,NA,"N","ANGLE","RAIN","DARK - LIGHTED","51ST AVN & CHARLOTTE AV","NASHVILLE","WEST",36.15197,-86.84857,"MOTOR VEHICLE IN TRANSPORT","37209","2019","June","Summer","05","Thursday","Weekday","Injuries","No Fatalities"
9.97541592599984e-314,2019-06-20 05:00:00,1,0,0,NA,"N","NOT COLLISION W/MOTOR VEHICLE-TRANSPORT","RAIN","DARK - LIGHTED","DAVIDSON STREET BIKE CNCTR & DAVIDSON ST","NASHVILLE","CENTRA",36.16377,-86.74162,"Other Traffic Barrier","37213","2019","June","Summer","05","Thursday","Weekday","No Injuries","No Fatalities"
9.97541592649391e-314,2019-06-19 05:00:00,6,1,0,NA,"N","NOT COLLISION W/MOTOR VEHICLE-TRANSPORT","RAIN","DARK - LIGHTED","LEMONT DR & MAPLE PL","NASHVILLE","EAST",36.22689,-86.74462,"PARKED MOTOR VEHICLE","37216","2019","June","Summer","05","Wednesday","Weekday","Injuries","No Fatalities"
9.97541601295539e-314,2019-06-20 05:00:00,1,0,0,NA,"Y","NOT COLLISION W/MOTOR VEHICLE-TRANSPORT","RAIN","DARK - LIGHTED","JOSEPH AV & LANE GARDEN APTS PVTDR","NASHVILLE","EAST",36.18027,-86.77243,"OTHER POST, POLE, SUPP.","37207","2019","June","Summer","05","Thursday","Weekday","No Injuries","No Fatalities"
9.97541608508898e-314,2019-06-20 09:06:00,1,0,0,NA,"N","NOT COLLISION W/MOTOR VEHICLE-TRANSPORT","RAIN","DARK - LIGHTED","THOMPSON LN & ST EDWARDS DR","NASHVILLE","SOUTH",36.1103,-86.73832,"UTILITY POLE","37211","2019","June","Summer","09","Thursday","Weekday","No Injuries","No Fatalities"
9.97541619773594e-314,2019-06-20 05:00:00,1,0,0,NA,"Y","NOT COLLISION W/MOTOR VEHICLE-TRANSPORT","RAIN","DARK - NOT LIGHTED","16TH AVN & CENTURY ST","NASHVILLE","NORTH",36.17927,-86.80892,"FENCE;Ran Off Road-Left","37208","2019","June","Summer","05","Thursday","Weekday","No Injuries","No Fatalities"
9.97541626295261e-314,2019-06-20 12:00:00,2,0,0,NA,"Y","Front to Rear","RAIN","DAYLIGHT","MM 37 4 I 24","WHITES CREEK","NORTH",36.3128,-86.83052,"MOTOR VEHICLE IN TRANSPORT","37189","2019","June","Summer","12","Thursday","Weekday","No Injuries","No Fatalities"
9.97541626542294e-314,2019-06-20 12:00:00,2,0,0,NA,"N","Front to Rear","RAIN","DAWN","MM 207 2 I 40","NASHVILLE","NORTH",36.16983,-86.80882,"MOTOR VEHICLE IN TRANSPORT","37208","2019","June","Summer","12","Thursday","Weekday","No Injuries","No Fatalities"
9.97541627036359e-314,2019-06-20 12:09:00,2,0,0,NA,"N","Front to Rear","RAIN","DAYLIGHT","MM 56 0 I 24","NASHVILLE","SOUTH",36.08205,-86.69745,"MOTOR VEHICLE IN TRANSPORT","37211","2019","June","Summer","12","Thursday","Weekday","No Injuries","No Fatalities"
9.97542044027765e-314,2019-06-24 01:51:00,1,0,0,NA,"Y","NOT COLLISION W/MOTOR VEHICLE-TRANSPORT","RAIN","DARK - LIGHTED","EWINGDALE DR & GWYNNWOOD DR","NASHVILLE","NORTH",36.23375,-86.79084,"UTILITY POLE;Ran Off Road-Left","37207","2019","June","Summer","01","Monday","Weekday","No Injuries","No Fatalities"
9.9754204481827e-314,2019-06-24 02:18:00,1,0,0,NA,"N","NOT COLLISION W/MOTOR VEHICLE-TRANSPORT","RAIN","DARK - NOT LIGHTED","MM 201 4 I 40","NASHVILLE","WEST",36.13425,-86.89532,"EMBANKMENT ROCK/STONE/CONCRETE","37209","2019","June","Summer","02","Monday","Weekday","No Injuries","No Fatalities"