"Accident.Number","Date.and.Time","Number.of.Motor.Vehicles","Number.of.Injuries","Number.of.Fatalities","Property.Damage","Hit.and.Run","Collision.Type.Description","Weather.Description","Illumination.Description","Street.Address","City","Precinct","Latitude","Longitude","HarmfulDescriptions","Zip.Code","Year","Month","Season","Hour","Weekday","DayType","Accident","Fatality_category"
9.97541629457281e-314,2019-06-20 12:33:00,1,0,0,NA,"N","NOT COLLISION W/MOTOR VEHICLE-TRANSPORT","RAIN","DAYLIGHT","WESTCHESTER DR & DICKERSON PKE","MADISON","MADISO",36.26321,-86.75728,"UTILITY POLE;Ran Off Road-Left","37115","2019","June","Summer","12","Thursday","Weekday","No Injuries","No Fatalities"
9.97542045065302e-314,2019-06-24 02:20:00,1,1,0,NA,"N","NOT COLLISION W/MOTOR VEHICLE-TRANSPORT","RAIN","DARK - NOT LIGHTED","OLD HICKORY BLVD & 30TH ST","OLD HICKORY","HERMIT",36.24544,-86.63864,"PEDESTRIAN","37138","2019","June","Summer","02","Monday","Weekday","Injuries","No Fatalities"
9.97542045164116e-314,2019-06-24 02:10:00,2,0,0,NA,"Y","Front to Rear","RAIN","DARK - LIGHTED","DICKERSON PKE NB ENT RAMP & I 24","NASHVILLE","EAST",36.18155,-86.77369,"MOTOR VEHICLE IN TRANSPORT","37207","2019","June","Summer","02","Monday","Weekday","No Injuries","No Fatalities"
9.97542045509961e-314,2019-06-24 02:30:00,2,2,0,NA,"N","Front to Rear","RAIN","DARK - NOT LIGHTED","SPRINGFIELD HWY & GAYLEMORE DR","GOODLETTSVILLE","MADISO",36.36613,-86.73485,"MOTOR VEHICLE IN TRANSPORT","37072","2019","June","Summer","02","Monday","Weekday","Injuries","No Fatalities"
9.97542045954621e-314,2019-06-24 02:35:00,1,0,0,NA,"Y","NOT COLLISION W/MOTOR VEHICLE-TRANSPORT","RAIN","DARK - NOT LIGHTED","RIVERSIDE RD & 17TH ST","OLD HICKORY","HERMIT",36.25349,-86.6407,"FENCE","37138","2019","June","Summer","02","Monday","Weekday","No Injuries","No Fatalities"
9.9754204610284e-314,2019-06-23 05:00:00,1,0,0,NA,"N","NOT COLLISION W/MOTOR VEHICLE-TRANSPORT","RAIN","DARK - LIGHTED","MM 203 8 I 40","NASHVILLE","WEST",36.15202,-86.85958,"WALL","37209","2019","June","Summer","05","Sunday","Weekend","No Injuries","No Fatalities"
9.9754204625106e-314,2019-06-24 02:50:00,2,0,0,NA,"Y","ANGLE","RAIN","DARK - LIGHTED","MCMURRAY DR & AMALIE DR","NASHVILLE","MIDTOW",36.05452,-86.7252,"MOTOR VEHICLE IN TRANSPORT;UTILITY POLE","37211","2019","June","Summer","02","Monday","Weekday","No Injuries","No Fatalities"
9.97542046448686e-314,2019-06-24 02:46:00,1,1,0,NA,"N","NOT COLLISION W/MOTOR VEHICLE-TRANSPORT","RAIN","DARK - NOT LIGHTED","BRILEY PKWYW & BRILEY PKWYE","NASHVILLE","NORTH",36.22847,-86.85284,"CONCRETE TRAFFIC BARRIER","37218","2019","June","Summer","02","Monday","Weekday","Injuries","No Fatalities"
9.97542048869608e-314,2019-06-24 03:35:00,1,0,0,NA,"N","NOT COLLISION W/MOTOR VEHICLE-TRANSPORT","RAIN","DARK - LIGHTED","MM 77 0 I 65","NASHVILLE","MIDTOW",36.07075,-86.76997,"GUARDRAIL FACE;CONCRETE TRAFFIC BARRIER","37220","2019","June","Summer","03","Monday","Weekday","No Injuries","No Fatalities"
9.97542048968421e-314,2019-06-24 03:03:00,2,2,0,NA,"N","ANGLE","RAIN","DARK - LIGHTED","HIGHWAY 100 & COLLINS RD","NASHVILLE","WEST",36.04377,-86.95886,"MOTOR VEHICLE IN TRANSPORT","37221","2019","June","Summer","03","Monday","Weekday","Injuries","No Fatalities"
9.97542049758926e-314,2019-06-24 03:21:00,2,0,0,NA,"Y","Front to Rear","RAIN","DARK - LIGHTED","GREENWOOD AV & GENTRY AV","NASHVILLE","EAST",36.18886,-86.73046,"MOTOR VEHICLE IN TRANSPORT;PARKED MOTOR VEHICLE","37206","2019","June","Summer","03","Monday","Weekday","No Injuries","No Fatalities"
9.97542053909077e-314,2019-06-24 03:40:00,2,0,0,NA,"Y","ANGLE","RAIN","DARK - LIGHTED","4TH AV & E OLD HICKORY BLVD","MADISON","MADISO",36.26272,-86.70533,"MOTOR VEHICLE IN TRANSPORT","37115","2019","June","Summer","03","Monday","Weekday","No Injuries","No Fatalities"
9.9754205415611e-314,2019-06-24 04:15:00,2,0,0,NA,"Y","Front to Rear","RAIN","DARK - NOT LIGHTED","MM 213 0 I 40","NASHVILLE","HERMIT",36.14073,-86.73228,"MOTOR VEHICLE IN TRANSPORT","37210","2019","June","Summer","04","Monday","Weekday","No Injuries","No Fatalities"
9.9754205731813e-314,2019-06-24 03:00:00,2,0,0,NA,"N","Front to Rear","RAIN","DARK - LIGHTED","HARDING PL & ANTIOCH PKE","NASHVILLE","SOUTH",36.08703,-86.69324,"MOTOR VEHICLE IN TRANSPORT","37211","2019","June","Summer","03","Monday","Weekday","No Injuries","No Fatalities"
9.97542063839797e-314,2019-06-24 02:40:00,2,0,0,NA,"Y","ANGLE","RAIN","DARK - LIGHTED","MM 209 1 I 40","NASHVILLE","CENTRA",36.1567,-86.7898,"MOTOR VEHICLE IN TRANSPORT","37203","2019","June","Summer","02","Monday","Weekday","No Injuries","No Fatalities"
9.97542073671703e-314,2019-06-24 04:15:00,1,0,0,NA,"N","NOT COLLISION W/MOTOR VEHICLE-TRANSPORT","RAIN","DARK - LIGHTED","SANFORD AV & HARRISON ST","NASHVILLE","SOUTH",36.0983,-86.73566,"UTILITY POLE","37211","2019","June","Summer","04","Monday","Weekday","No Injuries","No Fatalities"
9.97542082317852e-314,2019-06-24 10:30:00,2,0,0,NA,"N","Front to Rear","RAIN","DAYLIGHT","OLD HICKORY BLVD & SONYA DR","NASHVILLE","WEST",36.1092,-86.92248,"MOTOR VEHICLE IN TRANSPORT","37205","2019","June","Summer","10","Monday","Weekday","No Injuries","No Fatalities"
9.9754208350361e-314,2019-06-24 10:55:00,1,0,0,NA,"N","NOT COLLISION W/MOTOR VEHICLE-TRANSPORT","RAIN","DAYLIGHT","BRILEY PKWYE & DOVERSIDE DR","NASHVILLE","MADISO",36.24007,-86.76945,"CONCRETE TRAFFIC BARRIER;Ran Off Road-Right","37207","2019","June","Summer","10","Monday","Weekday","No Injuries","No Fatalities"
9.97542085973938e-314,2019-06-24 11:49:00,3,1,0,NA,"N","Front to Rear","RAIN","DAYLIGHT","MM 193 5 I 40","NASHVILLE","WEST",36.07742,-87.00255,"MOTOR VEHICLE IN TRANSPORT","37221","2019","June","Summer","11","Monday","Weekday","Injuries","No Fatalities"
9.97542086270377e-314,2019-06-24 11:38:00,3,0,0,NA,"N","Front to Rear","RAIN","DAYLIGHT","MM 34 5 I 24","JOELTON","NORTH",36.32495,-86.87532,"MOTOR VEHICLE IN TRANSPORT","37080","2019","June","Summer","11","Monday","Weekday","No Injuries","No Fatalities"
9.97542086616223e-314,2019-06-24 11:37:00,1,0,0,NA,"N","NOT COLLISION W/MOTOR VEHICLE-TRANSPORT","RAIN","DAYLIGHT","MM 77 2 I 65","NASHVILLE","MIDTOW",36.074,-86.76909,"GUARDRAIL FACE","37220","2019","June","Summer","11","Monday","Weekday","No Injuries","No Fatalities"
9.97542086912663e-314,2019-06-24 11:24:00,1,0,0,NA,"Y","NOT COLLISION W/MOTOR VEHICLE-TRANSPORT","RAIN","DAYLIGHT","BRILEY PKWYE & CLARKSVILLE PKE","NASHVILLE","NORTH",36.22893,-86.83393,"CONCRETE TRAFFIC BARRIER;Ran Off Road-Left","37218","2019","June","Summer","11","Monday","Weekday","No Injuries","No Fatalities"
9.97542087505541e-314,2019-06-24 11:55:00,4,0,0,NA,"N","Front to Rear","RAIN","DAYLIGHT","MM 5 8 I 440","NASHVILLE","MIDTOW",36.12193,-86.7601,"MOTOR VEHICLE IN TRANSPORT","37204","2019","June","Summer","11","Monday","Weekday","No Injuries","No Fatalities"
9.9754208824664e-314,2019-06-24 11:54:00,2,0,0,NA,"N","Front to Rear","RAIN","DAYLIGHT","MM 53 2 I 24","NASHVILLE","SOUTH",36.11649,-86.72524,"MOTOR VEHICLE IN TRANSPORT","37210","2019","June","Summer","11","Monday","Weekday","No Injuries","No Fatalities"
9.97542088790112e-314,2019-06-24 12:11:00,2,0,0,NA,"N","Front to Rear","RAIN","DAYLIGHT","WEDGEWOOD AV & 18TH AVS","NASHVILLE","MIDTOW",36.1372,-86.79695,"MOTOR VEHICLE IN TRANSPORT","37212","2019","June","Summer","12","Monday","Weekday","No Injuries","No Fatalities"
9.97542090074683e-314,2019-06-24 12:26:00,2,0,0,NA,"N","ANGLE","RAIN","DAYLIGHT","MCCAMPBELL AV & STEWARTS FERRY PKE","NASHVILLE","HERMIT",36.16463,-86.65124,"MOTOR VEHICLE IN TRANSPORT-OTHER ROADWAY","37214","2019","June","Summer","12","Monday","Weekday","No Injuries","No Fatalities"
9.9754209140866e-314,2019-06-24 12:46:00,1,0,0,NA,"N","NOT COLLISION W/MOTOR VEHICLE-TRANSPORT","RAIN","DAYLIGHT","BRILEY PKWYE & BRILEY PKWY E ENT RAMP","NASHVILLE","EAST",36.2342,-86.71953,"CONCRETE TRAFFIC BARRIER","37216","2019","June","Summer","12","Monday","Weekday","No Injuries","No Fatalities"
9.97542091458067e-314,2019-06-24 12:45:00,2,0,0,NA,"N","ANGLE","RAIN","DAYLIGHT","MEDICAL CENTER DR & 21ST AVS","NASHVILLE","MIDTOW",36.14193,-86.80084,"MOTOR VEHICLE IN TRANSPORT","37212","2019","June","Summer","12","Monday","Weekday","No Injuries","No Fatalities"
9.97542092199165e-314,2019-06-24 12:56:00,1,0,0,NA,"N","NOT COLLISION W/MOTOR VEHICLE-TRANSPORT","RAIN","DAYLIGHT","ANDREW JACKSON PKWY & RACHEL DONELSON PA","HERMITAGE","HERMIT",36.19889,-86.60854,"TREE","37076","2019","June","Summer","12","Monday","Weekday","No Injuries","No Fatalities"
9.97541856974511e-314,2019-06-22 01:15:00,1,1,0,NA,"N","NOT COLLISION W/MOTOR VEHICLE-TRANSPORT","RAIN","DARK - NOT LIGHTED","SAUNDERSVILLE RD & LEXINGTON WAY","HERMITAGE","HERMIT",36.22583,-86.59929,"THROWN OR FALLING OBJECT","37076","2019","June","Summer","01","Saturday","Weekend","Injuries","No Fatalities"
9.97541857666203e-314,2019-06-22 01:19:00,2,1,0,NA,"N","SIDESWIPE - SAME DIRECTION","RAIN","DARK - LIGHTED","MM 6 7 I 440","NASHVILLE","SOUTH",36.12437,-86.74182,"MOTOR VEHICLE IN TRANSPORT","37210","2019","June","Summer","01","Saturday","Weekend","Injuries","No Fatalities"
9.97541857863829e-314,2019-06-22 01:22:00,1,0,0,NA,"N","NOT COLLISION W/MOTOR VEHICLE-TRANSPORT","RAIN","DARK - NOT LIGHTED","ANDERSON LN & MAY DR","MADISON","MADISO",36.27257,-86.69491,"THROWN OR FALLING OBJECT","37115","2019","June","Summer","01","Saturday","Weekend","No Injuries","No Fatalities"
9.97541858259082e-314,2019-06-22 01:24:00,2,1,0,NA,"N","Front to Rear","RAIN","DARK - LIGHTED","MURFREESBORO PKE & SPENCE LN","NASHVILLE","SOUTH",36.13574,-86.72497,"MOTOR VEHICLE IN TRANSPORT","37217","2019","June","Summer","01","Saturday","Weekend","Injuries","No Fatalities"
9.97541858654334e-314,2019-06-22 01:29:00,2,1,0,NA,"N","Front to Rear","RAIN","DARK - NOT LIGHTED","MM 218 6 I 40","NASHVILLE","HERMIT",36.15268,-86.63443,"MOTOR VEHICLE IN TRANSPORT","37214","2019","June","Summer","01","Saturday","Weekend","Injuries","No Fatalities"
9.97541858901367e-314,2019-06-22 01:27:00,2,1,0,NA,"N","SIDESWIPE - SAME DIRECTION","RAIN","DARK - LIGHTED","MM 86 5 I 65","NASHVILLE","NORTH",36.195,-86.77557,"MOTOR VEHICLE IN TRANSPORT","37207","2019","June","Summer","01","Saturday","Weekend","Injuries","No Fatalities"
9.97541859543652e-314,2019-06-22 01:36:00,2,0,0,NA,"N","Front to Rear","RAIN","DARK - LIGHTED","HOLT RD & WINFIELD DR","NASHVILLE","MIDTOW",36.0151,-86.7358,"MOTOR VEHICLE IN TRANSPORT","37211","2019","June","Summer","01","Saturday","Weekend","No Injuries","No Fatalities"
9.97541859691872e-314,2019-06-22 01:40:00,2,0,0,NA,"N","NOT COLLISION W/MOTOR VEHICLE-TRANSPORT","RAIN","DARK - NOT LIGHTED","LEALAND LN & DRAUGHON AV","NASHVILLE","MIDTOW",36.10923,-86.78808,"MOTOR VEHICLE IN TRANSPORT;TREE","37204","2019","June","Summer","01","Saturday","Weekend","No Injuries","No Fatalities"
9.97541864533715e-314,2019-06-22 02:34:00,3,0,0,NA,"Y","Front to Rear","RAIN","DARK - NOT LIGHTED","MM 58 5 I 24","ANTIOCH","SOUTH",36.05282,-86.67167,"MOTOR VEHICLE IN TRANSPORT","37013","2019","June","Summer","02","Saturday","Weekend","No Injuries","No Fatalities"
9.97541865027781e-314,2019-06-22 02:49:00,3,0,0,NA,"N","SIDESWIPE - OPPOSITE DIRECTION","RAIN","DARK - LIGHTED","DOUGLAS AV & GALLATIN AV","NASHVILLE","EAST",36.19271,-86.74437,"MOTOR VEHICLE IN TRANSPORT","37206","2019","June","Summer","02","Saturday","Weekend","No Injuries","No Fatalities"
9.97541866361758e-314,2019-06-21 05:00:00,1,0,0,NA,"N","NOT COLLISION W/MOTOR VEHICLE-TRANSPORT","RAIN","DARK - NOT LIGHTED","LUTIE DR & LUTIE ST","NASHVILLE","SOUTH",36.11672,-86.73563,"OTHER FIXED OBJECTS","37210","2019","June","Summer","05","Friday","Weekday","No Injuries","No Fatalities"
9.97541867794549e-314,2019-06-22 03:15:00,1,1,0,NA,"N","NOT COLLISION W/MOTOR VEHICLE-TRANSPORT","RAIN","DARK - LIGHTED","MM 32 1 I 24","JOELTON","NORTH",36.33771,-86.91341,"GUARDRAIL END","37080","2019","June","Summer","03","Saturday","Weekend","Injuries","No Fatalities"
9.97541868288614e-314,2019-06-22 02:43:00,2,0,0,NA,"Y","Front to Rear","RAIN","DARK - NOT LIGHTED","OCALA DR & NOLENSVILLE PKE","NASHVILLE","SOUTH",36.05139,-86.71482,"MOTOR VEHICLE IN TRANSPORT","37211","2019","June","Summer","02","Saturday","Weekend","No Injuries","No Fatalities"
9.97541872142326e-314,2019-06-22 02:47:00,2,0,0,NA,"N","Front to Rear","RAIN","DARK - LIGHTED","MM 48 3 I 24","NASHVILLE","CENTRA",36.17175,-86.76821,"MOTOR VEHICLE IN TRANSPORT","37213","2019","June","Summer","02","Saturday","Weekend","No Injuries","No Fatalities"
9.97541873179864e-314,2019-06-22 04:17:00,1,1,0,NA,"N","NOT COLLISION W/MOTOR VEHICLE-TRANSPORT","RAIN","DARK - NOT LIGHTED","CHARLOTTE PKE & CHARLOTTE PKE PVTDR","NASHVILLE","WEST",36.10094,-86.9549,"UTILITY POLE","37209","2019","June","Summer","04","Saturday","Weekend","Injuries","No Fatalities"
9.97541880442629e-314,2019-06-22 05:00:00,1,0,0,NA,"N","NOT COLLISION W/MOTOR VEHICLE-TRANSPORT","RAIN","DARK - LIGHTED","BRILEY PKWYE & BRILEY PKWYW","NASHVILLE","MADISO",36.23651,-86.72871,"CONCRETE TRAFFIC BARRIER","37207","2019","June","Summer","05","Saturday","Weekend","No Injuries","No Fatalities"
9.97541882221266e-314,2019-06-22 05:25:00,2,2,0,NA,"N","OTHER","RAIN","DARK - NOT LIGHTED","ELM HILL PKE & DONELSON PKE","NASHVILLE","HERMIT",36.14881,-86.66628,"MOTOR VEHICLE IN TRANSPORT","37214","2019","June","Summer","05","Saturday","Weekend","Injuries","No Fatalities"
9.97541914730785e-314,2019-06-22 05:00:00,4,1,0,NA,"Y","Front to Rear","RAIN","DAYLIGHT","MM 34 5 I 24","JOELTON","NORTH",36.32495,-86.87532,"MOTOR VEHICLE IN TRANSPORT","37080","2019","June","Summer","05","Saturday","Weekend","Injuries","No Fatalities"
9.97542422383236e-314,2019-06-26 05:00:00,2,0,0,NA,"N","SIDESWIPE - SAME DIRECTION","RAIN","OTHER","MM 54 9 I 24","NASHVILLE","SOUTH",36.09575,-86.70796,"MOTOR VEHICLE IN TRANSPORT","37211","2019","June","Summer","05","Wednesday","Weekday","No Injuries","No Fatalities"
9.97541181191521e-314,2019-06-17 05:00:00,2,0,0,NA,"Y","ANGLE","RAIN","DARK - LIGHTED","BUCHANAN ST & ED TEMPLE BLVD","NASHVILLE","NORTH",36.18095,-86.82426,"MOTOR VEHICLE IN TRANSPORT","37208","2019","June","Summer","05","Monday","Weekday","No Injuries","No Fatalities"
9.97541190183515e-314,2019-06-17 07:00:00,1,0,0,NA,"N","NOT COLLISION W/MOTOR VEHICLE-TRANSPORT","RAIN","DARK - LIGHTED","DOWDY DR & XAVIER DR","ANTIOCH","SOUTH",36.07151,-86.67241,"FENCE;SHRUBBERY;Ran Off Road-Left","37013","2019","June","Summer","07","Monday","Weekday","No Injuries","No Fatalities"
9.97541286723943e-314,2019-06-18 00:16:00,2,1,0,NA,"N","ANGLE","RAIN","DARK - NOT LIGHTED","EDMONDSON PKE & HOLT RD","BRENTWOOD","MIDTOW",36.01559,-86.7406,"MOTOR VEHICLE IN TRANSPORT","37027","2019","June","Summer","00","Tuesday","Weekday","Injuries","No Fatalities"
9.97541287316821e-314,2019-06-18 00:55:00,2,0,0,NA,"N","Front to Rear","RAIN","DARK - LIGHTED","BELL RD & MT VIEW RD","ANTIOCH","SOUTH",36.04998,-86.6495,"MOTOR VEHICLE IN TRANSPORT","37013","2019","June","Summer","00","Tuesday","Weekday","No Injuries","No Fatalities"
9.97541288354359e-314,2019-06-18 01:14:00,1,0,0,NA,"Y","NOT COLLISION W/MOTOR VEHICLE-TRANSPORT","RAIN","DARK - LIGHTED","OLD HARDING PKE & SOUTH COLONY DR","NASHVILLE","WEST",36.05171,-86.95226,"OTHER POST, POLE, SUPP.;MAIL BOX","37221","2019","June","Summer","01","Tuesday","Weekday","No Injuries","No Fatalities"
9.97541293146796e-314,2019-06-18 02:10:00,2,1,0,NA,"N","SIDESWIPE - SAME DIRECTION","RAIN","DARK - LIGHTED","MM 86 2 I 65","NASHVILLE","CENTRA",36.19196,-86.78177,"MOTOR VEHICLE IN TRANSPORT;GUARDRAIL FACE","37207","2019","June","Summer","02","Tuesday","Weekday","Injuries","No Fatalities"
9.97541293245609e-314,2019-06-18 02:18:00,2,0,0,NA,"N","Front to Rear","RAIN","DARK - LIGHTED","NOLENSVILLE PKE & HARDING PL","NASHVILLE","SOUTH",36.07897,-86.72614,"MOTOR VEHICLE IN TRANSPORT","37211","2019","June","Summer","02","Tuesday","Weekday","No Injuries","No Fatalities"
9.97541294628993e-314,2019-06-18 02:28:00,2,0,0,NA,"N","HEAD-ON","RAIN","DARK - LIGHTED","I65 S ENT RAMP & OLD HICKORY BLVD","BRENTWOOD","MIDTOW",36.03756,-86.7851,"MOTOR VEHICLE IN TRANSPORT","37027","2019","June","Summer","02","Tuesday","Weekday","No Injuries","No Fatalities"
9.97541295765344e-314,2019-06-18 02:41:00,2,0,0,NA,"Y","SIDESWIPE - SAME DIRECTION","RAIN","DARK - LIGHTED","DELLWAY VILLA RD & DICKERSON PKE","NASHVILLE","EAST",36.21347,-86.76325,"PARKED MOTOR VEHICLE","37207","2019","June","Summer","02","Tuesday","Weekday","No Injuries","No Fatalities"
9.97541295864157e-314,2019-06-18 02:36:00,2,0,0,NA,"Y","SIDESWIPE - SAME DIRECTION","RAIN","DARK - NOT LIGHTED","DOUGLAS AV & GALLATIN AV","NASHVILLE","EAST",36.19271,-86.74437,"MOTOR VEHICLE IN TRANSPORT","37206","2019","June","Summer","02","Tuesday","Weekday","No Injuries","No Fatalities"
9.9754129611119e-314,2019-06-18 02:45:00,2,0,0,NA,"Y","SIDESWIPE - SAME DIRECTION","RAIN","DARK - LIGHTED","EWING DR & RICHMOND HILL DR","NASHVILLE","MADISO",36.23038,-86.77404,"MOTOR VEHICLE IN TRANSPORT","37207","2019","June","Summer","02","Tuesday","Weekday","No Injuries","No Fatalities"
9.97541296704069e-314,2019-06-18 02:45:00,2,0,0,NA,"Y","Front to Rear","RAIN","DARK - LIGHTED","MM 209 8 I 40","NASHVILLE","CENTRA",36.14828,-86.7793,"MOTOR VEHICLE IN TRANSPORT;CONCRETE TRAFFIC BARRIER","37203","2019","June","Summer","02","Tuesday","Weekday","No Injuries","No Fatalities"
9.97541296951101e-314,2019-06-17 05:00:00,2,0,0,NA,"N","HEAD-ON","RAIN","DARK - NOT LIGHTED","PIN OAK DR & PIN HOOK RD","ANTIOCH","SOUTH",36.04742,-86.59,"MOTOR VEHICLE IN TRANSPORT","37013","2019","June","Summer","05","Monday","Weekday","No Injuries","No Fatalities"
9.97541303966834e-314,2019-06-18 03:15:00,2,0,0,NA,"Y","ANGLE","RAIN","DARK - LIGHTED","9TH AVN & DOMINICAN DR","NASHVILLE","NORTH",36.18619,-86.80393,"MOTOR VEHICLE IN TRANSPORT","37228","2019","June","Summer","03","Tuesday","Weekday","No Injuries","No Fatalities"
9.97541304806745e-314,2019-06-18 03:38:00,2,0,0,NA,"N","ANGLE","RAIN","DARK - LIGHTED","MOSSDALE DR & RURAL HILL RD","NASHVILLE","HERMIT",36.08042,-86.6245,"MOTOR VEHICLE IN TRANSPORT","37217","2019","June","Summer","03","Tuesday","Weekday","No Injuries","No Fatalities"
9.97541305449031e-314,2019-06-18 04:47:00,2,4,0,NA,"N","ANGLE","RAIN","DARK - LIGHTED","ROSA L PARKS BLVD & VANTAGE WAY CT","NASHVILLE","NORTH",36.19118,-86.79906,"MOTOR VEHICLE IN TRANSPORT","37228","2019","June","Summer","04","Tuesday","Weekday","Injuries","No Fatalities"
9.97541305646657e-314,2019-06-18 04:45:00,1,0,0,NA,"N","NOT COLLISION W/MOTOR VEHICLE-TRANSPORT","RAIN","DARK - NOT LIGHTED","I40 E EXT RAMP & I 40","NASHVILLE","HERMIT",36.16941,-86.60656,"CONCRETE TRAFFIC BARRIER","37214","2019","June","Summer","04","Tuesday","Weekday","No Injuries","No Fatalities"
9.97541308660457e-314,2019-06-18 05:18:00,2,0,0,NA,"N","Rear to Side","RAIN","DARK - LIGHTED","3RD AVS & BROADWAY","NASHVILLE","CENTRA",36.16154,-86.77597,"MOTOR VEHICLE IN TRANSPORT","37201","2019","June","Summer","05","Tuesday","Weekday","No Injuries","No Fatalities"
9.97541310093248e-314,2019-06-18 04:40:00,2,0,0,NA,"N","ANGLE","RAIN","DARK - LIGHTED","HARDING PL & HILLSBORO PKE","NASHVILLE","MIDTOW",36.09136,-86.82851,"MOTOR VEHICLE IN TRANSPORT","37215","2019","June","Summer","04","Tuesday","Weekday","No Injuries","No Fatalities"
9.97541310142654e-314,2019-06-18 05:25:00,1,1,0,NA,"N","NOT COLLISION W/MOTOR VEHICLE-TRANSPORT","RAIN","DARK - NOT LIGHTED","I24E & I24 W ENT RAMP","NASHVILLE","HERMIT",36.13839,-86.72737,"GUARDRAIL FACE","37210","2019","June","Summer","05","Tuesday","Weekday","Injuries","No Fatalities"
9.97541311575445e-314,2019-06-18 05:44:00,2,0,0,NA,"N","ANGLE","RAIN","DARK - LIGHTED","I40 W EXT RAMP & I 40","NASHVILLE","CENTRA",36.15403,-86.78757,"MOTOR VEHICLE IN TRANSPORT","37203","2019","June","Summer","05","Tuesday","Weekday","No Injuries","No Fatalities"
9.97541319431088e-314,2019-06-18 07:00:00,3,0,0,NA,"N","Front to Rear","RAIN","DARK - NOT LIGHTED","BROADWAY & 18TH AVS","NASHVILLE","MIDTOW",36.15191,-86.79548,"MOTOR VEHICLE IN TRANSPORT;PARKED MOTOR VEHICLE;Set In Motion By Motor Vehicle","37203","2019","June","Summer","07","Tuesday","Weekday","No Injuries","No Fatalities"
9.97541332721454e-314,2019-06-18 10:04:00,1,0,0,NA,"N","NOT COLLISION W/MOTOR VEHICLE-TRANSPORT","RAIN","DARK - LIGHTED","MM 89 6 I 65","NASHVILLE","MADISO",36.23578,-86.7639,"CONCRETE TRAFFIC BARRIER;Ran Off Road-Left","37207","2019","June","Summer","10","Tuesday","Weekday","No Injuries","No Fatalities"
9.9754133479653e-314,2019-06-18 10:25:00,2,1,0,NA,"N","NOT COLLISION W/MOTOR VEHICLE-TRANSPORT","RAIN","DAWN","MM 198 9 I 40","NASHVILLE","WEST",36.10741,-86.92783,"MOTOR VEHICLE IN TRANSPORT;CONCRETE TRAFFIC BARRIER","37221","2019","June","Summer","10","Tuesday","Weekday","Injuries","No Fatalities"
9.97541335389409e-314,2019-06-18 05:00:00,1,0,0,NA,"Y","NOT COLLISION W/MOTOR VEHICLE-TRANSPORT","RAIN","DARK - NOT LIGHTED","FRANKLIN LIMESTONE RD & MULLINS RD","ANTIOCH","SOUTH",36.07935,-86.67708,"DITCH","37013","2019","June","Summer","05","Tuesday","Weekday","No Injuries","No Fatalities"
9.97541335537628e-314,2019-06-18 10:30:00,3,0,0,NA,"N","Front to Rear","RAIN","DAWN","MM 35 0 I 24","JOELTON","NORTH",36.32373,-86.86642,"MOTOR VEHICLE IN TRANSPORT","37080","2019","June","Summer","10","Tuesday","Weekday","No Injuries","No Fatalities"
9.9754133652576e-314,2019-06-18 10:49:00,2,1,0,NA,"N","Front to Rear","RAIN","DAYLIGHT","MM 56 0 I 24","NASHVILLE","SOUTH",36.08165,-86.69747,"MOTOR VEHICLE IN TRANSPORT;CONCRETE TRAFFIC BARRIER","37211","2019","June","Summer","10","Tuesday","Weekday","Injuries","No Fatalities"
9.97541336772793e-314,2019-06-18 10:53:00,2,2,0,NA,"N","NOT COLLISION W/MOTOR VEHICLE-TRANSPORT","RAIN","DAYLIGHT","BRILEY PKWYW & BRILEY PKWYE","NASHVILLE","NORTH",36.23965,-86.77556,"MOTOR VEHICLE IN TRANSPORT;CONCRETE TRAFFIC BARRIER","37218","2019","June","Summer","10","Tuesday","Weekday","Injuries","No Fatalities"
9.97541336970419e-314,2019-06-18 10:53:00,1,0,0,NA,"N","NOT COLLISION W/MOTOR VEHICLE-TRANSPORT","RAIN","DAWN","MM 56 4 I 24","NASHVILLE","SOUTH",36.07646,-86.69429,"DITCH;Ran Off Road-Right","37211","2019","June","Summer","10","Tuesday","Weekday","No Injuries","No Fatalities"
9.97541339490154e-314,2019-06-18 11:22:00,3,0,0,NA,"N","ANGLE","RAIN","DAYLIGHT","MM 58 9 I 24","ANTIOCH","SOUTH",36.04922,-86.66594,"MOTOR VEHICLE IN TRANSPORT","37013","2019","June","Summer","11","Tuesday","Weekday","No Injuries","No Fatalities"
9.97541340033626e-314,2019-06-18 11:02:00,2,0,0,NA,"Y","Front to Rear","RAIN","DARK - LIGHTED","OLD HICKORY BLVD & ANDREW JACKSON WAY","HERMITAGE","HERMIT",36.18214,-86.60812,"MOTOR VEHICLE IN TRANSPORT;UNKNOWN MOST HARMFUL EVENT","37076","2019","June","Summer","11","Tuesday","Weekday","No Injuries","No Fatalities"
9.97541340428878e-314,2019-06-18 10:30:00,1,0,0,NA,"N","NOT COLLISION W/MOTOR VEHICLE-TRANSPORT","RAIN","DAYLIGHT","MM 203 6 I 40","NASHVILLE","WEST",36.1508,-86.86411,"CONCRETE TRAFFIC BARRIER","37209","2019","June","Summer","10","Tuesday","Weekday","No Injuries","No Fatalities"
9.97541341565229e-314,2019-06-18 11:54:00,1,0,0,NA,"N","NOT COLLISION W/MOTOR VEHICLE-TRANSPORT","RAIN","DAYLIGHT","MM 86 3 I 65","NASHVILLE","CENTRA",36.1921,-86.78056,"GUARDRAIL FACE","37207","2019","June","Summer","11","Tuesday","Weekday","No Injuries","No Fatalities"
9.9754134270158e-314,2019-06-18 12:00:00,2,0,0,NA,"Y","Front to Rear","RAIN","DAYLIGHT","MM 87 3 I 65","NASHVILLE","EAST",36.20715,-86.7764,"MOTOR VEHICLE IN TRANSPORT","37207","2019","June","Summer","12","Tuesday","Weekday","No Injuries","No Fatalities"