"Accident.Number","Date.and.Time","Number.of.Motor.Vehicles","Number.of.Injuries","Number.of.Fatalities","Property.Damage","Hit.and.Run","Collision.Type.Description","Weather.Description","Illumination.Description","Street.Address","City","Precinct","Latitude","Longitude","HarmfulDescriptions","Zip.Code","Year","Month","Season","Hour","Weekday","DayType","Accident","Fatality_category"
9.97541343146239e-314,2019-06-18 12:11:00,3,0,0,NA,"N","Front to Rear","RAIN","DAYLIGHT","MM 87 0 I 65","NASHVILLE","EAST",36.20243,-86.77685,"MOTOR VEHICLE IN TRANSPORT","37207","2019","June","Summer","12","Tuesday","Weekday","No Injuries","No Fatalities"
9.97541344035558e-314,2019-06-18 11:00:00,2,0,0,NA,"N","ANGLE","RAIN","DAYLIGHT","MM 205 4 I 40","NASHVILLE","WEST",36.15484,-86.83086,"MOTOR VEHICLE IN TRANSPORT","37209","2019","June","Summer","11","Tuesday","Weekday","No Injuries","No Fatalities"
9.97541344529623e-314,2019-06-18 12:22:00,2,1,0,NA,"N","Front to Rear","RAIN","DAYLIGHT","MURFREESBORO PKE & SWEENEY AV","NASHVILLE","SOUTH",36.09575,-86.65503,"MOTOR VEHICLE IN TRANSPORT","37217","2019","June","Summer","12","Tuesday","Weekday","Injuries","No Fatalities"
9.97541346703512e-314,2019-06-18 12:38:00,2,1,0,NA,"Y","Front to Rear","RAIN","DAYLIGHT","0 I 440","NASHVILLE","SOUTH",36.12444,-86.73941,"MOTOR VEHICLE IN TRANSPORT","37210","2019","June","Summer","12","Tuesday","Weekday","Injuries","No Fatalities"
9.97541347345797e-314,2019-06-18 12:55:00,5,0,0,NA,"N","ANGLE","RAIN","DAYLIGHT","MM 91 7 I 65","MADISON","MADISO",36.25676,-86.73829,"MOTOR VEHICLE IN TRANSPORT","37115","2019","June","Summer","12","Tuesday","Weekday","No Injuries","No Fatalities"
9.97541348630368e-314,2019-06-18 12:47:00,1,1,0,NA,"N","NOT COLLISION W/MOTOR VEHICLE-TRANSPORT","RAIN","DAYLIGHT","MM 91 2 I 65","MADISON","MADISO",36.25056,-86.74092,"CONCRETE TRAFFIC BARRIER","37115","2019","June","Summer","12","Tuesday","Weekday","Injuries","No Fatalities"
9.97541350458411e-314,2019-06-18 12:59:00,3,0,0,NA,"Y","SIDESWIPE - SAME DIRECTION","RAIN","DAYLIGHT","BRILEY PKWYW & DOVERSIDE DR","NASHVILLE","MADISO",36.23946,-86.77623,"MOTOR VEHICLE IN TRANSPORT;CONCRETE TRAFFIC BARRIER","37207","2019","June","Summer","12","Tuesday","Weekday","No Injuries","No Fatalities"
9.97544620678921e-314,2019-07-15 07:58:00,1,1,0,NA,"N","NOT COLLISION W/MOTOR VEHICLE-TRANSPORT","RAIN","DARK - NOT LIGHTED","MURFREESBORO PKE & I24 E EXT RAMP","NASHVILLE","SOUTH",36.13725,-86.72764,"GUARDRAIL FACE","37210","2019","July","Summer","07","Monday","Weekday","Injuries","No Fatalities"
9.97544634265726e-314,2019-07-15 11:09:00,1,1,0,NA,"N","NOT COLLISION W/MOTOR VEHICLE-TRANSPORT","RAIN","DAYLIGHT","MM 200 6 I 40","NASHVILLE","WEST",36.12577,-86.90477,"","37209","2019","July","Summer","11","Monday","Weekday","Injuries","No Fatalities"
9.97544636439615e-314,2019-07-15 11:38:00,2,0,0,NA,"Y","Front to Rear","RAIN","DAYLIGHT","I440 W ENT RAMP & I 24","NASHVILLE","SOUTH",36.12241,-86.72694,"MOTOR VEHICLE IN TRANSPORT","37217","2019","July","Summer","11","Monday","Weekday","No Injuries","No Fatalities"
9.97544637773592e-314,2019-07-15 12:00:00,3,0,0,NA,"N","SIDESWIPE - SAME DIRECTION","RAIN","DAYLIGHT","HERMITAGE AV & FAIRFIELD AV","NASHVILLE","HERMIT",36.15384,-86.75608,"MOTOR VEHICLE IN TRANSPORT","37210","2019","July","Summer","12","Monday","Weekday","No Injuries","No Fatalities"
9.97544640046294e-314,2019-07-15 12:15:00,2,0,0,NA,"N","ANGLE","RAIN","DAYLIGHT","MUSIC CIRE & DIVISION ST","NASHVILLE","MIDTOW",36.1523,-86.78863,"MOTOR VEHICLE IN TRANSPORT","37203","2019","July","Summer","12","Monday","Weekday","No Injuries","No Fatalities"
9.97544640886206e-314,2019-07-15 12:30:00,2,0,0,NA,"N","Front to Rear","RAIN","DAYLIGHT","MM 206 0 I 40","NASHVILLE","NORTH",36.15928,-86.82173,"MOTOR VEHICLE IN TRANSPORT","37209","2019","July","Summer","12","Monday","Weekday","No Injuries","No Fatalities"
9.97544641034425e-314,2019-07-15 12:35:00,2,1,0,NA,"N","Front to Rear","RAIN","DAYLIGHT","MM 37 0 I 24","WHITES CREEK","NORTH",36.31728,-86.83551,"MOTOR VEHICLE IN TRANSPORT","37189","2019","July","Summer","12","Monday","Weekday","Injuries","No Fatalities"
9.97544642220183e-314,2019-07-15 12:42:00,2,0,0,NA,"N","Front to Rear","RAIN","DAYLIGHT","OLD HICKORY BLVD & HEARTHSTONE MANOR LN","BRENTWOOD","MIDTOW",36.03993,-86.765,"MOTOR VEHICLE IN TRANSPORT","37027","2019","July","Summer","12","Monday","Weekday","No Injuries","No Fatalities"
9.97544642911875e-314,2019-07-15 12:51:00,2,0,0,NA,"N","Front to Rear","RAIN","DAYLIGHT","LEBANON PKE & DONELSON PKE","NASHVILLE","HERMIT",36.16766,-86.66332,"MOTOR VEHICLE IN TRANSPORT","37214","2019","July","Summer","12","Monday","Weekday","No Injuries","No Fatalities"
9.97544647506685e-314,2019-07-15 12:50:00,2,0,0,NA,"N","Front to Rear","RAIN","DAYLIGHT","MM 54 7 I 24","NASHVILLE","SOUTH",36.09789,-86.70942,"MOTOR VEHICLE IN TRANSPORT","37211","2019","July","Summer","12","Monday","Weekday","No Injuries","No Fatalities"
9.97544696073338e-314,2019-07-15 05:00:00,2,0,0,NA,"Y","Front to Rear","RAIN","DAYLIGHT","THOMPSON LN & ELIZABETH ST","NASHVILLE","MIDTOW",36.11096,-86.74581,"MOTOR VEHICLE IN TRANSPORT","37211","2019","July","Summer","05","Monday","Weekday","No Injuries","No Fatalities"
9.97545574077398e-314,2019-07-22 05:00:00,3,0,0,NA,"N","Front to Rear","RAIN","DAYLIGHT","MM 209 1 I 40","NASHVILLE","CENTRA",36.15616,-86.78942,"MOTOR VEHICLE IN TRANSPORT","37203","2019","July","Summer","05","Monday","Weekday","No Injuries","No Fatalities"
9.97545098934466e-314,2019-07-18 05:00:00,2,0,0,NA,"N","SIDESWIPE - SAME DIRECTION","RAIN","DAYLIGHT","MM 205 2 I 40","NASHVILLE","WEST",36.15416,-86.83557,"MOTOR VEHICLE IN TRANSPORT","37209","2019","July","Summer","05","Thursday","Weekday","No Injuries","No Fatalities"
9.97545104468001e-314,2019-07-18 05:00:00,2,1,0,NA,"N","Front to Rear","RAIN","DAYLIGHT","ANTIOCH PKE & PERIMETER HILL DR","NASHVILLE","SOUTH",36.08592,-86.69105,"MOTOR VEHICLE IN TRANSPORT","37211","2019","July","Summer","05","Thursday","Weekday","Injuries","No Fatalities"
9.97545581686008e-314,2019-07-22 05:00:00,2,0,0,NA,"N","Front to Rear","RAIN","DAYLIGHT","MM 209 5 I 40","NASHVILLE","CENTRA",36.15115,-86.78616,"MOTOR VEHICLE IN TRANSPORT","37203","2019","July","Summer","05","Monday","Weekday","No Injuries","No Fatalities"
9.97545581982448e-314,2019-07-22 05:00:00,2,0,0,NA,"N","Front to Rear","RAIN","DAYLIGHT","ANTIOCH PKE & SOUTHLAKE DR","NASHVILLE","SOUTH",36.1009,-86.73039,"MOTOR VEHICLE IN TRANSPORT","37211","2019","July","Summer","05","Monday","Weekday","No Injuries","No Fatalities"
9.97545602782612e-314,2019-07-23 02:06:00,2,1,0,NA,"N","HEAD-ON","RAIN","DARK - LIGHTED","W TRINITY LN & LIBERIA ST","NASHVILLE","NORTH",36.20769,-86.78556,"MOTOR VEHICLE IN TRANSPORT","37207","2019","July","Summer","02","Tuesday","Weekday","Injuries","No Fatalities"
9.97545605697599e-314,2019-07-23 02:26:00,2,1,0,NA,"N","ANGLE","RAIN","DARK - LIGHTED","CHARLOTTE PK & I 40 E ENTRANCE RAMP","NASHVILLE","WEST",36.13203,-86.89546,"MOTOR VEHICLE IN TRANSPORT","37205","2019","July","Summer","02","Tuesday","Weekday","Injuries","No Fatalities"
9.97545606092851e-314,2019-07-23 00:24:00,2,0,0,NA,"Y","Front to Rear","RAIN","DAYLIGHT","EDMONDSON PKE & WALLACE RD","NASHVILLE","MIDTOW",36.07701,-86.72576,"MOTOR VEHICLE IN TRANSPORT","37211","2019","July","Summer","00","Tuesday","Weekday","No Injuries","No Fatalities"
9.97545606191664e-314,2019-07-22 05:00:00,1,0,0,NA,"Y","NOT COLLISION W/MOTOR VEHICLE-TRANSPORT","RAIN","DARK - LIGHTED","ELM HILL PKE & ELM HILL PKE EB EXT RAMP","NASHVILLE","HERMIT",36.15145,-86.69144,"DITCH","37210","2019","July","Summer","05","Monday","Weekday","No Injuries","No Fatalities"
9.97545608118521e-314,2019-07-23 03:15:00,2,1,0,NA,"Y","SIDESWIPE - SAME DIRECTION","RAIN","DARK - LIGHTED","MM 86 2 I 65","NASHVILLE","CENTRA",36.19196,-86.78177,"MOTOR VEHICLE IN TRANSPORT","37207","2019","July","Summer","03","Tuesday","Weekday","Injuries","No Fatalities"
9.97545609403091e-314,2019-07-23 03:30:00,2,1,0,NA,"N","SIDESWIPE - SAME DIRECTION","RAIN","DARK - NOT LIGHTED","MM 198 3 I 40","NASHVILLE","WEST",36.10257,-86.93364,"MOTOR VEHICLE IN TRANSPORT","37221","2019","July","Summer","03","Tuesday","Weekday","Injuries","No Fatalities"
9.9754561014419e-314,2019-07-22 05:00:00,1,0,0,NA,"N","NOT COLLISION W/MOTOR VEHICLE-TRANSPORT","RAIN","DARK - NOT LIGHTED","MM 59 1 I 24","ANTIOCH","SOUTH",36.04795,-86.66324,"","37013","2019","July","Summer","05","Monday","Weekday","No Injuries","No Fatalities"
9.97545612416892e-314,2019-07-23 04:20:00,2,0,0,NA,"N","NOT COLLISION W/MOTOR VEHICLE-TRANSPORT","RAIN","DARK - NOT LIGHTED","MM 212 9 I 40","NASHVILLE","HERMIT",36.14132,-86.73371,"GUARDRAIL FACE","37210","2019","July","Summer","04","Tuesday","Weekday","No Injuries","No Fatalities"
9.97545617159922e-314,2019-07-22 05:00:00,2,0,0,NA,"Y","Front to Rear","RAIN","DARK - LIGHTED","BELL FORGE LNE & BELL RD","ANTIOCH","SOUTH",36.05073,-86.64691,"MOTOR VEHICLE IN TRANSPORT","37013","2019","July","Summer","05","Monday","Weekday","No Injuries","No Fatalities"
9.9754561790102e-314,2019-07-23 05:01:00,1,1,0,NA,"N","NOT COLLISION W/MOTOR VEHICLE-TRANSPORT","RAIN","DARK - NOT LIGHTED","I24 E EXT RAMP & I 24","NASHVILLE","NORTH",36.01575,-86.62232,"OTHER FIXED OBJECTS;Ran Off Road-Right","37207","2019","July","Summer","05","Tuesday","Weekday","Injuries","No Fatalities"
9.97545625410818e-314,2019-07-23 06:50:00,1,1,0,NA,"N","NOT COLLISION W/MOTOR VEHICLE-TRANSPORT","RAIN","DARK - NOT LIGHTED","MM 77 1 I 65","NASHVILLE","MIDTOW",36.0726,-86.76953,"CONCRETE TRAFFIC BARRIER","37220","2019","July","Summer","06","Tuesday","Weekday","Injuries","No Fatalities"
9.97545630944353e-314,2019-07-23 07:10:00,1,1,0,NA,"N","NOT COLLISION W/MOTOR VEHICLE-TRANSPORT","RAIN","DARK - LIGHTED","HERMITAGE AV & CAULEY AV","NASHVILLE","HERMIT",36.15366,-86.74831,"UTILITY POLE;Ran Off Road-Right","37210","2019","July","Summer","07","Tuesday","Weekday","Injuries","No Fatalities"
9.97545652485616e-314,2019-07-23 05:00:00,1,0,0,NA,"Y","NOT COLLISION W/MOTOR VEHICLE-TRANSPORT","RAIN","DARK - NOT LIGHTED","MURFREESBORO PKE & MOUNTAIN SPRINGS RD","ANTIOCH","SOUTH",36.04784,-86.61205,"DITCH;TREE","37013","2019","July","Summer","05","Tuesday","Weekday","No Injuries","No Fatalities"
9.97545364346531e-314,2019-07-21 00:02:00,1,0,0,NA,"N","NOT COLLISION W/MOTOR VEHICLE-TRANSPORT","RAIN","DAYLIGHT","MM 218 0 I 40","NASHVILLE","HERMIT",36.14658,-86.6438,"CONCRETE TRAFFIC BARRIER","37217","2019","July","Summer","00","Sunday","Weekend","No Injuries","No Fatalities"
9.97545367360331e-314,2019-07-20 05:00:00,2,0,0,NA,"N","ANGLE","RAIN","DAYLIGHT","BEECHWOOD TER & BELL RD","ANTIOCH","SOUTH",36.04483,-86.66963,"MOTOR VEHICLE IN TRANSPORT","37013","2019","July","Summer","05","Saturday","Weekend","No Injuries","No Fatalities"
9.97545367854397e-314,2019-07-21 00:20:00,3,0,0,NA,"Y","ANGLE","RAIN","DARK - LIGHTED","PARK CT & TUSCULUM RD","ANTIOCH","SOUTH",36.05941,-86.70755,"MOTOR VEHICLE IN TRANSPORT","37013","2019","July","Summer","00","Sunday","Weekend","No Injuries","No Fatalities"
9.97545374030218e-314,2019-07-21 01:47:00,2,1,0,NA,"N","ANGLE","RAIN","DARK - NOT LIGHTED","MM 58 7 I 24","ANTIOCH","SOUTH",36.05097,-86.66848,"MOTOR VEHICLE IN TRANSPORT","37013","2019","July","Summer","01","Sunday","Weekend","Injuries","No Fatalities"
9.9754537457369e-314,2019-07-21 02:00:00,2,0,0,NA,"N","ANGLE","RAIN","DARK - LIGHTED","MURFREESBORO PKE & MOUNTAIN SPRINGS RD","ANTIOCH","SOUTH",36.04784,-86.61205,"MOTOR VEHICLE IN TRANSPORT","37013","2019","July","Summer","02","Sunday","Weekend","No Injuries","No Fatalities"
9.97545375561821e-314,2019-07-21 02:00:00,2,1,0,NA,"Y","Front to Rear","RAIN","DARK - LIGHTED","MURFREESBORO PKE & MOUNTAIN SPRINGS RD","ANTIOCH","SOUTH",36.04784,-86.61205,"MOTOR VEHICLE IN TRANSPORT","37013","2019","July","Summer","02","Sunday","Weekend","Injuries","No Fatalities"
9.97545378970874e-314,2019-07-21 02:34:00,2,0,0,NA,"N","ANGLE","RAIN","DARK - LIGHTED","DEMONBREUN ST & 6TH AVS","NASHVILLE","CENTRA",36.15785,-86.77858,"MOTOR VEHICLE IN TRANSPORT","37203","2019","July","Summer","02","Sunday","Weekend","No Injuries","No Fatalities"
9.97545383219839e-314,2019-07-21 03:29:00,2,0,0,NA,"Y","ANGLE","RAIN","DARK - NOT LIGHTED","MM 58 8 I 24","ANTIOCH","SOUTH",36.05065,-86.66791,"MOTOR VEHICLE IN TRANSPORT","37013","2019","July","Summer","03","Sunday","Weekend","No Injuries","No Fatalities"
9.97545384455003e-314,2019-07-21 03:42:00,1,1,0,NA,"N","NOT COLLISION W/MOTOR VEHICLE-TRANSPORT","RAIN","DARK - NOT LIGHTED","0 BRILEY PKWYE","NASHVILLE","EAST",36.24106,-86.76558,"CONCRETE TRAFFIC BARRIER","37216","2019","July","Summer","03","Sunday","Weekend","Injuries","No Fatalities"
9.97545418298499e-314,2019-07-21 02:03:00,3,0,0,NA,"Y","Front to Rear","RAIN","Dark-Unknown Lighting","MM 57 8 I 24","ANTIOCH","SOUTH",36.06078,-86.68071,"MOTOR VEHICLE IN TRANSPORT","37013","2019","July","Summer","02","Sunday","Weekend","No Injuries","No Fatalities"
9.97544502103166e-314,2019-07-14 01:35:00,1,1,0,NA,"N","NOT COLLISION W/MOTOR VEHICLE-TRANSPORT","RAIN","DARK - NOT LIGHTED","UNION HILL RD & LUSTER RD","GOODLETTSVILLE","MADISO",36.33642,-86.78327,"","37072","2019","July","Summer","01","Sunday","Weekend","Injuries","No Fatalities"
9.97544502893671e-314,2019-07-14 01:53:00,2,1,0,NA,"N","SIDESWIPE - OPPOSITE DIRECTION","RAIN","DARK - LIGHTED","BUCHANAN ST & 15TH AVN","NASHVILLE","NORTH",36.18005,-86.8087,"MOTOR VEHICLE IN TRANSPORT","37208","2019","July","Summer","01","Sunday","Weekend","Injuries","No Fatalities"
9.97544513071423e-314,2019-07-14 04:41:00,2,1,0,NA,"N","ANGLE","RAIN","DARK - LIGHTED","STONE BROOK DR & OLD HICKORY BLVD","BRENTWOOD","MIDTOW",36.0409,-86.77938,"MOTOR VEHICLE IN TRANSPORT","37027","2019","July","Summer","04","Sunday","Weekend","Injuries","No Fatalities"
9.97543506560889e-314,2019-07-04 05:00:00,2,0,0,NA,"Y","Front to Rear","RAIN","DARK - LIGHTED","2000 2ND AVS","NASHVILLE","CENTRA",36.1562,-86.7709,"PARKED MOTOR VEHICLE;Motor Vehicle-In-Motion Outside Trafficw","37210","2019","July","Summer","05","Thursday","Weekday","No Injuries","No Fatalities"
9.97543648407136e-314,2019-07-06 05:00:00,2,0,0,NA,"N","Front to Rear","RAIN","DAYLIGHT","MM 93 4 I 65","MADISON","MADISO",36.28038,-86.73305,"MOTOR VEHICLE IN TRANSPORT","37115","2019","July","Summer","05","Saturday","Weekend","No Injuries","No Fatalities"
9.97543648703576e-314,2019-07-06 11:42:00,3,2,0,NA,"N","UNKNOWN","RAIN","DAYLIGHT","MM 91 6 I 65","MADISON","MADISO",36.2559,-86.73836,"MOTOR VEHICLE IN TRANSPORT","37115","2019","July","Summer","11","Saturday","Weekend","Injuries","No Fatalities"
9.97543650383399e-314,2019-07-06 11:40:00,2,0,0,NA,"N","ANGLE","RAIN","DAYLIGHT","MM 92 0 I 65","MADISON","MADISO",36.261,-86.73821,"MOTOR VEHICLE IN TRANSPORT","37115","2019","July","Summer","11","Saturday","Weekend","No Injuries","No Fatalities"
9.97543780619103e-314,2019-07-08 00:34:00,2,0,0,NA,"N","Front to Rear","RAIN","DAYLIGHT","MM 47 4 I 24","NASHVILLE","CENTRA",36.18279,-86.77494,"MOTOR VEHICLE IN TRANSPORT","37207","2019","July","Summer","00","Monday","Weekday","No Injuries","No Fatalities"
9.97543781113169e-314,2019-07-08 00:48:00,1,0,0,NA,"N","NOT COLLISION W/MOTOR VEHICLE-TRANSPORT","RAIN","DAYLIGHT","MM 49 1 I 24","NASHVILLE","EAST",36.16502,-86.76364,"CONCRETE TRAFFIC BARRIER","37206","2019","July","Summer","00","Monday","Weekday","No Injuries","No Fatalities"
9.97543781804861e-314,2019-07-08 01:00:00,1,0,0,NA,"N","NOT COLLISION W/MOTOR VEHICLE-TRANSPORT","RAIN","DUSK","BRILEY PKWYE & BRILEY PKWYW","NASHVILLE","MADISO",36.23756,-86.7359,"LUMINAIRE/LIGHT SUPPORT;Cross Median","37207","2019","July","Summer","01","Monday","Weekday","No Injuries","No Fatalities"
9.97543781854267e-314,2019-07-08 00:56:00,2,0,0,NA,"N","Front to Rear","RAIN","DARK - LIGHTED","I24E & I24 W EXT RAMP","NASHVILLE","SOUTH",36.13207,-86.72687,"MOTOR VEHICLE IN TRANSPORT","37210","2019","July","Summer","00","Monday","Weekday","No Injuries","No Fatalities"
9.97543783138838e-314,2019-07-08 00:19:00,2,0,0,NA,"N","OTHER","RAIN","DARK - LIGHTED","WEST END AV & WILSON BLVDN","NASHVILLE","WEST",36.13165,-86.83356,"MOTOR VEHICLE IN TRANSPORT","37205","2019","July","Summer","00","Monday","Weekday","No Injuries","No Fatalities"
9.97543783435277e-314,2019-07-08 01:25:00,1,0,0,NA,"N","NOT COLLISION W/MOTOR VEHICLE-TRANSPORT","RAIN","DARK - LIGHTED","BRILEY PKWY S EXT RAMP & BRILEY PKWYS","NASHVILLE","HERMIT",36.14638,-86.69519,"WALL","37214","2019","July","Summer","01","Monday","Weekday","No Injuries","No Fatalities"
9.97543783484684e-314,2019-07-08 00:20:00,1,2,0,NA,"N","NOT COLLISION W/MOTOR VEHICLE-TRANSPORT","RAIN","DARK - LIGHTED","MM 91 0 I 65","MADISON","MADISO",36.24791,-86.74287,"CONCRETE TRAFFIC BARRIER","37115","2019","July","Summer","00","Monday","Weekday","Injuries","No Fatalities"
9.97543786350265e-314,2019-07-08 01:46:00,2,0,0,NA,"N","ANGLE","RAIN","DARK - LIGHTED","BILLINGSGATE RD & BILLINGSGATE CT","ANTIOCH","SOUTH",36.07674,-86.66462,"MOTOR VEHICLE IN TRANSPORT","37013","2019","July","Summer","01","Monday","Weekday","No Injuries","No Fatalities"
9.9754378842534e-314,2019-07-08 02:46:00,1,1,0,NA,"N","UNKNOWN","RAIN","UNKNOWN","CENTRAL PKE & LEBANON PKE","HERMITAGE","HERMIT",36.18677,-86.63164,"UNKNOWN MOST HARMFUL EVENT","37076","2019","July","Summer","02","Monday","Weekday","Injuries","No Fatalities"
9.97543788968813e-314,2019-07-07 05:00:00,2,0,0,NA,"N","Front to Rear","RAIN","DARK - LIGHTED","MM 55 3 I 24","NASHVILLE","SOUTH",36.09051,-86.70371,"MOTOR VEHICLE IN TRANSPORT","37211","2019","July","Summer","05","Sunday","Weekend","No Injuries","No Fatalities"
9.97543790253383e-314,2019-07-08 02:53:00,2,1,0,NA,"N","Front to Rear","RAIN","DARK - LIGHTED","MM 54 0 I 24","NASHVILLE","SOUTH",36.10611,-86.71872,"MOTOR VEHICLE IN TRANSPORT","37211","2019","July","Summer","02","Monday","Weekday","Injuries","No Fatalities"
9.97543792130833e-314,2019-07-08 03:20:00,2,1,0,NA,"Y","ANGLE","RAIN","DARK - NOT LIGHTED","OCALA DR & NOLENSVILLE PKE","NASHVILLE","SOUTH",36.05151,-86.71436,"MOTOR VEHICLE IN TRANSPORT","37211","2019","July","Summer","03","Monday","Weekday","Injuries","No Fatalities"
9.97548365795329e-314,2019-08-13 05:00:00,1,0,0,NA,"N","NOT COLLISION W/MOTOR VEHICLE-TRANSPORT","RAIN","DAYLIGHT","MCGAVOCK PKE & DUNDEE LN","NASHVILLE","HERMIT",36.19955,-86.67587,"FENCE;MAIL BOX;TREE","37214","2019","August","Summer","05","Tuesday","Weekday","No Injuries","No Fatalities"
9.97548372761655e-314,2019-08-13 05:00:00,2,0,0,NA,"Y","ANGLE","RAIN","DAYLIGHT","W TRINITY LN & HAMPTON ST","NASHVILLE","NORTH",36.20667,-86.77843,"MOTOR VEHICLE IN TRANSPORT","37207","2019","August","Summer","05","Tuesday","Weekday","No Injuries","No Fatalities"
9.97548373354534e-314,2019-08-13 05:00:00,1,1,0,NA,"N","NOT COLLISION W/MOTOR VEHICLE-TRANSPORT","RAIN","DAYLIGHT","OPRY MILLS DR & MOSS ROSE DR","NASHVILLE","HERMIT",36.20465,-86.69524,"PEDESTRIAN","37214","2019","August","Summer","05","Tuesday","Weekday","Injuries","No Fatalities"
9.97548383878132e-314,2019-08-13 05:00:00,2,0,0,NA,"Y","SIDESWIPE - SAME DIRECTION","RAIN","Dark-Unknown Lighting","WINDING WAY & GALLATIN PKE","NASHVILLE","EAST",36.22645,-86.72541,"MOTOR VEHICLE IN TRANSPORT","37216","2019","August","Summer","05","Tuesday","Weekday","No Injuries","No Fatalities"
9.97546565518929e-314,2019-07-30 05:00:00,2,0,0,NA,"N","Front to Rear","RAIN","DAYLIGHT","I24 W EXT RAMP & I 24","NASHVILLE","SOUTH",36.32591,-86.86897,"MOTOR VEHICLE IN TRANSPORT","37211","2019","July","Summer","05","Tuesday","Weekday","No Injuries","No Fatalities"
9.97547085374802e-314,2019-08-03 05:00:00,2,1,0,NA,"N","Front to Rear","RAIN","DAYLIGHT","MM 88 4 I 65","NASHVILLE","NORTH",36.222,-86.7746,"MOTOR VEHICLE IN TRANSPORT","37207","2019","August","Summer","05","Saturday","Weekend","Injuries","No Fatalities"
9.97547085572428e-314,2019-08-03 05:00:00,1,1,0,NA,"N","NOT COLLISION W/MOTOR VEHICLE-TRANSPORT","RAIN","DAYLIGHT","MM 213 0 I 40","NASHVILLE","HERMIT",36.14086,-86.73262,"GUARDRAIL FACE","37210","2019","August","Summer","05","Saturday","Weekend","Injuries","No Fatalities"
9.97547086708779e-314,2019-08-03 05:00:00,2,0,0,NA,"N","SIDESWIPE - SAME DIRECTION","RAIN","OTHER","BROADWAY & 8TH AVS","NASHVILLE","CENTRA",36.15897,-86.78192,"MOTOR VEHICLE IN TRANSPORT","37203","2019","August","Summer","05","Saturday","Weekend","No Injuries","No Fatalities"
9.97547086906405e-314,2019-08-03 05:00:00,2,0,0,NA,"Y","ANGLE","RAIN","DAYLIGHT","53RD AVN & CHARLOTTE AV","NASHVILLE","WEST",36.15191,-86.85117,"MOTOR VEHICLE IN TRANSPORT","37209","2019","August","Summer","05","Saturday","Weekend","No Injuries","No Fatalities"
9.97547089475546e-314,2019-08-04 00:20:00,1,0,0,NA,"N","NOT COLLISION W/MOTOR VEHICLE-TRANSPORT","RAIN","DAYLIGHT","I65 S EXT RAMP & I 65","MADISON","MADISO",36.24106,-86.75011,"","37115","2019","August","Summer","00","Sunday","Weekend","No Injuries","No Fatalities"
9.97547091204776e-314,2019-08-04 00:43:00,1,0,0,NA,"N","NOT COLLISION W/MOTOR VEHICLE-TRANSPORT","RAIN","DARK - NOT LIGHTED","BRILEY PKWYE & BRILEY PKWYW","NASHVILLE","MADISO",36.24065,-86.76742,"WALL","37207","2019","August","Summer","00","Sunday","Weekend","No Injuries","No Fatalities"
9.97547091402402e-314,2019-08-04 00:10:00,2,0,0,NA,"Y","Front to Rear","RAIN","DARK - LIGHTED","CANE RIDGE RD & MOUNTAINHIGH DR","ANTIOCH","SOUTH",36.03901,-86.65911,"MOTOR VEHICLE IN TRANSPORT","37013","2019","August","Summer","00","Sunday","Weekend","No Injuries","No Fatalities"
9.97547094267983e-314,2019-08-04 01:13:00,1,1,0,NA,"N","NOT COLLISION W/MOTOR VEHICLE-TRANSPORT","RAIN","DARK - LIGHTED","ANTIOCH PKE & CHEROKEE PL","ANTIOCH","SOUTH",36.07329,-86.68258,"TREE;PEDESTRIAN","37013","2019","August","Summer","01","Sunday","Weekend","Injuries","No Fatalities"
9.97547096837125e-314,2019-08-04 01:27:00,3,1,0,NA,"N","ANGLE","RAIN","DARK - LIGHTED","OPRY MILLS DR & MOSS ROSE DR","NASHVILLE","HERMIT",36.20296,-86.69473,"MOTOR VEHICLE IN TRANSPORT;PARKED MOTOR VEHICLE","37214","2019","August","Summer","01","Sunday","Weekend","Injuries","No Fatalities"
9.97547100690837e-314,2019-08-04 02:09:00,2,0,0,NA,"N","Front to Rear","RAIN","DARK - NOT LIGHTED","SPRINGFIELD HWY & GRACELAND DR","GOODLETTSVILLE","MADISO",36.36737,-86.73663,"MOTOR VEHICLE IN TRANSPORT","37072","2019","August","Summer","02","Sunday","Weekend","No Injuries","No Fatalities"
9.97547101876594e-314,2019-08-04 01:58:00,2,0,0,NA,"N","ANGLE","RAIN","DARK - NOT LIGHTED","HAYWOOD LN & KEELEY DR","NASHVILLE","SOUTH",36.06989,-86.69715,"MOTOR VEHICLE IN TRANSPORT","37211","2019","August","Summer","01","Sunday","Weekend","No Injuries","No Fatalities"
9.97547175937034e-314,2019-08-04 05:00:00,3,1,0,NA,"N","Front to Rear","RAIN","DAYLIGHT","MURFREESBORO PKE & MOUNTAIN SPRINGS RD","ANTIOCH","SOUTH",36.04784,-86.61205,"MOTOR VEHICLE IN TRANSPORT","37013","2019","August","Summer","05","Sunday","Weekend","Injuries","No Fatalities"
9.97547459234276e-314,2019-08-07 01:21:00,1,1,0,NA,"N","NOT COLLISION W/MOTOR VEHICLE-TRANSPORT","RAIN","DARK - NOT LIGHTED","MM 38 0 I 24","WHITES CREEK","NORTH",36.30764,-86.82075,"TREE","37189","2019","August","Summer","01","Wednesday","Weekday","Injuries","No Fatalities"
9.9754746032122e-314,2019-08-07 01:39:00,1,1,0,NA,"N","NOT COLLISION W/MOTOR VEHICLE-TRANSPORT","RAIN","DARK - LIGHTED","BEECH BEND DR & OLD HARDING PKE","NASHVILLE","WEST",36.06232,-86.94274,"","37221","2019","August","Summer","01","Wednesday","Weekday","Injuries","No Fatalities"