"Accident.Number","Date.and.Time","Number.of.Motor.Vehicles","Number.of.Injuries","Number.of.Fatalities","Property.Damage","Hit.and.Run","Collision.Type.Description","Weather.Description","Illumination.Description","Street.Address","City","Precinct","Latitude","Longitude","HarmfulDescriptions","Zip.Code","Year","Month","Season","Hour","Weekday","DayType","Accident","Fatality_category"
9.97547460518846e-314,2019-08-07 01:44:00,2,0,0,NA,"N","Front to Rear","RAIN","DARK - LIGHTED","NEELYS BEND RD & GALLATIN PKES","MADISON","MADISO",36.25619,-86.71439,"MOTOR VEHICLE IN TRANSPORT","37115","2019","August","Summer","01","Wednesday","Weekday","No Injuries","No Fatalities"
9.97547460815286e-314,2019-08-07 01:47:00,1,0,0,NA,"N","NOT COLLISION W/MOTOR VEHICLE-TRANSPORT","RAIN","DARK - LIGHTED","MM 48 9 I 24","NASHVILLE","CENTRA",36.16704,-86.76504,"CONCRETE TRAFFIC BARRIER","37213","2019","August","Summer","01","Wednesday","Weekday","No Injuries","No Fatalities"
9.97547461852824e-314,2019-08-07 01:40:00,2,1,0,NA,"N","Front to Rear","RAIN","DARK - LIGHTED","HARDING PL & LINBAR DR","NASHVILLE","SOUTH",36.08382,-86.70695,"MOTOR VEHICLE IN TRANSPORT","37211","2019","August","Summer","01","Wednesday","Weekday","Injuries","No Fatalities"
9.97547464076119e-314,2019-08-07 02:05:00,2,0,0,NA,"N","Front to Rear","RAIN","DARK - LIGHTED","I24 W EXT RAMP & I 24","NASHVILLE","SOUTH",36.01514,-86.62024,"MOTOR VEHICLE IN TRANSPORT","37211","2019","August","Summer","02","Wednesday","Weekday","No Injuries","No Fatalities"
9.97547464421965e-314,2019-08-07 01:50:00,1,0,0,NA,"N","NOT COLLISION W/MOTOR VEHICLE-TRANSPORT","RAIN","DARK - NOT LIGHTED","BRILEY PKWYW & BRILEY PKWYE","NASHVILLE","NORTH",36.22847,-86.85283,"OTHER FIXED OBJECTS","37218","2019","August","Summer","01","Wednesday","Weekday","No Injuries","No Fatalities"
9.97547939811929e-314,2019-08-10 09:40:00,1,0,0,NA,"Y","NOT COLLISION W/MOTOR VEHICLE-TRANSPORT","RAIN","DARK - NOT LIGHTED","I40 W EXT RAMP & I 40","NASHVILLE","CENTRA",36.13263,-86.89739,"Ran Off Road-Right","37203","2019","August","Summer","09","Saturday","Weekend","No Injuries","No Fatalities"
9.97547466447634e-314,2019-08-07 02:06:00,2,0,0,NA,"N","ANGLE","RAIN","DARK - NOT LIGHTED","HART LN & ELLINGTON PKWY S EXT RAMP","NASHVILLE","EAST",36.21864,-86.74818,"MOTOR VEHICLE IN TRANSPORT","37207","2019","August","Summer","02","Wednesday","Weekday","No Injuries","No Fatalities"
9.97547940750654e-314,2019-08-10 09:40:00,2,0,0,NA,"N","SIDESWIPE - SAME DIRECTION","RAIN","DARK - LIGHTED","KELLOW ST & MIDDLE ST","NASHVILLE","NORTH",36.19034,-86.80981,"MOTOR VEHICLE IN TRANSPORT;PARKED MOTOR VEHICLE","37208","2019","August","Summer","09","Saturday","Weekend","No Injuries","No Fatalities"
9.975474669417e-314,2019-08-06 05:00:00,1,0,0,NA,"N","NOT COLLISION W/MOTOR VEHICLE-TRANSPORT","RAIN","DARK - NOT LIGHTED","MM 86 5 I 65","NASHVILLE","NORTH",36.193,-86.7774,"GUARDRAIL FACE","37207","2019","August","Summer","05","Tuesday","Weekday","No Injuries","No Fatalities"
9.97547467781611e-314,2019-08-07 01:10:00,2,0,0,NA,"N","ANGLE","RAIN","DARK - LIGHTED","MURFREESBORO PKE & BROOKSBORO PL","ANTIOCH","SOUTH",36.08365,-86.64722,"MOTOR VEHICLE IN TRANSPORT","37013","2019","August","Summer","01","Wednesday","Weekday","No Injuries","No Fatalities"
9.97547469659061e-314,2019-08-07 03:12:00,2,1,0,NA,"N","Front to Rear","RAIN","DARK - LIGHTED","MURFREESBORO PKE & LAKEVILLA DR","ANTIOCH","SOUTH",36.07714,-86.64146,"MOTOR VEHICLE IN TRANSPORT","37013","2019","August","Summer","03","Wednesday","Weekday","Injuries","No Fatalities"
9.97547474056245e-314,2019-08-07 02:45:00,2,0,0,NA,"Y","Front to Rear","RAIN","DARK - LIGHTED","JAMES ROBERTSON PKWY & MAIN ST","NASHVILLE","CENTRA",36.17091,-86.77058,"MOTOR VEHICLE IN TRANSPORT","37213","2019","August","Summer","02","Wednesday","Weekday","No Injuries","No Fatalities"
9.97547489125247e-314,2019-08-07 01:43:00,2,1,0,NA,"Y","Front to Rear","RAIN","DARK - LIGHTED","BRILEY PKWYN & I24 W EXT RAMP","NASHVILLE","SOUTH",36.10991,-86.72041,"MOTOR VEHICLE IN TRANSPORT","37211","2019","August","Summer","01","Wednesday","Weekday","Injuries","No Fatalities"
9.97546983103213e-314,2019-08-03 01:06:00,2,3,0,NA,"N","ANGLE","RAIN","DARK - LIGHTED","MURFREESBORO PKE & FOREST VIEW DR","ANTIOCH","SOUTH",36.06741,-86.63125,"MOTOR VEHICLE IN TRANSPORT;CURB;OTHER FIXED OBJECTS","37013","2019","August","Summer","01","Saturday","Weekend","Injuries","No Fatalities"
9.97546987450991e-314,2019-08-03 01:36:00,2,0,0,NA,"N","Front to Rear","RAIN","DARK - LIGHTED","MM 212 3 I 40","NASHVILLE","HERMIT",36.14449,-86.73921,"MOTOR VEHICLE IN TRANSPORT","37210","2019","August","Summer","01","Saturday","Weekend","No Injuries","No Fatalities"
9.97546988439122e-314,2019-08-03 01:40:00,2,0,0,NA,"N","SIDESWIPE - SAME DIRECTION","RAIN","DARK - LIGHTED","UNION ST & 4TH AVN","NASHVILLE","CENTRA",36.16507,-86.77978,"MOTOR VEHICLE IN TRANSPORT","37219","2019","August","Summer","01","Saturday","Weekend","No Injuries","No Fatalities"
9.97546994763162e-314,2019-08-03 01:45:00,2,1,0,NA,"N","Front to Rear","RAIN","DARK - LIGHTED","TUSCULUM RD & SHACKLETT LANE CT","ANTIOCH","SOUTH",36.05285,-86.67466,"MOTOR VEHICLE IN TRANSPORT","37013","2019","August","Summer","01","Saturday","Weekend","Injuries","No Fatalities"
9.97546996937051e-314,2019-08-03 01:44:00,2,0,0,NA,"N","Front to Rear","RAIN","DARK - LIGHTED","MM 58 8 I 24","ANTIOCH","SOUTH",36.05077,-86.66813,"MOTOR VEHICLE IN TRANSPORT","37013","2019","August","Summer","01","Saturday","Weekend","No Injuries","No Fatalities"
9.97547003458717e-314,2019-08-03 01:50:00,2,0,0,NA,"N","Front to Rear","RAIN","DUSK","ELYSIAN FIELDS RD & ELYSIAN FIELDS CT","NASHVILLE","SOUTH",36.08684,-86.73034,"MOTOR VEHICLE IN TRANSPORT","37211","2019","August","Summer","01","Saturday","Weekend","No Injuries","No Fatalities"
9.97547013241217e-314,2019-08-02 05:00:00,2,0,0,NA,"Y","ANGLE","RAIN","DARK - LIGHTED","PRIMROSE AV & PRIMROSE CIR","NASHVILLE","MIDTOW",36.1207,-86.79956,"MOTOR VEHICLE IN TRANSPORT;PARKED MOTOR VEHICLE","37212","2019","August","Summer","05","Friday","Weekday","No Injuries","No Fatalities"
9.97546496448552e-314,2019-07-30 10:15:00,1,0,0,NA,"N","NOT COLLISION W/MOTOR VEHICLE-TRANSPORT","RAIN","DAWN","MM 86 5 I 65","NASHVILLE","NORTH",36.19334,-86.77694,"GUARDRAIL FACE","37207","2019","July","Summer","10","Tuesday","Weekday","No Injuries","No Fatalities"
9.9754649748609e-314,2019-07-30 10:30:00,2,0,0,NA,"N","SIDESWIPE - SAME DIRECTION","RAIN","DAWN","MM 86 5 I 65","NASHVILLE","NORTH",36.1937,-86.7766,"MOTOR VEHICLE IN TRANSPORT","37207","2019","July","Summer","10","Tuesday","Weekday","No Injuries","No Fatalities"
9.97549294194084e-314,2019-08-21 01:10:00,1,0,0,NA,"N","NOT COLLISION W/MOTOR VEHICLE-TRANSPORT","RAIN","DARK - LIGHTED","MM 86 5 I 65","NASHVILLE","NORTH",36.19426,-86.77561,"GUARDRAIL END","37207","2019","August","Summer","01","Wednesday","Weekday","No Injuries","No Fatalities"
9.97549294391711e-314,2019-08-21 01:15:00,1,1,0,NA,"N","NOT COLLISION W/MOTOR VEHICLE-TRANSPORT","RAIN","DARK - LIGHTED","HERMITAGE AV & KOREAN VETERANS BLVD","NASHVILLE","CENTRA",36.15829,-86.77189,"","37201","2019","August","Summer","01","Wednesday","Weekday","Injuries","No Fatalities"
9.97549565287904e-314,2019-08-22 05:00:00,2,0,0,NA,"N","SIDESWIPE - SAME DIRECTION","RAIN","DAYLIGHT","MM 86 7 I 65","NASHVILLE","NORTH",36.19759,-86.77625,"MOTOR VEHICLE IN TRANSPORT","37207","2019","August","Summer","05","Thursday","Weekday","No Injuries","No Fatalities"
9.97549574378712e-314,2019-08-23 00:16:00,2,0,0,NA,"N","SIDESWIPE - SAME DIRECTION","RAIN","DARK - NOT LIGHTED","MM 220 1 I 40","HERMITAGE","HERMIT",36.16585,-86.61272,"MOTOR VEHICLE IN TRANSPORT;GUARDRAIL FACE","37076","2019","August","Summer","00","Friday","Weekday","No Injuries","No Fatalities"
9.97550189441035e-314,2019-08-28 01:00:00,1,1,0,NA,"N","NOT COLLISION W/MOTOR VEHICLE-TRANSPORT","RAIN","DARK - LIGHTED","MM 3 0 I 440","NASHVILLE","MIDTOW",36.11989,-86.80252,"CONCRETE TRAFFIC BARRIER","37215","2019","August","Summer","01","Wednesday","Weekday","Injuries","No Fatalities"
9.97550190478573e-314,2019-08-28 01:08:00,2,0,0,NA,"Y","Front to Rear","RAIN","DARK - LIGHTED","LOMBARDY AV & HILLSBORO PKE","NASHVILLE","WEST",36.1207,-86.80797,"MOTOR VEHICLE IN TRANSPORT","37215","2019","August","Summer","01","Wednesday","Weekday","No Injuries","No Fatalities"
9.97549936380611e-314,2019-08-25 05:00:00,1,0,0,NA,"Y","NOT COLLISION W/MOTOR VEHICLE-TRANSPORT","RAIN","OTHER","DRAKES BRANCH RD & BRILEY PKWYW","NASHVILLE","NORTH",36.23063,-86.84934,"CULVERT;FENCE;WALL;MAIL BOX","37218","2019","August","Summer","05","Sunday","Weekend","No Injuries","No Fatalities"
9.97549939345005e-314,2019-08-26 00:08:00,1,0,0,NA,"N","NOT COLLISION W/MOTOR VEHICLE-TRANSPORT","RAIN","DARK - NOT LIGHTED","I 40 & UNKNOWN RAMP","NASHVILLE","HERMIT",36.16923,-86.60661,"CONCRETE TRAFFIC BARRIER","37210","2019","August","Summer","00","Monday","Weekday","No Injuries","No Fatalities"
9.97549939888477e-314,2019-08-26 00:17:00,1,1,0,NA,"N","NOT COLLISION W/MOTOR VEHICLE-TRANSPORT","RAIN","DARK - NOT LIGHTED","MM 86 5 I 65","NASHVILLE","NORTH",36.19328,-86.77701,"GUARDRAIL FACE;Ran Off Road-Right","37207","2019","August","Summer","00","Monday","Weekday","Injuries","No Fatalities"
9.9754994013551e-314,2019-08-26 00:19:00,1,1,0,NA,"N","NOT COLLISION W/MOTOR VEHICLE-TRANSPORT","RAIN","DARK - LIGHTED","MM 91 9 I 65","MADISON","MADISO",36.25946,-86.73828,"CONCRETE TRAFFIC BARRIER","37115","2019","August","Summer","00","Monday","Weekday","Injuries","No Fatalities"
9.97549942507025e-314,2019-08-26 00:50:00,1,1,0,NA,"N","NOT COLLISION W/MOTOR VEHICLE-TRANSPORT","RAIN","DARK - LIGHTED","US HWY 31 ALT & SWISS AVE","ANTIOCH","SOUTH",36.04248,-86.71284,"PEDESTRIAN","37013","2019","August","Summer","00","Monday","Weekday","Injuries","No Fatalities"
9.9754994314931e-314,2019-08-26 01:00:00,3,0,0,NA,"N","ANGLE","RAIN","DARK - NOT LIGHTED","MM 35 0 I 24","JOELTON","NORTH",36.32382,-86.86702,"MOTOR VEHICLE IN TRANSPORT","37080","2019","August","Summer","01","Monday","Weekday","No Injuries","No Fatalities"
9.97549947250055e-314,2019-08-26 02:00:00,2,0,0,NA,"N","Front to Rear","RAIN","DARK - NOT LIGHTED","HART AV & CLEVELAND ST","NASHVILLE","EAST",36.1838,-86.7558,"MOTOR VEHICLE IN TRANSPORT;PARKED MOTOR VEHICLE","37206","2019","August","Summer","02","Monday","Weekday","No Injuries","No Fatalities"
9.97549948929878e-314,2019-08-26 00:53:00,2,0,0,NA,"Y","Front to Rear","RAIN","DARK - LIGHTED","GALLATIN PKEN & RIVERGATE MARKETPLACE PV","MADISON","MADISO",36.30267,-86.69197,"MOTOR VEHICLE IN TRANSPORT","37115","2019","August","Summer","00","Monday","Weekday","No Injuries","No Fatalities"
9.97549949819196e-314,2019-08-26 02:08:00,2,0,0,NA,"N","HEAD-ON","RAIN","DARK - LIGHTED","ROSA L PARKS BLVD & COMMERCE ST","NASHVILLE","CENTRA",36.15995,-86.78277,"MOTOR VEHICLE IN TRANSPORT","37203","2019","August","Summer","02","Monday","Weekday","No Injuries","No Fatalities"
9.975499513508e-314,2019-08-26 02:31:00,2,1,0,NA,"N","ANGLE","RAIN","DARK - LIGHTED","BRICK CHURCH PKE & MOOREWOOD DR","NASHVILLE","MADISO",36.2335,-86.78136,"MOTOR VEHICLE IN TRANSPORT","37207","2019","August","Summer","02","Monday","Weekday","Injuries","No Fatalities"
9.97549952190712e-314,2019-08-26 03:22:00,2,1,0,NA,"Y","SIDESWIPE - SAME DIRECTION","RAIN","DARK - LIGHTED","MM 86 5 I 65","NASHVILLE","NORTH",36.19517,-86.77616,"MOTOR VEHICLE IN TRANSPORT","37207","2019","August","Summer","03","Monday","Weekday","Injuries","No Fatalities"
9.97549952684777e-314,2019-08-26 03:40:00,1,0,0,NA,"N","NOT COLLISION W/MOTOR VEHICLE-TRANSPORT","RAIN","DARK - NOT LIGHTED","MM 213 2 I 40","NASHVILLE","HERMIT",36.13986,-86.72774,"","37210","2019","August","Summer","03","Monday","Weekday","No Injuries","No Fatalities"
9.97549954117568e-314,2019-08-26 04:00:00,2,0,0,NA,"N","SIDESWIPE - SAME DIRECTION","RAIN","DARK - LIGHTED","4TH AVS & KOREAN VETERANS BLVD","NASHVILLE","CENTRA",36.15711,-86.77467,"MOTOR VEHICLE IN TRANSPORT","37201","2019","August","Summer","04","Monday","Weekday","No Injuries","No Fatalities"
9.97549954908073e-314,2019-08-26 02:30:00,1,0,0,NA,"N","NOT COLLISION W/MOTOR VEHICLE-TRANSPORT","RAIN","DARK - NOT LIGHTED","WHITES CREEK PKE & JACKMAN RD","JOELTON","NORTH",36.35951,-86.88488,"DITCH;MAIL BOX","37080","2019","August","Summer","02","Monday","Weekday","No Injuries","No Fatalities"
9.97549955204512e-314,2019-08-26 04:09:00,1,0,1,NA,"Y","NOT COLLISION W/MOTOR VEHICLE-TRANSPORT","RAIN","DARK - LIGHTED","NOLENSVILLE PKE & ELYSIAN FIELDS CT","NASHVILLE","SOUTH",36.08706,-86.73041,"PEDESTRIAN","37211","2019","August","Summer","04","Monday","Weekday","No Injuries","With Fatalities"
9.97549963900067e-314,2019-08-26 05:45:00,1,0,0,NA,"N","NOT COLLISION W/MOTOR VEHICLE-TRANSPORT","RAIN","DARK - LIGHTED","ELLINGTON PKWYN & ELLINGTON PKWY N ENT R","NASHVILLE","EAST",36.17561,-86.76661,"GUARDRAIL FACE","37216","2019","August","Summer","05","Monday","Weekday","No Injuries","No Fatalities"
9.97549965283451e-314,2019-08-26 06:30:00,1,1,0,NA,"Y","NOT COLLISION W/MOTOR VEHICLE-TRANSPORT","RAIN","DARK - LIGHTED","MURFREESBORO PKE & SMITH SPRINGS RD","NASHVILLE","SOUTH",36.09616,-86.65562,"PEDESTRIAN","37217","2019","August","Summer","06","Monday","Weekday","Injuries","No Fatalities"
9.97549966815055e-314,2019-08-26 06:04:00,3,0,0,NA,"Y","HEAD-ON","RAIN","DARK - NOT LIGHTED","FAULKNER DR & LEOPOLE RD","NASHVILLE","SOUTH",36.07597,-86.71146,"MOTOR VEHICLE IN TRANSPORT;PARKED MOTOR VEHICLE","37211","2019","August","Summer","06","Monday","Weekday","No Injuries","No Fatalities"
9.97549976004676e-314,2019-08-26 08:43:00,1,0,0,NA,"Y","NOT COLLISION W/MOTOR VEHICLE-TRANSPORT","RAIN","DARK - LIGHTED","SMITH SPRINGS RD & NED SHELTON RD","NASHVILLE","HERMIT",36.09447,-86.63485,"OTHER OBJECT (NOT FIXED);UTILITY POLE;CURB","37217","2019","August","Summer","08","Monday","Weekday","No Injuries","No Fatalities"
9.9754998341566e-314,2019-08-26 10:10:00,1,0,0,NA,"N","NOT COLLISION W/MOTOR VEHICLE-TRANSPORT","RAIN","DARK - LIGHTED","MM 87 6 I 65","NASHVILLE","EAST",36.21008,-86.77603,"GUARDRAIL FACE","37207","2019","August","Summer","10","Monday","Weekday","No Injuries","No Fatalities"
9.97549984848451e-314,2019-08-26 05:00:00,1,0,0,NA,"N","NOT COLLISION W/MOTOR VEHICLE-TRANSPORT","RAIN","DAWN","BRILEY PKWYN & BRILEY PKWYS","NASHVILLE","SOUTH",36.17507,-86.6909,"CONCRETE TRAFFIC BARRIER","37211","2019","August","Summer","05","Monday","Weekday","No Injuries","No Fatalities"
9.97549986380054e-314,2019-08-26 10:50:00,1,0,0,NA,"N","NOT COLLISION W/MOTOR VEHICLE-TRANSPORT","RAIN","DAWN","MM 77 2 I 65","NASHVILLE","MIDTOW",36.07359,-86.76924,"CONCRETE TRAFFIC BARRIER","37220","2019","August","Summer","10","Monday","Weekday","No Injuries","No Fatalities"
9.97549989146822e-314,2019-08-26 11:20:00,2,0,0,NA,"Y","SIDESWIPE - SAME DIRECTION","RAIN","DAYLIGHT","MM 212 0 I 40","NASHVILLE","HERMIT",36.14729,-86.74405,"MOTOR VEHICLE IN TRANSPORT","37210","2019","August","Summer","11","Monday","Weekday","No Injuries","No Fatalities"
9.9754998988792e-314,2019-08-26 11:45:00,1,0,0,NA,"N","NOT COLLISION W/MOTOR VEHICLE-TRANSPORT","RAIN","DAYLIGHT","SPRING ST & ELLINGTON PKWYN","NASHVILLE","EAST",36.17596,-86.76618,"Bridge/Overhead Structure","37206","2019","August","Summer","11","Monday","Weekday","No Injuries","No Fatalities"
9.97549990134953e-314,2019-08-26 11:20:00,1,0,0,NA,"N","NOT COLLISION W/MOTOR VEHICLE-TRANSPORT","RAIN","DARK - LIGHTED","MM 206 0 I 40","NASHVILLE","NORTH",36.1588,-86.82195,"GUARDRAIL FACE","37209","2019","August","Summer","11","Monday","Weekday","No Injuries","No Fatalities"
9.9754999018436e-314,2019-08-26 11:10:00,2,0,0,NA,"Y","ANGLE","RAIN","DAYLIGHT","OLD HICKORY BLVD & BELLEVUE VALLEY PLAZA","NASHVILLE","WEST",36.07404,-86.92079,"MOTOR VEHICLE IN TRANSPORT","37221","2019","August","Summer","11","Monday","Weekday","No Injuries","No Fatalities"
9.97549990283173e-314,2019-08-26 11:29:00,2,0,0,NA,"N","Front to Rear","RAIN","DAYLIGHT","MM 54 7 I 24","NASHVILLE","SOUTH",36.09801,-86.70953,"MOTOR VEHICLE IN TRANSPORT","37211","2019","August","Summer","11","Monday","Weekday","No Injuries","No Fatalities"
9.97549990579612e-314,2019-08-26 11:41:00,2,0,0,NA,"N","Front to Rear","RAIN","DAYLIGHT","MM 85 6 I 65","NASHVILLE","NORTH",36.18982,-86.79144,"MOTOR VEHICLE IN TRANSPORT","37208","2019","August","Summer","11","Monday","Weekday","No Injuries","No Fatalities"
9.97549990678425e-314,2019-08-26 11:30:00,1,0,0,NA,"N","NOT COLLISION W/MOTOR VEHICLE-TRANSPORT","RAIN","DAYLIGHT","MM 86 3 I 65","NASHVILLE","CENTRA",36.19209,-86.78063,"GUARDRAIL FACE","37207","2019","August","Summer","11","Monday","Weekday","No Injuries","No Fatalities"
9.97549990876052e-314,2019-08-26 11:45:00,2,0,0,NA,"N","Front to Rear","RAIN","DAYLIGHT","HIGHWAY 70S & BELLEVUE CTR PVTDR","NASHVILLE","WEST",36.07883,-86.95178,"MOTOR VEHICLE IN TRANSPORT","37221","2019","August","Summer","11","Monday","Weekday","No Injuries","No Fatalities"
9.97549991715963e-314,2019-08-26 12:01:00,2,2,0,NA,"N","ANGLE","RAIN","DAYLIGHT","OAKWOOD FOREST DR & UNA ANTIOCH PIKE","ANTIOCH","SOUTH",36.07812,-86.65699,"MOTOR VEHICLE IN TRANSPORT","37013","2019","August","Summer","12","Monday","Weekday","Injuries","No Fatalities"
9.97549992407655e-314,2019-08-26 12:01:00,2,0,0,NA,"Y","SIDESWIPE - SAME DIRECTION","RAIN","DAYLIGHT","I 40 & I40 E ENT RAMP","NASHVILLE","HERMIT",36.15419,-86.75877,"MOTOR VEHICLE IN TRANSPORT","37217","2019","August","Summer","12","Monday","Weekday","No Injuries","No Fatalities"
9.97549992951127e-314,2019-08-26 12:09:00,3,2,0,NA,"N","ANGLE","RAIN","DAYLIGHT","MURFREESBORO PKE & BELL RD","ANTIOCH","SOUTH",36.07098,-86.6352,"MOTOR VEHICLE IN TRANSPORT","37013","2019","August","Summer","12","Monday","Weekday","Injuries","No Fatalities"
9.97549993395786e-314,2019-08-26 11:08:00,2,0,0,NA,"N","ANGLE","RAIN","DAYLIGHT","S 1ST ST & WOODLAND ST","NASHVILLE","CENTRA",36.16905,-86.77224,"MOTOR VEHICLE IN TRANSPORT","37213","2019","August","Summer","11","Monday","Weekday","No Injuries","No Fatalities"
9.97549993988665e-314,2019-08-26 11:56:00,2,0,0,NA,"N","Front to Rear","RAIN","DAYLIGHT","VANTAGE WAY & FRENCH LANDING DR","NASHVILLE","NORTH",36.19112,-86.7972,"MOTOR VEHICLE IN TRANSPORT","37228","2019","August","Summer","11","Monday","Weekday","No Injuries","No Fatalities"
9.97549995026203e-314,2019-08-26 12:27:00,4,1,0,NA,"N","Front to Rear","RAIN","DAYLIGHT","MM 74 5 I 65","BRENTWOOD","MIDTOW",36.03786,-86.78272,"MOTOR VEHICLE IN TRANSPORT","37027","2019","August","Summer","12","Monday","Weekday","Injuries","No Fatalities"
9.97549995421456e-314,2019-08-26 12:39:00,2,0,0,NA,"N","Front to Rear","RAIN","DAYLIGHT","MM 212 0 I 40","NASHVILLE","HERMIT",36.14714,-86.74352,"MOTOR VEHICLE IN TRANSPORT","37210","2019","August","Summer","12","Monday","Weekday","No Injuries","No Fatalities"
9.97549995470862e-314,2019-08-26 12:40:00,2,0,0,NA,"N","ANGLE","RAIN","DAYLIGHT","HOBBS RD & ESTES RD","NASHVILLE","WEST",36.10303,-86.8383,"MOTOR VEHICLE IN TRANSPORT","37215","2019","August","Summer","12","Monday","Weekday","No Injuries","No Fatalities"
9.97549995668488e-314,2019-08-26 12:38:00,2,0,0,NA,"N","SIDESWIPE - SAME DIRECTION","RAIN","DAYLIGHT","MYATT DR & ANDERSON LN","MADISON","MADISO",36.2728,-86.68951,"MOTOR VEHICLE IN TRANSPORT","37115","2019","August","Summer","12","Monday","Weekday","No Injuries","No Fatalities"
9.97549996113147e-314,2019-08-26 12:45:00,3,0,0,NA,"Y","Front to Rear","RAIN","DAWN","LAFAYETTE ST & LINCOLN ST","NASHVILLE","SOUTH",36.14816,-86.76043,"MOTOR VEHICLE IN TRANSPORT","37210","2019","August","Summer","12","Monday","Weekday","No Injuries","No Fatalities"
9.97549996261367e-314,2019-08-26 12:50:00,1,0,0,NA,"N","NOT COLLISION W/MOTOR VEHICLE-TRANSPORT","RAIN","DAYLIGHT","MM 47 8 I 24","NASHVILLE","CENTRA",36.17874,-86.77352,"UTILITY POLE","37207","2019","August","Summer","12","Monday","Weekday","No Injuries","No Fatalities"
9.97549996310774e-314,2019-08-26 12:13:00,2,0,0,NA,"N","Front to Rear","RAIN","DAYLIGHT","HOLT RD & HITCHING POST LN","NASHVILLE","MIDTOW",36.0154,-86.73873,"MOTOR VEHICLE IN TRANSPORT","37211","2019","August","Summer","12","Monday","Weekday","No Injuries","No Fatalities"
9.97549997891784e-314,2019-08-26 12:54:00,2,0,0,NA,"N","ANGLE","RAIN","DAYLIGHT","MOSSDALE DR & BELL RD","NASHVILLE","HERMIT",36.08278,-86.6287,"MOTOR VEHICLE IN TRANSPORT","37217","2019","August","Summer","12","Monday","Weekday","No Injuries","No Fatalities"
9.9754999794119e-314,2019-08-26 12:55:00,1,1,0,NA,"N","NOT COLLISION W/MOTOR VEHICLE-TRANSPORT","RAIN","DAYLIGHT","MM 203 2 I 40","NASHVILLE","WEST",36.14995,-86.87125,"CONCRETE TRAFFIC BARRIER","37209","2019","August","Summer","12","Monday","Weekday","Injuries","No Fatalities"
9.97549999176354e-314,2019-08-26 12:40:00,2,0,0,NA,"Y","REAR-TO-REAR","RAIN","DAYLIGHT","BELL RD & ELM HILL PKE","NASHVILLE","HERMIT",36.14207,-86.62752,"MOTOR VEHICLE IN TRANSPORT","37214","2019","August","Summer","12","Monday","Weekday","No Injuries","No Fatalities"
9.97550000905584e-314,2019-08-26 12:43:00,2,0,0,NA,"N","Front to Rear","RAIN","DAYLIGHT","MM 52 2 I 24","NASHVILLE","SOUTH",36.13604,-86.72673,"MOTOR VEHICLE IN TRANSPORT","37217","2019","August","Summer","12","Monday","Weekday","No Injuries","No Fatalities"
9.9755000139965e-314,2019-08-26 12:50:00,3,0,0,NA,"N","Front to Rear","RAIN","DAYLIGHT","MM 86 3 I 65","NASHVILLE","CENTRA",36.19201,-86.78088,"MOTOR VEHICLE IN TRANSPORT","37207","2019","August","Summer","12","Monday","Weekday","No Injuries","No Fatalities"
9.97550001893716e-314,2019-08-26 12:48:00,2,0,0,NA,"N","Front to Rear","RAIN","DAYLIGHT","MM 86 5 I 65","NASHVILLE","NORTH",36.19463,-86.77618,"MOTOR VEHICLE IN TRANSPORT","37207","2019","August","Summer","12","Monday","Weekday","No Injuries","No Fatalities"
9.97550002140748e-314,2019-08-26 12:48:00,2,0,0,NA,"N","Front to Rear","RAIN","DAYLIGHT","MM 86 5 I 65","NASHVILLE","NORTH",36.19463,-86.77618,"MOTOR VEHICLE IN TRANSPORT","37207","2019","August","Summer","12","Monday","Weekday","No Injuries","No Fatalities"
9.97550002387781e-314,2019-08-26 05:30:00,1,0,0,NA,"N","NOT COLLISION W/MOTOR VEHICLE-TRANSPORT","RAIN","DARK - NOT LIGHTED","HIGHWAY 70 & SCENIC VIEW DR","NASHVILLE","WEST",36.09663,-87.03436,"TREE","37221","2019","August","Summer","05","Monday","Weekday","No Injuries","No Fatalities"
9.97550002486594e-314,2019-08-26 12:45:00,2,0,0,NA,"N","Front to Rear","RAIN","DAYLIGHT","MM 86 2 I 65","NASHVILLE","CENTRA",36.19197,-86.78144,"MOTOR VEHICLE IN TRANSPORT","37207","2019","August","Summer","12","Monday","Weekday","No Injuries","No Fatalities"
9.9755000441345e-314,2019-08-26 12:23:00,3,0,0,NA,"N","Front to Rear","RAIN","DAYLIGHT","BLUE HOLE RD & BELL RD","ANTIOCH","SOUTH",36.04482,-86.67479,"MOTOR VEHICLE IN TRANSPORT","37013","2019","August","Summer","12","Monday","Weekday","No Injuries","No Fatalities"
9.97550004462857e-314,2019-08-26 10:31:00,2,0,0,NA,"N","ANGLE","RAIN","DAYLIGHT","OLD HICKORY BLVDW & N GRAYCROFT AV","MADISON","MADISO",36.26452,-86.73128,"MOTOR VEHICLE IN TRANSPORT","37115","2019","August","Summer","10","Monday","Weekday","No Injuries","No Fatalities"
9.97551833246845e-314,2019-09-10 05:00:00,2,0,0,NA,"N","SIDESWIPE - SAME DIRECTION","RAIN","DAYLIGHT","BRILEY PKWYW & BRILEY PKWYE","NASHVILLE","NORTH",36.23539,-86.79829,"MOTOR VEHICLE IN TRANSPORT","37218","2019","September","Fall","05","Tuesday","Weekday","No Injuries","No Fatalities"
9.97551853948196e-314,2019-09-11 02:12:00,1,1,0,NA,"N","NOT COLLISION W/MOTOR VEHICLE-TRANSPORT","RAIN","DARK - LIGHTED","HICKORY HOLLOW PKWY & MT VIEW RD","ANTIOCH","SOUTH",36.05478,-86.66734,"Ran Off Road-Left","37013","2019","September","Fall","02","Wednesday","Weekday","Injuries","No Fatalities"