"Accident.Number","Date.and.Time","Number.of.Motor.Vehicles","Number.of.Injuries","Number.of.Fatalities","Property.Damage","Hit.and.Run","Collision.Type.Description","Weather.Description","Illumination.Description","Street.Address","City","Precinct","Latitude","Longitude","HarmfulDescriptions","Zip.Code","Year","Month","Season","Hour","Weekday","DayType","Accident","Fatality_category"
9.97554877135882e-314,2019-10-06 05:00:00,3,0,0,NA,"N","Front to Rear","RAIN","DAYLIGHT","MM 86 6 I 65","NASHVILLE","NORTH",36.19578,-86.77612,"MOTOR VEHICLE IN TRANSPORT","37207","2019","October","Fall","05","Sunday","Weekend","No Injuries","No Fatalities"
9.97554896799695e-314,2019-10-06 05:00:00,2,0,0,NA,"N","Front to Rear","RAIN","DAYLIGHT","ANTIOCH PKE & MILL CREEK BLUE HOLE GRNWY","ANTIOCH","SOUTH",36.06652,-86.68144,"MOTOR VEHICLE IN TRANSPORT","37013","2019","October","Fall","05","Sunday","Weekend","No Injuries","No Fatalities"
9.97554901345099e-314,2019-10-06 05:00:00,1,2,0,NA,"N","NOT COLLISION W/MOTOR VEHICLE-TRANSPORT","RAIN","DUSK","FRANKLIN LIMESTONE RD & MULLINS RD","ANTIOCH","SOUTH",36.0772,-86.67271,"DITCH","37013","2019","October","Fall","05","Sunday","Weekend","Injuries","No Fatalities"
9.97554906285756e-314,2019-10-07 00:05:00,2,0,0,NA,"N","ANGLE","RAIN","DARK - LIGHTED","NEELYS BEND RD & MARGARET ST","MADISON","MADISO",36.25538,-86.70379,"MOTOR VEHICLE IN TRANSPORT","37115","2019","October","Fall","00","Monday","Weekday","No Injuries","No Fatalities"
9.97554906582195e-314,2019-10-07 00:10:00,2,0,0,NA,"N","ANGLE","RAIN","DARK - LIGHTED","I65 S ENT RAMP & I 65","NASHVILLE","NORTH",36.20569,-86.77797,"MOTOR VEHICLE IN TRANSPORT","37207","2019","October","Fall","00","Monday","Weekday","No Injuries","No Fatalities"
9.97554907916172e-314,2019-10-07 00:29:00,2,0,0,NA,"Y","ANGLE","RAIN","DARK - NOT LIGHTED","CASTLEGATE DR & SMITH SPRINGS RD","NASHVILLE","HERMIT",36.08859,-86.61543,"MOTOR VEHICLE IN TRANSPORT","37217","2019","October","Fall","00","Monday","Weekday","No Injuries","No Fatalities"
9.97554908854897e-314,2019-10-07 00:43:00,3,1,0,NA,"Y","Front to Rear","RAIN","DARK - LIGHTED","PEBBLE CREEK DR & UNA ANTIOCH PKE","ANTIOCH","SOUTH",36.07412,-86.66326,"MOTOR VEHICLE IN TRANSPORT","37013","2019","October","Fall","00","Monday","Weekday","Injuries","No Fatalities"
9.97554909595995e-314,2019-10-07 00:50:00,2,1,0,NA,"Y","ANGLE","RAIN","DARK - LIGHTED","APOLLO DR & UNA ANTIOCH PKE","ANTIOCH","SOUTH",36.07154,-86.66433,"MOTOR VEHICLE IN TRANSPORT","37013","2019","October","Fall","00","Monday","Weekday","Injuries","No Fatalities"
9.97554911918104e-314,2019-10-07 01:34:00,1,0,0,NA,"N","NOT COLLISION W/MOTOR VEHICLE-TRANSPORT","RAIN","DARK - LIGHTED","LEBANON PKE & RIVERCREST PASS","NASHVILLE","HERMIT",36.17151,-86.65161,"Ran Off Road-Right","37214","2019","October","Fall","01","Monday","Weekday","No Injuries","No Fatalities"
9.97554912659202e-314,2019-10-07 01:40:00,1,0,0,NA,"N","NOT COLLISION W/MOTOR VEHICLE-TRANSPORT","RAIN","DARK - NOT LIGHTED","MCEWEN AV & AVONDALE DR","NASHVILLE","EAST",36.18089,-86.737,"GUARDRAIL FACE;Ran Off Road-Left","37206","2019","October","Fall","01","Monday","Weekday","No Injuries","No Fatalities"
9.97554912955642e-314,2019-10-07 01:51:00,4,2,0,NA,"N","Front to Rear","RAIN","DARK - NOT LIGHTED","MM 86 5 I 65","NASHVILLE","NORTH",36.1931,-86.77725,"MOTOR VEHICLE IN TRANSPORT;PARKED MOTOR VEHICLE","37207","2019","October","Fall","01","Monday","Weekday","Injuries","No Fatalities"
9.97554914981311e-314,2019-10-07 02:25:00,2,0,0,NA,"Y","HEAD-ON","RAIN","DARK - LIGHTED","MAPLEWOOD LN & LEMONT DR","NASHVILLE","EAST",36.22882,-86.74401,"MOTOR VEHICLE IN TRANSPORT;PARKED MOTOR VEHICLE","37216","2019","October","Fall","02","Monday","Weekday","No Injuries","No Fatalities"
9.97554916562321e-314,2019-10-07 03:00:00,2,0,0,NA,"Y","Front to Rear","RAIN","DARK - LIGHTED","HAYWOOD LN & I24 W ENT RAMP","ANTIOCH","SOUTH",36.06929,-86.6887,"MOTOR VEHICLE IN TRANSPORT","37013","2019","October","Fall","03","Monday","Weekday","No Injuries","No Fatalities"
9.97554916661134e-314,2019-10-07 03:00:00,2,3,0,NA,"N","HEAD-ON","RAIN","DARK - LIGHTED","I 40 & UNKNOWN RAMP","NASHVILLE","HERMIT",36.16309,-86.81961,"MOTOR VEHICLE IN TRANSPORT","37210","2019","October","Fall","03","Monday","Weekday","Injuries","No Fatalities"
9.97554918044518e-314,2019-10-07 03:40:00,1,0,0,NA,"N","NOT COLLISION W/MOTOR VEHICLE-TRANSPORT","RAIN","DARK - LIGHTED","CHESTER AV & BELLE FORREST AV","NASHVILLE","EAST",36.1948,-86.7353,"DITCH","37206","2019","October","Fall","03","Monday","Weekday","No Injuries","No Fatalities"
9.97554918192738e-314,2019-10-07 03:15:00,1,0,0,NA,"N","NOT COLLISION W/MOTOR VEHICLE-TRANSPORT","RAIN","DARK - LIGHTED","MM 53 0 I 24","NASHVILLE","SOUTH",36.11889,-86.72644,"","37210","2019","October","Fall","03","Monday","Weekday","No Injuries","No Fatalities"
9.97554918390364e-314,2019-10-07 03:15:00,2,0,0,NA,"N","NOT COLLISION W/MOTOR VEHICLE-TRANSPORT","RAIN","DARK - LIGHTED","MM 78 8 I 65","NASHVILLE","MIDTOW",36.09747,-86.76322,"CONCRETE TRAFFIC BARRIER","37204","2019","October","Fall","03","Monday","Weekday","No Injuries","No Fatalities"
9.9755491888443e-314,2019-10-07 03:50:00,2,0,0,NA,"N","HEAD-ON","RAIN","DARK - LIGHTED","MM 211 6 I 40","NASHVILLE","HERMIT",36.15092,-86.75009,"MOTOR VEHICLE IN TRANSPORT","37210","2019","October","Fall","03","Monday","Weekday","No Injuries","No Fatalities"
9.97554918983243e-314,2019-10-07 03:59:00,2,1,0,NA,"N","ANGLE","RAIN","DARK - LIGHTED","MM 212 8 I 40","NASHVILLE","HERMIT",36.14164,-86.73435,"MOTOR VEHICLE IN TRANSPORT","37210","2019","October","Fall","03","Monday","Weekday","Injuries","No Fatalities"
9.97554920959505e-314,2019-10-07 04:13:00,1,0,0,NA,"N","NOT COLLISION W/MOTOR VEHICLE-TRANSPORT","RAIN","DARK - LIGHTED","MM 57 0 I 24","NASHVILLE","SOUTH",36.06927,-86.68947,"CONCRETE TRAFFIC BARRIER","37211","2019","October","Fall","04","Monday","Weekday","No Injuries","No Fatalities"
9.97554922293482e-314,2019-10-07 04:40:00,1,0,0,NA,"N","NOT COLLISION W/MOTOR VEHICLE-TRANSPORT","RAIN","DARK - LIGHTED","I24 W ENT RAMP & I 24","NASHVILLE","EAST",36.06964,-86.68738,"DITCH","37206","2019","October","Fall","04","Monday","Weekday","No Injuries","No Fatalities"
9.97554924566184e-314,2019-10-07 05:00:00,2,3,0,NA,"N","ANGLE","RAIN","DARK - LIGHTED","WEST END AV & 18TH AVS","NASHVILLE","MIDTOW",36.15268,-86.79666,"MOTOR VEHICLE IN TRANSPORT","37203","2019","October","Fall","05","Monday","Weekday","Injuries","No Fatalities"
9.97554924763811e-314,2019-10-07 05:15:00,1,0,0,NA,"N","NOT COLLISION W/MOTOR VEHICLE-TRANSPORT","RAIN","DARK - LIGHTED","I40 E EXT RAMP & I 40","NASHVILLE","HERMIT",36.129,-86.9,"WALL","37214","2019","October","Fall","05","Monday","Weekday","No Injuries","No Fatalities"
9.97554927975237e-314,2019-10-07 06:19:00,1,1,0,NA,"N","NOT COLLISION W/MOTOR VEHICLE-TRANSPORT","RAIN","DARK - NOT LIGHTED","MM 212 4 I 40","NASHVILLE","HERMIT",36.14416,-86.73865,"EMBANKMENT ROCK/STONE/CONCRETE","37210","2019","October","Fall","06","Monday","Weekday","Injuries","No Fatalities"
9.97554928074051e-314,2019-10-07 05:00:00,2,1,0,NA,"N","ANGLE","RAIN","DARK - LIGHTED","NOLENSVILLE PKE & I440 W EXT RAMP","NASHVILLE","MIDTOW",36.12408,-86.75168,"MOTOR VEHICLE IN TRANSPORT","37211","2019","October","Fall","05","Monday","Weekday","Injuries","No Fatalities"
9.97554928172864e-314,2019-10-07 06:19:00,2,0,0,NA,"N","SIDESWIPE - SAME DIRECTION","RAIN","DARK - LIGHTED","MM 211 7 I 40","NASHVILLE","HERMIT",36.14973,-86.74806,"MOTOR VEHICLE IN TRANSPORT","37210","2019","October","Fall","06","Monday","Weekday","No Injuries","No Fatalities"
9.97554929358621e-314,2019-10-07 05:30:00,2,1,0,NA,"N","Front to Rear","RAIN","DARK - NOT LIGHTED","MM 59 4 I 24","ANTIOCH","SOUTH",36.04559,-86.65922,"MOTOR VEHICLE IN TRANSPORT","37013","2019","October","Fall","05","Monday","Weekday","Injuries","No Fatalities"
9.97554931186664e-314,2019-10-07 05:00:00,1,1,0,NA,"N","NOT COLLISION W/MOTOR VEHICLE-TRANSPORT","RAIN","DARK - NOT LIGHTED","I440 W EXT RAMP & I 440","NASHVILLE","SOUTH",36.12384,-86.74862,"PAVED SURFACE-IRREGULAR","37210","2019","October","Fall","05","Monday","Weekday","Injuries","No Fatalities"
9.97554931927763e-314,2019-10-07 07:40:00,1,1,0,NA,"N","NOT COLLISION W/MOTOR VEHICLE-TRANSPORT","RAIN","DARK - LIGHTED","5TH AVS & BROADWAY","NASHVILLE","CENTRA",36.16047,-86.77844,"OTHER POST, POLE, SUPP.","37203","2019","October","Fall","07","Monday","Weekday","Injuries","No Fatalities"
9.97554932125389e-314,2019-10-07 07:40:00,1,1,0,NA,"N","NOT COLLISION W/MOTOR VEHICLE-TRANSPORT","RAIN","DARK - LIGHTED","MM 215 0 I 40","NASHVILLE","HERMIT",36.14185,-86.67599,"CONCRETE TRAFFIC BARRIER","37214","2019","October","Fall","07","Monday","Weekday","Injuries","No Fatalities"
9.97554934398091e-314,2019-10-07 06:14:00,2,0,0,NA,"N","Front to Rear","RAIN","DARK - LIGHTED","EAGLE VIEW BLVD & BELL RD","ANTIOCH","SOUTH",36.05221,-86.64491,"MOTOR VEHICLE IN TRANSPORT","37013","2019","October","Fall","06","Monday","Weekday","No Injuries","No Fatalities"
9.97554935188596e-314,2019-10-07 08:42:00,1,1,0,NA,"N","NOT COLLISION W/MOTOR VEHICLE-TRANSPORT","RAIN","DARK - LIGHTED","MM 211 6 I 40","NASHVILLE","HERMIT",36.15098,-86.75022,"CONCRETE TRAFFIC BARRIER","37210","2019","October","Fall","08","Monday","Weekday","Injuries","No Fatalities"
9.97554935386222e-314,2019-10-07 08:45:00,1,0,0,NA,"N","NOT COLLISION W/MOTOR VEHICLE-TRANSPORT","RAIN","DARK - LIGHTED","MM 49 1 I 24","NASHVILLE","EAST",36.16419,-86.76283,"CONCRETE TRAFFIC BARRIER","37206","2019","October","Fall","08","Monday","Weekday","No Injuries","No Fatalities"
9.97554936868419e-314,2019-10-07 09:26:00,1,0,0,NA,"N","NOT COLLISION W/MOTOR VEHICLE-TRANSPORT","RAIN","DARK - LIGHTED","MM 211 5 I 40","NASHVILLE","HERMIT",36.15115,-86.7506,"CONCRETE TRAFFIC BARRIER","37210","2019","October","Fall","09","Monday","Weekday","No Injuries","No Fatalities"
9.97554937016639e-314,2019-10-07 09:29:00,2,1,0,NA,"N","NOT COLLISION W/MOTOR VEHICLE-TRANSPORT","RAIN","DARK - NOT LIGHTED","LICKTON PKE & LICKTON PKE PVTDR","WHITES CREEK","NORTH",36.3271,-86.78467,"OTHER OBJECT (NOT FIXED)","37189","2019","October","Fall","09","Monday","Weekday","Injuries","No Fatalities"
9.97554937362485e-314,2019-10-07 09:35:00,1,0,0,NA,"N","NOT COLLISION W/MOTOR VEHICLE-TRANSPORT","RAIN","DARK - LIGHTED","MM 213 0 I 40","NASHVILLE","HERMIT",36.14052,-86.73165,"GUARDRAIL END","37210","2019","October","Fall","09","Monday","Weekday","No Injuries","No Fatalities"
9.97554937658924e-314,2019-10-07 09:38:00,1,0,0,NA,"N","NOT COLLISION W/MOTOR VEHICLE-TRANSPORT","RAIN","DARK - NOT LIGHTED","LITTLE MARROWBONE RD & GRAYS POINT RD","ASHLAND CITY","NORTH",36.27093,-86.93514,"THROWN OR FALLING OBJECT","37015","2019","October","Fall","09","Monday","Weekday","No Injuries","No Fatalities"
9.9755493785655e-314,2019-10-07 09:43:00,1,0,0,NA,"N","NOT COLLISION W/MOTOR VEHICLE-TRANSPORT","RAIN","DARK - LIGHTED","MM 215 9 I 40","NASHVILLE","HERMIT",36.14209,-86.67906,"CONCRETE TRAFFIC BARRIER","37217","2019","October","Fall","09","Monday","Weekday","No Injuries","No Fatalities"
9.97554938301209e-314,2019-10-07 08:50:00,2,0,0,NA,"Y","Front to Rear","RAIN","DARK - LIGHTED","W TRINITY LN & HAMPTON ST","NASHVILLE","NORTH",36.20671,-86.77944,"Motor Vehicle-In-Motion Outside Trafficw","37207","2019","October","Fall","08","Monday","Weekday","No Injuries","No Fatalities"
9.97554938400023e-314,2019-10-07 10:00:00,2,1,0,NA,"N","Front to Rear","RAIN","DARK - LIGHTED","MM 49 1 I 24","NASHVILLE","EAST",36.16477,-86.76343,"MOTOR VEHICLE IN TRANSPORT;PARKED MOTOR VEHICLE","37206","2019","October","Fall","10","Monday","Weekday","Injuries","No Fatalities"
9.97554939536374e-314,2019-10-07 10:24:00,2,0,0,NA,"N","Front to Rear","RAIN","DARK - LIGHTED","MM 51 6 I 24","NASHVILLE","HERMIT",36.14085,-86.73015,"MOTOR VEHICLE IN TRANSPORT","37210","2019","October","Fall","10","Monday","Weekday","No Injuries","No Fatalities"
9.97554939635187e-314,2019-10-07 10:28:00,2,0,0,NA,"N","Front to Rear","RAIN","DARK - LIGHTED","MM 212 0 I 40","NASHVILLE","HERMIT",36.14743,-86.74394,"MOTOR VEHICLE IN TRANSPORT","37210","2019","October","Fall","10","Monday","Weekday","No Injuries","No Fatalities"
9.97554940573911e-314,2019-10-07 10:30:00,1,0,0,NA,"N","NOT COLLISION W/MOTOR VEHICLE-TRANSPORT","RAIN","DARK - LIGHTED","MM 86 2 I 65","NASHVILLE","CENTRA",36.19203,-86.78114,"GUARDRAIL END","37207","2019","October","Fall","10","Monday","Weekday","No Injuries","No Fatalities"
9.97554944131184e-314,2019-10-07 11:35:00,2,0,0,NA,"N","SIDESWIPE - SAME DIRECTION","RAIN","DARK - LIGHTED","MM 51 5 I 24","NASHVILLE","HERMIT",36.14064,-86.72928,"MOTOR VEHICLE IN TRANSPORT","37210","2019","October","Fall","11","Monday","Weekday","No Injuries","No Fatalities"
9.97554944921689e-314,2019-10-07 01:30:00,1,0,0,NA,"N","NOT COLLISION W/MOTOR VEHICLE-TRANSPORT","RAIN","DARK - NOT LIGHTED","CURREY RD & SOUTHWOOD DR","NASHVILLE","SOUTH",36.11711,-86.71228,"DITCH","37211","2019","October","Fall","01","Monday","Weekday","No Injuries","No Fatalities"
9.97554945366348e-314,2019-10-07 11:57:00,2,0,0,NA,"N","Front to Rear","RAIN","DAYLIGHT","MM 79 8 I 65","NASHVILLE","MIDTOW",36.1108,-86.77086,"MOTOR VEHICLE IN TRANSPORT","37204","2019","October","Fall","11","Monday","Weekday","No Injuries","No Fatalities"
9.9755494763905e-314,2019-10-07 11:38:00,2,1,0,NA,"N","ANGLE","RAIN","DAYLIGHT","MURFREESBORO PKE & BOROWOOD DR","NASHVILLE","HERMIT",36.09096,-86.6511,"MOTOR VEHICLE IN TRANSPORT","37217","2019","October","Fall","11","Monday","Weekday","Injuries","No Fatalities"
9.97554948973027e-314,2019-10-07 11:25:00,3,0,0,NA,"Y","Front to Rear","RAIN","DAWN","MM 87 1 I 65","NASHVILLE","EAST",36.20368,-86.77681,"MOTOR VEHICLE IN TRANSPORT","37207","2019","October","Fall","11","Monday","Weekday","No Injuries","No Fatalities"
9.97554952283267e-314,2019-10-07 10:02:00,1,0,0,NA,"N","NOT COLLISION W/MOTOR VEHICLE-TRANSPORT","RAIN","DARK - NOT LIGHTED","MM 57 4 I 24","ANTIOCH","SOUTH",36.06453,-86.68431,"CONCRETE TRAFFIC BARRIER","37013","2019","October","Fall","10","Monday","Weekday","No Injuries","No Fatalities"
9.97554952876146e-314,2019-10-07 05:00:00,2,0,0,NA,"Y","HEAD-ON","RAIN","UNKNOWN","EDGEHILL AV & 15TH AVS","NASHVILLE","MIDTOW",36.14304,-86.79009,"MOTOR VEHICLE IN TRANSPORT;PARKED MOTOR VEHICLE","37212","2019","October","Fall","05","Monday","Weekday","No Injuries","No Fatalities"
9.97554958063835e-314,2019-10-07 10:39:00,2,0,0,NA,"N","SIDESWIPE - SAME DIRECTION","RAIN","DAYLIGHT","HOBSON PKE & MURFREESBORO PKE","ANTIOCH","SOUTH",36.04251,-86.60714,"MOTOR VEHICLE IN TRANSPORT","37013","2019","October","Fall","10","Monday","Weekday","No Injuries","No Fatalities"
9.97554959397812e-314,2019-10-07 11:34:00,3,2,0,NA,"N","Front to Rear","RAIN","DAYLIGHT","MM 56 0 I 24","NASHVILLE","SOUTH",36.08205,-86.69745,"MOTOR VEHICLE IN TRANSPORT","37211","2019","October","Fall","11","Monday","Weekday","Injuries","No Fatalities"
9.97554959941285e-314,2019-10-07 05:00:00,1,0,0,NA,"N","NOT COLLISION W/MOTOR VEHICLE-TRANSPORT","RAIN","DARK - LIGHTED","MM 217 9 I 40","NASHVILLE","HERMIT",36.14084,-86.65888,"WALL","37214","2019","October","Fall","05","Monday","Weekday","No Injuries","No Fatalities"
9.97554971205981e-314,2019-10-07 05:00:00,2,0,0,NA,"Y","UNKNOWN","RAIN","DAYLIGHT","CROSSINGS PL & CROSSINGS BLVD","ANTIOCH","SOUTH",36.04439,-86.64772,"MOTOR VEHICLE IN TRANSPORT;PARKED MOTOR VEHICLE","37013","2019","October","Fall","05","Monday","Weekday","No Injuries","No Fatalities"
9.97555492791084e-314,2019-10-11 05:00:00,2,0,0,NA,"N","Front to Rear","RAIN","DARK - LIGHTED","HARDING PL & TAMPA DR","NASHVILLE","SOUTH",36.08263,-86.71061,"MOTOR VEHICLE IN TRANSPORT","37211","2019","October","Fall","05","Friday","Weekday","No Injuries","No Fatalities"
9.97555968279861e-314,2019-10-16 04:53:00,2,1,0,NA,"Y","NOT COLLISION W/MOTOR VEHICLE-TRANSPORT","RAIN","DARK - LIGHTED","LAMBERT DR & BRINDLEY DR","NASHVILLE","MIDTOW",36.07838,-86.76734,"SHRUBBERY;UNKNOWN MOST HARMFUL EVENT","37220","2019","October","Fall","04","Wednesday","Weekday","Injuries","No Fatalities"
9.97555972479419e-314,2019-10-16 05:59:00,2,0,0,NA,"N","ANGLE","RAIN","DARK - LIGHTED","DOUGLAS AV & GALLATIN AV","NASHVILLE","EAST",36.19271,-86.74437,"MOTOR VEHICLE IN TRANSPORT","37206","2019","October","Fall","05","Wednesday","Weekday","No Injuries","No Fatalities"
9.97555979050492e-314,2019-10-16 07:20:00,1,0,0,NA,"N","NOT COLLISION W/MOTOR VEHICLE-TRANSPORT","RAIN","DARK - NOT LIGHTED","MM 52 4 I 24","NASHVILLE","HERMIT",36.13829,-86.72677,"WALL","37210","2019","October","Fall","07","Wednesday","Weekday","No Injuries","No Fatalities"
9.97555979890404e-314,2019-10-16 07:30:00,1,0,0,NA,"N","NOT COLLISION W/MOTOR VEHICLE-TRANSPORT","RAIN","DARK - LIGHTED","I24E & I40 E ENT RAMP","NASHVILLE","HERMIT",36.13935,-86.72696,"CONCRETE TRAFFIC BARRIER","37210","2019","October","Fall","07","Wednesday","Weekday","No Injuries","No Fatalities"
9.97555980779722e-314,2019-10-16 07:40:00,2,1,0,NA,"N","ANGLE","RAIN","DARK - LIGHTED","COMMERCE ST & 5TH AVN","NASHVILLE","CENTRA",36.16187,-86.77934,"MOTOR VEHICLE IN TRANSPORT","37219","2019","October","Fall","07","Wednesday","Weekday","Injuries","No Fatalities"
9.97555986757916e-314,2019-10-16 08:59:00,2,0,0,NA,"N","NOT COLLISION W/MOTOR VEHICLE-TRANSPORT","RAIN","DARK - LIGHTED","MM 53 4 I 24","NASHVILLE","SOUTH",36.11377,-86.72421,"MOTOR VEHICLE IN TRANSPORT;GUARDRAIL FACE;CONCRETE TRAFFIC BARRIER","37210","2019","October","Fall","08","Wednesday","Weekday","No Injuries","No Fatalities"
9.97555992291452e-314,2019-10-16 10:30:00,2,1,0,NA,"N","ANGLE","RAIN","DARK - LIGHTED","ELMORE AVE & US HWY 31E","MADISON","MADISO",36.27999,-86.70847,"MOTOR VEHICLE IN TRANSPORT","37115","2019","October","Fall","10","Wednesday","Weekday","Injuries","No Fatalities"
9.97555993279583e-314,2019-10-16 10:44:00,1,1,0,NA,"N","NOT COLLISION W/MOTOR VEHICLE-TRANSPORT","RAIN","DARK - LIGHTED","I24 E EXT RAMP & I 24","NASHVILLE","NORTH",36.01451,-86.62153,"GUARDRAIL FACE","37207","2019","October","Fall","10","Wednesday","Weekday","Injuries","No Fatalities"
9.97556002073951e-314,2019-10-16 11:29:00,1,0,0,NA,"N","NOT COLLISION W/MOTOR VEHICLE-TRANSPORT","RAIN","DARK - LIGHTED","J P HENNESSY DR & FIRESTONE PKWY","ANTIOCH","SOUTH",36.01156,-86.60917,"DITCH","37013","2019","October","Fall","11","Wednesday","Weekday","No Injuries","No Fatalities"
9.97556008743838e-314,2019-10-16 05:00:00,2,0,0,NA,"Y","SIDESWIPE - OPPOSITE DIRECTION","RAIN","DARK - NOT LIGHTED","850 RICHARDS RD","ANTIOCH","SOUTH",36.06977,-86.6787,"PARKED MOTOR VEHICLE","37013","2019","October","Fall","05","Wednesday","Weekday","No Injuries","No Fatalities"
9.9755549615073e-314,2019-10-12 00:26:00,3,0,0,NA,"N","Front to Rear","RAIN","DARK - LIGHTED","US HWY 41 & LAKEVILLA DR","NASHVILLE","HERMIT",36.07716,-86.64146,"MOTOR VEHICLE IN TRANSPORT","37217","2019","October","Fall","00","Saturday","Weekend","No Injuries","No Fatalities"
9.9755549629895e-314,2019-10-12 00:25:00,2,2,0,NA,"N","ANGLE","RAIN","DARK - NOT LIGHTED","HAYWOOD LN & EAST RIDGE DR","NASHVILLE","SOUTH",36.07003,-86.6988,"MOTOR VEHICLE IN TRANSPORT","37211","2019","October","Fall","00","Saturday","Weekend","Injuries","No Fatalities"
9.97555496545983e-314,2019-10-12 00:15:00,2,2,0,NA,"N","HEAD-ON","RAIN","DARK - LIGHTED","TUSCULUM RD & CLAIRCREST DR PVTDR","NASHVILLE","SOUTH",36.05866,-86.70321,"MOTOR VEHICLE IN TRANSPORT;UTILITY POLE","37211","2019","October","Fall","00","Saturday","Weekend","Injuries","No Fatalities"
9.97555498670465e-314,2019-10-12 00:15:00,2,0,0,NA,"N","Front to Rear","RAIN","DARK - LIGHTED","JUNIOR GILLIAM WAY & 3RD AVN","NASHVILLE","CENTRA",36.17393,-86.7841,"PARKED MOTOR VEHICLE","37201","2019","October","Fall","00","Saturday","Weekend","No Injuries","No Fatalities"
9.97555499164531e-314,2019-10-12 00:47:00,3,0,0,NA,"Y","Front to Rear","RAIN","DARK - LIGHTED","HAMILTON CHURCH RD & US HWY 41","ANTIOCH","SOUTH",36.06474,-86.62847,"MOTOR VEHICLE IN TRANSPORT","37013","2019","October","Fall","00","Saturday","Weekend","No Injuries","No Fatalities"
9.9755549960919e-314,2019-10-12 00:40:00,1,0,0,NA,"N","NOT COLLISION W/MOTOR VEHICLE-TRANSPORT","RAIN","DARK - NOT LIGHTED","ELLINGTON PKWYS & SLAYDON DR","NASHVILLE","EAST",36.21143,-86.74896,"GUARDRAIL FACE","37207","2019","October","Fall","00","Saturday","Weekend","No Injuries","No Fatalities"
9.97555499905629e-314,2019-10-12 00:59:00,4,1,0,NA,"Y","ANGLE","RAIN","DARK - LIGHTED","MM 56 8 I 24","NASHVILLE","SOUTH",36.07161,-86.6913,"MOTOR VEHICLE IN TRANSPORT","37211","2019","October","Fall","00","Saturday","Weekend","Injuries","No Fatalities"
9.97555502030111e-314,2019-10-12 01:25:00,2,0,0,NA,"N","Front to Rear","RAIN","DARK - LIGHTED","0 8TH AVS","NASHVILLE","CENTRA",36.15454,-86.77929,"MOTOR VEHICLE IN TRANSPORT","37203","2019","October","Fall","01","Saturday","Weekend","No Injuries","No Fatalities"
9.97555503858154e-314,2019-10-12 01:46:00,2,0,0,NA,"Y","ANGLE","RAIN","DARK - LIGHTED","ELLISTON PL & LOUISE AV","NASHVILLE","MIDTOW",36.15125,-86.80421,"MOTOR VEHICLE IN TRANSPORT","37203","2019","October","Fall","01","Saturday","Weekend","No Injuries","No Fatalities"
9.97555507711866e-314,2019-10-12 01:30:00,2,0,0,NA,"Y","Front to Rear","RAIN","DARK - LIGHTED","CHARLOTTE PKE & CABOT DR","NASHVILLE","WEST",36.13007,-86.90078,"MOTOR VEHICLE IN TRANSPORT","37209","2019","October","Fall","01","Saturday","Weekend","No Injuries","No Fatalities"
9.97555508848217e-314,2019-10-12 02:39:00,2,1,0,NA,"N","Front to Rear","RAIN","DARK - LIGHTED","DEMONBREUN ST & 4TH AVS","NASHVILLE","CENTRA",36.15913,-86.77561,"MOTOR VEHICLE IN TRANSPORT","37203","2019","October","Fall","02","Saturday","Weekend","Injuries","No Fatalities"
9.97555511269139e-314,2019-10-12 02:42:00,2,0,0,NA,"N","ANGLE","RAIN","DARK - NOT LIGHTED","HUNTINGTON PKWY & AMALIE DR","NASHVILLE","MIDTOW",36.04668,-86.72506,"MOTOR VEHICLE IN TRANSPORT","37211","2019","October","Fall","02","Saturday","Weekend","No Injuries","No Fatalities"
9.97555512899556e-314,2019-10-12 03:20:00,1,1,0,NA,"Y","NOT COLLISION W/MOTOR VEHICLE-TRANSPORT","RAIN","DARK - LIGHTED","N DUPONT AV & SEALEY DR","MADISON","MADISO",36.26775,-86.70204,"UTILITY POLE","37115","2019","October","Fall","03","Saturday","Weekend","Injuries","No Fatalities"
9.97555513294808e-314,2019-10-12 01:51:00,2,0,0,NA,"N","SIDESWIPE - SAME DIRECTION","RAIN","DARK - LIGHTED","MM 56 6 I 24","NASHVILLE","SOUTH",36.07396,-86.69276,"MOTOR VEHICLE IN TRANSPORT","37211","2019","October","Fall","01","Saturday","Weekend","No Injuries","No Fatalities"
9.97555513492434e-314,2019-10-11 05:00:00,1,1,0,NA,"Y","NOT COLLISION W/MOTOR VEHICLE-TRANSPORT","RAIN","DARK - LIGHTED","DR DB TODD JR BLVD & JEFFERSON ST","NASHVILLE","NORTH",36.16946,-86.80661,"PEDESTRIAN","37208","2019","October","Fall","05","Friday","Weekday","Injuries","No Fatalities"
9.97555513541841e-314,2019-10-12 03:50:00,2,1,0,NA,"N","ANGLE","RAIN","DARK - LIGHTED","LINBAR DR & WALLACE RD","NASHVILLE","SOUTH",36.08133,-86.7001,"MOTOR VEHICLE IN TRANSPORT;CURB","37211","2019","October","Fall","03","Saturday","Weekend","Injuries","No Fatalities"
9.97555515221664e-314,2019-10-11 05:00:00,1,0,0,NA,"N","NOT COLLISION W/MOTOR VEHICLE-TRANSPORT","RAIN","DARK - NOT LIGHTED","DRAKE AV & LOUISE DR","NASHVILLE","MIDTOW",36.1021,-86.74772,"GUARDRAIL END","37211","2019","October","Fall","05","Friday","Weekday","No Injuries","No Fatalities"