"Accident.Number","Date.and.Time","Number.of.Motor.Vehicles","Number.of.Injuries","Number.of.Fatalities","Property.Damage","Hit.and.Run","Collision.Type.Description","Weather.Description","Illumination.Description","Street.Address","City","Precinct","Latitude","Longitude","HarmfulDescriptions","Zip.Code","Year","Month","Season","Hour","Weekday","DayType","Accident","Fatality_category"
9.97555515369884e-314,2019-10-12 04:09:00,2,2,0,NA,"N","ANGLE","RAIN","DARK - LIGHTED","LEBANON PKE & FAIRWAY DR","NASHVILLE","HERMIT",36.16906,-86.6824,"MOTOR VEHICLE IN TRANSPORT","37214","2019","October","Fall","04","Saturday","Weekend","Injuries","No Fatalities"
9.97555515468697e-314,2019-10-12 01:30:00,3,0,0,NA,"Y","Front to Rear","RAIN","DARK - LIGHTED","MM 56 6 I 24","NASHVILLE","SOUTH",36.07379,-86.69266,"MOTOR VEHICLE IN TRANSPORT","37211","2019","October","Fall","01","Saturday","Weekend","No Injuries","No Fatalities"
9.97555515863949e-314,2019-10-12 02:36:00,1,1,0,NA,"N","NOT COLLISION W/MOTOR VEHICLE-TRANSPORT","RAIN","DARK - NOT LIGHTED","CANE RIDGE RD & OLD FRANKLIN RD","ANTIOCH","SOUTH",36.03279,-86.65568,"DITCH","37013","2019","October","Fall","02","Saturday","Weekend","Injuries","No Fatalities"
9.97555516703861e-314,2019-10-12 03:00:00,2,0,0,NA,"N","Front to Rear","RAIN","DARK - LIGHTED","BROADWAY & 8TH AVS","NASHVILLE","CENTRA",36.15889,-86.78211,"MOTOR VEHICLE IN TRANSPORT","37203","2019","October","Fall","03","Saturday","Weekend","No Injuries","No Fatalities"
9.97555517642586e-314,2019-10-12 04:33:00,3,1,0,NA,"N","Front to Rear","RAIN","DARK - NOT LIGHTED","FERN AV & WHITES CREEK PKE","NASHVILLE","EAST",36.19552,-86.77556,"MOTOR VEHICLE IN TRANSPORT;Other Traffic Barrier","37207","2019","October","Fall","04","Saturday","Weekend","Injuries","No Fatalities"
9.97555519124783e-314,2019-10-12 04:54:00,2,0,0,NA,"N","ANGLE","RAIN","DARK - LIGHTED","FERN AV & WHITES CREEK PKE","NASHVILLE","EAST",36.19552,-86.77556,"MOTOR VEHICLE IN TRANSPORT","37207","2019","October","Fall","04","Saturday","Weekend","No Injuries","No Fatalities"
9.97555521496298e-314,2019-10-12 05:00:00,1,0,0,NA,"N","NOT COLLISION W/MOTOR VEHICLE-TRANSPORT","RAIN","DARK - LIGHTED","ELM HILL PIKE & MCGAVOCK PIKE","NASHVILLE","HERMIT",36.15285,-86.6834,"CURB","37214","2019","October","Fall","05","Saturday","Weekend","No Injuries","No Fatalities"
9.97555522731462e-314,2019-10-12 05:30:00,2,1,0,NA,"N","ANGLE","RAIN","DARK - LIGHTED","WOODMONT BLVD & GRANNY WHITE PKE","NASHVILLE","MIDTOW",36.11162,-86.79258,"MOTOR VEHICLE IN TRANSPORT;Motor Vehicle-In-Motion Outside Trafficw","37204","2019","October","Fall","05","Saturday","Weekend","Injuries","No Fatalities"
9.97555524855944e-314,2019-10-12 03:00:00,2,0,0,NA,"Y","OTHER","RAIN","DARK - LIGHTED","PALMER PL & 8TH AVS","NASHVILLE","CENTRA",36.15348,-86.77958,"MOTOR VEHICLE IN TRANSPORT","37203","2019","October","Fall","03","Saturday","Weekend","No Injuries","No Fatalities"
9.97555524905351e-314,2019-10-12 06:05:00,2,0,0,NA,"N","ANGLE","RAIN","DARK - LIGHTED","19TH AVS & BROADWAY","NASHVILLE","MIDTOW",36.151,-86.79649,"MOTOR VEHICLE IN TRANSPORT","37203","2019","October","Fall","06","Saturday","Weekend","No Injuries","No Fatalities"
9.97555530488293e-314,2019-10-12 06:15:00,1,0,0,NA,"N","NOT COLLISION W/MOTOR VEHICLE-TRANSPORT","RAIN","DARK - LIGHTED","PETTUS RD & OLD HICKORY BLVD","ANTIOCH","SOUTH",36.0109,-86.66544,"DITCH","37013","2019","October","Fall","06","Saturday","Weekend","No Injuries","No Fatalities"
9.97555532464555e-314,2019-10-12 06:30:00,2,0,0,NA,"N","ANGLE","RAIN","DARK - LIGHTED","PETTUS RD & OLD HICKORY BLVD","ANTIOCH","SOUTH",36.0109,-86.66544,"MOTOR VEHICLE IN TRANSPORT;PARKED MOTOR VEHICLE;DITCH","37013","2019","October","Fall","06","Saturday","Weekend","No Injuries","No Fatalities"
9.97557110806667e-314,2019-10-26 00:14:00,2,0,0,NA,"Y","ANGLE","RAIN","DARK - LIGHTED","CONFERENCE DR & VIETNAM VETERANS BLVD NB","MADISON","MADISO",36.30684,-86.69436,"MOTOR VEHICLE IN TRANSPORT","37115","2019","October","Fall","00","Saturday","Weekend","No Injuries","No Fatalities"
9.97557110954887e-314,2019-10-26 00:23:00,2,0,0,NA,"N","Front to Rear","RAIN","DARK - LIGHTED","I24 E EXT RAMP & I 24","NASHVILLE","NORTH",36.01338,-86.6208,"MOTOR VEHICLE IN TRANSPORT","37207","2019","October","Fall","00","Saturday","Weekend","No Injuries","No Fatalities"
9.97556413284788e-314,2019-10-19 05:00:00,2,2,0,NA,"N","HEAD-ON","RAIN","DAYLIGHT","CANE RIDGE RD & BLAIRFIELD DR","ANTIOCH","SOUTH",36.02362,-86.64556,"MOTOR VEHICLE IN TRANSPORT","37013","2019","October","Fall","05","Saturday","Weekend","Injuries","No Fatalities"
9.97557111498359e-314,2019-10-26 00:30:00,2,0,0,NA,"Y","ANGLE","RAIN","DARK - LIGHTED","MCGAVOCK PKE & RIVERSIDE DR","NASHVILLE","EAST",36.20501,-86.72387,"MOTOR VEHICLE IN TRANSPORT","37216","2019","October","Fall","00","Saturday","Weekend","No Injuries","No Fatalities"
9.97557111547766e-314,2019-10-26 00:31:00,2,0,0,NA,"N","ANGLE","RAIN","DARK - LIGHTED","NOLENSVILLE PKE & WELSHWOOD DR","NASHVILLE","SOUTH",36.08188,-86.72703,"MOTOR VEHICLE IN TRANSPORT","37211","2019","October","Fall","00","Saturday","Weekend","No Injuries","No Fatalities"
9.97557112190051e-314,2019-10-26 00:22:00,7,0,0,NA,"Y","ANGLE","RAIN","DARK - LIGHTED","DUE WEST AVN & OLD DUE WEST AV","MADISON","MADISO",36.2512,-86.74286,"MOTOR VEHICLE IN TRANSPORT;PARKED MOTOR VEHICLE","37115","2019","October","Fall","00","Saturday","Weekend","No Injuries","No Fatalities"
9.97557112832336e-314,2019-10-26 00:35:00,3,1,0,NA,"Y","SIDESWIPE - SAME DIRECTION","RAIN","DARK - LIGHTED","MM 60 1 I 24","ANTIOCH","SOUTH",36.03911,-86.64865,"MOTOR VEHICLE IN TRANSPORT","37013","2019","October","Fall","00","Saturday","Weekend","Injuries","No Fatalities"
9.97557115006225e-314,2019-10-26 00:59:00,2,0,0,NA,"Y","Front to Rear","RAIN","DARK - LIGHTED","MM 47 7 I 24","NASHVILLE","EAST",36.1795,-86.77405,"MOTOR VEHICLE IN TRANSPORT","37207","2019","October","Fall","00","Saturday","Weekend","No Injuries","No Fatalities"
9.97557115401478e-314,2019-10-26 00:52:00,2,0,0,NA,"Y","SIDESWIPE - SAME DIRECTION","RAIN","DARK - LIGHTED","MM 49 0 I 24","NASHVILLE","EAST",36.16633,-86.76478,"MOTOR VEHICLE IN TRANSPORT;CONCRETE TRAFFIC BARRIER","37206","2019","October","Fall","00","Saturday","Weekend","No Injuries","No Fatalities"
9.97557115697917e-314,2019-10-26 01:05:00,5,0,0,NA,"N","Front to Rear","RAIN","DARK - LIGHTED","MM 86 5 I 65","NASHVILLE","NORTH",36.19463,-86.77618,"MOTOR VEHICLE IN TRANSPORT","37207","2019","October","Fall","01","Saturday","Weekend","No Injuries","No Fatalities"
9.97557116735455e-314,2019-10-26 00:30:00,2,0,0,NA,"Y","Front to Rear","RAIN","DARK - NOT LIGHTED","I24 W EXT RAMP & I 24","NASHVILLE","SOUTH",36.08566,-86.69882,"MOTOR VEHICLE IN TRANSPORT","37211","2019","October","Fall","00","Saturday","Weekend","No Injuries","No Fatalities"
9.97557116883675e-314,2019-10-25 05:00:00,2,0,0,NA,"Y","Front to Rear","RAIN","DARK - NOT LIGHTED","PETTUS RD & BLUE HOLE RD","ANTIOCH","SOUTH",36.02822,-86.67291,"MOTOR VEHICLE IN TRANSPORT","37013","2019","October","Fall","05","Friday","Weekday","No Injuries","No Fatalities"
9.97557117031894e-314,2019-10-26 01:05:00,4,0,0,NA,"N","ANGLE","RAIN","DARK - LIGHTED","ROYAL PKWY & AIRPORT CENTER DR","NASHVILLE","HERMIT",36.14608,-86.66442,"MOTOR VEHICLE IN TRANSPORT","37214","2019","October","Fall","01","Saturday","Weekend","No Injuries","No Fatalities"
9.97556423808387e-314,2019-10-20 00:29:00,4,5,0,NA,"Y","Front to Rear","RAIN","DARK - LIGHTED","I65 ENT RAMP & I 440","NASHVILLE","MIDTOW",36.11567,-86.78078,"MOTOR VEHICLE IN TRANSPORT","37204","2019","October","Fall","00","Sunday","Weekend","Injuries","No Fatalities"
9.9755711737774e-314,2019-10-26 01:24:00,1,1,0,NA,"N","NOT COLLISION W/MOTOR VEHICLE-TRANSPORT","RAIN","DARK - LIGHTED","MM 86 2 I 65","NASHVILLE","CENTRA",36.19203,-86.78114,"GUARDRAIL FACE","37207","2019","October","Fall","01","Saturday","Weekend","Injuries","No Fatalities"
9.9755711767418e-314,2019-10-26 01:28:00,1,1,0,NA,"N","NOT COLLISION W/MOTOR VEHICLE-TRANSPORT","RAIN","DARK - LIGHTED","EMMITT AVE & US HWY 31E","MADISON","MADISO",36.25325,-86.71676,"PEDESTRIAN","37115","2019","October","Fall","01","Saturday","Weekend","Injuries","No Fatalities"
9.97557118514091e-314,2019-10-25 05:00:00,2,0,0,NA,"Y","SIDESWIPE - SAME DIRECTION","RAIN","DUSK","HIGHLANDER DR & MT VIEW RD","ANTIOCH","SOUTH",36.0549,-86.66028,"MOTOR VEHICLE IN TRANSPORT","37013","2019","October","Fall","05","Friday","Weekday","No Injuries","No Fatalities"
9.97557118612904e-314,2019-10-25 05:00:00,2,4,0,NA,"N","ANGLE","RAIN","DARK - LIGHTED","VANTAGE WAY CT & VANTAGE WAY","NASHVILLE","NORTH",36.19102,-86.79895,"MOTOR VEHICLE IN TRANSPORT","37228","2019","October","Fall","05","Friday","Weekday","Injuries","No Fatalities"
9.97557120243321e-314,2019-10-26 00:20:00,2,0,0,NA,"Y","Front to Rear","RAIN","DARK - LIGHTED","STATE HWY 155 & RAMP","NASHVILLE","SOUTH",36.11093,-86.74541,"MOTOR VEHICLE IN TRANSPORT","37211","2019","October","Fall","00","Saturday","Weekend","No Injuries","No Fatalities"
9.97557120292728e-314,2019-10-26 01:44:00,2,0,0,NA,"Y","SIDESWIPE - SAME DIRECTION","RAIN","DARK - NOT LIGHTED","MM 208 4 I 40","NASHVILLE","NORTH",36.16519,-86.79421,"MOTOR VEHICLE IN TRANSPORT","37203","2019","October","Fall","01","Saturday","Weekend","No Injuries","No Fatalities"
9.97556429391329e-314,2019-10-20 01:20:00,2,0,0,NA,"Y","Front to Rear","RAIN","DARK - LIGHTED","EXIT 206 & I 40","NASHVILLE","WEST",36.15538,-86.82345,"MOTOR VEHICLE IN TRANSPORT","37209","2019","October","Fall","01","Sunday","Weekend","No Injuries","No Fatalities"
9.97557120539761e-314,2019-10-26 01:50:00,2,0,0,NA,"Y","ANGLE","RAIN","DARK - LIGHTED","GALLATIN PKES & BRILEY PKWYW","MADISON","MADISO",36.23545,-86.72469,"MOTOR VEHICLE IN TRANSPORT","37115","2019","October","Fall","01","Saturday","Weekend","No Injuries","No Fatalities"
9.97557121083233e-314,2019-10-26 02:00:00,1,1,0,NA,"N","NOT COLLISION W/MOTOR VEHICLE-TRANSPORT","RAIN","DARK - LIGHTED","NASHBORO BLVD & MURFREESBORO PKE","NASHVILLE","HERMIT",36.08729,-86.64776,"PEDESTRIAN","37217","2019","October","Fall","02","Saturday","Weekend","Injuries","No Fatalities"
9.97557122071364e-314,2019-10-26 02:19:00,2,0,0,NA,"N","SIDESWIPE - SAME DIRECTION","RAIN","DARK - LIGHTED","MURFREESBORO PKE & NASHBORO BLVD","ANTIOCH","SOUTH",36.08691,-86.64868,"MOTOR VEHICLE IN TRANSPORT","37013","2019","October","Fall","02","Saturday","Weekend","No Injuries","No Fatalities"
9.97557123355935e-314,2019-10-26 02:33:00,2,1,0,NA,"N","HEAD-ON","RAIN","DARK - NOT LIGHTED","ANTIOCH PKE & HICKORY HOLLOW PKWY","ANTIOCH","SOUTH",36.05972,-86.67099,"MOTOR VEHICLE IN TRANSPORT","37013","2019","October","Fall","02","Saturday","Weekend","Injuries","No Fatalities"
9.97557124739319e-314,2019-10-26 01:50:00,1,0,0,NA,"N","NOT COLLISION W/MOTOR VEHICLE-TRANSPORT","RAIN","DARK - LIGHTED","CREEKSIDE DR & KEELEY DR","NASHVILLE","SOUTH",36.06812,-86.69634,"OTHER FIXED OBJECTS","37211","2019","October","Fall","01","Saturday","Weekend","No Injuries","No Fatalities"
9.97557126122702e-314,2019-10-26 01:59:00,2,1,0,NA,"N","Front to Rear","RAIN","DARK - LIGHTED","PIN HOOK RD & HOBSON PKE","ANTIOCH","SOUTH",36.04934,-86.60019,"MOTOR VEHICLE IN TRANSPORT","37013","2019","October","Fall","01","Saturday","Weekend","Injuries","No Fatalities"
9.97557126270922e-314,2019-10-26 03:07:00,2,0,0,NA,"N","Front to Rear","RAIN","DARK - LIGHTED","3RD AVS & DEMONBREUN ST","NASHVILLE","CENTRA",36.15956,-86.77464,"MOTOR VEHICLE IN TRANSPORT","37201","2019","October","Fall","03","Saturday","Weekend","No Injuries","No Fatalities"
9.97557126320329e-314,2019-10-26 03:06:00,1,0,0,NA,"N","NOT COLLISION W/MOTOR VEHICLE-TRANSPORT","RAIN","DARK - LIGHTED","MM 86 5 I 65","NASHVILLE","NORTH",36.19498,-86.77616,"GUARDRAIL FACE","37207","2019","October","Fall","03","Saturday","Weekend","No Injuries","No Fatalities"
9.97557127209647e-314,2019-10-26 03:22:00,1,1,0,NA,"N","NOT COLLISION W/MOTOR VEHICLE-TRANSPORT","RAIN","DARK - LIGHTED","NASHBORO BLVD & NASHBORO VILLAGE PVTDR","NASHVILLE","HERMIT",36.08804,-86.64636,"BOULDER","37217","2019","October","Fall","03","Saturday","Weekend","Injuries","No Fatalities"
9.97557127259053e-314,2019-10-26 03:20:00,1,0,0,NA,"N","NOT COLLISION W/MOTOR VEHICLE-TRANSPORT","RAIN","DARK - LIGHTED","34TH AVN & ALBION ST","NASHVILLE","NORTH",36.16244,-86.82709,"FENCE","37209","2019","October","Fall","03","Saturday","Weekend","No Injuries","No Fatalities"
9.9755712730846e-314,2019-10-25 05:00:00,1,0,0,NA,"N","NOT COLLISION W/MOTOR VEHICLE-TRANSPORT","RAIN","DARK - LIGHTED","UNA ANTIOCH PKE & HUNTERS GREEN CIR","ANTIOCH","SOUTH",36.07575,-86.66089,"DITCH","37013","2019","October","Fall","05","Friday","Weekday","No Injuries","No Fatalities"
9.9755712903769e-314,2019-10-26 03:15:00,3,0,0,NA,"N","ANGLE","RAIN","DARK - LIGHTED","LONG BLVD & OMAN ST","NASHVILLE","MIDTOW",36.14569,-86.81945,"MOTOR VEHICLE IN TRANSPORT;PARKED MOTOR VEHICLE","37203","2019","October","Fall","03","Saturday","Weekend","No Injuries","No Fatalities"
9.97557129235316e-314,2019-10-26 02:20:00,2,0,0,NA,"Y","Front to Rear","RAIN","DARK - LIGHTED","31ST AVE S & 32ND AVE S","NASHVILLE","MIDTOW",36.14212,-86.81513,"MOTOR VEHICLE IN TRANSPORT","37212","2019","October","Fall","02","Saturday","Weekend","No Injuries","No Fatalities"
9.97557129284722e-314,2019-10-26 03:40:00,2,0,0,NA,"N","ANGLE","RAIN","DARK - LIGHTED","28TH AVN & TORBETT ST","NASHVILLE","NORTH",36.15791,-86.81858,"MOTOR VEHICLE IN TRANSPORT","37209","2019","October","Fall","03","Saturday","Weekend","No Injuries","No Fatalities"
9.97556435863589e-314,2019-10-20 03:40:00,2,1,0,NA,"Y","ANGLE","RAIN","DARK - LIGHTED","CLARKSVILLE PKE & LLOYD RD","NASHVILLE","NORTH",36.25166,-86.84236,"MOTOR VEHICLE IN TRANSPORT","37218","2019","October","Fall","03","Sunday","Weekend","Injuries","No Fatalities"
9.97557129482349e-314,2019-10-26 01:55:00,2,0,0,NA,"N","SIDESWIPE - SAME DIRECTION","RAIN","DARK - LIGHTED","MM 61 0 I 24","ANTIOCH","SOUTH",36.03018,-86.63835,"MOTOR VEHICLE IN TRANSPORT","37013","2019","October","Fall","01","Saturday","Weekend","No Injuries","No Fatalities"
9.97557129679975e-314,2019-10-26 04:00:00,2,0,0,NA,"Y","Front to Rear","RAIN","DARK - LIGHTED","I40 W ENT RAMP & I 65","NASHVILLE","MIDTOW",36.14647,-86.77704,"MOTOR VEHICLE IN TRANSPORT","37203","2019","October","Fall","04","Saturday","Weekend","No Injuries","No Fatalities"
9.97557129927008e-314,2019-10-26 04:03:00,2,2,0,NA,"N","ANGLE","RAIN","DARK - LIGHTED","SMITH SPRINGS RD & UNA RECREATION RD","NASHVILLE","HERMIT",36.09659,-86.64258,"MOTOR VEHICLE IN TRANSPORT","37217","2019","October","Fall","04","Saturday","Weekend","Injuries","No Fatalities"
9.9755713047048e-314,2019-10-26 03:56:00,2,0,0,NA,"N","SIDESWIPE - SAME DIRECTION","RAIN","DARK - LIGHTED","4TH AVS & MOLLOY ST","NASHVILLE","CENTRA",36.15831,-86.77544,"MOTOR VEHICLE IN TRANSPORT","37203","2019","October","Fall","03","Saturday","Weekend","No Injuries","No Fatalities"
9.975571306187e-314,2019-10-26 04:00:00,3,2,0,NA,"N","Front to Rear","RAIN","DARK - LIGHTED","MM 86 8 I 65","NASHVILLE","NORTH",36.1996,-86.77663,"MOTOR VEHICLE IN TRANSPORT","37207","2019","October","Fall","04","Saturday","Weekend","Injuries","No Fatalities"
9.97557130816326e-314,2019-10-26 02:15:00,2,0,0,NA,"N","Front to Rear","RAIN","DARK - LIGHTED","E PALESTINE AVE & US HWY 31E","MADISON","MADISO",36.24939,-86.7194,"MOTOR VEHICLE IN TRANSPORT","37115","2019","October","Fall","02","Saturday","Weekend","No Injuries","No Fatalities"
9.97556438827982e-314,2019-10-20 04:05:00,3,1,0,NA,"N","Front to Rear","RAIN","DARK - NOT LIGHTED","MM 212 8 I 40","NASHVILLE","HERMIT",36.14183,-86.73473,"MOTOR VEHICLE IN TRANSPORT","37210","2019","October","Fall","04","Sunday","Weekend","Injuries","No Fatalities"
9.97557131211578e-314,2019-10-25 05:00:00,3,0,0,NA,"Y","HEAD-ON","RAIN","UNKNOWN","OWEN ST & CLAY ST","NASHVILLE","NORTH",36.185,-86.80569,"PARKED MOTOR VEHICLE","37208","2019","October","Fall","05","Friday","Weekday","No Injuries","No Fatalities"
9.97557131409205e-314,2019-10-26 01:30:00,2,0,0,NA,"Y","ANGLE","RAIN","DARK - LIGHTED","BELL RD & MT VIEW RD","ANTIOCH","SOUTH",36.04998,-86.6495,"MOTOR VEHICLE IN TRANSPORT","37013","2019","October","Fall","01","Saturday","Weekend","No Injuries","No Fatalities"
9.97557132940808e-314,2019-10-26 04:20:00,2,0,0,NA,"N","Front to Rear","RAIN","DARK - LIGHTED","MM 86 6 I 65","NASHVILLE","NORTH",36.19661,-86.77612,"MOTOR VEHICLE IN TRANSPORT","37207","2019","October","Fall","04","Saturday","Weekend","No Injuries","No Fatalities"
9.97557133039621e-314,2019-10-26 04:10:00,2,0,0,NA,"N","Front to Rear","RAIN","DARK - LIGHTED","MM 86 7 I 65","NASHVILLE","NORTH",36.19735,-86.77622,"MOTOR VEHICLE IN TRANSPORT","37207","2019","October","Fall","04","Saturday","Weekend","No Injuries","No Fatalities"
9.97557134324192e-314,2019-10-26 04:30:00,2,1,0,NA,"N","ANGLE","RAIN","DARK - LIGHTED","SMITH SPRINGS RD & BELL RD","NASHVILLE","HERMIT",36.09033,-86.6265,"MOTOR VEHICLE IN TRANSPORT","37217","2019","October","Fall","04","Saturday","Weekend","Injuries","No Fatalities"
9.97557134620631e-314,2019-10-26 04:55:00,2,1,0,NA,"N","SIDESWIPE - SAME DIRECTION","RAIN","DARK - LIGHTED","MM 214 5 I 40","NASHVILLE","HERMIT",36.14324,-86.70492,"MOTOR VEHICLE IN TRANSPORT","37217","2019","October","Fall","04","Saturday","Weekend","Injuries","No Fatalities"
9.97557134917071e-314,2019-10-26 05:00:00,1,0,0,NA,"Y","NOT COLLISION W/MOTOR VEHICLE-TRANSPORT","RAIN","DARK - LIGHTED","OLD HICKORY BLVD & CULBERTSON RD","ANTIOCH","SOUTH",36.01615,-86.68127,"OTHER POST, POLE, SUPP.","37013","2019","October","Fall","05","Saturday","Weekend","No Injuries","No Fatalities"
9.97557135114697e-314,2019-10-26 05:00:00,1,0,0,NA,"N","NOT COLLISION W/MOTOR VEHICLE-TRANSPORT","RAIN","DARK - LIGHTED","MM 215 0 I 40","NASHVILLE","HERMIT",36.14435,-86.69429,"OTHER OBJECT (NOT FIXED);WALL;Ran Off Road-Right","37214","2019","October","Fall","05","Saturday","Weekend","No Injuries","No Fatalities"
9.97557135312323e-314,2019-10-26 04:50:00,2,0,0,NA,"N","Front to Rear","RAIN","DARK - NOT LIGHTED","6TH AVS & LAFAYETTE ST","NASHVILLE","CENTRA",36.15297,-86.77542,"MOTOR VEHICLE IN TRANSPORT","37203","2019","October","Fall","04","Saturday","Weekend","No Injuries","No Fatalities"
9.97557135658169e-314,2019-10-26 00:15:00,2,0,0,NA,"Y","ANGLE","RAIN","DARK - NOT LIGHTED","E WEBSTER ST & LIBERTY CIR","MADISON","MADISO",36.25104,-86.71558,"MOTOR VEHICLE IN TRANSPORT","37115","2019","October","Fall","00","Saturday","Weekend","No Injuries","No Fatalities"
9.97556444065078e-314,2019-10-20 05:14:00,2,0,0,NA,"N","ANGLE","RAIN","DARK - LIGHTED","WEDGEWOOD AV & ELLIOTT AV","NASHVILLE","MIDTOW",36.13447,-86.78201,"MOTOR VEHICLE IN TRANSPORT","37203","2019","October","Fall","05","Sunday","Weekend","No Injuries","No Fatalities"
9.97557135855796e-314,2019-10-26 05:10:00,2,0,0,NA,"N","SIDESWIPE - SAME DIRECTION","RAIN","DARK - LIGHTED","MCCANN ST & 4TH AVS","NASHVILLE","SOUTH",36.14973,-86.76969,"MOTOR VEHICLE IN TRANSPORT","37210","2019","October","Fall","05","Saturday","Weekend","No Injuries","No Fatalities"
9.9755713709096e-314,2019-10-26 05:15:00,2,0,0,NA,"N","Front to Rear","RAIN","DARK - NOT LIGHTED","MM 86 5 I 65","NASHVILLE","NORTH",36.19549,-86.77615,"MOTOR VEHICLE IN TRANSPORT","37207","2019","October","Fall","05","Saturday","Weekend","No Injuries","No Fatalities"
9.97556445349649e-314,2019-10-20 05:35:00,2,0,0,NA,"Y","ANGLE","RAIN","DARK - LIGHTED","OLD HICKORY BLVD & I65 N ENT RAMP","BRENTWOOD","MIDTOW",36.04012,-86.78074,"MOTOR VEHICLE IN TRANSPORT","37027","2019","October","Fall","05","Sunday","Weekend","No Injuries","No Fatalities"
9.97557137486212e-314,2019-10-26 05:30:00,1,1,0,NA,"Y","NOT COLLISION W/MOTOR VEHICLE-TRANSPORT","RAIN","DARK - NOT LIGHTED","BRICK CHURCH PKE & READ AV","NASHVILLE","NORTH",36.19942,-86.77709,"PEDESTRIAN","37207","2019","October","Fall","05","Saturday","Weekend","Injuries","No Fatalities"
9.97556445547275e-314,2019-10-20 05:35:00,1,0,0,NA,"N","NOT COLLISION W/MOTOR VEHICLE-TRANSPORT","RAIN","DARK - LIGHTED","HICKORY HOLLOW PKWY & MT VIEW RD","ANTIOCH","SOUTH",36.05379,-86.66746,"","37013","2019","October","Fall","05","Sunday","Weekend","No Injuries","No Fatalities"
9.97557138622563e-314,2019-10-26 05:20:00,2,0,0,NA,"N","Front to Rear","RAIN","DARK - NOT LIGHTED","EZELL RD & LUNA DR","NASHVILLE","SOUTH",36.07961,-86.68966,"MOTOR VEHICLE IN TRANSPORT","37211","2019","October","Fall","05","Saturday","Weekend","No Injuries","No Fatalities"
9.97556445646088e-314,2019-10-20 05:30:00,1,0,0,NA,"N","NOT COLLISION W/MOTOR VEHICLE-TRANSPORT","RAIN","DARK - NOT LIGHTED","OLD CHARLOTTE PKE & SEARS RD","NASHVILLE","WEST",36.10828,-87.01823,"DITCH","37221","2019","October","Fall","05","Sunday","Weekend","No Injuries","No Fatalities"
9.97557138770783e-314,2019-10-26 05:43:00,2,1,0,NA,"N","SIDESWIPE - OPPOSITE DIRECTION","RAIN","DARK - LIGHTED","RAMP & STATE HWY 45","HERMITAGE","HERMIT",36.16956,-86.60093,"MOTOR VEHICLE IN TRANSPORT","37076","2019","October","Fall","05","Saturday","Weekend","Injuries","No Fatalities"
9.97557139462475e-314,2019-10-26 05:48:00,2,0,0,NA,"N","SIDESWIPE - SAME DIRECTION","RAIN","DARK - LIGHTED","MUSIC SQE & ROY ACUFF PL","NASHVILLE","MIDTOW",36.14994,-86.79194,"MOTOR VEHICLE IN TRANSPORT","37203","2019","October","Fall","05","Saturday","Weekend","No Injuries","No Fatalities"
9.97556448561076e-314,2019-10-20 06:35:00,3,0,0,NA,"Y","SIDESWIPE - SAME DIRECTION","RAIN","DARK - LIGHTED","MM 88 6 I 65","NASHVILLE","EAST",36.22443,-86.77316,"MOTOR VEHICLE IN TRANSPORT;CONCRETE TRAFFIC BARRIER","37207","2019","October","Fall","06","Sunday","Weekend","No Injuries","No Fatalities"
9.97557139758914e-314,2019-10-26 06:00:00,2,0,0,NA,"Y","SIDESWIPE - SAME DIRECTION","RAIN","DARK - LIGHTED","MM 54 4 I 24","NASHVILLE","SOUTH",36.10208,-86.71328,"MOTOR VEHICLE IN TRANSPORT;GUARDRAIL END;CONCRETE TRAFFIC BARRIER","37211","2019","October","Fall","06","Saturday","Weekend","No Injuries","No Fatalities"
9.97557140055354e-314,2019-10-26 05:30:00,2,0,0,NA,"Y","ANGLE","RAIN","DARK - LIGHTED","US HWY 31E & EMMITT AVE","MADISON","MADISO",36.25306,-86.71689,"MOTOR VEHICLE IN TRANSPORT","37115","2019","October","Fall","05","Saturday","Weekend","No Injuries","No Fatalities"
9.97557140154167e-314,2019-10-26 06:10:00,1,0,0,NA,"N","NOT COLLISION W/MOTOR VEHICLE-TRANSPORT","RAIN","DARK - LIGHTED","MM 211 7 I 40","NASHVILLE","HERMIT",36.14959,-86.74741,"CONCRETE TRAFFIC BARRIER","37210","2019","October","Fall","06","Saturday","Weekend","No Injuries","No Fatalities"
9.9755714025298e-314,2019-10-26 06:05:00,2,0,0,NA,"N","ANGLE","RAIN","DARK - LIGHTED","50TH AVN & CHARLOTTE AV","NASHVILLE","WEST",36.15202,-86.84721,"MOTOR VEHICLE IN TRANSPORT","37209","2019","October","Fall","06","Saturday","Weekend","No Injuries","No Fatalities"
9.97557141142298e-314,2019-10-26 02:30:00,2,0,0,NA,"N","Front to Rear","RAIN","DARK - NOT LIGHTED","MM 199 0 I 40","NASHVILLE","WEST",36.1079,-86.92718,"MOTOR VEHICLE IN TRANSPORT","37221","2019","October","Fall","02","Saturday","Weekend","No Injuries","No Fatalities"
9.97557141488144e-314,2019-10-26 06:25:00,2,0,0,NA,"N","ANGLE","RAIN","DARK - NOT LIGHTED","3RD AVS & KOREAN VETERANS BLVD","NASHVILLE","CENTRA",36.15765,-86.77341,"MOTOR VEHICLE IN TRANSPORT","37201","2019","October","Fall","06","Saturday","Weekend","No Injuries","No Fatalities"
9.9755645108081e-314,2019-10-20 07:10:00,2,2,0,NA,"N","ANGLE","RAIN","DARK - LIGHTED","OLD HICKORY BLVD & BELLE VALLEY DR","NASHVILLE","WEST",36.10042,-86.92376,"MOTOR VEHICLE IN TRANSPORT","37221","2019","October","Fall","07","Sunday","Weekend","Injuries","No Fatalities"