"Accident.Number","Date.and.Time","Number.of.Motor.Vehicles","Number.of.Injuries","Number.of.Fatalities","Property.Damage","Hit.and.Run","Collision.Type.Description","Weather.Description","Illumination.Description","Street.Address","City","Precinct","Latitude","Longitude","HarmfulDescriptions","Zip.Code","Year","Month","Season","Hour","Weekday","DayType","Accident","Fatality_category"
9.97557142822121e-314,2019-10-26 06:53:00,2,0,0,NA,"N","Front to Rear","RAIN","DARK - LIGHTED","MURFREESBORO PKE & BOWWOOD CT","NASHVILLE","SOUTH",36.1254,-86.70943,"MOTOR VEHICLE IN TRANSPORT","37217","2019","October","Fall","06","Saturday","Weekend","No Injuries","No Fatalities"
9.97556451476063e-314,2019-10-20 07:10:00,1,0,0,NA,"N","NOT COLLISION W/MOTOR VEHICLE-TRANSPORT","RAIN","DARK - LIGHTED","WOODLAND POINTE DR & BELL RD","NASHVILLE","HERMIT",36.12273,-86.6305,"TREE","37214","2019","October","Fall","07","Sunday","Weekend","No Injuries","No Fatalities"
9.97557143711439e-314,2019-10-26 06:00:00,2,0,0,NA,"Y","ANGLE","RAIN","DARK - LIGHTED","51ST AVN & CHARLOTTE AV","NASHVILLE","WEST",36.15197,-86.84857,"MOTOR VEHICLE IN TRANSPORT;MOTOR VEHICLE IN TRANSPORT-OTHER ROADWAY","37209","2019","October","Fall","06","Saturday","Weekend","No Injuries","No Fatalities"
9.97557145094823e-314,2019-10-26 07:31:00,1,0,0,NA,"N","NOT COLLISION W/MOTOR VEHICLE-TRANSPORT","RAIN","DARK - LIGHTED","MM 211 5 I 40","NASHVILLE","HERMIT",36.15138,-86.75118,"BRIDGE RAIL","37210","2019","October","Fall","07","Saturday","Weekend","No Injuries","No Fatalities"
9.97556454835709e-314,2019-10-20 08:00:00,1,0,0,NA,"N","NOT COLLISION W/MOTOR VEHICLE-TRANSPORT","RAIN","DARK - LIGHTED","RIVERWOOD DR & MURRAY PL","NASHVILLE","EAST",36.21676,-86.71063,"TREE;Ran Off Road-Left","37216","2019","October","Fall","08","Sunday","Weekend","No Injuries","No Fatalities"
9.97557145885328e-314,2019-10-26 07:30:00,1,2,0,NA,"N","NOT COLLISION W/MOTOR VEHICLE-TRANSPORT","RAIN","DARK - NOT LIGHTED","MM 58 5 I 24","ANTIOCH","SOUTH",36.05321,-86.67222,"GUARDRAIL FACE","37013","2019","October","Fall","07","Saturday","Weekend","Injuries","No Fatalities"
9.97556457602477e-314,2019-10-20 05:00:00,1,0,0,NA,"N","NOT COLLISION W/MOTOR VEHICLE-TRANSPORT","RAIN","DARK - NOT LIGHTED","MM 77 5 I 65","NASHVILLE","MIDTOW",36.0777,-86.76631,"CONCRETE TRAFFIC BARRIER;Equip Failure;Ran Off Road-Right","37220","2019","October","Fall","05","Sunday","Weekend","No Injuries","No Fatalities"
9.97556458392982e-314,2019-10-20 09:28:00,1,1,0,NA,"N","NOT COLLISION W/MOTOR VEHICLE-TRANSPORT","RAIN","DARK - LIGHTED","BRILEY PKWYN & BRILEY PKWYS","NASHVILLE","SOUTH",36.11103,-86.71284,"GUARDRAIL FACE","37211","2019","October","Fall","09","Sunday","Weekend","Injuries","No Fatalities"
9.9755714672524e-314,2019-10-26 08:10:00,2,2,0,NA,"N","ANGLE","RAIN","DARK - LIGHTED","LEBANON PKE & OLD HICKORY BLVD","HERMITAGE","HERMIT",36.19844,-86.62027,"MOTOR VEHICLE IN TRANSPORT;OTHER FIXED OBJECTS","37076","2019","October","Fall","08","Saturday","Weekend","Injuries","No Fatalities"
9.97556460072805e-314,2019-10-20 09:28:00,2,0,0,NA,"N","SIDESWIPE - SAME DIRECTION","RAIN","DARK - LIGHTED","BRILEY PKWYN & BRILEY PKWYS","NASHVILLE","SOUTH",36.11137,-86.71145,"MOTOR VEHICLE IN TRANSPORT","37211","2019","October","Fall","09","Sunday","Weekend","No Injuries","No Fatalities"
9.97557147071086e-314,2019-10-26 08:15:00,2,0,0,NA,"N","Front to Rear","RAIN","DARK - NOT LIGHTED","MM 217 4 I 40","NASHVILLE","HERMIT",36.14265,-86.65058,"MOTOR VEHICLE IN TRANSPORT","37214","2019","October","Fall","08","Saturday","Weekend","No Injuries","No Fatalities"
9.97557147565151e-314,2019-10-26 08:23:00,1,0,0,NA,"N","NOT COLLISION W/MOTOR VEHICLE-TRANSPORT","RAIN","DARK - NOT LIGHTED","BELL RD & STEWARTS FERRY PKE","NASHVILLE","HERMIT",36.15222,-86.6249,"OTHER POST, POLE, SUPP.;OTHER FIXED OBJECTS;Ran Off Road-Right","37214","2019","October","Fall","08","Saturday","Weekend","No Injuries","No Fatalities"
9.97557147960404e-314,2019-10-26 08:02:00,1,0,0,NA,"N","NOT COLLISION W/MOTOR VEHICLE-TRANSPORT","RAIN","DARK - NOT LIGHTED","MM 6 8 I 440","NASHVILLE","SOUTH",36.12421,-86.74023,"CONCRETE TRAFFIC BARRIER","37210","2019","October","Fall","08","Saturday","Weekend","No Injuries","No Fatalities"
9.97556467730823e-314,2019-10-20 11:17:00,2,0,0,NA,"Y","Front to Rear","RAIN","DARK - LIGHTED","MM 53 9 I 24","NASHVILLE","SOUTH",36.10747,-86.71984,"MOTOR VEHICLE IN TRANSPORT","37211","2019","October","Fall","11","Sunday","Weekend","No Injuries","No Fatalities"
9.97557149689634e-314,2019-10-26 08:50:00,1,0,0,NA,"N","NOT COLLISION W/MOTOR VEHICLE-TRANSPORT","RAIN","DARK - NOT LIGHTED","PLANTATION DR & BONNAVISTA DR","HERMITAGE","HERMIT",36.19977,-86.63451,"MAIL BOX","37076","2019","October","Fall","08","Saturday","Weekend","No Injuries","No Fatalities"
9.97557150875391e-314,2019-10-26 09:28:00,1,1,0,NA,"N","NOT COLLISION W/MOTOR VEHICLE-TRANSPORT","RAIN","DARK - LIGHTED","EVANSTON AV & DICKERSON PKE","NASHVILLE","EAST",36.19009,-86.77294,"MOTOR VEHICLE IN TRANSPORT;UTILITY POLE","37207","2019","October","Fall","09","Saturday","Weekend","Injuries","No Fatalities"
9.97557152357588e-314,2019-10-26 10:05:00,2,2,0,NA,"N","ANGLE","RAIN","DARK - LIGHTED","NOLENSVILLE PKE & TUSCULUM RD","NASHVILLE","SOUTH",36.05907,-86.71622,"MOTOR VEHICLE IN TRANSPORT","37211","2019","October","Fall","10","Saturday","Weekend","Injuries","No Fatalities"
9.97557153691565e-314,2019-10-26 10:26:00,2,0,0,NA,"Y","SIDESWIPE - SAME DIRECTION","RAIN","DARK - LIGHTED","MM 87 6 I 65","NASHVILLE","EAST",36.21107,-86.7759,"MOTOR VEHICLE IN TRANSPORT","37207","2019","October","Fall","10","Saturday","Weekend","No Injuries","No Fatalities"
9.97557153790378e-314,2019-10-26 10:33:00,5,1,0,NA,"N","OTHER","RAIN","DARK - LIGHTED","MM 211 5 I 40","NASHVILLE","HERMIT",36.15119,-86.75069,"MOTOR VEHICLE IN TRANSPORT","37210","2019","October","Fall","10","Saturday","Weekend","Injuries","No Fatalities"
9.97557154086818e-314,2019-10-26 10:43:00,3,3,0,NA,"N","Front to Rear","RAIN","DARK - LIGHTED","MM 60 0 I 24","ANTIOCH","SOUTH",36.0401,-86.64969,"MOTOR VEHICLE IN TRANSPORT","37013","2019","October","Fall","10","Saturday","Weekend","Injuries","No Fatalities"
9.9755715448207e-314,2019-10-26 10:38:00,2,1,0,NA,"N","SIDESWIPE - SAME DIRECTION","RAIN","DARK - NOT LIGHTED","MM 209 0 I 40","NASHVILLE","CENTRA",36.15813,-86.79098,"MOTOR VEHICLE IN TRANSPORT","37203","2019","October","Fall","10","Saturday","Weekend","Injuries","No Fatalities"
9.97557155420795e-314,2019-10-26 10:52:00,2,0,0,NA,"N","SIDESWIPE - SAME DIRECTION","RAIN","DARK - LIGHTED","BROADWAY & 15TH AVN","NASHVILLE","MIDTOW",36.15524,-86.79065,"MOTOR VEHICLE IN TRANSPORT","37203","2019","October","Fall","10","Saturday","Weekend","No Injuries","No Fatalities"
9.97557157051212e-314,2019-10-26 11:45:00,2,0,0,NA,"N","Front to Rear","RAIN","DARK - LIGHTED","MM 86 7 I 65","NASHVILLE","NORTH",36.19713,-86.77619,"MOTOR VEHICLE IN TRANSPORT","37207","2019","October","Fall","11","Saturday","Weekend","No Injuries","No Fatalities"
9.97557157594684e-314,2019-10-26 11:32:00,2,0,0,NA,"N","ANGLE","RAIN","DARK - LIGHTED","5TH AVN & DEADERICK ST","NASHVILLE","CENTRA",36.16528,-86.78156,"MOTOR VEHICLE IN TRANSPORT","37219","2019","October","Fall","11","Saturday","Weekend","No Injuries","No Fatalities"
9.97557158039343e-314,2019-10-26 11:55:00,2,0,0,NA,"N","Front to Rear","RAIN","DAYLIGHT","RADNOR ST & MCCOMBS AV","NASHVILLE","SOUTH",36.10491,-86.73929,"PARKED MOTOR VEHICLE","37211","2019","October","Fall","11","Saturday","Weekend","No Injuries","No Fatalities"
9.97557158187563e-314,2019-10-26 11:54:00,2,0,0,NA,"N","Front to Rear","RAIN","Dark-Unknown Lighting","MM 86 6 I 65","NASHVILLE","NORTH",36.19628,-86.77612,"MOTOR VEHICLE IN TRANSPORT","37207","2019","October","Fall","11","Saturday","Weekend","No Injuries","No Fatalities"
9.97557158385189e-314,2019-10-26 11:50:00,2,1,0,NA,"N","Front to Rear","RAIN","DARK - LIGHTED","MM 86 5 I 65","NASHVILLE","NORTH",36.19443,-86.77625,"MOTOR VEHICLE IN TRANSPORT","37207","2019","October","Fall","11","Saturday","Weekend","Injuries","No Fatalities"
9.97557160015606e-314,2019-10-26 12:30:00,1,0,0,NA,"Y","NOT COLLISION W/MOTOR VEHICLE-TRANSPORT","RAIN","DAYLIGHT","I40 E EXT RAMP & I 40","NASHVILLE","HERMIT",36.16801,-86.60712,"GUARDRAIL FACE","37214","2019","October","Fall","12","Saturday","Weekend","No Injuries","No Fatalities"
9.97557160806111e-314,2019-10-26 12:17:00,2,0,0,NA,"N","SIDESWIPE - SAME DIRECTION","RAIN","DAYLIGHT","EWING DR & VISTA LN","NASHVILLE","NORTH",36.23151,-86.79439,"PARKED MOTOR VEHICLE","37207","2019","October","Fall","12","Saturday","Weekend","No Injuries","No Fatalities"
9.97557165697361e-314,2019-10-26 05:00:00,1,0,0,NA,"Y","NOT COLLISION W/MOTOR VEHICLE-TRANSPORT","RAIN","DARK - NOT LIGHTED","SNOW AV & STONEY RIVER LN","MADISON","MADISO",36.27957,-86.69984,"CULVERT;Ran Off Road-Left","37115","2019","October","Fall","05","Saturday","Weekend","No Injuries","No Fatalities"
9.97557188029128e-314,2019-10-26 05:00:00,1,0,0,NA,"Y","NOT COLLISION W/MOTOR VEHICLE-TRANSPORT","RAIN","DAYLIGHT","HILLWOOD BLVD & FLEETWOOD DR","NASHVILLE","WEST",36.1362,-86.87682,"OTHER POST, POLE, SUPP.","37209","2019","October","Fall","05","Saturday","Weekend","No Injuries","No Fatalities"
9.97556893022531e-314,2019-10-13 05:00:00,1,0,0,NA,"Y","NOT COLLISION W/MOTOR VEHICLE-TRANSPORT","RAIN","DAYLIGHT","MT VIEW RD & KEVINWOOD CT","ANTIOCH","SOUTH",36.05633,-86.66452,"TREE","37013","2019","October","Fall","05","Sunday","Weekend","No Injuries","No Fatalities"
9.97557202752284e-314,2019-10-27 00:21:00,2,0,0,NA,"N","ANGLE","RAIN","DARK - LIGHTED","RIVERGATE PKWY & GALLATIN PKEN","MADISON","MADISO",36.2978,-86.69971,"MOTOR VEHICLE IN TRANSPORT","37115","2019","October","Fall","00","Sunday","Weekend","No Injuries","No Fatalities"
9.97557205272019e-314,2019-10-27 00:35:00,2,0,0,NA,"Y","SIDESWIPE - OPPOSITE DIRECTION","RAIN","DARK - LIGHTED","US HWY 31E & NEELYS BEND RD","MADISON","MADISO",36.25616,-86.71437,"MOTOR VEHICLE IN TRANSPORT","37115","2019","October","Fall","00","Sunday","Weekend","No Injuries","No Fatalities"
9.97557213127663e-314,2019-10-27 03:13:00,2,0,0,NA,"N","Front to Rear","RAIN","DARK - LIGHTED","MM 86 5 I 65","NASHVILLE","NORTH",36.1946,-86.77619,"MOTOR VEHICLE IN TRANSPORT","37207","2019","October","Fall","03","Sunday","Weekend","No Injuries","No Fatalities"
9.9755721589443e-314,2019-10-27 04:05:00,1,1,0,NA,"N","NOT COLLISION W/MOTOR VEHICLE-TRANSPORT","RAIN","DARK - NOT LIGHTED","DEMONBREUN ST & 5TH AVS","NASHVILLE","CENTRA",36.15848,-86.77712,"PEDESTRIAN","37203","2019","October","Fall","04","Sunday","Weekend","Injuries","No Fatalities"
9.97557216536716e-314,2019-10-27 04:10:00,2,1,0,NA,"N","Front to Rear","RAIN","DARK - LIGHTED","I40 E EXT RAMP & I 40","NASHVILLE","HERMIT",36.14146,-86.67016,"MOTOR VEHICLE IN TRANSPORT","37214","2019","October","Fall","04","Sunday","Weekend","Injuries","No Fatalities"
9.97557222070251e-314,2019-10-27 05:21:00,2,0,0,NA,"N","ANGLE","RAIN","DARK - LIGHTED","STATE RT 45 & RIO VISTA DR","MADISON","MADISO",36.26282,-86.68097,"MOTOR VEHICLE IN TRANSPORT","37115","2019","October","Fall","05","Sunday","Weekend","No Injuries","No Fatalities"
9.97557224688799e-314,2019-10-27 05:00:00,2,0,0,NA,"Y","HEAD-ON","RAIN","DARK - LIGHTED","NOLENSVILLE PKE & ELGIN ST","NASHVILLE","SOUTH",36.09983,-86.73954,"PARKED MOTOR VEHICLE;BUILDING","37211","2019","October","Fall","05","Sunday","Weekend","No Injuries","No Fatalities"
9.97557233285541e-314,2019-10-27 08:20:00,2,1,0,NA,"N","Front to Rear","RAIN","DARK - LIGHTED","US HWY 41 & THOMPSON LN","NASHVILLE","SOUTH",36.12665,-86.71115,"MOTOR VEHICLE IN TRANSPORT","37217","2019","October","Fall","08","Sunday","Weekend","Injuries","No Fatalities"
9.97557241190591e-314,2019-10-27 11:15:00,2,2,0,NA,"N","ANGLE","RAIN","DARK - LIGHTED","GARFIELD ST & ROSA L PARKS BLVD","NASHVILLE","NORTH",36.18059,-86.79635,"MOTOR VEHICLE IN TRANSPORT","37208","2019","October","Fall","11","Sunday","Weekend","Injuries","No Fatalities"
9.97557242326942e-314,2019-10-27 11:58:00,3,0,0,NA,"Y","Front to Rear","RAIN","DAWN","VILLA PL & WEDGEWOOD AV","NASHVILLE","MIDTOW",36.13634,-86.79322,"PARKED MOTOR VEHICLE","37212","2019","October","Fall","11","Sunday","Weekend","No Injuries","No Fatalities"
9.97557266585565e-314,2019-10-27 04:00:00,2,0,0,NA,"Y","SIDESWIPE - OPPOSITE DIRECTION","RAIN","DARK - LIGHTED","ERMAC DR & MARRIOTT DR","NASHVILLE","HERMIT",36.1504,-86.68717,"MOTOR VEHICLE IN TRANSPORT","37214","2019","October","Fall","04","Sunday","Weekend","No Injuries","No Fatalities"
9.97556607403181e-314,2019-10-21 05:00:00,2,1,0,NA,"Y","Front to Rear","RAIN","DAYLIGHT","OLD HICKORY BLVD & PETTUS RD","ANTIOCH","SOUTH",36.02691,-86.68084,"MOTOR VEHICLE IN TRANSPORT","37013","2019","October","Fall","05","Monday","Weekday","Injuries","No Fatalities"
9.97555867737502e-314,2019-10-15 11:37:00,2,0,0,NA,"N","Front to Rear","RAIN","DARK - LIGHTED","MM 221 2 I 40","HERMITAGE","HERMIT",36.17015,-86.59479,"MOTOR VEHICLE IN TRANSPORT","37076","2019","October","Fall","11","Tuesday","Weekday","No Injuries","No Fatalities"
9.97555870553677e-314,2019-10-15 12:07:00,2,1,0,NA,"N","SIDESWIPE - SAME DIRECTION","RAIN","DAYLIGHT","MCCRORY CREEK RD & HURT DR","NASHVILLE","HERMIT",36.14565,-86.654,"MOTOR VEHICLE IN TRANSPORT","37214","2019","October","Fall","12","Tuesday","Weekday","Injuries","No Fatalities"
9.97555875642553e-314,2019-10-15 12:07:00,1,0,0,NA,"N","NOT COLLISION W/MOTOR VEHICLE-TRANSPORT","RAIN","DAYLIGHT","MCCRORY CREEK RD & HONEYBROOK DR","NASHVILLE","HERMIT",36.14609,-86.65341,"GUARDRAIL FACE","37214","2019","October","Fall","12","Tuesday","Weekday","No Injuries","No Fatalities"
9.97556615802297e-314,2019-10-21 05:00:00,2,1,0,NA,"N","Front to Rear","RAIN","DAYLIGHT","PETTUS RD & PRESTON RD","ANTIOCH","SOUTH",36.02121,-86.66493,"MOTOR VEHICLE IN TRANSPORT","37013","2019","October","Fall","05","Monday","Weekday","Injuries","No Fatalities"
9.97556620742953e-314,2019-10-21 05:00:00,2,0,0,NA,"Y","SIDESWIPE - SAME DIRECTION","RAIN","DUSK","MM 200 0 I 40","NASHVILLE","WEST",36.11938,-86.91281,"MOTOR VEHICLE IN TRANSPORT;PARKED MOTOR VEHICLE","37209","2019","October","Fall","05","Monday","Weekday","No Injuries","No Fatalities"
9.97556626177675e-314,2019-10-22 00:15:00,2,2,0,NA,"N","Front to Rear","RAIN","DARK - LIGHTED","HILLSBORO PKE & STANFORD DR","NASHVILLE","WEST",36.08944,-86.82994,"MOTOR VEHICLE IN TRANSPORT","37215","2019","October","Fall","00","Tuesday","Weekday","Injuries","No Fatalities"
9.97556626325895e-314,2019-10-22 00:19:00,1,1,0,NA,"N","NOT COLLISION W/MOTOR VEHICLE-TRANSPORT","RAIN","Dark-Unknown Lighting","DIVISION ST & BROADWAY","NASHVILLE","MIDTOW",36.14887,-86.79858,"","37212","2019","October","Fall","00","Tuesday","Weekday","Injuries","No Fatalities"
9.97556627165807e-314,2019-10-22 00:10:00,2,0,0,NA,"N","ANGLE","RAIN","DARK - NOT LIGHTED","TODD PREIS DR & SAWYER BROWN RD","NASHVILLE","WEST",36.07111,-86.94705,"MOTOR VEHICLE IN TRANSPORT","37221","2019","October","Fall","00","Tuesday","Weekday","No Injuries","No Fatalities"
9.97556627511653e-314,2019-10-22 00:19:00,2,0,0,NA,"N","Front to Rear","RAIN","DARK - LIGHTED","MURFREESBORO PKE & MCGAVOCK PKE","NASHVILLE","SOUTH",36.11652,-86.69759,"MOTOR VEHICLE IN TRANSPORT","37217","2019","October","Fall","00","Tuesday","Weekday","No Injuries","No Fatalities"
9.9755662854919e-314,2019-10-22 00:40:00,1,0,0,NA,"N","NOT COLLISION W/MOTOR VEHICLE-TRANSPORT","RAIN","DARK - NOT LIGHTED","WILLARD DR & WILLOW LN","NASHVILLE","SOUTH",36.0774,-86.70263,"MAIL BOX","37211","2019","October","Fall","00","Tuesday","Weekday","No Injuries","No Fatalities"
9.97556631760617e-314,2019-10-22 01:20:00,2,1,0,NA,"N","ANGLE","RAIN","DARK - NOT LIGHTED","EDMONDSON PKE & MT PISGAH RD","NASHVILLE","MIDTOW",36.02493,-86.74237,"MOTOR VEHICLE IN TRANSPORT","37211","2019","October","Fall","01","Tuesday","Weekday","Injuries","No Fatalities"
9.97559022396058e-314,2019-11-11 06:00:00,2,0,0,NA,"N","Front to Rear","RAIN","OTHER","MM 48 3 I 24","NASHVILLE","CENTRA",36.17187,-86.76856,"MOTOR VEHICLE IN TRANSPORT","37213","2019","November","Fall","06","Monday","Weekday","No Injuries","No Fatalities"
9.97559034550073e-314,2019-11-12 00:01:00,2,2,0,NA,"N","ANGLE","RAIN","DARK - LIGHTED","LEBANON PKE & ANDREW JACKSON PKWY","HERMITAGE","HERMIT",36.21498,-86.591,"MOTOR VEHICLE IN TRANSPORT","37076","2019","November","Fall","00","Tuesday","Weekday","Injuries","No Fatalities"
9.97559036625148e-314,2019-11-12 00:23:00,2,1,0,NA,"Y","Front to Rear","RAIN","DARK - LIGHTED","ROSA L PARKS BLVD & JEFFERSON ST","NASHVILLE","CENTRA",36.17355,-86.79158,"MOTOR VEHICLE IN TRANSPORT","37219","2019","November","Fall","00","Tuesday","Weekday","Injuries","No Fatalities"
9.97559037267434e-314,2019-11-12 00:30:00,2,0,0,NA,"N","Front to Rear","RAIN","Dark-Unknown Lighting","BELL RD & STEWARTS FERRY PKE","NASHVILLE","HERMIT",36.1521,-86.62506,"MOTOR VEHICLE IN TRANSPORT","37214","2019","November","Fall","00","Tuesday","Weekday","No Injuries","No Fatalities"
9.9755903746506e-314,2019-11-12 00:37:00,2,2,0,NA,"N","Front to Rear","RAIN","DARK - NOT LIGHTED","MM 58 6 I 24","ANTIOCH","SOUTH",36.05225,-86.67071,"MOTOR VEHICLE IN TRANSPORT","37013","2019","November","Fall","00","Tuesday","Weekday","Injuries","No Fatalities"
9.97559037514466e-314,2019-11-12 00:35:00,2,0,0,NA,"N","SIDESWIPE - SAME DIRECTION","RAIN","DARK - LIGHTED","HILLSBORO PKE & ABBOTT MARTIN RD","NASHVILLE","WEST",36.10621,-86.81365,"MOTOR VEHICLE IN TRANSPORT","37215","2019","November","Fall","00","Tuesday","Weekday","No Injuries","No Fatalities"
9.97559038008532e-314,2019-11-12 00:01:00,2,1,0,NA,"N","Front to Rear","RAIN","DARK - LIGHTED","MM 79 4 I 65","NASHVILLE","MIDTOW",36.10453,-86.76686,"MOTOR VEHICLE IN TRANSPORT","37204","2019","November","Fall","00","Tuesday","Weekday","Injuries","No Fatalities"
9.97559038304971e-314,2019-11-12 00:40:00,1,0,0,NA,"N","NOT COLLISION W/MOTOR VEHICLE-TRANSPORT","RAIN","DARK - LIGHTED","MM 86 5 I 65","NASHVILLE","NORTH",36.19328,-86.77701,"GUARDRAIL FACE","37207","2019","November","Fall","00","Tuesday","Weekday","No Injuries","No Fatalities"
9.97559038354378e-314,2019-11-12 00:15:00,2,0,0,NA,"N","Front to Rear","RAIN","DARK - LIGHTED","MM 80 2 I 65","NASHVILLE","MIDTOW",36.11593,-86.77326,"MOTOR VEHICLE IN TRANSPORT","37204","2019","November","Fall","00","Tuesday","Weekday","No Injuries","No Fatalities"
9.97559038453191e-314,2019-11-12 00:50:00,2,0,0,NA,"N","Front to Rear","RAIN","DAYLIGHT","MM 86 4 I 65","NASHVILLE","EAST",36.1941,-86.77637,"MOTOR VEHICLE IN TRANSPORT","37207","2019","November","Fall","00","Tuesday","Weekday","No Injuries","No Fatalities"
9.97559039243696e-314,2019-11-12 01:05:00,2,1,0,NA,"N","HEAD-ON","RAIN","DARK - LIGHTED","CUMBERLAND AV & GALLATIN PKEN","MADISON","MADISO",36.26793,-86.71077,"MOTOR VEHICLE IN TRANSPORT","37115","2019","November","Fall","01","Tuesday","Weekday","Injuries","No Fatalities"
9.97559039836575e-314,2019-11-12 01:18:00,1,1,0,NA,"N","NOT COLLISION W/MOTOR VEHICLE-TRANSPORT","RAIN","DARK - NOT LIGHTED","MM 40 0 I 24","WHITES CREEK","NORTH",36.28332,-86.80547,"GUARDRAIL FACE;DITCH;Ran Off Road-Right;EMBANKMENT EARTH","37189","2019","November","Fall","01","Tuesday","Weekday","Injuries","No Fatalities"
9.97559040034201e-314,2019-11-11 06:00:00,2,0,0,NA,"N","Front to Rear","RAIN","DARK - LIGHTED","GALLATIN AV & N 11TH ST","NASHVILLE","EAST",36.17973,-86.75009,"MOTOR VEHICLE IN TRANSPORT","37206","2019","November","Fall","06","Monday","Weekday","No Injuries","No Fatalities"
9.97559042850375e-314,2019-11-12 00:19:00,2,0,0,NA,"Y","ANGLE","RAIN","DARK - LIGHTED","CENTRAL PKE & BURNING TREE DR","HERMITAGE","HERMIT",36.17293,-86.60094,"MOTOR VEHICLE IN TRANSPORT","37076","2019","November","Fall","00","Tuesday","Weekday","No Injuries","No Fatalities"
9.97559043393848e-314,2019-11-12 02:01:00,2,0,0,NA,"N","SIDESWIPE - SAME DIRECTION","RAIN","DARK - LIGHTED","MM 49 5 I 24","NASHVILLE","CENTRA",36.15993,-86.7601,"MOTOR VEHICLE IN TRANSPORT","37210","2019","November","Fall","02","Tuesday","Weekday","No Injuries","No Fatalities"
9.97559044036133e-314,2019-11-12 02:05:00,1,0,0,NA,"N","NOT COLLISION W/MOTOR VEHICLE-TRANSPORT","RAIN","DARK - LIGHTED","PETTUS RD & PRESTON RD","ANTIOCH","SOUTH",36.0252,-86.66475,"","37013","2019","November","Fall","02","Tuesday","Weekday","No Injuries","No Fatalities"
9.97559044480792e-314,2019-11-12 02:00:00,2,2,0,NA,"N","ANGLE","RAIN","DARK - LIGHTED","WEST END AV & 21ST AVN","NASHVILLE","MIDTOW",36.15034,-86.80153,"MOTOR VEHICLE IN TRANSPORT","37240","2019","November","Fall","02","Tuesday","Weekday","Injuries","No Fatalities"
9.97559046160615e-314,2019-11-11 06:00:00,2,0,0,NA,"Y","Front to Rear","RAIN","DARK - LIGHTED","HERMAN ST & 22ND AVN","NASHVILLE","NORTH",36.16222,-86.81099,"MOTOR VEHICLE IN TRANSPORT;PARKED MOTOR VEHICLE","37208","2019","November","Fall","06","Monday","Weekday","No Injuries","No Fatalities"
9.97559048285097e-314,2019-11-12 02:54:00,1,0,0,NA,"N","NOT COLLISION W/MOTOR VEHICLE-TRANSPORT","RAIN","DARK - NOT LIGHTED","SAWYER BROWN RD & TODD PREIS DR","NASHVILLE","WEST",36.071072,-86.94711,"CURB","37221","2019","November","Fall","02","Tuesday","Weekday","No Injuries","No Fatalities"
9.97559048581537e-314,2019-11-12 03:04:00,2,0,0,NA,"N","ANGLE","RAIN","DARK - LIGHTED","MURFREESBORO PKE & MOUNTAIN SPRINGS RD","ANTIOCH","SOUTH",36.04784,-86.61205,"MOTOR VEHICLE IN TRANSPORT","37013","2019","November","Fall","03","Tuesday","Weekday","No Injuries","No Fatalities"
9.9755904882857e-314,2019-11-12 02:34:00,4,0,0,NA,"Y","Front to Rear","RAIN","DARK - LIGHTED","BELL RD & ANDERSON RD","NASHVILLE","HERMIT",36.07518,-86.63498,"MOTOR VEHICLE IN TRANSPORT","37217","2019","November","Fall","02","Tuesday","Weekday","No Injuries","No Fatalities"
9.97559049767294e-314,2019-11-12 03:00:00,2,0,0,NA,"N","Front to Rear","RAIN","DARK - LIGHTED","STEWARTS FERRY PKE & BELL RD","NASHVILLE","HERMIT",36.1524,-86.62507,"MOTOR VEHICLE IN TRANSPORT","37214","2019","November","Fall","03","Tuesday","Weekday","No Injuries","No Fatalities"
9.97559050804832e-314,2019-11-12 03:45:00,2,1,0,NA,"N","Front to Rear","RAIN","DARK - LIGHTED","MM 81 5 I 65","NASHVILLE","MIDTOW",36.13624,-86.77584,"MOTOR VEHICLE IN TRANSPORT","37203","2019","November","Fall","03","Tuesday","Weekday","Injuries","No Fatalities"
9.97559052978721e-314,2019-11-12 03:00:00,2,0,0,NA,"Y","SIDESWIPE - OPPOSITE DIRECTION","RAIN","DARK - LIGHTED","MOSSDALE DR & BELL RD","NASHVILLE","HERMIT",36.08278,-86.6287,"MOTOR VEHICLE IN TRANSPORT","37217","2019","November","Fall","03","Tuesday","Weekday","No Injuries","No Fatalities"
9.97559069282887e-314,2019-11-12 07:30:00,1,0,0,NA,"N","NOT COLLISION W/MOTOR VEHICLE-TRANSPORT","RAIN","DARK - LIGHTED","MM 218 0 I 40","NASHVILLE","HERMIT",36.14662,-86.64373,"OTHER ANIMAL","37217","2019","November","Fall","07","Tuesday","Weekday","No Injuries","No Fatalities"
9.97557595386253e-314,2019-10-30 09:22:00,2,1,0,NA,"N","ANGLE","RAIN","DARK - NOT LIGHTED","305 AURORA AV","MADISON","MADISO",36.28356,-86.70216,"PARKED MOTOR VEHICLE","37115","2019","October","Fall","09","Wednesday","Weekday","Injuries","No Fatalities"
9.97557596819043e-314,2019-10-30 09:40:00,2,0,0,NA,"N","Front to Rear","RAIN","DARK - NOT LIGHTED","HARDING PL & EZELL PKE","NASHVILLE","SOUTH",36.08927,-86.68901,"MOTOR VEHICLE IN TRANSPORT","37211","2019","October","Fall","09","Wednesday","Weekday","No Injuries","No Fatalities"
9.97557598745899e-314,2019-10-30 09:45:00,2,0,0,NA,"N","Front to Rear","RAIN","DARK - LIGHTED","I440 W EXT RAMP & I 440","NASHVILLE","SOUTH",36.13786,-86.82064,"MOTOR VEHICLE IN TRANSPORT","37210","2019","October","Fall","09","Wednesday","Weekday","No Injuries","No Fatalities"