"Accident.Number","Date.and.Time","Number.of.Motor.Vehicles","Number.of.Injuries","Number.of.Fatalities","Property.Damage","Hit.and.Run","Collision.Type.Description","Weather.Description","Illumination.Description","Street.Address","City","Precinct","Latitude","Longitude","HarmfulDescriptions","Zip.Code","Year","Month","Season","Hour","Weekday","DayType","Accident","Fatality_category"
9.97557599388184e-314,2019-10-30 10:09:00,1,0,0,NA,"N","NOT COLLISION W/MOTOR VEHICLE-TRANSPORT","RAIN","DARK - LIGHTED","MM 49 3 I 24","NASHVILLE","EAST",36.16155,-86.76075,"CONCRETE TRAFFIC BARRIER","37206","2019","October","Fall","10","Wednesday","Weekday","No Injuries","No Fatalities"
9.9755759973403e-314,2019-10-30 10:10:00,2,0,0,NA,"Y","SIDESWIPE - SAME DIRECTION","RAIN","DARK - LIGHTED","MM 48 7 I 24","NASHVILLE","CENTRA",36.16993,-86.76683,"MOTOR VEHICLE IN TRANSPORT","37213","2019","October","Fall","10","Wednesday","Weekday","No Injuries","No Fatalities"
9.97557600228096e-314,2019-10-30 10:20:00,1,0,0,NA,"N","NOT COLLISION W/MOTOR VEHICLE-TRANSPORT","RAIN","DARK - LIGHTED","MM 88 9 I 65","NASHVILLE","MADISO",36.22928,-86.77212,"BRIDGE RAIL","37207","2019","October","Fall","10","Wednesday","Weekday","No Injuries","No Fatalities"
9.97557602056139e-314,2019-10-30 10:55:00,1,1,0,NA,"N","NOT COLLISION W/MOTOR VEHICLE-TRANSPORT","RAIN","DARK - LIGHTED","MM 54 2 I 24","NASHVILLE","SOUTH",36.10444,-86.71646,"GUARDRAIL FACE;CONCRETE TRAFFIC BARRIER","37211","2019","October","Fall","10","Wednesday","Weekday","Injuries","No Fatalities"
9.97557603834775e-314,2019-10-30 11:17:00,2,0,0,NA,"Y","SIDESWIPE - SAME DIRECTION","RAIN","DARK - LIGHTED","I40 W EXT RAMP & I 40","NASHVILLE","CENTRA",36.14122,-86.6632,"MOTOR VEHICLE IN TRANSPORT","37203","2019","October","Fall","11","Wednesday","Weekday","No Injuries","No Fatalities"
9.97557604131215e-314,2019-10-30 11:28:00,1,0,0,NA,"Y","NOT COLLISION W/MOTOR VEHICLE-TRANSPORT","RAIN","DARK - LIGHTED","BAPTIST WORLD CENTER DR & HAYNES ST","NASHVILLE","NORTH",36.20516,-86.79015,"EMBANKMENT EARTH","37207","2019","October","Fall","11","Wednesday","Weekday","No Injuries","No Fatalities"
9.97557604674687e-314,2019-10-30 11:30:00,1,0,0,NA,"N","NOT COLLISION W/MOTOR VEHICLE-TRANSPORT","RAIN","DARK - LIGHTED","BRILEY PKWY N ENT RAMP & BRILEY PKWYN","NASHVILLE","WEST",36.1699,-86.68823,"CONCRETE TRAFFIC BARRIER","37209","2019","October","Fall","11","Wednesday","Weekday","No Injuries","No Fatalities"
9.97557604872313e-314,2019-10-30 12:00:00,2,0,0,NA,"N","ANGLE","RAIN","DAWN","US HWY 431 & GREEN HILLS VILLAGE DR","NASHVILLE","MIDTOW",36.10712,-86.81308,"MOTOR VEHICLE IN TRANSPORT","37215","2019","October","Fall","12","Wednesday","Weekday","No Injuries","No Fatalities"
9.97557605415785e-314,2019-10-30 11:47:00,1,1,0,NA,"N","NOT COLLISION W/MOTOR VEHICLE-TRANSPORT","RAIN","DARK - LIGHTED","4TH AVN & UNION ST","NASHVILLE","CENTRA",36.16505,-86.77983,"PEDESTRIAN","37219","2019","October","Fall","11","Wednesday","Weekday","Injuries","No Fatalities"
9.97557605761631e-314,2019-10-30 11:00:00,1,0,0,NA,"N","NOT COLLISION W/MOTOR VEHICLE-TRANSPORT","RAIN","DARK - LIGHTED","MM 205 5 I 40","NASHVILLE","WEST",36.15531,-86.82909,"CONCRETE TRAFFIC BARRIER","37209","2019","October","Fall","11","Wednesday","Weekday","No Injuries","No Fatalities"
9.9755760635451e-314,2019-10-30 10:45:00,2,0,0,NA,"N","ANGLE","RAIN","DARK - LIGHTED","STATE HWY 254 & RAMP","NASHVILLE","SOUTH",36.04596,-86.65805,"MOTOR VEHICLE IN TRANSPORT","37211","2019","October","Fall","10","Wednesday","Weekday","No Injuries","No Fatalities"
9.97557606700356e-314,2019-10-30 11:24:00,2,0,0,NA,"N","Front to Rear","RAIN","DARK - LIGHTED","OLD LEBANON DIRT RD & ANDREW JACKSON PKW","HERMITAGE","HERMIT",36.18795,-86.60777,"MOTOR VEHICLE IN TRANSPORT","37076","2019","October","Fall","11","Wednesday","Weekday","No Injuries","No Fatalities"
9.97557606848576e-314,2019-10-30 11:03:00,3,0,0,NA,"N","Front to Rear","RAIN","DARK - NOT LIGHTED","MM 32 4 I 24","JOELTON","NORTH",36.33563,-86.91047,"MOTOR VEHICLE IN TRANSPORT","37080","2019","October","Fall","11","Wednesday","Weekday","No Injuries","No Fatalities"
9.97557606996795e-314,2019-10-30 11:57:00,2,0,0,NA,"N","Front to Rear","RAIN","DAWN","MM 49 2 I 24","NASHVILLE","CENTRA",36.16357,-86.7624,"MOTOR VEHICLE IN TRANSPORT","37213","2019","October","Fall","11","Wednesday","Weekday","No Injuries","No Fatalities"
9.97557607095609e-314,2019-10-30 11:41:00,2,0,0,NA,"N","Front to Rear","RAIN","DARK - LIGHTED","MM 87 2 I 65","NASHVILLE","EAST",36.20572,-86.77656,"MOTOR VEHICLE IN TRANSPORT","37207","2019","October","Fall","11","Wednesday","Weekday","No Injuries","No Fatalities"
9.97557607984927e-314,2019-10-30 10:56:00,2,0,0,NA,"N","Front to Rear","RAIN","DAYLIGHT","MM 40 3 I 24","WHITES CREEK","MADISO",36.27992,-86.80305,"MOTOR VEHICLE IN TRANSPORT","37189","2019","October","Fall","10","Wednesday","Weekday","No Injuries","No Fatalities"
9.97557608923651e-314,2019-10-30 12:20:00,2,2,0,NA,"N","HEAD-ON","RAIN","DAYLIGHT","GALLATIN PKE & STRATFORD AV","NASHVILLE","EAST",36.21449,-86.73052,"MOTOR VEHICLE IN TRANSPORT","37216","2019","October","Fall","12","Wednesday","Weekday","Injuries","No Fatalities"
9.97557609220091e-314,2019-10-30 12:15:00,2,1,0,NA,"N","ANGLE","RAIN","DAYLIGHT","OLD HICKORY BLVD & BELLE VALLEY DR","NASHVILLE","WEST",36.10168,-86.92281,"MOTOR VEHICLE IN TRANSPORT","37221","2019","October","Fall","12","Wednesday","Weekday","Injuries","No Fatalities"
9.97557610455255e-314,2019-10-30 12:27:00,1,0,0,NA,"N","NOT COLLISION W/MOTOR VEHICLE-TRANSPORT","RAIN","DAYLIGHT","BABY RUTH LN & MT VIEW RD","ANTIOCH","SOUTH",36.0435,-86.6407,"FENCE","37013","2019","October","Fall","12","Wednesday","Weekday","No Injuries","No Fatalities"
9.97557610751694e-314,2019-10-30 12:22:00,2,0,0,NA,"N","Front to Rear","RAIN","DAYLIGHT","ESTES RD & SNEED TER","NASHVILLE","WEST",36.10868,-86.83754,"MOTOR VEHICLE IN TRANSPORT","37215","2019","October","Fall","12","Wednesday","Weekday","No Injuries","No Fatalities"
9.97557610801101e-314,2019-10-30 12:41:00,2,2,0,NA,"N","ANGLE","RAIN","DAYLIGHT","APACHE TRL & BARELLA DR","ANTIOCH","SOUTH",36.06185,-86.68255,"MOTOR VEHICLE IN TRANSPORT","37013","2019","October","Fall","12","Wednesday","Weekday","Injuries","No Fatalities"
9.9755761139398e-314,2019-10-30 12:48:00,2,0,0,NA,"N","Front to Rear","RAIN","DAYLIGHT","GRANNY WHITE PKE & TYNE BLVD","NASHVILLE","MIDTOW",36.08029,-86.80546,"MOTOR VEHICLE IN TRANSPORT","37220","2019","October","Fall","12","Wednesday","Weekday","No Injuries","No Fatalities"
9.97557611492793e-314,2019-10-30 12:45:00,2,0,0,NA,"N","Front to Rear","RAIN","DAYLIGHT","CLARKSVILLE PKE & FAIRVIEW DR","NASHVILLE","NORTH",36.211,-86.83893,"MOTOR VEHICLE IN TRANSPORT","37218","2019","October","Fall","12","Wednesday","Weekday","No Injuries","No Fatalities"
9.97557612036265e-314,2019-10-30 12:50:00,2,0,0,NA,"Y","ANGLE","RAIN","DAYLIGHT","MM 86 8 I 65","NASHVILLE","NORTH",36.19891,-86.77609,"MOTOR VEHICLE IN TRANSPORT","37207","2019","October","Fall","12","Wednesday","Weekday","No Injuries","No Fatalities"
9.97557612283298e-314,2019-10-30 12:58:00,1,1,0,NA,"N","NOT COLLISION W/MOTOR VEHICLE-TRANSPORT","RAIN","DAYLIGHT","ARMORY DR & RAMP","NASHVILLE","MIDTOW",36.10207,-86.76346,"GUARDRAIL FACE","37204","2019","October","Fall","12","Wednesday","Weekday","Injuries","No Fatalities"
9.97557612579737e-314,2019-10-30 12:43:00,3,1,0,NA,"N","Front to Rear","RAIN","DAYLIGHT","WHITES CREEK PKE & SYCAMORE CREEK RD","JOELTON","NORTH",36.38145,-86.89467,"MOTOR VEHICLE IN TRANSPORT","37080","2019","October","Fall","12","Wednesday","Weekday","Injuries","No Fatalities"
9.97557615395911e-314,2019-10-30 12:51:00,2,0,0,NA,"N","Front to Rear","RAIN","DAYLIGHT","N 1ST ST & DICKERSON PKE","NASHVILLE","EAST",36.18281,-86.77392,"MOTOR VEHICLE IN TRANSPORT","37207","2019","October","Fall","12","Wednesday","Weekday","No Injuries","No Fatalities"
9.97557654575317e-314,2019-10-30 05:00:00,2,2,0,NA,"N","Front to Rear","RAIN","DAYLIGHT","GALLATIN PKE & BROADMOOR DR","NASHVILLE","EAST",36.22906,-86.72515,"MOTOR VEHICLE IN TRANSPORT","37216","2019","October","Fall","05","Wednesday","Weekday","Injuries","No Fatalities"
9.97557672114648e-314,2019-10-30 05:00:00,2,0,0,NA,"N","SIDESWIPE - SAME DIRECTION","RAIN","DARK - LIGHTED","MM 84 8 I 65","NASHVILLE","NORTH",36.17782,-86.80098,"MOTOR VEHICLE IN TRANSPORT","37208","2019","October","Fall","05","Wednesday","Weekday","No Injuries","No Fatalities"
9.97557673448625e-314,2019-10-31 00:20:00,3,2,0,NA,"N","Front to Rear","RAIN","DARK - LIGHTED","MM 2 1 I 440","NASHVILLE","WEST",36.12899,-86.81613,"MOTOR VEHICLE IN TRANSPORT","37215","2019","October","Fall","00","Thursday","Weekday","Injuries","No Fatalities"
9.97557676017766e-314,2019-10-31 00:53:00,1,0,0,NA,"N","NOT COLLISION W/MOTOR VEHICLE-TRANSPORT","RAIN","DARK - LIGHTED","MM 85 4 I 65","NASHVILLE","NORTH",36.18749,-86.79492,"GUARDRAIL FACE","37208","2019","October","Fall","00","Thursday","Weekday","No Injuries","No Fatalities"
9.97557676067173e-314,2019-10-31 00:17:00,2,0,0,NA,"N","Front to Rear","RAIN","DARK - NOT LIGHTED","I65 N EXT RAMP & SIDCO DR","NASHVILLE","MIDTOW",36.08201,-86.76176,"MOTOR VEHICLE IN TRANSPORT","37220","2019","October","Fall","00","Thursday","Weekday","No Injuries","No Fatalities"
9.97557679673852e-314,2019-10-31 01:32:00,2,1,0,NA,"N","ANGLE","RAIN","DARK - NOT LIGHTED","MM 44 3 I 24","NASHVILLE","NORTH",36.22851,-86.77956,"MOTOR VEHICLE IN TRANSPORT","37207","2019","October","Fall","01","Thursday","Weekday","Injuries","No Fatalities"
9.97557680661983e-314,2019-10-31 00:35:00,2,0,0,NA,"N","SIDESWIPE - SAME DIRECTION","RAIN","DARK - NOT LIGHTED","EDMONDSON PKE & MCMURRAY DR","NASHVILLE","MIDTOW",36.05583,-86.74248,"MOTOR VEHICLE IN TRANSPORT","37220","2019","October","Fall","00","Thursday","Weekday","No Injuries","No Fatalities"
9.97557681650114e-314,2019-10-31 01:00:00,2,0,0,NA,"N","Front to Rear","RAIN","DARK - NOT LIGHTED","SHUTE LN & CHASE BLVD","OLD HICKORY","HERMIT",36.22503,-86.60337,"MOTOR VEHICLE IN TRANSPORT","37138","2019","October","Fall","01","Thursday","Weekday","No Injuries","No Fatalities"
9.97557685256794e-314,2019-10-31 02:00:00,1,0,0,NA,"N","NOT COLLISION W/MOTOR VEHICLE-TRANSPORT","RAIN","DARK - NOT LIGHTED","I65 N ENT RAMP & I 40","NASHVILLE","NORTH",36.17254,-86.79928,"OTHER OBJECT (NOT FIXED)","37208","2019","October","Fall","02","Thursday","Weekday","No Injuries","No Fatalities"
9.97557686195518e-314,2019-10-31 02:53:00,2,1,0,NA,"N","Front to Rear","RAIN","DARK - LIGHTED","CAHAL AV & GALLATIN AV","NASHVILLE","EAST",36.19666,-86.74225,"MOTOR VEHICLE IN TRANSPORT","37206","2019","October","Fall","02","Thursday","Weekday","Injuries","No Fatalities"
9.97557687480089e-314,2019-10-31 03:10:00,1,0,0,NA,"N","NOT COLLISION W/MOTOR VEHICLE-TRANSPORT","RAIN","DARK - LIGHTED","MM 81 2 I 65","NASHVILLE","MIDTOW",36.13164,-86.77431,"OTHER OBJECT (NOT FIXED)","37204","2019","October","Fall","03","Thursday","Weekday","No Injuries","No Fatalities"
9.9755768861644e-314,2019-10-30 05:00:00,2,0,0,NA,"Y","SIDESWIPE - OPPOSITE DIRECTION","RAIN","DARK - LIGHTED","GLEAVES ST & 8TH AVS","NASHVILLE","CENTRA",36.15187,-86.77989,"PARKED MOTOR VEHICLE","37203","2019","October","Fall","05","Wednesday","Weekday","No Injuries","No Fatalities"
9.97557689505758e-314,2019-10-31 02:20:00,2,0,0,NA,"N","Front to Rear","RAIN","DARK - LIGHTED","WEST END AV & WILSON BLVDS","NASHVILLE","WEST",36.13148,-86.83414,"MOTOR VEHICLE IN TRANSPORT","37205","2019","October","Fall","02","Thursday","Weekday","No Injuries","No Fatalities"
9.9755769004923e-314,2019-10-30 05:00:00,1,1,0,NA,"N","NOT COLLISION W/MOTOR VEHICLE-TRANSPORT","RAIN","DARK - LIGHTED","MOORMANS ARM RD & CROUCH DR","NASHVILLE","NORTH",36.21584,-86.814,"MOTOR VEHICLE IN TRANSPORT;CURB","37207","2019","October","Fall","05","Wednesday","Weekday","Injuries","No Fatalities"
9.97557695187513e-314,2019-10-31 04:56:00,2,0,0,NA,"Y","SIDESWIPE - SAME DIRECTION","RAIN","DARK - LIGHTED","LOGISTICS WAY & OLD HICKORY BLVD","ANTIOCH","SOUTH",36.03025,-86.61261,"MOTOR VEHICLE IN TRANSPORT","37013","2019","October","Fall","04","Thursday","Weekday","No Injuries","No Fatalities"
9.9755769681793e-314,2019-10-31 03:10:00,1,0,0,NA,"N","NOT COLLISION W/MOTOR VEHICLE-TRANSPORT","RAIN","DARK - LIGHTED","MM 81 4 I 65","NASHVILLE","MIDTOW",36.13412,-86.77555,"OTHER OBJECT (NOT FIXED)","37203","2019","October","Fall","03","Thursday","Weekday","No Injuries","No Fatalities"
9.97557707588561e-314,2019-10-31 07:00:00,1,0,0,NA,"Y","NOT COLLISION W/MOTOR VEHICLE-TRANSPORT","RAIN","DARK - LIGHTED","I65 S ENT RAMP & I 24","NASHVILLE","EAST",36.22444,-86.77604,"","37207","2019","October","Fall","07","Thursday","Weekday","No Injuries","No Fatalities"
9.97557708823725e-314,2019-10-31 07:29:00,2,1,0,NA,"N","ANGLE","RAIN","DARK - LIGHTED","MM 211 1 I 40","NASHVILLE","HERMIT",36.15391,-86.75819,"MOTOR VEHICLE IN TRANSPORT;GUARDRAIL FACE","37210","2019","October","Fall","07","Thursday","Weekday","Injuries","No Fatalities"
9.97557709169571e-314,2019-10-31 07:38:00,1,0,0,NA,"N","NOT COLLISION W/MOTOR VEHICLE-TRANSPORT","RAIN","DARK - LIGHTED","BRILEY PKWYS & BRILEY PKWYN","NASHVILLE","NORTH",36.11558,-86.70515,"CONCRETE TRAFFIC BARRIER","37218","2019","October","Fall","07","Thursday","Weekday","No Injuries","No Fatalities"
9.9755771593827e-314,2019-10-31 09:35:00,1,1,0,NA,"N","NOT COLLISION W/MOTOR VEHICLE-TRANSPORT","RAIN","DARK - NOT LIGHTED","MM 198 9 I 40","NASHVILLE","WEST",36.10726,-86.92803,"EMBANKMENT ROCK/STONE/CONCRETE","37221","2019","October","Fall","09","Thursday","Weekday","Injuries","No Fatalities"
9.97557718853258e-314,2019-10-31 10:22:00,1,1,0,NA,"N","NOT COLLISION W/MOTOR VEHICLE-TRANSPORT","RAIN","DARK - NOT LIGHTED","MM 53 7 I 24","NASHVILLE","SOUTH",36.10952,-86.72172,"CONCRETE TRAFFIC BARRIER","37211","2019","October","Fall","10","Thursday","Weekday","Injuries","No Fatalities"
9.97557720137828e-314,2019-10-31 10:00:00,1,0,0,NA,"Y","NOT COLLISION W/MOTOR VEHICLE-TRANSPORT","RAIN","Dark-Unknown Lighting","MM 56 0 I 24","NASHVILLE","SOUTH",36.0824,-86.69791,"OTHER OBJECT (NOT FIXED)","37211","2019","October","Fall","10","Thursday","Weekday","No Injuries","No Fatalities"
9.97557720236641e-314,2019-10-31 10:22:00,3,1,0,NA,"N","SIDESWIPE - SAME DIRECTION","RAIN","DARK - LIGHTED","MM 54 4 I 24","NASHVILLE","SOUTH",36.10243,-86.71367,"MOTOR VEHICLE IN TRANSPORT","37211","2019","October","Fall","10","Thursday","Weekday","Injuries","No Fatalities"
9.97557720582487e-314,2019-10-31 10:44:00,1,1,0,NA,"N","NOT COLLISION W/MOTOR VEHICLE-TRANSPORT","RAIN","DARK - LIGHTED","3500 HARRISON ST","NASHVILLE","MIDTOW",36.09856,-86.73893,"PEDESTRIAN","37211","2019","October","Fall","10","Thursday","Weekday","Injuries","No Fatalities"
9.97557720631894e-314,2019-10-31 10:48:00,2,0,0,NA,"Y","SIDESWIPE - SAME DIRECTION","RAIN","DARK - LIGHTED","BRILEY PKWYN & BRILEY PKWY N ENT RAMP","NASHVILLE","HERMIT",36.17401,-86.68964,"MOTOR VEHICLE IN TRANSPORT;CONCRETE TRAFFIC BARRIER","37214","2019","October","Fall","10","Thursday","Weekday","No Injuries","No Fatalities"
9.97557720681301e-314,2019-10-31 10:52:00,1,0,0,NA,"N","NOT COLLISION W/MOTOR VEHICLE-TRANSPORT","RAIN","DARK - LIGHTED","GRANNY WHITE PKE & DUNCANWOOD DR","NASHVILLE","MIDTOW",36.09856,-86.80095,"OTHER OBJECT (NOT FIXED)","37204","2019","October","Fall","10","Thursday","Weekday","No Injuries","No Fatalities"
9.97557721027146e-314,2019-10-31 10:33:00,3,0,0,NA,"Y","Front to Rear","RAIN","DARK - LIGHTED","MM 54 4 I 24","NASHVILLE","SOUTH",36.10271,-86.71369,"MOTOR VEHICLE IN TRANSPORT","37211","2019","October","Fall","10","Thursday","Weekday","No Injuries","No Fatalities"
9.97557721718838e-314,2019-10-31 11:05:00,2,2,0,NA,"N","ANGLE","RAIN","DAWN","HERMITAGE AV & PEABODY ST","NASHVILLE","CENTRA",36.15721,-86.77,"MOTOR VEHICLE IN TRANSPORT","37201","2019","October","Fall","11","Thursday","Weekday","Injuries","No Fatalities"
9.97557721768245e-314,2019-10-31 11:11:00,1,0,0,NA,"N","NOT COLLISION W/MOTOR VEHICLE-TRANSPORT","RAIN","DARK - LIGHTED","MM 213 0 I 40","NASHVILLE","HERMIT",36.14067,-86.7321,"WALL","37210","2019","October","Fall","11","Thursday","Weekday","No Injuries","No Fatalities"
9.97557721867058e-314,2019-10-31 10:52:00,1,0,0,NA,"N","NOT COLLISION W/MOTOR VEHICLE-TRANSPORT","RAIN","DARK - LIGHTED","GRANNY WHITE PKE & DUNCANWOOD DR","NASHVILLE","MIDTOW",36.09858,-86.80094,"OTHER OBJECT (NOT FIXED)","37204","2019","October","Fall","10","Thursday","Weekday","No Injuries","No Fatalities"
9.97557721916465e-314,2019-10-31 10:52:00,1,0,0,NA,"N","NOT COLLISION W/MOTOR VEHICLE-TRANSPORT","RAIN","DARK - LIGHTED","GRANNY WHITE PKE & DUNCANWOOD DR","NASHVILLE","MIDTOW",36.09858,-86.80094,"OTHER OBJECT (NOT FIXED)","37204","2019","October","Fall","10","Thursday","Weekday","No Injuries","No Fatalities"
9.97557722015278e-314,2019-10-31 11:18:00,3,0,0,NA,"N","Front to Rear","RAIN","Dark-Unknown Lighting","MM 54 0 I 24","NASHVILLE","SOUTH",36.10638,-86.71872,"MOTOR VEHICLE IN TRANSPORT","37211","2019","October","Fall","11","Thursday","Weekday","No Injuries","No Fatalities"
9.97557722212904e-314,2019-10-31 11:02:00,1,0,0,NA,"N","NOT COLLISION W/MOTOR VEHICLE-TRANSPORT","RAIN","DARK - NOT LIGHTED","MM 220 6 I 40","HERMITAGE","HERMIT",36.16931,-86.60551,"CONCRETE TRAFFIC BARRIER","37076","2019","October","Fall","11","Thursday","Weekday","No Injuries","No Fatalities"
9.9755772241053e-314,2019-10-31 11:30:00,5,2,0,NA,"N","Front to Rear","RAIN","DAYLIGHT","WEDGEWOOD AV & 19TH AVS","NASHVILLE","MIDTOW",36.13744,-86.79931,"MOTOR VEHICLE IN TRANSPORT","37212","2019","October","Fall","11","Thursday","Weekday","Injuries","No Fatalities"
9.97557722459937e-314,2019-10-31 11:33:00,2,2,0,NA,"N","Front to Rear","RAIN","DAWN","MM 81 4 I 65","NASHVILLE","MIDTOW",36.13458,-86.77544,"MOTOR VEHICLE IN TRANSPORT","37203","2019","October","Fall","11","Thursday","Weekday","Injuries","No Fatalities"
9.97557722855189e-314,2019-10-31 11:45:00,2,1,0,NA,"N","Front to Rear","RAIN","DAYLIGHT","MM 218 8 I 40","NASHVILLE","HERMIT",36.15418,-86.63202,"MOTOR VEHICLE IN TRANSPORT","37214","2019","October","Fall","11","Thursday","Weekday","Injuries","No Fatalities"
9.97557723349255e-314,2019-10-31 11:44:00,2,0,0,NA,"N","ANGLE","RAIN","DAYLIGHT","DICKERSON PKE & EVANSTON AV","NASHVILLE","EAST",36.19018,-86.77293,"MOTOR VEHICLE IN TRANSPORT","37207","2019","October","Fall","11","Thursday","Weekday","No Injuries","No Fatalities"
9.97557723448068e-314,2019-10-31 11:48:00,3,2,0,NA,"N","ANGLE","RAIN","DAWN","FRANKLIN PKE & LAMBERT DR","NASHVILLE","MIDTOW",36.07921,-86.77286,"MOTOR VEHICLE IN TRANSPORT;PARKED MOTOR VEHICLE","37220","2019","October","Fall","11","Thursday","Weekday","Injuries","No Fatalities"
9.97557723645694e-314,2019-10-31 11:55:00,2,0,0,NA,"N","Front to Rear","RAIN","DARK - LIGHTED","HARDING PKE & HIGHWAY 100","NASHVILLE","WEST",36.09818,-86.87384,"MOTOR VEHICLE IN TRANSPORT","37205","2019","October","Fall","11","Thursday","Weekday","No Injuries","No Fatalities"
9.97557724090353e-314,2019-10-31 12:03:00,3,0,0,NA,"N","Front to Rear","RAIN","DAYLIGHT","EXIT 206 & I 40","NASHVILLE","WEST",36.15538,-86.82345,"MOTOR VEHICLE IN TRANSPORT","37209","2019","October","Fall","12","Thursday","Weekday","No Injuries","No Fatalities"
9.97557724386793e-314,2019-10-31 11:53:00,2,0,0,NA,"N","ANGLE","RAIN","DARK - LIGHTED","GLEN ECHO RD & BENHAM AV","NASHVILLE","MIDTOW",36.10799,-86.80948,"MOTOR VEHICLE IN TRANSPORT","37215","2019","October","Fall","11","Thursday","Weekday","No Injuries","No Fatalities"
9.97557724782045e-314,2019-10-31 12:09:00,2,0,0,NA,"N","Front to Rear","RAIN","DARK - LIGHTED","I24 E EXT RAMP & I 24","NASHVILLE","NORTH",36.16604,-86.76463,"MOTOR VEHICLE IN TRANSPORT","37207","2019","October","Fall","12","Thursday","Weekday","No Injuries","No Fatalities"
9.97557725424331e-314,2019-10-31 12:15:00,2,0,0,NA,"N","SIDESWIPE - SAME DIRECTION","RAIN","DARK - LIGHTED","MM 219 8 I 40","HERMITAGE","HERMIT",36.16306,-86.61769,"MOTOR VEHICLE IN TRANSPORT","37076","2019","October","Fall","12","Thursday","Weekday","No Injuries","No Fatalities"
9.97557725473737e-314,2019-10-31 12:05:00,2,0,0,NA,"N","SIDESWIPE - OPPOSITE DIRECTION","RAIN","DAYLIGHT","ELKMONT DR & HOLBROOK DR","NASHVILLE","SOUTH",36.10185,-86.72863,"PARKED MOTOR VEHICLE","37211","2019","October","Fall","12","Thursday","Weekday","No Injuries","No Fatalities"
9.97557725621957e-314,2019-10-31 12:06:00,2,0,0,NA,"N","Front to Rear","RAIN","DAYLIGHT","I24 E EXT RAMP & I 24","NASHVILLE","NORTH",36.17675,-86.77287,"MOTOR VEHICLE IN TRANSPORT","37207","2019","October","Fall","12","Thursday","Weekday","No Injuries","No Fatalities"
9.97557725819583e-314,2019-10-31 11:45:00,2,0,0,NA,"Y","ANGLE","RAIN","DAYLIGHT","PACKARD DR & EAST RIDGE DR","ANTIOCH","SOUTH",36.0632,-86.69921,"MOTOR VEHICLE IN TRANSPORT","37013","2019","October","Fall","11","Thursday","Weekday","No Injuries","No Fatalities"
9.97557726017209e-314,2019-10-31 11:33:00,2,1,0,NA,"N","Front to Rear","RAIN","DAWN","MM 81 5 I 65","NASHVILLE","MIDTOW",36.1357,-86.77555,"MOTOR VEHICLE IN TRANSPORT","37203","2019","October","Fall","11","Thursday","Weekday","Injuries","No Fatalities"
9.97557726313649e-314,2019-10-31 12:06:00,2,0,0,NA,"N","Front to Rear","RAIN","DAYLIGHT","LEBANON PKE & DISSPAYNE DR","NASHVILLE","HERMIT",36.17227,-86.65014,"MOTOR VEHICLE IN TRANSPORT","37214","2019","October","Fall","12","Thursday","Weekday","No Injuries","No Fatalities"
9.97557726659495e-314,2019-10-31 10:55:00,2,0,0,NA,"N","Front to Rear","RAIN","DARK - LIGHTED","MM 6 8 I 440","NASHVILLE","SOUTH",36.1242,-86.74067,"MOTOR VEHICLE IN TRANSPORT","37210","2019","October","Fall","10","Thursday","Weekday","No Injuries","No Fatalities"
9.97557727697033e-314,2019-10-31 11:40:00,2,0,0,NA,"N","SIDESWIPE - SAME DIRECTION","RAIN","DARK - LIGHTED","MM 54 2 I 24","NASHVILLE","SOUTH",36.10439,-86.71639,"MOTOR VEHICLE IN TRANSPORT","37211","2019","October","Fall","11","Thursday","Weekday","No Injuries","No Fatalities"
9.97557727894659e-314,2019-10-31 12:30:00,3,0,0,NA,"N","Front to Rear","RAIN","OTHER","OLD HARDING PKE & HARPETH RIV MORTON MIL","NASHVILLE","WEST",36.05848,-86.94512,"MOTOR VEHICLE IN TRANSPORT","37221","2019","October","Fall","12","Thursday","Weekday","No Injuries","No Fatalities"
9.97557728092285e-314,2019-10-31 12:32:00,3,2,0,NA,"N","Front to Rear","RAIN","DAYLIGHT","FRANKLIN PKE & FOREST ACRES DR","BRENTWOOD","MIDTOW",36.0635,-86.7743,"MOTOR VEHICLE IN TRANSPORT","37027","2019","October","Fall","12","Thursday","Weekday","Injuries","No Fatalities"
9.97557729574482e-314,2019-10-31 12:48:00,2,0,0,NA,"N","ANGLE","RAIN","DAYLIGHT","MM 49 2 I 24","NASHVILLE","CENTRA",36.16348,-86.7623,"MOTOR VEHICLE IN TRANSPORT","37213","2019","October","Fall","12","Thursday","Weekday","No Injuries","No Fatalities"
9.97557729722702e-314,2019-10-31 12:47:00,2,1,0,NA,"N","Front to Rear","RAIN","DAYLIGHT","HIGHWAY 100 & OLD HICKORY BLVD","NASHVILLE","WEST",36.06073,-86.91615,"MOTOR VEHICLE IN TRANSPORT","37221","2019","October","Fall","12","Thursday","Weekday","Injuries","No Fatalities"
9.97557730167361e-314,2019-10-31 12:04:00,2,0,0,NA,"N","Front to Rear","RAIN","DAYLIGHT","700 MURFREESBORO PKE","NASHVILLE","HERMIT",36.13964,-86.73475,"MOTOR VEHICLE IN TRANSPORT","37210","2019","October","Fall","12","Thursday","Weekday","No Injuries","No Fatalities"
9.97557730859053e-314,2019-10-31 12:55:00,1,0,0,NA,"N","NOT COLLISION W/MOTOR VEHICLE-TRANSPORT","RAIN","DAYLIGHT","BRILEY PKWYE & DOVERSIDE DR","NASHVILLE","MADISO",36.24017,-86.7691,"CONCRETE TRAFFIC BARRIER","37207","2019","October","Fall","12","Thursday","Weekday","No Injuries","No Fatalities"