"Accident.Number","Date.and.Time","Number.of.Motor.Vehicles","Number.of.Injuries","Number.of.Fatalities","Property.Damage","Hit.and.Run","Collision.Type.Description","Weather.Description","Illumination.Description","Street.Address","City","Precinct","Latitude","Longitude","HarmfulDescriptions","Zip.Code","Year","Month","Season","Hour","Weekday","DayType","Accident","Fatality_category"
9.97557731353118e-314,2019-10-31 12:15:00,2,0,0,NA,"N","Front to Rear","RAIN","DAYLIGHT","HOBSON PKE & MURFREESBORO PKE","ANTIOCH","SOUTH",36.04427,-86.60406,"MOTOR VEHICLE IN TRANSPORT","37013","2019","October","Fall","12","Thursday","Weekday","No Injuries","No Fatalities"
9.97557731600151e-314,2019-10-31 05:00:00,2,0,0,NA,"Y","ANGLE","RAIN","DARK - LIGHTED","PEBBLE CREEK DR & MOUNTAIN LAUREL DR","ANTIOCH","SOUTH",36.07172,-86.65797,"MOTOR VEHICLE IN TRANSPORT;PARKED MOTOR VEHICLE;H-WAY TRAFFIC SIGNAL POST;Ran Off Road-Left","37013","2019","October","Fall","05","Thursday","Weekday","No Injuries","No Fatalities"
9.97557731995404e-314,2019-10-31 12:57:00,2,0,0,NA,"N","SIDESWIPE - SAME DIRECTION","RAIN","DARK - LIGHTED","BRILEY PKWYS & BRILEY PKWY S EXT RAMP","NASHVILLE","HERMIT",36.14802,-86.69282,"MOTOR VEHICLE IN TRANSPORT","37210","2019","October","Fall","12","Thursday","Weekday","No Injuries","No Fatalities"
9.97557734910391e-314,2019-10-31 11:59:00,1,0,0,NA,"N","NOT COLLISION W/MOTOR VEHICLE-TRANSPORT","RAIN","DAYLIGHT","RECOVERY RD & WALLACE RD","NASHVILLE","SOUTH",36.0791,-86.72054,"CURB;EMBANKMENT EARTH","37211","2019","October","Fall","11","Thursday","Weekday","No Injuries","No Fatalities"
9.97558606293971e-314,2019-11-08 00:12:00,2,0,0,NA,"N","Front to Rear","RAIN","DARK - LIGHTED","MM 218 0 I 40","NASHVILLE","HERMIT",36.14093,-86.66205,"MOTOR VEHICLE IN TRANSPORT","37217","2019","November","Fall","00","Friday","Weekday","No Injuries","No Fatalities"
9.975586080232e-314,2019-11-08 00:10:00,2,0,0,NA,"N","ANGLE","RAIN","DARK - LIGHTED","MURFREESBORO PKE & BELL RD","ANTIOCH","SOUTH",36.07087,-86.63508,"MOTOR VEHICLE IN TRANSPORT","37013","2019","November","Fall","00","Friday","Weekday","No Injuries","No Fatalities"
9.97557796223938e-314,2019-11-01 01:14:00,2,0,0,NA,"Y","Front to Rear","RAIN","DARK - LIGHTED","DR D B TODD JR BLVD & JEFFERSON ST","NASHVILLE","NORTH",36.16947,-86.80662,"MOTOR VEHICLE IN TRANSPORT-OTHER ROADWAY","37208","2019","November","Fall","01","Friday","Weekday","No Injuries","No Fatalities"
9.97558495524453e-314,2019-11-07 01:33:00,2,0,0,NA,"N","SIDESWIPE - SAME DIRECTION","RAIN","DARK - LIGHTED","CATHY JO DR & NUNLEY DR","NASHVILLE","SOUTH",36.09251,-86.72033,"PARKED MOTOR VEHICLE","37211","2019","November","Fall","01","Thursday","Weekday","No Injuries","No Fatalities"
9.97558541966624e-314,2019-11-07 11:36:00,2,0,0,NA,"N","SIDESWIPE - SAME DIRECTION","RAIN","DARK - LIGHTED","MM 2 3 I 440","NASHVILLE","MIDTOW",36.12586,-86.81404,"MOTOR VEHICLE IN TRANSPORT","37212","2019","November","Fall","11","Thursday","Weekday","No Injuries","No Fatalities"
9.97558542658316e-314,2019-11-07 11:52:00,1,1,0,NA,"N","NOT COLLISION W/MOTOR VEHICLE-TRANSPORT","RAIN","DAYLIGHT","ANTIOCH PKE & CHEROKEE HILLS DR","ANTIOCH","SOUTH",36.07926,-86.68437,"PEDESTRIAN","37013","2019","November","Fall","11","Thursday","Weekday","Injuries","No Fatalities"
9.97558544931017e-314,2019-11-07 11:57:00,2,2,0,NA,"N","ANGLE","RAIN","DAYLIGHT","4TH AVS & I40 E EXT RAMP","NASHVILLE","SOUTH",36.15048,-86.77035,"MOTOR VEHICLE IN TRANSPORT","37210","2019","November","Fall","11","Thursday","Weekday","Injuries","No Fatalities"
9.97558545820336e-314,2019-11-07 12:46:00,3,1,0,NA,"Y","SIDESWIPE - SAME DIRECTION","RAIN","DAWN","MM 62 1 I 24","ANTIOCH","SOUTH",36.01874,-86.62562,"MOTOR VEHICLE IN TRANSPORT","37013","2019","November","Fall","12","Thursday","Weekday","Injuries","No Fatalities"
9.97558546561434e-314,2019-11-07 12:37:00,1,0,0,NA,"N","NOT COLLISION W/MOTOR VEHICLE-TRANSPORT","RAIN","DAWN","CHANDLER RD & W DIVISION ST","HERMITAGE","HERMIT",36.20005,-86.57844,"DEER (ANIMAL)","37076","2019","November","Fall","12","Thursday","Weekday","No Injuries","No Fatalities"
9.9755854675906e-314,2019-11-07 12:42:00,1,1,0,NA,"N","NOT COLLISION W/MOTOR VEHICLE-TRANSPORT","RAIN","DAYLIGHT","ASHLAND CITY HWY & CLINTONDALE DR","NASHVILLE","NORTH",36.20429,-86.85196,"DEER (ANIMAL)","37218","2019","November","Fall","12","Thursday","Weekday","Injuries","No Fatalities"
9.97558550662179e-314,2019-11-07 12:30:00,2,0,0,NA,"Y","ANGLE","RAIN","DAWN","ELM HILL PKE & WRIGHT INDUSTRIES PVTDR","NASHVILLE","HERMIT",36.14398,-86.72058,"MOTOR VEHICLE IN TRANSPORT","37210","2019","November","Fall","12","Thursday","Weekday","No Injuries","No Fatalities"
9.97559909836771e-314,2019-11-19 11:02:00,1,0,0,NA,"N","NOT COLLISION W/MOTOR VEHICLE-TRANSPORT","RAIN","DARK - NOT LIGHTED","JOE PYRON DR & APACHE LN","MADISON","MADISO",36.2424,-86.66716,"DEER (ANIMAL)","37115","2019","November","Fall","11","Tuesday","Weekday","No Injuries","No Fatalities"
9.97559916061998e-314,2019-11-19 12:39:00,2,0,0,NA,"Y","Front to Rear","RAIN","DARK - LIGHTED","MM 211 8 I 40","NASHVILLE","HERMIT",36.14882,-86.74607,"MOTOR VEHICLE IN TRANSPORT;UNKNOWN MOST HARMFUL EVENT","37210","2019","November","Fall","12","Tuesday","Weekday","No Injuries","No Fatalities"
9.97559920113336e-314,2019-11-19 12:54:00,2,0,0,NA,"Y","Front to Rear","RAIN","DAYLIGHT","LINBAR DR & HARDING PL","NASHVILLE","SOUTH",36.08416,-86.70589,"MOTOR VEHICLE IN TRANSPORT","37211","2019","November","Fall","12","Tuesday","Weekday","No Injuries","No Fatalities"
9.97561029932996e-314,2019-11-29 02:14:00,2,1,0,NA,"N","ANGLE","RAIN","DARK - LIGHTED","I24 W EXT RAMP & I 24","NASHVILLE","SOUTH",36.08672,-86.69786,"MOTOR VEHICLE IN TRANSPORT","37211","2019","November","Fall","02","Friday","Weekday","Injuries","No Fatalities"
9.97561030525875e-314,2019-11-28 06:00:00,2,0,0,NA,"N","ANGLE","RAIN","DARK - LIGHTED","WOODLAND ST & S 9TH ST","NASHVILLE","EAST",36.17493,-86.75663,"MOTOR VEHICLE IN TRANSPORT","37206","2019","November","Fall","06","Thursday","Weekday","No Injuries","No Fatalities"
9.97561030822315e-314,2019-11-29 02:31:00,2,1,0,NA,"Y","ANGLE","RAIN","DARK - LIGHTED","STATE HWY 254 & BLUE HOLE RD","ANTIOCH","SOUTH",36.04573,-86.67435,"MOTOR VEHICLE IN TRANSPORT","37013","2019","November","Fall","02","Friday","Weekday","Injuries","No Fatalities"
9.97561031662226e-314,2019-11-29 02:40:00,1,0,0,NA,"N","NOT COLLISION W/MOTOR VEHICLE-TRANSPORT","RAIN","DARK - LIGHTED","BELLEVUE CTR PVTDR & HIGHWAY 70S","NASHVILLE","WEST",36.07855,-86.94713,"LUMINAIRE/LIGHT SUPPORT","37221","2019","November","Fall","02","Friday","Weekday","No Injuries","No Fatalities"
9.97561032106885e-314,2019-11-29 02:39:00,1,0,0,NA,"N","NOT COLLISION W/MOTOR VEHICLE-TRANSPORT","RAIN","DARK - LIGHTED","HOBSON PKE & OLD HICKORY BLVD","ANTIOCH","SOUTH",36.03654,-86.61101,"DEER (ANIMAL)","37013","2019","November","Fall","02","Friday","Weekday","No Injuries","No Fatalities"
9.97561033786708e-314,2019-11-29 03:22:00,1,0,0,NA,"N","NOT COLLISION W/MOTOR VEHICLE-TRANSPORT","RAIN","DARK - NOT LIGHTED","MM 200 6 I 40","NASHVILLE","WEST",36.12591,-86.90449,"GUARDRAIL FACE;CONCRETE TRAFFIC BARRIER","37209","2019","November","Fall","03","Friday","Weekday","No Injuries","No Fatalities"
9.97561035911191e-314,2019-11-29 03:40:00,1,0,0,NA,"N","NOT COLLISION W/MOTOR VEHICLE-TRANSPORT","RAIN","DARK - NOT LIGHTED","OLD HARDING PKE & HIGHWAY 100","NASHVILLE","WEST",36.03004,-86.99728,"DEER (ANIMAL)","37221","2019","November","Fall","03","Friday","Weekday","No Injuries","No Fatalities"
9.97561037146355e-314,2019-11-29 04:35:00,1,0,0,NA,"N","NOT COLLISION W/MOTOR VEHICLE-TRANSPORT","RAIN","DARK - LIGHTED","0 26TH AVN","NASHVILLE","NORTH",36.18916,-86.81861,"LUMINAIRE/LIGHT SUPPORT","37228","2019","November","Fall","04","Friday","Weekday","No Injuries","No Fatalities"
9.97561040506001e-314,2019-11-29 05:30:00,1,1,0,NA,"Y","NOT COLLISION W/MOTOR VEHICLE-TRANSPORT","RAIN","DARK - NOT LIGHTED","BELL RD & ALTA LAKE GRNWY","HERMITAGE","HERMIT",36.1652,-86.61114,"TREE","37076","2019","November","Fall","05","Friday","Weekday","Injuries","No Fatalities"
9.97560275247722e-314,2019-11-22 05:33:00,2,0,0,NA,"Y","SIDESWIPE - SAME DIRECTION","RAIN","DARK - NOT LIGHTED","1 CANNERY ROW","NASHVILLE","CENTRA",36.15283,-86.78031,"PARKED MOTOR VEHICLE;Motor Vehicle-In-Motion Outside Trafficw","37203","2019","November","Fall","05","Friday","Weekday","No Injuries","No Fatalities"
9.97560275890008e-314,2019-11-22 05:53:00,1,0,0,NA,"N","NOT COLLISION W/MOTOR VEHICLE-TRANSPORT","RAIN","DARK - LIGHTED","MM 40 3 I 24","WHITES CREEK","MADISO",36.28013,-86.80326,"GUARDRAIL FACE","37189","2019","November","Fall","05","Friday","Weekday","No Injuries","No Fatalities"
9.97560282411674e-314,2019-11-22 06:55:00,2,0,0,NA,"Y","Front to Rear","RAIN","DARK - LIGHTED","I40 E EXT RAMP & I 40","NASHVILLE","HERMIT",36.16857,-86.81336,"MOTOR VEHICLE IN TRANSPORT","37214","2019","November","Fall","06","Friday","Weekday","No Injuries","No Fatalities"
9.97560282510487e-314,2019-11-22 06:07:00,1,0,0,NA,"N","NOT COLLISION W/MOTOR VEHICLE-TRANSPORT","RAIN","DARK - LIGHTED","W TRINITY LN & DAY ST","NASHVILLE","NORTH",36.2067,-86.80882,"FENCE","37207","2019","November","Fall","06","Friday","Weekday","No Injuries","No Fatalities"
9.97560282856333e-314,2019-11-22 07:05:00,1,0,0,NA,"N","NOT COLLISION W/MOTOR VEHICLE-TRANSPORT","RAIN","DARK - LIGHTED","MM 52 4 I 24","NASHVILLE","HERMIT",36.13893,-86.727,"CONCRETE TRAFFIC BARRIER","37210","2019","November","Fall","07","Friday","Weekday","No Injuries","No Fatalities"
9.97560291255449e-314,2019-11-22 08:43:00,1,1,0,NA,"N","NOT COLLISION W/MOTOR VEHICLE-TRANSPORT","RAIN","DARK - LIGHTED","I40 W EXT RAMP & I 40","NASHVILLE","CENTRA",36.15412,-86.83789,"Other Traffic Barrier","37203","2019","November","Fall","08","Friday","Weekday","Injuries","No Fatalities"
9.97560292243581e-314,2019-11-22 08:53:00,1,0,0,NA,"N","NOT COLLISION W/MOTOR VEHICLE-TRANSPORT","RAIN","DARK - NOT LIGHTED","MM 36 8 I 24","WHITES CREEK","NORTH",36.31864,-86.83732,"DITCH","37189","2019","November","Fall","08","Friday","Weekday","No Injuries","No Fatalities"
9.97560296245512e-314,2019-11-22 09:50:00,1,0,1,NA,"N","NOT COLLISION W/MOTOR VEHICLE-TRANSPORT","RAIN","DARK - LIGHTED","MM 54 7 I 24","NASHVILLE","SOUTH",36.09832,-86.71004,"OVERHEAD SIGN SUPPORT","37211","2019","November","Fall","09","Friday","Weekday","No Injuries","With Fatalities"
9.97560296937204e-314,2019-11-22 09:55:00,2,0,0,NA,"N","SIDESWIPE - OPPOSITE DIRECTION","RAIN","DARK - LIGHTED","CHESAPEAKE DR & BRICKMONT DR","NASHVILLE","MADISO",36.2454,-86.76943,"PARKED MOTOR VEHICLE;Motor Vehicle-In-Motion Outside Trafficw","37207","2019","November","Fall","09","Friday","Weekday","No Injuries","No Fatalities"
9.9756029728305e-314,2019-11-22 10:11:00,1,0,0,NA,"Y","NOT COLLISION W/MOTOR VEHICLE-TRANSPORT","RAIN","DARK - LIGHTED","W TRINITY LN & DAY ST","NASHVILLE","NORTH",36.2067,-86.80882,"GUARDRAIL FACE","37207","2019","November","Fall","10","Friday","Weekday","No Injuries","No Fatalities"
9.97560297925335e-314,2019-11-22 10:16:00,1,1,0,NA,"N","NOT COLLISION W/MOTOR VEHICLE-TRANSPORT","RAIN","DARK - LIGHTED","MM 85 5 I 65","NASHVILLE","CENTRA",36.18808,-86.79389,"CONCRETE TRAFFIC BARRIER","37208","2019","November","Fall","10","Friday","Weekday","Injuries","No Fatalities"
9.97560299654565e-314,2019-11-22 10:43:00,2,0,0,NA,"Y","SIDESWIPE - SAME DIRECTION","RAIN","DARK - NOT LIGHTED","MM 212 9 I 40","NASHVILLE","HERMIT",36.14151,-86.73409,"MOTOR VEHICLE IN TRANSPORT;GUARDRAIL FACE","37210","2019","November","Fall","10","Friday","Weekday","No Injuries","No Fatalities"
9.97560299753378e-314,2019-11-22 10:50:00,1,1,0,NA,"N","NOT COLLISION W/MOTOR VEHICLE-TRANSPORT","RAIN","DARK - LIGHTED","W TRINITY LN & DAY ST","NASHVILLE","NORTH",36.2067,-86.80882,"BRIDGE RAIL","37207","2019","November","Fall","10","Friday","Weekday","Injuries","No Fatalities"
9.97560301087356e-314,2019-11-22 11:22:00,1,0,0,NA,"N","NOT COLLISION W/MOTOR VEHICLE-TRANSPORT","RAIN","DARK - LIGHTED","MM 211 7 I 40","NASHVILLE","HERMIT",36.15011,-86.74838,"GUARDRAIL FACE","37210","2019","November","Fall","11","Friday","Weekday","No Injuries","No Fatalities"
9.975603021743e-314,2019-11-22 11:38:00,1,0,0,NA,"N","NOT COLLISION W/MOTOR VEHICLE-TRANSPORT","RAIN","DARK - LIGHTED","MM 213 0 I 40","NASHVILLE","HERMIT",36.14086,-86.73262,"GUARDRAIL FACE","37210","2019","November","Fall","11","Friday","Weekday","No Injuries","No Fatalities"
9.97560302717772e-314,2019-11-22 11:50:00,1,0,0,NA,"N","NOT COLLISION W/MOTOR VEHICLE-TRANSPORT","RAIN","DARK - LIGHTED","MM 206 0 I 40","NASHVILLE","NORTH",36.15804,-86.82244,"GUARDRAIL FACE","37209","2019","November","Fall","11","Friday","Weekday","No Injuries","No Fatalities"
9.97560303063618e-314,2019-11-22 11:20:00,2,0,0,NA,"N","Front to Rear","RAIN","DAYLIGHT","MM 56 2 I 24","NASHVILLE","SOUTH",36.07955,-86.69592,"MOTOR VEHICLE IN TRANSPORT","37211","2019","November","Fall","11","Friday","Weekday","No Injuries","No Fatalities"
9.97560303360058e-314,2019-11-22 12:10:00,2,1,0,NA,"N","Front to Rear","RAIN","DARK - LIGHTED","MM 56 3 I 24","NASHVILLE","SOUTH",36.07898,-86.69586,"MOTOR VEHICLE IN TRANSPORT","37211","2019","November","Fall","12","Friday","Weekday","Injuries","No Fatalities"
9.97560303508277e-314,2019-11-22 12:00:00,2,0,0,NA,"N","ANGLE","RAIN","DAWN","I440 E ENT RAMP & I 440","NASHVILLE","MIDTOW",36.12162,-86.80649,"MOTOR VEHICLE IN TRANSPORT","37215","2019","November","Fall","12","Friday","Weekday","No Injuries","No Fatalities"
9.97560304150563e-314,2019-11-22 12:21:00,2,0,0,NA,"N","Front to Rear","RAIN","DAYLIGHT","MOUNT VIEW RD & ASHEFORD TRC","ANTIOCH","SOUTH",36.04516,-86.62846,"MOTOR VEHICLE IN TRANSPORT","37013","2019","November","Fall","12","Friday","Weekday","No Injuries","No Fatalities"
9.97560304496409e-314,2019-11-22 12:30:00,1,0,0,NA,"N","NOT COLLISION W/MOTOR VEHICLE-TRANSPORT","RAIN","DAYLIGHT","MM 208 9 I 40","NASHVILLE","CENTRA",36.15832,-86.79135,"WALL","37203","2019","November","Fall","12","Friday","Weekday","No Injuries","No Fatalities"
9.97560304595222e-314,2019-11-22 12:28:00,2,2,0,NA,"N","ANGLE","RAIN","DAWN","US HWY 41 ALT & BUENA VISTA PIKE","NASHVILLE","NORTH",36.19365,-86.8312,"MOTOR VEHICLE IN TRANSPORT","37218","2019","November","Fall","12","Friday","Weekday","Injuries","No Fatalities"
9.97560305089287e-314,2019-11-22 12:45:00,2,0,0,NA,"N","Front to Rear","RAIN","DAYLIGHT","MM 218 0 I 40","NASHVILLE","HERMIT",36.14134,-86.66567,"MOTOR VEHICLE IN TRANSPORT","37217","2019","November","Fall","12","Friday","Weekday","No Injuries","No Fatalities"
9.97560305138694e-314,2019-11-22 12:24:00,2,0,0,NA,"N","Front to Rear","RAIN","DAWN","MM 61 2 I 24","ANTIOCH","SOUTH",36.02734,-86.63482,"MOTOR VEHICLE IN TRANSPORT","37013","2019","November","Fall","12","Friday","Weekday","No Injuries","No Fatalities"
9.97560305879792e-314,2019-11-22 12:56:00,2,0,0,NA,"N","HEAD-ON","RAIN","DARK - LIGHTED","12TH AVS & BROADWAY","NASHVILLE","CENTRA",36.15658,-86.78748,"MOTOR VEHICLE IN TRANSPORT","37203","2019","November","Fall","12","Friday","Weekday","No Injuries","No Fatalities"
9.97560306225638e-314,2019-11-22 12:54:00,2,0,0,NA,"Y","SIDESWIPE - SAME DIRECTION","RAIN","DARK - LIGHTED","MM 213 0 I 40","NASHVILLE","HERMIT",36.14073,-86.73228,"MOTOR VEHICLE IN TRANSPORT;GUARDRAIL FACE;UNKNOWN MOST HARMFUL EVENT","37210","2019","November","Fall","12","Friday","Weekday","No Injuries","No Fatalities"
9.97560306373858e-314,2019-11-22 11:46:00,2,0,0,NA,"N","SIDESWIPE - SAME DIRECTION","RAIN","DARK - LIGHTED","MURFREESBORO PKE & FOOTHILL DR","NASHVILLE","SOUTH",36.13034,-86.7158,"MOTOR VEHICLE IN TRANSPORT","37217","2019","November","Fall","11","Friday","Weekday","No Injuries","No Fatalities"
9.97560307460802e-314,2019-11-22 12:42:00,2,0,0,NA,"N","Front to Rear","RAIN","DAYLIGHT","MM 86 7 I 65","NASHVILLE","NORTH",36.19826,-86.77636,"MOTOR VEHICLE IN TRANSPORT","37207","2019","November","Fall","12","Friday","Weekday","No Injuries","No Fatalities"
9.97560309338252e-314,2019-11-22 12:00:00,3,0,0,NA,"Y","Front to Rear","RAIN","DARK - NOT LIGHTED","MM 58 0 I 24","ANTIOCH","SOUTH",36.05826,-86.67809,"MOTOR VEHICLE IN TRANSPORT","37013","2019","November","Fall","12","Friday","Weekday","No Injuries","No Fatalities"
9.97560312500272e-314,2019-11-22 12:00:00,1,0,0,NA,"N","NOT COLLISION W/MOTOR VEHICLE-TRANSPORT","RAIN","Dark-Unknown Lighting","ASHLAND CITY HWY & OLD HYDES FERRY PKE","NASHVILLE","NORTH",36.21132,-86.92511,"DEER (ANIMAL)","37218","2019","November","Fall","12","Friday","Weekday","No Injuries","No Fatalities"
9.97561206067399e-314,2019-11-30 06:00:00,1,0,0,NA,"Y","NOT COLLISION W/MOTOR VEHICLE-TRANSPORT","RAIN","DARK - LIGHTED","HICKORY PARK DR & HICKORY PARK LN","ANTIOCH","SOUTH",36.0441,-86.6706,"DITCH","37013","2019","November","Fall","06","Saturday","Weekend","No Injuries","No Fatalities"
9.97561208587134e-314,2019-12-01 00:36:00,1,0,0,NA,"Y","UNKNOWN","RAIN","DARK - NOT LIGHTED","OLD HICKORY BLVD & MILLS RD","HERMITAGE","HERMIT",36.16955,-86.60098,"UNKNOWN MOST HARMFUL EVENT","37076","2019","December","Winter","00","Sunday","Weekend","No Injuries","No Fatalities"
9.975612090812e-314,2019-12-01 00:30:00,2,0,0,NA,"Y","Front to Rear","RAIN","DARK - LIGHTED","W WEBSTER ST & GALLATIN PKES","MADISON","MADISO",36.25192,-86.71769,"MOTOR VEHICLE IN TRANSPORT","37115","2019","December","Winter","00","Sunday","Weekend","No Injuries","No Fatalities"
9.97561209427045e-314,2019-12-01 00:26:00,3,0,0,NA,"Y","SIDESWIPE - OPPOSITE DIRECTION","RAIN","DARK - LIGHTED","HARDING PL & MCGAVOCK PKE","NASHVILLE","SOUTH",36.09198,-86.68498,"MOTOR VEHICLE IN TRANSPORT","37211","2019","December","Winter","00","Sunday","Weekend","No Injuries","No Fatalities"
9.97561209476452e-314,2019-12-01 00:44:00,2,1,0,NA,"N","ANGLE","RAIN","DAYLIGHT","17TH AVN & CHARLOTTE AV","NASHVILLE","NORTH",36.15878,-86.79815,"MOTOR VEHICLE IN TRANSPORT","37203","2019","December","Winter","00","Sunday","Weekend","Injuries","No Fatalities"
9.97561209575265e-314,2019-12-01 01:20:00,2,1,0,NA,"N","ANGLE","RAIN","DARK - LIGHTED","BELL RD & HARBORWOOD DR","NASHVILLE","HERMIT",36.13271,-86.62926,"MOTOR VEHICLE IN TRANSPORT","37214","2019","December","Winter","01","Sunday","Weekend","Injuries","No Fatalities"
9.97561211008056e-314,2019-12-01 01:09:00,3,1,0,NA,"N","HEAD-ON","RAIN","DARK - LIGHTED","RIVERGATE MARKETPLACE PVTDR & GALLATIN P","MADISON","MADISO",36.30275,-86.69185,"MOTOR VEHICLE IN TRANSPORT","37115","2019","December","Winter","01","Sunday","Weekend","Injuries","No Fatalities"
9.97561213083131e-314,2019-12-01 01:30:00,3,2,0,NA,"Y","Front to Rear","RAIN","DARK - LIGHTED","HARDING PL & TAMPA DR","NASHVILLE","SOUTH",36.08293,-86.70969,"MOTOR VEHICLE IN TRANSPORT","37211","2019","December","Winter","01","Sunday","Weekend","Injuries","No Fatalities"
9.97561213181944e-314,2019-12-01 01:40:00,1,1,0,NA,"N","NOT COLLISION W/MOTOR VEHICLE-TRANSPORT","RAIN","DARK - LIGHTED","12TH AVS & LINDEN AV","NASHVILLE","MIDTOW",36.12782,-86.7891,"PEDESTRIAN","37204","2019","December","Winter","01","Sunday","Weekend","Injuries","No Fatalities"
9.97561213231351e-314,2019-12-01 01:44:00,2,1,0,NA,"N","ANGLE","RAIN","DARK - LIGHTED","LEBANON PKE & SHUTE LN","HERMITAGE","HERMIT",36.21496,-86.60368,"MOTOR VEHICLE IN TRANSPORT","37076","2019","December","Winter","01","Sunday","Weekend","Injuries","No Fatalities"
9.97561213577197e-314,2019-12-01 01:34:00,3,0,0,NA,"Y","OTHER","RAIN","DARK - LIGHTED","MM 212 8 I 40","NASHVILLE","HERMIT",36.14235,-86.73497,"MOTOR VEHICLE IN TRANSPORT","37210","2019","December","Winter","01","Sunday","Weekend","No Injuries","No Fatalities"
9.97561213626603e-314,2019-12-01 00:58:00,2,1,0,NA,"Y","Front to Rear","RAIN","DARK - LIGHTED","BELL RD & CEDAR POINTE PKWY","ANTIOCH","SOUTH",36.04495,-86.66498,"MOTOR VEHICLE IN TRANSPORT","37013","2019","December","Winter","00","Sunday","Weekend","Injuries","No Fatalities"
9.9756121367601e-314,2019-12-01 01:30:00,1,0,0,NA,"N","NOT COLLISION W/MOTOR VEHICLE-TRANSPORT","RAIN","DARK - LIGHTED","51ST AVN & DELAWARE AV","NASHVILLE","WEST",36.15475,-86.84871,"FENCE","37209","2019","December","Winter","01","Sunday","Weekend","No Injuries","No Fatalities"
9.97561214565328e-314,2019-12-01 03:27:00,1,1,0,NA,"N","NOT COLLISION W/MOTOR VEHICLE-TRANSPORT","RAIN","DARK - NOT LIGHTED","SEYMOUR AVE & N 12TH ST","NASHVILLE","EAST",36.18537,-86.74614,"PEDESTRIAN","37206","2019","December","Winter","03","Sunday","Weekend","Injuries","No Fatalities"
9.9756121540524e-314,2019-12-01 01:15:00,2,0,0,NA,"N","Front to Rear","RAIN","DARK - LIGHTED","STATE HWY 155 & VULTEE BLVD","NASHVILLE","HERMIT",36.1241,-86.69644,"MOTOR VEHICLE IN TRANSPORT","37217","2019","December","Winter","01","Sunday","Weekend","No Injuries","No Fatalities"
9.97561215504053e-314,2019-12-01 02:20:00,2,1,0,NA,"N","ANGLE","RAIN","DARK - NOT LIGHTED","OLD HICKORY BLVD & BELL RD","HERMITAGE","HERMIT",36.16135,-86.59713,"MOTOR VEHICLE IN TRANSPORT-OTHER ROADWAY","37076","2019","December","Winter","02","Sunday","Weekend","Injuries","No Fatalities"
9.97560795647067e-314,2019-11-26 06:00:00,2,0,0,NA,"N","SIDESWIPE - SAME DIRECTION","RAIN","DAYLIGHT","MM 87 8 I 65","NASHVILLE","EAST",36.21348,-86.77559,"MOTOR VEHICLE IN TRANSPORT","37207","2019","November","Fall","06","Tuesday","Weekday","No Injuries","No Fatalities"
9.9756121555346e-314,2019-12-01 02:28:00,1,1,0,NA,"N","NOT COLLISION W/MOTOR VEHICLE-TRANSPORT","RAIN","DARK - NOT LIGHTED","MM 198 6 I 40","NASHVILLE","WEST",36.10433,-86.93177,"GUARDRAIL FACE;CONCRETE TRAFFIC BARRIER","37221","2019","December","Winter","02","Sunday","Weekend","Injuries","No Fatalities"
9.97561215602866e-314,2019-12-01 01:20:00,2,0,0,NA,"Y","Front to Rear","RAIN","DARK - LIGHTED","ROSA L PARKS BLVD & VANTAGE WAY CT","NASHVILLE","NORTH",36.19222,-86.80006,"MOTOR VEHICLE IN TRANSPORT","37228","2019","December","Winter","01","Sunday","Weekend","No Injuries","No Fatalities"
9.97561215998119e-314,2019-12-01 02:30:00,2,3,0,NA,"N","Front to Rear","RAIN","DARK - LIGHTED","MAPLEWOOD TRC & W MAPLEWOOD LN","NASHVILLE","EAST",36.23314,-86.75866,"MOTOR VEHICLE IN TRANSPORT","37207","2019","December","Winter","02","Sunday","Weekend","Injuries","No Fatalities"
9.97561216294558e-314,2019-12-01 02:36:00,1,0,0,NA,"N","NOT COLLISION W/MOTOR VEHICLE-TRANSPORT","RAIN","DARK - LIGHTED","CLARKSVILLE PIKE & US HWY 41 ALT","NASHVILLE","NORTH",36.18798,-86.82159,"","37208","2019","December","Winter","02","Sunday","Weekend","No Injuries","No Fatalities"
9.97561217085063e-314,2019-12-01 02:54:00,1,1,0,NA,"N","NOT COLLISION W/MOTOR VEHICLE-TRANSPORT","RAIN","DARK - LIGHTED","MM 56 7 I 24","NASHVILLE","SOUTH",36.07281,-86.69178,"CONCRETE TRAFFIC BARRIER","37211","2019","December","Winter","02","Sunday","Weekend","Injuries","No Fatalities"
9.97561217332096e-314,2019-12-01 02:55:00,4,0,0,NA,"N","Front to Rear","RAIN","DARK - LIGHTED","HARDING PL & JONQUIL DR","NASHVILLE","SOUTH",36.08039,-86.71803,"MOTOR VEHICLE IN TRANSPORT","37211","2019","December","Winter","02","Sunday","Weekend","No Injuries","No Fatalities"
9.97560376135927e-314,2019-11-23 00:30:00,2,0,0,NA,"N","SIDESWIPE - SAME DIRECTION","RAIN","DARK - LIGHTED","MM 85 1 I 65","NASHVILLE","NORTH",36.18162,-86.79973,"MOTOR VEHICLE IN TRANSPORT","37208","2019","November","Fall","00","Saturday","Weekend","No Injuries","No Fatalities"
9.97561218122601e-314,2019-12-01 03:11:00,1,0,0,NA,"Y","NOT COLLISION W/MOTOR VEHICLE-TRANSPORT","RAIN","DARK - LIGHTED","MUNN RD & LEBANON PKE","NASHVILLE","HERMIT",36.1684,-86.6569,"OTHER OBJECT (NOT FIXED)","37214","2019","December","Winter","03","Sunday","Weekend","No Injuries","No Fatalities"