"Accident.Number","Date.and.Time","Number.of.Motor.Vehicles","Number.of.Injuries","Number.of.Fatalities","Property.Damage","Hit.and.Run","Collision.Type.Description","Weather.Description","Illumination.Description","Street.Address","City","Precinct","Latitude","Longitude","HarmfulDescriptions","Zip.Code","Year","Month","Season","Hour","Weekday","DayType","Accident","Fatality_category"
9.97561218270821e-314,2019-12-01 03:09:00,2,0,0,NA,"N","Front to Rear","RAIN","DARK - LIGHTED","US HWY 41 & HAMILTON CHURCH RD","ANTIOCH","SOUTH",36.0648,-86.62849,"MOTOR VEHICLE IN TRANSPORT","37013","2019","December","Winter","03","Sunday","Weekend","No Injuries","No Fatalities"
9.97561218517853e-314,2019-12-01 03:00:00,1,0,0,NA,"Y","NOT COLLISION W/MOTOR VEHICLE-TRANSPORT","RAIN","UNKNOWN","BRICK CHURCH PIKE & CHESAPEAKE DR","NASHVILLE","MADISO",36.24609,-86.77929,"DITCH","37207","2019","December","Winter","03","Sunday","Weekend","No Injuries","No Fatalities"
9.97561218962512e-314,2019-12-01 03:15:00,2,1,0,NA,"N","Front to Rear","RAIN","DARK - LIGHTED","MURFREESBORO PKE & I24 W EXT RAMP","NASHVILLE","SOUTH",36.13512,-86.72416,"MOTOR VEHICLE IN TRANSPORT","37217","2019","December","Winter","03","Sunday","Weekend","Injuries","No Fatalities"
9.97561219160139e-314,2019-12-01 03:23:00,1,0,0,NA,"N","NOT COLLISION W/MOTOR VEHICLE-TRANSPORT","RAIN","DARK - LIGHTED","MM 86 5 I 65","NASHVILLE","NORTH",36.19229,-86.77711,"GUARDRAIL FACE","37207","2019","December","Winter","03","Sunday","Weekend","No Injuries","No Fatalities"
9.97561219308358e-314,2019-12-01 03:11:00,1,0,0,NA,"Y","NOT COLLISION W/MOTOR VEHICLE-TRANSPORT","RAIN","DARK - LIGHTED","MUNN RD & LEBANON PKE","NASHVILLE","HERMIT",36.1684,-86.6569,"OTHER OBJECT (NOT FIXED)","37214","2019","December","Winter","03","Sunday","Weekend","No Injuries","No Fatalities"
9.97560380681331e-314,2019-11-23 00:58:00,2,0,0,NA,"N","ANGLE","RAIN","DARK - LIGHTED","BROADMOOR DR & DICKERSON PKE","NASHVILLE","EAST",36.22938,-86.75928,"MOTOR VEHICLE IN TRANSPORT","37207","2019","November","Fall","00","Saturday","Weekend","No Injuries","No Fatalities"
9.97561220098863e-314,2019-12-01 03:41:00,2,0,0,NA,"Y","SIDESWIPE - SAME DIRECTION","RAIN","DARK - LIGHTED","BRILEY PKWYS & BRILEY PKWYN","NASHVILLE","NORTH",36.1725,-86.68909,"MOTOR VEHICLE IN TRANSPORT","37218","2019","December","Winter","03","Sunday","Weekend","No Injuries","No Fatalities"
9.97561220642336e-314,2019-12-01 03:49:00,1,5,0,NA,"N","NOT COLLISION W/MOTOR VEHICLE-TRANSPORT","RAIN","DARK - LIGHTED","HICKORY HOLLOW PKWY & MT VIEW RD","ANTIOCH","SOUTH",36.05888,-86.67048,"","37013","2019","December","Winter","03","Sunday","Weekend","Injuries","No Fatalities"
9.97560380928364e-314,2019-11-23 01:04:00,2,0,0,NA,"Y","SIDESWIPE - SAME DIRECTION","RAIN","DARK - NOT LIGHTED","CHICAMAUGA AV & LAURENT ST","NASHVILLE","EAST",36.18523,-86.7536,"MOTOR VEHICLE IN TRANSPORT;PARKED MOTOR VEHICLE","37206","2019","November","Fall","01","Saturday","Weekend","No Injuries","No Fatalities"
9.97561221284621e-314,2019-12-01 03:58:00,2,0,0,NA,"Y","NOT COLLISION W/MOTOR VEHICLE-TRANSPORT","RAIN","DARK - LIGHTED","OPRY MILLS DR & MOSS ROSE DR","NASHVILLE","HERMIT",36.20465,-86.69524,"OTHER OBJECT (NOT FIXED)","37214","2019","December","Winter","03","Sunday","Weekend","No Injuries","No Fatalities"
9.97561221482247e-314,2019-12-01 03:57:00,2,2,0,NA,"N","ANGLE","RAIN","DARK - NOT LIGHTED","MURFREESBORO PKE & RURAL HILL RD","ANTIOCH","SOUTH",36.07491,-86.63905,"MOTOR VEHICLE IN TRANSPORT","37013","2019","December","Winter","03","Sunday","Weekend","Injuries","No Fatalities"
9.97561221679874e-314,2019-12-01 04:20:00,1,0,0,NA,"N","NOT COLLISION W/MOTOR VEHICLE-TRANSPORT","RAIN","DARK - NOT LIGHTED","MM 60 4 I 24","ANTIOCH","SOUTH",36.03625,-86.64473,"CONCRETE TRAFFIC BARRIER;Ran Off Road-Left","37013","2019","December","Winter","04","Sunday","Weekend","No Injuries","No Fatalities"
9.97561223656136e-314,2019-12-01 04:29:00,1,0,0,NA,"N","NOT COLLISION W/MOTOR VEHICLE-TRANSPORT","RAIN","DARK - LIGHTED","GLENROSE AV & OLD GLENROSE AV","NASHVILLE","SOUTH",36.11952,-86.73024,"DITCH","37210","2019","December","Winter","04","Sunday","Weekend","No Injuries","No Fatalities"
9.97560382410561e-314,2019-11-23 00:10:00,3,0,0,NA,"N","Front to Rear","RAIN","DARK - LIGHTED","MM 81 1 I 65","NASHVILLE","MIDTOW",36.13017,-86.77325,"MOTOR VEHICLE IN TRANSPORT","37204","2019","November","Fall","00","Saturday","Weekend","No Injuries","No Fatalities"
9.97561223705543e-314,2019-12-01 04:34:00,2,0,0,NA,"N","Front to Rear","RAIN","DARK - NOT LIGHTED","MM 57 6 I 24","ANTIOCH","SOUTH",36.0626,-86.6826,"MOTOR VEHICLE IN TRANSPORT","37013","2019","December","Winter","04","Sunday","Weekend","No Injuries","No Fatalities"
9.97561224001982e-314,2019-12-01 04:40:00,2,2,0,NA,"N","ANGLE","RAIN","DARK - LIGHTED","BROADMOOR DR & SAUNDERS AV","NASHVILLE","EAST",36.22971,-86.7325,"MOTOR VEHICLE IN TRANSPORT","37216","2019","December","Winter","04","Sunday","Weekend","Injuries","No Fatalities"
9.9756038774647e-314,2019-11-23 02:41:00,1,0,0,NA,"Y","NOT COLLISION W/MOTOR VEHICLE-TRANSPORT","RAIN","DARK - NOT LIGHTED","13000 OLD HICKORY BLVD","ANTIOCH","SOUTH",36.00427,-86.62598,"EMBANKMENT EARTH","37013","2019","November","Fall","02","Saturday","Weekend","No Injuries","No Fatalities"
9.9756122503952e-314,2019-12-01 02:58:00,2,0,0,NA,"Y","SIDESWIPE - OPPOSITE DIRECTION","RAIN","DARK - LIGHTED","JEFFERSON ST & 16TH AVN","NASHVILLE","NORTH",36.17027,-86.80339,"MOTOR VEHICLE IN TRANSPORT","37208","2019","December","Winter","02","Sunday","Weekend","No Injuries","No Fatalities"
9.97560388092316e-314,2019-11-23 01:26:00,3,0,0,NA,"N","HEAD-ON","RAIN","DARK - LIGHTED","ATRIUM WAY & ELM HILL PKE","NASHVILLE","HERMIT",36.15326,-86.68769,"MOTOR VEHICLE IN TRANSPORT;MOTOR VEHICLE IN TRANSPORT-OTHER ROADWAY","37214","2019","November","Fall","01","Saturday","Weekend","No Injuries","No Fatalities"
9.97561225780618e-314,2019-12-01 04:40:00,2,0,0,NA,"N","SIDESWIPE - SAME DIRECTION","RAIN","DARK - LIGHTED","MM 213 0 I 40","NASHVILLE","HERMIT",36.14073,-86.73227,"MOTOR VEHICLE IN TRANSPORT","37210","2019","December","Winter","04","Sunday","Weekend","No Injuries","No Fatalities"
9.97560388438162e-314,2019-11-23 01:44:00,2,0,0,NA,"N","SIDESWIPE - SAME DIRECTION","RAIN","DARK - LIGHTED","OLD HICKORY BLVD & EDMONDSON PKE","NASHVILLE","MIDTOW",36.03995,-86.74256,"MOTOR VEHICLE IN TRANSPORT","37220","2019","November","Fall","01","Saturday","Weekend","No Injuries","No Fatalities"
9.97561225830025e-314,2019-12-01 04:33:00,1,0,0,NA,"N","NOT COLLISION W/MOTOR VEHICLE-TRANSPORT","RAIN","DARK - NOT LIGHTED","MM 58 5 I 24","ANTIOCH","SOUTH",36.0526,-86.67131,"GUARDRAIL FACE","37013","2019","December","Winter","04","Sunday","Weekend","No Injuries","No Fatalities"
9.97561226373497e-314,2019-12-01 05:11:00,1,0,0,NA,"N","NOT COLLISION W/MOTOR VEHICLE-TRANSPORT","RAIN","DARK - LIGHTED","4100 GALLATIN PIKE","NASHVILLE","EAST",36.22065,-86.72684,"UTILITY POLE;OTHER POST, POLE, SUPP.;Ran Off Road-Left;EMBANKMENT EARTH","37216","2019","December","Winter","05","Sunday","Weekend","No Injuries","No Fatalities"
9.97561226571123e-314,2019-12-01 05:14:00,1,0,0,NA,"N","NOT COLLISION W/MOTOR VEHICLE-TRANSPORT","RAIN","DARK - LIGHTED","GLENROSE AV & WHITNEY AV","NASHVILLE","SOUTH",36.12583,-86.75152,"DITCH","37210","2019","December","Winter","05","Sunday","Weekend","No Injuries","No Fatalities"
9.97561226867563e-314,2019-12-01 05:18:00,2,0,0,NA,"N","Front to Rear","RAIN","DARK - LIGHTED","MM 212 1 I 40","NASHVILLE","HERMIT",36.14643,-86.7427,"MOTOR VEHICLE IN TRANSPORT","37210","2019","December","Winter","05","Sunday","Weekend","No Injuries","No Fatalities"
9.97561227114596e-314,2019-12-01 04:30:00,3,2,0,NA,"N","ANGLE","RAIN","DARK - NOT LIGHTED","MM 57 7 I 24","ANTIOCH","SOUTH",36.06162,-86.68158,"MOTOR VEHICLE IN TRANSPORT","37013","2019","December","Winter","04","Sunday","Weekend","Injuries","No Fatalities"
9.97561227411035e-314,2019-12-01 03:45:00,1,1,0,NA,"N","NOT COLLISION W/MOTOR VEHICLE-TRANSPORT","RAIN","DARK - LIGHTED","MM 87 1 I 65","NASHVILLE","EAST",36.2034,-86.77684,"CONCRETE TRAFFIC BARRIER","37207","2019","December","Winter","03","Sunday","Weekend","Injuries","No Fatalities"
9.97561228152133e-314,2019-12-01 05:30:00,1,0,0,NA,"Y","NOT COLLISION W/MOTOR VEHICLE-TRANSPORT","RAIN","DARK - LIGHTED","EWING LN & BRICK CHURCH PIKE","NASHVILLE","MADISO",36.23267,-86.78146,"GUARDRAIL FACE;Ran Off Road-Right","37207","2019","December","Winter","05","Sunday","Weekend","No Injuries","No Fatalities"
9.97561229189671e-314,2019-12-01 05:35:00,2,1,0,NA,"Y","Front to Rear","RAIN","DARK - LIGHTED","W TRINITY LN & BRICK CHURCH PKE","NASHVILLE","NORTH",36.20662,-86.7779,"MOTOR VEHICLE IN TRANSPORT","37207","2019","December","Winter","05","Sunday","Weekend","Injuries","No Fatalities"
9.97561234179734e-314,2019-12-01 06:55:00,2,0,0,NA,"Y","ANGLE","RAIN","DARK - LIGHTED","26TH AVN & BATAVIA ST","NASHVILLE","NORTH",36.16138,-86.81626,"MOTOR VEHICLE IN TRANSPORT","37208","2019","December","Winter","06","Sunday","Weekend","No Injuries","No Fatalities"
9.97561243221136e-314,2019-12-01 03:45:00,1,0,0,NA,"Y","NOT COLLISION W/MOTOR VEHICLE-TRANSPORT","RAIN","DARK - LIGHTED","RAYWOOD LN & FAIRLANE DR","NASHVILLE","SOUTH",36.06299,-86.71414,"CULVERT","37211","2019","December","Winter","03","Sunday","Weekend","No Injuries","No Fatalities"
9.97560406718591e-314,2019-11-23 06:13:00,2,0,0,NA,"N","ANGLE","RAIN","DARK - LIGHTED","BELL RD & STEWARTS FERRY PKE","NASHVILLE","HERMIT",36.15224,-86.62507,"MOTOR VEHICLE IN TRANSPORT","37214","2019","November","Fall","06","Saturday","Weekend","No Injuries","No Fatalities"
9.97560812198266e-314,2019-11-26 06:00:00,2,0,0,NA,"N","Front to Rear","RAIN","DARK - LIGHTED","WHITES CREEK PKE & MOORMANS ARM RD","NASHVILLE","NORTH",36.21804,-86.80338,"MOTOR VEHICLE IN TRANSPORT","37207","2019","November","Fall","06","Tuesday","Weekday","No Injuries","No Fatalities"
9.97560413042631e-314,2019-11-23 06:00:00,1,0,0,NA,"N","NOT COLLISION W/MOTOR VEHICLE-TRANSPORT","RAIN","DARK - LIGHTED","DICKERSON PKE & HOMESTEAD RD","NASHVILLE","EAST",36.23532,-86.75829,"FIRE HYDRANT;EMBANKMENT EARTH","37216","2019","November","Fall","06","Saturday","Weekend","No Injuries","No Fatalities"
9.97560812346486e-314,2019-11-27 00:01:00,2,3,0,NA,"N","ANGLE","RAIN","DARK - LIGHTED","BATTLEFIELD DR & STOKES LN","NASHVILLE","MIDTOW",36.11592,-86.79862,"MOTOR VEHICLE IN TRANSPORT","37215","2019","November","Fall","00","Wednesday","Weekday","Injuries","No Fatalities"
9.97560413783729e-314,2019-11-23 07:31:00,1,0,0,NA,"N","NOT COLLISION W/MOTOR VEHICLE-TRANSPORT","RAIN","DARK - LIGHTED","3200 DICKERSON PKE","NASHVILLE","EAST",36.23488,-86.75821,"OTHER POST, POLE, SUPP.;SHRUBBERY","37216","2019","November","Fall","07","Saturday","Weekend","No Injuries","No Fatalities"
9.97560415167113e-314,2019-11-23 07:44:00,2,0,0,NA,"N","Rear to Side","RAIN","DARK - NOT LIGHTED","CHASE ST & EMERSON ST","NASHVILLE","EAST",36.19723,-86.7343,"MOTOR VEHICLE IN TRANSPORT-OTHER ROADWAY","37216","2019","November","Fall","07","Saturday","Weekend","No Injuries","No Fatalities"
9.97560812642925e-314,2019-11-27 00:03:00,2,2,0,NA,"Y","Front to Rear","RAIN","DARK - NOT LIGHTED","MM 57 4 I 24","ANTIOCH","SOUTH",36.06475,-86.68454,"MOTOR VEHICLE IN TRANSPORT","37013","2019","November","Fall","00","Wednesday","Weekday","Injuries","No Fatalities"
9.9756041521652e-314,2019-11-23 07:35:00,1,0,0,NA,"Y","NOT COLLISION W/MOTOR VEHICLE-TRANSPORT","RAIN","DARK - LIGHTED","MURPHY RD & PARK DR","NASHVILLE","MIDTOW",36.13941,-86.81964,"BUILDING","37203","2019","November","Fall","07","Saturday","Weekend","No Injuries","No Fatalities"
9.97560812840552e-314,2019-11-27 00:05:00,2,0,0,NA,"N","ANGLE","RAIN","DARK - LIGHTED","ACKLEN AV & 12TH AVS","NASHVILLE","MIDTOW",36.13383,-86.78881,"MOTOR VEHICLE IN TRANSPORT","37204","2019","November","Fall","00","Wednesday","Weekday","No Injuries","No Fatalities"
9.97560417538628e-314,2019-11-23 08:18:00,2,1,0,NA,"Y","HEAD-ON","RAIN","DARK - LIGHTED","LINBAR DR & MELMACK DR","NASHVILLE","SOUTH",36.07389,-86.69322,"MOTOR VEHICLE IN TRANSPORT","37211","2019","November","Fall","08","Saturday","Weekend","Injuries","No Fatalities"
9.97560812889958e-314,2019-11-27 00:02:00,2,0,0,NA,"N","Front to Rear","RAIN","DARK - LIGHTED","GALLATIN PKEN & TENNYSON AV","MADISON","MADISO",36.2847,-86.70639,"MOTOR VEHICLE IN TRANSPORT","37115","2019","November","Fall","00","Wednesday","Weekday","No Injuries","No Fatalities"
9.97560417637441e-314,2019-11-23 08:20:00,2,1,0,NA,"N","ANGLE","RAIN","DARK - NOT LIGHTED","I40 E EXT RAMP & I 40","NASHVILLE","HERMIT",36.14185,-86.67691,"MOTOR VEHICLE IN TRANSPORT","37214","2019","November","Fall","08","Saturday","Weekend","Injuries","No Fatalities"
9.97560812988771e-314,2019-11-27 00:09:00,2,2,0,NA,"N","Front to Rear","RAIN","DARK - NOT LIGHTED","ANTIOCH PKE & HAYWOOD LN","ANTIOCH","SOUTH",36.06957,-86.68411,"MOTOR VEHICLE IN TRANSPORT","37013","2019","November","Fall","00","Wednesday","Weekday","Injuries","No Fatalities"
9.97560418131507e-314,2019-11-23 08:20:00,1,0,0,NA,"N","NOT COLLISION W/MOTOR VEHICLE-TRANSPORT","RAIN","DARK - LIGHTED","I40 E EXT RAMP & I 40","NASHVILLE","HERMIT",36.14185,-86.67691,"CONCRETE TRAFFIC BARRIER","37214","2019","November","Fall","08","Saturday","Weekend","No Injuries","No Fatalities"
9.97560418971419e-314,2019-11-23 08:46:00,2,0,0,NA,"Y","SIDESWIPE - SAME DIRECTION","RAIN","DARK - LIGHTED","MM 211 7 I 40","NASHVILLE","HERMIT",36.14974,-86.74806,"MOTOR VEHICLE IN TRANSPORT","37210","2019","November","Fall","08","Saturday","Weekend","No Injuries","No Fatalities"
9.97560420354803e-314,2019-11-23 09:00:00,1,0,0,NA,"N","NOT COLLISION W/MOTOR VEHICLE-TRANSPORT","RAIN","DARK - LIGHTED","NESBITT LN & HERITAGE DR","MADISON","MADISO",36.27353,-86.71884,"CULVERT","37115","2019","November","Fall","09","Saturday","Weekend","No Injuries","No Fatalities"
9.97560422775724e-314,2019-11-23 09:40:00,1,0,0,NA,"Y","NOT COLLISION W/MOTOR VEHICLE-TRANSPORT","RAIN","DARK - NOT LIGHTED","I65 N ENT RAMP & I 440","NASHVILLE","MIDTOW",36.12016,-86.77308,"IMPACT ATTENUATOR","37204","2019","November","Fall","09","Saturday","Weekend","No Injuries","No Fatalities"
9.97560427370535e-314,2019-11-23 11:15:00,1,1,0,NA,"N","NOT COLLISION W/MOTOR VEHICLE-TRANSPORT","RAIN","DARK - NOT LIGHTED","ANDERSON LN & SNOW AVE","MADISON","MADISO",36.27282,-86.69838,"BUILDING","37115","2019","November","Fall","11","Saturday","Weekend","Injuries","No Fatalities"
9.97560430779588e-314,2019-11-23 10:28:00,2,0,0,NA,"N","Front to Rear","RAIN","DARK - NOT LIGHTED","MM 86 5 I 65","NASHVILLE","NORTH",36.19518,-86.77616,"MOTOR VEHICLE IN TRANSPORT","37207","2019","November","Fall","10","Saturday","Weekend","No Injuries","No Fatalities"
9.9756043102662e-314,2019-11-23 06:00:00,2,0,0,NA,"N","NOT COLLISION W/MOTOR VEHICLE-TRANSPORT","RAIN","Dark-Unknown Lighting","DOVER GLEN DR & SPLIT OAK TRL","ANTIOCH","SOUTH",36.07526,-86.65453,"PARKED MOTOR VEHICLE;MAIL BOX","37013","2019","November","Fall","06","Saturday","Weekend","No Injuries","No Fatalities"
9.975608154591e-314,2019-11-27 00:40:00,2,1,0,NA,"N","ANGLE","RAIN","DARK - LIGHTED","GARFIELD ST & ROSA L PARKS BLVD","NASHVILLE","NORTH",36.18059,-86.79635,"MOTOR VEHICLE IN TRANSPORT","37208","2019","November","Fall","00","Wednesday","Weekday","Injuries","No Fatalities"
9.9756081689189e-314,2019-11-27 00:32:00,2,0,0,NA,"N","SIDESWIPE - OPPOSITE DIRECTION","RAIN","DARK - LIGHTED","DICKERSON PKE & BELL GRIMES LN","MADISON","MADISO",36.26834,-86.75616,"MOTOR VEHICLE IN TRANSPORT","37115","2019","November","Fall","00","Wednesday","Weekday","No Injuries","No Fatalities"
9.9756081704011e-314,2019-11-27 00:55:00,2,0,0,NA,"N","ANGLE","RAIN","DARK - NOT LIGHTED","HIGHWAY 70S & OLD HARDING PKE","NASHVILLE","WEST",36.07426,-86.9217,"MOTOR VEHICLE IN TRANSPORT","37221","2019","November","Fall","00","Wednesday","Weekday","No Injuries","No Fatalities"
9.97560817385956e-314,2019-11-27 01:03:00,2,1,0,NA,"N","ANGLE","RAIN","DARK - LIGHTED","MURFREESBORO PKE & I24 W EXT RAMP","NASHVILLE","SOUTH",36.13467,-86.72351,"MOTOR VEHICLE IN TRANSPORT","37217","2019","November","Fall","01","Wednesday","Weekday","Injuries","No Fatalities"
9.97560818522307e-314,2019-11-27 01:10:00,1,0,0,NA,"Y","NOT COLLISION W/MOTOR VEHICLE-TRANSPORT","RAIN","DARK - NOT LIGHTED","MM 209 2 I 40","NASHVILLE","CENTRA",36.1543,-86.78821,"CONCRETE TRAFFIC BARRIER","37203","2019","November","Fall","01","Wednesday","Weekday","No Injuries","No Fatalities"
9.97560819016372e-314,2019-11-27 00:12:00,2,0,0,NA,"N","Front to Rear","RAIN","DARK - LIGHTED","MM 77 0 I 65","NASHVILLE","MIDTOW",36.07137,-86.76958,"MOTOR VEHICLE IN TRANSPORT","37220","2019","November","Fall","00","Wednesday","Weekday","No Injuries","No Fatalities"
9.97560819263405e-314,2019-11-27 00:45:00,2,0,0,NA,"N","HEAD-ON","RAIN","DARK - LIGHTED","DICKERSON PKE & DUKE ST","NASHVILLE","EAST",36.20783,-86.76767,"MOTOR VEHICLE IN TRANSPORT","37207","2019","November","Fall","00","Wednesday","Weekday","No Injuries","No Fatalities"
9.97560819708064e-314,2019-11-27 01:30:00,1,1,0,NA,"N","NOT COLLISION W/MOTOR VEHICLE-TRANSPORT","RAIN","DARK - LIGHTED","INTERSTATE DR & JAMES ROBERTSON PKWY","NASHVILLE","CENTRA",36.17143,-86.76904,"PEDESTRIAN","37213","2019","November","Fall","01","Wednesday","Weekday","Injuries","No Fatalities"
9.97560820646789e-314,2019-11-27 00:20:00,2,0,0,NA,"Y","Front to Rear","RAIN","DARK - LIGHTED","MCGAVOCK PKE & PLEASANT GREEN RD","NASHVILLE","HERMIT",36.21362,-86.68783,"MOTOR VEHICLE IN TRANSPORT","37214","2019","November","Fall","00","Wednesday","Weekday","No Injuries","No Fatalities"
9.97561327953394e-314,2019-12-02 06:00:00,1,0,0,NA,"N","NOT COLLISION W/MOTOR VEHICLE-TRANSPORT","RAIN","DARK - NOT LIGHTED","MT VIEW RD & HICKORY HOLLOW PKWY","ANTIOCH","SOUTH",36.05868,-86.66987,"DITCH","37013","2019","December","Winter","06","Monday","Weekday","No Injuries","No Fatalities"
9.97560820893822e-314,2019-11-27 01:57:00,1,1,0,NA,"N","NOT COLLISION W/MOTOR VEHICLE-TRANSPORT","RAIN","DARK - NOT LIGHTED","MM 198 1 I 40","NASHVILLE","WEST",36.09999,-86.93503,"Ran Off Road-Right;EMBANKMENT ROCK/STONE/CONCRETE","37221","2019","November","Fall","01","Wednesday","Weekday","Injuries","No Fatalities"
9.97561334969126e-314,2019-12-02 11:30:00,2,0,0,NA,"Y","ANGLE","RAIN","DARK - LIGHTED","NASHBORO BLVD & MURFREESBORO PKE","NASHVILLE","HERMIT",36.08736,-86.64767,"MOTOR VEHICLE IN TRANSPORT;Cross Median","37217","2019","December","Winter","11","Monday","Weekday","No Injuries","No Fatalities"
9.97560821536107e-314,2019-11-27 02:20:00,3,1,0,NA,"N","ANGLE","RAIN","DARK - LIGHTED","CLARKSVILLE PKE & BUENA VISTA PKE","NASHVILLE","NORTH",36.19366,-86.83122,"MOTOR VEHICLE IN TRANSPORT","37218","2019","November","Fall","02","Wednesday","Weekday","Injuries","No Fatalities"
9.97560821931359e-314,2019-11-27 01:09:00,2,0,0,NA,"N","SIDESWIPE - SAME DIRECTION","RAIN","DARK - LIGHTED","MURFREESBORO PKE & DONELSON PKE","NASHVILLE","SOUTH",36.10593,-86.6725,"MOTOR VEHICLE IN TRANSPORT","37217","2019","November","Fall","01","Wednesday","Weekday","No Injuries","No Fatalities"
9.97560822425425e-314,2019-11-27 02:07:00,2,0,0,NA,"N","ANGLE","RAIN","DARK - LIGHTED","HIGHWAY 70S & BELLEVUE CTR PVTDR","NASHVILLE","WEST",36.07854,-86.95081,"MOTOR VEHICLE IN TRANSPORT","37221","2019","November","Fall","02","Wednesday","Weekday","No Injuries","No Fatalities"
9.97560822573645e-314,2019-11-27 01:03:00,2,0,0,NA,"Y","Front to Rear","RAIN","DARK - NOT LIGHTED","MURFREESBORO PKE & FAIRCLOTH LN","NASHVILLE","HERMIT",36.10354,-86.66701,"MOTOR VEHICLE IN TRANSPORT","37217","2019","November","Fall","01","Wednesday","Weekday","No Injuries","No Fatalities"
9.9756082306771e-314,2019-11-27 02:08:00,1,0,0,NA,"N","NOT COLLISION W/MOTOR VEHICLE-TRANSPORT","RAIN","DARK - LIGHTED","BRICK CHURCH PKE & VILLAGE TRL","NASHVILLE","MADISO",36.24805,-86.77777,"DITCH;Ran Off Road-Left","37207","2019","November","Fall","02","Wednesday","Weekday","No Injuries","No Fatalities"
9.97560823413556e-314,2019-11-27 00:28:00,2,1,0,NA,"Y","Front to Rear","RAIN","DAYLIGHT","MM 209 4 I 40","NASHVILLE","CENTRA",36.15202,-86.78667,"MOTOR VEHICLE IN TRANSPORT","37203","2019","November","Fall","00","Wednesday","Weekday","Injuries","No Fatalities"
9.97560823808809e-314,2019-11-27 02:37:00,1,0,0,NA,"Y","NOT COLLISION W/MOTOR VEHICLE-TRANSPORT","RAIN","DARK - LIGHTED","MM 56 7 I 24","NASHVILLE","SOUTH",36.0731,-86.69196,"","37211","2019","November","Fall","02","Wednesday","Weekday","No Injuries","No Fatalities"
9.97560824352281e-314,2019-11-27 02:40:00,1,0,0,NA,"Y","UNKNOWN","RAIN","DARK - NOT LIGHTED","MM 2 0 I 440","NASHVILLE","WEST",36.12997,-86.81706,"UNKNOWN MOST HARMFUL EVENT","37205","2019","November","Fall","02","Wednesday","Weekday","No Injuries","No Fatalities"
9.97560824451094e-314,2019-11-27 02:46:00,1,0,0,NA,"N","NOT COLLISION W/MOTOR VEHICLE-TRANSPORT","RAIN","DARK - LIGHTED","TRAILS END LN & QUAIL RD","NASHVILLE","HERMIT",36.13973,-86.63611,"UTILITY POLE","37214","2019","November","Fall","02","Wednesday","Weekday","No Injuries","No Fatalities"
9.9756082509338e-314,2019-11-27 01:00:00,3,0,0,NA,"Y","Front to Rear","RAIN","DARK - LIGHTED","LAKEWALK DR & PIN OAK DR","ANTIOCH","SOUTH",36.05137,-86.59096,"PARKED MOTOR VEHICLE","37013","2019","November","Fall","01","Wednesday","Weekday","No Injuries","No Fatalities"
9.97560826081511e-314,2019-11-27 03:00:00,1,0,0,NA,"N","NOT COLLISION W/MOTOR VEHICLE-TRANSPORT","RAIN","DARK - NOT LIGHTED","OLD HICKORY BLVD & BELL RD","HERMITAGE","HERMIT",36.16135,-86.59713,"","37076","2019","November","Fall","03","Wednesday","Weekday","No Injuries","No Fatalities"
9.97560827069642e-314,2019-11-27 02:36:00,2,0,0,NA,"Y","Front to Rear","RAIN","DARK - LIGHTED","TRAILS END LN & ELM HILL PKE","NASHVILLE","HERMIT",36.14188,-86.63721,"MOTOR VEHICLE IN TRANSPORT","37214","2019","November","Fall","02","Wednesday","Weekday","No Injuries","No Fatalities"
9.97560827563708e-314,2019-11-26 06:00:00,1,0,0,NA,"N","NOT COLLISION W/MOTOR VEHICLE-TRANSPORT","RAIN","Dark-Unknown Lighting","MM 210 3 I 40","NASHVILLE","MIDTOW",36.15027,-86.77135,"GUARDRAIL FACE","37203","2019","November","Fall","06","Tuesday","Weekday","No Injuries","No Fatalities"
9.97560827662521e-314,2019-11-27 03:24:00,1,1,0,NA,"N","NOT COLLISION W/MOTOR VEHICLE-TRANSPORT","RAIN","DARK - NOT LIGHTED","I24 E EXT RAMP & I 24","NASHVILLE","NORTH",36.13588,-86.72797,"Ran Off Road-Right;EMBANKMENT ROCK/STONE/CONCRETE","37207","2019","November","Fall","03","Wednesday","Weekday","Injuries","No Fatalities"
9.97560827860147e-314,2019-11-27 03:22:00,2,2,0,NA,"N","ANGLE","RAIN","DARK - LIGHTED","OLD HICKORY BLVD & HIGHWAY 70S","NASHVILLE","WEST",36.07448,-86.92094,"MOTOR VEHICLE IN TRANSPORT","37221","2019","November","Fall","03","Wednesday","Weekday","Injuries","No Fatalities"
9.97560828057773e-314,2019-11-27 02:44:00,2,0,0,NA,"N","ANGLE","RAIN","DARK - NOT LIGHTED","CHARLOTTE PK & I 40 E ENTRANCE RAMP","NASHVILLE","WEST",36.131968,-86.895553,"MOTOR VEHICLE IN TRANSPORT","37205","2019","November","Fall","02","Wednesday","Weekday","No Injuries","No Fatalities"
9.97560828798872e-314,2019-11-27 03:41:00,2,0,0,NA,"N","SIDESWIPE - SAME DIRECTION","RAIN","DARK - LIGHTED","MM 52 2 I 24","NASHVILLE","SOUTH",36.1359,-86.72709,"MOTOR VEHICLE IN TRANSPORT","37217","2019","November","Fall","03","Wednesday","Weekday","No Injuries","No Fatalities"