"Accident.Number","Date.and.Time","Number.of.Motor.Vehicles","Number.of.Injuries","Number.of.Fatalities","Property.Damage","Hit.and.Run","Collision.Type.Description","Weather.Description","Illumination.Description","Street.Address","City","Precinct","Latitude","Longitude","HarmfulDescriptions","Zip.Code","Year","Month","Season","Hour","Weekday","DayType","Accident","Fatality_category"
9.97560831022167e-314,2019-11-27 04:12:00,2,0,0,NA,"N","NOT COLLISION W/MOTOR VEHICLE-TRANSPORT","RAIN","DARK - LIGHTED","MM 49 0 I 24","NASHVILLE","EAST",36.16582,-86.76447,"MOTOR VEHICLE IN TRANSPORT;CONCRETE TRAFFIC BARRIER","37206","2019","November","Fall","04","Wednesday","Weekday","No Injuries","No Fatalities"
9.9756083141742e-314,2019-11-27 04:04:00,1,0,0,NA,"N","NOT COLLISION W/MOTOR VEHICLE-TRANSPORT","RAIN","DARK - LIGHTED","US HWY 431 & MOORMANS ARM RD","NASHVILLE","NORTH",36.21819,-86.80349,"DITCH","37207","2019","November","Fall","04","Wednesday","Weekday","No Injuries","No Fatalities"
9.9756083156564e-314,2019-11-27 04:10:00,1,0,0,NA,"N","NOT COLLISION W/MOTOR VEHICLE-TRANSPORT","RAIN","DARK - LIGHTED","MM 211 6 I 40","NASHVILLE","HERMIT",36.15086,-86.74997,"CONCRETE TRAFFIC BARRIER","37210","2019","November","Fall","04","Wednesday","Weekday","No Injuries","No Fatalities"
9.97560832949023e-314,2019-11-26 06:00:00,1,0,0,NA,"N","NOT COLLISION W/MOTOR VEHICLE-TRANSPORT","RAIN","DARK - NOT LIGHTED","OLD HICKORY BLVD & GAUCHO ROAD PVTDR","NASHVILLE","WEST",36.05701,-86.90157,"Ran Off Road-Right;EMBANKMENT ROCK/STONE/CONCRETE","37221","2019","November","Fall","06","Tuesday","Weekday","No Injuries","No Fatalities"
9.97560833739528e-314,2019-11-27 04:52:00,1,1,0,NA,"N","NOT COLLISION W/MOTOR VEHICLE-TRANSPORT","RAIN","DARK - LIGHTED","MM 89 4 I 65","NASHVILLE","EAST",36.23466,-86.76617,"CONCRETE TRAFFIC BARRIER","37207","2019","November","Fall","04","Wednesday","Weekday","Injuries","No Fatalities"
9.97560834628847e-314,2019-11-27 02:48:00,1,0,0,NA,"N","NOT COLLISION W/MOTOR VEHICLE-TRANSPORT","RAIN","DARK - LIGHTED","MM 211 5 I 40","NASHVILLE","HERMIT",36.15122,-86.75076,"GUARDRAIL END","37210","2019","November","Fall","02","Wednesday","Weekday","No Injuries","No Fatalities"
9.97560835616978e-314,2019-11-27 04:33:00,1,0,0,NA,"N","NOT COLLISION W/MOTOR VEHICLE-TRANSPORT","RAIN","DARK - NOT LIGHTED","MM 213 0 I 40","NASHVILLE","HERMIT",36.14124,-86.73174,"OTHER OBJECT (NOT FIXED)","37210","2019","November","Fall","04","Wednesday","Weekday","No Injuries","No Fatalities"
9.97560835765198e-314,2019-11-27 05:15:00,1,1,0,NA,"N","NOT COLLISION W/MOTOR VEHICLE-TRANSPORT","RAIN","DARK - NOT LIGHTED","MM 75 0 I 65","BRENTWOOD","MIDTOW",36.0444,-86.78041,"","37027","2019","November","Fall","05","Wednesday","Weekday","Injuries","No Fatalities"
9.97560838087306e-314,2019-11-27 05:10:00,2,0,0,NA,"N","Front to Rear","RAIN","DARK - NOT LIGHTED","OLD HICKORY BLVD & HICKORY SPRINGS RD","NASHVILLE","MIDTOW",36.04145,-86.82293,"MOTOR VEHICLE IN TRANSPORT","37215","2019","November","Fall","05","Wednesday","Weekday","No Injuries","No Fatalities"
9.97560842929149e-314,2019-11-27 06:38:00,1,0,0,NA,"N","NOT COLLISION W/MOTOR VEHICLE-TRANSPORT","RAIN","DARK - LIGHTED","MM 211 7 I 40","NASHVILLE","HERMIT",36.15027,-86.7487,"GUARDRAIL FACE","37210","2019","November","Fall","06","Wednesday","Weekday","No Injuries","No Fatalities"
9.97560844707786e-314,2019-11-27 06:00:00,1,0,0,NA,"Y","NOT COLLISION W/MOTOR VEHICLE-TRANSPORT","RAIN","DARK - NOT LIGHTED","PEBBLE CREEK DR & EDGE O LAKE DR","ANTIOCH","SOUTH",36.07121,-86.6457,"CURB;Ran Off Road-Right","37013","2019","November","Fall","06","Wednesday","Weekday","No Injuries","No Fatalities"
9.97560847721586e-314,2019-11-27 07:24:00,1,0,0,NA,"Y","NOT COLLISION W/MOTOR VEHICLE-TRANSPORT","RAIN","DARK - LIGHTED","MM 211 6 I 40","NASHVILLE","HERMIT",36.15107,-86.75045,"GUARDRAIL FACE","37210","2019","November","Fall","07","Wednesday","Weekday","No Injuries","No Fatalities"
9.97560848018026e-314,2019-11-27 07:26:00,1,2,0,NA,"N","NOT COLLISION W/MOTOR VEHICLE-TRANSPORT","RAIN","DARK - LIGHTED","I40 E EXT RAMP & I 40","NASHVILLE","HERMIT",36.14959,-86.77285,"IMPACT ATTENUATOR","37214","2019","November","Fall","07","Wednesday","Weekday","Injuries","No Fatalities"
9.97560849747255e-314,2019-11-27 07:51:00,1,0,0,NA,"N","NOT COLLISION W/MOTOR VEHICLE-TRANSPORT","RAIN","DARK - LIGHTED","MM 86 5 I 65","NASHVILLE","NORTH",36.19349,-86.77677,"GUARDRAIL FACE","37207","2019","November","Fall","07","Wednesday","Weekday","No Injuries","No Fatalities"
9.97560855379604e-314,2019-11-27 08:59:00,1,0,0,NA,"Y","NOT COLLISION W/MOTOR VEHICLE-TRANSPORT","RAIN","DARK - NOT LIGHTED","STATE HWY 45 & HICKORY INDUSTRIAL DR","OLD HICKORY","HERMIT",36.26552,-86.6718,"DITCH;TREE","37138","2019","November","Fall","08","Wednesday","Weekday","No Injuries","No Fatalities"
9.97560474702024e-314,2019-11-24 00:03:00,2,3,0,NA,"N","HEAD-ON","RAIN","DARK - NOT LIGHTED","WEST PARK PVTDR & CHARLOTTE PKE","NASHVILLE","WEST",36.12092,-86.91698,"MOTOR VEHICLE IN TRANSPORT","37209","2019","November","Fall","00","Sunday","Weekend","Injuries","No Fatalities"
9.97560475739561e-314,2019-11-24 00:14:00,2,0,0,NA,"N","SIDESWIPE - SAME DIRECTION","RAIN","DARK - LIGHTED","DICKERSON PKE & RICHARDSON AV","NASHVILLE","EAST",36.1912,-86.7728,"MOTOR VEHICLE IN TRANSPORT","37207","2019","November","Fall","00","Sunday","Weekend","No Injuries","No Fatalities"
9.97560855626637e-314,2019-11-27 06:00:00,1,1,0,NA,"N","NOT COLLISION W/MOTOR VEHICLE-TRANSPORT","RAIN","DARK - LIGHTED","SAWYER BROWN RD & TODD PREIS DR","NASHVILLE","WEST",36.07112,-86.94708,"CURB","37221","2019","November","Fall","06","Wednesday","Weekday","Injuries","No Fatalities"
9.97560476678286e-314,2019-11-24 00:40:00,2,1,0,NA,"Y","ANGLE","RAIN","DARK - LIGHTED","HAMILTON CHURCH RD & MURFREESBORO PKE","ANTIOCH","SOUTH",36.06417,-86.62913,"MOTOR VEHICLE IN TRANSPORT","37013","2019","November","Fall","00","Sunday","Weekend","Injuries","No Fatalities"
9.97560477024132e-314,2019-11-24 00:42:00,2,0,0,NA,"Y","SIDESWIPE - SAME DIRECTION","RAIN","DARK - LIGHTED","MM 53 6 I 24","NASHVILLE","SOUTH",36.11038,-86.72203,"MOTOR VEHICLE IN TRANSPORT","37211","2019","November","Fall","00","Sunday","Weekend","No Injuries","No Fatalities"
9.97560858541624e-314,2019-11-27 10:15:00,1,1,0,NA,"N","NOT COLLISION W/MOTOR VEHICLE-TRANSPORT","RAIN","DARK - LIGHTED","MM 211 8 I 40","NASHVILLE","HERMIT",36.14918,-86.74668,"CONCRETE TRAFFIC BARRIER","37210","2019","November","Fall","10","Wednesday","Weekday","Injuries","No Fatalities"
9.97560862296523e-314,2019-11-27 11:16:00,2,2,0,NA,"N","ANGLE","RAIN","Dark-Unknown Lighting","ANDREW JACKSON PKWY & SAUNDERSVILLE RD","HERMITAGE","HERMIT",36.22564,-86.59781,"MOTOR VEHICLE IN TRANSPORT","37076","2019","November","Fall","11","Wednesday","Weekday","Injuries","No Fatalities"
9.97560862444742e-314,2019-11-27 11:17:00,1,0,0,NA,"N","NOT COLLISION W/MOTOR VEHICLE-TRANSPORT","RAIN","DARK - NOT LIGHTED","MM 86 5 I 65","NASHVILLE","NORTH",36.19299,-86.77742,"GUARDRAIL FACE","37207","2019","November","Fall","11","Wednesday","Weekday","No Injuries","No Fatalities"
9.97560481964789e-314,2019-11-24 01:42:00,2,0,0,NA,"N","ANGLE","RAIN","DARK - LIGHTED","0 13TH AVE S","NASHVILLE","CENTRA",36.15411,-86.78759,"MOTOR VEHICLE IN TRANSPORT","37203","2019","November","Fall","01","Sunday","Weekend","No Injuries","No Fatalities"
9.97560488782894e-314,2019-11-24 03:15:00,2,0,0,NA,"N","Front to Rear","RAIN","DARK - LIGHTED","STONE BROOK DR & OLD HICKORY BLVD","BRENTWOOD","MIDTOW",36.0409,-86.77938,"MOTOR VEHICLE IN TRANSPORT","37027","2019","November","Fall","03","Sunday","Weekend","No Injuries","No Fatalities"
9.97560489227554e-314,2019-11-24 03:21:00,2,0,0,NA,"N","ANGLE","RAIN","DARK - LIGHTED","EAST THOMPSON LN & LAWNDALE DR","NASHVILLE","SOUTH",36.12601,-86.71236,"MOTOR VEHICLE IN TRANSPORT","37217","2019","November","Fall","03","Sunday","Weekend","No Injuries","No Fatalities"
9.9756049100619e-314,2019-11-24 02:36:00,2,0,0,NA,"N","ANGLE","RAIN","DARK - LIGHTED","NOLENSVILLE PKE & PARAGON MILLS RD","NASHVILLE","SOUTH",36.08466,-86.72809,"MOTOR VEHICLE IN TRANSPORT","37211","2019","November","Fall","02","Sunday","Weekend","No Injuries","No Fatalities"
9.97560513239144e-314,2019-11-24 09:13:00,2,3,0,NA,"N","ANGLE","RAIN","DARK - NOT LIGHTED","4TH AVN & CHARLOTTE AV","NASHVILLE","CENTRA",36.16635,-86.78069,"MOTOR VEHICLE IN TRANSPORT;OTHER OBJECT (NOT FIXED)","37201","2019","November","Fall","09","Sunday","Weekend","Injuries","No Fatalities"
9.97560906021332e-314,2019-11-26 06:00:00,1,0,0,NA,"Y","NOT COLLISION W/MOTOR VEHICLE-TRANSPORT","RAIN","DARK - NOT LIGHTED","BELL RD & OLD HICKORY BLVD","HERMITAGE","HERMIT",36.16127,-86.59928,"DITCH;TREE;Ran Off Road-Right","37076","2019","November","Fall","06","Tuesday","Weekday","No Injuries","No Fatalities"
9.97562233229877e-314,2019-12-10 00:34:00,2,1,0,NA,"N","Front to Rear","RAIN","DARK - LIGHTED","NOLENSVILLE PKE & HICKORYVIEW DR","NASHVILLE","SOUTH",36.0472,-86.71348,"MOTOR VEHICLE IN TRANSPORT","37211","2019","December","Winter","00","Tuesday","Weekday","Injuries","No Fatalities"
9.97562238812819e-314,2019-12-10 02:00:00,2,0,0,NA,"N","HEAD-ON","RAIN","DARK - LIGHTED","OLD LEBANON DIRT RD & OLD HICKORY BLVD","HERMITAGE","HERMIT",36.19089,-86.61519,"MOTOR VEHICLE IN TRANSPORT","37076","2019","December","Winter","02","Tuesday","Weekday","No Injuries","No Fatalities"
9.97562239899763e-314,2019-12-10 02:14:00,2,0,0,NA,"N","Front to Rear","RAIN","DARK - LIGHTED","RAMP & STATE HWY 255","NASHVILLE","HERMIT",36.07944,-86.72598,"MOTOR VEHICLE IN TRANSPORT","37217","2019","December","Winter","02","Tuesday","Weekday","No Injuries","No Fatalities"
9.97562241777212e-314,2019-12-10 01:41:00,2,0,0,NA,"Y","SIDESWIPE - SAME DIRECTION","RAIN","DARK - LIGHTED","WEST END AV & 31ST AVN","NASHVILLE","MIDTOW",36.14294,-86.81509,"MOTOR VEHICLE IN TRANSPORT;PARKED MOTOR VEHICLE","37212","2019","December","Winter","01","Tuesday","Weekday","No Injuries","No Fatalities"
9.97562243308816e-314,2019-12-10 02:50:00,1,1,0,NA,"N","NOT COLLISION W/MOTOR VEHICLE-TRANSPORT","RAIN","DARK - NOT LIGHTED","MM 198 4 I 40","NASHVILLE","WEST",36.10324,-86.93284,"CONCRETE TRAFFIC BARRIER;Ran Off Road-Left","37221","2019","December","Winter","02","Tuesday","Weekday","Injuries","No Fatalities"
9.97562243506442e-314,2019-12-10 01:49:00,3,0,0,NA,"N","Front to Rear","RAIN","DARK - LIGHTED","US HWY 70 & MARCIA AVE","NASHVILLE","WEST",36.14729,-86.86925,"MOTOR VEHICLE IN TRANSPORT","37209","2019","December","Winter","01","Tuesday","Weekday","No Injuries","No Fatalities"
9.97562243802882e-314,2019-12-10 02:50:00,1,0,0,NA,"N","NOT COLLISION W/MOTOR VEHICLE-TRANSPORT","RAIN","DARK - NOT LIGHTED","MM 201 0 I 40","NASHVILLE","WEST",36.12975,-86.89945,"CONCRETE TRAFFIC BARRIER","37209","2019","December","Winter","02","Tuesday","Weekday","No Injuries","No Fatalities"
9.97562244593387e-314,2019-12-10 02:38:00,2,1,0,NA,"N","Front to Rear","RAIN","DARK - LIGHTED","MURFREESBORO PKE & FOOTHILL DR","NASHVILLE","HERMIT",36.13119,-86.71687,"MOTOR VEHICLE IN TRANSPORT","37217","2019","December","Winter","02","Tuesday","Weekday","Injuries","No Fatalities"
9.97562244840419e-314,2019-12-10 03:08:00,2,1,0,NA,"N","ANGLE","RAIN","DARK - NOT LIGHTED","MARCIA AV & CHARLOTTE PKE","NASHVILLE","WEST",36.14714,-86.86941,"MOTOR VEHICLE IN TRANSPORT","37209","2019","December","Winter","03","Tuesday","Weekday","Injuries","No Fatalities"
9.97562245136859e-314,2019-12-10 03:06:00,2,0,0,NA,"Y","HEAD-ON","RAIN","DARK - NOT LIGHTED","HARDING PL & WHISPERING OAKS PL","NASHVILLE","SOUTH",36.08166,-86.71365,"MOTOR VEHICLE IN TRANSPORT","37211","2019","December","Winter","03","Tuesday","Weekday","No Injuries","No Fatalities"
9.97562245433298e-314,2019-12-10 03:11:00,1,1,0,NA,"N","NOT COLLISION W/MOTOR VEHICLE-TRANSPORT","RAIN","DARK - NOT LIGHTED","BRILEY PKWYS & BRILEY PKWYN","NASHVILLE","NORTH",36.17477,-86.6908,"WALL","37218","2019","December","Winter","03","Tuesday","Weekday","Injuries","No Fatalities"
9.97562247706e-314,2019-12-10 02:48:00,2,0,0,NA,"N","Front to Rear","RAIN","DARK - LIGHTED","MM 201 0 I 40","NASHVILLE","WEST",36.12975,-86.89945,"MOTOR VEHICLE IN TRANSPORT","37209","2019","December","Winter","02","Tuesday","Weekday","No Injuries","No Fatalities"
9.97562248298879e-314,2019-12-10 03:38:00,3,0,0,NA,"N","SIDESWIPE - SAME DIRECTION","RAIN","DARK - LIGHTED","MM 213 0 I 40","NASHVILLE","HERMIT",36.14084,-86.73255,"MOTOR VEHICLE IN TRANSPORT","37210","2019","December","Winter","03","Tuesday","Weekday","No Injuries","No Fatalities"
9.97562250077515e-314,2019-12-10 03:10:00,2,0,0,NA,"Y","ANGLE","RAIN","DARK - LIGHTED","BELL RD & MT VIEW RD","ANTIOCH","SOUTH",36.04998,-86.6495,"MOTOR VEHICLE IN TRANSPORT","37013","2019","December","Winter","03","Tuesday","Weekday","No Injuries","No Fatalities"
9.97562251263273e-314,2019-12-09 06:00:00,2,0,0,NA,"Y","Front to Rear","RAIN","DARK - NOT LIGHTED","BRILEY PKWYS & OPRY MILLS DR","NASHVILLE","HERMIT",36.20506,-86.68991,"MOTOR VEHICLE IN TRANSPORT","37214","2019","December","Winter","06","Monday","Weekday","No Injuries","No Fatalities"
9.9756225289369e-314,2019-12-10 03:28:00,2,0,0,NA,"N","Front to Rear","RAIN","DARK - LIGHTED","FRANKLIN PKE & OLD HICKORY BLVD","BRENTWOOD","MIDTOW",36.0374,-86.78657,"MOTOR VEHICLE IN TRANSPORT","37027","2019","December","Winter","03","Tuesday","Weekday","No Injuries","No Fatalities"
9.97562253041909e-314,2019-12-10 04:45:00,2,1,0,NA,"N","Front to Rear","RAIN","DARK - LIGHTED","US HWY 31 ALT & STATE HWY 253","NASHVILLE","MIDTOW",35.99686,-86.68989,"MOTOR VEHICLE IN TRANSPORT","37211","2019","December","Winter","04","Tuesday","Weekday","Injuries","No Fatalities"
9.97562257389687e-314,2019-12-10 02:00:00,2,0,0,NA,"N","Front to Rear","RAIN","DARK - LIGHTED","0 BRILEY PKWYS","NASHVILLE","SOUTH",36.17356,-86.68957,"MOTOR VEHICLE IN TRANSPORT","37211","2019","December","Winter","02","Tuesday","Weekday","No Injuries","No Fatalities"
9.97562258871884e-314,2019-12-10 04:30:00,1,0,0,NA,"N","NOT COLLISION W/MOTOR VEHICLE-TRANSPORT","RAIN","Dark-Unknown Lighting","MM 1 8 I 440","NASHVILLE","MIDTOW",36.13219,-86.81821,"CONCRETE TRAFFIC BARRIER","37212","2019","December","Winter","04","Tuesday","Weekday","No Injuries","No Fatalities"
9.97562260057641e-314,2019-12-09 06:00:00,2,1,0,NA,"N","OTHER","RAIN","DARK - LIGHTED","4TH AVS & CHESTNUT ST","NASHVILLE","SOUTH",36.14493,-86.76666,"MOTOR VEHICLE IN TRANSPORT","37210","2019","December","Winter","06","Monday","Weekday","Injuries","No Fatalities"
9.97562267765065e-314,2019-12-10 07:10:00,1,0,0,NA,"N","NOT COLLISION W/MOTOR VEHICLE-TRANSPORT","RAIN","DARK - LIGHTED","STATE HWY 255 & TIMBERHILL DR","NASHVILLE","MIDTOW",36.08121,-86.75456,"Ran Off Road-Left;Cross Center Line","37211","2019","December","Winter","07","Tuesday","Weekday","No Injuries","No Fatalities"
9.97562269049636e-314,2019-12-10 07:30:00,1,0,0,NA,"N","UNKNOWN","RAIN","UNKNOWN","MM 1 7 I 440","NASHVILLE","NORTH",36.1539,-86.82255,"UNKNOWN MOST HARMFUL EVENT","37209","2019","December","Winter","07","Tuesday","Weekday","No Injuries","No Fatalities"
9.97562284415078e-314,2019-12-10 10:40:00,1,1,0,NA,"Y","NOT COLLISION W/MOTOR VEHICLE-TRANSPORT","RAIN","DARK - LIGHTED","5701 OLD HICKORY BLVD","HERMITAGE","HERMIT",36.03975,-86.74396,"PEDESTRIAN","37076","2019","December","Winter","10","Tuesday","Weekday","Injuries","No Fatalities"
9.97562285156176e-314,2019-12-10 10:50:00,1,0,0,NA,"N","NOT COLLISION W/MOTOR VEHICLE-TRANSPORT","RAIN","DARK - LIGHTED","MM 56 0 I 24","NASHVILLE","SOUTH",36.08276,-86.6981,"UTILITY POLE","37211","2019","December","Winter","10","Tuesday","Weekday","No Injuries","No Fatalities"
9.97562285502022e-314,2019-12-10 11:11:00,1,1,0,NA,"N","NOT COLLISION W/MOTOR VEHICLE-TRANSPORT","RAIN","DARK - LIGHTED","MM 49 4 I 24","NASHVILLE","EAST",36.1612,-86.76067,"CONCRETE TRAFFIC BARRIER","37206","2019","December","Winter","11","Tuesday","Weekday","Injuries","No Fatalities"
9.97562286094901e-314,2019-12-10 11:19:00,1,0,0,NA,"N","NOT COLLISION W/MOTOR VEHICLE-TRANSPORT","RAIN","DARK - NOT LIGHTED","MM 49 5 I 24","NASHVILLE","CENTRA",36.15951,-86.76047,"CONCRETE TRAFFIC BARRIER","37210","2019","December","Winter","11","Tuesday","Weekday","No Injuries","No Fatalities"
9.97562287083032e-314,2019-12-10 11:30:00,2,0,0,NA,"N","Front to Rear","RAIN","DARK - LIGHTED","MM 48 6 I 24","NASHVILLE","EAST",36.17036,-86.76731,"MOTOR VEHICLE IN TRANSPORT","37206","2019","December","Winter","11","Tuesday","Weekday","No Injuries","No Fatalities"
9.97562287626504e-314,2019-12-10 11:50:00,1,0,0,NA,"N","NOT COLLISION W/MOTOR VEHICLE-TRANSPORT","RAIN","DARK - LIGHTED","DONELSON PKE & WOODBERRY DR","NASHVILLE","HERMIT",36.16112,-86.66428,"DEER (ANIMAL)","37214","2019","December","Winter","11","Tuesday","Weekday","No Injuries","No Fatalities"
9.97562288021757e-314,2019-12-10 11:15:00,2,0,0,NA,"N","SIDESWIPE - SAME DIRECTION","RAIN","DARK - LIGHTED","16TH AVS & BROADWAY","NASHVILLE","MIDTOW",36.15427,-86.79289,"MOTOR VEHICLE IN TRANSPORT","37203","2019","December","Winter","11","Tuesday","Weekday","No Injuries","No Fatalities"
9.97562288169977e-314,2019-12-10 11:54:00,3,1,0,NA,"N","ANGLE","RAIN","DARK - LIGHTED","MM 211 8 I 40","NASHVILLE","HERMIT",36.14904,-86.74645,"MOTOR VEHICLE IN TRANSPORT","37210","2019","December","Winter","11","Tuesday","Weekday","Injuries","No Fatalities"
9.97562289158108e-314,2019-12-10 12:15:00,1,1,0,NA,"Y","NOT COLLISION W/MOTOR VEHICLE-TRANSPORT","RAIN","DARK - LIGHTED","US HWY 31 ALT & WELSHWOOD DR","NASHVILLE","SOUTH",36.08199,-86.72704,"PEDESTRIAN","37211","2019","December","Winter","12","Tuesday","Weekday","Injuries","No Fatalities"
9.97562289405141e-314,2019-12-10 12:10:00,2,0,0,NA,"N","SIDESWIPE - SAME DIRECTION","RAIN","DARK - LIGHTED","MM 2 0 I 440","NASHVILLE","WEST",36.13008,-86.8171,"MOTOR VEHICLE IN TRANSPORT;WALL","37205","2019","December","Winter","12","Tuesday","Weekday","No Injuries","No Fatalities"
9.97562289899206e-314,2019-12-10 11:45:00,2,0,0,NA,"Y","Front to Rear","RAIN","DARK - LIGHTED","MM 48 2 I 24","NASHVILLE","EAST",36.17282,-86.76951,"MOTOR VEHICLE IN TRANSPORT","37206","2019","December","Winter","11","Tuesday","Weekday","No Injuries","No Fatalities"
9.97562291134371e-314,2019-12-10 12:46:00,2,0,0,NA,"N","Front to Rear","RAIN","DAYLIGHT","MM 54 0 I 24","NASHVILLE","SOUTH",36.10678,-86.71914,"MOTOR VEHICLE IN TRANSPORT","37211","2019","December","Winter","12","Tuesday","Weekday","No Injuries","No Fatalities"
9.9756229143081e-314,2019-12-10 12:20:00,2,0,0,NA,"N","SIDESWIPE - SAME DIRECTION","RAIN","DAYLIGHT","MM 89 0 I 65","NASHVILLE","MADISO",36.23086,-86.7709,"MOTOR VEHICLE IN TRANSPORT","37207","2019","December","Winter","12","Tuesday","Weekday","No Injuries","No Fatalities"
9.97562294395204e-314,2019-12-10 06:00:00,1,0,0,NA,"Y","NOT COLLISION W/MOTOR VEHICLE-TRANSPORT","RAIN","UNKNOWN","OWENDALE DR & KINWOOD DR","ANTIOCH","SOUTH",36.0683,-86.62346,"FENCE","37013","2019","December","Winter","06","Tuesday","Weekday","No Injuries","No Fatalities"
9.97562302695507e-314,2019-12-10 04:00:00,2,0,0,NA,"Y","SIDESWIPE - SAME DIRECTION","RAIN","DARK - LIGHTED","WADE AV & 11TH AVS","NASHVILLE","MIDTOW",36.1366,-86.78646,"PARKED MOTOR VEHICLE","37203","2019","December","Winter","04","Tuesday","Weekday","No Injuries","No Fatalities"
9.97562365738283e-314,2019-12-10 06:00:00,2,0,0,NA,"Y","UNKNOWN","RAIN","DARK - LIGHTED","16TH AVE N & JACKSON ST","NASHVILLE","NORTH",36.16699,-86.80122,"PARKED MOTOR VEHICLE","37208","2019","December","Winter","06","Tuesday","Weekday","No Injuries","No Fatalities"
9.97563281291331e-314,2019-10-30 11:40:00,1,0,0,NA,"N","NOT COLLISION W/MOTOR VEHICLE-TRANSPORT","RAIN","DARK - LIGHTED","HILLSBORO PKE & ABBOTT MARTIN RD","NASHVILLE","WEST",36.10671,-86.81334,"OTHER OBJECT (NOT FIXED)","37215","2019","October","Fall","11","Wednesday","Weekday","No Injuries","No Fatalities"
9.97562858074699e-314,2019-12-15 02:20:00,1,0,0,NA,"N","NOT COLLISION W/MOTOR VEHICLE-TRANSPORT","RAIN","DARK - LIGHTED","WHITES CREEK PKE & MOORMANS ARM RD","NASHVILLE","NORTH",36.21819,-86.8035,"DITCH","37207","2019","December","Winter","02","Sunday","Weekend","No Injuries","No Fatalities"
9.97562951206073e-314,2019-12-16 03:25:00,2,0,0,NA,"Y","SIDESWIPE - SAME DIRECTION","RAIN","DARK - NOT LIGHTED","MM 34 3 I 24","JOELTON","NORTH",36.32589,-86.8796,"MOTOR VEHICLE IN TRANSPORT","37080","2019","December","Winter","03","Monday","Weekday","No Injuries","No Fatalities"
9.97562951897765e-314,2019-12-16 05:04:00,1,1,0,NA,"N","NOT COLLISION W/MOTOR VEHICLE-TRANSPORT","RAIN","DARK - LIGHTED","STATE RT 45 & GALLATIN PKEN","MADISON","MADISO",36.26307,-86.71192,"PEDESTRIAN","37115","2019","December","Winter","05","Monday","Weekday","Injuries","No Fatalities"
9.97562965583384e-314,2019-12-16 07:52:00,1,0,0,NA,"N","NOT COLLISION W/MOTOR VEHICLE-TRANSPORT","RAIN","DARK - NOT LIGHTED","1700 OLD SPRINGFIELD PKE","GOODLETTSVILLE","MADISO",36.3551,-86.73256,"UTILITY POLE","37072","2019","December","Winter","07","Monday","Weekday","No Injuries","No Fatalities"
9.97562969041843e-314,2019-12-16 06:00:00,1,0,0,NA,"N","NOT COLLISION W/MOTOR VEHICLE-TRANSPORT","RAIN","DARK - LIGHTED","21ST AVS & BLAIR BLVD","NASHVILLE","MIDTOW",36.13039,-86.80196,"UTILITY POLE;OTHER POST, POLE, SUPP.","37212","2019","December","Winter","06","Monday","Weekday","No Injuries","No Fatalities"
9.97562971610985e-314,2019-12-16 06:00:00,1,0,0,NA,"Y","NOT COLLISION W/MOTOR VEHICLE-TRANSPORT","RAIN","DARK - LIGHTED","VALLEY RIDGE DR & PARAGON MILLS RD","NASHVILLE","SOUTH",36.0879,-86.72345,"CURB","37211","2019","December","Winter","06","Monday","Weekday","No Injuries","No Fatalities"
9.97562974921224e-314,2019-12-16 11:05:00,2,1,0,NA,"N","Front to Rear","RAIN","DARK - NOT LIGHTED","I24 E EXT RAMP & I 24","NASHVILLE","NORTH",36.01548,-86.62214,"MOTOR VEHICLE IN TRANSPORT","37207","2019","December","Winter","11","Monday","Weekday","Injuries","No Fatalities"
9.97562975810543e-314,2019-12-16 07:09:00,2,0,0,NA,"Y","ANGLE","RAIN","DARK - LIGHTED","D VILLE DR & SOUTHWIND DR","NASHVILLE","SOUTH",36.09984,-86.66648,"PARKED MOTOR VEHICLE","37217","2019","December","Winter","07","Monday","Weekday","No Injuries","No Fatalities"
9.97562976106982e-314,2019-12-16 09:01:00,1,0,0,NA,"N","NOT COLLISION W/MOTOR VEHICLE-TRANSPORT","RAIN","DARK - NOT LIGHTED","MCGAVOCK PIKE & PENNINGTON BEND RD","NASHVILLE","HERMIT",36.21758,-86.70466,"OTHER POST, POLE, SUPP.;TREE","37214","2019","December","Winter","09","Monday","Weekday","No Injuries","No Fatalities"
9.97562976205795e-314,2019-12-16 11:27:00,2,1,0,NA,"N","HEAD-ON","RAIN","DARK - NOT LIGHTED","CHARLOTTE AV & GEORGE L DAVIS BLVD","NASHVILLE","CENTRA",36.1612,-86.79268,"MOTOR VEHICLE IN TRANSPORT","37203","2019","December","Winter","11","Monday","Weekday","Injuries","No Fatalities"
9.97562976403421e-314,2019-12-16 11:33:00,2,0,0,NA,"N","SIDESWIPE - SAME DIRECTION","RAIN","DARK - NOT LIGHTED","MM 57 8 I 24","ANTIOCH","SOUTH",36.06058,-86.6802,"MOTOR VEHICLE IN TRANSPORT","37013","2019","December","Winter","11","Monday","Weekday","No Injuries","No Fatalities"
9.97562976897487e-314,2019-12-16 11:35:00,3,0,0,NA,"N","ANGLE","RAIN","DARK - LIGHTED","NOLENSVILLE PKE & PARAGON MILLS RD","NASHVILLE","SOUTH",36.08483,-86.72819,"MOTOR VEHICLE IN TRANSPORT","37211","2019","December","Winter","11","Monday","Weekday","No Injuries","No Fatalities"
9.97562978182058e-314,2019-12-16 11:58:00,2,0,0,NA,"N","Front to Rear","RAIN","DARK - LIGHTED","MM 210 7 I 40","NASHVILLE","HERMIT",36.15306,-86.76485,"MOTOR VEHICLE IN TRANSPORT","37210","2019","December","Winter","11","Monday","Weekday","No Injuries","No Fatalities"