"Accident.Number","Date.and.Time","Number.of.Motor.Vehicles","Number.of.Injuries","Number.of.Fatalities","Property.Damage","Hit.and.Run","Collision.Type.Description","Weather.Description","Illumination.Description","Street.Address","City","Precinct","Latitude","Longitude","HarmfulDescriptions","Zip.Code","Year","Month","Season","Hour","Weekday","DayType","Accident","Fatality_category"
9.97562980059507e-314,2019-12-16 11:40:00,2,0,0,NA,"N","Front to Rear","RAIN","DARK - LIGHTED","I24 W ENT RAMP & I 24","NASHVILLE","EAST",36.04606,-86.65924,"MOTOR VEHICLE IN TRANSPORT","37206","2019","December","Winter","11","Monday","Weekday","No Injuries","No Fatalities"
9.97562980701792e-314,2019-12-16 12:55:00,1,1,0,NA,"N","NOT COLLISION W/MOTOR VEHICLE-TRANSPORT","RAIN","DAYLIGHT","MCCRORY LN & I40 E ENT RAMP","NASHVILLE","WEST",36.0747,-87.01445,"TREE;Ran Off Road-Right","37221","2019","December","Winter","12","Monday","Weekday","Injuries","No Fatalities"
9.97562981344078e-314,2019-12-16 12:15:00,2,0,0,NA,"Y","SIDESWIPE - SAME DIRECTION","RAIN","DAWN","GALLATIN PKE & HART LN","NASHVILLE","EAST",36.2116,-86.7326,"MOTOR VEHICLE IN TRANSPORT","37216","2019","December","Winter","12","Monday","Weekday","No Injuries","No Fatalities"
9.97562981393484e-314,2019-12-16 12:10:00,2,1,0,NA,"Y","Front to Rear","RAIN","DAYLIGHT","I65 S EXT RAMP & I 65","MADISON","MADISO",36.18585,-86.79798,"MOTOR VEHICLE IN TRANSPORT","37115","2019","December","Winter","12","Monday","Weekday","Injuries","No Fatalities"
9.97562983122714e-314,2019-12-16 06:00:00,3,0,0,NA,"N","OTHER","RAIN","DAYLIGHT","MURPHY RD & PARK DR","NASHVILLE","MIDTOW",36.13945,-86.82003,"MOTOR VEHICLE IN TRANSPORT;Motor Vehicle-In-Motion Outside Trafficw;Separation Of Units","37203","2019","December","Winter","06","Monday","Weekday","No Injuries","No Fatalities"
9.97562983172121e-314,2019-12-16 12:57:00,2,0,0,NA,"N","ANGLE","RAIN","DAYLIGHT","LEBANON PKE & MCGAVOCK PKE","NASHVILLE","HERMIT",36.16936,-86.67989,"MOTOR VEHICLE IN TRANSPORT","37214","2019","December","Winter","12","Monday","Weekday","No Injuries","No Fatalities"
9.97563026649897e-314,2019-12-16 06:00:00,1,0,0,NA,"Y","NOT COLLISION W/MOTOR VEHICLE-TRANSPORT","RAIN","DAYLIGHT","RECOVERY RD & HARDING PL","NASHVILLE","SOUTH",36.07979,-86.72037,"TREE","37211","2019","December","Winter","06","Monday","Weekday","No Injuries","No Fatalities"
9.97563038161627e-314,2019-12-16 06:00:00,2,0,0,NA,"N","SIDESWIPE - SAME DIRECTION","RAIN","DARK - LIGHTED","MM 49 2 I 24","NASHVILLE","CENTRA",36.16297,-86.76146,"MOTOR VEHICLE IN TRANSPORT","37213","2019","December","Winter","06","Monday","Weekday","No Injuries","No Fatalities"
9.97563042064746e-314,2019-12-17 00:01:00,2,3,0,NA,"N","ANGLE","RAIN","DARK - NOT LIGHTED","STEWARTS FERRY PKE & PERCY PRIEST DR","NASHVILLE","HERMIT",36.1539,-86.62564,"MOTOR VEHICLE IN TRANSPORT","37214","2019","December","Winter","00","Tuesday","Weekday","Injuries","No Fatalities"
9.97563042707031e-314,2019-12-17 00:09:00,2,0,0,NA,"Y","SIDESWIPE - OPPOSITE DIRECTION","RAIN","DARK - NOT LIGHTED","SATURN DR & GOODBAR DR","NASHVILLE","HERMIT",36.12456,-86.70003,"MOTOR VEHICLE IN TRANSPORT","37217","2019","December","Winter","00","Tuesday","Weekday","No Injuries","No Fatalities"
9.97563045226766e-314,2019-12-17 00:35:00,2,2,0,NA,"N","Front to Rear","RAIN","DARK - NOT LIGHTED","MM 52 0 I 24","NASHVILLE","SOUTH",36.1328,-86.72716,"MOTOR VEHICLE IN TRANSPORT","37217","2019","December","Winter","00","Tuesday","Weekday","Injuries","No Fatalities"
9.97563046708963e-314,2019-12-17 01:00:00,2,0,0,NA,"N","Front to Rear","RAIN","DARK - LIGHTED","BRILEY PKWYS & CRESTLINE DR","NASHVILLE","HERMIT",36.17563,-86.69241,"MOTOR VEHICLE IN TRANSPORT","37214","2019","December","Winter","01","Tuesday","Weekday","No Injuries","No Fatalities"
9.97563046758369e-314,2019-12-17 01:03:00,3,1,0,NA,"N","Front to Rear","RAIN","DARK - LIGHTED","W TRINITY LN & I65 N ENT RAMP","NASHVILLE","EAST",36.20648,-86.7762,"MOTOR VEHICLE IN TRANSPORT","37207","2019","December","Winter","01","Tuesday","Weekday","Injuries","No Fatalities"
9.97563048289973e-314,2019-12-17 01:05:00,1,0,0,NA,"N","NOT COLLISION W/MOTOR VEHICLE-TRANSPORT","RAIN","DARK - LIGHTED","KINGS LN & CLARKSVILLE PKE","NASHVILLE","NORTH",36.21817,-86.8401,"DITCH","37218","2019","December","Winter","01","Tuesday","Weekday","No Injuries","No Fatalities"
9.97563048537006e-314,2019-12-17 01:27:00,2,2,0,NA,"N","SIDESWIPE - SAME DIRECTION","RAIN","DARK - LIGHTED","MM 47 4 I 24","NASHVILLE","CENTRA",36.18313,-86.7753,"MOTOR VEHICLE IN TRANSPORT","37207","2019","December","Winter","01","Tuesday","Weekday","Injuries","No Fatalities"
9.97563049129884e-314,2019-12-17 01:30:00,2,2,0,NA,"N","ANGLE","RAIN","DARK - LIGHTED","RICHARDS RD & CUMMINGS PARK DR","ANTIOCH","SOUTH",36.06899,-86.6812,"MOTOR VEHICLE IN TRANSPORT","37013","2019","December","Winter","01","Tuesday","Weekday","Injuries","No Fatalities"
9.9756304977217e-314,2019-12-17 01:22:00,2,0,0,NA,"Y","Rear to Side","RAIN","DARK - LIGHTED","NOLENSVILLE PKE & YELTON CT","NASHVILLE","SOUTH",36.09178,-86.73536,"PARKED MOTOR VEHICLE","37211","2019","December","Winter","01","Tuesday","Weekday","No Injuries","No Fatalities"
9.97563049870983e-314,2019-12-17 01:51:00,2,1,0,NA,"N","Front to Rear","RAIN","DARK - LIGHTED","I440 W ENT RAMP & I 440","NASHVILLE","SOUTH",36.11628,-86.77777,"MOTOR VEHICLE IN TRANSPORT","37210","2019","December","Winter","01","Tuesday","Weekday","Injuries","No Fatalities"
9.97563051699026e-314,2019-12-16 06:00:00,1,0,0,NA,"Y","UNKNOWN","RAIN","DARK - LIGHTED","ANTIOCH PKE & REEVES RD","ANTIOCH","SOUTH",36.06506,-86.6796,"UNKNOWN MOST HARMFUL EVENT","37013","2019","December","Winter","06","Monday","Weekday","No Injuries","No Fatalities"
9.97563054070541e-314,2019-12-17 02:21:00,2,0,0,NA,"Y","Front to Rear","RAIN","DARK - NOT LIGHTED","MURFREESBORO PKE & RURAL HILL RD","ANTIOCH","SOUTH",36.07454,-86.63871,"MOTOR VEHICLE IN TRANSPORT","37013","2019","December","Winter","02","Tuesday","Weekday","No Injuries","No Fatalities"
9.97563060147548e-314,2019-12-17 00:30:00,2,0,0,NA,"N","ANGLE","RAIN","DARK - LIGHTED","ROOSEVELT AV & GALLATIN PKEN","MADISON","MADISO",36.27094,-86.7086,"MOTOR VEHICLE IN TRANSPORT","37115","2019","December","Winter","00","Tuesday","Weekday","No Injuries","No Fatalities"
9.9756306069102e-314,2019-12-17 02:56:00,2,0,0,NA,"N","Front to Rear","RAIN","DARK - NOT LIGHTED","HERMITAGE AV & STANLEY ST","NASHVILLE","HERMIT",36.15329,-86.75028,"MOTOR VEHICLE IN TRANSPORT","37210","2019","December","Winter","02","Tuesday","Weekday","No Injuries","No Fatalities"
9.97563060888647e-314,2019-12-17 04:30:00,1,0,0,NA,"N","NOT COLLISION W/MOTOR VEHICLE-TRANSPORT","RAIN","DARK - NOT LIGHTED","BRUSH HILL RD & TANGLEWOOD CT","MADISON","MADISO",36.23796,-86.71488,"MAIL BOX","37115","2019","December","Winter","04","Tuesday","Weekday","No Injuries","No Fatalities"
9.97563062469657e-314,2019-12-17 04:59:00,1,1,0,NA,"N","NOT COLLISION W/MOTOR VEHICLE-TRANSPORT","RAIN","DARK - LIGHTED","ELLINGTON PKWYS & ELLINGTON PKWYN","NASHVILLE","EAST",36.20838,-86.74958,"DITCH","37206","2019","December","Winter","04","Tuesday","Weekday","Injuries","No Fatalities"
9.97563063704821e-314,2019-12-17 05:21:00,1,0,0,NA,"N","NOT COLLISION W/MOTOR VEHICLE-TRANSPORT","RAIN","DARK - LIGHTED","HARDING PL & ANTIOCH PKE","NASHVILLE","SOUTH",36.08729,-86.69253,"OTHER POST, POLE, SUPP.","37211","2019","December","Winter","05","Tuesday","Weekday","No Injuries","No Fatalities"
9.97563068546664e-314,2019-12-17 06:15:00,2,2,0,NA,"N","ANGLE","RAIN","DARK - LIGHTED","MILL CREEK WHITTLEMORE GRNWY & SWISS AV","ANTIOCH","SOUTH",36.04245,-86.71294,"MOTOR VEHICLE IN TRANSPORT;CURB","37013","2019","December","Winter","06","Tuesday","Weekday","Injuries","No Fatalities"
9.97563073092068e-314,2019-12-17 07:06:00,2,0,0,NA,"N","Front to Rear","RAIN","DARK - LIGHTED","MURFREESBORO PKE & FOREST VIEW DR","ANTIOCH","SOUTH",36.06741,-86.63125,"MOTOR VEHICLE IN TRANSPORT","37013","2019","December","Winter","07","Tuesday","Weekday","No Injuries","No Fatalities"
9.97563090977245e-314,2019-12-17 12:14:00,3,4,0,NA,"N","ANGLE","RAIN","DARK - LIGHTED","BRILEY PKWY & VULTEE BLVD","NASHVILLE","HERMIT",36.12429,-86.69634,"MOTOR VEHICLE IN TRANSPORT","37217","2019","December","Winter","12","Tuesday","Weekday","Injuries","No Fatalities"
9.97562692365081e-314,2019-12-13 12:45:00,2,0,0,NA,"N","Front to Rear","RAIN","DAYLIGHT","MURFREESBORO PKE & HAMILTON CHURCH RD","ANTIOCH","SOUTH",36.06438,-86.62803,"MOTOR VEHICLE IN TRANSPORT","37013","2019","December","Winter","12","Friday","Weekday","No Injuries","No Fatalities"
9.97563095473242e-314,2019-12-17 11:56:00,2,0,0,NA,"N","Front to Rear","RAIN","DARK - LIGHTED","STATE HWY 155 & EXIT 26B","NASHVILLE","WEST",36.1717,-86.86912,"MOTOR VEHICLE IN TRANSPORT","37209","2019","December","Winter","11","Tuesday","Weekday","No Injuries","No Fatalities"
9.97563097350691e-314,2019-12-17 12:20:00,1,0,0,NA,"N","NOT COLLISION W/MOTOR VEHICLE-TRANSPORT","RAIN","DARK - LIGHTED","MT VIEW RD & OLD FRANKLIN RD","ANTIOCH","SOUTH",36.04335,-86.63202,"UTILITY POLE","37013","2019","December","Winter","12","Tuesday","Weekday","No Injuries","No Fatalities"
9.97563097498911e-314,2019-12-17 06:00:00,2,2,0,NA,"N","ANGLE","RAIN","DAYLIGHT","THOMPSON LN & EUGENIA AV","NASHVILLE","MIDTOW",36.11108,-86.75447,"MOTOR VEHICLE IN TRANSPORT","37204","2019","December","Winter","06","Tuesday","Weekday","Injuries","No Fatalities"
9.97563098487042e-314,2019-12-17 12:31:00,2,1,0,NA,"N","ANGLE","RAIN","DAWN","ANTIOCH PKE & RICHARDS RD","ANTIOCH","SOUTH",36.06912,-86.68384,"MOTOR VEHICLE IN TRANSPORT","37013","2019","December","Winter","12","Tuesday","Weekday","Injuries","No Fatalities"
9.9756309982102e-314,2019-12-17 06:00:00,2,2,0,NA,"N","OTHER","RAIN","DAYLIGHT","FRANKLIN PKE SB ENT RAMP & I 65","NASHVILLE","MIDTOW",36.11163,-86.77335,"MOTOR VEHICLE IN TRANSPORT-OTHER ROADWAY","37204","2019","December","Winter","06","Tuesday","Weekday","Injuries","No Fatalities"
9.97563102736007e-314,2019-12-17 12:32:00,2,0,0,NA,"N","Front to Rear","RAIN","DAYLIGHT","BRENTWOOD HIGHLANDS DR & NOLENSVILLE PKE","NASHVILLE","MIDTOW",36.03555,-86.7133,"MOTOR VEHICLE IN TRANSPORT","37211","2019","December","Winter","12","Tuesday","Weekday","No Injuries","No Fatalities"
9.97562738510813e-314,2019-12-13 06:00:00,2,1,0,NA,"N","Front to Rear","RAIN","DARK - LIGHTED","CLARKSVILLE PKE & MCDANIEL ST","NASHVILLE","NORTH",36.18363,-86.81367,"MOTOR VEHICLE IN TRANSPORT","37208","2019","December","Winter","06","Friday","Weekday","Injuries","No Fatalities"
9.97562750961267e-314,2019-12-14 00:05:00,2,0,0,NA,"N","OTHER","RAIN","DARK - LIGHTED","EDMONDSON PKE & BONNIE BRIDGE RD","NASHVILLE","MIDTOW",36.03876,-86.74343,"MOTOR VEHICLE IN TRANSPORT","37211","2019","December","Winter","00","Saturday","Weekend","No Injuries","No Fatalities"
9.97562751652959e-314,2019-12-14 00:10:00,2,1,0,NA,"Y","Front to Rear","RAIN","DARK - LIGHTED","MURFREESBORO PKE & OLD HICKORY BLVD","ANTIOCH","SOUTH",36.0394,-86.60299,"MOTOR VEHICLE IN TRANSPORT","37013","2019","December","Winter","00","Saturday","Weekend","Injuries","No Fatalities"
9.9756275264109e-314,2019-12-14 00:25:00,1,0,0,NA,"N","NOT COLLISION W/MOTOR VEHICLE-TRANSPORT","RAIN","DARK - LIGHTED","HILLSBORO PKE & CRESTMOOR RD","NASHVILLE","MIDTOW",36.10931,-86.81178,"FIRE HYDRANT","37215","2019","December","Winter","00","Saturday","Weekend","No Injuries","No Fatalities"
9.975627542221e-314,2019-12-14 00:42:00,2,0,0,NA,"N","Front to Rear","RAIN","DARK - LIGHTED","MM 56 7 I 24","NASHVILLE","SOUTH",36.07318,-86.69228,"MOTOR VEHICLE IN TRANSPORT","37211","2019","December","Winter","00","Saturday","Weekend","No Injuries","No Fatalities"
9.97562756000737e-314,2019-12-14 00:40:00,2,0,0,NA,"N","Front to Rear","RAIN","DARK - LIGHTED","MM 52 7 I 24","NASHVILLE","SOUTH",36.12247,-86.72763,"MOTOR VEHICLE IN TRANSPORT","37210","2019","December","Winter","00","Saturday","Weekend","No Injuries","No Fatalities"
9.97562756445396e-314,2019-12-14 01:14:00,2,2,0,NA,"N","HEAD-ON","RAIN","DARK - LIGHTED","MM 47 7 I 24","NASHVILLE","EAST",36.18017,-86.77434,"MOTOR VEHICLE IN TRANSPORT","37207","2019","December","Winter","01","Saturday","Weekend","Injuries","No Fatalities"
9.97562757038275e-314,2019-12-14 01:20:00,3,0,0,NA,"N","Front to Rear","RAIN","DARK - LIGHTED","ANDERSON LN & MYATT DR","MADISON","MADISO",36.27212,-86.68956,"MOTOR VEHICLE IN TRANSPORT","37115","2019","December","Winter","01","Saturday","Weekend","No Injuries","No Fatalities"
9.97562758174626e-314,2019-12-14 01:33:00,1,1,0,NA,"N","NOT COLLISION W/MOTOR VEHICLE-TRANSPORT","RAIN","DARK - LIGHTED","MURFREESBORO PKE & BELL RD","ANTIOCH","SOUTH",36.07121,-86.63545,"PEDESTRIAN","37013","2019","December","Winter","01","Saturday","Weekend","Injuries","No Fatalities"
9.97562758520471e-314,2019-12-14 01:31:00,2,1,0,NA,"N","SIDESWIPE - SAME DIRECTION","RAIN","DARK - NOT LIGHTED","MM 74 7 I 65","BRENTWOOD","MIDTOW",36.04055,-86.78259,"MOTOR VEHICLE IN TRANSPORT;CONCRETE TRAFFIC BARRIER","37027","2019","December","Winter","01","Saturday","Weekend","Injuries","No Fatalities"
9.97562758668691e-314,2019-12-14 01:15:00,1,0,0,NA,"Y","NOT COLLISION W/MOTOR VEHICLE-TRANSPORT","RAIN","DARK - LIGHTED","ELLINGTON PKWYS & SPRING ST ENT RAMP","NASHVILLE","EAST",36.17629,-86.76611,"EMBANKMENT EARTH","37207","2019","December","Winter","01","Saturday","Weekend","No Injuries","No Fatalities"
9.97562759212163e-314,2019-12-14 01:54:00,3,2,0,NA,"N","Front to Rear","RAIN","DARK - LIGHTED","ELLINGTON PKWYS & SPRING ST","NASHVILLE","EAST",36.1759,-86.76657,"MOTOR VEHICLE IN TRANSPORT","37207","2019","December","Winter","01","Saturday","Weekend","Injuries","No Fatalities"
9.97562759459196e-314,2019-12-14 01:55:00,2,1,0,NA,"N","Front to Rear","RAIN","DARK - LIGHTED","S 5TH ST & WOODLAND ST","NASHVILLE","EAST",36.17234,-86.76505,"MOTOR VEHICLE IN TRANSPORT","37206","2019","December","Winter","01","Saturday","Weekend","Injuries","No Fatalities"
9.97562759656822e-314,2019-12-14 01:20:00,2,0,0,NA,"Y","Rear to Side","RAIN","DARK - LIGHTED","KAREN DR & ENVIOUS LN","NASHVILLE","HERMIT",36.13955,-86.70065,"PARKED MOTOR VEHICLE;UNKNOWN MOST HARMFUL EVENT","37217","2019","December","Winter","01","Saturday","Weekend","No Injuries","No Fatalities"
9.97562761237833e-314,2019-12-13 06:00:00,2,0,0,NA,"N","ANGLE","RAIN","DARK - LIGHTED","BAUGH RD & BELLEVUE RD","NASHVILLE","WEST",36.06886,-86.94145,"MOTOR VEHICLE IN TRANSPORT","37221","2019","December","Winter","06","Friday","Weekday","No Injuries","No Fatalities"
9.97562762522403e-314,2019-12-14 02:28:00,1,1,0,NA,"N","NOT COLLISION W/MOTOR VEHICLE-TRANSPORT","RAIN","DARK - NOT LIGHTED","BELL RD & OLD HICKORY BLVD","HERMITAGE","HERMIT",36.16129,-86.59831,"","37076","2019","December","Winter","02","Saturday","Weekend","Injuries","No Fatalities"
9.97562762720029e-314,2019-12-14 02:48:00,2,0,0,NA,"N","Front to Rear","RAIN","DARK - LIGHTED","OLD HICKORY BLVD & HOBSON PKE","ANTIOCH","SOUTH",36.03431,-86.61153,"MOTOR VEHICLE IN TRANSPORT","37013","2019","December","Winter","02","Saturday","Weekend","No Injuries","No Fatalities"
9.97562768154752e-314,2019-12-14 03:19:00,2,1,0,NA,"N","HEAD-ON","RAIN","DARK - LIGHTED","OWENDALE DR & KINWOOD DR","ANTIOCH","SOUTH",36.06989,-86.62431,"MOTOR VEHICLE IN TRANSPORT","37013","2019","December","Winter","03","Saturday","Weekend","Injuries","No Fatalities"
9.97562769093476e-314,2019-12-14 00:15:00,2,0,0,NA,"N","Front to Rear","RAIN","DUSK","20TH AVS & BELCOURT AV","NASHVILLE","MIDTOW",36.13675,-86.79946,"MOTOR VEHICLE IN TRANSPORT","37212","2019","December","Winter","00","Saturday","Weekend","No Injuries","No Fatalities"
9.97562771761431e-314,2019-12-14 04:14:00,2,0,0,NA,"N","OTHER","RAIN","DARK - LIGHTED","MM 211 8 I 40","NASHVILLE","HERMIT",36.14889,-86.74659,"MOTOR VEHICLE IN TRANSPORT","37210","2019","December","Winter","04","Saturday","Weekend","No Injuries","No Fatalities"
9.97562772453123e-314,2019-12-14 04:32:00,2,0,0,NA,"N","SIDESWIPE - SAME DIRECTION","RAIN","DARK - LIGHTED","MM 208 8 I 40","NASHVILLE","CENTRA",36.15978,-86.79256,"MOTOR VEHICLE IN TRANSPORT","37203","2019","December","Winter","04","Saturday","Weekend","No Injuries","No Fatalities"
9.97562772650749e-314,2019-12-14 04:33:00,2,1,0,NA,"N","SIDESWIPE - SAME DIRECTION","RAIN","DARK - LIGHTED","MM 86 5 I 65","NASHVILLE","NORTH",36.19383,-86.77651,"MOTOR VEHICLE IN TRANSPORT","37207","2019","December","Winter","04","Saturday","Weekend","Injuries","No Fatalities"
9.97562773342441e-314,2019-12-14 03:30:00,2,0,0,NA,"Y","SIDESWIPE - SAME DIRECTION","RAIN","DARK - NOT LIGHTED","MM 221 3 I 40","HERMITAGE","HERMIT",36.17005,-86.59291,"MOTOR VEHICLE IN TRANSPORT","37076","2019","December","Winter","03","Saturday","Weekend","No Injuries","No Fatalities"
9.97562775763363e-314,2019-12-14 05:22:00,2,2,0,NA,"N","SIDESWIPE - SAME DIRECTION","RAIN","DARK - LIGHTED","8TH AVS & LAFAYETTE ST","NASHVILLE","CENTRA",36.15463,-86.77916,"MOTOR VEHICLE IN TRANSPORT","37203","2019","December","Winter","05","Saturday","Weekend","Injuries","No Fatalities"
9.97562776158615e-314,2019-12-14 05:20:00,3,0,0,NA,"N","Front to Rear","RAIN","DARK - LIGHTED","CLARKSVILLE PKE & 24TH AVN","NASHVILLE","NORTH",36.18474,-86.81566,"MOTOR VEHICLE IN TRANSPORT","37208","2019","December","Winter","05","Saturday","Weekend","No Injuries","No Fatalities"
9.97562785348236e-314,2019-12-14 07:24:00,2,1,0,NA,"N","SIDESWIPE - OPPOSITE DIRECTION","RAIN","DARK - LIGHTED","HAMILTON CHURCH RD & HOBSON PKE","ANTIOCH","SOUTH",36.05856,-86.59775,"MOTOR VEHICLE IN TRANSPORT","37013","2019","December","Winter","07","Saturday","Weekend","Injuries","No Fatalities"
9.97562786039928e-314,2019-12-14 07:30:00,1,1,0,NA,"N","NOT COLLISION W/MOTOR VEHICLE-TRANSPORT","RAIN","DARK - LIGHTED","3RD AVN & UNION ST","NASHVILLE","CENTRA",36.16557,-86.7786,"TRAFFIC SIGNAL SUPPORT","37201","2019","December","Winter","07","Saturday","Weekend","Injuries","No Fatalities"
9.975627865834e-314,2019-12-14 05:40:00,2,0,0,NA,"Y","Front to Rear","RAIN","DARK - LIGHTED","4TH AVN & JEFFERSON ST","NASHVILLE","CENTRA",36.17467,-86.78608,"MOTOR VEHICLE IN TRANSPORT","37219","2019","December","Winter","05","Saturday","Weekend","No Injuries","No Fatalities"
9.97562788115004e-314,2019-12-14 08:00:00,2,0,0,NA,"N","HEAD-ON","RAIN","DARK - LIGHTED","HARDING PL & I65 S EXT RAMP","NASHVILLE","MIDTOW",36.08257,-86.76415,"MOTOR VEHICLE IN TRANSPORT","37220","2019","December","Winter","08","Saturday","Weekend","No Injuries","No Fatalities"
9.97562789498387e-314,2019-12-14 08:00:00,2,0,0,NA,"Y","Front to Rear","RAIN","DARK - LIGHTED","NOLENSVILLE PKE & ZOO RD","NASHVILLE","MIDTOW",36.09012,-86.73377,"MOTOR VEHICLE IN TRANSPORT","37211","2019","December","Winter","08","Saturday","Weekend","No Injuries","No Fatalities"
9.97562793747352e-314,2019-12-14 09:20:00,1,0,0,NA,"N","NOT COLLISION W/MOTOR VEHICLE-TRANSPORT","RAIN","DARK - NOT LIGHTED","ZERMATT AV & VALLEY BROOK TOWNHOMES PVTD","NASHVILLE","MIDTOW",36.04341,-86.71974,"TREE","37211","2019","December","Winter","09","Saturday","Weekend","No Injuries","No Fatalities"
9.97562794537857e-314,2019-12-14 09:15:00,2,1,0,NA,"Y","Front to Rear","RAIN","DARK - LIGHTED","CHURCH ST & 17TH AVN","NASHVILLE","MIDTOW",36.15563,-86.79632,"PARKED MOTOR VEHICLE","37203","2019","December","Winter","09","Saturday","Weekend","Injuries","No Fatalities"
9.97562796118867e-314,2019-12-14 08:53:00,1,0,0,NA,"N","NOT COLLISION W/MOTOR VEHICLE-TRANSPORT","RAIN","DARK - LIGHTED","RICE RD & EDGE O LAKE DR","ANTIOCH","SOUTH",36.07285,-86.64581,"CURB","37013","2019","December","Winter","08","Saturday","Weekend","No Injuries","No Fatalities"
9.97562804369763e-314,2019-12-14 09:37:00,1,0,0,NA,"Y","NOT COLLISION W/MOTOR VEHICLE-TRANSPORT","RAIN","DARK - LIGHTED","WILLARD DR & WALLACE RD","NASHVILLE","SOUTH",36.07826,-86.70267,"UTILITY POLE","37211","2019","December","Winter","09","Saturday","Weekend","No Injuries","No Fatalities"
9.97564251982106e-314,2019-12-28 12:56:00,1,1,0,NA,"N","NOT COLLISION W/MOTOR VEHICLE-TRANSPORT","RAIN","DAYLIGHT","BRICK CHURCH PARK DR & ALDRICH LN","NASHVILLE","NORTH",36.22726,-86.78856,"CURB","37207","2019","December","Winter","12","Saturday","Weekend","Injuries","No Fatalities"
9.9756370613838e-314,2019-12-22 06:00:00,2,0,0,NA,"N","Front to Rear","RAIN","DAYLIGHT","BELL RD & BLUE HOLE RD","ANTIOCH","SOUTH",36.04576,-86.67445,"MOTOR VEHICLE IN TRANSPORT","37013","2019","December","Winter","06","Sunday","Weekend","No Injuries","No Fatalities"
9.97563725110501e-314,2019-12-23 00:09:00,4,2,0,NA,"Y","ANGLE","RAIN","DARK - LIGHTED","EDGE O LAKE DR & MURFREESBORO PKE","NASHVILLE","HERMIT",36.07949,-86.6446,"MOTOR VEHICLE IN TRANSPORT;Ran Off Road-Right;EMBANKMENT EARTH","37217","2019","December","Winter","00","Monday","Weekday","Injuries","No Fatalities"
9.9756372555516e-314,2019-12-23 00:17:00,4,5,0,NA,"N","Front to Rear","RAIN","DARK - LIGHTED","HARDING PL & LINBAR DR","NASHVILLE","SOUTH",36.08434,-86.70531,"MOTOR VEHICLE IN TRANSPORT","37211","2019","December","Winter","00","Monday","Weekday","Injuries","No Fatalities"
9.97563725802193e-314,2019-12-23 00:20:00,3,0,0,NA,"N","SIDESWIPE - OPPOSITE DIRECTION","RAIN","DARK - NOT LIGHTED","OLD HICKORY BLVD & OLD LEBANON DIRT RD","HERMITAGE","HERMIT",36.18709,-86.61369,"MOTOR VEHICLE IN TRANSPORT-OTHER ROADWAY","37076","2019","December","Winter","00","Monday","Weekday","No Injuries","No Fatalities"
9.97563725950413e-314,2019-12-23 00:20:00,2,1,0,NA,"N","Front to Rear","RAIN","DARK - NOT LIGHTED","EASTLAND AV & N 14TH ST","NASHVILLE","EAST",36.18344,-86.74489,"MOTOR VEHICLE IN TRANSPORT","37206","2019","December","Winter","00","Monday","Weekday","Injuries","No Fatalities"
9.97563726246852e-314,2019-12-23 00:30:00,2,1,0,NA,"N","ANGLE","RAIN","DAYLIGHT","STATE HWY 155 & BRANSFORD AVE","NASHVILLE","MIDTOW",36.1123,-86.76701,"MOTOR VEHICLE IN TRANSPORT","37204","2019","December","Winter","00","Monday","Weekday","Injuries","No Fatalities"
9.97563726642104e-314,2019-12-23 00:40:00,2,1,0,NA,"N","Front to Rear","RAIN","DARK - LIGHTED","I40 E EXT RAMP & I 40","NASHVILLE","HERMIT",36.15478,-86.62737,"MOTOR VEHICLE IN TRANSPORT","37214","2019","December","Winter","00","Monday","Weekday","Injuries","No Fatalities"
9.97563727679642e-314,2019-12-23 00:56:00,2,2,0,NA,"N","Front to Rear","RAIN","DARK - LIGHTED","NOLENSVILLE PKE & WELCH RD","NASHVILLE","SOUTH",36.0832,-86.72743,"MOTOR VEHICLE IN TRANSPORT","37211","2019","December","Winter","00","Monday","Weekday","Injuries","No Fatalities"
9.97563728173708e-314,2019-12-23 01:07:00,2,1,0,NA,"N","Front to Rear","RAIN","DARK - LIGHTED","BELL RD & BELL RD PVTDR","HERMITAGE","HERMIT",36.15641,-86.61871,"MOTOR VEHICLE IN TRANSPORT","37076","2019","December","Winter","01","Monday","Weekday","Injuries","No Fatalities"
9.97563728667774e-314,2019-12-23 00:04:00,2,0,0,NA,"N","Front to Rear","RAIN","DARK - LIGHTED","0 4TH AVE S","NASHVILLE","CENTRA",36.16098,-86.77708,"MOTOR VEHICLE IN TRANSPORT","37201","2019","December","Winter","00","Monday","Weekday","No Injuries","No Fatalities"
9.97563730397003e-314,2019-12-23 01:50:00,2,1,0,NA,"N","ANGLE","RAIN","DARK - LIGHTED","STONE BROOK DR & OLD HICKORY BLVD","BRENTWOOD","MIDTOW",36.0409,-86.77938,"MOTOR VEHICLE IN TRANSPORT","37027","2019","December","Winter","01","Monday","Weekday","Injuries","No Fatalities"
9.9756373059463e-314,2019-12-23 01:32:00,2,1,0,NA,"N","ANGLE","RAIN","DARK - LIGHTED","OLD HICKORY BLVD & EULALA DR","ANTIOCH","SOUTH",36.04543,-86.70361,"MOTOR VEHICLE IN TRANSPORT","37013","2019","December","Winter","01","Monday","Weekday","Injuries","No Fatalities"