"Accident.Number","Date.and.Time","Number.of.Motor.Vehicles","Number.of.Injuries","Number.of.Fatalities","Property.Damage","Hit.and.Run","Collision.Type.Description","Weather.Description","Illumination.Description","Street.Address","City","Precinct","Latitude","Longitude","HarmfulDescriptions","Zip.Code","Year","Month","Season","Hour","Weekday","DayType","Accident","Fatality_category"
9.97563731335728e-314,2019-12-23 02:11:00,2,0,0,NA,"Y","SIDESWIPE - OPPOSITE DIRECTION","RAIN","DARK - LIGHTED","WILCLAY DR & MERCOMATIC CT","NASHVILLE","WEST",36.14319,-86.87618,"MOTOR VEHICLE IN TRANSPORT-OTHER ROADWAY","37209","2019","December","Winter","02","Monday","Weekday","No Injuries","No Fatalities"
9.97563732867332e-314,2019-12-23 02:35:00,2,0,0,NA,"N","Front to Rear","RAIN","DARK - LIGHTED","4TH AVS & I40 E EXT RAMP","NASHVILLE","SOUTH",36.15048,-86.77035,"MOTOR VEHICLE IN TRANSPORT","37210","2019","December","Winter","02","Monday","Weekday","No Injuries","No Fatalities"
9.97563733707243e-314,2019-12-23 02:53:00,2,0,0,NA,"Y","ANGLE","RAIN","DARK - LIGHTED","I65 S ENT RAMP & I 40","NASHVILLE","CENTRA",36.14832,-86.78017,"MOTOR VEHICLE IN TRANSPORT","37203","2019","December","Winter","02","Monday","Weekday","No Injuries","No Fatalities"
9.97563734201309e-314,2019-12-23 02:26:00,2,0,0,NA,"N","Front to Rear","RAIN","DARK - LIGHTED","BELL RD & CANE RIDGE RD","ANTIOCH","SOUTH",36.04477,-86.66126,"MOTOR VEHICLE IN TRANSPORT","37013","2019","December","Winter","02","Monday","Weekday","No Injuries","No Fatalities"
9.97563736177571e-314,2019-12-23 03:09:00,2,0,0,NA,"Y","SIDESWIPE - SAME DIRECTION","RAIN","DARK - NOT LIGHTED","MM 75 2 I 65","BRENTWOOD","MIDTOW",36.04668,-86.77761,"MOTOR VEHICLE IN TRANSPORT","37027","2019","December","Winter","03","Monday","Weekday","No Injuries","No Fatalities"
9.97563738104427e-314,2019-12-23 04:24:00,2,0,0,NA,"Y","Front to Rear","RAIN","DARK - LIGHTED","25TH AVN & CHARLOTTE AV","NASHVILLE","MIDTOW",36.15529,-86.81206,"MOTOR VEHICLE IN TRANSPORT","37203","2019","December","Winter","04","Monday","Weekday","No Injuries","No Fatalities"
9.97563738944339e-314,2019-12-23 04:30:00,2,0,0,NA,"N","ANGLE","RAIN","DARK - LIGHTED","NEESE DR & I24 E ENT RAMP","NASHVILLE","SOUTH",36.1075,-86.72542,"MOTOR VEHICLE IN TRANSPORT","37211","2019","December","Winter","04","Monday","Weekday","No Injuries","No Fatalities"
9.97563739537218e-314,2019-12-22 06:00:00,1,0,0,NA,"N","NOT COLLISION W/MOTOR VEHICLE-TRANSPORT","RAIN","DARK - NOT LIGHTED","MM 4 8 I 440","NASHVILLE","MIDTOW",36.11579,-86.77409,"IMPACT ATTENUATOR","37204","2019","December","Winter","06","Sunday","Weekend","No Injuries","No Fatalities"
9.97563741019415e-314,2019-12-23 04:30:00,2,0,0,NA,"Y","Rear to Side","RAIN","DARK - LIGHTED","1 JACKSON DOWNS BLVD","NASHVILLE","HERMIT",36.18252,-86.63792,"PARKED MOTOR VEHICLE","37214","2019","December","Winter","04","Monday","Weekday","No Injuries","No Fatalities"
9.97563742699238e-314,2019-12-23 05:10:00,2,0,0,NA,"N","ANGLE","RAIN","DARK - NOT LIGHTED","ELM HILL PKE & TIMBER VALLEY DR","NASHVILLE","HERMIT",36.14193,-86.63893,"MOTOR VEHICLE IN TRANSPORT","37214","2019","December","Winter","05","Monday","Weekday","No Injuries","No Fatalities"
9.97563782520929e-314,2019-12-23 02:00:00,1,0,0,NA,"Y","NOT COLLISION W/MOTOR VEHICLE-TRANSPORT","RAIN","DARK - LIGHTED","HICKORY TRACE DR & STATE HWY 254","NASHVILLE","MIDTOW",36.04617,-86.71823,"BUILDING","37211","2019","December","Winter","02","Monday","Weekday","No Injuries","No Fatalities"
9.97564121944028e-314,2019-12-27 05:30:00,1,0,0,NA,"Y","NOT COLLISION W/MOTOR VEHICLE-TRANSPORT","RAIN","DARK - LIGHTED","N 2ND ST & CLEVELAND ST","NASHVILLE","EAST",36.18711,-86.7709,"OTHER FIXED OBJECTS;Ran Off Road-Left","37207","2019","December","Winter","05","Friday","Weekday","No Injuries","No Fatalities"
9.97564137951755e-314,2019-12-27 09:00:00,2,0,0,NA,"N","NOT COLLISION W/MOTOR VEHICLE-TRANSPORT","RAIN","DARK - LIGHTED","CHET ATKINS PL & 18TH AVE S","NASHVILLE","MIDTOW",36.14866,-86.79512,"PARKED MOTOR VEHICLE","37203","2019","December","Winter","09","Friday","Weekday","No Injuries","No Fatalities"
9.97564138149381e-314,2019-12-27 09:25:00,1,0,0,NA,"Y","NOT COLLISION W/MOTOR VEHICLE-TRANSPORT","RAIN","DARK - LIGHTED","CLARKSVILLE PKE & BUENA VISTA PKE","NASHVILLE","NORTH",36.19336,-86.83074,"OTHER POST, POLE, SUPP.","37218","2019","December","Winter","09","Friday","Weekday","No Injuries","No Fatalities"
9.97564146894343e-314,2019-12-27 12:32:00,1,0,0,NA,"N","NOT COLLISION W/MOTOR VEHICLE-TRANSPORT","RAIN","DARK - NOT LIGHTED","MM 198 6 I 40","NASHVILLE","WEST",36.10425,-86.93185,"CONCRETE TRAFFIC BARRIER","37221","2019","December","Winter","12","Friday","Weekday","No Injuries","No Fatalities"
9.97564147783661e-314,2019-12-27 11:45:00,2,0,0,NA,"N","SIDESWIPE - SAME DIRECTION","RAIN","DAYLIGHT","MM 54 4 I 24","NASHVILLE","SOUTH",36.10259,-86.71385,"MOTOR VEHICLE IN TRANSPORT","37211","2019","December","Winter","11","Friday","Weekday","No Injuries","No Fatalities"
9.97564148178914e-314,2019-12-27 12:46:00,2,0,0,NA,"N","ANGLE","RAIN","DAWN","CROSSINGS PL & CROSSINGS BLVD","ANTIOCH","SOUTH",36.045,-86.64922,"MOTOR VEHICLE IN TRANSPORT","37013","2019","December","Winter","12","Friday","Weekday","No Injuries","No Fatalities"
9.97564251932699e-314,2019-12-28 12:30:00,2,0,0,NA,"Y","Front to Rear","RAIN","DAYLIGHT","WOODMONT BLVD & HILLSBORO PKE","NASHVILLE","WEST",36.11395,-86.81088,"MOTOR VEHICLE IN TRANSPORT","37215","2019","December","Winter","12","Saturday","Weekend","No Injuries","No Fatalities"
9.98013734033384e-314,2020-01-11 00:24:00,4,1,0,NA,"N","HEAD-ON","RAIN","DARK - NOT LIGHTED","BELL RD & PRIVATE DR","NASHVILLE","HERMIT",36.08533,-86.6282,"MOTOR VEHICLE IN TRANSPORT;DITCH;Ran Off Road-Right","37217","2020","January","Winter","00","Saturday","Weekend","Injuries","No Fatalities"
9.9801373452745e-314,2020-01-11 00:34:00,2,1,0,NA,"N","ANGLE","RAIN","DARK - LIGHTED","CLARKSVILLE PKE & W SUMMITT AV","NASHVILLE","NORTH",36.19491,-86.83322,"MOTOR VEHICLE IN TRANSPORT","37218","2020","January","Winter","00","Saturday","Weekend","Injuries","No Fatalities"
9.98013738776415e-314,2020-01-11 01:00:00,2,0,0,NA,"N","ANGLE","RAIN","DARK - NOT LIGHTED","STATE HWY 254 & BRENTWOOD BLVD","BRENTWOOD","MIDTOW",36.03768,-86.79462,"MOTOR VEHICLE IN TRANSPORT","37027","2020","January","Winter","01","Saturday","Weekend","No Injuries","No Fatalities"
9.98013740060985e-314,2020-01-11 01:20:00,1,2,0,NA,"N","NOT COLLISION W/MOTOR VEHICLE-TRANSPORT","RAIN","DARK - NOT LIGHTED","ANTIOCH PKE & REEVES RD","ANTIOCH","SOUTH",36.06565,-86.68025,"DITCH;Ran Off Road-Left;Cross Center Line","37013","2020","January","Winter","01","Saturday","Weekend","Injuries","No Fatalities"
9.9801374099971e-314,2020-01-11 01:25:00,2,0,0,NA,"N","SIDESWIPE - SAME DIRECTION","RAIN","DARK - LIGHTED","MM 87 5 I 65","NASHVILLE","EAST",36.20961,-86.77592,"MOTOR VEHICLE IN TRANSPORT","37207","2020","January","Winter","01","Saturday","Weekend","No Injuries","No Fatalities"
9.98013742877159e-314,2020-01-11 01:42:00,2,0,0,NA,"N","Front to Rear","RAIN","DARK - LIGHTED","NOLENSVILLE PKE & PARAGON MILLS RD","NASHVILLE","SOUTH",36.08486,-86.72821,"MOTOR VEHICLE IN TRANSPORT","37211","2020","January","Winter","01","Saturday","Weekend","No Injuries","No Fatalities"
9.98013743074786e-314,2020-01-11 00:58:00,1,0,0,NA,"Y","NOT COLLISION W/MOTOR VEHICLE-TRANSPORT","RAIN","DARK - LIGHTED","SHIHMEN DR & TOMARAND CT","ANTIOCH","SOUTH",36.05592,-86.67726,"LUMINAIRE/LIGHT SUPPORT","37013","2020","January","Winter","00","Saturday","Weekend","No Injuries","No Fatalities"
9.98013743173599e-314,2020-01-11 01:30:00,2,0,0,NA,"N","HEAD-ON","RAIN","DARK - LIGHTED","N 1ST ST & SPRING ST","NASHVILLE","CENTRA",36.1769,-86.77462,"MOTOR VEHICLE IN TRANSPORT","37213","2020","January","Winter","01","Saturday","Weekend","No Injuries","No Fatalities"
9.98013743371225e-314,2020-01-11 00:57:00,2,0,0,NA,"N","SIDESWIPE - SAME DIRECTION","RAIN","DARK - LIGHTED","MURFREESBORO PKE & MOUNTAIN SPRINGS RD","ANTIOCH","SOUTH",36.04784,-86.61205,"MOTOR VEHICLE IN TRANSPORT","37013","2020","January","Winter","00","Saturday","Weekend","No Injuries","No Fatalities"
9.98013744606389e-314,2020-01-11 01:25:00,2,0,0,NA,"N","ANGLE","RAIN","DARK - LIGHTED","US HWY 70 & BIG HORN DR","HERMITAGE","HERMIT",36.2151,-86.59464,"MOTOR VEHICLE IN TRANSPORT","37076","2020","January","Winter","01","Saturday","Weekend","No Injuries","No Fatalities"
9.98013744655796e-314,2020-01-11 01:48:00,2,0,0,NA,"Y","Front to Rear","RAIN","DARK - LIGHTED","MAIN ST & N 8TH ST","NASHVILLE","EAST",36.17496,-86.75985,"MOTOR VEHICLE IN TRANSPORT","37206","2020","January","Winter","01","Saturday","Weekend","No Injuries","No Fatalities"
9.9801374747197e-314,2020-01-11 02:22:00,3,0,0,NA,"N","NOT COLLISION W/MOTOR VEHICLE-TRANSPORT","RAIN","DARK - LIGHTED","MM 89 6 I 65","NASHVILLE","MADISO",36.23567,-86.76416,"MOTOR VEHICLE IN TRANSPORT;CONCRETE TRAFFIC BARRIER","37207","2020","January","Winter","02","Saturday","Weekend","No Injuries","No Fatalities"
9.98013749349419e-314,2020-01-11 02:45:00,2,1,0,NA,"N","ANGLE","RAIN","DARK - LIGHTED","STATE RT 45 & GALLATIN PKEN","MADISON","MADISO",36.26307,-86.71192,"MOTOR VEHICLE IN TRANSPORT","37115","2020","January","Winter","02","Saturday","Weekend","Injuries","No Fatalities"
9.98013749645859e-314,2020-01-11 02:51:00,2,0,0,NA,"N","Front to Rear","RAIN","DARK - LIGHTED","GALLATIN AV & CHESTER AV","NASHVILLE","EAST",36.19466,-86.74334,"MOTOR VEHICLE IN TRANSPORT","37206","2020","January","Winter","02","Saturday","Weekend","No Injuries","No Fatalities"
9.98013750535177e-314,2020-01-11 02:40:00,2,0,0,NA,"Y","Front to Rear","RAIN","DARK - LIGHTED","8TH AVS & WEDGEWOOD AV","NASHVILLE","MIDTOW",36.13395,-86.77912,"MOTOR VEHICLE IN TRANSPORT","37203","2020","January","Winter","02","Saturday","Weekend","No Injuries","No Fatalities"
9.98013751276275e-314,2020-01-11 02:30:00,2,0,0,NA,"Y","Front to Rear","RAIN","DARK - LIGHTED","US HWY 31 & INVERNESS AVE","NASHVILLE","MIDTOW",36.12431,-86.77639,"MOTOR VEHICLE IN TRANSPORT","37204","2020","January","Winter","02","Saturday","Weekend","No Injuries","No Fatalities"
9.98013752116187e-314,2020-01-11 03:24:00,2,0,0,NA,"Y","SIDESWIPE - SAME DIRECTION","RAIN","DARK - LIGHTED","8TH AVS & BENTON AV","NASHVILLE","MIDTOW",36.1327,-86.77923,"MOTOR VEHICLE IN TRANSPORT","37204","2020","January","Winter","03","Saturday","Weekend","No Injuries","No Fatalities"
9.9801375409245e-314,2020-01-11 03:35:00,2,0,0,NA,"N","ANGLE","RAIN","DARK - LIGHTED","HERMITAGE AV & ROLLING MILL HILL GRNWY","NASHVILLE","CENTRA",36.15522,-86.76478,"MOTOR VEHICLE IN TRANSPORT","37210","2020","January","Winter","03","Saturday","Weekend","No Injuries","No Fatalities"
9.98013754586515e-314,2020-01-11 02:59:00,2,0,0,NA,"N","ANGLE","RAIN","DARK - NOT LIGHTED","MCGAVOCK PKE & KNIGHTS OF COLUMBUS BLVD","NASHVILLE","HERMIT",36.14245,-86.68511,"MOTOR VEHICLE IN TRANSPORT","37214","2020","January","Winter","02","Saturday","Weekend","No Injuries","No Fatalities"
9.98013756118119e-314,2020-01-11 04:20:00,3,3,0,NA,"N","ANGLE","RAIN","DARK - LIGHTED","STATE HWY 155 & US HWY 70","NASHVILLE","HERMIT",36.15015,-86.8579,"MOTOR VEHICLE IN TRANSPORT","37214","2020","January","Winter","04","Saturday","Weekend","Injuries","No Fatalities"
9.98013758489634e-314,2020-01-11 04:46:00,2,0,0,NA,"N","ANGLE","RAIN","DARK - LIGHTED","4TH AVE N & CHURCH ST","NASHVILLE","CENTRA",36.16387,-86.77905,"MOTOR VEHICLE IN TRANSPORT","37201","2020","January","Winter","04","Saturday","Weekend","No Injuries","No Fatalities"
9.98013758637854e-314,2020-01-11 04:01:00,2,0,0,NA,"N","SIDESWIPE - SAME DIRECTION","RAIN","DARK - LIGHTED","MAIN ST & N 8TH ST","NASHVILLE","EAST",36.17536,-86.75883,"MOTOR VEHICLE IN TRANSPORT","37206","2020","January","Winter","04","Saturday","Weekend","No Injuries","No Fatalities"
9.98013760169457e-314,2020-01-11 04:38:00,1,0,0,NA,"Y","NOT COLLISION W/MOTOR VEHICLE-TRANSPORT","RAIN","DARK - LIGHTED","BLUE HOLE RD & TUSCULUM RD","ANTIOCH","SOUTH",36.05273,-86.67307,"DITCH","37013","2020","January","Winter","04","Saturday","Weekend","No Injuries","No Fatalities"
9.98013762540972e-314,2020-01-11 05:36:00,2,0,0,NA,"Y","Front to Rear","RAIN","DARK - LIGHTED","WEST END AV & 18TH AVS","NASHVILLE","MIDTOW",36.15286,-86.7963,"MOTOR VEHICLE IN TRANSPORT","37203","2020","January","Winter","05","Saturday","Weekend","No Injuries","No Fatalities"
9.98013763183258e-314,2020-01-11 05:50:00,1,1,0,NA,"N","NOT COLLISION W/MOTOR VEHICLE-TRANSPORT","RAIN","Dark-Unknown Lighting","MM 213 4 I 40","NASHVILLE","HERMIT",36.14004,-86.72395,"GUARDRAIL FACE","37217","2020","January","Winter","05","Saturday","Weekend","Injuries","No Fatalities"
9.98013764714861e-314,2020-01-11 06:09:00,1,0,0,NA,"N","NOT COLLISION W/MOTOR VEHICLE-TRANSPORT","RAIN","DARK - LIGHTED","MM 54 2 I 24","NASHVILLE","SOUTH",36.10421,-86.71572,"OTHER OBJECT (NOT FIXED)","37211","2020","January","Winter","06","Saturday","Weekend","No Injuries","No Fatalities"
9.98013765060707e-314,2020-01-11 06:10:00,2,0,0,NA,"N","ANGLE","RAIN","DARK - LIGHTED","VANTAGE WAY CT & VANTAGE WAY","NASHVILLE","NORTH",36.19102,-86.79895,"MOTOR VEHICLE IN TRANSPORT","37228","2020","January","Winter","06","Saturday","Weekend","No Injuries","No Fatalities"
9.98013767827475e-314,2020-01-11 06:50:00,3,0,0,NA,"N","ANGLE","RAIN","DARK - LIGHTED","CHARLOTTE PKE & CHARLOTTE ROAD CIR","NASHVILLE","WEST",36.1434,-86.87397,"PARKED MOTOR VEHICLE","37209","2020","January","Winter","06","Saturday","Weekend","No Injuries","No Fatalities"
9.98013768519166e-314,2020-01-11 06:00:00,2,2,0,NA,"N","SIDESWIPE - SAME DIRECTION","RAIN","DARK - LIGHTED","MM 86 5 I 65","NASHVILLE","NORTH",36.1933,-86.77699,"MOTOR VEHICLE IN TRANSPORT;GUARDRAIL FACE","37207","2020","January","Winter","06","Saturday","Weekend","Injuries","No Fatalities"
9.98013771829406e-314,2020-01-11 08:30:00,1,0,0,NA,"N","NOT COLLISION W/MOTOR VEHICLE-TRANSPORT","RAIN","DARK - NOT LIGHTED","BLACKMAN RD & BLACKMAN CT","NASHVILLE","MIDTOW",36.07321,-86.73428,"DITCH","37211","2020","January","Winter","08","Saturday","Weekend","No Injuries","No Fatalities"
9.9801377494202e-314,2020-01-11 08:36:00,1,0,0,NA,"N","NOT COLLISION W/MOTOR VEHICLE-TRANSPORT","RAIN","DARK - LIGHTED","MM 57 3 I 24","ANTIOCH","SOUTH",36.06568,-86.6858,"","37013","2020","January","Winter","08","Saturday","Weekend","No Injuries","No Fatalities"
9.98013777906414e-314,2020-01-11 09:31:00,1,1,0,NA,"N","NOT COLLISION W/MOTOR VEHICLE-TRANSPORT","RAIN","DARK - NOT LIGHTED","MM 51 6 I 24","NASHVILLE","HERMIT",36.1412,-86.73159,"Other Traffic Barrier","37210","2020","January","Winter","09","Saturday","Weekend","Injuries","No Fatalities"
9.98013780327335e-314,2020-01-11 09:50:00,4,0,0,NA,"N","Front to Rear","RAIN","DARK - NOT LIGHTED","MM 88 4 I 65","NASHVILLE","NORTH",36.22147,-86.77374,"MOTOR VEHICLE IN TRANSPORT;MOTOR VEHICLE IN TRANSPORT-OTHER ROADWAY","37207","2020","January","Winter","09","Saturday","Weekend","No Injuries","No Fatalities"
9.98013785712651e-314,2020-01-11 11:50:00,1,0,0,NA,"Y","NOT COLLISION W/MOTOR VEHICLE-TRANSPORT","RAIN","DARK - LIGHTED","STATE ST & 17TH AVN","NASHVILLE","MIDTOW",36.15716,-86.79592,"UTILITY POLE","37203","2020","January","Winter","11","Saturday","Weekend","No Injuries","No Fatalities"
9.9801378615731e-314,2020-01-11 12:03:00,2,0,0,NA,"N","ANGLE","RAIN","DARK - LIGHTED","COCKRILL BEND BLVD & WESTBELT DR","NASHVILLE","WEST",36.17079,-86.87731,"MOTOR VEHICLE IN TRANSPORT;DITCH;MAIL BOX","37209","2020","January","Winter","12","Saturday","Weekend","No Injuries","No Fatalities"
9.98013786453749e-314,2020-01-11 12:00:00,3,0,0,NA,"N","SIDESWIPE - SAME DIRECTION","RAIN","DARK - LIGHTED","MM 87 3 I 65","NASHVILLE","EAST",36.20639,-86.77649,"MOTOR VEHICLE IN TRANSPORT","37207","2020","January","Winter","12","Saturday","Weekend","No Injuries","No Fatalities"
9.98013786651376e-314,2020-01-11 12:06:00,1,0,0,NA,"N","NOT COLLISION W/MOTOR VEHICLE-TRANSPORT","RAIN","DARK - LIGHTED","AMERICAN RD & PREMIER DR","NASHVILLE","WEST",36.14783,-86.87413,"MAIL BOX;TREE","37209","2020","January","Winter","12","Saturday","Weekend","No Injuries","No Fatalities"
9.98013787343068e-314,2020-01-11 12:48:00,2,1,0,NA,"N","ANGLE","RAIN","DARK - LIGHTED","DONELSON PKE & SATELLITE WAY","NASHVILLE","HERMIT",36.13849,-86.66538,"MOTOR VEHICLE IN TRANSPORT","37217","2020","January","Winter","12","Saturday","Weekend","Injuries","No Fatalities"
9.98013787540694e-314,2020-01-11 11:40:00,1,1,0,NA,"N","NOT COLLISION W/MOTOR VEHICLE-TRANSPORT","RAIN","DARK - NOT LIGHTED","MM 58 7 I 24","ANTIOCH","SOUTH",36.05153,-86.66943,"WALL","37013","2020","January","Winter","11","Saturday","Weekend","Injuries","No Fatalities"
9.98013789022891e-314,2020-01-11 11:30:00,1,0,0,NA,"N","NOT COLLISION W/MOTOR VEHICLE-TRANSPORT","RAIN","DAWN","MM 2 7 I 440","NASHVILLE","MIDTOW",36.12278,-86.80615,"OTHER OBJECT (NOT FIXED)","37215","2020","January","Winter","11","Saturday","Weekend","No Injuries","No Fatalities"
9.98013790109835e-314,2020-01-11 12:50:00,2,0,0,NA,"Y","Front to Rear","RAIN","DAWN","GALLATIN PKEN & EDGEMEADE BLVD","MADISON","MADISO",36.28292,-86.70718,"MOTOR VEHICLE IN TRANSPORT","37115","2020","January","Winter","12","Saturday","Weekend","No Injuries","No Fatalities"
9.98013836601412e-314,2020-01-12 00:30:00,3,0,0,NA,"N","Front to Rear","RAIN","DARK - LIGHTED","MM 2 8 I 440","NASHVILLE","MIDTOW",36.1221,-86.80475,"MOTOR VEHICLE IN TRANSPORT","37215","2020","January","Winter","00","Sunday","Weekend","No Injuries","No Fatalities"
9.980138395164e-314,2020-01-12 00:25:00,2,0,0,NA,"N","SIDESWIPE - SAME DIRECTION","RAIN","DAYLIGHT","2ND AVS & LINDSLEY AV","NASHVILLE","CENTRA",36.15235,-86.76901,"MOTOR VEHICLE IN TRANSPORT","37210","2020","January","Winter","00","Sunday","Weekend","No Injuries","No Fatalities"
9.98013840109279e-314,2020-01-12 01:41:00,2,0,0,NA,"Y","ANGLE","RAIN","DARK - LIGHTED","HAMILTON AV & FORT NEGLEY BLVD","NASHVILLE","MIDTOW",36.13918,-86.77538,"MOTOR VEHICLE IN TRANSPORT","37203","2020","January","Winter","01","Sunday","Weekend","No Injuries","No Fatalities"
9.98013840306905e-314,2020-01-12 01:00:00,1,0,0,NA,"N","NOT COLLISION W/MOTOR VEHICLE-TRANSPORT","RAIN","DARK - LIGHTED","ANTIOCH PKE & DUMAS DR","NASHVILLE","SOUTH",36.10096,-86.72424,"CURB","37211","2020","January","Winter","01","Sunday","Weekend","No Injuries","No Fatalities"
9.98013841492662e-314,2020-01-12 01:55:00,2,0,0,NA,"Y","SIDESWIPE - SAME DIRECTION","RAIN","DARK - LIGHTED","EXIT 209B & I 40","NASHVILLE","MIDTOW",36.1581,-86.7913,"MOTOR VEHICLE IN TRANSPORT","37203","2020","January","Winter","01","Sunday","Weekend","No Injuries","No Fatalities"
9.98013851176349e-314,2020-01-12 04:25:00,1,0,0,NA,"N","NOT COLLISION W/MOTOR VEHICLE-TRANSPORT","RAIN","DARK - LIGHTED","MM 59 3 I 24","ANTIOCH","SOUTH",36.04618,-86.66076,"GUARDRAIL FACE","37013","2020","January","Winter","04","Sunday","Weekend","No Injuries","No Fatalities"
9.98013851472788e-314,2020-01-12 04:35:00,1,0,0,NA,"Y","NOT COLLISION W/MOTOR VEHICLE-TRANSPORT","RAIN","DARK - LIGHTED","MURFREESBORO PKE & HAMILTON GLEN PL","ANTIOCH","SOUTH",36.06026,-86.62351,"","37013","2020","January","Winter","04","Sunday","Weekend","No Injuries","No Fatalities"
9.980138523127e-314,2020-01-12 05:00:00,2,0,0,NA,"N","Front to Rear","RAIN","DARK - LIGHTED","CHURCH ST & 18TH AVN","NASHVILLE","MIDTOW",36.1553,-86.797,"MOTOR VEHICLE IN TRANSPORT","37203","2020","January","Winter","05","Sunday","Weekend","No Injuries","No Fatalities"
9.98013854535995e-314,2020-01-11 06:00:00,1,0,0,NA,"N","NOT COLLISION W/MOTOR VEHICLE-TRANSPORT","RAIN","DARK - LIGHTED","GALLATIN AV & CAHAL AV","NASHVILLE","EAST",36.19558,-86.74284,"MOTOR VEHICLE IN TRANSPORT;PARKED MOTOR VEHICLE;OTHER FIXED OBJECTS","37206","2020","January","Winter","06","Saturday","Weekend","No Injuries","No Fatalities"
9.98013860267157e-314,2020-01-12 03:56:00,2,0,0,NA,"N","HEAD-ON","RAIN","DARK - LIGHTED","CEDARMONT DR & BARNES RD","ANTIOCH","SOUTH",36.03318,-86.70775,"PARKED MOTOR VEHICLE;FENCE;Set In Motion By Motor Vehicle","37013","2020","January","Winter","03","Sunday","Weekend","No Injuries","No Fatalities"
9.98014074246988e-314,2020-01-14 04:55:00,1,0,0,NA,"N","NOT COLLISION W/MOTOR VEHICLE-TRANSPORT","RAIN","DARK - LIGHTED","CLEARLAKE DRW & LAKE FOREST DR","NASHVILLE","HERMIT",36.09177,-86.61457,"MAIL BOX","37217","2020","January","Winter","04","Tuesday","Weekday","No Injuries","No Fatalities"
9.98014082893137e-314,2020-01-14 07:01:00,1,0,0,NA,"N","NOT COLLISION W/MOTOR VEHICLE-TRANSPORT","RAIN","DARK - LIGHTED","MM 77 3 I 65","NASHVILLE","MIDTOW",36.07572,-86.76806,"WALL","37220","2020","January","Winter","07","Tuesday","Weekday","No Injuries","No Fatalities"
9.9801408630219e-314,2020-01-14 06:00:00,1,0,0,NA,"N","NOT COLLISION W/MOTOR VEHICLE-TRANSPORT","RAIN","DARK - LIGHTED","MM 54 3 I 24","NASHVILLE","SOUTH",36.10309,-86.71447,"CONCRETE TRAFFIC BARRIER","37211","2020","January","Winter","06","Tuesday","Weekday","No Injuries","No Fatalities"
9.98014087487947e-314,2020-01-14 07:49:00,1,0,0,NA,"N","NOT COLLISION W/MOTOR VEHICLE-TRANSPORT","RAIN","DARK - LIGHTED","MM 211 4 I 40","NASHVILLE","HERMIT",36.15161,-86.75219,"GUARDRAIL FACE","37210","2020","January","Winter","07","Tuesday","Weekday","No Injuries","No Fatalities"
9.98014088574892e-314,2020-01-14 08:13:00,1,1,0,NA,"N","NOT COLLISION W/MOTOR VEHICLE-TRANSPORT","RAIN","DARK - LIGHTED","MM 49 6 I 24","NASHVILLE","CENTRA",36.15792,-86.76043,"","37210","2020","January","Winter","08","Tuesday","Weekday","Injuries","No Fatalities"
9.9801408946421e-314,2020-01-14 06:00:00,1,0,0,NA,"Y","NOT COLLISION W/MOTOR VEHICLE-TRANSPORT","RAIN","DARK - LIGHTED","EAST THOMPSON LN & CURREY RD","NASHVILLE","SOUTH",36.11966,-86.7184,"DITCH","37211","2020","January","Winter","06","Tuesday","Weekday","No Injuries","No Fatalities"
9.98014091638099e-314,2020-01-14 09:05:00,2,0,0,NA,"N","SIDESWIPE - SAME DIRECTION","RAIN","DARK - LIGHTED","MM 48 3 I 24","NASHVILLE","CENTRA",36.17169,-86.76819,"MOTOR VEHICLE IN TRANSPORT","37213","2020","January","Winter","09","Tuesday","Weekday","No Injuries","No Fatalities"
9.98014093021483e-314,2020-01-14 09:22:00,2,1,0,NA,"N","ANGLE","RAIN","DARK - LIGHTED","8TH AVS & GLEAVES ST","NASHVILLE","CENTRA",36.15179,-86.77925,"MOTOR VEHICLE IN TRANSPORT","37203","2020","January","Winter","09","Tuesday","Weekday","Injuries","No Fatalities"
9.98014100481874e-314,2020-01-14 11:29:00,2,0,0,NA,"N","HEAD-ON","RAIN","DARK - LIGHTED","MARTINGALE DR & ROBINSON RD","OLD HICKORY","HERMIT",36.25791,-86.65685,"MOTOR VEHICLE IN TRANSPORT","37138","2020","January","Winter","11","Tuesday","Weekday","No Injuries","No Fatalities"
9.9801410097594e-314,2020-01-14 11:47:00,2,0,0,NA,"Y","Front to Rear","RAIN","DARK - LIGHTED","MM 211 1 I 40","NASHVILLE","HERMIT",36.15361,-86.75734,"MOTOR VEHICLE IN TRANSPORT","37210","2020","January","Winter","11","Tuesday","Weekday","No Injuries","No Fatalities"
9.98014101964071e-314,2020-01-14 11:50:00,2,0,0,NA,"N","Front to Rear","RAIN","DARK - LIGHTED","I65 S EXT RAMP & I 65","MADISON","MADISO",36.18587,-86.79804,"MOTOR VEHICLE IN TRANSPORT","37115","2020","January","Winter","11","Tuesday","Weekday","No Injuries","No Fatalities"
9.98014104533212e-314,2020-01-14 12:55:00,2,0,0,NA,"N","Front to Rear","RAIN","DAYLIGHT","MM 199 0 I 40","NASHVILLE","WEST",36.10808,-86.92694,"MOTOR VEHICLE IN TRANSPORT","37221","2020","January","Winter","12","Tuesday","Weekday","No Injuries","No Fatalities"
9.98014105175498e-314,2020-01-14 12:45:00,2,0,0,NA,"Y","SIDESWIPE - SAME DIRECTION","RAIN","DAYLIGHT","MM 59 2 I 24","ANTIOCH","SOUTH",36.04673,-86.66115,"MOTOR VEHICLE IN TRANSPORT","37013","2020","January","Winter","12","Tuesday","Weekday","No Injuries","No Fatalities"