"Accident.Number","Date.and.Time","Number.of.Motor.Vehicles","Number.of.Injuries","Number.of.Fatalities","Property.Damage","Hit.and.Run","Collision.Type.Description","Weather.Description","Illumination.Description","Street.Address","City","Precinct","Latitude","Longitude","HarmfulDescriptions","Zip.Code","Year","Month","Season","Hour","Weekday","DayType","Accident","Fatality_category"
9.98014105323717e-314,2020-01-14 12:44:00,2,0,0,NA,"N","ANGLE","RAIN","DAYLIGHT","MT VIEW RD & CURTIS HOLLOW RD","ANTIOCH","SOUTH",36.05101,-86.65118,"MOTOR VEHICLE IN TRANSPORT","37013","2020","January","Winter","12","Tuesday","Weekday","No Injuries","No Fatalities"
9.98014105521344e-314,2020-01-14 12:24:00,2,0,0,NA,"N","OTHER","RAIN","DAWN","11TH AVN & CHARLOTTE AV","NASHVILLE","CENTRA",36.16211,-86.79061,"MOTOR VEHICLE IN TRANSPORT","37203","2020","January","Winter","12","Tuesday","Weekday","No Injuries","No Fatalities"
9.98014110462e-314,2020-01-14 06:00:00,1,0,0,NA,"Y","NOT COLLISION W/MOTOR VEHICLE-TRANSPORT","RAIN","UNKNOWN","THOMPSON LN & SIMMONS AV","NASHVILLE","SOUTH",36.11052,-86.74037,"OTHER POST, POLE, SUPP.","37211","2020","January","Winter","06","Tuesday","Weekday","No Injuries","No Fatalities"
9.98012792196044e-314,2020-01-02 06:00:00,3,1,0,NA,"N","Front to Rear","RAIN","DARK - LIGHTED","BLUE HOLE RD & HONEY GROVE DR","ANTIOCH","SOUTH",36.03759,-86.67725,"MOTOR VEHICLE IN TRANSPORT","37013","2020","January","Winter","06","Thursday","Weekday","Injuries","No Fatalities"
9.98012793035955e-314,2020-01-02 06:00:00,2,0,0,NA,"N","Front to Rear","RAIN","Dark-Unknown Lighting","HILLSBORO PKE & WARFIELD DR","NASHVILLE","WEST",36.10383,-86.81559,"MOTOR VEHICLE IN TRANSPORT","37215","2020","January","Winter","06","Thursday","Weekday","No Injuries","No Fatalities"
9.98012793233582e-314,2020-01-03 00:22:00,1,1,0,NA,"Y","NOT COLLISION W/MOTOR VEHICLE-TRANSPORT","RAIN","DARK - LIGHTED","18TH AVN & PATTERSON ST","NASHVILLE","MIDTOW",36.15692,-86.79897,"","37203","2020","January","Winter","00","Friday","Weekday","Injuries","No Fatalities"
9.98012793332395e-314,2020-01-03 00:24:00,2,2,0,NA,"N","ANGLE","RAIN","DARK - NOT LIGHTED","MT VIEW RD & HUNTINGBORO TRL","ANTIOCH","SOUTH",36.07028,-86.59279,"MOTOR VEHICLE IN TRANSPORT","37013","2020","January","Winter","00","Friday","Weekday","Injuries","No Fatalities"
9.9801279397468e-314,2020-01-03 00:23:00,2,0,0,NA,"N","HEAD-ON","RAIN","DARK - NOT LIGHTED","DUE WEST AVW & GALLATIN PKES","MADISON","MADISO",36.24809,-86.72138,"MOTOR VEHICLE IN TRANSPORT","37115","2020","January","Winter","00","Friday","Weekday","No Injuries","No Fatalities"
9.98012794024087e-314,2020-01-02 06:00:00,2,0,0,NA,"N","Front to Rear","RAIN","Dark-Unknown Lighting","HILLSBORO PKE & CRESTMOOR RD","NASHVILLE","MIDTOW",36.10922,-86.81183,"MOTOR VEHICLE IN TRANSPORT","37215","2020","January","Winter","06","Thursday","Weekday","No Injuries","No Fatalities"
9.98012795061624e-314,2020-01-03 00:08:00,3,0,0,NA,"Y","ANGLE","RAIN","DARK - LIGHTED","DONELSON PKE & COLONIAL CIR","NASHVILLE","HERMIT",36.16176,-86.66417,"MOTOR VEHICLE IN TRANSPORT;PARKED MOTOR VEHICLE","37214","2020","January","Winter","00","Friday","Weekday","No Injuries","No Fatalities"
9.98012795802723e-314,2020-01-03 00:57:00,2,0,0,NA,"Y","ANGLE","RAIN","DARK - NOT LIGHTED","PRIEST WOODS DR & WESTERN SHORE DR","NASHVILLE","HERMIT",36.12774,-86.63134,"PARKED MOTOR VEHICLE","37214","2020","January","Winter","00","Friday","Weekday","No Injuries","No Fatalities"
9.98012796000349e-314,2020-01-03 00:51:00,1,0,0,NA,"N","NOT COLLISION W/MOTOR VEHICLE-TRANSPORT","RAIN","DARK - NOT LIGHTED","CHANDLER RD & STONERS GLEN CT","HERMITAGE","HERMIT",36.19531,-86.59881,"DEER (ANIMAL)","37076","2020","January","Winter","00","Friday","Weekday","No Injuries","No Fatalities"
9.98012796148569e-314,2020-01-03 00:58:00,2,0,0,NA,"N","Front to Rear","RAIN","DARK - NOT LIGHTED","OLD HARDING PKE & SAWYER BROWN RD","NASHVILLE","WEST",36.06145,-86.94324,"MOTOR VEHICLE IN TRANSPORT","37221","2020","January","Winter","00","Friday","Weekday","No Injuries","No Fatalities"
9.98012797235513e-314,2020-01-03 01:00:00,2,0,0,NA,"N","SIDESWIPE - OPPOSITE DIRECTION","RAIN","DARK - LIGHTED","HOLLY ST & S 17TH ST","NASHVILLE","EAST",36.17524,-86.73961,"PARKED MOTOR VEHICLE","37206","2020","January","Winter","01","Friday","Weekday","No Injuries","No Fatalities"
9.9801279728492e-314,2020-01-03 00:16:00,2,0,0,NA,"N","SIDESWIPE - SAME DIRECTION","RAIN","DARK - LIGHTED","GALLATIN PKES & NEELYS BEND RD","MADISON","MADISO",36.25595,-86.71449,"MOTOR VEHICLE IN TRANSPORT","37115","2020","January","Winter","00","Friday","Weekday","No Injuries","No Fatalities"
9.98012798223645e-314,2020-01-03 00:06:00,2,0,0,NA,"N","Front to Rear","RAIN","Dark-Unknown Lighting","BELLEVUE RD & OLD HARDING PKE","NASHVILLE","WEST",36.0647,-86.93911,"MOTOR VEHICLE IN TRANSPORT","37221","2020","January","Winter","00","Friday","Weekday","No Injuries","No Fatalities"
9.98012799162369e-314,2020-01-03 01:30:00,2,0,0,NA,"N","ANGLE","RAIN","DARK - LIGHTED","GALLATIN PKES & MADISON SQ","MADISON","MADISO",36.25322,-86.7168,"MOTOR VEHICLE IN TRANSPORT","37115","2020","January","Winter","01","Friday","Weekday","No Injuries","No Fatalities"
9.98012799952874e-314,2020-01-03 01:53:00,1,1,0,NA,"N","NOT COLLISION W/MOTOR VEHICLE-TRANSPORT","RAIN","DARK - NOT LIGHTED","WHITES CREEK PKE & MOORMANS ARM RD","NASHVILLE","NORTH",36.21828,-86.80357,"DITCH","37207","2020","January","Winter","01","Friday","Weekday","Injuries","No Fatalities"
9.98012800545753e-314,2020-01-03 01:45:00,2,0,0,NA,"Y","UNKNOWN","RAIN","DARK - LIGHTED","CARUTHERS AV & 12TH AVS","NASHVILLE","MIDTOW",36.12611,-86.78882,"MOTOR VEHICLE IN TRANSPORT;PARKED MOTOR VEHICLE","37204","2020","January","Winter","01","Friday","Weekday","No Injuries","No Fatalities"
9.98012801632698e-314,2020-01-03 02:13:00,3,4,0,NA,"N","HEAD-ON","RAIN","DARK - NOT LIGHTED","NOLENSVILLE PKE & HAYWOOD LN","NASHVILLE","MIDTOW",36.0682,-86.71911,"MOTOR VEHICLE IN TRANSPORT;PARKED MOTOR VEHICLE;Ran Off Road-Right","37211","2020","January","Winter","02","Friday","Weekday","Injuries","No Fatalities"
9.98012801929137e-314,2020-01-03 02:15:00,1,1,0,NA,"N","NOT COLLISION W/MOTOR VEHICLE-TRANSPORT","RAIN","DARK - LIGHTED","SKYLINE COMMONS PVTDR & DICKERSON PKE","NASHVILLE","MADISO",36.24723,-86.76011,"","37207","2020","January","Winter","02","Friday","Weekday","Injuries","No Fatalities"
9.98012803411334e-314,2020-01-03 02:36:00,1,1,0,NA,"N","NOT COLLISION W/MOTOR VEHICLE-TRANSPORT","RAIN","DARK - NOT LIGHTED","CENTRAL PKE & I40 E EXT RAMP","HERMITAGE","HERMIT",36.17403,-86.60594,"GUARDRAIL FACE","37076","2020","January","Winter","02","Friday","Weekday","Injuries","No Fatalities"
9.98012803707773e-314,2020-01-03 00:01:00,2,0,0,NA,"Y","SIDESWIPE - OPPOSITE DIRECTION","RAIN","DARK - NOT LIGHTED","RIDGE RD & HIGDON RD","JOELTON","NORTH",36.2804,-86.93649,"MOTOR VEHICLE IN TRANSPORT","37080","2020","January","Winter","00","Friday","Weekday","No Injuries","No Fatalities"
9.98012807709705e-314,2020-01-03 03:34:00,1,0,0,NA,"Y","NOT COLLISION W/MOTOR VEHICLE-TRANSPORT","RAIN","DARK - NOT LIGHTED","MM 200 6 I 40","NASHVILLE","WEST",36.12573,-86.90485,"CONCRETE TRAFFIC BARRIER","37209","2020","January","Winter","03","Friday","Weekday","No Injuries","No Fatalities"
9.98012807956738e-314,2020-01-03 03:35:00,2,0,0,NA,"N","Front to Rear","RAIN","DARK - LIGHTED","OLD HICKORY BLVD & HIGHWAY 70S","NASHVILLE","WEST",36.07448,-86.92094,"MOTOR VEHICLE IN TRANSPORT","37221","2020","January","Winter","03","Friday","Weekday","No Injuries","No Fatalities"
9.98012808796649e-314,2020-01-03 03:47:00,1,0,0,NA,"N","NOT COLLISION W/MOTOR VEHICLE-TRANSPORT","RAIN","DARK - LIGHTED","OLD HICKORY BLVD & LOGISTICS WAY","ANTIOCH","SOUTH",36.02605,-86.61568,"Ran Off Road-Right;EMBANKMENT EARTH","37013","2020","January","Winter","03","Friday","Weekday","No Injuries","No Fatalities"
9.98012808994276e-314,2020-01-03 03:49:00,1,1,0,NA,"N","NOT COLLISION W/MOTOR VEHICLE-TRANSPORT","RAIN","DARK - LIGHTED","MM 52 3 I 24","NASHVILLE","HERMIT",36.1376,-86.72677,"WALL","37217","2020","January","Winter","03","Friday","Weekday","Injuries","No Fatalities"
9.98012810575286e-314,2020-01-03 04:15:00,2,1,0,NA,"N","ANGLE","RAIN","DARK - LIGHTED","WOODMONT BLVD & HARDING PKE","NASHVILLE","WEST",36.12498,-86.84764,"MOTOR VEHICLE IN TRANSPORT","37205","2020","January","Winter","04","Friday","Weekday","Injuries","No Fatalities"
9.98012812008076e-314,2020-01-03 04:51:00,1,0,0,NA,"N","NOT COLLISION W/MOTOR VEHICLE-TRANSPORT","RAIN","DARK - LIGHTED","SCOTT AV & MONETTA AV","NASHVILLE","EAST",36.20103,-86.73284,"UTILITY POLE","37216","2020","January","Winter","04","Friday","Weekday","No Injuries","No Fatalities"
9.98012812798581e-314,2020-01-03 04:55:00,2,1,0,NA,"N","ANGLE","RAIN","DARK - LIGHTED","I40 E ENT RAMP & I 40","NASHVILLE","WEST",36.1631,-86.81964,"MOTOR VEHICLE IN TRANSPORT","37205","2020","January","Winter","04","Friday","Weekday","Injuries","No Fatalities"
9.98012813144427e-314,2020-01-02 06:00:00,1,0,0,NA,"N","NOT COLLISION W/MOTOR VEHICLE-TRANSPORT","RAIN","DARK - LIGHTED","MM 213 0 I 40","NASHVILLE","HERMIT",36.14073,-86.73228,"GUARDRAIL FACE","37210","2020","January","Winter","06","Thursday","Weekday","No Injuries","No Fatalities"
9.98012814577218e-314,2020-01-03 03:53:00,1,0,0,NA,"N","NOT COLLISION W/MOTOR VEHICLE-TRANSPORT","RAIN","DARK - LIGHTED","MM 52 7 I 24","NASHVILLE","SOUTH",36.12292,-86.72776,"EMBANKMENT EARTH","37210","2020","January","Winter","03","Friday","Weekday","No Injuries","No Fatalities"
9.98012815367723e-314,2020-01-03 05:20:00,1,0,0,NA,"Y","NOT COLLISION W/MOTOR VEHICLE-TRANSPORT","RAIN","DARK - NOT LIGHTED","BROOK VIEW ESTATES DR & AMELIA DR","NASHVILLE","SOUTH",36.04919,-86.69471,"FENCE;MAIL BOX","37211","2020","January","Winter","05","Friday","Weekday","No Injuries","No Fatalities"
9.9801281813449e-314,2020-01-03 05:48:00,1,1,0,NA,"N","NOT COLLISION W/MOTOR VEHICLE-TRANSPORT","RAIN","DARK - LIGHTED","ANTIOCH PKE & SOUTHLAKE DR","NASHVILLE","SOUTH",36.10092,-86.73061,"UTILITY POLE","37211","2020","January","Winter","05","Friday","Weekday","Injuries","No Fatalities"
9.98012818677962e-314,2020-01-03 05:50:00,1,0,0,NA,"N","NOT COLLISION W/MOTOR VEHICLE-TRANSPORT","RAIN","DARK - LIGHTED","MM 86 5 I 65","NASHVILLE","NORTH",36.1923,-86.7771,"GUARDRAIL FACE","37207","2020","January","Winter","05","Friday","Weekday","No Injuries","No Fatalities"
9.98012819073215e-314,2020-01-03 03:59:00,2,0,0,NA,"N","Front to Rear","RAIN","DARK - LIGHTED","HIGHWAY 70S & BELLEVUE CTR PVTDR","NASHVILLE","WEST",36.07847,-86.95058,"MOTOR VEHICLE IN TRANSPORT","37221","2020","January","Winter","03","Friday","Weekday","No Injuries","No Fatalities"
9.98012819666094e-314,2020-01-03 06:10:00,1,0,0,NA,"N","NOT COLLISION W/MOTOR VEHICLE-TRANSPORT","RAIN","DARK - NOT LIGHTED","MM 199 9 I 40","NASHVILLE","WEST",36.11844,-86.91374,"CONCRETE TRAFFIC BARRIER","37209","2020","January","Winter","06","Friday","Weekday","No Injuries","No Fatalities"
9.98012821345917e-314,2020-01-03 06:40:00,2,2,0,NA,"N","ANGLE","RAIN","DARK - LIGHTED","HIGHWAY 70S & BELLEVUE CTR PVTDR","NASHVILLE","WEST",36.07854,-86.95081,"MOTOR VEHICLE IN TRANSPORT","37221","2020","January","Winter","06","Friday","Weekday","Injuries","No Fatalities"
9.98012825743101e-314,2020-01-03 07:52:00,2,2,0,NA,"N","Front to Rear","RAIN","DARK - LIGHTED","HART LN & DICKERSON PKE","NASHVILLE","EAST",36.2217,-86.76167,"MOTOR VEHICLE IN TRANSPORT","37207","2020","January","Winter","07","Friday","Weekday","Injuries","No Fatalities"
9.98012827818177e-314,2020-01-03 08:25:00,1,0,0,NA,"Y","UNKNOWN","RAIN","DARK - LIGHTED","MM 3 7 I 440","NASHVILLE","MIDTOW",36.11614,-86.79509,"UNKNOWN MOST HARMFUL EVENT","37215","2020","January","Winter","08","Friday","Weekday","No Injuries","No Fatalities"
9.98012833746965e-314,2020-01-03 06:00:00,1,1,0,NA,"N","NOT COLLISION W/MOTOR VEHICLE-TRANSPORT","RAIN","DARK - LIGHTED","DICKERSON PKE & NESBITT DR","MADISON","MADISO",36.28019,-86.74961,"UTILITY POLE","37115","2020","January","Winter","06","Friday","Weekday","Injuries","No Fatalities"
9.98012838786434e-314,2020-01-03 11:05:00,2,0,0,NA,"N","ANGLE","RAIN","DARK - LIGHTED","OLD LEBANON DIRT RD & TULIP GROVE RD","HERMITAGE","HERMIT",36.18914,-86.59326,"MOTOR VEHICLE IN TRANSPORT","37076","2020","January","Winter","11","Friday","Weekday","No Injuries","No Fatalities"
9.98012839231093e-314,2020-01-03 11:30:00,2,0,0,NA,"N","ANGLE","RAIN","DARK - LIGHTED","MM 211 1 I 40","NASHVILLE","HERMIT",36.15385,-86.75795,"MOTOR VEHICLE IN TRANSPORT","37210","2020","January","Winter","11","Friday","Weekday","No Injuries","No Fatalities"
9.98012843134212e-314,2020-01-03 12:14:00,2,1,0,NA,"N","ANGLE","RAIN","DARK - LIGHTED","ROSA L PARKS BLVD & MONROE ST","NASHVILLE","NORTH",36.17577,-86.79307,"MOTOR VEHICLE IN TRANSPORT","37208","2020","January","Winter","12","Friday","Weekday","Injuries","No Fatalities"
9.98012844270563e-314,2020-01-03 12:40:00,1,0,0,NA,"N","NOT COLLISION W/MOTOR VEHICLE-TRANSPORT","RAIN","DAYLIGHT","RICE RD & EDGE O LAKE DR","ANTIOCH","SOUTH",36.07238,-86.64463,"CURB;SHRUBBERY","37013","2020","January","Winter","12","Friday","Weekday","No Injuries","No Fatalities"
9.98012849754691e-314,2020-01-03 12:20:00,2,0,0,NA,"N","SIDESWIPE - SAME DIRECTION","RAIN","DARK - NOT LIGHTED","4TH AVS & OAK ST","NASHVILLE","SOUTH",36.1492,-86.76949,"MOTOR VEHICLE IN TRANSPORT","37210","2020","January","Winter","12","Friday","Weekday","No Injuries","No Fatalities"
9.98012903805473e-314,2020-01-03 06:00:00,3,1,0,NA,"N","ANGLE","RAIN","DARK - LIGHTED","MURFREESBORO PKE & RURAL HILL RD","ANTIOCH","SOUTH",36.07345,-86.63768,"MOTOR VEHICLE IN TRANSPORT","37013","2020","January","Winter","06","Friday","Weekday","Injuries","No Fatalities"
9.9801290716512e-314,2020-01-04 00:10:00,2,0,0,NA,"N","ANGLE","RAIN","DARK - LIGHTED","E TRINITY LN & GALLATIN PKE","NASHVILLE","EAST",36.20362,-86.7391,"MOTOR VEHICLE IN TRANSPORT","37216","2020","January","Winter","00","Saturday","Weekend","No Injuries","No Fatalities"
9.98012907609779e-314,2020-01-04 00:20:00,2,0,0,NA,"N","SIDESWIPE - SAME DIRECTION","RAIN","DARK - LIGHTED","GALLATIN PKEN & ONE MILE PKWY","MADISON","MADISO",36.27935,-86.70883,"MOTOR VEHICLE IN TRANSPORT","37115","2020","January","Winter","00","Saturday","Weekend","No Injuries","No Fatalities"
9.98012907708592e-314,2020-01-04 00:23:00,2,4,0,NA,"N","Front to Rear","RAIN","DARK - NOT LIGHTED","ANDREW JACKSON WAY & JACKSON PASS","HERMITAGE","HERMIT",36.18667,-86.60798,"MOTOR VEHICLE IN TRANSPORT","37076","2020","January","Winter","00","Saturday","Weekend","Injuries","No Fatalities"
9.98012908202657e-314,2020-01-04 00:26:00,2,1,0,NA,"N","NOT COLLISION W/MOTOR VEHICLE-TRANSPORT","RAIN","DARK - LIGHTED","GALLATIN PKE & ARDEE AV","NASHVILLE","EAST",36.21966,-86.72741,"PEDESTRIAN","37216","2020","January","Winter","00","Saturday","Weekend","Injuries","No Fatalities"
9.98012908647316e-314,2020-01-04 00:39:00,2,0,0,NA,"N","ANGLE","RAIN","DARK - LIGHTED","1ST AVS & KOREAN VETERANS BLVD","NASHVILLE","CENTRA",36.15834,-86.77192,"MOTOR VEHICLE IN TRANSPORT","37201","2020","January","Winter","00","Saturday","Weekend","No Injuries","No Fatalities"
9.98012908894349e-314,2020-01-04 00:44:00,2,1,0,NA,"N","ANGLE","RAIN","DARK - LIGHTED","PAVILION BLVD & PLUS PARK BLVD","NASHVILLE","SOUTH",36.13271,-86.72319,"MOTOR VEHICLE IN TRANSPORT","37217","2020","January","Winter","00","Saturday","Weekend","Injuries","No Fatalities"
9.98012909536635e-314,2020-01-04 00:54:00,1,0,0,NA,"N","NOT COLLISION W/MOTOR VEHICLE-TRANSPORT","RAIN","DARK - NOT LIGHTED","MM 52 0 I 24","NASHVILLE","SOUTH",36.13265,-86.72716,"","37217","2020","January","Winter","00","Saturday","Weekend","No Injuries","No Fatalities"
9.98012910425953e-314,2020-01-04 00:45:00,2,0,0,NA,"N","Front to Rear","RAIN","DARK - LIGHTED","ELM HILL PKE & ELM HILL PKE WB EXT RAMP","NASHVILLE","HERMIT",36.15304,-86.68914,"MOTOR VEHICLE IN TRANSPORT","37210","2020","January","Winter","00","Saturday","Weekend","No Injuries","No Fatalities"
9.98012911463491e-314,2020-01-04 01:15:00,2,2,0,NA,"N","ANGLE","RAIN","DARK - LIGHTED","DR D B TODD JR BLVD & MEHARRY BLVD","NASHVILLE","NORTH",36.16836,-86.80619,"MOTOR VEHICLE IN TRANSPORT","37208","2020","January","Winter","01","Saturday","Weekend","Injuries","No Fatalities"
9.98012912945688e-314,2020-01-04 01:34:00,1,1,0,NA,"N","NOT COLLISION W/MOTOR VEHICLE-TRANSPORT","RAIN","DARK - LIGHTED","DUKE ST & DICKERSON PKE","NASHVILLE","EAST",36.20755,-86.76786,"PEDESTRIAN","37207","2020","January","Winter","01","Saturday","Weekend","Injuries","No Fatalities"
9.98012913390347e-314,2020-01-04 01:43:00,2,0,0,NA,"N","ANGLE","RAIN","DARK - LIGHTED","HARDING PL & SHADESCREST DR","NASHVILLE","MIDTOW",36.07706,-86.73664,"MOTOR VEHICLE IN TRANSPORT","37211","2020","January","Winter","01","Saturday","Weekend","No Injuries","No Fatalities"
9.98012914180852e-314,2020-01-04 01:30:00,2,0,0,NA,"Y","Front to Rear","RAIN","DARK - LIGHTED","MAIN ST & NEILL AV","NASHVILLE","EAST",36.17579,-86.75766,"MOTOR VEHICLE IN TRANSPORT","37206","2020","January","Winter","01","Saturday","Weekend","No Injuries","No Fatalities"
9.98012914427885e-314,2020-01-04 01:56:00,2,0,1,NA,"Y","NOT COLLISION W/MOTOR VEHICLE-TRANSPORT","RAIN","DARK - LIGHTED","GALLATIN PKE & ARDEE AV","NASHVILLE","EAST",36.21953,-86.72748,"PEDESTRIAN","37216","2020","January","Winter","01","Saturday","Weekend","No Injuries","With Fatalities"
9.98012917293465e-314,2020-01-04 02:00:00,2,0,0,NA,"N","SIDESWIPE - SAME DIRECTION","RAIN","DARK - LIGHTED","MM 49 3 I 24","NASHVILLE","EAST",36.16172,-86.76082,"MOTOR VEHICLE IN TRANSPORT","37206","2020","January","Winter","02","Saturday","Weekend","No Injuries","No Fatalities"
9.98012919121508e-314,2020-01-04 01:15:00,2,0,0,NA,"N","ANGLE","RAIN","DARK - LIGHTED","DONELSON PKE & HARDING PL","NASHVILLE","SOUTH",36.09302,-86.67876,"MOTOR VEHICLE IN TRANSPORT","37217","2020","January","Winter","01","Saturday","Weekend","No Injuries","No Fatalities"
9.98012919220321e-314,2020-01-04 00:12:00,2,0,0,NA,"N","Front to Rear","RAIN","DARK - LIGHTED","OLD HICKORY BLVD & EULALA DR","NASHVILLE","SOUTH",36.04546,-86.70403,"MOTOR VEHICLE IN TRANSPORT","37211","2020","January","Winter","00","Saturday","Weekend","No Injuries","No Fatalities"
9.98012920060233e-314,2020-01-03 06:00:00,2,0,0,NA,"Y","Rear to Side","RAIN","Dark-Unknown Lighting","EDENCREST DR & CASTLETON CT","ANTIOCH","SOUTH",36.06827,-86.65142,"MOTOR VEHICLE IN TRANSPORT;PARKED MOTOR VEHICLE","37013","2020","January","Winter","06","Friday","Weekday","No Injuries","No Fatalities"
9.98012921987089e-314,2020-01-04 03:45:00,2,0,0,NA,"N","ANGLE","RAIN","DARK - LIGHTED","STRATFORD AV & MCGAVOCK PKE","NASHVILLE","EAST",36.20794,-86.71702,"MOTOR VEHICLE IN TRANSPORT","37216","2020","January","Winter","03","Saturday","Weekend","No Injuries","No Fatalities"
9.98012923222253e-314,2020-01-04 04:01:00,2,2,0,NA,"N","SIDESWIPE - SAME DIRECTION","RAIN","DARK - LIGHTED","ED TEMPLE BLVD & BUCHANAN ST","NASHVILLE","NORTH",36.18147,-86.82419,"MOTOR VEHICLE IN TRANSPORT","37208","2020","January","Winter","04","Saturday","Weekend","Injuries","No Fatalities"
9.98012925445548e-314,2020-01-03 06:00:00,2,0,0,NA,"Y","Front to Rear","RAIN","DARK - NOT LIGHTED","NOLENSVILLE PKE & OCALA DR","NASHVILLE","SOUTH",36.05201,-86.71451,"MOTOR VEHICLE IN TRANSPORT","37211","2020","January","Winter","06","Friday","Weekday","No Injuries","No Fatalities"
9.98012925840801e-314,2020-01-04 04:48:00,1,0,0,NA,"N","NOT COLLISION W/MOTOR VEHICLE-TRANSPORT","RAIN","DARK - LIGHTED","MM 207 4 I 40","NASHVILLE","NORTH",36.17055,-86.80508,"CONCRETE TRAFFIC BARRIER","37208","2020","January","Winter","04","Saturday","Weekend","No Injuries","No Fatalities"
9.98012929200447e-314,2020-01-04 04:45:00,1,0,0,NA,"N","NOT COLLISION W/MOTOR VEHICLE-TRANSPORT","RAIN","DARK - NOT LIGHTED","CHEYENNE BLVD & SEA OATS CV","MADISON","MADISO",36.25299,-86.67163,"FENCE","37115","2020","January","Winter","04","Saturday","Weekend","No Injuries","No Fatalities"
9.98012930633238e-314,2020-01-04 05:50:00,2,3,0,NA,"N","ANGLE","RAIN","DARK - LIGHTED","28TH AVN & CHARLOTTE AV","NASHVILLE","MIDTOW",36.15396,-86.81822,"MOTOR VEHICLE IN TRANSPORT","37209","2020","January","Winter","05","Saturday","Weekend","Injuries","No Fatalities"
9.98012937550157e-314,2020-01-04 06:54:00,1,0,0,NA,"N","NOT COLLISION W/MOTOR VEHICLE-TRANSPORT","RAIN","DARK - LIGHTED","BELL RD & HICKORY HIGHLANDS DR","ANTIOCH","SOUTH",36.0606,-86.64002,"UTILITY POLE","37013","2020","January","Winter","06","Saturday","Weekend","No Injuries","No Fatalities"
9.98012938439475e-314,2020-01-04 07:51:00,1,1,0,NA,"N","NOT COLLISION W/MOTOR VEHICLE-TRANSPORT","RAIN","DARK - NOT LIGHTED","MM 88 7 I 65","NASHVILLE","MADISO",36.22652,-86.77397,"GUARDRAIL FACE","37207","2020","January","Winter","07","Saturday","Weekend","Injuries","No Fatalities"
9.98012938488881e-314,2020-01-04 07:53:00,1,0,0,NA,"N","NOT COLLISION W/MOTOR VEHICLE-TRANSPORT","RAIN","DARK - LIGHTED","WHITES CREEK PKE & MOORMANS ARM RD","NASHVILLE","NORTH",36.21806,-86.80341,"DITCH","37207","2020","January","Winter","07","Saturday","Weekend","No Injuries","No Fatalities"
9.9801293908176e-314,2020-01-04 07:50:00,2,0,0,NA,"N","ANGLE","RAIN","DARK - LIGHTED","CHURCH ST & 16TH AVN","NASHVILLE","MIDTOW",36.1569,-86.79376,"MOTOR VEHICLE IN TRANSPORT","37203","2020","January","Winter","07","Saturday","Weekend","No Injuries","No Fatalities"
9.9801293922998e-314,2020-01-04 03:30:00,2,0,0,NA,"Y","REAR-TO-REAR","RAIN","DARK - NOT LIGHTED","EATONS CREEK RD & SEDGE HILL TRAIL","NASHVILLE","NORTH",36.2673,-86.89345,"PARKED MOTOR VEHICLE","37218","2020","January","Winter","03","Saturday","Weekend","No Injuries","No Fatalities"
9.98012939773452e-314,2020-01-04 08:04:00,1,1,0,NA,"Y","NOT COLLISION W/MOTOR VEHICLE-TRANSPORT","RAIN","DARK - NOT LIGHTED","NEELYS BEND RD & BOAT RAMP PVTDR","MADISON","MADISO",36.19438,-86.66396,"WALL","37115","2020","January","Winter","08","Saturday","Weekend","Injuries","No Fatalities"
9.98012942392e-314,2020-01-04 08:48:00,1,0,0,NA,"Y","NOT COLLISION W/MOTOR VEHICLE-TRANSPORT","RAIN","DARK - NOT LIGHTED","I40 E EXT RAMP & I 40","NASHVILLE","HERMIT",36.16685,-86.6101,"","37214","2020","January","Winter","08","Saturday","Weekend","No Injuries","No Fatalities"
9.98012945504614e-314,2020-01-04 06:00:00,1,0,0,NA,"N","NOT COLLISION W/MOTOR VEHICLE-TRANSPORT","RAIN","DARK - LIGHTED","WOODLAWN DR & NATCHEZ TRC","NASHVILLE","MIDTOW",36.12601,-86.81194,"DITCH","37212","2020","January","Winter","06","Saturday","Weekend","No Injuries","No Fatalities"
9.98012946393932e-314,2020-01-04 09:10:00,1,0,0,NA,"N","NOT COLLISION W/MOTOR VEHICLE-TRANSPORT","RAIN","DARK - LIGHTED","MM 221 9 I 40","HERMITAGE","HERMIT",36.16947,-86.58149,"THROWN OR FALLING OBJECT","37076","2020","January","Winter","09","Saturday","Weekend","No Injuries","No Fatalities"
9.98013213535227e-314,2020-01-07 03:15:00,2,0,0,NA,"N","ANGLE","RAIN","DARK - LIGHTED","MERIDIAN ST & EASTMORELAND ST","NASHVILLE","EAST",36.19505,-86.76731,"MOTOR VEHICLE IN TRANSPORT","37207","2020","January","Winter","03","Tuesday","Weekday","No Injuries","No Fatalities"
9.98013215165643e-314,2020-01-07 03:51:00,2,0,0,NA,"N","Front to Rear","RAIN","DARK - LIGHTED","SOUTHLAKE DR & STATE HWY 155","NASHVILLE","SOUTH",36.10943,-86.72812,"MOTOR VEHICLE IN TRANSPORT","37211","2020","January","Winter","03","Tuesday","Weekday","No Injuries","No Fatalities"