"Accident.Number","Date.and.Time","Number.of.Motor.Vehicles","Number.of.Injuries","Number.of.Fatalities","Property.Damage","Hit.and.Run","Collision.Type.Description","Weather.Description","Illumination.Description","Street.Address","City","Precinct","Latitude","Longitude","HarmfulDescriptions","Zip.Code","Year","Month","Season","Hour","Weekday","DayType","Accident","Fatality_category"
9.98013221835529e-314,2020-01-07 05:33:00,4,2,0,NA,"N","Front to Rear","RAIN","DARK - LIGHTED","BELL RD & COLLINS PARK DR","ANTIOCH","SOUTH",36.0467,-86.65704,"MOTOR VEHICLE IN TRANSPORT","37013","2020","January","Winter","05","Tuesday","Weekday","Injuries","No Fatalities"
9.98013222477815e-314,2020-01-07 05:40:00,1,0,0,NA,"N","NOT COLLISION W/MOTOR VEHICLE-TRANSPORT","RAIN","DARK - LIGHTED","MM 7 0 I 440","NASHVILLE","SOUTH",36.12439,-86.7374,"CONCRETE TRAFFIC BARRIER","37210","2020","January","Winter","05","Tuesday","Weekday","No Injuries","No Fatalities"
9.98013223416539e-314,2020-01-06 06:00:00,1,1,0,NA,"Y","NOT COLLISION W/MOTOR VEHICLE-TRANSPORT","RAIN","DARK - NOT LIGHTED","CLARKSVILLE PKE & FAIRMEADE DR","NASHVILLE","NORTH",36.22338,-86.83819,"PEDESTRIAN","37218","2020","January","Winter","06","Monday","Weekday","Injuries","No Fatalities"
9.98013248910327e-314,2020-01-07 06:00:00,1,0,0,NA,"N","NOT COLLISION W/MOTOR VEHICLE-TRANSPORT","RAIN","DARK - NOT LIGHTED","RICE RD & EDGE O LAKE DR","ANTIOCH","SOUTH",36.07266,-86.6462,"TREE","37013","2020","January","Winter","06","Tuesday","Weekday","No Injuries","No Fatalities"
9.97564332218367e-314,2019-12-29 08:52:00,2,2,0,NA,"N","SIDESWIPE - SAME DIRECTION","RAIN","DARK - NOT LIGHTED","MM 88 2 I 65","NASHVILLE","EAST",36.21899,-86.77496,"MOTOR VEHICLE IN TRANSPORT","37207","2019","December","Winter","08","Sunday","Weekend","Injuries","No Fatalities"
9.9756433231718e-314,2019-12-29 08:45:00,2,0,0,NA,"Y","Front to Rear","RAIN","DARK - LIGHTED","MM 88 6 I 65","NASHVILLE","EAST",36.2247,-86.77453,"MOTOR VEHICLE IN TRANSPORT;CONCRETE TRAFFIC BARRIER","37207","2019","December","Winter","08","Sunday","Weekend","No Injuries","No Fatalities"
9.97564335825046e-314,2019-12-29 09:43:00,3,0,0,NA,"N","Front to Rear","RAIN","DARK - LIGHTED","MM 210 3 I 40","NASHVILLE","MIDTOW",36.1498,-86.77242,"MOTOR VEHICLE IN TRANSPORT","37203","2019","December","Winter","09","Sunday","Weekend","No Injuries","No Fatalities"
9.97564338196561e-314,2019-12-29 09:02:00,2,0,0,NA,"Y","ANGLE","RAIN","DARK - LIGHTED","KAREN DR & BRILEY PKWY","NASHVILLE","HERMIT",36.13951,-86.70031,"MOTOR VEHICLE IN TRANSPORT","37217","2019","December","Winter","09","Sunday","Weekend","No Injuries","No Fatalities"
9.97564338344781e-314,2019-12-29 09:00:00,1,0,0,NA,"Y","NOT COLLISION W/MOTOR VEHICLE-TRANSPORT","RAIN","DARK - LIGHTED","DOWDY DR & DOWDY CT","ANTIOCH","SOUTH",36.07055,-86.67083,"","37013","2019","December","Winter","09","Sunday","Weekend","No Injuries","No Fatalities"
9.97564339036473e-314,2019-12-29 06:00:00,1,0,0,NA,"Y","NOT COLLISION W/MOTOR VEHICLE-TRANSPORT","RAIN","DARK - LIGHTED","MM 212 9 I 40","NASHVILLE","HERMIT",36.14179,-86.73348,"GUARDRAIL FACE","37210","2019","December","Winter","06","Sunday","Weekend","No Injuries","No Fatalities"
9.97564339629351e-314,2019-12-29 10:45:00,1,0,0,NA,"Y","NOT COLLISION W/MOTOR VEHICLE-TRANSPORT","RAIN","DARK - LIGHTED","SHELBY AV & I24 W ENT RAMP","NASHVILLE","CENTRA",36.16663,-86.76478,"UTILITY POLE","37213","2019","December","Winter","10","Sunday","Weekend","No Injuries","No Fatalities"
9.97564344224162e-314,2019-12-29 12:12:00,1,1,0,NA,"N","NOT COLLISION W/MOTOR VEHICLE-TRANSPORT","RAIN","DARK - NOT LIGHTED","I40 W EXT RAMP & I 40","NASHVILLE","CENTRA",36.15508,-86.78867,"CONCRETE TRAFFIC BARRIER","37203","2019","December","Winter","12","Sunday","Weekend","Injuries","No Fatalities"
9.97564345162887e-314,2019-12-29 12:52:00,1,0,0,NA,"N","NOT COLLISION W/MOTOR VEHICLE-TRANSPORT","RAIN","DARK - LIGHTED","MM 47 7 I 24","NASHVILLE","EAST",36.17922,-86.77394,"GUARDRAIL FACE;CONCRETE TRAFFIC BARRIER","37207","2019","December","Winter","12","Sunday","Weekend","No Injuries","No Fatalities"
9.97564372929376e-314,2019-12-29 06:00:00,1,0,0,NA,"N","NOT COLLISION W/MOTOR VEHICLE-TRANSPORT","RAIN","DAYLIGHT","MM 53 2 I 24","NASHVILLE","SOUTH",36.11589,-86.72523,"CONCRETE TRAFFIC BARRIER","37210","2019","December","Winter","06","Sunday","Weekend","No Injuries","No Fatalities"
9.97564379648669e-314,2019-12-29 06:00:00,4,0,0,NA,"N","Front to Rear","RAIN","DARK - LIGHTED","MM 58 0 I 24","ANTIOCH","SOUTH",36.05797,-86.67749,"MOTOR VEHICLE IN TRANSPORT","37013","2019","December","Winter","06","Sunday","Weekend","No Injuries","No Fatalities"
9.97564382514249e-314,2019-12-30 00:15:00,2,0,0,NA,"N","ANGLE","RAIN","DARK - LIGHTED","MM 210 3 I 40","NASHVILLE","MIDTOW",36.1503,-86.7713,"MOTOR VEHICLE IN TRANSPORT","37203","2019","December","Winter","00","Monday","Weekday","No Injuries","No Fatalities"
9.97564383255348e-314,2019-12-30 00:29:00,2,0,0,NA,"N","Front to Rear","RAIN","DARK - NOT LIGHTED","MM 51 6 I 24","NASHVILLE","HERMIT",36.14047,-86.73167,"MOTOR VEHICLE IN TRANSPORT","37210","2019","December","Winter","00","Monday","Weekday","No Injuries","No Fatalities"
9.97564383551787e-314,2019-12-30 00:15:00,2,0,0,NA,"N","Front to Rear","RAIN","DARK - NOT LIGHTED","MURFREESBORO PKE & OLD MURFREESBORO PKE","NASHVILLE","SOUTH",36.0937,-86.65279,"MOTOR VEHICLE IN TRANSPORT","37217","2019","December","Winter","00","Monday","Weekday","No Injuries","No Fatalities"
9.97564384144666e-314,2019-12-30 00:45:00,3,3,0,NA,"N","SIDESWIPE - SAME DIRECTION","RAIN","DARK - NOT LIGHTED","MM 77 2 I 65","NASHVILLE","MIDTOW",36.07437,-86.76866,"MOTOR VEHICLE IN TRANSPORT;WALL","37220","2019","December","Winter","00","Monday","Weekday","Injuries","No Fatalities"
9.9756438523161e-314,2019-12-30 01:07:00,3,0,0,NA,"N","Front to Rear","RAIN","DARK - LIGHTED","MM 54 8 I 24","NASHVILLE","SOUTH",36.09705,-86.70902,"MOTOR VEHICLE IN TRANSPORT","37211","2019","December","Winter","01","Monday","Weekday","No Injuries","No Fatalities"
9.97564387059653e-314,2019-12-30 01:39:00,2,2,0,NA,"N","HEAD-ON","RAIN","DARK - LIGHTED","I40 W ENT RAMP & I 40","NASHVILLE","HERMIT",36.14354,-86.70344,"MOTOR VEHICLE IN TRANSPORT","37210","2019","December","Winter","01","Monday","Weekday","Injuries","No Fatalities"
9.9756438883829e-314,2019-12-30 02:10:00,1,0,0,NA,"Y","NOT COLLISION W/MOTOR VEHICLE-TRANSPORT","RAIN","DARK - LIGHTED","LOVE CIR & ACKLEN AV","NASHVILLE","MIDTOW",36.13842,-86.81782,"UTILITY POLE","37212","2019","December","Winter","02","Monday","Weekday","No Injuries","No Fatalities"
9.97564393828353e-314,2019-12-30 04:01:00,1,1,0,NA,"N","NOT COLLISION W/MOTOR VEHICLE-TRANSPORT","RAIN","DARK - NOT LIGHTED","MM 51 4 I 24","NASHVILLE","HERMIT",36.1394,-86.7273,"GUARDRAIL FACE;Ran Off Road-Right","37210","2019","December","Winter","04","Monday","Weekday","Injuries","No Fatalities"
9.97564399263075e-314,2019-12-30 05:34:00,1,1,0,NA,"N","NOT COLLISION W/MOTOR VEHICLE-TRANSPORT","RAIN","DARK - LIGHTED","LOCUSTWOOD DR & HAYWOOD LN","NASHVILLE","SOUTH",36.06892,-86.70318,"GUARDRAIL END;UTILITY POLE;FIRE HYDRANT","37211","2019","December","Winter","05","Monday","Weekday","Injuries","No Fatalities"
9.97564400992305e-314,2019-12-30 05:50:00,1,0,0,NA,"Y","NOT COLLISION W/MOTOR VEHICLE-TRANSPORT","RAIN","DARK - NOT LIGHTED","6000 NOLENSVILLE PKE","ANTIOCH","SOUTH",36.01846,-86.7086,"TREE","37013","2019","December","Winter","05","Monday","Weekday","No Injuries","No Fatalities"
9.98012731080123e-314,2020-01-02 12:50:00,2,0,0,NA,"Y","ANGLE","RAIN","DAYLIGHT","WEDGEWOOD AV & 8TH AVS","NASHVILLE","MIDTOW",36.13428,-86.77953,"MOTOR VEHICLE IN TRANSPORT","37204","2020","January","Winter","12","Thursday","Weekday","No Injuries","No Fatalities"
9.9801570594819e-314,2020-01-27 10:23:00,2,0,0,NA,"N","ANGLE","RAIN","DARK - NOT LIGHTED","MM 211 8 I 40","NASHVILLE","HERMIT",36.14873,-86.74594,"MOTOR VEHICLE IN TRANSPORT","37210","2020","January","Winter","10","Monday","Weekday","No Injuries","No Fatalities"
9.98015707578607e-314,2020-01-27 11:04:00,2,0,0,NA,"Y","Front to Rear","RAIN","DARK - LIGHTED","MM 213 0 I 40","NASHVILLE","HERMIT",36.14066,-86.73207,"MOTOR VEHICLE IN TRANSPORT","37210","2020","January","Winter","11","Monday","Weekday","No Injuries","No Fatalities"
9.98015708270299e-314,2020-01-27 10:00:00,2,0,0,NA,"Y","Front to Rear","RAIN","Dark-Unknown Lighting","MM 40 2 I 24","WHITES CREEK","NORTH",36.28053,-86.80366,"MOTOR VEHICLE IN TRANSPORT","37189","2020","January","Winter","10","Monday","Weekday","No Injuries","No Fatalities"
9.98015709209023e-314,2020-01-27 11:33:00,1,1,0,NA,"N","NOT COLLISION W/MOTOR VEHICLE-TRANSPORT","RAIN","DARK - LIGHTED","I65 S ENT RAMP & I 65","NASHVILLE","NORTH",36.19213,-86.77971,"GUARDRAIL END;LUMINAIRE/LIGHT SUPPORT","37207","2020","January","Winter","11","Monday","Weekday","Injuries","No Fatalities"
9.98015709851309e-314,2020-01-27 11:37:00,2,0,0,NA,"N","Front to Rear","RAIN","DARK - LIGHTED","I65 S ENT RAMP & I 65","NASHVILLE","NORTH",36.19214,-86.7796,"MOTOR VEHICLE IN TRANSPORT","37207","2020","January","Winter","11","Monday","Weekday","No Injuries","No Fatalities"
9.98015712815703e-314,2020-01-27 12:37:00,2,1,0,NA,"N","SIDESWIPE - SAME DIRECTION","RAIN","DAWN","MM 89 0 I 65","NASHVILLE","MADISO",36.23043,-86.77128,"MOTOR VEHICLE IN TRANSPORT;CONCRETE TRAFFIC BARRIER","37207","2020","January","Winter","12","Monday","Weekday","Injuries","No Fatalities"
9.98015713013329e-314,2020-01-27 12:35:00,2,0,0,NA,"N","ANGLE","RAIN","DAYLIGHT","I40 E EXT RAMP & I 40","NASHVILLE","HERMIT",36.15595,-86.82425,"MOTOR VEHICLE IN TRANSPORT","37214","2020","January","Winter","12","Monday","Weekday","No Injuries","No Fatalities"
9.98015713408581e-314,2020-01-27 12:05:00,2,1,0,NA,"N","SIDESWIPE - SAME DIRECTION","RAIN","DAWN","ROSA L PARKS BLVD & COMMERCE ST","NASHVILLE","CENTRA",36.16025,-86.78296,"MOTOR VEHICLE IN TRANSPORT","37203","2020","January","Winter","12","Monday","Weekday","Injuries","No Fatalities"
9.98015713902647e-314,2020-01-27 12:32:00,3,0,0,NA,"Y","Front to Rear","RAIN","DAYLIGHT","MM 86 4 I 65","NASHVILLE","EAST",36.19403,-86.7764,"MOTOR VEHICLE IN TRANSPORT;Set In Motion By Motor Vehicle","37207","2020","January","Winter","12","Monday","Weekday","No Injuries","No Fatalities"
9.98015714050867e-314,2020-01-27 12:50:00,2,1,0,NA,"Y","HEAD-ON","RAIN","DAYLIGHT","THOMPSON LN & EUGENIA AV","NASHVILLE","MIDTOW",36.11108,-86.75447,"MOTOR VEHICLE IN TRANSPORT","37204","2020","January","Winter","12","Monday","Weekday","Injuries","No Fatalities"
9.98015714446119e-314,2020-01-27 12:59:00,2,1,0,NA,"N","ANGLE","RAIN","DAWN","BRILEY PKWYE & I24 W EXT RAMP","NASHVILLE","MADISO",36.23812,-86.78303,"MOTOR VEHICLE IN TRANSPORT","37207","2020","January","Winter","12","Monday","Weekday","Injuries","No Fatalities"
9.9801571745992e-314,2020-01-27 12:30:00,3,0,0,NA,"Y","Front to Rear","RAIN","DAYLIGHT","I24 W ENT RAMP & I 40","NASHVILLE","HERMIT",36.1544,-86.75814,"MOTOR VEHICLE IN TRANSPORT","37217","2020","January","Winter","12","Monday","Weekday","No Injuries","No Fatalities"
9.98015967210104e-314,2020-01-29 11:20:00,2,0,0,NA,"Y","SIDESWIPE - SAME DIRECTION","RAIN","DARK - LIGHTED","I65 N EXT RAMP & I65 N ENT RAMP","NASHVILLE","EAST",36.20619,-86.77373,"MOTOR VEHICLE IN TRANSPORT","37207","2020","January","Winter","11","Wednesday","Weekday","No Injuries","No Fatalities"
9.98015969680432e-314,2020-01-29 12:00:00,2,0,0,NA,"N","ANGLE","RAIN","DARK - LIGHTED","BRILEY PKWYE & I24 W EXT RAMP","NASHVILLE","MADISO",36.23812,-86.78303,"MOTOR VEHICLE IN TRANSPORT","37207","2020","January","Winter","12","Wednesday","Weekday","No Injuries","No Fatalities"
9.98015970619157e-314,2020-01-29 12:21:00,2,0,0,NA,"N","Front to Rear","RAIN","DARK - LIGHTED","URBANDALE AV & BRILEY PKWYN","NASHVILLE","WEST",36.15393,-86.85749,"MOTOR VEHICLE IN TRANSPORT","37209","2020","January","Winter","12","Wednesday","Weekday","No Injuries","No Fatalities"
9.98015975757439e-314,2020-01-29 12:54:00,2,0,0,NA,"N","Front to Rear","RAIN","DAYLIGHT","S 2ND ST & SHELBY AV","NASHVILLE","CENTRA",36.16486,-86.76791,"MOTOR VEHICLE IN TRANSPORT","37213","2020","January","Winter","12","Wednesday","Weekday","No Injuries","No Fatalities"
9.98015981686227e-314,2020-01-29 06:00:00,2,0,0,NA,"Y","ANGLE","RAIN","DAYLIGHT","ROCKWOOD DR & ROCKWOOD PL","HERMITAGE","HERMIT",36.17791,-86.59928,"PARKED MOTOR VEHICLE","37076","2020","January","Winter","06","Wednesday","Weekday","No Injuries","No Fatalities"
9.98016026547388e-314,2020-01-29 06:00:00,2,0,0,NA,"Y","UNKNOWN","RAIN","DAYLIGHT","COMMERCE ST & 5TH AVN","NASHVILLE","CENTRA",36.16182,-86.77984,"PARKED MOTOR VEHICLE","37219","2020","January","Winter","06","Wednesday","Weekday","No Injuries","No Fatalities"
9.98016045321882e-314,2020-01-30 00:07:00,2,0,0,NA,"N","Front to Rear","RAIN","DARK - LIGHTED","OLD HICKORY BLVDW & E MARTHONA RD","MADISON","MADISO",36.26416,-86.72717,"MOTOR VEHICLE IN TRANSPORT","37115","2020","January","Winter","00","Thursday","Weekday","No Injuries","No Fatalities"
9.98016048385089e-314,2020-01-30 00:37:00,4,0,0,NA,"N","ANGLE","RAIN","DARK - LIGHTED","S 8TH ST & SHELBY AV","NASHVILLE","EAST",36.16992,-86.7562,"MOTOR VEHICLE IN TRANSPORT","37206","2020","January","Winter","00","Thursday","Weekday","No Injuries","No Fatalities"
9.98016050904824e-314,2020-01-30 00:05:00,2,0,0,NA,"Y","Front to Rear","RAIN","DARK - NOT LIGHTED","BILLINGSGATE RD & PEPPER RIDGE CIR","ANTIOCH","SOUTH",36.0753,-86.6634,"MOTOR VEHICLE IN TRANSPORT","37013","2020","January","Winter","00","Thursday","Weekday","No Injuries","No Fatalities"
9.98016061971894e-314,2020-01-30 00:46:00,2,0,0,NA,"Y","Front to Rear","RAIN","DARK - LIGHTED","GALLATIN PKE & HART LN","NASHVILLE","EAST",36.21135,-86.73279,"MOTOR VEHICLE IN TRANSPORT","37216","2020","January","Winter","00","Thursday","Weekday","No Injuries","No Fatalities"
9.98016071062702e-314,2020-01-30 04:11:00,2,1,0,NA,"N","Front to Rear","RAIN","DARK - LIGHTED","COLLINS PARK DR & BELL RD","ANTIOCH","SOUTH",36.04602,-86.65793,"MOTOR VEHICLE IN TRANSPORT","37013","2020","January","Winter","04","Thursday","Weekday","Injuries","No Fatalities"
9.98014201666518e-314,2020-01-15 04:49:00,1,0,0,NA,"N","NOT COLLISION W/MOTOR VEHICLE-TRANSPORT","RAIN","DARK - LIGHTED","DOUGLAS AV & CLINE AV","NASHVILLE","EAST",36.19328,-86.75118,"UTILITY POLE","37206","2020","January","Winter","04","Wednesday","Weekday","No Injuries","No Fatalities"
9.98014204186253e-314,2020-01-15 05:15:00,2,1,0,NA,"N","ANGLE","RAIN","DARK - LIGHTED","JEFFERSON ST & ED TEMPLE BLVD","NASHVILLE","NORTH",36.16779,-86.82075,"MOTOR VEHICLE IN TRANSPORT","37209","2020","January","Winter","05","Wednesday","Weekday","Injuries","No Fatalities"
9.98014206804801e-314,2020-01-15 05:20:00,2,0,0,NA,"N","Front to Rear","RAIN","DARK - LIGHTED","WEST END AV & 18TH AVS","NASHVILLE","MIDTOW",36.15294,-86.79613,"MOTOR VEHICLE IN TRANSPORT","37203","2020","January","Winter","05","Wednesday","Weekday","No Injuries","No Fatalities"
9.98014221527957e-314,2020-01-15 08:16:00,2,0,1,NA,"Y","NOT COLLISION W/MOTOR VEHICLE-TRANSPORT","RAIN","DARK - NOT LIGHTED","MM 53 2 I 24","NASHVILLE","SOUTH",36.11559,-86.72484,"OTHER OBJECT (NOT FIXED);GUARDRAIL FACE;WALL;Ran Off Road-Right;Ran Off Road-Left","37210","2020","January","Winter","08","Wednesday","Weekday","No Injuries","With Fatalities"
9.9801423946254e-314,2020-01-15 12:15:00,1,1,0,NA,"N","NOT COLLISION W/MOTOR VEHICLE-TRANSPORT","RAIN","DAWN","LINBAR DR & HARDING PL","NASHVILLE","SOUTH",36.08416,-86.70589,"PEDESTRIAN","37211","2020","January","Winter","12","Wednesday","Weekday","Injuries","No Fatalities"
9.98014241537616e-314,2020-01-15 12:30:00,2,0,0,NA,"N","Front to Rear","RAIN","DAYLIGHT","MM 38 2 I 24","WHITES CREEK","NORTH",36.30645,-86.81782,"MOTOR VEHICLE IN TRANSPORT","37189","2020","January","Winter","12","Wednesday","Weekday","No Injuries","No Fatalities"
9.98014242179901e-314,2020-01-15 12:45:00,2,0,0,NA,"Y","Front to Rear","RAIN","DAYLIGHT","MM 206 3 I 40","NASHVILLE","NORTH",36.1629,-86.81984,"MOTOR VEHICLE IN TRANSPORT","37209","2020","January","Winter","12","Wednesday","Weekday","No Injuries","No Fatalities"
9.98014242377527e-314,2020-01-15 12:45:00,2,0,0,NA,"N","Front to Rear","RAIN","DAYLIGHT","BRILEY PKWYS & BRILEY PKWY S ENT RAMP","NASHVILLE","SOUTH",36.11034,-86.71959,"MOTOR VEHICLE IN TRANSPORT","37211","2020","January","Winter","12","Wednesday","Weekday","No Injuries","No Fatalities"
9.98014242822186e-314,2020-01-15 12:30:00,2,0,0,NA,"N","HEAD-ON","RAIN","DAYLIGHT","FRANKLIN PKE & OLD HICKORY BLVD","BRENTWOOD","MIDTOW",36.0374,-86.78657,"MOTOR VEHICLE IN TRANSPORT","37027","2020","January","Winter","12","Wednesday","Weekday","No Injuries","No Fatalities"
9.98014270736895e-314,2020-01-15 09:41:00,1,0,0,NA,"Y","NOT COLLISION W/MOTOR VEHICLE-TRANSPORT","RAIN","DARK - LIGHTED","100 S 11TH ST","NASHVILLE","EAST",36.17693,-86.74978,"OTHER POST, POLE, SUPP.","37206","2020","January","Winter","09","Wednesday","Weekday","No Injuries","No Fatalities"
9.98014316141528e-314,2020-01-15 06:00:00,2,0,0,NA,"N","SIDESWIPE - SAME DIRECTION","RAIN","DARK - LIGHTED","MAIN ST & N 10TH ST","NASHVILLE","EAST",36.17824,-86.75152,"MOTOR VEHICLE IN TRANSPORT","37206","2020","January","Winter","06","Wednesday","Weekday","No Injuries","No Fatalities"
9.98014317179066e-314,2020-01-16 00:30:00,2,1,0,NA,"N","HEAD-ON","RAIN","DARK - LIGHTED","28TH AVN & CHARLOTTE AV","NASHVILLE","MIDTOW",36.15382,-86.81818,"MOTOR VEHICLE IN TRANSPORT","37209","2020","January","Winter","00","Thursday","Weekday","Injuries","No Fatalities"
9.98014317426099e-314,2020-01-16 00:39:00,1,0,0,NA,"N","NOT COLLISION W/MOTOR VEHICLE-TRANSPORT","RAIN","DARK - LIGHTED","NOLENSVILLE PKE & TUSCULUM SQUARE DR","NASHVILLE","MIDTOW",36.05794,-86.71606,"DITCH","37211","2020","January","Winter","00","Thursday","Weekday","No Injuries","No Fatalities"
9.98014317771945e-314,2020-01-16 00:38:00,2,0,0,NA,"Y","Front to Rear","RAIN","DARK - LIGHTED","HARDING PL & TRAVELERS INN DR","NASHVILLE","SOUTH",36.0849,-86.7035,"MOTOR VEHICLE IN TRANSPORT","37211","2020","January","Winter","00","Thursday","Weekday","No Injuries","No Fatalities"
9.98014317969571e-314,2020-01-16 00:41:00,2,0,0,NA,"N","SIDESWIPE - SAME DIRECTION","RAIN","DARK - LIGHTED","HALCYON AV & 12TH AVS","NASHVILLE","MIDTOW",36.12263,-86.7897,"PARKED MOTOR VEHICLE","37204","2020","January","Winter","00","Thursday","Weekday","No Injuries","No Fatalities"
9.98014318068384e-314,2020-01-16 00:40:00,3,1,0,NA,"Y","Front to Rear","RAIN","DARK - NOT LIGHTED","OLD HICKORY BLVD & LAVERGNE COUCHVILLE P","ANTIOCH","SOUTH",36.04354,-86.58519,"MOTOR VEHICLE IN TRANSPORT","37013","2020","January","Winter","00","Thursday","Weekday","Injuries","No Fatalities"
9.98014318266011e-314,2020-01-16 00:44:00,2,0,0,NA,"Y","SIDESWIPE - SAME DIRECTION","RAIN","DARK - LIGHTED","GALLATIN PKES & E PALESTINE AV","MADISON","MADISO",36.24991,-86.71905,"MOTOR VEHICLE IN TRANSPORT","37115","2020","January","Winter","00","Thursday","Weekday","No Injuries","No Fatalities"
9.9801431999524e-314,2020-01-16 01:03:00,1,0,0,NA,"N","NOT COLLISION W/MOTOR VEHICLE-TRANSPORT","RAIN","DARK - LIGHTED","FRANKLIN LIMESTONE RD & BILLINGSGATE RD","NASHVILLE","SOUTH",36.07814,-86.67045,"DITCH","37217","2020","January","Winter","01","Thursday","Weekday","No Injuries","No Fatalities"
9.98014320192867e-314,2020-01-16 01:02:00,1,1,0,NA,"N","NOT COLLISION W/MOTOR VEHICLE-TRANSPORT","RAIN","DARK - LIGHTED","STEWARTS FERRY PKE & MTMHI PVTDR","NASHVILLE","HERMIT",36.1629,-86.64839,"CULVERT;DITCH","37214","2020","January","Winter","01","Thursday","Weekday","Injuries","No Fatalities"
9.98014321131591e-314,2020-01-16 00:42:00,2,0,0,NA,"N","ANGLE","RAIN","DARK - LIGHTED","PORTLAND AVE & US HWY 431","NASHVILLE","MIDTOW",36.13324,-86.80127,"MOTOR VEHICLE IN TRANSPORT","37212","2020","January","Winter","00","Thursday","Weekday","No Injuries","No Fatalities"
9.98014321180998e-314,2020-01-16 01:10:00,2,0,0,NA,"Y","Front to Rear","RAIN","DARK - NOT LIGHTED","MM 55 3 I 24","NASHVILLE","SOUTH",36.09085,-86.70398,"MOTOR VEHICLE IN TRANSPORT","37211","2020","January","Winter","01","Thursday","Weekday","No Injuries","No Fatalities"
9.98014321428031e-314,2020-01-16 00:26:00,2,0,0,NA,"N","ANGLE","RAIN","DARK - LIGHTED","NOLENSVILLE PKE & APRIL LN","NASHVILLE","SOUTH",36.05597,-86.71566,"MOTOR VEHICLE IN TRANSPORT","37211","2020","January","Winter","00","Thursday","Weekday","No Injuries","No Fatalities"
9.98014322811415e-314,2020-01-16 01:17:00,1,1,0,NA,"N","NOT COLLISION W/MOTOR VEHICLE-TRANSPORT","RAIN","DARK - NOT LIGHTED","BRILEY PKWYN & BRILEY PKWYS","NASHVILLE","SOUTH",36.18849,-86.86269,"DITCH","37211","2020","January","Winter","01","Thursday","Weekday","Injuries","No Fatalities"
9.98014653588364e-314,2020-01-18 06:00:00,2,0,0,NA,"Y","HEAD-ON","RAIN","DARK - NOT LIGHTED","OLD LEBANON DIRT RD & BRET RIDGE DR","HERMITAGE","HERMIT",36.18773,-86.60566,"MOTOR VEHICLE IN TRANSPORT","37076","2020","January","Winter","06","Saturday","Weekend","No Injuries","No Fatalities"
9.98014654872935e-314,2020-01-18 12:58:00,1,0,0,NA,"N","NOT COLLISION W/MOTOR VEHICLE-TRANSPORT","RAIN","DAYLIGHT","MM 47 1 I 24","NASHVILLE","CENTRA",36.18756,-86.77533,"LUMINAIRE/LIGHT SUPPORT","37207","2020","January","Winter","12","Saturday","Weekend","No Injuries","No Fatalities"
9.98014655169375e-314,2020-01-18 12:50:00,2,0,0,NA,"N","SIDESWIPE - SAME DIRECTION","RAIN","DAYLIGHT","MM 86 1 I 65","NASHVILLE","NORTH",36.19183,-86.784,"MOTOR VEHICLE IN TRANSPORT;Cross Center Line","37228","2020","January","Winter","12","Saturday","Weekend","No Injuries","No Fatalities"
9.98014656799791e-314,2020-01-18 06:00:00,1,0,0,NA,"N","NOT COLLISION W/MOTOR VEHICLE-TRANSPORT","RAIN","DAYLIGHT","RURAL HILL RD & RICE RD","ANTIOCH","SOUTH",36.06801,-86.64213,"BUILDING;CURB;EMBANKMENT EARTH","37013","2020","January","Winter","06","Saturday","Weekend","No Injuries","No Fatalities"
9.9801465739267e-314,2020-01-18 06:00:00,2,0,0,NA,"Y","OTHER","RAIN","DAYLIGHT","MEREDITH AV & DECATUR ST","NASHVILLE","HERMIT",36.14964,-86.75404,"PARKED MOTOR VEHICLE","37210","2020","January","Winter","06","Saturday","Weekend","No Injuries","No Fatalities"
9.98016248926335e-314,2020-01-31 11:38:00,2,0,0,NA,"Y","SIDESWIPE - OPPOSITE DIRECTION","RAIN","DARK - NOT LIGHTED","HAMILTON CHURCH RD & HOBSON PKE","ANTIOCH","SOUTH",36.0594,-86.59965,"MOTOR VEHICLE IN TRANSPORT","37013","2020","January","Winter","11","Friday","Weekday","No Injuries","No Fatalities"
9.98016254410464e-314,2020-01-31 12:35:00,3,0,0,NA,"N","Front to Rear","RAIN","DAYLIGHT","ELLINGTON PKWYS & ELLINGTON PKWY N EXT R","NASHVILLE","EAST",36.22716,-86.74678,"MOTOR VEHICLE IN TRANSPORT;GUARDRAIL FACE","37206","2020","January","Winter","12","Friday","Weekday","No Injuries","No Fatalities"
9.98016263748304e-314,2020-01-31 06:00:00,2,0,0,NA,"N","ANGLE","RAIN","DAYLIGHT","LEBANON PKE & OLD HICKORY BLVD","HERMITAGE","HERMIT",36.19844,-86.62027,"MOTOR VEHICLE IN TRANSPORT","37076","2020","January","Winter","06","Friday","Weekday","No Injuries","No Fatalities"
9.9801531217787e-314,2020-01-23 06:00:00,2,1,0,NA,"Y","Front to Rear","RAIN","DAYLIGHT","BELL RD & EAGLE VIEW BLVD","ANTIOCH","SOUTH",36.05229,-86.64484,"MOTOR VEHICLE IN TRANSPORT","37013","2020","January","Winter","06","Thursday","Weekday","Injuries","No Fatalities"
9.98015319687668e-314,2020-01-24 00:02:00,2,0,0,NA,"N","ANGLE","RAIN","DARK - LIGHTED","OLD HICKORY BLVDW & GIBSON DR","MADISON","MADISO",36.26364,-86.71751,"MOTOR VEHICLE IN TRANSPORT","37115","2020","January","Winter","00","Friday","Weekday","No Injuries","No Fatalities"