"Accident.Number","Date.and.Time","Number.of.Motor.Vehicles","Number.of.Injuries","Number.of.Fatalities","Property.Damage","Hit.and.Run","Collision.Type.Description","Weather.Description","Illumination.Description","Street.Address","City","Precinct","Latitude","Longitude","HarmfulDescriptions","Zip.Code","Year","Month","Season","Hour","Weekday","DayType","Accident","Fatality_category"
9.98015320280547e-314,2020-01-24 00:06:00,3,0,0,NA,"N","Front to Rear","RAIN","DARK - LIGHTED","LAFAYETTE ST & 4TH AVS","NASHVILLE","CENTRA",36.15193,-86.77165,"MOTOR VEHICLE IN TRANSPORT","37210","2020","January","Winter","00","Friday","Weekday","No Injuries","No Fatalities"
9.98015321713337e-314,2020-01-24 00:10:00,2,0,0,NA,"N","Front to Rear","RAIN","DARK - LIGHTED","BRILEY PKWY & GLASTONBURY RD","NASHVILLE","HERMIT",36.13729,-86.69973,"MOTOR VEHICLE IN TRANSPORT","37217","2020","January","Winter","00","Friday","Weekday","No Injuries","No Fatalities"
9.9801630119848e-314,2020-01-31 06:00:00,2,0,0,NA,"N","ANGLE","RAIN","DAYLIGHT","HICKORY HOLLOW TER & BELL RD","ANTIOCH","SOUTH",36.05079,-86.64694,"MOTOR VEHICLE IN TRANSPORT","37013","2020","January","Winter","06","Friday","Weekday","No Injuries","No Fatalities"
9.98015322157996e-314,2020-01-24 00:26:00,2,2,0,NA,"N","ANGLE","RAIN","DARK - LIGHTED","WEDGEWOOD AV & 19TH AVS","NASHVILLE","MIDTOW",36.13733,-86.79814,"MOTOR VEHICLE IN TRANSPORT","37212","2020","January","Winter","00","Friday","Weekday","Injuries","No Fatalities"
9.98015322701469e-314,2020-01-24 00:29:00,2,0,0,NA,"N","Front to Rear","RAIN","DARK - LIGHTED","GALLATIN AV & STRAIGHTWAY AV","NASHVILLE","EAST",36.19371,-86.74384,"MOTOR VEHICLE IN TRANSPORT","37206","2020","January","Winter","00","Friday","Weekday","No Injuries","No Fatalities"
9.98015322750875e-314,2020-01-24 00:30:00,2,0,0,NA,"N","SIDESWIPE - SAME DIRECTION","RAIN","DARK - LIGHTED","LAFAYETTE ST & 4TH AVS","NASHVILLE","CENTRA",36.15192,-86.77161,"MOTOR VEHICLE IN TRANSPORT","37210","2020","January","Winter","00","Friday","Weekday","No Injuries","No Fatalities"
9.98015322899095e-314,2020-01-24 00:25:00,1,0,0,NA,"N","NOT COLLISION W/MOTOR VEHICLE-TRANSPORT","RAIN","DARK - LIGHTED","MM 205 3 I 40","NASHVILLE","WEST",36.15432,-86.83388,"GUARDRAIL FACE","37209","2020","January","Winter","00","Friday","Weekday","No Injuries","No Fatalities"
9.98015323047315e-314,2020-01-24 00:30:00,3,1,0,NA,"N","ANGLE","RAIN","DARK - LIGHTED","OLD HICKORY BLVD & LOGISTICS WAY","ANTIOCH","SOUTH",36.02511,-86.6159,"MOTOR VEHICLE IN TRANSPORT","37013","2020","January","Winter","00","Friday","Weekday","Injuries","No Fatalities"
9.98015323590787e-314,2020-01-24 00:25:00,2,0,0,NA,"N","ANGLE","RAIN","DARK - LIGHTED","US HWY 70 & -UNKNOWN RAMP/ROAD -","NASHVILLE","HERMIT",36.13039,-86.89993,"MOTOR VEHICLE IN TRANSPORT","37214","2020","January","Winter","00","Friday","Weekday","No Injuries","No Fatalities"
9.98015324084852e-314,2020-01-24 00:49:00,2,1,0,NA,"N","OTHER","RAIN","DUSK","STATE HWY 254 & BRENTWOOD MEADOWS CIR","NASHVILLE","MIDTOW",36.04098,-86.7462,"MOTOR VEHICLE IN TRANSPORT","37220","2020","January","Winter","00","Friday","Weekday","Injuries","No Fatalities"
9.98015324727138e-314,2020-01-24 00:29:00,2,0,0,NA,"N","ANGLE","RAIN","DARK - NOT LIGHTED","LEESA ANN LN & TULIP GROVE RD","HERMITAGE","HERMIT",36.2051,-86.59002,"MOTOR VEHICLE IN TRANSPORT","37076","2020","January","Winter","00","Friday","Weekday","No Injuries","No Fatalities"
9.9801532512239e-314,2020-01-24 00:03:00,2,0,0,NA,"Y","ANGLE","RAIN","DARK - LIGHTED","ELM HILL PKE & MCGAVOCK PKE","NASHVILLE","HERMIT",36.15282,-86.68341,"MOTOR VEHICLE IN TRANSPORT","37214","2020","January","Winter","00","Friday","Weekday","No Injuries","No Fatalities"
9.98015326110522e-314,2020-01-24 00:51:00,2,1,0,NA,"N","ANGLE","RAIN","DARK - LIGHTED","W OAK HIGHLAND DR & BLUE HOLE RD","ANTIOCH","SOUTH",36.03522,-86.676,"MOTOR VEHICLE IN TRANSPORT","37013","2020","January","Winter","00","Friday","Weekday","Injuries","No Fatalities"
9.98015326209335e-314,2020-01-24 00:17:00,2,0,0,NA,"N","Front to Rear","RAIN","DARK - NOT LIGHTED","MM 213 2 I 40","NASHVILLE","HERMIT",36.13994,-86.72889,"MOTOR VEHICLE IN TRANSPORT","37210","2020","January","Winter","00","Friday","Weekday","No Injuries","No Fatalities"
9.98015326308148e-314,2020-01-24 00:45:00,3,0,0,NA,"Y","Front to Rear","RAIN","DARK - LIGHTED","HAYWOOD LN & EZELL RD","NASHVILLE","SOUTH",36.06959,-86.69391,"MOTOR VEHICLE IN TRANSPORT","37211","2020","January","Winter","00","Friday","Weekday","No Injuries","No Fatalities"
9.98015326555181e-314,2020-01-24 01:13:00,2,1,0,NA,"N","Front to Rear","RAIN","DARK - LIGHTED","OLD HICKORY BLVD & PRESERVE BLVD","ANTIOCH","SOUTH",36.03144,-86.61216,"MOTOR VEHICLE IN TRANSPORT","37013","2020","January","Winter","01","Friday","Weekday","Injuries","No Fatalities"
9.98015327246873e-314,2020-01-24 00:20:00,2,0,0,NA,"Y","Front to Rear","RAIN","DARK - NOT LIGHTED","MERIDIAN ST & EVANSTON AV","NASHVILLE","EAST",36.19054,-86.76757,"MOTOR VEHICLE IN TRANSPORT","37207","2020","January","Winter","00","Friday","Weekday","No Injuries","No Fatalities"
9.98015328235004e-314,2020-01-24 00:57:00,2,1,0,NA,"N","Front to Rear","RAIN","DARK - LIGHTED","MM 86 5 I 65","NASHVILLE","NORTH",36.19497,-86.77557,"MOTOR VEHICLE IN TRANSPORT","37207","2020","January","Winter","00","Friday","Weekday","Injuries","No Fatalities"
9.9801533031008e-314,2020-01-24 00:20:00,3,0,0,NA,"N","Front to Rear","RAIN","DARK - NOT LIGHTED","FRANKLIN PKE & LAKEMONT DR","BRENTWOOD","MIDTOW",36.04476,-86.7811,"MOTOR VEHICLE IN TRANSPORT","37027","2020","January","Winter","00","Friday","Weekday","No Injuries","No Fatalities"
9.98015330507706e-314,2020-01-24 01:50:00,2,0,0,NA,"N","Front to Rear","RAIN","DARK - LIGHTED","MM 86 5 I 65","NASHVILLE","NORTH",36.19449,-86.77556,"MOTOR VEHICLE IN TRANSPORT","37207","2020","January","Winter","01","Friday","Weekday","No Injuries","No Fatalities"
9.98015331397024e-314,2020-01-24 00:35:00,2,0,0,NA,"N","Front to Rear","RAIN","DARK - LIGHTED","BLUE HOLE RD & BELL RD","ANTIOCH","SOUTH",36.04725,-86.67363,"MOTOR VEHICLE IN TRANSPORT","37013","2020","January","Winter","00","Friday","Weekday","No Injuries","No Fatalities"
9.98015331446431e-314,2020-01-24 01:55:00,3,0,0,NA,"Y","Front to Rear","RAIN","DARK - LIGHTED","MURFREESBORO PKE & BELL RD","ANTIOCH","SOUTH",36.07224,-86.63654,"MOTOR VEHICLE IN TRANSPORT","37013","2020","January","Winter","01","Friday","Weekday","No Injuries","No Fatalities"
9.98015331644057e-314,2020-01-24 02:13:00,1,0,0,NA,"N","NOT COLLISION W/MOTOR VEHICLE-TRANSPORT","RAIN","DARK - LIGHTED","MM 56 8 I 24","NASHVILLE","SOUTH",36.07167,-86.69108,"GUARDRAIL END;OTHER FIXED OBJECTS","37211","2020","January","Winter","02","Friday","Weekday","No Injuries","No Fatalities"
9.98015331940496e-314,2020-01-24 02:20:00,2,0,0,NA,"N","ANGLE","RAIN","DARK - LIGHTED","W TRINITY LN & BRICK CHURCH PKE","NASHVILLE","NORTH",36.20662,-86.7779,"MOTOR VEHICLE IN TRANSPORT;CURB;SHRUBBERY;Ran Off Road-Right","37207","2020","January","Winter","02","Friday","Weekday","No Injuries","No Fatalities"
9.98015332533375e-314,2020-01-24 01:35:00,2,0,0,NA,"Y","SIDESWIPE - SAME DIRECTION","RAIN","DARK - LIGHTED","MM 59 2 I 24","ANTIOCH","SOUTH",36.04665,-86.66155,"MOTOR VEHICLE IN TRANSPORT","37013","2020","January","Winter","01","Friday","Weekday","No Injuries","No Fatalities"
9.98015332582782e-314,2020-01-24 02:15:00,2,0,0,NA,"N","Front to Rear","RAIN","Dark-Unknown Lighting","MM 213 0 I 40","NASHVILLE","HERMIT",36.14099,-86.73295,"MOTOR VEHICLE IN TRANSPORT","37210","2020","January","Winter","02","Friday","Weekday","No Injuries","No Fatalities"
9.980153334721e-314,2020-01-24 02:30:00,2,0,0,NA,"N","ANGLE","RAIN","DARK - LIGHTED","MM 88 5 I 65","NASHVILLE","NORTH",36.2239,-86.77454,"MOTOR VEHICLE IN TRANSPORT;Ran Off Road-Right;EMBANKMENT EARTH","37207","2020","January","Winter","02","Friday","Weekday","No Injuries","No Fatalities"
9.98015335250736e-314,2020-01-24 00:53:00,2,0,0,NA,"N","ANGLE","RAIN","DARK - LIGHTED","NOLENSVILLE PKE & TANKSLEY AV","NASHVILLE","SOUTH",36.10913,-86.74428,"MOTOR VEHICLE IN TRANSPORT","37211","2020","January","Winter","00","Friday","Weekday","No Injuries","No Fatalities"
9.98016323727874e-314,2020-02-01 00:04:00,3,1,0,NA,"N","SIDESWIPE - SAME DIRECTION","RAIN","DARK - NOT LIGHTED","I40 E EXT RAMP & I 40","NASHVILLE","HERMIT",36.16957,-86.60373,"MOTOR VEHICLE IN TRANSPORT","37214","2020","February","Winter","00","Saturday","Weekend","Injuries","No Fatalities"
9.98015335448362e-314,2020-01-24 00:40:00,2,0,0,NA,"N","Front to Rear","RAIN","DARK - LIGHTED","MM 1 0 I 440","NASHVILLE","WEST",36.14245,-86.82258,"MOTOR VEHICLE IN TRANSPORT","37205","2020","January","Winter","00","Friday","Weekday","No Injuries","No Fatalities"
9.98015336090648e-314,2020-01-24 03:10:00,1,1,0,NA,"N","NOT COLLISION W/MOTOR VEHICLE-TRANSPORT","RAIN","DARK - LIGHTED","MM 86 5 I 65","NASHVILLE","NORTH",36.1931,-86.77725,"CONCRETE TRAFFIC BARRIER","37207","2020","January","Winter","03","Friday","Weekday","Injuries","No Fatalities"
9.98015336979966e-314,2020-01-24 00:41:00,2,0,0,NA,"Y","Front to Rear","RAIN","DARK - LIGHTED","I 65 & UNKNOWN RAMP","NASHVILLE","EAST",36.1004,-86.76454,"MOTOR VEHICLE IN TRANSPORT","37207","2020","January","Winter","00","Friday","Weekday","No Injuries","No Fatalities"
9.98015337029372e-314,2020-01-24 03:22:00,3,3,0,NA,"N","OTHER","RAIN","DARK - NOT LIGHTED","MM 200 6 I 40","NASHVILLE","WEST",36.12619,-86.90395,"MOTOR VEHICLE IN TRANSPORT;OTHER OBJECT (NOT FIXED);GUARDRAIL FACE;SHRUBBERY;Ran Off Road-Right","37209","2020","January","Winter","03","Friday","Weekday","Injuries","No Fatalities"
9.98015337523438e-314,2020-01-24 03:20:00,2,0,0,NA,"N","Rear to Side","RAIN","DARK - NOT LIGHTED","NESBITT LN & GALLATIN PKEN","MADISON","MADISO",36.27281,-86.71045,"MOTOR VEHICLE IN TRANSPORT","37115","2020","January","Winter","03","Friday","Weekday","No Injuries","No Fatalities"
9.98015338610382e-314,2020-01-24 02:10:00,2,0,0,NA,"Y","Front to Rear","RAIN","DARK - LIGHTED","MM 56 1 I 24","NASHVILLE","SOUTH",36.08161,-86.69718,"MOTOR VEHICLE IN TRANSPORT","37211","2020","January","Winter","02","Friday","Weekday","No Injuries","No Fatalities"
9.98016326445235e-314,2020-01-31 12:45:00,1,1,0,NA,"N","NOT COLLISION W/MOTOR VEHICLE-TRANSPORT","RAIN","DARK - LIGHTED","EAGLE VIEW BLVD & BELL RD","ANTIOCH","SOUTH",36.05207,-86.6444,"","37013","2020","January","Winter","12","Friday","Weekday","Injuries","No Fatalities"
9.98015340092579e-314,2020-01-24 01:00:00,2,0,0,NA,"N","Front to Rear","RAIN","DARK - LIGHTED","MM 86 6 I 65","NASHVILLE","NORTH",36.19659,-86.77612,"MOTOR VEHICLE IN TRANSPORT","37207","2020","January","Winter","01","Friday","Weekday","No Injuries","No Fatalities"
9.98015340191392e-314,2020-01-24 03:55:00,1,0,0,NA,"N","NOT COLLISION W/MOTOR VEHICLE-TRANSPORT","RAIN","DARK - NOT LIGHTED","MM 222 5 I 40","HERMITAGE","HERMIT",36.16876,-86.56985,"OTHER OBJECT (NOT FIXED)","37076","2020","January","Winter","03","Friday","Weekday","No Injuries","No Fatalities"
9.98015340389019e-314,2020-01-24 03:14:00,1,0,0,NA,"N","NOT COLLISION W/MOTOR VEHICLE-TRANSPORT","RAIN","DARK - NOT LIGHTED","COLEY DAVIS RD & I40 E EXT RAMP","NASHVILLE","WEST",36.07959,-86.9575,"GUARDRAIL FACE","37221","2020","January","Winter","03","Friday","Weekday","No Injuries","No Fatalities"
9.98015341080711e-314,2020-01-23 06:00:00,2,0,0,NA,"Y","Front to Rear","RAIN","DARK - NOT LIGHTED","I40 E EXT RAMP & I 40","NASHVILLE","HERMIT",36.17011,-86.60642,"MOTOR VEHICLE IN TRANSPORT","37214","2020","January","Winter","06","Thursday","Weekday","No Injuries","No Fatalities"
9.98015341722996e-314,2020-01-24 03:00:00,2,0,0,NA,"N","Front to Rear","RAIN","DARK - LIGHTED","LEBANON PKE & ANDREW JACKSON PKWY","HERMITAGE","HERMIT",36.21509,-86.59541,"PARKED MOTOR VEHICLE","37076","2020","January","Winter","03","Friday","Weekday","No Injuries","No Fatalities"
9.98016336524174e-314,2020-02-01 01:00:00,1,0,0,NA,"N","NOT COLLISION W/MOTOR VEHICLE-TRANSPORT","RAIN","DARK - LIGHTED","WHEELER AV & NORMA DR","NASHVILLE","SOUTH",36.09528,-86.73077,"OTHER POST, POLE, SUPP.","37211","2020","February","Winter","01","Saturday","Weekend","No Injuries","No Fatalities"
9.98015342068842e-314,2020-01-24 04:10:00,2,1,0,NA,"Y","ANGLE","RAIN","DARK - LIGHTED","18TH AVS & WEST END AV","NASHVILLE","MIDTOW",36.15301,-86.796,"MOTOR VEHICLE IN TRANSPORT","37203","2020","January","Winter","04","Friday","Weekday","Injuries","No Fatalities"
9.98016337314679e-314,2020-02-01 01:57:00,2,0,0,NA,"N","ANGLE","RAIN","DARK - LIGHTED","CALDWELL LN & LEALAND LN","NASHVILLE","MIDTOW",36.10595,-86.78907,"MOTOR VEHICLE IN TRANSPORT","37204","2020","February","Winter","01","Saturday","Weekend","No Injuries","No Fatalities"
9.98015342118248e-314,2020-01-24 04:40:00,1,2,0,NA,"N","NOT COLLISION W/MOTOR VEHICLE-TRANSPORT","RAIN","DARK - NOT LIGHTED","I24 W EXT RAMP & I 24","NASHVILLE","SOUTH",36.17285,-86.76874,"","37211","2020","January","Winter","04","Friday","Weekday","Injuries","No Fatalities"
9.98016338401623e-314,2020-02-01 00:05:00,2,0,0,NA,"N","SIDESWIPE - SAME DIRECTION","RAIN","DARK - LIGHTED","MM 53 3 I 24","NASHVILLE","SOUTH",36.11439,-86.72452,"MOTOR VEHICLE IN TRANSPORT","37210","2020","February","Winter","00","Saturday","Weekend","No Injuries","No Fatalities"
9.9801534280994e-314,2020-01-24 03:48:00,2,0,0,NA,"N","SIDESWIPE - OPPOSITE DIRECTION","RAIN","DARK - LIGHTED","OBRIEN AV & MIDLAND AV","NASHVILLE","WEST",36.15049,-86.86142,"MOTOR VEHICLE IN TRANSPORT","37209","2020","January","Winter","03","Friday","Weekday","No Injuries","No Fatalities"
9.98016339043909e-314,2020-02-01 02:00:00,2,0,0,NA,"N","Front to Rear","RAIN","DARK - LIGHTED","NOLENSVILLE PKE & OLD HICKORY BLVD","NASHVILLE","SOUTH",36.04669,-86.71342,"MOTOR VEHICLE IN TRANSPORT","37211","2020","February","Winter","02","Saturday","Weekend","No Injuries","No Fatalities"
9.98015344637983e-314,2020-01-24 04:44:00,2,0,0,NA,"N","ANGLE","RAIN","Dark-Unknown Lighting","NOLENSVILLE PKE & CRAIGHEAD ST","NASHVILLE","SOUTH",36.13401,-86.75895,"MOTOR VEHICLE IN TRANSPORT","37210","2020","January","Winter","04","Friday","Weekday","No Injuries","No Fatalities"
9.98016339093315e-314,2020-02-01 02:15:00,1,0,0,NA,"N","NOT COLLISION W/MOTOR VEHICLE-TRANSPORT","RAIN","DARK - LIGHTED","LEBANON PKE & SAMOA DR","HERMITAGE","HERMIT",36.20343,-86.61575,"BUILDING","37076","2020","February","Winter","02","Saturday","Weekend","No Injuries","No Fatalities"
9.9801634146483e-314,2020-02-01 00:05:00,2,0,0,NA,"N","Front to Rear","RAIN","DARK - NOT LIGHTED","OLD HICKORY BLVD & HOBSON DR","ANTIOCH","SOUTH",36.01079,-86.62134,"MOTOR VEHICLE IN TRANSPORT","37013","2020","February","Winter","00","Saturday","Weekend","No Injuries","No Fatalities"
9.98015351258463e-314,2020-01-24 06:18:00,1,2,0,NA,"N","NOT COLLISION W/MOTOR VEHICLE-TRANSPORT","RAIN","DARK - LIGHTED","4TH AVS & MCCANN ST","NASHVILLE","MIDTOW",36.15005,-86.77006,"CURB;OTHER FIXED OBJECTS","37203","2020","January","Winter","06","Friday","Weekday","Injuries","No Fatalities"
9.98016342551775e-314,2020-02-01 02:44:00,1,1,0,NA,"N","NOT COLLISION W/MOTOR VEHICLE-TRANSPORT","RAIN","DARK - LIGHTED","MM 47 3 I 24","NASHVILLE","EAST",36.18378,-86.77508,"","37207","2020","February","Winter","02","Saturday","Weekend","Injuries","No Fatalities"
9.98015354272263e-314,2020-01-24 06:00:00,1,0,0,NA,"Y","NOT COLLISION W/MOTOR VEHICLE-TRANSPORT","RAIN","DARK - LIGHTED","GREENFIELD AV & GOLF ST","NASHVILLE","EAST",36.20907,-86.72405,"TREE;OTHER FIXED OBJECTS","37216","2020","January","Winter","06","Friday","Weekday","No Injuries","No Fatalities"
9.9801634304584e-314,2020-02-01 03:10:00,2,2,0,NA,"N","Front to Rear","RAIN","DARK - NOT LIGHTED","MM 59 9 I 24","ANTIOCH","SOUTH",36.04114,-86.65208,"MOTOR VEHICLE IN TRANSPORT","37013","2020","February","Winter","03","Saturday","Weekend","Injuries","No Fatalities"
9.98015354420483e-314,2020-01-24 06:56:00,1,2,0,NA,"N","NOT COLLISION W/MOTOR VEHICLE-TRANSPORT","RAIN","DARK - NOT LIGHTED","MM 52 4 I 24","NASHVILLE","HERMIT",36.13829,-86.72677,"","37210","2020","January","Winter","06","Friday","Weekday","Injuries","No Fatalities"
9.98016343885752e-314,2020-02-01 02:40:00,1,0,0,NA,"N","NOT COLLISION W/MOTOR VEHICLE-TRANSPORT","RAIN","DARK - NOT LIGHTED","STATE HWY 96 & OLD HARDING PIKE","NASHVILLE","WEST",36.01368,-87.02849,"DEER (ANIMAL)","37221","2020","February","Winter","02","Saturday","Weekend","No Injuries","No Fatalities"
9.98015356248526e-314,2020-01-24 07:24:00,2,2,0,NA,"N","ANGLE","RAIN","DARK - LIGHTED","S 1ST ST & WOODLAND ST","NASHVILLE","CENTRA",36.16905,-86.77224,"MOTOR VEHICLE IN TRANSPORT","37213","2020","January","Winter","07","Friday","Weekday","Injuries","No Fatalities"
9.98016344676257e-314,2020-02-01 02:55:00,2,0,0,NA,"N","ANGLE","RAIN","DARK - LIGHTED","WEDGEWOOD AV & MAGNOLIA BLVD","NASHVILLE","MIDTOW",36.13658,-86.79515,"MOTOR VEHICLE IN TRANSPORT","37212","2020","February","Winter","02","Saturday","Weekend","No Injuries","No Fatalities"
9.98015359558766e-314,2020-01-24 07:55:00,1,0,0,NA,"N","NOT COLLISION W/MOTOR VEHICLE-TRANSPORT","RAIN","DARK - LIGHTED","MM 204 6 I 40","NASHVILLE","WEST",36.15382,-86.84554,"OTHER OBJECT (NOT FIXED)","37209","2020","January","Winter","07","Friday","Weekday","No Injuries","No Fatalities"
9.98016347245398e-314,2020-02-01 03:05:00,2,0,0,NA,"N","Front to Rear","RAIN","DARK - LIGHTED","HIGHWAY 70S & COLEY DAVIS RD","NASHVILLE","WEST",36.07957,-86.95351,"MOTOR VEHICLE IN TRANSPORT","37221","2020","February","Winter","03","Saturday","Weekend","No Injuries","No Fatalities"
9.98015360892743e-314,2020-01-24 08:01:00,2,0,0,NA,"Y","ANGLE","RAIN","DARK - LIGHTED","BELL RD & BLUE HOLE RD","ANTIOCH","SOUTH",36.0459,-86.67511,"MOTOR VEHICLE IN TRANSPORT","37013","2020","January","Winter","08","Friday","Weekday","No Injuries","No Fatalities"
9.98016351000297e-314,2020-02-01 02:45:00,2,0,0,NA,"Y","SIDESWIPE - SAME DIRECTION","RAIN","DARK - LIGHTED","MM 59 0 I 24","ANTIOCH","SOUTH",36.04908,-86.66571,"MOTOR VEHICLE IN TRANSPORT","37013","2020","February","Winter","02","Saturday","Weekend","No Injuries","No Fatalities"
9.98015363066632e-314,2020-01-24 08:00:00,1,0,0,NA,"N","NOT COLLISION W/MOTOR VEHICLE-TRANSPORT","RAIN","DARK - LIGHTED","MM 204 9 I 40","NASHVILLE","WEST",36.15399,-86.84044,"OTHER OBJECT (NOT FIXED)","37209","2020","January","Winter","08","Friday","Weekday","No Injuries","No Fatalities"
9.98016351494363e-314,2020-02-01 03:26:00,2,0,0,NA,"N","ANGLE","RAIN","DARK - NOT LIGHTED","DONELSON PKE & I40 E ENT RAMP","NASHVILLE","HERMIT",36.13983,-86.66632,"MOTOR VEHICLE IN TRANSPORT","37214","2020","February","Winter","03","Saturday","Weekend","No Injuries","No Fatalities"
9.98016352136648e-314,2020-02-01 04:14:00,2,1,0,NA,"N","SIDESWIPE - OPPOSITE DIRECTION","RAIN","DARK - LIGHTED","SOUTHLAKE DR & SOUTHLAKE CT","NASHVILLE","SOUTH",36.10359,-86.72979,"MOTOR VEHICLE IN TRANSPORT","37211","2020","February","Winter","04","Saturday","Weekend","Injuries","No Fatalities"
9.98015377542755e-314,2020-01-24 11:50:00,2,0,0,NA,"N","ANGLE","RAIN","DARK - LIGHTED","OLD HICKORY BLVD & HIGHWAY 70S","NASHVILLE","WEST",36.07448,-86.92094,"MOTOR VEHICLE IN TRANSPORT","37221","2020","January","Winter","11","Friday","Weekday","No Injuries","No Fatalities"
9.98016352334275e-314,2020-01-31 06:00:00,2,0,0,NA,"N","Front to Rear","RAIN","DARK - LIGHTED","GALLATIN PKEN & NORTHSIDE DR","MADISON","MADISO",36.30643,-86.68639,"MOTOR VEHICLE IN TRANSPORT","37115","2020","January","Winter","06","Friday","Weekday","No Injuries","No Fatalities"
9.9801537833326e-314,2020-01-24 12:00:00,2,0,0,NA,"N","SIDESWIPE - SAME DIRECTION","RAIN","DARK - LIGHTED","4TH AVN & COMMERCE ST","NASHVILLE","CENTRA",36.16238,-86.77808,"MOTOR VEHICLE IN TRANSPORT","37201","2020","January","Winter","12","Friday","Weekday","No Injuries","No Fatalities"
9.98015378827326e-314,2020-01-24 12:10:00,2,0,0,NA,"N","Front to Rear","RAIN","DARK - LIGHTED","MM 52 8 I 24","NASHVILLE","SOUTH",36.12137,-86.72704,"MOTOR VEHICLE IN TRANSPORT","37210","2020","January","Winter","12","Friday","Weekday","No Injuries","No Fatalities"
9.98016353767065e-314,2020-01-31 06:00:00,2,0,0,NA,"Y","SIDESWIPE - SAME DIRECTION","RAIN","DARK - LIGHTED","MM 55 2 I 24","NASHVILLE","SOUTH",36.09187,-86.70454,"MOTOR VEHICLE IN TRANSPORT","37211","2020","January","Winter","06","Friday","Weekday","No Injuries","No Fatalities"
9.98015379420205e-314,2020-01-24 11:51:00,2,1,0,NA,"N","SIDESWIPE - SAME DIRECTION","RAIN","DARK - LIGHTED","MM 213 9 I 40","NASHVILLE","HERMIT",36.14155,-86.71523,"MOTOR VEHICLE IN TRANSPORT","37217","2020","January","Winter","11","Friday","Weekday","Injuries","No Fatalities"
9.98016354606977e-314,2020-02-01 03:33:00,2,0,0,NA,"Y","Front to Rear","RAIN","DARK - LIGHTED","MURFREESBORO PKE & PINEWAY DR","NASHVILLE","SOUTH",36.11529,-86.69473,"MOTOR VEHICLE IN TRANSPORT","37217","2020","February","Winter","03","Saturday","Weekend","No Injuries","No Fatalities"
9.98015379519018e-314,2020-01-24 12:21:00,2,0,0,NA,"N","Front to Rear","RAIN","DAYLIGHT","MM 32 4 I 24","JOELTON","NORTH",36.33555,-86.9103,"MOTOR VEHICLE IN TRANSPORT","37080","2020","January","Winter","12","Friday","Weekday","No Injuries","No Fatalities"
9.98016355496295e-314,2020-02-01 06:00:00,2,0,0,NA,"N","SIDESWIPE - SAME DIRECTION","RAIN","DARK - LIGHTED","MM 55 2 I 24","NASHVILLE","SOUTH",36.09187,-86.70454,"MOTOR VEHICLE IN TRANSPORT","37211","2020","February","Winter","06","Saturday","Weekend","No Injuries","No Fatalities"
9.98015379568424e-314,2020-01-24 12:24:00,3,1,0,NA,"Y","Front to Rear","RAIN","DAYLIGHT","MM 86 5 I 65","NASHVILLE","NORTH",36.19496,-86.77616,"MOTOR VEHICLE IN TRANSPORT","37207","2020","January","Winter","12","Friday","Weekday","Injuries","No Fatalities"
9.98016359844072e-314,2020-02-01 03:40:00,2,0,0,NA,"N","ANGLE","RAIN","DARK - NOT LIGHTED","MM 51 1 I 24","NASHVILLE","SOUTH",36.13043,-86.72767,"MOTOR VEHICLE IN TRANSPORT","37210","2020","February","Winter","03","Saturday","Weekend","No Injuries","No Fatalities"
9.9801538021071e-314,2020-01-24 12:36:00,2,0,0,NA,"N","Front to Rear","RAIN","DAYLIGHT","MM 214 3 I 40","NASHVILLE","HERMIT",36.14267,-86.70838,"MOTOR VEHICLE IN TRANSPORT","37217","2020","January","Winter","12","Friday","Weekday","No Injuries","No Fatalities"
9.98016362314401e-314,2020-02-01 06:06:00,4,0,0,NA,"N","OTHER","RAIN","DARK - LIGHTED","MILLWOOD DR & MURFREESBORO PKE","NASHVILLE","HERMIT",36.13146,-86.71397,"PARKED MOTOR VEHICLE;Set In Motion By Motor Vehicle;Motor Vehicle-In-Motion Outside Trafficw","37217","2020","February","Winter","06","Saturday","Weekend","No Injuries","No Fatalities"
9.98015381297654e-314,2020-01-24 12:34:00,2,2,0,NA,"N","Front to Rear","RAIN","DAWN","I24 W EXT RAMP & I 24","NASHVILLE","SOUTH",36.01379,-86.61936,"MOTOR VEHICLE IN TRANSPORT","37211","2020","January","Winter","12","Friday","Weekday","Injuries","No Fatalities"
9.9801636261084e-314,2020-02-01 05:51:00,1,1,0,NA,"N","NOT COLLISION W/MOTOR VEHICLE-TRANSPORT","RAIN","DARK - LIGHTED","SMITH SPRINGS RD & SMITH SPRINGS RD PVTD","ANTIOCH","SOUTH",36.08108,-86.5909,"GUARDRAIL FACE","37013","2020","February","Winter","05","Saturday","Weekend","Injuries","No Fatalities"
9.98015382582225e-314,2020-01-24 12:40:00,2,0,0,NA,"N","Front to Rear","RAIN","DAWN","MM 214 4 I 40","NASHVILLE","HERMIT",36.14283,-86.70669,"MOTOR VEHICLE IN TRANSPORT","37210","2020","January","Winter","12","Friday","Weekday","No Injuries","No Fatalities"
9.98016365179981e-314,2020-02-01 06:45:00,2,1,0,NA,"N","ANGLE","RAIN","DARK - NOT LIGHTED","LOMBARDY AV & HILLSBORO PKE","NASHVILLE","WEST",36.1207,-86.80797,"MOTOR VEHICLE IN TRANSPORT","37215","2020","February","Winter","06","Saturday","Weekend","Injuries","No Fatalities"