"Accident.Number","Date.and.Time","Number.of.Motor.Vehicles","Number.of.Injuries","Number.of.Fatalities","Property.Damage","Hit.and.Run","Collision.Type.Description","Weather.Description","Illumination.Description","Street.Address","City","Precinct","Latitude","Longitude","HarmfulDescriptions","Zip.Code","Year","Month","Season","Hour","Weekday","DayType","Accident","Fatality_category"
9.98015382730445e-314,2020-01-24 12:52:00,2,0,0,NA,"N","Front to Rear","RAIN","DAYLIGHT","I65 S EXT RAMP & I 65","MADISON","MADISO",36.24102,-86.7501,"MOTOR VEHICLE IN TRANSPORT","37115","2020","January","Winter","12","Friday","Weekday","No Injuries","No Fatalities"
9.98016365229388e-314,2020-02-01 06:30:00,2,0,0,NA,"N","HEAD-ON","RAIN","DARK - LIGHTED","JEANS CT & SCOTT AV","NASHVILLE","EAST",36.19709,-86.73246,"PARKED MOTOR VEHICLE","37216","2020","February","Winter","06","Saturday","Weekend","No Injuries","No Fatalities"
9.98016368638441e-314,2020-02-01 05:50:00,1,0,0,NA,"Y","NOT COLLISION W/MOTOR VEHICLE-TRANSPORT","RAIN","DARK - LIGHTED","APACHE TRL & PACKARD DR","NASHVILLE","SOUTH",36.06507,-86.68581,"H-WAY TRAFFIC SIGNAL POST","37211","2020","February","Winter","05","Saturday","Weekend","No Injuries","No Fatalities"
9.98016370960549e-314,2020-02-01 07:30:00,2,0,0,NA,"Y","Front to Rear","RAIN","DARK - LIGHTED","MM 86 5 I 65","NASHVILLE","NORTH",36.19335,-86.77693,"MOTOR VEHICLE IN TRANSPORT","37207","2020","February","Winter","07","Saturday","Weekend","No Injuries","No Fatalities"
9.98016375011888e-314,2020-02-01 06:00:00,2,0,0,NA,"Y","ANGLE","RAIN","DARK - LIGHTED","STATE HWY 155 & GRANNY WHITE PIKE","NASHVILLE","MIDTOW",36.11163,-86.79263,"MOTOR VEHICLE IN TRANSPORT","37204","2020","February","Winter","06","Saturday","Weekend","No Injuries","No Fatalities"
9.98016378124501e-314,2020-02-01 09:28:00,2,1,0,NA,"Y","OTHER","RAIN","DARK - LIGHTED","MM 79 4 I 65","NASHVILLE","MIDTOW",36.10455,-86.76687,"MOTOR VEHICLE IN TRANSPORT;GUARDRAIL END","37204","2020","February","Winter","09","Saturday","Weekend","Injuries","No Fatalities"
9.98016380347797e-314,2020-02-01 10:05:00,1,1,0,NA,"N","NOT COLLISION W/MOTOR VEHICLE-TRANSPORT","RAIN","DARK - NOT LIGHTED","MM 77 1 I 65","NASHVILLE","MIDTOW",36.07313,-86.7694,"CONCRETE TRAFFIC BARRIER","37220","2020","February","Winter","10","Saturday","Weekend","Injuries","No Fatalities"
9.98016380990082e-314,2020-02-01 10:12:00,1,0,0,NA,"N","NOT COLLISION W/MOTOR VEHICLE-TRANSPORT","RAIN","DARK - LIGHTED","BRILEY PKWY N ENT RAMP & ELM HILL PKE WB","NASHVILLE","HERMIT",36.15285,-86.69067,"CONCRETE TRAFFIC BARRIER","37214","2020","February","Winter","10","Saturday","Weekend","No Injuries","No Fatalities"
9.98016384744981e-314,2020-02-01 11:15:00,2,0,0,NA,"Y","SIDESWIPE - SAME DIRECTION","RAIN","DARK - LIGHTED","MM 57 4 I 24","ANTIOCH","SOUTH",36.06507,-86.68486,"MOTOR VEHICLE IN TRANSPORT","37013","2020","February","Winter","11","Saturday","Weekend","No Injuries","No Fatalities"
9.98016388845726e-314,2020-02-01 12:51:00,2,0,0,NA,"Y","Rear to Side","RAIN","DAYLIGHT","OLD HICKORY BLVD & HICKORY HILLS CT","WHITES CREEK","MADISO",36.27717,-86.79505,"PARKED MOTOR VEHICLE","37189","2020","February","Winter","12","Saturday","Weekend","No Injuries","No Fatalities"
9.9801542853033e-314,2020-01-24 06:00:00,1,2,0,NA,"N","NOT COLLISION W/MOTOR VEHICLE-TRANSPORT","RAIN","DARK - LIGHTED","1800 CEPHAS ST","NASHVILLE","NORTH",36.18182,-86.80626,"UTILITY POLE;Ran Off Road-Left","37208","2020","January","Winter","06","Friday","Weekday","Injuries","No Fatalities"
9.98015456840291e-314,2020-01-25 00:12:00,1,0,0,NA,"N","NOT COLLISION W/MOTOR VEHICLE-TRANSPORT","RAIN","DARK - LIGHTED","MANSFIELD ST & MYRTLE ST","NASHVILLE","EAST",36.18246,-86.75719,"PAVED SURFACE-IRREGULAR","37206","2020","January","Winter","00","Saturday","Weekend","No Injuries","No Fatalities"
9.98015462571453e-314,2020-01-25 00:35:00,2,0,0,NA,"N","Front to Rear","RAIN","DARK - LIGHTED","I40 E EXT RAMP & I 40","NASHVILLE","HERMIT",36.15498,-86.62714,"MOTOR VEHICLE IN TRANSPORT","37214","2020","January","Winter","00","Saturday","Weekend","No Injuries","No Fatalities"
9.98015470328284e-314,2020-01-25 02:41:00,2,0,0,NA,"N","Front to Rear","RAIN","DARK - LIGHTED","BRILEY PKWY & VULTEE BLVD","NASHVILLE","HERMIT",36.12341,-86.69645,"MOTOR VEHICLE IN TRANSPORT","37217","2020","January","Winter","02","Saturday","Weekend","No Injuries","No Fatalities"
9.98015470624723e-314,2020-01-25 02:33:00,2,0,0,NA,"N","ANGLE","RAIN","DARK - LIGHTED","HILLSBORO PKE & CASTLEMAN DR","NASHVILLE","WEST",36.09917,-86.82095,"MOTOR VEHICLE IN TRANSPORT","37215","2020","January","Winter","02","Saturday","Weekend","No Injuries","No Fatalities"
9.98015496661983e-314,2020-01-25 06:45:00,2,1,0,NA,"N","Front to Rear","RAIN","DARK - LIGHTED","OLD HICKORY BLVDW & I65 N ENT RAMP","MADISON","MADISO",36.26427,-86.73613,"MOTOR VEHICLE IN TRANSPORT","37115","2020","January","Winter","06","Saturday","Weekend","Injuries","No Fatalities"
9.98015507926679e-314,2020-01-25 09:10:00,2,1,0,NA,"N","SIDESWIPE - OPPOSITE DIRECTION","RAIN","DARK - LIGHTED","MCGAVOCK PKE & TAMWORTH DR","NASHVILLE","HERMIT",36.16214,-86.68116,"MOTOR VEHICLE IN TRANSPORT","37214","2020","January","Winter","09","Saturday","Weekend","Injuries","No Fatalities"
9.98015677094756e-314,2020-01-27 02:15:00,1,1,0,NA,"N","NOT COLLISION W/MOTOR VEHICLE-TRANSPORT","RAIN","DARK - NOT LIGHTED","OLD HICKORY BLVD & BATTLE RD","ANTIOCH","SOUTH",36.00423,-86.62667,"","37013","2020","January","Winter","02","Monday","Weekday","Injuries","No Fatalities"
9.98015684851587e-314,2020-01-27 04:49:00,2,0,0,NA,"Y","ANGLE","RAIN","Dark-Unknown Lighting","MM 77 5 I 65","NASHVILLE","MIDTOW",36.07746,-86.76652,"MOTOR VEHICLE IN TRANSPORT","37220","2020","January","Winter","04","Monday","Weekday","No Injuries","No Fatalities"
9.98015687371322e-314,2020-01-27 03:25:00,2,1,0,NA,"N","SIDESWIPE - SAME DIRECTION","RAIN","DARK - NOT LIGHTED","MM 212 4 I 40","NASHVILLE","HERMIT",36.14407,-86.73882,"MOTOR VEHICLE IN TRANSPORT","37210","2020","January","Winter","03","Monday","Weekday","Injuries","No Fatalities"
9.98015687519542e-314,2020-01-26 06:00:00,1,0,0,NA,"N","NOT COLLISION W/MOTOR VEHICLE-TRANSPORT","RAIN","DARK - LIGHTED","W TRINITY LN & YOUNGS LN","NASHVILLE","NORTH",36.20402,-86.81862,"FIRE HYDRANT","37207","2020","January","Winter","06","Sunday","Weekend","No Injuries","No Fatalities"
9.98015689940463e-314,2020-01-27 06:01:00,2,0,0,NA,"N","SIDESWIPE - SAME DIRECTION","RAIN","DARK - LIGHTED","MM 86 4 I 65","NASHVILLE","EAST",36.19267,-86.77804,"MOTOR VEHICLE IN TRANSPORT","37207","2020","January","Winter","06","Monday","Weekday","No Injuries","No Fatalities"
9.98015700266435e-314,2020-01-27 08:40:00,2,0,0,NA,"Y","ANGLE","RAIN","DARK - NOT LIGHTED","TRU LONG DR & TRU LONG CT","ANTIOCH","SOUTH",36.0661,-86.59922,"PARKED MOTOR VEHICLE","37013","2020","January","Winter","08","Monday","Weekday","No Injuries","No Fatalities"
9.98015701847445e-314,2020-01-27 06:00:00,1,0,0,NA,"N","NOT COLLISION W/MOTOR VEHICLE-TRANSPORT","RAIN","DARK - LIGHTED","MASHBURN RD & ENNIS RD","NASHVILLE","SOUTH",36.11086,-86.73077,"DITCH;MAIL BOX","37210","2020","January","Winter","06","Monday","Weekday","No Injuries","No Fatalities"
9.98015702390917e-314,2020-01-27 06:00:00,2,1,0,NA,"Y","SIDESWIPE - SAME DIRECTION","RAIN","DARK - LIGHTED","MM 52 4 I 24","NASHVILLE","HERMIT",36.13899,-86.72703,"MOTOR VEHICLE IN TRANSPORT;WALL","37210","2020","January","Winter","06","Monday","Weekday","Injuries","No Fatalities"
9.98015703132016e-314,2020-01-27 09:26:00,1,0,0,NA,"Y","NOT COLLISION W/MOTOR VEHICLE-TRANSPORT","RAIN","DARK - LIGHTED","DICKERSON PKE & HOMESTEAD RD","NASHVILLE","EAST",36.23419,-86.75848,"OVERHEAD SIGN SUPPORT;LUMINAIRE/LIGHT SUPPORT","37207","2020","January","Winter","09","Monday","Weekday","No Injuries","No Fatalities"
9.98016709197891e-314,2020-02-04 09:40:00,2,0,0,NA,"N","Front to Rear","RAIN","DARK - LIGHTED","NOLENSVILLE PKE & WALLACE RD","NASHVILLE","SOUTH",36.07692,-86.72551,"MOTOR VEHICLE IN TRANSPORT","37211","2020","February","Winter","09","Tuesday","Weekday","No Injuries","No Fatalities"
9.98015705108278e-314,2020-01-27 08:45:00,5,0,0,NA,"N","ANGLE","RAIN","DARK - LIGHTED","BAKERTOWN RD & RADER DR","NASHVILLE","SOUTH",36.0736,-86.68961,"PARKED MOTOR VEHICLE","37211","2020","January","Winter","08","Monday","Weekday","No Injuries","No Fatalities"
9.98016712903383e-314,2020-02-04 10:35:00,1,1,0,NA,"N","NOT COLLISION W/MOTOR VEHICLE-TRANSPORT","RAIN","DARK - LIGHTED","MM 87 2 I 65","NASHVILLE","EAST",36.20565,-86.77657,"DITCH","37207","2020","February","Winter","10","Tuesday","Weekday","Injuries","No Fatalities"
9.98016713249229e-314,2020-02-04 06:00:00,1,1,0,NA,"N","NOT COLLISION W/MOTOR VEHICLE-TRANSPORT","RAIN","DARK - LIGHTED","ELLINGTON PKWYN & HART LN","NASHVILLE","EAST",36.21829,-86.74725,"CONCRETE TRAFFIC BARRIER","37216","2020","February","Winter","06","Tuesday","Weekday","Injuries","No Fatalities"
9.98016717646413e-314,2020-02-04 11:45:00,2,0,0,NA,"N","Front to Rear","RAIN","DARK - LIGHTED","DR WALTER S DAVIS BLVD & SCHRADER LN","NASHVILLE","NORTH",36.17244,-86.82816,"MOTOR VEHICLE IN TRANSPORT","37209","2020","February","Winter","11","Tuesday","Weekday","No Injuries","No Fatalities"
9.98016718041666e-314,2020-02-04 11:50:00,1,0,0,NA,"N","NOT COLLISION W/MOTOR VEHICLE-TRANSPORT","RAIN","DARK - LIGHTED","BRILEY PKWY W EXT RAMP & GALLATIN PKES","MADISON","MADISO",36.23597,-86.72434,"UTILITY POLE;WALL","37115","2020","February","Winter","11","Tuesday","Weekday","No Injuries","No Fatalities"
9.98016719425049e-314,2020-02-04 06:00:00,2,1,0,NA,"N","Front to Rear","RAIN","DAWN","MM 38 7 I 24","WHITES CREEK","NORTH",36.30102,-86.81228,"MOTOR VEHICLE IN TRANSPORT","37189","2020","February","Winter","06","Tuesday","Weekday","Injuries","No Fatalities"
9.98016719968522e-314,2020-02-04 12:16:00,2,1,0,NA,"N","Front to Rear","RAIN","DAWN","ASHLAND CITY HWY WB EXT RAMP & ASHLAND C","NASHVILLE","NORTH",36.20973,-86.8727,"MOTOR VEHICLE IN TRANSPORT","37218","2020","February","Winter","12","Tuesday","Weekday","Injuries","No Fatalities"
9.98016720264961e-314,2020-02-04 12:38:00,2,0,0,NA,"N","Front to Rear","RAIN","DAWN","LEBANON PKE & DANYACREST DR","NASHVILLE","HERMIT",36.17992,-86.64388,"MOTOR VEHICLE IN TRANSPORT","37214","2020","February","Winter","12","Tuesday","Weekday","No Injuries","No Fatalities"
9.98016720610807e-314,2020-02-04 12:55:00,2,1,0,NA,"N","ANGLE","RAIN","DAYLIGHT","MM 200 2 I 40","NASHVILLE","WEST",36.12216,-86.90984,"MOTOR VEHICLE IN TRANSPORT","37205","2020","February","Winter","12","Tuesday","Weekday","Injuries","No Fatalities"
9.98016720907246e-314,2020-02-04 12:48:00,2,1,0,NA,"N","ANGLE","RAIN","DAYLIGHT","S HAMILTON RD & RAMP","NASHVILLE","NORTH",36.19309,-86.83169,"MOTOR VEHICLE IN TRANSPORT","37218","2020","February","Winter","12","Tuesday","Weekday","Injuries","No Fatalities"
9.98017404743507e-314,2020-02-10 04:38:00,1,1,0,NA,"Y","NOT COLLISION W/MOTOR VEHICLE-TRANSPORT","RAIN","DARK - LIGHTED","3RD AVS & CHESTNUT ST","NASHVILLE","SOUTH",36.14532,-86.76565,"PEDESTRIAN","37210","2020","February","Winter","04","Monday","Weekday","Injuries","No Fatalities"
9.98017408646625e-314,2020-02-10 05:27:00,1,0,0,NA,"Y","NOT COLLISION W/MOTOR VEHICLE-TRANSPORT","RAIN","DARK - LIGHTED","MM 86 5 I 65","NASHVILLE","NORTH",36.19338,-86.7769,"GUARDRAIL FACE","37207","2020","February","Winter","05","Monday","Weekday","No Injuries","No Fatalities"
9.98017431126612e-314,2020-02-10 10:41:00,2,0,0,NA,"N","SIDESWIPE - SAME DIRECTION","RAIN","DARK - NOT LIGHTED","MM 59 2 I 24","ANTIOCH","SOUTH",36.04673,-86.6617,"MOTOR VEHICLE IN TRANSPORT","37013","2020","February","Winter","10","Monday","Weekday","No Injuries","No Fatalities"
9.98017433004062e-314,2020-02-10 11:10:00,1,0,0,NA,"N","NOT COLLISION W/MOTOR VEHICLE-TRANSPORT","RAIN","DARK - NOT LIGHTED","I24E & I24 W ENT RAMP","NASHVILLE","HERMIT",36.13828,-86.72737,"GUARDRAIL FACE","37210","2020","February","Winter","11","Monday","Weekday","No Injuries","No Fatalities"
9.98017433942786e-314,2020-02-10 06:00:00,1,1,0,NA,"N","NOT COLLISION W/MOTOR VEHICLE-TRANSPORT","RAIN","DARK - LIGHTED","MM 76 7 I 65","NASHVILLE","MIDTOW",36.06656,-86.77073,"CONCRETE TRAFFIC BARRIER","37220","2020","February","Winter","06","Monday","Weekday","Injuries","No Fatalities"
9.98017434832105e-314,2020-02-10 11:40:00,2,0,0,NA,"N","ANGLE","RAIN","DARK - LIGHTED","CLAYMILLE BLVD & MILL STATION DR","NASHVILLE","NORTH",36.23067,-86.80182,"PARKED MOTOR VEHICLE","37207","2020","February","Winter","11","Monday","Weekday","No Injuries","No Fatalities"
9.98017435029731e-314,2020-02-10 11:40:00,2,0,0,NA,"N","Front to Rear","RAIN","DARK - LIGHTED","STEWARTS FERRY & I 40","NASHVILLE","HERMIT",36.15504,-86.626944,"MOTOR VEHICLE IN TRANSPORT","37214","2020","February","Winter","11","Monday","Weekday","No Injuries","No Fatalities"
9.98017435721423e-314,2020-02-10 11:58:00,2,1,0,NA,"N","ANGLE","RAIN","DAWN","OLD HICKORY BLVD & WOODLANDS AV","NASHVILLE","MIDTOW",36.04285,-86.72633,"MOTOR VEHICLE IN TRANSPORT","37211","2020","February","Winter","11","Monday","Weekday","Injuries","No Fatalities"
9.98017436215488e-314,2020-02-10 11:50:00,1,0,0,NA,"N","NOT COLLISION W/MOTOR VEHICLE-TRANSPORT","RAIN","DARK - LIGHTED","ANTIOCH PKE & MILL CREEK BLUE HOLE GRNWY","ANTIOCH","SOUTH",36.06424,-86.67874,"TREE;Ran Off Road-Left","37013","2020","February","Winter","11","Monday","Weekday","No Injuries","No Fatalities"
9.98017436561334e-314,2020-02-10 12:00:00,2,0,0,NA,"N","NOT COLLISION W/MOTOR VEHICLE-TRANSPORT","RAIN","DAYLIGHT","MM 49 0 I 24","NASHVILLE","EAST",36.16558,-86.76408,"UTILITY POLE","37206","2020","February","Winter","12","Monday","Weekday","No Injuries","No Fatalities"
9.98017436660147e-314,2020-02-10 12:10:00,1,1,0,NA,"N","NOT COLLISION W/MOTOR VEHICLE-TRANSPORT","RAIN","DAYLIGHT","DALEMERE DR & OLD HICKORY BLVD","NASHVILLE","MADISO",36.27836,-86.77192,"DITCH","37207","2020","February","Winter","12","Monday","Weekday","Injuries","No Fatalities"
9.9801743690718e-314,2020-02-10 12:20:00,3,1,0,NA,"N","ANGLE","RAIN","DAWN","17TH AVN & CHARLOTTE AV","NASHVILLE","MIDTOW",36.15881,-86.79816,"MOTOR VEHICLE IN TRANSPORT","37203","2020","February","Winter","12","Monday","Weekday","Injuries","No Fatalities"
9.98017437747092e-314,2020-02-10 12:17:00,2,0,0,NA,"N","Front to Rear","RAIN","DAWN","MM 212 9 I 40","NASHVILLE","HERMIT",36.14139,-86.73385,"MOTOR VEHICLE IN TRANSPORT","37210","2020","February","Winter","12","Monday","Weekday","No Injuries","No Fatalities"
9.98017437994125e-314,2020-02-10 12:45:00,2,0,0,NA,"N","Front to Rear","RAIN","DAYLIGHT","OLD HICKORY BLVD & ROCKY LN","NASHVILLE","WEST",36.1085,-86.92244,"MOTOR VEHICLE IN TRANSPORT","37221","2020","February","Winter","12","Monday","Weekday","No Injuries","No Fatalities"
9.98017438043531e-314,2020-02-10 12:36:00,1,0,0,NA,"N","NOT COLLISION W/MOTOR VEHICLE-TRANSPORT","RAIN","DAYLIGHT","MM 60 2 I 24","ANTIOCH","SOUTH",36.0383,-86.6474,"CONCRETE TRAFFIC BARRIER","37013","2020","February","Winter","12","Monday","Weekday","No Injuries","No Fatalities"
9.98017438438784e-314,2020-02-10 12:10:00,2,0,0,NA,"N","Front to Rear","RAIN","DAYLIGHT","MM 77 0 I 65","NASHVILLE","MIDTOW",36.07136,-86.76958,"MOTOR VEHICLE IN TRANSPORT","37220","2020","February","Winter","12","Monday","Weekday","No Injuries","No Fatalities"
9.98017438587003e-314,2020-02-10 12:50:00,1,0,0,NA,"N","NOT COLLISION W/MOTOR VEHICLE-TRANSPORT","RAIN","DAWN","MM 213 0 I 40","NASHVILLE","HERMIT",36.14094,-86.73284,"GUARDRAIL END","37210","2020","February","Winter","12","Monday","Weekday","No Injuries","No Fatalities"
9.98017438834036e-314,2020-02-10 12:38:00,1,1,0,NA,"N","NOT COLLISION W/MOTOR VEHICLE-TRANSPORT","RAIN","DAWN","MM 57 0 I 24","NASHVILLE","SOUTH",36.06927,-86.68947,"CONCRETE TRAFFIC BARRIER","37211","2020","February","Winter","12","Monday","Weekday","Injuries","No Fatalities"
9.98017439130476e-314,2020-02-10 12:24:00,2,0,0,NA,"N","ANGLE","RAIN","DAYLIGHT","LINDSLEY AV & ACADEMY SQ","NASHVILLE","CENTRA",36.15348,-86.76641,"MOTOR VEHICLE IN TRANSPORT","37210","2020","February","Winter","12","Monday","Weekday","No Injuries","No Fatalities"
9.98017441847837e-314,2020-02-10 12:18:00,2,0,0,NA,"N","Front to Rear","RAIN","Dark-Unknown Lighting","NOLENSVILLE PKE & ANTIOCH PKE","NASHVILLE","SOUTH",36.10179,-86.74055,"MOTOR VEHICLE IN TRANSPORT","37211","2020","February","Winter","12","Monday","Weekday","No Injuries","No Fatalities"
9.98017491402621e-314,2020-02-10 06:00:00,2,0,0,NA,"Y","Front to Rear","RAIN","DAYLIGHT","DODSON CHAPEL RD & CENTRAL PKE","HERMITAGE","HERMIT",36.17473,-86.61426,"MOTOR VEHICLE IN TRANSPORT","37076","2020","February","Winter","06","Monday","Weekday","No Injuries","No Fatalities"
9.98017503408416e-314,2020-02-10 06:00:00,1,0,0,NA,"N","NOT COLLISION W/MOTOR VEHICLE-TRANSPORT","RAIN","DARK - LIGHTED","MURFREESBORO PKE & BOWWOOD CT","NASHVILLE","SOUTH",36.12552,-86.70959,"SHRUBBERY","37217","2020","February","Winter","06","Monday","Weekday","No Injuries","No Fatalities"
9.98017503457823e-314,2020-02-11 00:03:00,3,0,0,NA,"N","Front to Rear","RAIN","DARK - LIGHTED","MURFREESBORO PKE & HAMILTON CROSSINGS","ANTIOCH","SOUTH",36.06641,-86.63018,"MOTOR VEHICLE IN TRANSPORT","37013","2020","February","Winter","00","Tuesday","Weekday","No Injuries","No Fatalities"
9.98017504495361e-314,2020-02-11 00:10:00,3,0,0,NA,"N","Front to Rear","RAIN","DARK - LIGHTED","I24E & I24 W EXT RAMP","NASHVILLE","SOUTH",36.13205,-86.72687,"MOTOR VEHICLE IN TRANSPORT","37210","2020","February","Winter","00","Tuesday","Weekday","No Injuries","No Fatalities"
9.98017507509161e-314,2020-02-11 00:55:00,4,0,0,NA,"Y","ANGLE","RAIN","DARK - LIGHTED","GLENMEADE DR & MURRAY CIR","NASHVILLE","EAST",36.20133,-86.72774,"MOTOR VEHICLE IN TRANSPORT;PARKED MOTOR VEHICLE;Motor Vehicle-In-Motion Outside Trafficw","37216","2020","February","Winter","00","Tuesday","Weekday","No Injuries","No Fatalities"
9.98017508793732e-314,2020-02-11 00:57:00,2,1,0,NA,"N","Front to Rear","RAIN","DARK - LIGHTED","MURFREESBORO PKE & LAKEVILLA DR","ANTIOCH","SOUTH",36.07671,-86.64088,"MOTOR VEHICLE IN TRANSPORT","37013","2020","February","Winter","00","Tuesday","Weekday","Injuries","No Fatalities"
9.98017508843138e-314,2020-02-11 01:08:00,5,0,0,NA,"N","Front to Rear","RAIN","DARK - LIGHTED","MM 1 8 I 440","NASHVILLE","WEST",36.13202,-86.81843,"MOTOR VEHICLE IN TRANSPORT","37205","2020","February","Winter","01","Tuesday","Weekday","No Injuries","No Fatalities"
9.98017510868807e-314,2020-02-11 00:49:00,2,0,0,NA,"N","NOT COLLISION W/MOTOR VEHICLE-TRANSPORT","RAIN","DARK - LIGHTED","5497 CLARKSVILLE PKE","NASHVILLE","NORTH",36.27838,-86.87253,"PARKED MOTOR VEHICLE;OTHER OBJECT (NOT FIXED)","37218","2020","February","Winter","00","Tuesday","Weekday","No Injuries","No Fatalities"
9.9801751141228e-314,2020-02-11 00:54:00,1,0,0,NA,"N","NOT COLLISION W/MOTOR VEHICLE-TRANSPORT","RAIN","DARK - LIGHTED","NOLENSVILLE PKE & VERITAS ST","NASHVILLE","SOUTH",36.09774,-86.73848,"UTILITY POLE;CURB;FENCE;FIRE HYDRANT;Ran Off Road-Right","37211","2020","February","Winter","00","Tuesday","Weekday","No Injuries","No Fatalities"
9.98017512746257e-314,2020-02-11 01:19:00,2,0,0,NA,"N","ANGLE","RAIN","DARK - LIGHTED","9TH AVE N & REV DR ENOCH JONES BLVD","NASHVILLE","NORTH",36.17354,-86.79274,"MOTOR VEHICLE IN TRANSPORT","37208","2020","February","Winter","01","Tuesday","Weekday","No Injuries","No Fatalities"
9.98017516254123e-314,2020-02-11 02:23:00,2,1,0,NA,"N","Front to Rear","RAIN","DARK - LIGHTED","RANSOM PL & MURFREESBORO PKE","NASHVILLE","SOUTH",36.08907,-86.64999,"MOTOR VEHICLE IN TRANSPORT","37217","2020","February","Winter","02","Tuesday","Weekday","Injuries","No Fatalities"
9.98017517390474e-314,2020-02-11 02:00:00,3,0,0,NA,"N","SIDESWIPE - SAME DIRECTION","RAIN","DARK - LIGHTED","MM 80 3 I 65","NASHVILLE","MIDTOW",36.11727,-86.77365,"MOTOR VEHICLE IN TRANSPORT","37204","2020","February","Winter","02","Tuesday","Weekday","No Injuries","No Fatalities"
9.98017522874603e-314,2020-02-11 03:22:00,2,0,0,NA,"N","Front to Rear","RAIN","DARK - LIGHTED","I65 N ENT RAMP & I 65","NASHVILLE","EAST",36.04042,-86.78097,"MOTOR VEHICLE IN TRANSPORT","37207","2020","February","Winter","03","Tuesday","Weekday","No Injuries","No Fatalities"
9.98017527321193e-314,2020-02-11 04:30:00,2,0,0,NA,"N","ANGLE","RAIN","DARK - LIGHTED","21ST AVN & CHURCH ST","NASHVILLE","MIDTOW",36.15212,-86.80247,"MOTOR VEHICLE IN TRANSPORT","37203","2020","February","Winter","04","Tuesday","Weekday","No Injuries","No Fatalities"
9.9801752751882e-314,2020-02-11 04:50:00,3,2,0,NA,"N","ANGLE","RAIN","DARK - LIGHTED","OLD HICKORY BLVD & FIRESTONE PKWY","ANTIOCH","SOUTH",36.01645,-86.61998,"MOTOR VEHICLE IN TRANSPORT","37013","2020","February","Winter","04","Tuesday","Weekday","Injuries","No Fatalities"
9.98017527617633e-314,2020-02-11 04:52:00,2,1,0,NA,"N","ANGLE","RAIN","DARK - LIGHTED","STATE HWY 254 & HICKORY PARK DR","ANTIOCH","SOUTH",36.04494,-86.67085,"MOTOR VEHICLE IN TRANSPORT","37013","2020","February","Winter","04","Tuesday","Weekday","Injuries","No Fatalities"
9.98017529297456e-314,2020-02-11 05:19:00,2,0,0,NA,"N","Rear to Side","RAIN","DARK - LIGHTED","BELL RD & HICKORY PARK DR","ANTIOCH","SOUTH",36.04503,-86.67119,"MOTOR VEHICLE IN TRANSPORT","37013","2020","February","Winter","05","Tuesday","Weekday","No Injuries","No Fatalities"
9.98017531817191e-314,2020-02-11 05:30:00,2,0,0,NA,"Y","ANGLE","RAIN","DARK - NOT LIGHTED","FAIRFIELD AV & ROBERTSON ST","NASHVILLE","HERMIT",36.14926,-86.75727,"PARKED MOTOR VEHICLE;UNKNOWN MOST HARMFUL EVENT","37210","2020","February","Winter","05","Tuesday","Weekday","No Injuries","No Fatalities"
9.9801753542387e-314,2020-02-11 06:25:00,1,0,0,NA,"N","NOT COLLISION W/MOTOR VEHICLE-TRANSPORT","RAIN","DARK - NOT LIGHTED","MM 208 9 I 40","NASHVILLE","CENTRA",36.15861,-86.79137,"CONCRETE TRAFFIC BARRIER","37203","2020","February","Winter","06","Tuesday","Weekday","No Injuries","No Fatalities"
9.98017536757847e-314,2020-02-11 06:00:00,1,0,0,NA,"Y","NOT COLLISION W/MOTOR VEHICLE-TRANSPORT","RAIN","DARK - LIGHTED","I24 W EXT RAMP & I 24","NASHVILLE","SOUTH",36.10853,-86.72026,"GUARDRAIL END","37211","2020","February","Winter","06","Tuesday","Weekday","No Injuries","No Fatalities"
9.98017537350726e-314,2020-02-11 06:53:00,2,0,0,NA,"Y","Front to Rear","RAIN","DARK - NOT LIGHTED","MM 49 3 I 24","NASHVILLE","EAST",36.16203,-86.76098,"MOTOR VEHICLE IN TRANSPORT","37206","2020","February","Winter","06","Tuesday","Weekday","No Injuries","No Fatalities"
9.98017539277582e-314,2020-02-11 07:17:00,2,0,0,NA,"N","SIDESWIPE - SAME DIRECTION","RAIN","DARK - LIGHTED","OLD HICKORY BLVD & LOGISTICS WAY","ANTIOCH","SOUTH",36.02573,-86.61579,"MOTOR VEHICLE IN TRANSPORT;EMBANKMENT ROCK/STONE/CONCRETE","37013","2020","February","Winter","07","Tuesday","Weekday","No Injuries","No Fatalities"
9.98017541056218e-314,2020-02-11 07:50:00,2,1,0,NA,"N","ANGLE","RAIN","DARK - NOT LIGHTED","MM 213 0 I 40","NASHVILLE","HERMIT",36.14052,-86.73165,"MOTOR VEHICLE IN TRANSPORT","37210","2020","February","Winter","07","Tuesday","Weekday","Injuries","No Fatalities"
9.98017541698504e-314,2020-02-11 08:06:00,1,1,0,NA,"N","NOT COLLISION W/MOTOR VEHICLE-TRANSPORT","RAIN","DARK - LIGHTED","MM 55 4 I 24","NASHVILLE","SOUTH",36.09012,-86.70312,"DITCH","37211","2020","February","Winter","08","Tuesday","Weekday","Injuries","No Fatalities"
9.98017543032481e-314,2020-02-11 08:12:00,1,0,0,NA,"N","NOT COLLISION W/MOTOR VEHICLE-TRANSPORT","RAIN","DARK - LIGHTED","MM 54 4 I 24","NASHVILLE","SOUTH",36.1024,-86.71363,"CONCRETE TRAFFIC BARRIER","37211","2020","February","Winter","08","Tuesday","Weekday","No Injuries","No Fatalities"