"Accident.Number","Date.and.Time","Number.of.Motor.Vehicles","Number.of.Injuries","Number.of.Fatalities","Property.Damage","Hit.and.Run","Collision.Type.Description","Weather.Description","Illumination.Description","Street.Address","City","Precinct","Latitude","Longitude","HarmfulDescriptions","Zip.Code","Year","Month","Season","Hour","Weekday","DayType","Accident","Fatality_category"
9.98017543279514e-314,2020-02-11 08:20:00,1,0,0,NA,"N","NOT COLLISION W/MOTOR VEHICLE-TRANSPORT","RAIN","DARK - LIGHTED","ELM HILL PKE & MCGAVOCK PKE","NASHVILLE","HERMIT",36.1531,-86.68413,"OTHER POST, POLE, SUPP.","37214","2020","February","Winter","08","Tuesday","Weekday","No Injuries","No Fatalities"
9.9801754678738e-314,2020-02-11 09:39:00,1,1,0,NA,"N","NOT COLLISION W/MOTOR VEHICLE-TRANSPORT","RAIN","DARK - LIGHTED","4424 LEBANON PKE","HERMITAGE","HERMIT",36.21607,-86.59901,"OTHER POST, POLE, SUPP.","37076","2020","February","Winter","09","Tuesday","Weekday","Injuries","No Fatalities"
9.98017546886193e-314,2020-02-11 09:30:00,1,0,0,NA,"N","NOT COLLISION W/MOTOR VEHICLE-TRANSPORT","RAIN","DARK - LIGHTED","MM 209 0 I 40","NASHVILLE","CENTRA",36.1582,-86.79125,"GUARDRAIL FACE","37203","2020","February","Winter","09","Tuesday","Weekday","No Injuries","No Fatalities"
9.98017555779375e-314,2020-02-11 06:00:00,2,0,0,NA,"Y","Front to Rear","RAIN","DARK - LIGHTED","MM 86 8 I 65","NASHVILLE","NORTH",36.19916,-86.77654,"MOTOR VEHICLE IN TRANSPORT","37207","2020","February","Winter","06","Tuesday","Weekday","No Injuries","No Fatalities"
9.98017556026408e-314,2020-02-11 11:45:00,2,0,0,NA,"Y","ANGLE","RAIN","DARK - LIGHTED","STATE RT 45 & KATE ST","MADISON","MADISO",36.26391,-86.70741,"MOTOR VEHICLE IN TRANSPORT","37115","2020","February","Winter","11","Tuesday","Weekday","No Injuries","No Fatalities"
9.98017557014539e-314,2020-02-11 11:35:00,3,0,0,NA,"N","Front to Rear","RAIN","DARK - LIGHTED","MM 87 0 I 65","NASHVILLE","EAST",36.20145,-86.77684,"MOTOR VEHICLE IN TRANSPORT","37207","2020","February","Winter","11","Tuesday","Weekday","No Injuries","No Fatalities"
9.98017558644955e-314,2020-02-11 12:45:00,2,0,0,NA,"N","ANGLE","RAIN","DAYLIGHT","HILLSBORO PKE & HAMPTON PL","NASHVILLE","WEST",36.11508,-86.81071,"MOTOR VEHICLE IN TRANSPORT","37215","2020","February","Winter","12","Tuesday","Weekday","No Injuries","No Fatalities"
9.98017559386054e-314,2020-02-11 12:25:00,2,0,0,NA,"N","ANGLE","RAIN","DAYLIGHT","OLD HICKORY BLVD & EAST PARK DR","BRENTWOOD","MIDTOW",36.03747,-86.79098,"MOTOR VEHICLE IN TRANSPORT;SHRUBBERY","37027","2020","February","Winter","12","Tuesday","Weekday","No Injuries","No Fatalities"
9.98017560670625e-314,2020-02-11 12:56:00,2,0,0,NA,"N","Front to Rear","RAIN","DAWN","MM 54 6 I 24","NASHVILLE","SOUTH",36.09929,-86.71058,"MOTOR VEHICLE IN TRANSPORT","37211","2020","February","Winter","12","Tuesday","Weekday","No Injuries","No Fatalities"
9.98017560917657e-314,2020-02-11 11:59:00,2,0,0,NA,"N","ANGLE","RAIN","DAWN","MM 212 3 I 40","NASHVILLE","HERMIT",36.14442,-86.73942,"MOTOR VEHICLE IN TRANSPORT","37210","2020","February","Winter","11","Tuesday","Weekday","No Injuries","No Fatalities"
9.98016722636476e-314,2020-02-04 12:26:00,2,0,0,NA,"N","Front to Rear","RAIN","DAWN","CENTRAL PKE & TULIP GROVE RD","HERMITAGE","HERMIT",36.17248,-86.59511,"MOTOR VEHICLE IN TRANSPORT","37076","2020","February","Winter","12","Tuesday","Weekday","No Injuries","No Fatalities"
9.98016722685883e-314,2020-02-04 12:33:00,2,0,0,NA,"N","Front to Rear","RAIN","DAWN","LEBANON PKE & SHUTE LN","HERMITAGE","HERMIT",36.21461,-86.60466,"MOTOR VEHICLE IN TRANSPORT","37076","2020","February","Winter","12","Tuesday","Weekday","No Injuries","No Fatalities"
9.98016723081135e-314,2020-02-04 12:50:00,2,0,0,NA,"Y","SIDESWIPE - SAME DIRECTION","RAIN","DAWN","MM 212 0 I 40","NASHVILLE","HERMIT",36.14682,-86.74332,"MOTOR VEHICLE IN TRANSPORT","37210","2020","February","Winter","12","Tuesday","Weekday","No Injuries","No Fatalities"
9.98018362539168e-314,2020-02-18 08:15:00,1,0,0,NA,"N","NOT COLLISION W/MOTOR VEHICLE-TRANSPORT","RAIN","DARK - LIGHTED","UNA ANTIOCH PKE & RICHARDS RD","ANTIOCH","SOUTH",36.06723,-86.66167,"DITCH","37013","2020","February","Winter","08","Tuesday","Weekday","No Injuries","No Fatalities"
9.98018365651781e-314,2020-02-18 09:15:00,2,1,0,NA,"N","ANGLE","RAIN","DARK - LIGHTED","DR DB TODD JR BLVD & JEFFERSON ST","NASHVILLE","NORTH",36.1695,-86.80662,"MOTOR VEHICLE IN TRANSPORT","37208","2020","February","Winter","09","Tuesday","Weekday","Injuries","No Fatalities"
9.98018365800001e-314,2020-02-18 09:27:00,1,0,0,NA,"N","NOT COLLISION W/MOTOR VEHICLE-TRANSPORT","RAIN","DARK - NOT LIGHTED","MT VIEW RD & BABY RUTH LN","ANTIOCH","SOUTH",36.04317,-86.64041,"DITCH","37013","2020","February","Winter","09","Tuesday","Weekday","No Injuries","No Fatalities"
9.98018369307867e-314,2020-02-18 10:11:00,1,0,0,NA,"N","NOT COLLISION W/MOTOR VEHICLE-TRANSPORT","RAIN","DARK - LIGHTED","LEBANON PKE & YMCA CNCTR","NASHVILLE","HERMIT",36.17404,-86.64751,"DEER (ANIMAL)","37214","2020","February","Winter","10","Tuesday","Weekday","No Injuries","No Fatalities"
9.98018374495556e-314,2020-02-18 11:45:00,1,1,0,NA,"Y","NOT COLLISION W/MOTOR VEHICLE-TRANSPORT","RAIN","DARK - LIGHTED","GARFIELD ST & ROSA L PARKS BLVD","NASHVILLE","NORTH",36.18059,-86.79635,"PEDESTRIAN","37208","2020","February","Winter","11","Tuesday","Weekday","Injuries","No Fatalities"
9.98018374791996e-314,2020-02-18 11:50:00,2,0,0,NA,"N","HEAD-ON","RAIN","DARK - LIGHTED","18TH AVN & STATE ST","NASHVILLE","MIDTOW",36.156,-86.79826,"MOTOR VEHICLE IN TRANSPORT","37203","2020","February","Winter","11","Tuesday","Weekday","No Injuries","No Fatalities"
9.98018375631907e-314,2020-02-18 12:02:00,2,0,0,NA,"N","Front to Rear","RAIN","DAYLIGHT","MM 59 2 I 24","ANTIOCH","SOUTH",36.04715,-86.66241,"MOTOR VEHICLE IN TRANSPORT","37013","2020","February","Winter","12","Tuesday","Weekday","No Injuries","No Fatalities"
9.98018377212917e-314,2020-02-18 12:33:00,2,0,0,NA,"N","ANGLE","RAIN","DAYLIGHT","DICKERSON PKE & OAK VALLEY DR","NASHVILLE","EAST",36.231,-86.759,"MOTOR VEHICLE IN TRANSPORT","37207","2020","February","Winter","12","Tuesday","Weekday","No Injuries","No Fatalities"
9.98018377706983e-314,2020-02-18 12:50:00,2,0,0,NA,"N","Front to Rear","RAIN","DAYLIGHT","MM 192 7 I 40","NASHVILLE","WEST",36.07695,-87.01754,"MOTOR VEHICLE IN TRANSPORT","37221","2020","February","Winter","12","Tuesday","Weekday","No Injuries","No Fatalities"
9.98018378102236e-314,2020-02-18 11:52:00,2,0,0,NA,"N","Front to Rear","RAIN","DARK - LIGHTED","8TH AVS & KOREAN VETERANS BLVD","NASHVILLE","CENTRA",36.15489,-86.77915,"MOTOR VEHICLE IN TRANSPORT","37203","2020","February","Winter","11","Tuesday","Weekday","No Injuries","No Fatalities"
9.98018378250455e-314,2020-02-18 12:35:00,2,0,0,NA,"N","SIDESWIPE - SAME DIRECTION","RAIN","DAYLIGHT","MM 87 7 I 65","NASHVILLE","EAST",36.21137,-86.77586,"MOTOR VEHICLE IN TRANSPORT","37207","2020","February","Winter","12","Tuesday","Weekday","No Injuries","No Fatalities"
9.98018378497488e-314,2020-02-18 12:51:00,3,1,0,NA,"N","HEAD-ON","RAIN","DAWN","CENTRAL PKE & VALLEY GROVE DR","HERMITAGE","HERMIT",36.17196,-86.59167,"MOTOR VEHICLE IN TRANSPORT","37076","2020","February","Winter","12","Tuesday","Weekday","Injuries","No Fatalities"
9.98018378942147e-314,2020-02-18 12:55:00,2,1,0,NA,"N","Front to Rear","RAIN","DAYLIGHT","BELL RD & BELL RD PVTDR","HERMITAGE","HERMIT",36.15375,-86.62212,"MOTOR VEHICLE IN TRANSPORT","37076","2020","February","Winter","12","Tuesday","Weekday","Injuries","No Fatalities"
9.98018382944079e-314,2020-02-18 12:55:00,2,0,0,NA,"N","SIDESWIPE - SAME DIRECTION","RAIN","DAYLIGHT","MM 212 0 I 40","NASHVILLE","HERMIT",36.1472,-86.7436,"MOTOR VEHICLE IN TRANSPORT","37210","2020","February","Winter","12","Tuesday","Weekday","No Injuries","No Fatalities"
9.98018387588296e-314,2020-02-18 12:55:00,2,0,0,NA,"N","Front to Rear","RAIN","DAYLIGHT","CENTRAL PKE ENT RAMP & CENTRAL PKE","HERMITAGE","HERMIT",36.174,-86.60536,"MOTOR VEHICLE IN TRANSPORT","37076","2020","February","Winter","12","Tuesday","Weekday","No Injuries","No Fatalities"
9.98018396432071e-314,2020-02-18 06:00:00,1,1,0,NA,"N","NOT COLLISION W/MOTOR VEHICLE-TRANSPORT","RAIN","DAYLIGHT","I40 W ENT RAMP & I 40","NASHVILLE","HERMIT",36.16276,-86.79325,"GUARDRAIL FACE;WALL","37210","2020","February","Winter","06","Tuesday","Weekday","Injuries","No Fatalities"
9.98018416688763e-314,2020-02-18 06:00:00,2,0,0,NA,"Y","UNKNOWN","RAIN","DAYLIGHT","N 12TH ST & FORREST AV","NASHVILLE","EAST",36.1778,-86.7484,"MOTOR VEHICLE IN TRANSPORT;PARKED MOTOR VEHICLE","37206","2020","February","Winter","06","Tuesday","Weekday","No Injuries","No Fatalities"
9.98018422222298e-314,2020-02-18 06:00:00,2,0,0,NA,"Y","UNKNOWN","RAIN","DAYLIGHT","WEDGEWOOD AV & 12TH AVS","NASHVILLE","MIDTOW",36.13642,-86.7889,"PARKED MOTOR VEHICLE","37203","2020","February","Winter","06","Tuesday","Weekday","No Injuries","No Fatalities"
9.98018443368307e-314,2020-02-18 06:00:00,2,0,0,NA,"N","ANGLE","RAIN","DARK - LIGHTED","S 5TH ST & SPRING ST","NASHVILLE","EAST",36.17252,-86.76516,"MOTOR VEHICLE IN TRANSPORT","37206","2020","February","Winter","06","Tuesday","Weekday","No Injuries","No Fatalities"
9.98018443516527e-314,2020-02-18 06:00:00,2,0,0,NA,"N","Front to Rear","RAIN","DARK - LIGHTED","DICKERSON PKE & SKYLINE COMMONS PVTDR","NASHVILLE","MADISO",36.24666,-86.75661,"MOTOR VEHICLE IN TRANSPORT","37207","2020","February","Winter","06","Tuesday","Weekday","No Injuries","No Fatalities"
9.98018447370239e-314,2020-02-19 00:56:00,3,3,0,NA,"N","Front to Rear","RAIN","DARK - LIGHTED","I24 W ENT RAMP & I 24","NASHVILLE","EAST",36.1314,-86.72673,"MOTOR VEHICLE IN TRANSPORT","37206","2020","February","Winter","00","Wednesday","Weekday","Injuries","No Fatalities"
9.98018449395908e-314,2020-02-19 00:01:00,2,0,0,NA,"Y","SIDESWIPE - SAME DIRECTION","RAIN","DARK - LIGHTED","MM 49 3 I 24","NASHVILLE","EAST",36.16257,-86.76114,"MOTOR VEHICLE IN TRANSPORT","37206","2020","February","Winter","00","Wednesday","Weekday","No Injuries","No Fatalities"
9.98018451273358e-314,2020-02-19 00:15:00,2,0,0,NA,"N","ANGLE","RAIN","DARK - LIGHTED","EDMONDSON PKE & HOLT RD","BRENTWOOD","MIDTOW",36.01559,-86.7406,"MOTOR VEHICLE IN TRANSPORT","37027","2020","February","Winter","00","Wednesday","Weekday","No Injuries","No Fatalities"
9.98018451322764e-314,2020-02-19 00:33:00,2,0,0,NA,"Y","Front to Rear","RAIN","DARK - LIGHTED","I440 E ENT RAMP & I 440","NASHVILLE","WEST",36.12363,-86.74778,"MOTOR VEHICLE IN TRANSPORT","37205","2020","February","Winter","00","Wednesday","Weekday","No Injuries","No Fatalities"
9.98018454484784e-314,2020-02-19 00:28:00,2,1,0,NA,"Y","Front to Rear","RAIN","DARK - NOT LIGHTED","MURFREESBORO PKE & OLD HICKORY BLVD","ANTIOCH","SOUTH",36.0394,-86.60299,"MOTOR VEHICLE IN TRANSPORT","37013","2020","February","Winter","00","Wednesday","Weekday","Injuries","No Fatalities"
9.98018454534191e-314,2020-02-19 00:58:00,2,4,0,NA,"N","ANGLE","RAIN","DARK - LIGHTED","MURFREESBORO PKE & RURAL HILL RD","ANTIOCH","SOUTH",36.07448,-86.63865,"MOTOR VEHICLE IN TRANSPORT","37013","2020","February","Winter","00","Wednesday","Weekday","Injuries","No Fatalities"
9.9801845483063e-314,2020-02-19 00:40:00,2,0,0,NA,"Y","Front to Rear","RAIN","DARK - LIGHTED","BLAIR BLVD & US HWY 431","NASHVILLE","MIDTOW",36.13048,-86.80257,"MOTOR VEHICLE IN TRANSPORT","37212","2020","February","Winter","00","Wednesday","Weekday","No Injuries","No Fatalities"
9.98018456461047e-314,2020-02-18 06:00:00,2,0,0,NA,"Y","UNKNOWN","RAIN","DARK - LIGHTED","NEWHALL DR & BRITTANY DR","NASHVILLE","EAST",36.17592,-86.72313,"MOTOR VEHICLE IN TRANSPORT;PARKED MOTOR VEHICLE","37206","2020","February","Winter","06","Tuesday","Weekday","No Injuries","No Fatalities"
9.98018463476779e-314,2020-02-19 00:17:00,2,0,0,NA,"N","Front to Rear","RAIN","DAYLIGHT","CHESTNUT ST & 4TH AVS","NASHVILLE","SOUTH",36.14507,-86.76635,"MOTOR VEHICLE IN TRANSPORT","37210","2020","February","Winter","00","Wednesday","Weekday","No Injuries","No Fatalities"
9.98018662091169e-314,2020-02-20 06:00:00,2,0,0,NA,"Y","SIDESWIPE - SAME DIRECTION","RAIN","DAYLIGHT","MM 79 5 I 65","NASHVILLE","MIDTOW",36.10708,-86.76833,"MOTOR VEHICLE IN TRANSPORT","37204","2020","February","Winter","06","Thursday","Weekday","No Injuries","No Fatalities"
9.9801866811877e-314,2020-02-20 06:00:00,2,0,0,NA,"N","SIDESWIPE - SAME DIRECTION","RAIN","DAYLIGHT","MM 88 0 I 65","NASHVILLE","EAST",36.2165,-86.77524,"MOTOR VEHICLE IN TRANSPORT","37207","2020","February","Winter","06","Thursday","Weekday","No Injuries","No Fatalities"
9.98018676567292e-314,2020-02-20 06:00:00,2,0,0,NA,"N","SIDESWIPE - SAME DIRECTION","RAIN","DAYLIGHT","MM 210 5 I 40","NASHVILLE","HERMIT",36.15175,-86.76824,"MOTOR VEHICLE IN TRANSPORT","37210","2020","February","Winter","06","Thursday","Weekday","No Injuries","No Fatalities"
9.98017674651569e-314,2020-02-12 08:19:00,1,0,0,NA,"N","NOT COLLISION W/MOTOR VEHICLE-TRANSPORT","RAIN","DARK - NOT LIGHTED","I65 S ENT RAMP & I 65","NASHVILLE","NORTH",36.1921,-86.77993,"GUARDRAIL FACE","37207","2020","February","Winter","08","Wednesday","Weekday","No Injuries","No Fatalities"
9.9801767766537e-314,2020-02-12 08:56:00,2,1,0,NA,"Y","SIDESWIPE - SAME DIRECTION","RAIN","DARK - LIGHTED","BROADWAY & 12TH AVS","NASHVILLE","CENTRA",36.15664,-86.78735,"MOTOR VEHICLE IN TRANSPORT","37203","2020","February","Winter","08","Wednesday","Weekday","Injuries","No Fatalities"
9.98017686904397e-314,2020-02-12 11:30:00,1,0,0,NA,"N","NOT COLLISION W/MOTOR VEHICLE-TRANSPORT","RAIN","DARK - LIGHTED","SMITH SPRINGS RD & UNA RECREATION RD","NASHVILLE","HERMIT",36.0968,-86.64578,"CURB","37217","2020","February","Winter","11","Wednesday","Weekday","No Injuries","No Fatalities"
9.98017689275912e-314,2020-02-12 12:04:00,3,1,0,NA,"N","Front to Rear","RAIN","DAYLIGHT","MM 59 4 I 24","ANTIOCH","SOUTH",36.04536,-86.65884,"MOTOR VEHICLE IN TRANSPORT","37013","2020","February","Winter","12","Wednesday","Weekday","Injuries","No Fatalities"
9.98017691301581e-314,2020-02-12 06:00:00,3,0,0,NA,"Y","NOT COLLISION W/MOTOR VEHICLE-TRANSPORT","RAIN","DAYLIGHT","WHITES CREEK PKE & W GREEN LN","NASHVILLE","NORTH",36.23741,-86.8178,"THROWN OR FALLING OBJECT;DEER (ANIMAL)","37207","2020","February","Winter","06","Wednesday","Weekday","No Injuries","No Fatalities"
9.9801769174624e-314,2020-02-12 12:30:00,2,0,0,NA,"N","Front to Rear","RAIN","DAWN","STEWARTS FERRY PKE & I40 W EXT RAMP","NASHVILLE","HERMIT",36.15645,-86.63131,"MOTOR VEHICLE IN TRANSPORT","37214","2020","February","Winter","12","Wednesday","Weekday","No Injuries","No Fatalities"
9.98017692339119e-314,2020-02-12 12:37:00,2,0,0,NA,"Y","Front to Rear","RAIN","DAWN","EAGLE VIEW BLVD & BELL RD","ANTIOCH","SOUTH",36.05158,-86.64455,"PARKED MOTOR VEHICLE;Down Hill-Run Away","37013","2020","February","Winter","12","Wednesday","Weekday","No Injuries","No Fatalities"
9.98017693277844e-314,2020-02-12 12:33:00,2,0,0,NA,"N","ANGLE","RAIN","DAYLIGHT","BRILEY PKWYE & I24 W EXT RAMP","NASHVILLE","MADISO",36.23816,-86.7824,"MOTOR VEHICLE IN TRANSPORT","37207","2020","February","Winter","12","Wednesday","Weekday","No Injuries","No Fatalities"
9.98017736953247e-314,2020-02-12 06:00:00,2,0,0,NA,"N","Front to Rear","RAIN","DAYLIGHT","US HWY 41 ALT & ATHENS WAY","NASHVILLE","NORTH",36.19294,-86.80143,"MOTOR VEHICLE IN TRANSPORT","37228","2020","February","Winter","06","Wednesday","Weekday","No Injuries","No Fatalities"
9.98017742387969e-314,2020-02-12 06:00:00,2,0,0,NA,"N","Front to Rear","RAIN","DAYLIGHT","N 1ST ST & DICKERSON PKE ENT RAMP","NASHVILLE","CENTRA",36.18054,-86.77422,"MOTOR VEHICLE IN TRANSPORT","37207","2020","February","Winter","06","Wednesday","Weekday","No Injuries","No Fatalities"
9.98017753257413e-314,2020-02-13 00:09:00,2,0,0,NA,"N","HEAD-ON","RAIN","DARK - NOT LIGHTED","OLD HICKORY BLVD & LOGISTICS WAY","ANTIOCH","SOUTH",36.0263,-86.61561,"MOTOR VEHICLE IN TRANSPORT","37013","2020","February","Winter","00","Thursday","Weekday","No Injuries","No Fatalities"
9.9801775345504e-314,2020-02-13 00:11:00,2,0,0,NA,"N","Front to Rear","RAIN","DARK - LIGHTED","MM 215 7 I 40","NASHVILLE","HERMIT",36.14257,-86.68259,"MOTOR VEHICLE IN TRANSPORT","37217","2020","February","Winter","00","Thursday","Weekday","No Injuries","No Fatalities"
9.98017753800886e-314,2020-02-13 00:14:00,1,1,0,NA,"N","NOT COLLISION W/MOTOR VEHICLE-TRANSPORT","RAIN","DARK - LIGHTED","EDGEHILL AV & 12TH AVS","NASHVILLE","MIDTOW",36.14274,-86.78703,"PEDESTRIAN","37203","2020","February","Winter","00","Thursday","Weekday","Injuries","No Fatalities"
9.9801775488783e-314,2020-02-13 00:24:00,2,0,0,NA,"Y","Rear to Side","RAIN","DARK - LIGHTED","MURFREESBORO PIKE & RANSOM PL","NASHVILLE","HERMIT",36.08863,-86.64973,"MOTOR VEHICLE IN TRANSPORT","37217","2020","February","Winter","00","Thursday","Weekday","No Injuries","No Fatalities"
9.98017755678335e-314,2020-02-13 00:32:00,2,2,0,NA,"N","ANGLE","RAIN","DARK - LIGHTED","HIGHWAY 70S & BELLEVUE CTR PVTDR","NASHVILLE","WEST",36.07745,-86.94714,"MOTOR VEHICLE IN TRANSPORT","37221","2020","February","Winter","00","Thursday","Weekday","Injuries","No Fatalities"
9.98017755974774e-314,2020-02-12 06:00:00,2,0,0,NA,"Y","SIDESWIPE - SAME DIRECTION","RAIN","DARK - LIGHTED","MM 1 7 I 440","NASHVILLE","NORTH",36.1543,-86.82254,"MOTOR VEHICLE IN TRANSPORT","37209","2020","February","Winter","06","Wednesday","Weekday","No Injuries","No Fatalities"
9.98017757160532e-314,2020-02-13 00:40:00,2,0,0,NA,"N","ANGLE","RAIN","DARK - LIGHTED","CHARLOTTE AV & 16TH AVN","NASHVILLE","MIDTOW",36.15961,-86.79626,"MOTOR VEHICLE IN TRANSPORT","37203","2020","February","Winter","00","Thursday","Weekday","No Injuries","No Fatalities"
9.98017757753411e-314,2020-02-13 00:40:00,2,0,0,NA,"N","ANGLE","RAIN","DARK - LIGHTED","US HWY 31W & CLEVELAND ST","NASHVILLE","EAST",36.18649,-86.77346,"MOTOR VEHICLE IN TRANSPORT","37207","2020","February","Winter","00","Thursday","Weekday","No Injuries","No Fatalities"
9.98017758593322e-314,2020-02-13 00:55:00,1,1,0,NA,"N","NOT COLLISION W/MOTOR VEHICLE-TRANSPORT","RAIN","DARK - LIGHTED","ACKLEN AV & 12TH AVS","NASHVILLE","MIDTOW",36.13383,-86.78881,"PEDESTRIAN","37204","2020","February","Winter","00","Thursday","Weekday","Injuries","No Fatalities"
9.98017758642729e-314,2020-02-13 00:09:00,2,0,0,NA,"Y","ANGLE","RAIN","DARK - LIGHTED","S 5TH ST & SPRING ST","NASHVILLE","EAST",36.17249,-86.76514,"Motor Vehicle-In-Motion Outside Trafficw","37206","2020","February","Winter","00","Thursday","Weekday","No Injuries","No Fatalities"
9.98017758692135e-314,2020-02-13 01:02:00,2,1,0,NA,"N","Front to Rear","RAIN","DARK - LIGHTED","BRILEY PKWYW & BRILEY PKWYE","NASHVILLE","NORTH",36.23967,-86.77546,"MOTOR VEHICLE IN TRANSPORT;CONCRETE TRAFFIC BARRIER","37218","2020","February","Winter","01","Thursday","Weekday","Injuries","No Fatalities"
9.98017759037981e-314,2020-02-13 00:50:00,2,0,0,NA,"Y","SIDESWIPE - SAME DIRECTION","RAIN","DARK - LIGHTED","ELM HILL PKE & ELM HILL PKE EB EXT RAMP","NASHVILLE","HERMIT",36.15232,-86.69043,"MOTOR VEHICLE IN TRANSPORT","37210","2020","February","Winter","00","Thursday","Weekday","No Injuries","No Fatalities"
9.98017759433234e-314,2020-02-12 06:00:00,2,0,0,NA,"Y","Front to Rear","RAIN","DARK - LIGHTED","S 11TH ST & WOODLAND ST","NASHVILLE","EAST",36.17737,-86.7499,"MOTOR VEHICLE IN TRANSPORT","37206","2020","February","Winter","06","Wednesday","Weekday","No Injuries","No Fatalities"
9.98017763138726e-314,2020-02-13 01:46:00,2,0,0,NA,"Y","Front to Rear","RAIN","DARK - LIGHTED","I440 E ENT RAMP & I 440","NASHVILLE","MIDTOW",36.12163,-86.80624,"MOTOR VEHICLE IN TRANSPORT","37215","2020","February","Winter","01","Thursday","Weekday","No Injuries","No Fatalities"
9.9801776437389e-314,2020-02-13 01:59:00,2,0,0,NA,"N","Front to Rear","RAIN","DARK - LIGHTED","LEBANON PKE & DOWNEYMEADE DR","NASHVILLE","HERMIT",36.18145,-86.64206,"MOTOR VEHICLE IN TRANSPORT","37214","2020","February","Winter","01","Thursday","Weekday","No Injuries","No Fatalities"
9.98017766745405e-314,2020-02-13 02:20:00,2,0,0,NA,"N","ANGLE","RAIN","DARK - LIGHTED","TUCKER RD & W HAMILTON AV","NASHVILLE","NORTH",36.21324,-86.82553,"MOTOR VEHICLE IN TRANSPORT","37218","2020","February","Winter","02","Thursday","Weekday","No Injuries","No Fatalities"
9.98017767091251e-314,2020-02-13 02:31:00,2,0,0,NA,"N","SIDESWIPE - SAME DIRECTION","RAIN","DARK - LIGHTED","I24 E ENT RAMP & I 24","NASHVILLE","CENTRA",36.04472,-86.65956,"MOTOR VEHICLE IN TRANSPORT","37213","2020","February","Winter","02","Thursday","Weekday","No Injuries","No Fatalities"
9.98017768919294e-314,2020-02-13 02:53:00,1,0,0,NA,"N","NOT COLLISION W/MOTOR VEHICLE-TRANSPORT","RAIN","DARK - NOT LIGHTED","ELLINGTON PKWY N EXT RAMP & ELLINGTON PK","NASHVILLE","EAST",36.19168,-86.75237,"DITCH","37207","2020","February","Winter","02","Thursday","Weekday","No Injuries","No Fatalities"
9.98017772476567e-314,2020-02-13 03:30:00,1,1,0,NA,"N","NOT COLLISION W/MOTOR VEHICLE-TRANSPORT","RAIN","DARK - LIGHTED","5TH AVS & PEABODY ST","NASHVILLE","CENTRA",36.15603,-86.77551,"PEDESTRIAN","37203","2020","February","Winter","03","Thursday","Weekday","Injuries","No Fatalities"
9.98017772773006e-314,2020-02-13 03:20:00,1,0,0,NA,"N","NOT COLLISION W/MOTOR VEHICLE-TRANSPORT","RAIN","DARK - NOT LIGHTED","WHITES CREEK PKE & MOORMANS ARM RD","NASHVILLE","NORTH",36.21809,-86.80343,"DITCH","37207","2020","February","Winter","03","Thursday","Weekday","No Injuries","No Fatalities"
9.98017772921226e-314,2020-02-13 03:39:00,2,1,0,NA,"N","ANGLE","RAIN","DARK - NOT LIGHTED","OLD HICKORY BLVD & I24 W EXT RAMP","ANTIOCH","SOUTH",36.0144,-86.62047,"MOTOR VEHICLE IN TRANSPORT","37013","2020","February","Winter","03","Thursday","Weekday","Injuries","No Fatalities"
9.98017773563511e-314,2020-02-13 03:51:00,2,0,0,NA,"N","SIDESWIPE - SAME DIRECTION","RAIN","DARK - LIGHTED","BRILEY PKWYE & I24 W EXT RAMP","NASHVILLE","MADISO",36.23814,-86.78284,"MOTOR VEHICLE IN TRANSPORT","37207","2020","February","Winter","03","Thursday","Weekday","No Injuries","No Fatalities"
9.98017774205797e-314,2020-02-13 03:35:00,2,0,0,NA,"N","Front to Rear","RAIN","DARK - LIGHTED","WEST END AV & 30TH AVN","NASHVILLE","MIDTOW",36.14381,-86.81407,"MOTOR VEHICLE IN TRANSPORT","37212","2020","February","Winter","03","Thursday","Weekday","No Injuries","No Fatalities"
9.98017777269004e-314,2020-02-13 03:33:00,2,0,0,NA,"Y","Front to Rear","RAIN","DARK - LIGHTED","OLD HICKORY BLVD & BELLEVUE VALLEY PLAZA","NASHVILLE","WEST",36.07399,-86.92078,"MOTOR VEHICLE IN TRANSPORT","37221","2020","February","Winter","03","Thursday","Weekday","No Injuries","No Fatalities"
9.98017777911289e-314,2020-02-13 03:00:00,1,0,0,NA,"N","NOT COLLISION W/MOTOR VEHICLE-TRANSPORT","RAIN","DARK - LIGHTED","OLD HICKORY BLVD & GRANNY WHITE PKE","BRENTWOOD","MIDTOW",36.04027,-86.81641,"FIRE HYDRANT","37027","2020","February","Winter","03","Thursday","Weekday","No Injuries","No Fatalities"
9.98017779838145e-314,2020-02-13 05:35:00,1,0,0,NA,"N","NOT COLLISION W/MOTOR VEHICLE-TRANSPORT","RAIN","DARK - NOT LIGHTED","NASHBORO BLVD & LONGHUNTER CT","NASHVILLE","HERMIT",36.08956,-86.64269,"CULVERT","37217","2020","February","Winter","05","Thursday","Weekday","No Injuries","No Fatalities"
9.9801778235788e-314,2020-02-13 06:05:00,1,1,0,NA,"N","NOT COLLISION W/MOTOR VEHICLE-TRANSPORT","RAIN","DARK - LIGHTED","I40 E ENT RAMP & I 40","NASHVILLE","WEST",36.15742,-86.79103,"PEDESTRIAN","37205","2020","February","Winter","06","Thursday","Weekday","Injuries","No Fatalities"