"Accident.Number","Date.and.Time","Number.of.Motor.Vehicles","Number.of.Injuries","Number.of.Fatalities","Property.Damage","Hit.and.Run","Collision.Type.Description","Weather.Description","Illumination.Description","Street.Address","City","Precinct","Latitude","Longitude","HarmfulDescriptions","Zip.Code","Year","Month","Season","Hour","Weekday","DayType","Accident","Fatality_category"
9.98017784976428e-314,2020-02-13 06:34:00,2,0,0,NA,"N","HEAD-ON","RAIN","DARK - LIGHTED","ANTIOCH PKE & MILL CREEK BLUE HOLE GRNWY","ANTIOCH","SOUTH",36.06329,-86.67776,"MOTOR VEHICLE IN TRANSPORT","37013","2020","February","Winter","06","Thursday","Weekday","No Injuries","No Fatalities"
9.98017786162185e-314,2020-02-13 06:48:00,1,0,0,NA,"N","NOT COLLISION W/MOTOR VEHICLE-TRANSPORT","RAIN","DARK - NOT LIGHTED","MM 198 2 I 40","NASHVILLE","WEST",36.1004,-86.93481,"EMBANKMENT ROCK/STONE/CONCRETE","37221","2020","February","Winter","06","Thursday","Weekday","No Injuries","No Fatalities"
9.98017787002097e-314,2020-02-13 06:52:00,2,0,0,NA,"N","ANGLE","RAIN","DARK - LIGHTED","MM 216 0 I 40","NASHVILLE","HERMIT",36.14199,-86.67792,"MOTOR VEHICLE IN TRANSPORT","37217","2020","February","Winter","06","Thursday","Weekday","No Injuries","No Fatalities"
9.98017790509963e-314,2020-02-13 06:15:00,2,0,0,NA,"Y","SIDESWIPE - SAME DIRECTION","RAIN","DARK - NOT LIGHTED","MM 58 0 I 24","ANTIOCH","SOUTH",36.05872,-86.67856,"MOTOR VEHICLE IN TRANSPORT","37013","2020","February","Winter","06","Thursday","Weekday","No Injuries","No Fatalities"
9.98017792436819e-314,2020-02-13 07:50:00,1,0,0,NA,"N","NOT COLLISION W/MOTOR VEHICLE-TRANSPORT","RAIN","Dark-Unknown Lighting","HAYWOOD LN & LOCUSTWOOD DR","NASHVILLE","SOUTH",36.06989,-86.70282,"GUARDRAIL FACE;MAIL BOX","37211","2020","February","Winter","07","Thursday","Weekday","No Injuries","No Fatalities"
9.98017796339938e-314,2020-02-13 09:01:00,2,1,0,NA,"Y","Front to Rear","RAIN","DARK - LIGHTED","BELL RD & BRENTRIDGE DR","ANTIOCH","SOUTH",36.04694,-86.68191,"MOTOR VEHICLE IN TRANSPORT;UTILITY POLE;CURB;TREE","37013","2020","February","Winter","09","Thursday","Weekday","Injuries","No Fatalities"
9.98017796932816e-314,2020-02-13 06:30:00,1,0,0,NA,"N","NOT COLLISION W/MOTOR VEHICLE-TRANSPORT","RAIN","DARK - NOT LIGHTED","GREER RD & GREER RD PVTDR","GOODLETTSVILLE","MADISO",36.35109,-86.78315,"TREE;Ran Off Road-Right","37072","2020","February","Winter","06","Thursday","Weekday","No Injuries","No Fatalities"
9.98017802812198e-314,2020-02-13 10:33:00,2,1,0,NA,"Y","Front to Rear","RAIN","DARK - LIGHTED","MM 92 9 I 65","MADISON","MADISO",36.27338,-86.73591,"MOTOR VEHICLE IN TRANSPORT","37115","2020","February","Winter","10","Thursday","Weekday","Injuries","No Fatalities"
9.98017805825998e-314,2020-02-13 10:35:00,2,0,0,NA,"Y","ANGLE","RAIN","DARK - LIGHTED","MM 44 0 I 24","NASHVILLE","NORTH",36.23173,-86.78342,"MOTOR VEHICLE IN TRANSPORT","37207","2020","February","Winter","10","Thursday","Weekday","No Injuries","No Fatalities"
9.98017807901074e-314,2020-02-13 11:42:00,2,0,0,NA,"N","ANGLE","RAIN","DARK - LIGHTED","FOREST PARK APT PVTDR & HIGHWAY 70S","NASHVILLE","WEST",36.07941,-86.91354,"PARKED MOTOR VEHICLE","37205","2020","February","Winter","11","Thursday","Weekday","No Injuries","No Fatalities"
9.98017808740985e-314,2020-02-13 11:57:00,2,0,0,NA,"N","SIDESWIPE - SAME DIRECTION","RAIN","DARK - LIGHTED","CROSSINGS BLVD & MT VIEW RD","ANTIOCH","SOUTH",36.04548,-86.64729,"MOTOR VEHICLE IN TRANSPORT","37013","2020","February","Winter","11","Thursday","Weekday","No Injuries","No Fatalities"
9.98017810173776e-314,2020-02-13 12:15:00,2,0,0,NA,"N","ANGLE","RAIN","DARK - LIGHTED","JAMES ROBERTSON PKWY & ELLINGTON PKWY N","NASHVILLE","EAST",36.17202,-86.76747,"MOTOR VEHICLE IN TRANSPORT","37206","2020","February","Winter","12","Thursday","Weekday","No Injuries","No Fatalities"
9.98017812199445e-314,2020-02-13 12:44:00,1,1,0,NA,"N","NOT COLLISION W/MOTOR VEHICLE-TRANSPORT","RAIN","DAWN","5TH AVN & JAMES ROBERTSON PKWY","NASHVILLE","CENTRA",36.16946,-86.78424,"PEDESTRIAN","37219","2020","February","Winter","12","Thursday","Weekday","Injuries","No Fatalities"
9.98017812594697e-314,2020-02-13 12:28:00,2,0,0,NA,"N","ANGLE","RAIN","DAWN","MURFREESBORO PKE & LAKEVILLA DR","ANTIOCH","SOUTH",36.0765,-86.64064,"MOTOR VEHICLE IN TRANSPORT","37013","2020","February","Winter","12","Thursday","Weekday","No Injuries","No Fatalities"
9.9801781284173e-314,2020-02-13 11:36:00,2,0,0,NA,"N","ANGLE","RAIN","DARK - NOT LIGHTED","HAMILTON CHURCH RD & HOBSON PKE","ANTIOCH","SOUTH",36.05857,-86.59777,"MOTOR VEHICLE IN TRANSPORT-OTHER ROADWAY","37013","2020","February","Winter","11","Thursday","Weekday","No Injuries","No Fatalities"
9.98017813088763e-314,2020-02-13 12:38:00,2,0,0,NA,"N","Front to Rear","RAIN","DAYLIGHT","HUNTINGTON PKWY & EDMONDSON PKE","NASHVILLE","MIDTOW",36.05219,-86.74303,"MOTOR VEHICLE IN TRANSPORT","37211","2020","February","Winter","12","Thursday","Weekday","No Injuries","No Fatalities"
9.98017814373334e-314,2020-02-13 12:20:00,2,0,0,NA,"N","ANGLE","RAIN","DARK - LIGHTED","WALLACE RD & LARGO DR","NASHVILLE","SOUTH",36.08459,-86.70201,"MOTOR VEHICLE IN TRANSPORT","37211","2020","February","Winter","12","Thursday","Weekday","No Injuries","No Fatalities"
9.98016754602523e-314,2020-02-04 06:00:00,2,0,0,NA,"Y","Front to Rear","RAIN","DAYLIGHT","CREEKWOOD DR & SKYLINE VILLAGE PVTDR","NASHVILLE","MADISO",36.23319,-86.76914,"MOTOR VEHICLE IN TRANSPORT","37207","2020","February","Winter","06","Tuesday","Weekday","No Injuries","No Fatalities"
9.98016782616046e-314,2021-02-11 06:00:00,2,0,0,NA,"Y","Front to Rear","RAIN","DAYLIGHT","OBRIEN AV & WHITE BRIDGE PKE","NASHVILLE","WEST",36.15069,-86.85827,"MOTOR VEHICLE IN TRANSPORT","37209","2021","February","Winter","06","Thursday","Weekday","No Injuries","No Fatalities"
9.98016788791866e-314,2020-02-05 00:08:00,2,1,0,NA,"N","Front to Rear","RAIN","DARK - LIGHTED","MURFREESBORO PKE & BROOKSBORO PL","ANTIOCH","SOUTH",36.08344,-86.64713,"MOTOR VEHICLE IN TRANSPORT","37013","2020","February","Winter","00","Wednesday","Weekday","Injuries","No Fatalities"
9.98016788989492e-314,2020-02-05 00:13:00,2,1,0,NA,"N","Front to Rear","RAIN","DARK - LIGHTED","US HWY 70 & 28TH AVE N","NASHVILLE","MIDTOW",36.15393,-86.8182,"MOTOR VEHICLE IN TRANSPORT","37209","2020","February","Winter","00","Wednesday","Weekday","Injuries","No Fatalities"
9.98016789384745e-314,2020-02-05 00:13:00,2,0,0,NA,"N","Front to Rear","RAIN","DARK - NOT LIGHTED","BELL RD & HERON POINTE DR","NASHVILLE","HERMIT",36.11846,-86.63108,"MOTOR VEHICLE IN TRANSPORT","37214","2020","February","Winter","00","Wednesday","Weekday","No Injuries","No Fatalities"
9.98016789483558e-314,2020-02-05 00:18:00,2,0,0,NA,"N","ANGLE","RAIN","DARK - LIGHTED","HARDING PL & ANTIOCH PKE","NASHVILLE","SOUTH",36.08726,-86.69261,"MOTOR VEHICLE IN TRANSPORT","37211","2020","February","Winter","00","Wednesday","Weekday","No Injuries","No Fatalities"
9.98016789829404e-314,2020-02-05 00:20:00,2,1,0,NA,"N","ANGLE","RAIN","DARK - LIGHTED","MONTROSE AV & 10TH AVS","NASHVILLE","MIDTOW",36.1234,-86.78641,"MOTOR VEHICLE IN TRANSPORT","37204","2020","February","Winter","00","Wednesday","Weekday","Injuries","No Fatalities"
9.98016790076437e-314,2020-02-05 00:20:00,2,0,0,NA,"Y","SIDESWIPE - SAME DIRECTION","RAIN","DARK - LIGHTED","MM 49 6 I 24","NASHVILLE","CENTRA",36.15756,-86.75984,"MOTOR VEHICLE IN TRANSPORT","37210","2020","February","Winter","00","Wednesday","Weekday","No Injuries","No Fatalities"
9.98016790422283e-314,2020-02-04 06:00:00,2,0,0,NA,"N","SIDESWIPE - SAME DIRECTION","RAIN","DARK - LIGHTED","MM 49 2 I 24","NASHVILLE","CENTRA",36.1633,-86.76178,"MOTOR VEHICLE IN TRANSPORT","37213","2020","February","Winter","06","Tuesday","Weekday","No Injuries","No Fatalities"
9.98016791558634e-314,2020-02-05 00:30:00,2,2,0,NA,"N","ANGLE","RAIN","DARK - LIGHTED","MM 87 3 I 65","NASHVILLE","EAST",36.20582,-86.77655,"MOTOR VEHICLE IN TRANSPORT;CONCRETE TRAFFIC BARRIER","37207","2020","February","Winter","00","Wednesday","Weekday","Injuries","No Fatalities"
9.98016792447952e-314,2020-02-05 00:44:00,1,1,0,NA,"N","NOT COLLISION W/MOTOR VEHICLE-TRANSPORT","RAIN","DARK - LIGHTED","DICKERSON PKES & DICKERSON PKE","MADISON","MADISO",36.28358,-86.74716,"UTILITY POLE","37115","2020","February","Winter","00","Wednesday","Weekday","Injuries","No Fatalities"
9.98016792645578e-314,2020-02-05 00:44:00,2,1,0,NA,"N","ANGLE","RAIN","DARK - LIGHTED","MM 55 7 I 24","NASHVILLE","SOUTH",36.08599,-86.69992,"MOTOR VEHICLE IN TRANSPORT","37211","2020","February","Winter","00","Wednesday","Weekday","Injuries","No Fatalities"
9.98016792843204e-314,2020-02-04 06:00:00,2,0,0,NA,"N","SIDESWIPE - OPPOSITE DIRECTION","RAIN","DARK - LIGHTED","HIGHWAY 100 & PASQUO RD","NASHVILLE","WEST",36.03638,-86.96618,"MOTOR VEHICLE IN TRANSPORT","37221","2020","February","Winter","06","Tuesday","Weekday","No Injuries","No Fatalities"
9.98016792991424e-314,2020-02-05 00:45:00,3,2,0,NA,"Y","ANGLE","RAIN","DARK - LIGHTED","REVELS DR & WHITES CREEK PKE","NASHVILLE","NORTH",36.22114,-86.8049,"MOTOR VEHICLE IN TRANSPORT;UNKNOWN MOST HARMFUL EVENT","37207","2020","February","Winter","00","Wednesday","Weekday","Injuries","No Fatalities"
9.98016794127775e-314,2020-02-05 00:42:00,2,0,0,NA,"N","SIDESWIPE - SAME DIRECTION","RAIN","DARK - LIGHTED","MM 88 8 I 65","NASHVILLE","MADISO",36.22838,-86.77286,"MOTOR VEHICLE IN TRANSPORT","37207","2020","February","Winter","00","Wednesday","Weekday","No Injuries","No Fatalities"
9.98016794177182e-314,2020-02-05 00:40:00,2,0,0,NA,"Y","ANGLE","RAIN","DARK - NOT LIGHTED","LEWIS ST & LAFAYETTE ST","NASHVILLE","SOUTH",36.14755,-86.75865,"MOTOR VEHICLE IN TRANSPORT","37210","2020","February","Winter","00","Wednesday","Weekday","No Injuries","No Fatalities"
9.98016794967687e-314,2020-02-05 01:03:00,2,0,0,NA,"N","ANGLE","RAIN","DAYLIGHT","GALLATIN PKEN & CUDE LN","MADISON","MADISO",36.29871,-86.69768,"MOTOR VEHICLE IN TRANSPORT","37115","2020","February","Winter","01","Wednesday","Weekday","No Injuries","No Fatalities"
9.98016795115906e-314,2020-02-05 01:08:00,1,0,0,NA,"N","NOT COLLISION W/MOTOR VEHICLE-TRANSPORT","RAIN","DARK - LIGHTED","MM 204 2 I 40","NASHVILLE","WEST",36.1532,-86.85387,"WALL;Ran Off Road-Right","37209","2020","February","Winter","01","Wednesday","Weekday","No Injuries","No Fatalities"
9.98016795313533e-314,2020-02-05 01:10:00,2,1,0,NA,"N","ANGLE","RAIN","DARK - NOT LIGHTED","4TH AVS & I40 E EXT RAMP","NASHVILLE","SOUTH",36.15048,-86.77035,"MOTOR VEHICLE IN TRANSPORT","37210","2020","February","Winter","01","Wednesday","Weekday","Injuries","No Fatalities"
9.98016795758192e-314,2020-02-05 01:13:00,2,0,0,NA,"N","SIDESWIPE - SAME DIRECTION","RAIN","DARK - NOT LIGHTED","MM 211 8 I 40","NASHVILLE","HERMIT",36.14879,-86.74641,"MOTOR VEHICLE IN TRANSPORT","37210","2020","February","Winter","01","Wednesday","Weekday","No Injuries","No Fatalities"
9.98016796054631e-314,2020-02-05 01:10:00,2,0,0,NA,"N","Front to Rear","RAIN","DARK - LIGHTED","MM 85 0 I 65","NASHVILLE","NORTH",36.17991,-86.80046,"MOTOR VEHICLE IN TRANSPORT","37208","2020","February","Winter","01","Wednesday","Weekday","No Injuries","No Fatalities"
9.98016796400477e-314,2020-02-05 01:20:00,2,0,0,NA,"N","ANGLE","RAIN","DARK - NOT LIGHTED","MM 220 1 I 40","HERMITAGE","HERMIT",36.16554,-86.61323,"MOTOR VEHICLE IN TRANSPORT","37076","2020","February","Winter","01","Wednesday","Weekday","No Injuries","No Fatalities"
9.98016796696916e-314,2020-02-05 01:29:00,2,1,0,NA,"N","ANGLE","RAIN","DARK - LIGHTED","MM 217 1 I 40","NASHVILLE","HERMIT",36.14578,-86.64549,"MOTOR VEHICLE IN TRANSPORT;CONCRETE TRAFFIC BARRIER","37214","2020","February","Winter","01","Wednesday","Weekday","Injuries","No Fatalities"
9.98016797783861e-314,2020-02-05 01:25:00,2,0,0,NA,"N","SIDESWIPE - SAME DIRECTION","RAIN","DARK - NOT LIGHTED","EXIT 48 & I 24","NASHVILLE","EAST",36.17199,-86.7679,"MOTOR VEHICLE IN TRANSPORT","37206","2020","February","Winter","01","Wednesday","Weekday","No Injuries","No Fatalities"
9.98016797833267e-314,2020-02-05 01:37:00,2,0,0,NA,"N","SIDESWIPE - SAME DIRECTION","RAIN","DARK - LIGHTED","BRILEY PKWYE & MOOREWOOD DR","NASHVILLE","MADISO",36.23974,-86.77401,"MOTOR VEHICLE IN TRANSPORT","37207","2020","February","Winter","01","Wednesday","Weekday","No Injuries","No Fatalities"
9.98016800007156e-314,2020-02-05 01:49:00,2,0,0,NA,"Y","Front to Rear","RAIN","DARK - NOT LIGHTED","GALLATIN PKEN & EDGEMEADE BLVD","MADISON","MADISO",36.28284,-86.70722,"MOTOR VEHICLE IN TRANSPORT","37115","2020","February","Winter","01","Wednesday","Weekday","No Injuries","No Fatalities"
9.98016800945881e-314,2020-02-05 02:10:00,1,0,0,NA,"Y","NOT COLLISION W/MOTOR VEHICLE-TRANSPORT","RAIN","DARK - LIGHTED","HICKORY HOLLOW PKWY & UNA ANTIOCH PKE","ANTIOCH","SOUTH",36.05946,-86.67087,"TREE","37013","2020","February","Winter","02","Wednesday","Weekday","No Injuries","No Fatalities"
9.9801680124232e-314,2020-02-05 02:00:00,2,0,0,NA,"N","SIDESWIPE - SAME DIRECTION","RAIN","DARK - LIGHTED","MM 89 8 I 65","NASHVILLE","MADISO",36.23685,-86.76025,"MOTOR VEHICLE IN TRANSPORT","37207","2020","February","Winter","02","Wednesday","Weekday","No Injuries","No Fatalities"
9.98016802131639e-314,2020-02-05 02:28:00,1,0,0,NA,"N","NOT COLLISION W/MOTOR VEHICLE-TRANSPORT","RAIN","DARK - LIGHTED","1000 THOMPSON PL","NASHVILLE","HERMIT",36.12658,-86.71016,"OTHER OBJECT (NOT FIXED)","37217","2020","February","Winter","02","Wednesday","Weekday","No Injuries","No Fatalities"
9.98016805343065e-314,2020-02-05 00:32:00,2,0,0,NA,"Y","ANGLE","RAIN","DARK - LIGHTED","MM 81 0 I 65","NASHVILLE","MIDTOW",36.12914,-86.77286,"MOTOR VEHICLE IN TRANSPORT","37204","2020","February","Winter","00","Wednesday","Weekday","No Injuries","No Fatalities"
9.98016806677042e-314,2020-02-05 03:26:00,1,1,0,NA,"N","NOT COLLISION W/MOTOR VEHICLE-TRANSPORT","RAIN","DARK - LIGHTED","MM 58 4 I 24","ANTIOCH","SOUTH",36.05377,-86.67299,"GUARDRAIL FACE","37013","2020","February","Winter","03","Wednesday","Weekday","Injuries","No Fatalities"
9.98016807072295e-314,2020-02-05 03:38:00,2,1,0,NA,"N","Front to Rear","RAIN","DARK - NOT LIGHTED","MM 58 4 I 24","ANTIOCH","SOUTH",36.05377,-86.67299,"MOTOR VEHICLE IN TRANSPORT","37013","2020","February","Winter","03","Wednesday","Weekday","Injuries","No Fatalities"
9.98016807269921e-314,2020-02-05 01:40:00,2,0,0,NA,"Y","SIDESWIPE - SAME DIRECTION","RAIN","DARK - NOT LIGHTED","MURFREESBORO PKE & FAIRCLOTH LN","NASHVILLE","HERMIT",36.10323,-86.66648,"MOTOR VEHICLE IN TRANSPORT","37217","2020","February","Winter","01","Wednesday","Weekday","No Injuries","No Fatalities"
9.98016807467547e-314,2020-02-05 03:33:00,1,1,0,NA,"N","NOT COLLISION W/MOTOR VEHICLE-TRANSPORT","RAIN","DARK - LIGHTED","WEST END AV & 23RD AVN","NASHVILLE","MIDTOW",36.14885,-86.80456,"PEDESTRIAN","37240","2020","February","Winter","03","Wednesday","Weekday","Injuries","No Fatalities"
9.98016807813393e-314,2020-02-05 03:40:00,2,1,0,NA,"Y","ANGLE","RAIN","DARK - LIGHTED","BUCHANAN ST & 14TH AVE N","NASHVILLE","NORTH",36.1801,-86.80785,"MOTOR VEHICLE IN TRANSPORT","37208","2020","February","Winter","03","Wednesday","Weekday","Injuries","No Fatalities"
9.98016808603898e-314,2020-02-04 06:00:00,1,1,0,NA,"Y","UNKNOWN","RAIN","UNKNOWN","N GRAYCROFT AV & E CAMPBELL RD","MADISON","MADISO",36.27726,-86.72906,"UNKNOWN MOST HARMFUL EVENT","37115","2020","February","Winter","06","Tuesday","Weekday","Injuries","No Fatalities"
9.9801681132126e-314,2020-02-05 03:40:00,1,0,0,NA,"N","NOT COLLISION W/MOTOR VEHICLE-TRANSPORT","RAIN","DARK - NOT LIGHTED","CHARLOTTE PKE & QUAIL CREEK RD","NASHVILLE","WEST",36.09817,-86.96422,"DITCH;Ran Off Road-Right","37221","2020","February","Winter","03","Wednesday","Weekday","No Injuries","No Fatalities"
9.98016811765919e-314,2020-02-05 03:26:00,1,0,0,NA,"N","NOT COLLISION W/MOTOR VEHICLE-TRANSPORT","RAIN","DARK - NOT LIGHTED","I 24 & UNKNOWN RAMP","NASHVILLE","HERMIT",36.06681,-86.68695,"DITCH;Ran Off Road-Right","37210","2020","February","Winter","03","Wednesday","Weekday","No Injuries","No Fatalities"
9.98016811864732e-314,2020-02-05 04:15:00,1,1,0,NA,"Y","NOT COLLISION W/MOTOR VEHICLE-TRANSPORT","RAIN","DARK - NOT LIGHTED","MCMURRAY DR & EDMONDSON PKE","NASHVILLE","MIDTOW",36.0551,-86.74266,"PEDESTRIAN","37211","2020","February","Winter","04","Wednesday","Weekday","Injuries","No Fatalities"
9.98016814680906e-314,2020-02-05 03:15:00,2,0,0,NA,"Y","Front to Rear","RAIN","DARK - LIGHTED","LEBANON PKE & BONNABROOK DR","HERMITAGE","HERMIT",36.19018,-86.62652,"MOTOR VEHICLE IN TRANSPORT","37076","2020","February","Winter","03","Wednesday","Weekday","No Injuries","No Fatalities"
9.98016816410136e-314,2020-02-05 05:40:00,1,0,0,NA,"N","NOT COLLISION W/MOTOR VEHICLE-TRANSPORT","RAIN","DARK - LIGHTED","MM 211 6 I 40","NASHVILLE","HERMIT",36.15102,-86.75032,"CONCRETE TRAFFIC BARRIER","37210","2020","February","Winter","05","Wednesday","Weekday","No Injuries","No Fatalities"
9.9801681749708e-314,2020-02-05 05:10:00,2,0,0,NA,"N","SIDESWIPE - SAME DIRECTION","RAIN","DARK - LIGHTED","ATRIUM WAY & ELM HILL PKE","NASHVILLE","HERMIT",36.15326,-86.68769,"MOTOR VEHICLE IN TRANSPORT","37214","2020","February","Winter","05","Wednesday","Weekday","No Injuries","No Fatalities"
9.98016820115628e-314,2020-02-05 06:21:00,2,0,0,NA,"Y","ANGLE","RAIN","DARK - LIGHTED","MM 215 8 I 40","NASHVILLE","HERMIT",36.14221,-86.68011,"MOTOR VEHICLE IN TRANSPORT","37217","2020","February","Winter","06","Wednesday","Weekday","No Injuries","No Fatalities"
9.98016822487143e-314,2020-02-05 02:00:00,2,0,0,NA,"Y","Front to Rear","RAIN","DAYLIGHT","NOLENSVILLE PKE & LENOX VILLAGE DR","ANTIOCH","SOUTH",36.02547,-86.71305,"MOTOR VEHICLE IN TRANSPORT","37013","2020","February","Winter","02","Wednesday","Weekday","No Injuries","No Fatalities"
9.98016824661032e-314,2020-02-05 07:07:00,1,1,0,NA,"N","NOT COLLISION W/MOTOR VEHICLE-TRANSPORT","RAIN","DARK - LIGHTED","ATRIUM WAY & BRILEY PKWYN","NASHVILLE","HERMIT",36.15873,-86.69091,"CURB","37214","2020","February","Winter","07","Wednesday","Weekday","Injuries","No Fatalities"
9.98016824957471e-314,2020-02-05 06:00:00,1,0,0,NA,"N","NOT COLLISION W/MOTOR VEHICLE-TRANSPORT","RAIN","DARK - LIGHTED","MM 213 0 I 40","NASHVILLE","HERMIT",36.14086,-86.73261,"GUARDRAIL END","37210","2020","February","Winter","06","Wednesday","Weekday","No Injuries","No Fatalities"
9.98016825896196e-314,2020-02-05 07:40:00,1,0,0,NA,"N","NOT COLLISION W/MOTOR VEHICLE-TRANSPORT","RAIN","DARK - LIGHTED","MM 87 2 I 65","NASHVILLE","EAST",36.20459,-86.7767,"CONCRETE TRAFFIC BARRIER","37207","2020","February","Winter","07","Wednesday","Weekday","No Injuries","No Fatalities"
9.98016827921865e-314,2020-02-05 08:11:00,1,1,0,NA,"N","NOT COLLISION W/MOTOR VEHICLE-TRANSPORT","RAIN","DARK - LIGHTED","17TH AVN & HERMAN ST","NASHVILLE","NORTH",36.16523,-86.80298,"EMBANKMENT ROCK/STONE/CONCRETE","37203","2020","February","Winter","08","Wednesday","Weekday","Injuries","No Fatalities"
9.98016839977067e-314,2020-02-05 10:12:00,2,0,0,NA,"N","ANGLE","RAIN","DARK - LIGHTED","NOLENSVILLE PKE & OLD HICKORY BLVD","NASHVILLE","SOUTH",36.04537,-86.71326,"MOTOR VEHICLE IN TRANSPORT","37211","2020","February","Winter","10","Wednesday","Weekday","No Injuries","No Fatalities"
9.98016845955261e-314,2020-02-05 11:00:00,1,0,0,NA,"N","NOT COLLISION W/MOTOR VEHICLE-TRANSPORT","RAIN","DARK - LIGHTED","HICKORY HOLLOW PKWY & MT VIEW RD","ANTIOCH","SOUTH",36.05445,-86.66727,"DITCH;TREE;Ran Off Road-Right","37013","2020","February","Winter","11","Wednesday","Weekday","No Injuries","No Fatalities"
9.98016847190425e-314,2020-02-05 11:55:00,3,2,0,NA,"N","Front to Rear","RAIN","DARK - LIGHTED","MM 47 7 I 24","NASHVILLE","EAST",36.17965,-86.77392,"MOTOR VEHICLE IN TRANSPORT;CONCRETE TRAFFIC BARRIER","37207","2020","February","Winter","11","Wednesday","Weekday","Injuries","No Fatalities"
9.98016849660754e-314,2020-02-05 12:10:00,3,0,0,NA,"N","SIDESWIPE - SAME DIRECTION","RAIN","DAWN","MM 212 1 I 40","NASHVILLE","HERMIT",36.14654,-86.74258,"MOTOR VEHICLE IN TRANSPORT","37210","2020","February","Winter","12","Wednesday","Weekday","No Injuries","No Fatalities"
9.98016850056006e-314,2020-02-05 12:55:00,2,0,0,NA,"N","SIDESWIPE - SAME DIRECTION","RAIN","DAYLIGHT","E TRINITY LN & GALLATIN PKE","NASHVILLE","EAST",36.20365,-86.73932,"MOTOR VEHICLE IN TRANSPORT","37216","2020","February","Winter","12","Wednesday","Weekday","No Injuries","No Fatalities"
9.98016850253632e-314,2020-02-05 12:55:00,2,0,0,NA,"N","SIDESWIPE - OPPOSITE DIRECTION","RAIN","DAYLIGHT","MURFREESBORO PKE & BRILEY PKWY N EXT RAM","NASHVILLE","SOUTH",36.11787,-86.69978,"MOTOR VEHICLE IN TRANSPORT","37217","2020","February","Winter","12","Wednesday","Weekday","No Injuries","No Fatalities"
9.98016850500665e-314,2020-02-05 12:58:00,1,1,0,NA,"N","NOT COLLISION W/MOTOR VEHICLE-TRANSPORT","RAIN","DAYLIGHT","EDGE O LAKE DR & RICE RD","ANTIOCH","SOUTH",36.07123,-86.64572,"CURB","37013","2020","February","Winter","12","Wednesday","Weekday","Injuries","No Fatalities"
9.98016850797105e-314,2020-02-05 12:28:00,2,0,0,NA,"N","ANGLE","RAIN","DARK - LIGHTED","I40 E ENT RAMP & I 40","NASHVILLE","WEST",36.15793,-86.79161,"MOTOR VEHICLE IN TRANSPORT","37205","2020","February","Winter","12","Wednesday","Weekday","No Injuries","No Fatalities"
9.98016850945324e-314,2020-02-05 12:23:00,2,0,0,NA,"Y","SIDESWIPE - SAME DIRECTION","RAIN","DAYLIGHT","GALLATIN PKES & DUE WEST AVW","MADISON","MADISO",36.24801,-86.72036,"MOTOR VEHICLE IN TRANSPORT","37115","2020","February","Winter","12","Wednesday","Weekday","No Injuries","No Fatalities"
9.98016916952495e-314,2020-02-05 06:00:00,3,0,0,NA,"Y","SIDESWIPE - OPPOSITE DIRECTION","RAIN","DARK - NOT LIGHTED","OLD HICKORY BLVD & FELLOWSHIP LN","OLD HICKORY","HERMIT",36.23768,-86.62863,"MOTOR VEHICLE IN TRANSPORT","37138","2020","February","Winter","06","Wednesday","Weekday","No Injuries","No Fatalities"
9.98016917100714e-314,2020-02-06 00:16:00,2,0,0,NA,"N","SIDESWIPE - SAME DIRECTION","RAIN","DARK - NOT LIGHTED","MAY DR & ROOSEVELT AV","MADISON","MADISO",36.26967,-86.69489,"MOTOR VEHICLE IN TRANSPORT","37115","2020","February","Winter","00","Thursday","Weekday","No Injuries","No Fatalities"
9.98016918039439e-314,2020-02-06 00:23:00,2,2,0,NA,"Y","Front to Rear","RAIN","DARK - LIGHTED","MURFREESBORO PKE & BELL RD","ANTIOCH","SOUTH",36.07128,-86.63553,"MOTOR VEHICLE IN TRANSPORT","37013","2020","February","Winter","00","Thursday","Weekday","Injuries","No Fatalities"
9.98016918484098e-314,2020-02-06 00:29:00,2,0,0,NA,"N","SIDESWIPE - SAME DIRECTION","RAIN","DARK - LIGHTED","ROYAL PKWY & EMERY DR","NASHVILLE","HERMIT",36.15098,-86.67706,"MOTOR VEHICLE IN TRANSPORT","37214","2020","February","Winter","00","Thursday","Weekday","No Injuries","No Fatalities"
9.98016918731131e-314,2020-02-06 00:32:00,1,0,0,NA,"N","NOT COLLISION W/MOTOR VEHICLE-TRANSPORT","RAIN","DARK - NOT LIGHTED","MM 201 6 I 40","NASHVILLE","WEST",36.1363,-86.89223,"H-WAY TRAFFIC SIGNAL POST","37209","2020","February","Winter","00","Thursday","Weekday","No Injuries","No Fatalities"
9.98016919422823e-314,2020-02-06 00:30:00,2,0,0,NA,"Y","SIDESWIPE - SAME DIRECTION","RAIN","DARK - LIGHTED","4TH AVS & HART ST","NASHVILLE","MIDTOW",36.14298,-86.76541,"MOTOR VEHICLE IN TRANSPORT","37203","2020","February","Winter","00","Thursday","Weekday","No Injuries","No Fatalities"
9.98016921497899e-314,2020-02-06 01:06:00,2,0,0,NA,"N","ANGLE","RAIN","DARK - NOT LIGHTED","SATURN DR & GOODBAR DR","NASHVILLE","HERMIT",36.12456,-86.70003,"MOTOR VEHICLE IN TRANSPORT","37217","2020","February","Winter","01","Thursday","Weekday","No Injuries","No Fatalities"