"Accident.Number","Date.and.Time","Number.of.Motor.Vehicles","Number.of.Injuries","Number.of.Fatalities","Property.Damage","Hit.and.Run","Collision.Type.Description","Weather.Description","Illumination.Description","Street.Address","City","Precinct","Latitude","Longitude","HarmfulDescriptions","Zip.Code","Year","Month","Season","Hour","Weekday","DayType","Accident","Fatality_category"
9.98016921646118e-314,2020-02-06 01:00:00,3,2,0,NA,"N","OTHER","RAIN","DARK - LIGHTED","MM 205 6 I 40","NASHVILLE","WEST",36.15566,-86.82779,"MOTOR VEHICLE IN TRANSPORT;CONCRETE TRAFFIC BARRIER","37209","2020","February","Winter","01","Thursday","Weekday","Injuries","No Fatalities"
9.9801692248603e-314,2020-02-06 00:06:00,3,0,0,NA,"Y","SIDESWIPE - SAME DIRECTION","RAIN","DARK - LIGHTED","BELL RD & CANE RIDGE RD","ANTIOCH","SOUTH",36.04481,-86.66224,"MOTOR VEHICLE IN TRANSPORT","37013","2020","February","Winter","00","Thursday","Weekday","No Injuries","No Fatalities"
9.98016923276535e-314,2020-02-06 01:14:00,1,0,0,NA,"N","NOT COLLISION W/MOTOR VEHICLE-TRANSPORT","RAIN","DARK - LIGHTED","MM 205 3 I 40","NASHVILLE","WEST",36.15416,-86.83399,"OTHER OBJECT (NOT FIXED)","37209","2020","February","Winter","01","Thursday","Weekday","No Injuries","No Fatalities"
9.98016924808138e-314,2020-02-06 01:00:00,2,0,0,NA,"Y","HEAD-ON","RAIN","DARK - LIGHTED","NOLENSVILLE PKE & CHILTON ST","NASHVILLE","SOUTH",36.10055,-86.73992,"MOTOR VEHICLE IN TRANSPORT","37211","2020","February","Winter","01","Thursday","Weekday","No Injuries","No Fatalities"
9.9801693024286e-314,2020-02-06 00:03:00,2,0,0,NA,"Y","SIDESWIPE - SAME DIRECTION","RAIN","DARK - LIGHTED","MM 59 6 I 24","ANTIOCH","SOUTH",36.04333,-86.65584,"MOTOR VEHICLE IN TRANSPORT","37013","2020","February","Winter","00","Thursday","Weekday","No Injuries","No Fatalities"
9.98016931033366e-314,2020-02-06 02:52:00,2,1,0,NA,"N","ANGLE","RAIN","DARK - LIGHTED","ELM HILL PKE & EMERY DR","NASHVILLE","HERMIT",36.15171,-86.6772,"MOTOR VEHICLE IN TRANSPORT","37214","2020","February","Winter","02","Thursday","Weekday","Injuries","No Fatalities"
9.98016932812002e-314,2020-02-06 02:30:00,1,1,0,NA,"N","NOT COLLISION W/MOTOR VEHICLE-TRANSPORT","RAIN","DARK - NOT LIGHTED","HOLT RD & NOLENSVILLE PKE","NASHVILLE","MIDTOW",36.01206,-86.7043,"UTILITY POLE","37211","2020","February","Winter","02","Thursday","Weekday","Injuries","No Fatalities"
9.98016933355474e-314,2020-02-06 02:10:00,2,0,0,NA,"Y","Front to Rear","RAIN","DARK - LIGHTED","EDGE O LAKE DR & MARTWAY DR","ANTIOCH","SOUTH",36.07839,-86.64569,"MOTOR VEHICLE IN TRANSPORT","37013","2020","February","Winter","02","Thursday","Weekday","No Injuries","No Fatalities"
9.98016934195386e-314,2020-02-06 03:35:00,2,1,0,NA,"N","HEAD-ON","RAIN","DARK - LIGHTED","BELL RD & BLUE HOLE RD","ANTIOCH","SOUTH",36.04574,-86.67435,"MOTOR VEHICLE IN TRANSPORT","37013","2020","February","Winter","03","Thursday","Weekday","Injuries","No Fatalities"
9.98016935529363e-314,2020-02-06 03:58:00,1,1,0,NA,"N","NOT COLLISION W/MOTOR VEHICLE-TRANSPORT","RAIN","DARK - NOT LIGHTED","MM 201 7 I 40","NASHVILLE","WEST",36.13734,-86.89083,"EMBANKMENT EARTH","37209","2020","February","Winter","03","Thursday","Weekday","Injuries","No Fatalities"
9.98016936171648e-314,2020-02-06 03:45:00,2,0,0,NA,"N","ANGLE","RAIN","DARK - LIGHTED","MM 56 5 I 24","NASHVILLE","SOUTH",36.07589,-86.69394,"MOTOR VEHICLE IN TRANSPORT","37211","2020","February","Winter","03","Thursday","Weekday","No Injuries","No Fatalities"
9.98016937653845e-314,2020-02-06 04:35:00,1,2,0,NA,"N","NOT COLLISION W/MOTOR VEHICLE-TRANSPORT","RAIN","DARK - LIGHTED","CHARLOTTE AV & 53RD AVN","NASHVILLE","WEST",36.15176,-86.85153,"UTILITY POLE","37209","2020","February","Winter","04","Thursday","Weekday","Injuries","No Fatalities"
9.98016944027292e-314,2020-02-06 05:10:00,1,0,0,NA,"N","NOT COLLISION W/MOTOR VEHICLE-TRANSPORT","RAIN","DARK - LIGHTED","MM 5 2 I 440","NASHVILLE","MIDTOW",36.11849,-86.76794,"GUARDRAIL FACE","37204","2020","February","Winter","05","Thursday","Weekday","No Injuries","No Fatalities"
9.98016946349401e-314,2020-02-06 05:46:00,2,0,0,NA,"N","ANGLE","RAIN","DARK - LIGHTED","COWAN ST & SPRING ST","NASHVILLE","CENTRA",36.17844,-86.77597,"PARKED MOTOR VEHICLE","37207","2020","February","Winter","05","Thursday","Weekday","No Injuries","No Fatalities"
9.98016947337532e-314,2020-02-06 06:16:00,1,0,0,NA,"Y","NOT COLLISION W/MOTOR VEHICLE-TRANSPORT","RAIN","DARK - LIGHTED","HYDESDALE LN & MULLINS PARK GRWY","NASHVILLE","NORTH",36.20914,-86.85271,"MOTOR VEHICLE IN TRANSPORT;CULVERT;Ran Off Road-Left","37218","2020","February","Winter","06","Thursday","Weekday","No Injuries","No Fatalities"
9.98016949017355e-314,2020-02-06 06:33:00,1,0,0,NA,"N","NOT COLLISION W/MOTOR VEHICLE-TRANSPORT","RAIN","DARK - LIGHTED","RIVERGATE PKWY & GALLATIN PKEN","MADISON","MADISO",36.29694,-86.69918,"UTILITY POLE","37115","2020","February","Winter","06","Thursday","Weekday","No Injuries","No Fatalities"
9.98016951981749e-314,2020-02-06 06:55:00,2,1,0,NA,"N","Front to Rear","RAIN","DARK - NOT LIGHTED","MM 52 4 I 24","NASHVILLE","HERMIT",36.13829,-86.72677,"MOTOR VEHICLE IN TRANSPORT","37210","2020","February","Winter","06","Thursday","Weekday","Injuries","No Fatalities"
9.9801696117137e-314,2020-02-06 08:35:00,1,0,0,NA,"N","NOT COLLISION W/MOTOR VEHICLE-TRANSPORT","RAIN","DARK - NOT LIGHTED","MM 52 4 I 24","NASHVILLE","HERMIT",36.13829,-86.72677,"GUARDRAIL FACE","37210","2020","February","Winter","08","Thursday","Weekday","No Injuries","No Fatalities"
9.9801697238666e-314,2020-02-06 11:08:00,1,0,0,NA,"Y","UNKNOWN","RAIN","DARK - LIGHTED","MM 54 8 I 24","NASHVILLE","SOUTH",36.09689,-86.70889,"UNKNOWN MOST HARMFUL EVENT","37211","2020","February","Winter","11","Thursday","Weekday","No Injuries","No Fatalities"
9.98016976882657e-314,2020-02-06 12:10:00,2,0,0,NA,"N","SIDESWIPE - SAME DIRECTION","RAIN","DARK - LIGHTED","GALLATIN PKE SB EXT RAMP & GALLATIN PKE","NASHVILLE","EAST",36.23363,-86.72479,"MOTOR VEHICLE IN TRANSPORT","37216","2020","February","Winter","12","Thursday","Weekday","No Injuries","No Fatalities"
9.98016977327317e-314,2020-02-06 12:20:00,3,0,0,NA,"N","Front to Rear","RAIN","DARK - LIGHTED","ELLINGTON PKWYS & ELLINGTON PKWY N ENT R","NASHVILLE","EAST",36.17532,-86.76724,"MOTOR VEHICLE IN TRANSPORT","37206","2020","February","Winter","12","Thursday","Weekday","No Injuries","No Fatalities"
9.98016977524943e-314,2020-02-06 12:26:00,2,0,0,NA,"N","Front to Rear","RAIN","DAWN","MM 86 9 I 65","NASHVILLE","NORTH",36.20262,-86.77688,"MOTOR VEHICLE IN TRANSPORT","37207","2020","February","Winter","12","Thursday","Weekday","No Injuries","No Fatalities"
9.98016978611887e-314,2020-02-06 12:40:00,1,1,0,NA,"N","NOT COLLISION W/MOTOR VEHICLE-TRANSPORT","RAIN","DARK - LIGHTED","ASHLAND CITY HWY & ASHLAND CITY HWY WB E","NASHVILLE","NORTH",36.20959,-86.87036,"","37218","2020","February","Winter","12","Thursday","Weekday","Injuries","No Fatalities"
9.9801697885892e-314,2020-02-06 12:31:00,2,0,0,NA,"N","ANGLE","RAIN","DAWN","MURFREESBORO PKE & MOUNTAIN SPRINGS RD","ANTIOCH","SOUTH",36.05403,-86.61851,"MOTOR VEHICLE IN TRANSPORT","37013","2020","February","Winter","12","Thursday","Weekday","No Injuries","No Fatalities"
9.98016979105953e-314,2020-02-06 12:20:00,2,0,0,NA,"N","Front to Rear","RAIN","DAYLIGHT","MM 78 3 I 65","NASHVILLE","MIDTOW",36.08958,-86.76248,"MOTOR VEHICLE IN TRANSPORT","37204","2020","February","Winter","12","Thursday","Weekday","No Injuries","No Fatalities"
9.98016979303579e-314,2020-02-06 12:30:00,3,0,0,NA,"N","Front to Rear","RAIN","DAYLIGHT","MM 78 3 I 65","NASHVILLE","MIDTOW",36.08958,-86.76248,"MOTOR VEHICLE IN TRANSPORT","37204","2020","February","Winter","12","Thursday","Weekday","No Injuries","No Fatalities"
9.98019052057183e-314,2020-02-23 06:00:00,2,1,0,NA,"Y","Front to Rear","RAIN","DAYLIGHT","1200 GALLATIN PKE S","MADISON","MADISO",36.24663,-86.72119,"MOTOR VEHICLE IN TRANSPORT","37115","2020","February","Winter","06","Sunday","Weekend","Injuries","No Fatalities"
9.98019067027372e-314,2020-02-24 02:20:00,2,0,0,NA,"N","Front to Rear","RAIN","DARK - LIGHTED","STATE RT 45 & GALLATIN PKEN","MADISON","MADISO",36.26301,-86.71158,"MOTOR VEHICLE IN TRANSPORT","37115","2020","February","Winter","02","Monday","Weekday","No Injuries","No Fatalities"
9.98019078045036e-314,2020-02-24 05:00:00,2,1,0,NA,"N","Front to Rear","RAIN","DARK - LIGHTED","OLD HARDING PKE & BELLEVUE RD","NASHVILLE","WEST",36.06445,-86.93958,"MOTOR VEHICLE IN TRANSPORT","37221","2020","February","Winter","05","Monday","Weekday","Injuries","No Fatalities"
9.98019080268331e-314,2020-02-24 05:21:00,1,0,0,NA,"N","NOT COLLISION W/MOTOR VEHICLE-TRANSPORT","RAIN","DARK - NOT LIGHTED","SHUTE LN & SAUNDERSVILLE RD","OLD HICKORY","HERMIT",36.22706,-86.60309,"DEER (ANIMAL)","37138","2020","February","Winter","05","Monday","Weekday","No Injuries","No Fatalities"
9.98019080317738e-314,2020-02-24 03:10:00,1,0,0,NA,"N","NOT COLLISION W/MOTOR VEHICLE-TRANSPORT","RAIN","DARK - LIGHTED","SAN MARCOS DR & BROADWELL DR","NASHVILLE","MIDTOW",36.05159,-86.75154,"GUARDRAIL FACE","37220","2020","February","Winter","03","Monday","Weekday","No Injuries","No Fatalities"
9.98019081256463e-314,2020-02-24 05:30:00,2,1,0,NA,"Y","ANGLE","RAIN","DARK - LIGHTED","BELL RD & MURFREESBORO PKE","ANTIOCH","SOUTH",36.07263,-86.63592,"MOTOR VEHICLE IN TRANSPORT","37013","2020","February","Winter","05","Monday","Weekday","Injuries","No Fatalities"
9.98019082936286e-314,2020-02-24 06:15:00,1,1,0,NA,"N","NOT COLLISION W/MOTOR VEHICLE-TRANSPORT","RAIN","DARK - LIGHTED","HARDING PL & SEVEN MILE CREEK HARDING MA","NASHVILLE","SOUTH",36.07999,-86.72486,"DITCH;Ran Off Road-Right","37211","2020","February","Winter","06","Monday","Weekday","Injuries","No Fatalities"
9.980190890627e-314,2020-02-24 05:50:00,2,0,0,NA,"N","SIDESWIPE - OPPOSITE DIRECTION","RAIN","DARK - LIGHTED","MYATT DR & ANDERSON LN","MADISON","MADISO",36.27142,-86.68964,"PARKED MOTOR VEHICLE","37115","2020","February","Winter","05","Monday","Weekday","No Injuries","No Fatalities"
9.98019094250389e-314,2020-02-24 06:00:00,1,1,0,NA,"N","NOT COLLISION W/MOTOR VEHICLE-TRANSPORT","RAIN","DARK - LIGHTED","MM 44 6 I 24","NASHVILLE","NORTH",36.22731,-86.778,"EMBANKMENT EARTH","37207","2020","February","Winter","06","Monday","Weekday","Injuries","No Fatalities"
9.98019096770124e-314,2020-02-24 06:35:00,2,0,0,NA,"Y","UNKNOWN","RAIN","DARK - LIGHTED","ANTIOCH PKE & HAYSTACK LN","NASHVILLE","SOUTH",36.07182,-86.68427,"PARKED MOTOR VEHICLE","37211","2020","February","Winter","06","Monday","Weekday","No Injuries","No Fatalities"
9.98019099092233e-314,2020-02-24 06:00:00,2,0,0,NA,"Y","NOT COLLISION W/MOTOR VEHICLE-TRANSPORT","RAIN","DARK - LIGHTED","BURCH AV & 31ST AVN","NASHVILLE","MIDTOW",36.14638,-86.81631,"PARKED MOTOR VEHICLE;UTILITY POLE","37203","2020","February","Winter","06","Monday","Weekday","No Injuries","No Fatalities"
9.98019102896538e-314,2020-02-24 11:00:00,2,2,0,NA,"N","ANGLE","RAIN","DARK - LIGHTED","HAYWOOD LN & I24 E EXT RAMP","NASHVILLE","SOUTH",36.06927,-86.69221,"MOTOR VEHICLE IN TRANSPORT","37211","2020","February","Winter","11","Monday","Weekday","Injuries","No Fatalities"
9.98019103687043e-314,2020-02-24 11:11:00,1,0,0,NA,"N","NOT COLLISION W/MOTOR VEHICLE-TRANSPORT","RAIN","Dark-Unknown Lighting","MM 86 5 I 65","NASHVILLE","NORTH",36.19307,-86.77727,"GUARDRAIL FACE","37207","2020","February","Winter","11","Monday","Weekday","No Injuries","No Fatalities"
9.98019104329328e-314,2020-02-24 06:00:00,3,0,0,NA,"N","Front to Rear","RAIN","DARK - LIGHTED","MM 86 5 I 65","NASHVILLE","NORTH",36.19511,-86.77616,"MOTOR VEHICLE IN TRANSPORT;EMBANKMENT EARTH","37207","2020","February","Winter","06","Monday","Weekday","No Injuries","No Fatalities"
9.98019104625768e-314,2020-02-24 11:21:00,2,0,0,NA,"N","ANGLE","RAIN","DARK - LIGHTED","17TH AVN & WEST END AV","NASHVILLE","MIDTOW",36.15422,-86.79473,"MOTOR VEHICLE IN TRANSPORT","37203","2020","February","Winter","11","Monday","Weekday","No Injuries","No Fatalities"
9.98019104724581e-314,2020-02-24 06:00:00,4,0,0,NA,"Y","Front to Rear","RAIN","DARK - LIGHTED","MM 86 6 I 65","NASHVILLE","NORTH",36.19616,-86.77612,"MOTOR VEHICLE IN TRANSPORT;EMBANKMENT EARTH","37207","2020","February","Winter","06","Monday","Weekday","No Injuries","No Fatalities"
9.98019105515086e-314,2020-02-24 11:40:00,2,0,0,NA,"Y","Front to Rear","RAIN","DARK - LIGHTED","MM 86 6 I 65","NASHVILLE","NORTH",36.1958,-86.77612,"MOTOR VEHICLE IN TRANSPORT","37207","2020","February","Winter","11","Monday","Weekday","No Injuries","No Fatalities"
9.98019105762119e-314,2020-02-24 12:00:00,3,0,0,NA,"Y","Front to Rear","RAIN","Dark-Unknown Lighting","MM 211 4 I 40","NASHVILLE","HERMIT",36.15189,-86.75253,"MOTOR VEHICLE IN TRANSPORT","37210","2020","February","Winter","12","Monday","Weekday","No Injuries","No Fatalities"
9.9801910660203e-314,2020-02-24 11:58:00,2,1,0,NA,"N","Front to Rear","RAIN","DAYLIGHT","I24 W EXT RAMP & I 24","NASHVILLE","SOUTH",36.23788,-86.78357,"MOTOR VEHICLE IN TRANSPORT","37211","2020","February","Winter","11","Monday","Weekday","Injuries","No Fatalities"
9.98019106799657e-314,2020-02-24 12:00:00,2,2,0,NA,"N","Front to Rear","RAIN","DAWN","0 I 65","NASHVILLE","NORTH",36.23777,-86.75844,"MOTOR VEHICLE IN TRANSPORT","37207","2020","February","Winter","12","Monday","Weekday","Injuries","No Fatalities"
9.98019109813457e-314,2020-02-24 12:49:00,2,0,0,NA,"N","ANGLE","RAIN","DAYLIGHT","FRANKLIN PKE & LAMBERT DR","NASHVILLE","MIDTOW",36.08015,-86.77275,"MOTOR VEHICLE IN TRANSPORT","37220","2020","February","Winter","12","Monday","Weekday","No Injuries","No Fatalities"
9.98019109862864e-314,2020-02-24 12:55:00,2,0,0,NA,"N","ANGLE","RAIN","DAYLIGHT","WHITE BRIDGE PKE & I40 E ENT RAMP","NASHVILLE","WEST",36.15146,-86.85774,"MOTOR VEHICLE IN TRANSPORT","37209","2020","February","Winter","12","Monday","Weekday","No Injuries","No Fatalities"
9.98019110011083e-314,2020-02-24 12:14:00,2,0,0,NA,"N","ANGLE","RAIN","DAYLIGHT","MURFREESBORO PKE & BELL RD","ANTIOCH","SOUTH",36.07187,-86.63618,"MOTOR VEHICLE IN TRANSPORT","37013","2020","February","Winter","12","Monday","Weekday","No Injuries","No Fatalities"
9.98019110752182e-314,2020-02-24 12:58:00,2,1,0,NA,"N","ANGLE","RAIN","DAYLIGHT","DICKERSON PKE & GRIZZARD AV","NASHVILLE","EAST",36.20824,-86.7674,"MOTOR VEHICLE IN TRANSPORT","37207","2020","February","Winter","12","Monday","Weekday","Injuries","No Fatalities"
9.98019111345061e-314,2020-02-24 11:16:00,2,0,0,NA,"Y","Front to Rear","RAIN","DAYLIGHT","ANTIOCH PKE & EZELL PKE","NASHVILLE","SOUTH",36.08343,-86.68909,"MOTOR VEHICLE IN TRANSPORT","37211","2020","February","Winter","11","Monday","Weekday","No Injuries","No Fatalities"
9.98019155909782e-314,2020-02-24 06:00:00,2,0,0,NA,"Y","Front to Rear","RAIN","DAYLIGHT","MM 210 7 I 40","NASHVILLE","HERMIT",36.15322,-86.76441,"MOTOR VEHICLE IN TRANSPORT","37210","2020","February","Winter","06","Monday","Weekday","No Injuries","No Fatalities"
9.98019156552067e-314,2020-02-24 06:00:00,1,2,0,NA,"N","NOT COLLISION W/MOTOR VEHICLE-TRANSPORT","RAIN","DAYLIGHT","MM 57 3 I 24","ANTIOCH","SOUTH",36.0665,-86.68636,"CONCRETE TRAFFIC BARRIER","37013","2020","February","Winter","06","Monday","Weekday","Injuries","No Fatalities"
9.98019172609201e-314,2020-02-25 00:19:00,2,2,0,NA,"N","HEAD-ON","RAIN","DARK - LIGHTED","DICKERSON PKE & MAPLEWOOD TRC","NASHVILLE","EAST",36.23229,-86.75879,"MOTOR VEHICLE IN TRANSPORT","37216","2020","February","Winter","00","Tuesday","Weekday","Injuries","No Fatalities"
9.98019174289024e-314,2020-02-25 00:25:00,3,0,0,NA,"N","Front to Rear","RAIN","DARK - NOT LIGHTED","MM 81 8 I 65","NASHVILLE","MIDTOW",36.1409,-86.77638,"MOTOR VEHICLE IN TRANSPORT","37203","2020","February","Winter","00","Tuesday","Weekday","No Injuries","No Fatalities"
9.98019174980716e-314,2020-02-25 00:50:00,1,1,0,NA,"N","NOT COLLISION W/MOTOR VEHICLE-TRANSPORT","RAIN","DARK - LIGHTED","FRANKLIN PKE & 8TH AVS","NASHVILLE","MIDTOW",36.12859,-86.77789,"FENCE","37204","2020","February","Winter","00","Tuesday","Weekday","Injuries","No Fatalities"
9.98019177302824e-314,2020-02-25 01:15:00,2,1,0,NA,"Y","SIDESWIPE - SAME DIRECTION","RAIN","DARK - LIGHTED","MM 207 9 I 40","NASHVILLE","NORTH",36.17127,-86.79844,"MOTOR VEHICLE IN TRANSPORT","37208","2020","February","Winter","01","Tuesday","Weekday","Injuries","No Fatalities"
9.98019177549857e-314,2020-02-25 00:16:00,2,0,0,NA,"Y","SIDESWIPE - OPPOSITE DIRECTION","RAIN","DARK - LIGHTED","RIVERGATE STATION PVTDR & GALLATIN PKEN","MADISON","MADISO",36.29314,-86.70235,"MOTOR VEHICLE IN TRANSPORT","37115","2020","February","Winter","00","Tuesday","Weekday","No Injuries","No Fatalities"
9.98019195286814e-314,2020-02-25 03:08:00,2,0,0,NA,"N","Front to Rear","RAIN","DARK - LIGHTED","BONNAMERE DR & JACKSONIAN DR","HERMITAGE","HERMIT",36.20431,-86.63612,"PARKED MOTOR VEHICLE","37076","2020","February","Winter","03","Tuesday","Weekday","No Injuries","No Fatalities"
9.98019200326283e-314,2020-02-25 04:10:00,2,0,0,NA,"Y","Front to Rear","RAIN","DARK - LIGHTED","BELL RD & HICKORY HOLLOW LN","ANTIOCH","SOUTH",36.04928,-86.65173,"MOTOR VEHICLE IN TRANSPORT","37013","2020","February","Winter","04","Tuesday","Weekday","No Injuries","No Fatalities"
9.9801920669973e-314,2020-02-25 07:00:00,1,0,0,NA,"N","NOT COLLISION W/MOTOR VEHICLE-TRANSPORT","RAIN","DARK - LIGHTED","WEST END AV & PARK DR","NASHVILLE","MIDTOW",36.1398,-86.8186,"MOTOR VEHICLE IN TRANSPORT;CURB","37212","2020","February","Winter","07","Tuesday","Weekday","No Injuries","No Fatalities"
9.98019317222215e-314,2020-02-26 03:23:00,3,1,0,NA,"N","NOT COLLISION W/MOTOR VEHICLE-TRANSPORT","RAIN","DARK - NOT LIGHTED","GALLATIN PKEN & DUPONT AV","MADISON","MADISO",36.2674,-86.71084,"PARKED MOTOR VEHICLE;BUILDING;FENCE;WALL;Ran Off Road-Right","37115","2020","February","Winter","03","Wednesday","Weekday","Injuries","No Fatalities"
9.98019320334829e-314,2020-02-26 03:58:00,2,0,0,NA,"N","Front to Rear","RAIN","DARK - NOT LIGHTED","JOSEPH AV & EVANSTON AV","NASHVILLE","EAST",36.18874,-86.77189,"MOTOR VEHICLE IN TRANSPORT;PARKED MOTOR VEHICLE","37207","2020","February","Winter","03","Wednesday","Weekday","No Injuries","No Fatalities"
9.9801932275575e-314,2020-02-26 04:26:00,2,0,0,NA,"N","Front to Rear","RAIN","DARK - LIGHTED","KOREAN VETERANS BLVD & 6TH AVS","NASHVILLE","CENTRA",36.15538,-86.77822,"MOTOR VEHICLE IN TRANSPORT","37203","2020","February","Winter","04","Wednesday","Weekday","No Injuries","No Fatalities"
9.9801932305219e-314,2020-02-26 04:30:00,2,0,0,NA,"Y","SIDESWIPE - OPPOSITE DIRECTION","RAIN","DARK - LIGHTED","GALLATIN PKE & EASTDALE AV","NASHVILLE","EAST",36.22544,-86.72553,"MOTOR VEHICLE IN TRANSPORT-OTHER ROADWAY","37216","2020","February","Winter","04","Wednesday","Weekday","No Injuries","No Fatalities"
9.98019324435574e-314,2020-02-26 04:41:00,2,0,0,NA,"N","ANGLE","RAIN","DARK - LIGHTED","MURFREESBORO PKE & EZELL PKE","NASHVILLE","SOUTH",36.10504,-86.67031,"MOTOR VEHICLE IN TRANSPORT","37217","2020","February","Winter","04","Wednesday","Weekday","No Injuries","No Fatalities"
9.98019359711861e-314,2020-02-26 11:48:00,2,0,0,NA,"N","SIDESWIPE - SAME DIRECTION","RAIN","DARK - LIGHTED","DUE WEST AVE & GALLATIN PKES","MADISON","MADISO",36.24805,-86.72033,"MOTOR VEHICLE IN TRANSPORT","37115","2020","February","Winter","11","Wednesday","Weekday","No Injuries","No Fatalities"
9.98019359909487e-314,2020-02-26 12:04:00,1,1,0,NA,"N","NOT COLLISION W/MOTOR VEHICLE-TRANSPORT","RAIN","DAWN","CHARLOTTE PKE & RIVER RD","NASHVILLE","WEST",36.12786,-86.9076,"CULVERT","37209","2020","February","Winter","12","Wednesday","Weekday","Injuries","No Fatalities"
9.98019360354146e-314,2020-02-26 12:08:00,1,0,0,NA,"Y","NOT COLLISION W/MOTOR VEHICLE-TRANSPORT","RAIN","DAYLIGHT","BURNING TREE DR & CENTRAL PKE","HERMITAGE","HERMIT",36.17354,-86.60021,"UTILITY POLE","37076","2020","February","Winter","12","Wednesday","Weekday","No Injuries","No Fatalities"
9.98019362033969e-314,2020-02-26 12:40:00,2,1,0,NA,"N","Front to Rear","RAIN","DAYLIGHT","BELL RD & HICKORY PARK DR","ANTIOCH","SOUTH",36.04486,-86.67043,"MOTOR VEHICLE IN TRANSPORT","37013","2020","February","Winter","12","Wednesday","Weekday","Injuries","No Fatalities"
9.98019363417353e-314,2020-02-26 11:49:00,2,1,0,NA,"N","Front to Rear","RAIN","DAWN","MM 62 6 I 24","ANTIOCH","SOUTH",36.01398,-86.61989,"MOTOR VEHICLE IN TRANSPORT","37013","2020","February","Winter","11","Wednesday","Weekday","Injuries","No Fatalities"
9.98019430758501e-314,2020-02-27 00:09:00,3,1,0,NA,"N","Front to Rear","RAIN","DARK - LIGHTED","W TRINITY LN & E TRINITY LN","NASHVILLE","EAST",36.20597,-86.76963,"MOTOR VEHICLE IN TRANSPORT","37207","2020","February","Winter","00","Thursday","Weekday","Injuries","No Fatalities"
9.98019432141884e-314,2020-02-27 00:15:00,2,0,0,NA,"N","SIDESWIPE - SAME DIRECTION","RAIN","DARK - LIGHTED","NOLENSVILLE PKE & OLD HICKORY BLVD","NASHVILLE","SOUTH",36.04681,-86.71343,"MOTOR VEHICLE IN TRANSPORT","37211","2020","February","Winter","00","Thursday","Weekday","No Injuries","No Fatalities"
9.98019435007465e-314,2020-02-27 00:51:00,2,1,0,NA,"N","ANGLE","RAIN","DARK - LIGHTED","MURFREESBORO PIKE & RANSOM PL","NASHVILLE","HERMIT",36.08788,-86.64929,"MOTOR VEHICLE IN TRANSPORT","37217","2020","February","Winter","00","Thursday","Weekday","Injuries","No Fatalities"
9.98019441133879e-314,2020-02-27 01:48:00,1,1,0,NA,"N","NOT COLLISION W/MOTOR VEHICLE-TRANSPORT","RAIN","DARK - NOT LIGHTED","HAYWOOD LN & CHAMBERS DR","NASHVILLE","SOUTH",36.0684,-86.70736,"TREE","37211","2020","February","Winter","01","Thursday","Weekday","Injuries","No Fatalities"
9.98019449532995e-314,2020-02-27 03:11:00,2,1,0,NA,"Y","Front to Rear","RAIN","DARK - LIGHTED","MM 1 9 I 440","NASHVILLE","WEST",36.1312,-86.81788,"MOTOR VEHICLE IN TRANSPORT;CONCRETE TRAFFIC BARRIER","37205","2020","February","Winter","03","Thursday","Weekday","Injuries","No Fatalities"
9.98019924972366e-314,2020-03-02 04:10:00,2,0,0,NA,"Y","SIDESWIPE - SAME DIRECTION","RAIN","DARK - LIGHTED","HIGHWAY 70S & SAWYER BROWN RD","NASHVILLE","WEST",36.07711,-86.94597,"MOTOR VEHICLE IN TRANSPORT","37221","2020","March","Spring","04","Monday","Weekday","No Injuries","No Fatalities"
9.98019928974298e-314,2020-03-01 06:00:00,1,0,0,NA,"N","NOT COLLISION W/MOTOR VEHICLE-TRANSPORT","RAIN","DARK - LIGHTED","MM 86 5 I 65","NASHVILLE","NORTH",36.19306,-86.77731,"GUARDRAIL FACE;Ran Off Road-Left","37207","2020","March","Spring","06","Sunday","Weekend","No Injuries","No Fatalities"
9.98019929270737e-314,2020-03-02 05:34:00,1,0,0,NA,"Y","NOT COLLISION W/MOTOR VEHICLE-TRANSPORT","RAIN","DARK - LIGHTED","EAST THOMPSON LN & OLD GLENROSE AV","NASHVILLE","SOUTH",36.11708,-86.71915,"OTHER FIXED OBJECTS","37211","2020","March","Spring","05","Monday","Weekday","No Injuries","No Fatalities"
9.9801992981421e-314,2020-03-02 05:45:00,1,0,0,NA,"Y","NOT COLLISION W/MOTOR VEHICLE-TRANSPORT","RAIN","DARK - LIGHTED","MURFREESBORO PKE & MOUNTAIN SPRINGS RD","ANTIOCH","SOUTH",36.04784,-86.61205,"OTHER OBJECT (NOT FIXED);H-WAY TRAFFIC SIGNAL POST;Ran Off Road-Left","37013","2020","March","Spring","05","Monday","Weekday","No Injuries","No Fatalities"
9.98019931049374e-314,2020-03-02 06:01:00,1,0,0,NA,"N","NOT COLLISION W/MOTOR VEHICLE-TRANSPORT","RAIN","DARK - LIGHTED","MAXEY LN & MCGAVOCK PIKE","NASHVILLE","EAST",36.20393,-86.72596,"MAIL BOX","37216","2020","March","Spring","06","Monday","Weekday","No Injuries","No Fatalities"