"Accident.Number","Date.and.Time","Number.of.Motor.Vehicles","Number.of.Injuries","Number.of.Fatalities","Property.Damage","Hit.and.Run","Collision.Type.Description","Weather.Description","Illumination.Description","Street.Address","City","Precinct","Latitude","Longitude","HarmfulDescriptions","Zip.Code","Year","Month","Season","Hour","Weekday","DayType","Accident","Fatality_category"
9.98019933124449e-314,2020-03-02 06:00:00,1,0,0,NA,"N","NOT COLLISION W/MOTOR VEHICLE-TRANSPORT","RAIN","DARK - NOT LIGHTED","STATE HWY 265 & UNKNOWN RAMP","HERMITAGE","HERMIT",36.17404,-86.60594,"GUARDRAIL FACE","37076","2020","March","Spring","06","Monday","Weekday","No Injuries","No Fatalities"
9.98019934754866e-314,2020-03-02 06:35:00,2,0,0,NA,"Y","Front to Rear","RAIN","DARK - LIGHTED","MM 211 7 I 40","NASHVILLE","HERMIT",36.15008,-86.74869,"MOTOR VEHICLE IN TRANSPORT","37210","2020","March","Spring","06","Monday","Weekday","No Injuries","No Fatalities"
9.98019939250863e-314,2020-03-02 07:41:00,2,1,0,NA,"Y","Front to Rear","RAIN","DARK - LIGHTED","8TH AVS & MCGAVOCK ST","NASHVILLE","CENTRA",36.15766,-86.78131,"MOTOR VEHICLE IN TRANSPORT","37203","2020","March","Spring","07","Monday","Weekday","Injuries","No Fatalities"
9.98019943796267e-314,2020-03-02 08:47:00,2,1,0,NA,"Y","SIDESWIPE - SAME DIRECTION","RAIN","DARK - NOT LIGHTED","MM 60 3 I 24","ANTIOCH","SOUTH",36.03663,-86.64561,"MOTOR VEHICLE IN TRANSPORT;CONCRETE TRAFFIC BARRIER","37013","2020","March","Spring","08","Monday","Weekday","Injuries","No Fatalities"
9.98019946316002e-314,2020-03-02 09:50:00,1,1,0,NA,"N","NOT COLLISION W/MOTOR VEHICLE-TRANSPORT","RAIN","DARK - NOT LIGHTED","MM 210 6 I 40","NASHVILLE","HERMIT",36.15229,-86.7666,"BRIDGE RAIL","37210","2020","March","Spring","09","Monday","Weekday","Injuries","No Fatalities"
9.98019950070901e-314,2020-03-02 10:15:00,1,0,0,NA,"N","NOT COLLISION W/MOTOR VEHICLE-TRANSPORT","RAIN","DARK - LIGHTED","MM 86 5 I 65","NASHVILLE","NORTH",36.19378,-86.77655,"GUARDRAIL FACE","37207","2020","March","Spring","10","Monday","Weekday","No Injuries","No Fatalities"
9.98019951306065e-314,2020-03-02 10:30:00,2,0,0,NA,"N","HEAD-ON","RAIN","DARK - NOT LIGHTED","CALL HILL RD & BRADFORD HILLS DR","NASHVILLE","MIDTOW",36.02532,-86.71972,"MOTOR VEHICLE IN TRANSPORT","37211","2020","March","Spring","10","Monday","Weekday","No Injuries","No Fatalities"
9.98019953529361e-314,2020-03-02 11:14:00,2,1,0,NA,"Y","Front to Rear","RAIN","DARK - LIGHTED","I24 E ENT RAMP & I 24","NASHVILLE","CENTRA",36.0447,-86.66004,"MOTOR VEHICLE IN TRANSPORT","37213","2020","March","Spring","11","Monday","Weekday","Injuries","No Fatalities"
9.98019954270459e-314,2020-03-02 06:00:00,3,0,0,NA,"Y","SIDESWIPE - SAME DIRECTION","RAIN","DARK - LIGHTED","MM 86 8 I 65","NASHVILLE","NORTH",36.19933,-86.77653,"MOTOR VEHICLE IN TRANSPORT","37207","2020","March","Spring","06","Monday","Weekday","No Injuries","No Fatalities"
9.98019955999689e-314,2020-03-02 11:55:00,1,0,0,NA,"N","NOT COLLISION W/MOTOR VEHICLE-TRANSPORT","RAIN","DAYLIGHT","MM 213 0 I 40","NASHVILLE","HERMIT",36.14121,-86.73162,"GUARDRAIL FACE","37210","2020","March","Spring","11","Monday","Weekday","No Injuries","No Fatalities"
9.98019957580699e-314,2020-03-02 12:15:00,1,1,0,NA,"N","NOT COLLISION W/MOTOR VEHICLE-TRANSPORT","RAIN","DAWN","OLD SPRINGFIELD PKE & LICKTON PKE","GOODLETTSVILLE","MADISO",36.34953,-86.72776,"CULVERT;DITCH","37072","2020","March","Spring","12","Monday","Weekday","Injuries","No Fatalities"
9.98019958470017e-314,2020-03-02 12:32:00,3,1,0,NA,"N","Front to Rear","RAIN","DAWN","MM 52 2 I 24","NASHVILLE","SOUTH",36.13531,-86.72674,"MOTOR VEHICLE IN TRANSPORT","37217","2020","March","Spring","12","Monday","Weekday","Injuries","No Fatalities"
9.98019958964083e-314,2020-03-02 10:30:00,1,0,0,NA,"Y","NOT COLLISION W/MOTOR VEHICLE-TRANSPORT","RAIN","DARK - LIGHTED","MADISON BLVD & DENSON AV","MADISON","MADISO",36.25294,-86.70765,"FIRE HYDRANT","37115","2020","March","Spring","10","Monday","Weekday","No Injuries","No Fatalities"
9.98019959655775e-314,2020-03-02 06:00:00,1,0,0,NA,"Y","NOT COLLISION W/MOTOR VEHICLE-TRANSPORT","RAIN","UNKNOWN","LYNNWOOD BLVD & BALBADE DR","NASHVILLE","WEST",36.07728,-86.84699,"EMBANKMENT ROCK/STONE/CONCRETE","37215","2020","March","Spring","06","Monday","Weekday","No Injuries","No Fatalities"
9.9801996000162e-314,2020-03-02 12:32:00,1,0,0,NA,"N","NOT COLLISION W/MOTOR VEHICLE-TRANSPORT","RAIN","DAYLIGHT","MM 49 5 I 24","NASHVILLE","CENTRA",36.15979,-86.76008,"THROWN OR FALLING OBJECT","37210","2020","March","Spring","12","Monday","Weekday","No Injuries","No Fatalities"
9.98019960693312e-314,2020-03-02 12:40:00,2,0,0,NA,"N","Front to Rear","RAIN","DAYLIGHT","MM 211 5 I 40","NASHVILLE","HERMIT",36.15132,-86.75147,"MOTOR VEHICLE IN TRANSPORT","37210","2020","March","Spring","12","Monday","Weekday","No Injuries","No Fatalities"
9.98019961088565e-314,2020-03-02 06:00:00,2,0,0,NA,"N","SIDESWIPE - SAME DIRECTION","RAIN","DAWN","FESSLERS PKWY & FESSLERS LN","NASHVILLE","HERMIT",36.14916,-86.74319,"MOTOR VEHICLE IN TRANSPORT","37210","2020","March","Spring","06","Monday","Weekday","No Injuries","No Fatalities"
9.98019962521355e-314,2020-03-02 12:51:00,2,0,0,NA,"N","ANGLE","RAIN","DAYLIGHT","MCMURRAY DR & WHITAKER DR","NASHVILLE","MIDTOW",36.05389,-86.7394,"MOTOR VEHICLE IN TRANSPORT","37211","2020","March","Spring","12","Monday","Weekday","No Injuries","No Fatalities"
9.98021105245788e-314,2020-03-10 00:10:00,2,0,0,NA,"N","ANGLE","RAIN","DARK - LIGHTED","HIGHWAY 70S & BELLEVUE CTR PVTDR","NASHVILLE","WEST",36.07854,-86.95081,"MOTOR VEHICLE IN TRANSPORT","37221","2020","March","Spring","00","Tuesday","Weekday","No Injuries","No Fatalities"
9.98021105394007e-314,2020-03-10 00:17:00,2,1,0,NA,"Y","SIDESWIPE - SAME DIRECTION","RAIN","DARK - LIGHTED","MM 86 1 I 65","NASHVILLE","NORTH",36.19171,-86.78395,"MOTOR VEHICLE IN TRANSPORT;UNKNOWN MOST HARMFUL EVENT","37228","2020","March","Spring","00","Tuesday","Weekday","Injuries","No Fatalities"
9.98021106431545e-314,2020-03-10 00:24:00,2,1,0,NA,"N","Front to Rear","RAIN","DARK - LIGHTED","LEBANON PKE & FESSLERS LN","NASHVILLE","HERMIT",36.15432,-86.74213,"MOTOR VEHICLE IN TRANSPORT","37210","2020","March","Spring","00","Tuesday","Weekday","Injuries","No Fatalities"
9.98021120858262e-314,2020-03-10 02:47:00,1,0,0,NA,"N","NOT COLLISION W/MOTOR VEHICLE-TRANSPORT","RAIN","DARK - LIGHTED","MM 92 1 I 65","MADISON","MADISO",36.26325,-86.738,"OTHER OBJECT (NOT FIXED)","37115","2020","March","Spring","02","Tuesday","Weekday","No Injuries","No Fatalities"
9.980211542571e-314,2020-03-10 05:00:00,2,0,0,NA,"Y","SIDESWIPE - SAME DIRECTION","RAIN","DARK - LIGHTED","MM 210 2 I 40","NASHVILLE","MIDTOW",36.14936,-86.77336,"MOTOR VEHICLE IN TRANSPORT","37203","2020","March","Spring","05","Tuesday","Weekday","No Injuries","No Fatalities"
9.98021156727428e-314,2020-03-10 09:48:00,2,0,0,NA,"N","Front to Rear","RAIN","DARK - LIGHTED","W TRINITY LN & BRICK CHURCH PKE","NASHVILLE","NORTH",36.20662,-86.7779,"MOTOR VEHICLE IN TRANSPORT","37207","2020","March","Spring","09","Tuesday","Weekday","No Injuries","No Fatalities"
9.98021160828173e-314,2020-03-10 10:54:00,1,0,0,NA,"N","NOT COLLISION W/MOTOR VEHICLE-TRANSPORT","RAIN","DARK - LIGHTED","MM 211 0 I 40","NASHVILLE","HERMIT",36.15405,-86.75862,"CONCRETE TRAFFIC BARRIER;Ran Off Road-Right","37210","2020","March","Spring","10","Tuesday","Weekday","No Injuries","No Fatalities"
9.98021164138413e-314,2020-03-10 11:10:00,2,0,0,NA,"N","Front to Rear","RAIN","DARK - LIGHTED","MM 58 6 I 24","ANTIOCH","SOUTH",36.05177,-86.66985,"MOTOR VEHICLE IN TRANSPORT","37013","2020","March","Spring","11","Tuesday","Weekday","No Injuries","No Fatalities"
9.98021168041531e-314,2020-03-10 11:36:00,3,2,0,NA,"N","Front to Rear","RAIN","DAWN","MM 52 6 I 24","NASHVILLE","SOUTH",36.12472,-86.72782,"MOTOR VEHICLE IN TRANSPORT","37210","2020","March","Spring","11","Tuesday","Weekday","Injuries","No Fatalities"
9.98021172488122e-314,2020-03-10 12:20:00,2,1,0,NA,"N","ANGLE","RAIN","DAYLIGHT","BROADMOOR DR & SAUNDERS AV","NASHVILLE","EAST",36.22971,-86.7325,"MOTOR VEHICLE IN TRANSPORT","37216","2020","March","Spring","12","Tuesday","Weekday","Injuries","No Fatalities"
9.98021172685748e-314,2020-03-10 12:20:00,2,0,0,NA,"N","Front to Rear","RAIN","DAYLIGHT","ELLINGTON PKWYS & WARD ST","NASHVILLE","EAST",36.1983,-86.75212,"MOTOR VEHICLE IN TRANSPORT","37207","2020","March","Spring","12","Tuesday","Weekday","No Injuries","No Fatalities"
9.98021172833968e-314,2020-03-10 05:00:00,3,0,0,NA,"N","Front to Rear","RAIN","DAYLIGHT","MM 37 2 I 24","WHITES CREEK","NORTH",36.31443,-86.83228,"MOTOR VEHICLE IN TRANSPORT","37189","2020","March","Spring","05","Tuesday","Weekday","No Injuries","No Fatalities"
9.98021175748955e-314,2020-03-10 12:49:00,2,0,0,NA,"N","ANGLE","RAIN","DAYLIGHT","1ST AVS & CHESTNUT ST","NASHVILLE","SOUTH",36.14634,-86.76337,"MOTOR VEHICLE IN TRANSPORT","37210","2020","March","Spring","12","Tuesday","Weekday","No Injuries","No Fatalities"
9.98021180640205e-314,2020-03-10 12:55:00,2,0,0,NA,"N","SIDESWIPE - SAME DIRECTION","RAIN","DAYLIGHT","APACHE TRL & HAYWOOD LN","NASHVILLE","SOUTH",36.06939,-86.69394,"MOTOR VEHICLE IN TRANSPORT","37211","2020","March","Spring","12","Tuesday","Weekday","No Injuries","No Fatalities"
9.98021184098665e-314,2020-03-10 12:30:00,2,0,0,NA,"N","Front to Rear","RAIN","DAYLIGHT","MM 34 8 I 24","JOELTON","NORTH",36.32427,-86.87028,"MOTOR VEHICLE IN TRANSPORT;Set In Motion By Motor Vehicle","37080","2020","March","Spring","12","Tuesday","Weekday","No Injuries","No Fatalities"
9.98019631349153e-314,2020-02-28 11:15:00,1,0,0,NA,"N","NOT COLLISION W/MOTOR VEHICLE-TRANSPORT","RAIN","DARK - LIGHTED","714 ROSA L PARKS AV","NASHVILLE","CENTRA",36.16194,-86.78382,"LUMINAIRE/LIGHT SUPPORT","37203","2020","February","Winter","11","Friday","Weekday","No Injuries","No Fatalities"
9.98019631843219e-314,2020-02-28 11:40:00,2,0,0,NA,"N","Front to Rear","RAIN","DAYLIGHT","US HWY 431 & BRICK CHURCH PIKE","NASHVILLE","NORTH",36.20661,-86.7779,"MOTOR VEHICLE IN TRANSPORT","37207","2020","February","Winter","11","Friday","Weekday","No Injuries","No Fatalities"
9.98019633226602e-314,2020-02-28 12:00:00,2,0,0,NA,"N","SIDESWIPE - SAME DIRECTION","RAIN","DAYLIGHT","HARDING PL & I65 N ENT RAMP","NASHVILLE","MIDTOW",36.08241,-86.7628,"MOTOR VEHICLE IN TRANSPORT","37204","2020","February","Winter","12","Friday","Weekday","No Injuries","No Fatalities"
9.98019633671261e-314,2020-02-28 12:16:00,2,1,0,NA,"N","OTHER","RAIN","DAYLIGHT","RICE RD & RICE HILL CT","ANTIOCH","SOUTH",36.06779,-86.63915,"MOTOR VEHICLE IN TRANSPORT","37013","2020","February","Winter","12","Friday","Weekday","Injuries","No Fatalities"
9.9801963411592e-314,2020-02-28 12:20:00,1,0,0,NA,"N","NOT COLLISION W/MOTOR VEHICLE-TRANSPORT","RAIN","DAWN","ANTIOCH PKE & MILL CREEK BLUE HOLE GRNWY","ANTIOCH","SOUTH",36.06101,-86.6749,"DEER (ANIMAL)","37013","2020","February","Winter","12","Friday","Weekday","No Injuries","No Fatalities"
9.98019634758206e-314,2020-02-28 12:27:00,2,1,0,NA,"N","ANGLE","RAIN","DAWN","LEBANON PKE & JUAREZ DR","HERMITAGE","HERMIT",36.19328,-86.62347,"MOTOR VEHICLE IN TRANSPORT","37076","2020","February","Winter","12","Friday","Weekday","Injuries","No Fatalities"
9.98020025909978e-314,2020-03-03 00:11:00,4,0,0,NA,"Y","Front to Rear","RAIN","DARK - LIGHTED","ELM HILL PKE & ATRIUM WAY","NASHVILLE","HERMIT",36.15327,-86.6874,"MOTOR VEHICLE IN TRANSPORT","37214","2020","March","Spring","00","Tuesday","Weekday","No Injuries","No Fatalities"
9.98019636289809e-314,2020-02-28 12:13:00,2,0,0,NA,"N","Front to Rear","RAIN","DAWN","ANTIOCH PKE & EZELL PKE","NASHVILLE","SOUTH",36.08309,-86.68882,"MOTOR VEHICLE IN TRANSPORT","37211","2020","February","Winter","12","Friday","Weekday","No Injuries","No Fatalities"
9.98019638908357e-314,2020-02-28 06:00:00,2,0,0,NA,"N","Front to Rear","RAIN","DAYLIGHT","MURFREESBORO PKE & MOUNTAIN SPRINGS RD","ANTIOCH","SOUTH",36.04784,-86.61205,"MOTOR VEHICLE IN TRANSPORT","37013","2020","February","Winter","06","Friday","Weekday","No Injuries","No Fatalities"
9.98020027145142e-314,2020-03-03 00:10:00,2,0,0,NA,"Y","SIDESWIPE - OPPOSITE DIRECTION","RAIN","DARK - LIGHTED","ELM HILL PKE & MCGAVOCK PKE","NASHVILLE","HERMIT",36.15282,-86.68341,"MOTOR VEHICLE IN TRANSPORT","37214","2020","March","Spring","00","Tuesday","Weekday","No Injuries","No Fatalities"
9.98020027639207e-314,2020-03-03 00:19:00,1,0,0,NA,"N","NOT COLLISION W/MOTOR VEHICLE-TRANSPORT","RAIN","DARK - LIGHTED","US HWY 31E & -UNKNOWN RAMP/ROAD -","NASHVILLE","EAST",36.17939,-86.76298,"GUARDRAIL FACE","37206","2020","March","Spring","00","Tuesday","Weekday","No Injuries","No Fatalities"
9.98020028577932e-314,2020-03-03 00:20:00,3,2,0,NA,"N","Front to Rear","RAIN","DARK - LIGHTED","MM 51 6 I 24","NASHVILLE","HERMIT",36.14045,-86.73168,"MOTOR VEHICLE IN TRANSPORT","37210","2020","March","Spring","00","Tuesday","Weekday","Injuries","No Fatalities"
9.98020032184611e-314,2020-03-03 01:03:00,2,0,0,NA,"Y","Front to Rear","RAIN","DARK - LIGHTED","HART LN & HILLTOP LN","NASHVILLE","EAST",36.21402,-86.7364,"MOTOR VEHICLE IN TRANSPORT","37216","2020","March","Spring","01","Tuesday","Weekday","No Injuries","No Fatalities"
9.98020039052124e-314,2020-03-03 00:10:00,2,0,0,NA,"N","ANGLE","RAIN","DARK - LIGHTED","BELMONT BLVD & BEECHWOOD AV","NASHVILLE","MIDTOW",36.12587,-86.79402,"MOTOR VEHICLE IN TRANSPORT","37212","2020","March","Spring","00","Tuesday","Weekday","No Injuries","No Fatalities"
9.98020063063714e-314,2020-03-03 06:38:00,2,0,0,NA,"Y","ANGLE","RAIN","DARK - LIGHTED","STATE RT 45 & GALLATIN PKEN","MADISON","MADISO",36.26307,-86.71192,"MOTOR VEHICLE IN TRANSPORT","37115","2020","March","Spring","06","Tuesday","Weekday","No Injuries","No Fatalities"
9.98020068943095e-314,2020-03-03 08:54:00,2,0,0,NA,"Y","HEAD-ON","RAIN","DARK - LIGHTED","BELL RD & CANE RIDGE RD","ANTIOCH","SOUTH",36.04485,-86.66306,"MOTOR VEHICLE IN TRANSPORT","37013","2020","March","Spring","08","Tuesday","Weekday","No Injuries","No Fatalities"
9.98020073241467e-314,2020-03-03 10:37:00,1,0,0,NA,"N","NOT COLLISION W/MOTOR VEHICLE-TRANSPORT","RAIN","DARK - LIGHTED","1371 OLD HICKORY BLVD","NASHVILLE","MADISO",36.27948,-86.77671,"GUARDRAIL END","37207","2020","March","Spring","10","Tuesday","Weekday","No Injuries","No Fatalities"
9.98020076699926e-314,2020-03-03 11:23:00,1,0,0,NA,"N","NOT COLLISION W/MOTOR VEHICLE-TRANSPORT","RAIN","DARK - LIGHTED","MM 213 0 I 40","NASHVILLE","HERMIT",36.14074,-86.73231,"GUARDRAIL FACE","37210","2020","March","Spring","11","Tuesday","Weekday","No Injuries","No Fatalities"
9.98020078626782e-314,2020-03-03 06:40:00,1,0,0,NA,"N","NOT COLLISION W/MOTOR VEHICLE-TRANSPORT","RAIN","DARK - NOT LIGHTED","ROSA L PARKS BLVD & HUME ST","NASHVILLE","NORTH",36.1786,-86.79504,"OTHER OBJECT (NOT FIXED)","37208","2020","March","Spring","06","Tuesday","Weekday","No Injuries","No Fatalities"
9.98020080751264e-314,2020-03-03 12:15:00,3,0,0,NA,"N","Front to Rear","RAIN","DAYLIGHT","MM 84 8 I 65","NASHVILLE","NORTH",36.1781,-86.80095,"MOTOR VEHICLE IN TRANSPORT","37208","2020","March","Spring","12","Tuesday","Weekday","No Injuries","No Fatalities"
9.98019705903659e-314,2020-02-29 00:55:00,2,1,0,NA,"N","ANGLE","RAIN","DARK - LIGHTED","I40 E EXT RAMP & I 40","NASHVILLE","HERMIT",36.08058,-86.95524,"MOTOR VEHICLE IN TRANSPORT","37214","2020","February","Winter","00","Saturday","Weekend","Injuries","No Fatalities"
9.98019710547876e-314,2020-02-29 01:37:00,2,0,0,NA,"Y","Front to Rear","RAIN","DARK - LIGHTED","4TH AVN & BROADWAY","NASHVILLE","CENTRA",36.16127,-86.77736,"MOTOR VEHICLE IN TRANSPORT","37203","2020","February","Winter","01","Saturday","Weekend","No Injuries","No Fatalities"
9.98019710844315e-314,2020-02-29 01:40:00,2,0,0,NA,"N","Front to Rear","RAIN","DARK - NOT LIGHTED","I65 ENT RAMP & I 440","NASHVILLE","MIDTOW",36.11574,-86.78139,"MOTOR VEHICLE IN TRANSPORT","37204","2020","February","Winter","01","Saturday","Weekend","No Injuries","No Fatalities"
9.98019713956929e-314,2020-02-29 02:12:00,1,1,0,NA,"N","NOT COLLISION W/MOTOR VEHICLE-TRANSPORT","RAIN","Dark-Unknown Lighting","DICKERSON PKE & GRACE ST","NASHVILLE","EAST",36.18347,-86.77383,"PEDESTRIAN","37207","2020","February","Winter","02","Saturday","Weekend","Injuries","No Fatalities"
9.98019714698027e-314,2020-02-29 02:15:00,2,1,0,NA,"N","Front to Rear","RAIN","DAYLIGHT","I40 E ENT RAMP & I 40","NASHVILLE","WEST",36.15833,-86.62484,"MOTOR VEHICLE IN TRANSPORT;GUARDRAIL FACE","37205","2020","February","Winter","02","Saturday","Weekend","Injuries","No Fatalities"
9.98019716624883e-314,2020-02-29 02:40:00,2,2,0,NA,"N","ANGLE","RAIN","DARK - LIGHTED","MM 215 2 I 40","NASHVILLE","HERMIT",36.14377,-86.69047,"MOTOR VEHICLE IN TRANSPORT","37214","2020","February","Winter","02","Saturday","Weekend","Injuries","No Fatalities"
9.98019718749366e-314,2020-02-29 02:46:00,2,1,0,NA,"N","ANGLE","RAIN","DARK - LIGHTED","HIGHWAY 70S & BELLEVUE VALLEY PLAZA PVTD","NASHVILLE","WEST",36.07491,-86.91961,"MOTOR VEHICLE IN TRANSPORT","37221","2020","February","Winter","02","Saturday","Weekend","Injuries","No Fatalities"
9.98019718996398e-314,2020-02-29 03:05:00,3,2,0,NA,"N","ANGLE","RAIN","DARK - NOT LIGHTED","SAUNDERSVILLE RD & SHUTE LN","OLD HICKORY","HERMIT",36.22631,-86.60319,"MOTOR VEHICLE IN TRANSPORT","37138","2020","February","Winter","03","Saturday","Weekend","Injuries","No Fatalities"
9.98019719243431e-314,2020-02-29 03:08:00,2,0,0,NA,"N","SIDESWIPE - SAME DIRECTION","RAIN","Dark-Unknown Lighting","I40 W ENT RAMP & I 40","NASHVILLE","HERMIT",36.16448,-86.79386,"MOTOR VEHICLE IN TRANSPORT","37210","2020","February","Winter","03","Saturday","Weekend","No Injuries","No Fatalities"
9.98019722800704e-314,2020-02-29 03:40:00,1,1,0,NA,"N","NOT COLLISION W/MOTOR VEHICLE-TRANSPORT","RAIN","DARK - LIGHTED","STEWARTS FERRY PKE & STEWARTS FERRY PVTD","HERMITAGE","HERMIT",36.14078,-86.57573,"OTHER ANIMAL","37076","2020","February","Winter","03","Saturday","Weekend","Injuries","No Fatalities"
9.98019723442989e-314,2020-02-29 03:45:00,2,0,0,NA,"Y","Front to Rear","RAIN","DARK - NOT LIGHTED","MARITIME PORT & PRIESTSHORE BAY","ANTIOCH","SOUTH",36.0548,-86.59749,"MOTOR VEHICLE IN TRANSPORT;PARKED MOTOR VEHICLE","37013","2020","February","Winter","03","Saturday","Weekend","No Injuries","No Fatalities"
9.98019723739429e-314,2020-02-29 04:00:00,2,5,0,NA,"N","HEAD-ON","RAIN","DARK - LIGHTED","BELL RD & ELM HILL PKE","NASHVILLE","HERMIT",36.14114,-86.62797,"MOTOR VEHICLE IN TRANSPORT","37214","2020","February","Winter","04","Saturday","Weekend","Injuries","No Fatalities"
9.9801972487578e-314,2020-02-29 04:00:00,1,0,0,NA,"N","NOT COLLISION W/MOTOR VEHICLE-TRANSPORT","RAIN","DARK - LIGHTED","FESSLERS LN & ENOS REED DR","NASHVILLE","SOUTH",36.14097,-86.74593,"FIRE HYDRANT","37210","2020","February","Winter","04","Saturday","Weekend","No Injuries","No Fatalities"
9.98019725962724e-314,2020-02-29 04:33:00,3,0,0,NA,"N","ANGLE","RAIN","DARK - NOT LIGHTED","3RD AVN & COMMERCE ST","NASHVILLE","CENTRA",36.1629,-86.77686,"MOTOR VEHICLE IN TRANSPORT","37201","2020","February","Winter","04","Saturday","Weekend","No Injuries","No Fatalities"
9.98019728433052e-314,2020-02-29 03:02:00,1,0,0,NA,"N","NOT COLLISION W/MOTOR VEHICLE-TRANSPORT","RAIN","Dark-Unknown Lighting","I40 E ENT RAMP & I 24","NASHVILLE","SOUTH",36.15699,-86.76037,"CONCRETE TRAFFIC BARRIER","37217","2020","February","Winter","03","Saturday","Weekend","No Injuries","No Fatalities"
9.98019729174151e-314,2020-02-29 05:10:00,2,1,0,NA,"N","ANGLE","RAIN","DARK - LIGHTED","HARDING PL & TROUSDALE DR","NASHVILLE","MIDTOW",36.0815,-86.75981,"MOTOR VEHICLE IN TRANSPORT","37220","2020","February","Winter","05","Saturday","Weekend","Injuries","No Fatalities"
9.98019730261095e-314,2020-02-29 05:28:00,2,0,0,NA,"N","SIDESWIPE - SAME DIRECTION","RAIN","Dark-Unknown Lighting","MM 87 4 I 65","NASHVILLE","EAST",36.20762,-86.77615,"MOTOR VEHICLE IN TRANSPORT","37207","2020","February","Winter","05","Saturday","Weekend","No Injuries","No Fatalities"
9.98021361814077e-314,2020-03-11 05:00:00,2,1,0,NA,"Y","ANGLE","RAIN","DAYLIGHT","BUENA VISTA PKE & CURTIS ST","NASHVILLE","NORTH",36.19826,-86.82701,"MOTOR VEHICLE IN TRANSPORT","37218","2020","March","Spring","05","Wednesday","Weekday","Injuries","No Fatalities"
9.98021377772398e-314,2020-03-11 05:00:00,4,0,0,NA,"N","Front to Rear","RAIN","DAYLIGHT","MM 48 8 I 24","NASHVILLE","CENTRA",36.16779,-86.7657,"MOTOR VEHICLE IN TRANSPORT","37213","2020","March","Spring","05","Wednesday","Weekday","No Injuries","No Fatalities"
9.98019818105967e-314,2020-02-28 06:00:00,1,0,0,NA,"N","NOT COLLISION W/MOTOR VEHICLE-TRANSPORT","RAIN","DARK - LIGHTED","HARDING PL & TROUSDALE DR","NASHVILLE","MIDTOW",36.08143,-86.75957,"OTHER OBJECT (NOT FIXED)","37204","2020","February","Winter","06","Friday","Weekday","No Injuries","No Fatalities"
9.98021514974428e-314,2020-03-13 02:30:00,2,1,0,NA,"N","ANGLE","RAIN","DARK - LIGHTED","2000 DICKERSON PKE","NASHVILLE","EAST",36.21357,-86.76452,"MOTOR VEHICLE IN TRANSPORT-OTHER ROADWAY","37207","2020","March","Spring","02","Friday","Weekday","Injuries","No Fatalities"
9.98021534094768e-314,2020-03-13 06:37:00,2,2,0,NA,"N","ANGLE","RAIN","DARK - NOT LIGHTED","MM 2 5 I 440","NASHVILLE","WEST",36.12381,-86.80976,"MOTOR VEHICLE IN TRANSPORT","37215","2020","March","Spring","06","Friday","Weekday","Injuries","No Fatalities"
9.98021718529474e-314,2020-03-15 00:04:00,1,0,0,NA,"Y","UNKNOWN","RAIN","DARK - LIGHTED","NASHBORO BLVD & NASHBORO BLVD PVTDR","NASHVILLE","HERMIT",36.08806,-86.64595,"UNKNOWN MOST HARMFUL EVENT","37217","2020","March","Spring","00","Sunday","Weekend","No Injuries","No Fatalities"
9.98021720555143e-314,2020-03-15 00:21:00,2,0,0,NA,"Y","SIDESWIPE - SAME DIRECTION","RAIN","DARK - LIGHTED","WHARF AV & PERKINS ST","NASHVILLE","SOUTH",36.14697,-86.76279,"PARKED MOTOR VEHICLE","37210","2020","March","Spring","00","Sunday","Weekend","No Injuries","No Fatalities"
9.98021721444461e-314,2020-03-15 00:30:00,2,0,0,NA,"Y","SIDESWIPE - SAME DIRECTION","RAIN","DARK - LIGHTED","HAYWOOD LN & I24 E EXT RAMP","NASHVILLE","SOUTH",36.06927,-86.69221,"MOTOR VEHICLE IN TRANSPORT","37211","2020","March","Spring","00","Sunday","Weekend","No Injuries","No Fatalities"
9.98021723173691e-314,2020-03-15 00:52:00,4,2,0,NA,"N","Front to Rear","RAIN","DARK - LIGHTED","MAIN ST & N 8TH ST","NASHVILLE","EAST",36.17554,-86.75832,"MOTOR VEHICLE IN TRANSPORT","37206","2020","March","Spring","00","Sunday","Weekend","Injuries","No Fatalities"
9.98021723223097e-314,2020-03-15 00:39:00,3,0,0,NA,"N","OTHER","RAIN","DARK - LIGHTED","WEDGEWOOD AVE & BELMONT CIR E","NASHVILLE","MIDTOW",36.13617,-86.79358,"MOTOR VEHICLE IN TRANSPORT","37212","2020","March","Spring","00","Sunday","Weekend","No Injuries","No Fatalities"
9.9802172332191e-314,2020-03-15 00:40:00,2,0,0,NA,"N","SIDESWIPE - OPPOSITE DIRECTION","RAIN","DARK - NOT LIGHTED","MURPHY RD & WEST END AV EXT RAMP","NASHVILLE","MIDTOW",36.13961,-86.82164,"MOTOR VEHICLE IN TRANSPORT","37203","2020","March","Spring","00","Sunday","Weekend","No Injuries","No Fatalities"
9.98021724705294e-314,2020-03-15 01:08:00,2,1,0,NA,"N","Front to Rear","RAIN","DARK - LIGHTED","WEST END AV & 31ST AVN","NASHVILLE","MIDTOW",36.14265,-86.81543,"MOTOR VEHICLE IN TRANSPORT","37212","2020","March","Spring","01","Sunday","Weekend","Injuries","No Fatalities"
9.9802172678037e-314,2020-03-15 01:24:00,2,0,0,NA,"Y","SIDESWIPE - SAME DIRECTION","RAIN","DARK - LIGHTED","MM 86 5 I 65","NASHVILLE","NORTH",36.19337,-86.77691,"MOTOR VEHICLE IN TRANSPORT","37207","2020","March","Spring","01","Sunday","Weekend","No Injuries","No Fatalities"