"Accident.Number","Date.and.Time","Number.of.Motor.Vehicles","Number.of.Injuries","Number.of.Fatalities","Property.Damage","Hit.and.Run","Collision.Type.Description","Weather.Description","Illumination.Description","Street.Address","City","Precinct","Latitude","Longitude","HarmfulDescriptions","Zip.Code","Year","Month","Season","Hour","Weekday","DayType","Accident","Fatality_category"
9.98021727521468e-314,2020-03-15 01:30:00,1,0,0,NA,"N","NOT COLLISION W/MOTOR VEHICLE-TRANSPORT","RAIN","DAYLIGHT","MM 88 3 I 65","NASHVILLE","EAST",36.22056,-86.77477,"GUARDRAIL FACE","37207","2020","March","Spring","01","Sunday","Weekend","No Injuries","No Fatalities"
9.98021728954259e-314,2020-03-14 05:00:00,2,0,0,NA,"N","Front to Rear","RAIN","DARK - LIGHTED","MM 81 3 I 65","NASHVILLE","MIDTOW",36.13291,-86.77487,"MOTOR VEHICLE IN TRANSPORT","37204","2020","March","Spring","05","Saturday","Weekend","No Injuries","No Fatalities"
9.9802173181984e-314,2020-03-15 02:28:00,2,2,0,NA,"N","Front to Rear","RAIN","DARK - LIGHTED","GALLATIN AV & CAHAL AV","NASHVILLE","EAST",36.19615,-86.74253,"MOTOR VEHICLE IN TRANSPORT","37206","2020","March","Spring","02","Sunday","Weekend","Injuries","No Fatalities"
9.98021732709158e-314,2020-03-15 02:37:00,2,1,0,NA,"N","ANGLE","RAIN","DARK - LIGHTED","2ND AVE S & LINDSLEY AVE","NASHVILLE","CENTRA",36.15236,-86.76898,"MOTOR VEHICLE IN TRANSPORT","37210","2020","March","Spring","02","Sunday","Weekend","Injuries","No Fatalities"
9.98021733005597e-314,2020-03-15 02:30:00,2,0,0,NA,"Y","Front to Rear","RAIN","DARK - LIGHTED","5000 GALLATIN PKE","NASHVILLE","EAST",36.23367,-86.72481,"MOTOR VEHICLE IN TRANSPORT","37216","2020","March","Spring","02","Sunday","Weekend","No Injuries","No Fatalities"
9.98021733944322e-314,2020-03-15 02:26:00,2,0,0,NA,"N","ANGLE","RAIN","DARK - LIGHTED","US HWY 70 & CHURCH ST","NASHVILLE","CENTRA",36.15796,-86.79155,"MOTOR VEHICLE IN TRANSPORT","37203","2020","March","Spring","02","Sunday","Weekend","No Injuries","No Fatalities"
9.98021734932453e-314,2020-03-15 03:00:00,2,2,0,NA,"N","ANGLE","RAIN","DARK - LIGHTED","CROSSINGS BLVD & MT VIEW RD","ANTIOCH","SOUTH",36.04548,-86.64729,"MOTOR VEHICLE IN TRANSPORT","37013","2020","March","Spring","03","Sunday","Weekend","Injuries","No Fatalities"
9.98021735327706e-314,2020-03-15 03:03:00,1,0,0,NA,"N","NOT COLLISION W/MOTOR VEHICLE-TRANSPORT","RAIN","DARK - LIGHTED","MM 212 1 I 40","NASHVILLE","HERMIT",36.14608,-86.74213,"WALL","37210","2020","March","Spring","03","Sunday","Weekend","No Injuries","No Fatalities"
9.98021739675483e-314,2020-03-15 04:00:00,1,0,0,NA,"N","NOT COLLISION W/MOTOR VEHICLE-TRANSPORT","RAIN","DARK - NOT LIGHTED","LEBANON PKE & BONNABROOK DR","HERMITAGE","HERMIT",36.19173,-86.62482,"UTILITY POLE","37076","2020","March","Spring","04","Sunday","Weekend","No Injuries","No Fatalities"
9.98021740614208e-314,2020-03-15 04:10:00,2,0,0,NA,"N","ANGLE","RAIN","DARK - LIGHTED","ELM HILL PIKE & STATE HWY 155","NASHVILLE","HERMIT",36.15216,-86.69074,"MOTOR VEHICLE IN TRANSPORT","37210","2020","March","Spring","04","Sunday","Weekend","No Injuries","No Fatalities"
9.98021740713021e-314,2020-03-15 04:15:00,2,0,0,NA,"N","ANGLE","RAIN","DARK - LIGHTED","HARDING PL & HILLSBORO PKE","NASHVILLE","MIDTOW",36.09136,-86.82851,"MOTOR VEHICLE IN TRANSPORT","37215","2020","March","Spring","04","Sunday","Weekend","No Injuries","No Fatalities"
9.98021741256493e-314,2020-03-15 04:24:00,2,1,0,NA,"N","ANGLE","RAIN","DARK - LIGHTED","MM 86 5 I 65","NASHVILLE","NORTH",36.19497,-86.77557,"MOTOR VEHICLE IN TRANSPORT","37207","2020","March","Spring","04","Sunday","Weekend","Injuries","No Fatalities"
9.98021743628009e-314,2020-03-15 04:20:00,1,0,0,NA,"Y","UNKNOWN","RAIN","DARK - LIGHTED","W TRINITY LN & OLD MATTHEWS RD","NASHVILLE","NORTH",36.2083,-86.78887,"UTILITY POLE;CURB;FIRE HYDRANT;UNKNOWN MOST HARMFUL EVENT","37207","2020","March","Spring","04","Sunday","Weekend","No Injuries","No Fatalities"
9.98021743677415e-314,2020-03-15 05:15:00,1,1,0,NA,"N","NOT COLLISION W/MOTOR VEHICLE-TRANSPORT","RAIN","DARK - LIGHTED","MM 52 4 I 24","NASHVILLE","HERMIT",36.13851,-86.72683,"DITCH","37210","2020","March","Spring","05","Sunday","Weekend","Injuries","No Fatalities"
9.98021743776228e-314,2020-03-15 03:40:00,2,0,0,NA,"Y","Front to Rear","RAIN","DARK - LIGHTED","BELL RD & CANE RIDGE RD","ANTIOCH","SOUTH",36.04483,-86.66272,"MOTOR VEHICLE IN TRANSPORT","37013","2020","March","Spring","03","Sunday","Weekend","No Injuries","No Fatalities"
9.98021743924448e-314,2020-03-15 04:15:00,1,0,0,NA,"N","NOT COLLISION W/MOTOR VEHICLE-TRANSPORT","RAIN","DARK - NOT LIGHTED","SHUTE LN & SAUNDERSVILLE RD","OLD HICKORY","HERMIT",36.227,-86.6031,"DITCH","37138","2020","March","Spring","04","Sunday","Weekend","No Injuries","No Fatalities"
9.98021744270294e-314,2020-03-15 05:04:00,1,0,0,NA,"Y","UNKNOWN","RAIN","DARK - LIGHTED","SMITH SPRINGS RD & UNA RECREATION RD","NASHVILLE","HERMIT",36.09642,-86.64401,"UNKNOWN MOST HARMFUL EVENT","37217","2020","March","Spring","05","Sunday","Weekend","No Injuries","No Fatalities"
9.9802174619715e-314,2020-03-15 05:30:00,1,1,0,NA,"N","NOT COLLISION W/MOTOR VEHICLE-TRANSPORT","RAIN","DARK - NOT LIGHTED","MM 52 1 I 24","NASHVILLE","SOUTH",36.13445,-86.72676,"","37217","2020","March","Spring","05","Sunday","Weekend","Injuries","No Fatalities"
9.98021749655609e-314,2020-03-15 06:26:00,1,0,0,NA,"N","NOT COLLISION W/MOTOR VEHICLE-TRANSPORT","RAIN","DARK - LIGHTED","RURAL HILL RD & TOOK DR","ANTIOCH","SOUTH",36.05638,-86.65035,"UTILITY POLE","37013","2020","March","Spring","06","Sunday","Weekend","No Injuries","No Fatalities"
9.98021750396708e-314,2020-03-15 06:22:00,2,0,0,NA,"N","SIDESWIPE - SAME DIRECTION","RAIN","DARK - LIGHTED","CHARLOTTE AV & 38TH AVN","NASHVILLE","WEST",36.15259,-86.83113,"MOTOR VEHICLE IN TRANSPORT","37209","2020","March","Spring","06","Sunday","Weekend","No Injuries","No Fatalities"
9.98021752027125e-314,2020-03-15 07:08:00,2,3,0,NA,"N","ANGLE","RAIN","DARK - LIGHTED","NOLENSVILLE PKE & HARDING PL","NASHVILLE","SOUTH",36.0796,-86.72632,"MOTOR VEHICLE IN TRANSPORT","37211","2020","March","Spring","07","Sunday","Weekend","Injuries","No Fatalities"
9.9802175281763e-314,2020-03-15 07:10:00,2,0,0,NA,"N","ANGLE","RAIN","DARK - LIGHTED","11TH AVN & CHARLOTTE AV","NASHVILLE","CENTRA",36.16211,-86.79061,"MOTOR VEHICLE IN TRANSPORT","37203","2020","March","Spring","07","Sunday","Weekend","No Injuries","No Fatalities"
9.98021753608135e-314,2020-03-15 07:13:00,1,0,0,NA,"Y","NOT COLLISION W/MOTOR VEHICLE-TRANSPORT","RAIN","DARK - LIGHTED","LOGWOOD BRIAR CIR & FABERT CIR","BRENTWOOD","MIDTOW",36.01931,-86.74626,"MAIL BOX;Ran Off Road-Left","37027","2020","March","Spring","07","Sunday","Weekend","No Injuries","No Fatalities"
9.98021756127869e-314,2020-03-15 08:02:00,1,0,0,NA,"N","NOT COLLISION W/MOTOR VEHICLE-TRANSPORT","RAIN","DARK - LIGHTED","CABOT DR & CHARLOTTE PK","NASHVILLE","WEST",36.13339,-86.89708,"CURB;EMBANKMENT EARTH","37209","2020","March","Spring","08","Sunday","Weekend","No Injuries","No Fatalities"
9.980217608709e-314,2020-03-15 09:13:00,1,0,0,NA,"Y","NOT COLLISION W/MOTOR VEHICLE-TRANSPORT","RAIN","DARK - LIGHTED","GLENCLIFF RD & NEESE DR","NASHVILLE","SOUTH",36.10699,-86.72067,"GUARDRAIL END","37211","2020","March","Spring","09","Sunday","Weekend","No Injuries","No Fatalities"
9.98021997973003e-314,2020-03-17 05:38:00,1,0,0,NA,"Y","NOT COLLISION W/MOTOR VEHICLE-TRANSPORT","RAIN","DARK - LIGHTED","0 I65 S ENT RAMP","NASHVILLE","CENTRA",36.26675,-86.73846,"DITCH","37213","2020","March","Spring","05","Tuesday","Weekday","No Injuries","No Fatalities"
9.9802201887198e-314,2020-03-17 10:00:00,2,1,0,NA,"N","SIDESWIPE - SAME DIRECTION","RAIN","DARK - NOT LIGHTED","I40 W EXT RAMP & I 40","NASHVILLE","CENTRA",36.14094,-86.7208,"MOTOR VEHICLE IN TRANSPORT","37203","2020","March","Spring","10","Tuesday","Weekday","Injuries","No Fatalities"
9.98022020107144e-314,2020-03-17 10:28:00,2,1,0,NA,"N","Front to Rear","RAIN","DARK - NOT LIGHTED","MM 57 4 I 24","ANTIOCH","SOUTH",36.06456,-86.68464,"MOTOR VEHICLE IN TRANSPORT","37013","2020","March","Spring","10","Tuesday","Weekday","Injuries","No Fatalities"
9.98022020205957e-314,2020-03-17 10:27:00,1,0,0,NA,"N","NOT COLLISION W/MOTOR VEHICLE-TRANSPORT","RAIN","DARK - NOT LIGHTED","MM 57 3 I 24","ANTIOCH","SOUTH",36.06608,-86.68622,"DITCH","37013","2020","March","Spring","10","Tuesday","Weekday","No Injuries","No Fatalities"
9.98022022577472e-314,2020-03-17 10:57:00,2,0,0,NA,"Y","Front to Rear","RAIN","DARK - NOT LIGHTED","MM 57 5 I 24","ANTIOCH","SOUTH",36.06342,-86.68315,"MOTOR VEHICLE IN TRANSPORT","37013","2020","March","Spring","10","Tuesday","Weekday","No Injuries","No Fatalities"
9.98022025937119e-314,2020-03-17 11:30:00,2,0,0,NA,"Y","SIDESWIPE - SAME DIRECTION","RAIN","DAYLIGHT","BRILEY PKWY W ENT RAMP & I 65","MADISON","MADISO",36.24304,-86.7514,"MOTOR VEHICLE IN TRANSPORT","37115","2020","March","Spring","11","Tuesday","Weekday","No Injuries","No Fatalities"
9.98022026085338e-314,2020-03-17 11:54:00,3,2,0,NA,"N","ANGLE","RAIN","DAYLIGHT","BRICK CHURCH PKE & BRICK CHURCH PARK DR","NASHVILLE","NORTH",36.22421,-86.7822,"MOTOR VEHICLE IN TRANSPORT","37207","2020","March","Spring","11","Tuesday","Weekday","Injuries","No Fatalities"
9.9802202692525e-314,2020-03-17 12:02:00,2,2,0,NA,"N","HEAD-ON","RAIN","DAYLIGHT","BELL RD & OLD HICKORY BLVD","HERMITAGE","HERMIT",36.16134,-86.59713,"MOTOR VEHICLE IN TRANSPORT","37076","2020","March","Spring","12","Tuesday","Weekday","Injuries","No Fatalities"
9.98022027122876e-314,2020-03-17 12:00:00,2,1,0,NA,"Y","ANGLE","RAIN","DAWN","MM 54 6 I 24","NASHVILLE","SOUTH",36.09938,-86.71088,"MOTOR VEHICLE IN TRANSPORT","37211","2020","March","Spring","12","Tuesday","Weekday","Injuries","No Fatalities"
9.98022028407447e-314,2020-03-17 12:20:00,2,0,0,NA,"N","NOT COLLISION W/MOTOR VEHICLE-TRANSPORT","RAIN","DAYLIGHT","MM 209 1 I 40","NASHVILLE","CENTRA",36.15662,-86.78974,"MOTOR VEHICLE IN TRANSPORT;CONCRETE TRAFFIC BARRIER","37203","2020","March","Spring","12","Tuesday","Weekday","No Injuries","No Fatalities"
9.98022029049732e-314,2020-03-17 12:32:00,2,1,0,NA,"N","Front to Rear","RAIN","DAYLIGHT","HOBSON PKE & MURFREESBORO PKE","ANTIOCH","SOUTH",36.04265,-86.60691,"MOTOR VEHICLE IN TRANSPORT","37013","2020","March","Spring","12","Tuesday","Weekday","Injuries","No Fatalities"
9.98022032261159e-314,2020-03-17 12:53:00,2,0,0,NA,"Y","ANGLE","RAIN","DAYLIGHT","1100 BELL RD","ANTIOCH","SOUTH",36.04479,-86.66191,"MOTOR VEHICLE IN TRANSPORT;PARKED MOTOR VEHICLE","37013","2020","March","Spring","12","Tuesday","Weekday","No Injuries","No Fatalities"
9.98022032508192e-314,2020-03-17 12:59:00,1,1,0,NA,"N","NOT COLLISION W/MOTOR VEHICLE-TRANSPORT","RAIN","DAYLIGHT","MM 55 4 I 24","NASHVILLE","SOUTH",36.09014,-86.70313,"WALL","37211","2020","March","Spring","12","Tuesday","Weekday","Injuries","No Fatalities"
9.98022241300334e-314,2020-03-19 00:10:00,2,1,0,NA,"Y","Front to Rear","RAIN","DARK - NOT LIGHTED","HOBSON PKE & SOUTH HAMPTON BLVD","ANTIOCH","SOUTH",36.07067,-86.57827,"MOTOR VEHICLE IN TRANSPORT","37013","2020","March","Spring","00","Thursday","Weekday","Injuries","No Fatalities"
9.980250031767e-314,2020-04-09 03:22:00,2,0,0,NA,"N","SIDESWIPE - OPPOSITE DIRECTION","RAIN","DARK - LIGHTED","ANTIOCH PKE & HARDING PL","NASHVILLE","SOUTH",36.08743,-86.69221,"MOTOR VEHICLE IN TRANSPORT","37211","2020","April","Spring","03","Thursday","Weekday","No Injuries","No Fatalities"
9.98025003522546e-314,2020-04-09 03:20:00,2,1,0,NA,"N","HEAD-ON","RAIN","DARK - NOT LIGHTED","OLD HICKORY BLVD & GREEN TRAILS DR","ANTIOCH","SOUTH",36.04258,-86.70048,"MOTOR VEHICLE IN TRANSPORT","37013","2020","April","Spring","03","Thursday","Weekday","Injuries","No Fatalities"
9.98025008660829e-314,2020-04-09 03:40:00,1,0,0,NA,"N","NOT COLLISION W/MOTOR VEHICLE-TRANSPORT","RAIN","DARK - NOT LIGHTED","PETTUS RD & PRESTON RD","ANTIOCH","SOUTH",36.02817,-86.66605,"GUARDRAIL END;Ran Off Road-Right","37013","2020","April","Spring","03","Thursday","Weekday","No Injuries","No Fatalities"
9.98025008759642e-314,2020-04-09 04:22:00,1,0,0,NA,"N","NOT COLLISION W/MOTOR VEHICLE-TRANSPORT","RAIN","DARK - LIGHTED","HARRISON ST & ROSA L PARKS BLVD","NASHVILLE","CENTRA",36.16839,-86.78865,"LUMINAIRE/LIGHT SUPPORT","37203","2020","April","Spring","04","Thursday","Weekday","No Injuries","No Fatalities"
9.98025009204301e-314,2020-04-09 04:25:00,1,0,0,NA,"N","NOT COLLISION W/MOTOR VEHICLE-TRANSPORT","RAIN","DARK - NOT LIGHTED","MM 57 7 I 24","ANTIOCH","SOUTH",36.06132,-86.68128,"CONCRETE TRAFFIC BARRIER","37013","2020","April","Spring","04","Thursday","Weekday","No Injuries","No Fatalities"
9.98025009846587e-314,2020-04-09 03:55:00,1,0,0,NA,"Y","NOT COLLISION W/MOTOR VEHICLE-TRANSPORT","RAIN","DARK - NOT LIGHTED","CREEKSIDE DR & EAST RIDGE DR","NASHVILLE","SOUTH",36.06613,-86.7005,"CULVERT;MAIL BOX;Ran Off Road-Right","37211","2020","April","Spring","03","Thursday","Weekday","No Injuries","No Fatalities"
9.98025010686498e-314,2020-04-09 03:56:00,1,1,0,NA,"N","NOT COLLISION W/MOTOR VEHICLE-TRANSPORT","RAIN","DARK - NOT LIGHTED","DONNA DR & LINDA LN","MADISON","MADISO",36.2611,-86.72131,"TREE;Ran Off Road-Right;Ran Off Road-Left;Cross Center Line","37115","2020","April","Spring","03","Thursday","Weekday","Injuries","No Fatalities"
9.98025012218102e-314,2020-04-09 04:25:00,1,0,0,NA,"N","NOT COLLISION W/MOTOR VEHICLE-TRANSPORT","RAIN","DARK - NOT LIGHTED","BANBURY STA & TILBURY CIR","BRENTWOOD","MIDTOW",36.02461,-86.74349,"GUARDRAIL FACE","37027","2020","April","Spring","04","Thursday","Weekday","No Injuries","No Fatalities"
9.98025016022407e-314,2020-04-09 05:25:00,2,0,0,NA,"N","SIDESWIPE - SAME DIRECTION","RAIN","DARK - LIGHTED","MM 57 8 I 24","ANTIOCH","SOUTH",36.06075,-86.68068,"PARKED MOTOR VEHICLE","37013","2020","April","Spring","05","Thursday","Weekday","No Injuries","No Fatalities"
9.98025018640955e-314,2020-04-09 05:35:00,2,0,0,NA,"Y","ANGLE","RAIN","DARK - LIGHTED","SAWYER BROWN RD & HIGHWAY 70S","NASHVILLE","WEST",36.07712,-86.9451,"PARKED MOTOR VEHICLE","37221","2020","April","Spring","05","Thursday","Weekday","No Injuries","No Fatalities"
9.98025028225829e-314,2020-04-09 05:48:00,2,0,0,NA,"Y","NOT COLLISION W/MOTOR VEHICLE-TRANSPORT","RAIN","DARK - LIGHTED","RICHARDS RD & APOLLO DR","ANTIOCH","SOUTH",36.06781,-86.66741,"PARKED MOTOR VEHICLE;BUILDING;GUARDRAIL FACE;MAIL BOX;Set In Motion By Motor Vehicle;Motor Vehicle-In-Motion Outside Trafficw;Vehicle Airborne","37013","2020","April","Spring","05","Thursday","Weekday","No Injuries","No Fatalities"
9.98025401393611e-314,2020-04-12 08:25:00,1,1,0,NA,"N","NOT COLLISION W/MOTOR VEHICLE-TRANSPORT","RAIN","DARK - LIGHTED","MM 86 5 I 65","NASHVILLE","NORTH",36.19374,-86.77657,"GUARDRAIL FACE","37207","2020","April","Spring","08","Sunday","Weekend","Injuries","No Fatalities"
9.98025405049697e-314,2020-04-12 05:00:00,1,0,0,NA,"Y","UNKNOWN","RAIN","DARK - LIGHTED","MM 49 3 I 24","NASHVILLE","EAST",36.16179,-86.76085,"UNKNOWN MOST HARMFUL EVENT","37206","2020","April","Spring","05","Sunday","Weekend","No Injuries","No Fatalities"
9.98025405939015e-314,2020-04-12 09:23:00,1,0,0,NA,"Y","NOT COLLISION W/MOTOR VEHICLE-TRANSPORT","RAIN","DARK - LIGHTED","BRILEY PKWYN & BRILEY PKWYS","NASHVILLE","SOUTH",36.167,-86.68817,"CONCRETE TRAFFIC BARRIER","37211","2020","April","Spring","09","Sunday","Weekend","No Injuries","No Fatalities"
9.98025410089166e-314,2020-04-12 10:37:00,1,2,0,NA,"N","NOT COLLISION W/MOTOR VEHICLE-TRANSPORT","RAIN","DAWN","I40 W ENT RAMP & CENTRAL PKE","HERMITAGE","HERMIT",36.17403,-86.60607,"WALL;PEDESTRIAN","37076","2020","April","Spring","10","Sunday","Weekend","Injuries","No Fatalities"
9.98025415178042e-314,2020-04-12 12:21:00,1,0,0,NA,"N","NOT COLLISION W/MOTOR VEHICLE-TRANSPORT","RAIN","DAYLIGHT","MM 95 1 I 65","GOODLETTSVILLE","MADISO",36.29949,-86.71202,"CONCRETE TRAFFIC BARRIER","37072","2020","April","Spring","12","Sunday","Weekend","No Injuries","No Fatalities"
9.98025416956679e-314,2020-04-12 12:35:00,2,0,0,NA,"N","Front to Rear","RAIN","DAYLIGHT","S 5TH STREET & WOODLAND ST","NASHVILLE","EAST",36.17165,-86.76452,"MOTOR VEHICLE IN TRANSPORT","37206","2020","April","Spring","12","Sunday","Weekend","No Injuries","No Fatalities"
9.9802541967404e-314,2020-04-12 05:00:00,1,0,0,NA,"Y","NOT COLLISION W/MOTOR VEHICLE-TRANSPORT","RAIN","DARK - LIGHTED","CHARLOTTE AV & 33RD AVN","NASHVILLE","WEST",36.15286,-86.82353,"GUARDRAIL FACE","37209","2020","April","Spring","05","Sunday","Weekend","No Injuries","No Fatalities"
9.98025422144368e-314,2020-04-12 05:00:00,4,0,0,NA,"Y","SIDESWIPE - OPPOSITE DIRECTION","RAIN","DARK - LIGHTED","CROWN POINT PL & BEECH GROVE WAY","NASHVILLE","MIDTOW",36.05719,-86.73705,"PARKED MOTOR VEHICLE","37211","2020","April","Spring","05","Sunday","Weekend","No Injuries","No Fatalities"
9.98025431630428e-314,2020-04-12 05:00:00,1,0,0,NA,"N","NOT COLLISION W/MOTOR VEHICLE-TRANSPORT","RAIN","DAYLIGHT","EWING DR & RICHMOND HILL DR","NASHVILLE","MADISO",36.23059,-86.77489,"UTILITY POLE","37207","2020","April","Spring","05","Sunday","Weekend","No Injuries","No Fatalities"
9.98025434891262e-314,2020-04-12 05:00:00,3,3,0,NA,"N","NOT COLLISION W/MOTOR VEHICLE-TRANSPORT","RAIN","DAYLIGHT","MM 89 6 I 65","NASHVILLE","MADISO",36.23623,-86.76282,"MOTOR VEHICLE IN TRANSPORT;CONCRETE TRAFFIC BARRIER","37207","2020","April","Spring","05","Sunday","Weekend","Injuries","No Fatalities"
9.98025439782512e-314,2020-04-12 05:00:00,2,0,0,NA,"Y","REAR-TO-REAR","RAIN","DAYLIGHT","HART LN & DICKERSON PKE","NASHVILLE","EAST",36.2217,-86.76167,"PARKED MOTOR VEHICLE;UNKNOWN MOST HARMFUL EVENT","37207","2020","April","Spring","05","Sunday","Weekend","No Injuries","No Fatalities"
9.9802544398207e-314,2020-04-12 05:00:00,1,0,0,NA,"N","NOT COLLISION W/MOTOR VEHICLE-TRANSPORT","RAIN","DAYLIGHT","MM 210 3 I 40","NASHVILLE","MIDTOW",36.15002,-86.77191,"GUARDRAIL FACE","37203","2020","April","Spring","05","Sunday","Weekend","No Injuries","No Fatalities"
9.98025458952259e-314,2020-04-13 00:45:00,4,0,0,NA,"Y","ANGLE","RAIN","DARK - LIGHTED","LAURENWOOD DR & LAVERGNE COUCHVILLE PKE","ANTIOCH","SOUTH",36.03829,-86.58614,"MOTOR VEHICLE IN TRANSPORT;PARKED MOTOR VEHICLE","37013","2020","April","Spring","00","Monday","Weekday","No Injuries","No Fatalities"
9.98025464337574e-314,2020-04-13 01:53:00,2,2,0,NA,"N","ANGLE","RAIN","DARK - LIGHTED","OLD HICKORY BLVD & I40 E EXT RAMP","HERMITAGE","HERMIT",36.17794,-86.605,"MOTOR VEHICLE IN TRANSPORT;TRAFFIC SIGNAL SUPPORT","37076","2020","April","Spring","01","Monday","Weekday","Injuries","No Fatalities"
9.98025468339506e-314,2020-04-13 02:30:00,2,0,0,NA,"N","Front to Rear","RAIN","DARK - LIGHTED","MM 46 6 I 24","NASHVILLE","NORTH",36.19463,-86.77617,"MOTOR VEHICLE IN TRANSPORT","37207","2020","April","Spring","02","Monday","Weekday","No Injuries","No Fatalities"
9.98025470859241e-314,2020-04-13 03:52:00,1,0,0,NA,"N","NOT COLLISION W/MOTOR VEHICLE-TRANSPORT","RAIN","DARK - LIGHTED","HAMILTON CHURCH RD & TEA GARDEN WAY","ANTIOCH","SOUTH",36.0594,-86.59965,"GUARDRAIL FACE","37013","2020","April","Spring","03","Monday","Weekday","No Injuries","No Fatalities"
9.98025477529127e-314,2020-04-13 04:45:00,2,0,0,NA,"Y","ANGLE","RAIN","DARK - LIGHTED","LANE CT & LANE DR","NASHVILLE","NORTH",36.22229,-86.8064,"PARKED MOTOR VEHICLE","37207","2020","April","Spring","04","Monday","Weekday","No Injuries","No Fatalities"
9.98025480493521e-314,2020-04-13 05:34:00,1,0,0,NA,"N","NOT COLLISION W/MOTOR VEHICLE-TRANSPORT","RAIN","DARK - NOT LIGHTED","MARYDALE DR & CHERBRON DR","NASHVILLE","MADISO",36.27381,-86.76035,"UTILITY POLE;DITCH;MAIL BOX;Ran Off Road-Left","37207","2020","April","Spring","05","Monday","Weekday","No Injuries","No Fatalities"
9.98025485928243e-314,2020-04-13 06:46:00,1,0,0,NA,"Y","NOT COLLISION W/MOTOR VEHICLE-TRANSPORT","RAIN","DARK - NOT LIGHTED","MT VIEW RD & MT VIEW CIR","ANTIOCH","SOUTH",36.05218,-86.62158,"MAIL BOX","37013","2020","April","Spring","06","Monday","Weekday","No Injuries","No Fatalities"
9.98025487706879e-314,2020-04-13 07:05:00,1,0,0,NA,"Y","NOT COLLISION W/MOTOR VEHICLE-TRANSPORT","RAIN","DARK - LIGHTED","MT VIEW RD & KENTON CT","ANTIOCH","SOUTH",36.06933,-86.59468,"MAIL BOX","37013","2020","April","Spring","07","Monday","Weekday","No Injuries","No Fatalities"
9.98025498378697e-314,2020-04-13 09:43:00,2,1,0,NA,"N","ANGLE","RAIN","DARK - LIGHTED","MM 215 9 I 40","NASHVILLE","HERMIT",36.14215,-86.67923,"MOTOR VEHICLE IN TRANSPORT","37217","2020","April","Spring","09","Monday","Weekday","Injuries","No Fatalities"
9.9802549877395e-314,2020-04-13 09:40:00,1,0,0,NA,"N","NOT COLLISION W/MOTOR VEHICLE-TRANSPORT","RAIN","DARK - LIGHTED","MM 86 5 I 65","NASHVILLE","NORTH",36.19329,-86.777,"GUARDRAIL FACE","37207","2020","April","Spring","09","Monday","Weekday","No Injuries","No Fatalities"
9.98025502281816e-314,2020-04-13 10:41:00,2,0,0,NA,"N","ANGLE","RAIN","DARK - LIGHTED","MM 49 6 I 24","NASHVILLE","CENTRA",36.1577,-86.75985,"MOTOR VEHICLE IN TRANSPORT;GUARDRAIL FACE","37210","2020","April","Spring","10","Monday","Weekday","No Injuries","No Fatalities"
9.98025502627662e-314,2020-04-13 10:44:00,2,0,0,NA,"N","ANGLE","RAIN","DARK - NOT LIGHTED","STATE HWY 251 & OLD CHARLOTTE PIKE","NASHVILLE","WEST",36.12171,-86.9232,"MOTOR VEHICLE IN TRANSPORT-OTHER ROADWAY","37209","2020","April","Spring","10","Monday","Weekday","No Injuries","No Fatalities"
9.98022254689513e-314,2020-03-19 02:24:00,1,0,0,NA,"Y","NOT COLLISION W/MOTOR VEHICLE-TRANSPORT","RAIN","DARK - LIGHTED","NOLENSVILLE PKE & ZOO RD","NASHVILLE","MIDTOW",36.08866,-86.73215,"UTILITY POLE","37211","2020","March","Spring","02","Thursday","Weekday","No Injuries","No Fatalities"
9.98022262545156e-314,2020-03-19 04:00:00,1,0,0,NA,"N","NOT COLLISION W/MOTOR VEHICLE-TRANSPORT","RAIN","DARK - LIGHTED","HOBBS RD & STAMMER PL","NASHVILLE","WEST",36.10115,-86.82091,"FENCE","37215","2020","March","Spring","04","Thursday","Weekday","No Injuries","No Fatalities"
9.98022277762378e-314,2020-03-19 05:00:00,1,0,0,NA,"Y","NOT COLLISION W/MOTOR VEHICLE-TRANSPORT","RAIN","DARK - LIGHTED","I65 S ENT RAMP & I 65","NASHVILLE","NORTH",36.20427,-86.77695,"","37207","2020","March","Spring","05","Thursday","Weekday","No Injuries","No Fatalities"
9.98022281171431e-314,2020-03-19 08:30:00,1,0,0,NA,"N","NOT COLLISION W/MOTOR VEHICLE-TRANSPORT","RAIN","DARK - NOT LIGHTED","HILLSBORO PKE & TYNE BLVD","NASHVILLE","WEST",36.07833,-86.83744,"DEER (ANIMAL)","37215","2020","March","Spring","08","Thursday","Weekday","No Injuries","No Fatalities"
9.98022291645623e-314,2020-03-19 10:00:00,1,0,0,NA,"N","NOT COLLISION W/MOTOR VEHICLE-TRANSPORT","RAIN","DARK - NOT LIGHTED","MM 213 0 I 40","NASHVILLE","HERMIT",36.14052,-86.73164,"GUARDRAIL FACE","37210","2020","March","Spring","10","Thursday","Weekday","No Injuries","No Fatalities"
9.98022295351115e-314,2020-03-19 10:45:00,4,1,0,NA,"N","Front to Rear","RAIN","DARK - LIGHTED","EDMONDSON PKE & WALLACE RD","NASHVILLE","MIDTOW",36.07709,-86.72556,"MOTOR VEHICLE IN TRANSPORT","37211","2020","March","Spring","10","Thursday","Weekday","Injuries","No Fatalities"
9.98022295845181e-314,2020-03-19 10:42:00,2,0,0,NA,"Y","HEAD-ON","RAIN","DARK - NOT LIGHTED","BLUE HOLE RD & ERNA CT","ANTIOCH","SOUTH",36.0401,-86.67781,"MOTOR VEHICLE IN TRANSPORT","37013","2020","March","Spring","10","Thursday","Weekday","No Injuries","No Fatalities"
9.98022300489398e-314,2020-03-19 11:59:00,1,1,0,NA,"N","NOT COLLISION W/MOTOR VEHICLE-TRANSPORT","RAIN","DAYLIGHT","MM 86 2 I 65","NASHVILLE","CENTRA",36.19205,-86.78101,"GUARDRAIL FACE;CONCRETE TRAFFIC BARRIER","37207","2020","March","Spring","11","Thursday","Weekday","Injuries","No Fatalities"