"Accident.Number","Date.and.Time","Number.of.Motor.Vehicles","Number.of.Injuries","Number.of.Fatalities","Property.Damage","Hit.and.Run","Collision.Type.Description","Weather.Description","Illumination.Description","Street.Address","City","Precinct","Latitude","Longitude","HarmfulDescriptions","Zip.Code","Year","Month","Season","Hour","Weekday","DayType","Accident","Fatality_category"
9.98022305726494e-314,2020-03-19 12:40:00,1,2,0,NA,"N","NOT COLLISION W/MOTOR VEHICLE-TRANSPORT","RAIN","DAYLIGHT","JAMES ROBERTSON PKWY & ELLINGTON PKWY N","NASHVILLE","EAST",36.17185,-86.7679,"DITCH","37206","2020","March","Spring","12","Thursday","Weekday","Injuries","No Fatalities"
9.98026157561082e-314,2020-04-18 01:15:00,2,0,0,NA,"Y","OTHER","RAIN","DARK - LIGHTED","ELKINS AV & 33RD AVN","NASHVILLE","WEST",36.15066,-86.82472,"PARKED MOTOR VEHICLE;UNKNOWN MOST HARMFUL EVENT","37209","2020","April","Spring","01","Saturday","Weekend","No Injuries","No Fatalities"
9.98026168331713e-314,2020-04-18 03:00:00,2,2,0,NA,"N","ANGLE","RAIN","DARK - LIGHTED","OLD HICKORY BLVD & OLD HICKORY BLVD PVTD","HERMITAGE","HERMIT",36.19583,-86.61937,"MOTOR VEHICLE IN TRANSPORT","37076","2020","April","Spring","03","Saturday","Weekend","Injuries","No Fatalities"
9.98026173519402e-314,2020-04-18 04:15:00,1,0,0,NA,"N","NOT COLLISION W/MOTOR VEHICLE-TRANSPORT","RAIN","DARK - LIGHTED","HEIL QUAKER & FIRESTONE","ANTIOCH","SOUTH",36.01293,-86.61068,"DITCH","37013","2020","April","Spring","04","Saturday","Weekend","No Injuries","No Fatalities"
9.98026176730829e-314,2020-04-18 04:52:00,2,1,0,NA,"N","NOT COLLISION W/MOTOR VEHICLE-TRANSPORT","RAIN","DARK - NOT LIGHTED","MM 210 4 I 40","NASHVILLE","SOUTH",36.1508,-86.77011,"MOTOR VEHICLE IN TRANSPORT;CONCRETE TRAFFIC BARRIER","37210","2020","April","Spring","04","Saturday","Weekend","Injuries","No Fatalities"
9.98022424302249e-314,2020-03-20 09:01:00,1,0,0,NA,"N","NOT COLLISION W/MOTOR VEHICLE-TRANSPORT","RAIN","DARK - NOT LIGHTED","MM 202 0 I 40","NASHVILLE","WEST",36.13982,-86.88779,"CONCRETE TRAFFIC BARRIER","37209","2020","March","Spring","09","Friday","Weekday","No Injuries","No Fatalities"
9.98026177027268e-314,2020-04-18 04:58:00,1,1,0,NA,"N","NOT COLLISION W/MOTOR VEHICLE-TRANSPORT","RAIN","DARK - LIGHTED","MM 206 0 I 40","NASHVILLE","NORTH",36.15841,-86.82221,"GUARDRAIL FACE","37209","2020","April","Spring","04","Saturday","Weekend","Injuries","No Fatalities"
9.98022424993941e-314,2020-03-20 09:20:00,1,0,0,NA,"N","NOT COLLISION W/MOTOR VEHICLE-TRANSPORT","RAIN","DARK - NOT LIGHTED","MM 198 7 I 40","NASHVILLE","WEST",36.10516,-86.9308,"","37221","2020","March","Spring","09","Friday","Weekday","No Injuries","No Fatalities"
9.98026179349377e-314,2020-04-18 05:26:00,2,1,0,NA,"Y","Front to Rear","RAIN","Dark-Unknown Lighting","MURFREESBORO PKE & I24 W EXT RAMP","NASHVILLE","SOUTH",36.13488,-86.72381,"MOTOR VEHICLE IN TRANSPORT","37217","2020","April","Spring","05","Saturday","Weekend","Injuries","No Fatalities"
9.98023607342438e-314,2020-03-29 04:48:00,2,2,0,NA,"N","SIDESWIPE - SAME DIRECTION","RAIN","DARK - NOT LIGHTED","MM 60 0 I 24","ANTIOCH","SOUTH",36.04018,-86.65043,"MOTOR VEHICLE IN TRANSPORT","37013","2020","March","Spring","04","Sunday","Weekend","Injuries","No Fatalities"
9.98022427414862e-314,2020-03-20 09:45:00,1,0,0,NA,"N","NOT COLLISION W/MOTOR VEHICLE-TRANSPORT","RAIN","DARK - LIGHTED","MM 89 5 I 65","NASHVILLE","MADISO",36.23529,-86.76497,"CONCRETE TRAFFIC BARRIER;Ran Off Road-Right;Ran Off Road-Left","37207","2020","March","Spring","09","Friday","Weekday","No Injuries","No Fatalities"
9.98026179645816e-314,2020-04-18 05:30:00,2,0,1,NA,"Y","Front to Rear","RAIN","DARK - NOT LIGHTED","MM 38 7 I 24","WHITES CREEK","NORTH",36.30118,-86.81234,"MOTOR VEHICLE IN TRANSPORT","37189","2020","April","Spring","05","Saturday","Weekend","No Injuries","With Fatalities"
9.9802360961514e-314,2020-03-29 05:22:00,1,0,1,NA,"N","NOT COLLISION W/MOTOR VEHICLE-TRANSPORT","RAIN","DARK - LIGHTED","NOLENSVILLE PKE & BASS AV","NASHVILLE","MIDTOW",36.07093,-86.72312,"UTILITY POLE;CURB;WALL","37211","2020","March","Spring","05","Sunday","Weekend","No Injuries","With Fatalities"
9.98022428205367e-314,2020-03-20 10:02:00,1,1,0,NA,"N","NOT COLLISION W/MOTOR VEHICLE-TRANSPORT","RAIN","DARK - NOT LIGHTED","I24 E EXT RAMP & I 24","NASHVILLE","NORTH",36.07194,-86.69156,"WALL","37207","2020","March","Spring","10","Friday","Weekday","Injuries","No Fatalities"
9.98026180485728e-314,2020-04-18 05:45:00,3,0,0,NA,"N","NOT COLLISION W/MOTOR VEHICLE-TRANSPORT","RAIN","DARK - NOT LIGHTED","I40 W ENT RAMP & I 24","NASHVILLE","CENTRA",36.15729,-86.76042,"CONCRETE TRAFFIC BARRIER","37210","2020","April","Spring","05","Saturday","Weekend","No Injuries","No Fatalities"
9.9802361134437e-314,2020-03-29 05:45:00,1,0,0,NA,"N","NOT COLLISION W/MOTOR VEHICLE-TRANSPORT","RAIN","DARK - NOT LIGHTED","PETTUS RD & PRESTON RD","ANTIOCH","SOUTH",36.02827,-86.66616,"IMPACT ATTENUATOR;GUARDRAIL FACE","37013","2020","March","Spring","05","Sunday","Weekend","No Injuries","No Fatalities"
9.98026183697155e-314,2020-04-18 06:17:00,1,0,0,NA,"N","NOT COLLISION W/MOTOR VEHICLE-TRANSPORT","RAIN","DARK - LIGHTED","MM 51 4 I 24","NASHVILLE","HERMIT",36.12659,-86.72781,"H-WAY TRAFFIC SIGNAL POST","37210","2020","April","Spring","06","Saturday","Weekend","No Injuries","No Fatalities"
9.98023619002387e-314,2020-03-29 07:07:00,1,0,0,NA,"N","NOT COLLISION W/MOTOR VEHICLE-TRANSPORT","RAIN","DARK - NOT LIGHTED","MM 58 6 I 24","ANTIOCH","SOUTH",36.05214,-86.67051,"GUARDRAIL FACE","37013","2020","March","Spring","07","Sunday","Weekend","No Injuries","No Fatalities"
9.98022441298107e-314,2020-03-20 12:50:00,4,1,0,NA,"N","OTHER","RAIN","DAYLIGHT","MM 91 1 I 65","MADISON","MADISO",36.249,-86.74199,"MOTOR VEHICLE IN TRANSPORT","37115","2020","March","Spring","12","Friday","Weekday","Injuries","No Fatalities"
9.98023623300758e-314,2020-03-29 08:32:00,2,0,0,NA,"Y","SIDESWIPE - SAME DIRECTION","RAIN","DARK - LIGHTED","W TRINITY LN & HAMPTON ST","NASHVILLE","NORTH",36.20664,-86.77815,"MOTOR VEHICLE IN TRANSPORT","37207","2020","March","Spring","08","Sunday","Weekend","No Injuries","No Fatalities"
9.98022441940392e-314,2020-03-20 12:50:00,1,0,0,NA,"N","NOT COLLISION W/MOTOR VEHICLE-TRANSPORT","RAIN","DAYLIGHT","BRILEY PKWYW & DOVERSIDE DR","NASHVILLE","MADISO",36.2395,-86.77609,"CONCRETE TRAFFIC BARRIER","37207","2020","March","Spring","12","Friday","Weekday","No Injuries","No Fatalities"
9.98023626215745e-314,2020-03-29 05:00:00,1,0,0,NA,"Y","NOT COLLISION W/MOTOR VEHICLE-TRANSPORT","RAIN","DARK - NOT LIGHTED","HAYWOOD LN & I24 W ENT RAMP","ANTIOCH","SOUTH",36.06946,-86.68807,"Ran Off Road-Right;EMBANKMENT ROCK/STONE/CONCRETE","37013","2020","March","Spring","05","Sunday","Weekend","No Injuries","No Fatalities"
9.98022489518914e-314,2020-03-20 05:00:00,1,2,0,NA,"N","NOT COLLISION W/MOTOR VEHICLE-TRANSPORT","RAIN","DAYLIGHT","BRILEY PKWYN & BRILEY PKWYS","NASHVILLE","SOUTH",36.17482,-86.69051,"CONCRETE TRAFFIC BARRIER","37211","2020","March","Spring","05","Friday","Weekday","Injuries","No Fatalities"
9.98023846074958e-314,2020-03-31 05:00:00,2,1,0,NA,"N","ANGLE","RAIN","DARK - NOT LIGHTED","DOVER GLEN DR & SPLIT OAK TRL","ANTIOCH","SOUTH",36.07529,-86.65462,"MOTOR VEHICLE IN TRANSPORT;PARKED MOTOR VEHICLE","37013","2020","March","Spring","05","Tuesday","Weekday","Injuries","No Fatalities"
9.98023847655968e-314,2020-03-31 05:00:00,1,0,0,NA,"Y","NOT COLLISION W/MOTOR VEHICLE-TRANSPORT","RAIN","DARK - LIGHTED","LINBAR DR & LARGO DR","NASHVILLE","SOUTH",36.08371,-86.70571,"MAIL BOX","37211","2020","March","Spring","05","Tuesday","Weekday","No Injuries","No Fatalities"
9.98026360029184e-314,2020-04-20 00:10:00,1,0,0,NA,"N","NOT COLLISION W/MOTOR VEHICLE-TRANSPORT","RAIN","DUSK","CUB CREEK RD & RIVER ROAD PKE","NASHVILLE","WEST",36.19201,-86.96332,"DITCH","37209","2020","April","Spring","00","Monday","Weekday","No Injuries","No Fatalities"
9.98023855659831e-314,2020-03-31 09:20:00,1,0,0,NA,"N","NOT COLLISION W/MOTOR VEHICLE-TRANSPORT","RAIN","DARK - LIGHTED","MM 210 8 I 40","NASHVILLE","CENTRA",36.15405,-86.76322,"GUARDRAIL FACE;EMBANKMENT ROCK/STONE/CONCRETE","37210","2020","March","Spring","09","Tuesday","Weekday","No Injuries","No Fatalities"
9.98026360127997e-314,2020-04-19 05:00:00,3,3,0,NA,"Y","Front to Rear","RAIN","DARK - LIGHTED","MURFREESBORO PIKE & RANSOM PL","NASHVILLE","HERMIT",36.08884,-86.64985,"MOTOR VEHICLE IN TRANSPORT","37217","2020","April","Spring","05","Sunday","Weekend","Injuries","No Fatalities"
9.98023866381056e-314,2020-03-31 12:01:00,2,0,0,NA,"Y","Front to Rear","RAIN","DAYLIGHT","W TRINITY LN & I65 N EXT RAMP","NASHVILLE","EAST",36.20635,-86.77455,"MOTOR VEHICLE IN TRANSPORT","37207","2020","March","Spring","12","Tuesday","Weekday","No Injuries","No Fatalities"
9.9802636037503e-314,2020-04-20 00:20:00,1,0,0,NA,"N","NOT COLLISION W/MOTOR VEHICLE-TRANSPORT","RAIN","DARK - LIGHTED","MM 215 9 I 40","NASHVILLE","HERMIT",36.14201,-86.67826,"GUARDRAIL FACE","37217","2020","April","Spring","00","Monday","Weekday","No Injuries","No Fatalities"
9.98026361906633e-314,2020-04-20 00:47:00,2,1,0,NA,"N","Front to Rear","RAIN","DARK - LIGHTED","BRICK CHURCH PIKE & US HWY 431","NASHVILLE","NORTH",36.20663,-86.7779,"MOTOR VEHICLE IN TRANSPORT","37207","2020","April","Spring","00","Monday","Weekday","Injuries","No Fatalities"
9.98023867468e-314,2020-03-31 11:57:00,2,0,0,NA,"Y","ANGLE","RAIN","DAWN","MM 53 6 I 24","NASHVILLE","SOUTH",36.11124,-86.72283,"MOTOR VEHICLE IN TRANSPORT;CONCRETE TRAFFIC BARRIER;UNKNOWN MOST HARMFUL EVENT","37211","2020","March","Spring","11","Tuesday","Weekday","No Injuries","No Fatalities"
9.9802636496984e-314,2020-04-20 01:43:00,1,0,0,NA,"N","NOT COLLISION W/MOTOR VEHICLE-TRANSPORT","RAIN","DARK - LIGHTED","MM 51 4 I 24","NASHVILLE","HERMIT",36.1394,-86.7273,"WALL","37210","2020","April","Spring","01","Monday","Weekday","No Injuries","No Fatalities"
9.98023868357318e-314,2020-03-31 12:10:00,1,1,0,NA,"N","NOT COLLISION W/MOTOR VEHICLE-TRANSPORT","RAIN","DAYLIGHT","MM 213 0 I 40","NASHVILLE","HERMIT",36.14072,-86.73225,"GUARDRAIL FACE","37210","2020","March","Spring","12","Tuesday","Weekday","Injuries","No Fatalities"
9.9802636813186e-314,2020-04-20 02:10:00,2,0,0,NA,"Y","Front to Rear","RAIN","DARK - LIGHTED","OCALA DR & NOLENSVILLE PKE","NASHVILLE","SOUTH",36.05151,-86.71436,"MOTOR VEHICLE IN TRANSPORT","37211","2020","April","Spring","02","Monday","Weekday","No Injuries","No Fatalities"
9.98023869493669e-314,2020-03-31 12:23:00,2,0,0,NA,"N","SIDESWIPE - SAME DIRECTION","RAIN","DAYLIGHT","19TH AVN & CHURCH ST","NASHVILLE","MIDTOW",36.15434,-86.79896,"MOTOR VEHICLE IN TRANSPORT","37203","2020","March","Spring","12","Tuesday","Weekday","No Injuries","No Fatalities"
9.98026369317618e-314,2020-04-20 02:48:00,1,0,0,NA,"N","NOT COLLISION W/MOTOR VEHICLE-TRANSPORT","RAIN","DARK - NOT LIGHTED","MM 213 0 I 40","NASHVILLE","HERMIT",36.14121,-86.73162,"GUARDRAIL FACE","37210","2020","April","Spring","02","Monday","Weekday","No Injuries","No Fatalities"
9.98023870432394e-314,2020-03-31 12:29:00,1,0,0,NA,"N","NOT COLLISION W/MOTOR VEHICLE-TRANSPORT","RAIN","DAYLIGHT","MM 215 9 I 40","NASHVILLE","HERMIT",36.14202,-86.67835,"CONCRETE TRAFFIC BARRIER;Ran Off Road-Left","37217","2020","March","Spring","12","Tuesday","Weekday","No Injuries","No Fatalities"
9.98026369465837e-314,2020-04-20 02:47:00,2,0,0,NA,"Y","Front to Rear","RAIN","DARK - LIGHTED","MM 213 2 I 40","NASHVILLE","HERMIT",36.13996,-86.72913,"MOTOR VEHICLE IN TRANSPORT","37210","2020","April","Spring","02","Monday","Weekday","No Injuries","No Fatalities"
9.98023874434326e-314,2020-03-31 12:45:00,1,1,0,NA,"N","NOT COLLISION W/MOTOR VEHICLE-TRANSPORT","RAIN","DAYLIGHT","MM 203 6 I 40","NASHVILLE","WEST",36.15082,-86.86396,"GUARDRAIL END;Ran Off Road-Right","37209","2020","March","Spring","12","Tuesday","Weekday","Injuries","No Fatalities"
9.98026371392693e-314,2020-04-20 03:31:00,1,0,0,NA,"N","NOT COLLISION W/MOTOR VEHICLE-TRANSPORT","RAIN","DARK - LIGHTED","MM 51 4 I 24","NASHVILLE","HERMIT",36.13919,-86.72717,"Bridge/Overhead Structure","37210","2020","April","Spring","03","Monday","Weekday","No Injuries","No Fatalities"
9.98026379100118e-314,2020-04-20 04:47:00,2,0,0,NA,"Y","Front to Rear","RAIN","DARK - LIGHTED","BELL RD & BLUE HOLE RD","ANTIOCH","SOUTH",36.04582,-86.67473,"MOTOR VEHICLE IN TRANSPORT","37013","2020","April","Spring","04","Monday","Weekday","No Injuries","No Fatalities"
9.98026388092112e-314,2020-04-20 06:15:00,2,0,0,NA,"N","ANGLE","RAIN","DARK - LIGHTED","MM 56 4 I 24","NASHVILLE","SOUTH",36.07681,-86.69451,"MOTOR VEHICLE IN TRANSPORT","37211","2020","April","Spring","06","Monday","Weekday","No Injuries","No Fatalities"
9.98026391501165e-314,2020-04-20 05:30:00,2,0,0,NA,"Y","ANGLE","RAIN","DARK - NOT LIGHTED","CANTON PASS & BLACKFOOT CT","MADISON","MADISO",36.24772,-86.67245,"MOTOR VEHICLE IN TRANSPORT;PARKED MOTOR VEHICLE","37115","2020","April","Spring","05","Monday","Weekday","No Injuries","No Fatalities"
9.98023892270096e-314,2020-03-31 05:00:00,1,0,0,NA,"N","NOT COLLISION W/MOTOR VEHICLE-TRANSPORT","RAIN","DAYLIGHT","MM 38 5 I 24","WHITES CREEK","NORTH",36.3046,-86.81434,"Cable Barrier","37189","2020","March","Spring","05","Tuesday","Weekday","No Injuries","No Fatalities"
9.98023903435979e-314,2020-03-31 05:00:00,1,0,0,NA,"N","NOT COLLISION W/MOTOR VEHICLE-TRANSPORT","RAIN","DAYLIGHT","MM 88 5 I 65","NASHVILLE","NORTH",36.22355,-86.77454,"UTILITY POLE","37207","2020","March","Spring","05","Tuesday","Weekday","No Injuries","No Fatalities"
9.98026536707059e-314,2020-04-21 06:20:00,1,0,0,NA,"N","NOT COLLISION W/MOTOR VEHICLE-TRANSPORT","RAIN","DARK - NOT LIGHTED","STEWARTS FERRY PKE & I40 W ENT RAMP","NASHVILLE","HERMIT",36.15656,-86.63168,"DITCH","37214","2020","April","Spring","06","Tuesday","Weekday","No Injuries","No Fatalities"
9.98026553307664e-314,2020-04-21 05:00:00,2,0,0,NA,"N","SIDESWIPE - SAME DIRECTION","RAIN","DARK - LIGHTED","MM 57 2 I 24","NASHVILLE","SOUTH",36.06731,-86.6872,"MOTOR VEHICLE IN TRANSPORT","37211","2020","April","Spring","05","Tuesday","Weekday","No Injuries","No Fatalities"
9.98026553900543e-314,2020-04-21 05:00:00,2,0,0,NA,"N","SIDESWIPE - SAME DIRECTION","RAIN","DARK - LIGHTED","I24 W ENT RAMP & I 24","NASHVILLE","EAST",36.06925,-86.68894,"MOTOR VEHICLE IN TRANSPORT","37206","2020","April","Spring","05","Tuesday","Weekday","No Injuries","No Fatalities"
9.98022766590928e-314,2020-03-23 00:10:00,1,0,0,NA,"N","NOT COLLISION W/MOTOR VEHICLE-TRANSPORT","RAIN","DARK - NOT LIGHTED","I65 S ENT RAMP & I 65","NASHVILLE","NORTH",36.1855,-86.79841,"OTHER OBJECT (NOT FIXED)","37207","2020","March","Spring","00","Monday","Weekday","No Injuries","No Fatalities"
9.9802276728262e-314,2020-03-23 01:17:00,2,0,0,NA,"N","ANGLE","RAIN","DARK - NOT LIGHTED","BELL RD & STEWARTS FERRY PKE","NASHVILLE","HERMIT",36.15224,-86.62507,"MOTOR VEHICLE IN TRANSPORT","37214","2020","March","Spring","01","Monday","Weekday","No Injuries","No Fatalities"
9.98022767924905e-314,2020-03-23 01:20:00,2,1,0,NA,"Y","Front to Rear","RAIN","DARK - LIGHTED","DELLWAY VILLA RD & DICKERSON PKE","NASHVILLE","EAST",36.21356,-86.76446,"Motor Vehicle-In-Motion Outside Trafficw","37207","2020","March","Spring","01","Monday","Weekday","Injuries","No Fatalities"
9.98022768221345e-314,2020-03-23 01:32:00,2,3,0,NA,"N","Front to Rear","RAIN","DARK - LIGHTED","BRILEY PKWYN & OPRYLAND DR","NASHVILLE","HERMIT",36.20932,-86.69071,"MOTOR VEHICLE IN TRANSPORT","37214","2020","March","Spring","01","Monday","Weekday","Injuries","No Fatalities"
9.98022769505916e-314,2020-03-23 01:45:00,1,1,0,NA,"N","NOT COLLISION W/MOTOR VEHICLE-TRANSPORT","RAIN","DARK - NOT LIGHTED","MM 212 2 I 40","NASHVILLE","HERMIT",36.14533,-86.74093,"CONCRETE TRAFFIC BARRIER","37210","2020","March","Spring","01","Monday","Weekday","Injuries","No Fatalities"
9.98022770049388e-314,2020-03-23 01:50:00,1,0,0,NA,"N","NOT COLLISION W/MOTOR VEHICLE-TRANSPORT","RAIN","DARK - NOT LIGHTED","HARDING PL & I65 S EXT RAMP","NASHVILLE","MIDTOW",36.08255,-86.76398,"CONCRETE TRAFFIC BARRIER","37220","2020","March","Spring","01","Monday","Weekday","No Injuries","No Fatalities"
9.9802277044464e-314,2020-03-23 01:45:00,3,2,0,NA,"N","ANGLE","RAIN","DARK - LIGHTED","BELL RD & ANDERSON RD","NASHVILLE","HERMIT",36.07472,-86.63501,"MOTOR VEHICLE IN TRANSPORT;OTHER POST, POLE, SUPP.","37217","2020","March","Spring","01","Monday","Weekday","Injuries","No Fatalities"
9.98022770889299e-314,2020-03-23 02:13:00,2,0,0,NA,"Y","SIDESWIPE - SAME DIRECTION","RAIN","DARK - NOT LIGHTED","MM 212 2 I 40","NASHVILLE","HERMIT",36.14533,-86.74093,"MOTOR VEHICLE IN TRANSPORT","37210","2020","March","Spring","02","Monday","Weekday","No Injuries","No Fatalities"
9.98022771729211e-314,2020-03-23 02:23:00,1,0,0,NA,"Y","NOT COLLISION W/MOTOR VEHICLE-TRANSPORT","RAIN","DARK - NOT LIGHTED","CROCKER SPRINGS RD & CROCKER SPRINGS RD","GOODLETTSVILLE","MADISO",36.31973,-86.81434,"OTHER FIXED OBJECTS","37072","2020","March","Spring","02","Monday","Weekday","No Injuries","No Fatalities"
9.98022776472241e-314,2020-03-23 03:25:00,1,0,0,NA,"N","NOT COLLISION W/MOTOR VEHICLE-TRANSPORT","RAIN","DARK - LIGHTED","MM 49 1 I 24","NASHVILLE","EAST",36.16461,-86.76327,"CONCRETE TRAFFIC BARRIER","37206","2020","March","Spring","03","Monday","Weekday","No Injuries","No Fatalities"
9.98022777361559e-314,2020-03-23 03:01:00,1,0,1,NA,"Y","NOT COLLISION W/MOTOR VEHICLE-TRANSPORT","RAIN","DARK - LIGHTED","OLD HICKORY BLVD & DODSON CHAPEL RD","HERMITAGE","HERMIT",36.18317,-86.6101,"PEDESTRIAN","37076","2020","March","Spring","03","Monday","Weekday","No Injuries","With Fatalities"
9.98022777608592e-314,2020-03-23 03:43:00,1,0,0,NA,"N","NOT COLLISION W/MOTOR VEHICLE-TRANSPORT","RAIN","DARK - LIGHTED","MM 52 3 I 24","NASHVILLE","HERMIT",36.13706,-86.72676,"BOULDER","37217","2020","March","Spring","03","Monday","Weekday","No Injuries","No Fatalities"
9.98022778300284e-314,2020-03-23 03:55:00,2,2,0,NA,"Y","SIDESWIPE - SAME DIRECTION","RAIN","DARK - NOT LIGHTED","MM 210 3 I 40","NASHVILLE","MIDTOW",36.15034,-86.77119,"MOTOR VEHICLE IN TRANSPORT;BRIDGE RAIL","37203","2020","March","Spring","03","Monday","Weekday","Injuries","No Fatalities"
9.98022781067052e-314,2020-03-23 04:10:00,2,0,0,NA,"N","HEAD-ON","RAIN","DARK - NOT LIGHTED","I24 W ENT RAMP & I 40","NASHVILLE","HERMIT",36.13936,-86.72715,"MOTOR VEHICLE IN TRANSPORT","37217","2020","March","Spring","04","Monday","Weekday","No Injuries","No Fatalities"
9.98022793270473e-314,2020-03-23 06:31:00,2,0,0,NA,"N","Front to Rear","RAIN","DARK - LIGHTED","MOUNTAIN SPRINGS RD & MURFREESBORO PKE","ANTIOCH","SOUTH",36.04487,-86.60984,"PARKED MOTOR VEHICLE","37013","2020","March","Spring","06","Monday","Weekday","No Injuries","No Fatalities"
9.98022801274337e-314,2020-03-23 08:08:00,1,4,0,NA,"N","NOT COLLISION W/MOTOR VEHICLE-TRANSPORT","RAIN","DARK - LIGHTED","MM 86 9 I 65","NASHVILLE","NORTH",36.20076,-86.77647,"EMBANKMENT ROCK/STONE/CONCRETE","37207","2020","March","Spring","08","Monday","Weekday","Injuries","No Fatalities"
9.98022806659652e-314,2020-03-23 09:40:00,1,0,0,NA,"N","NOT COLLISION W/MOTOR VEHICLE-TRANSPORT","RAIN","DARK - LIGHTED","I40 W EXT RAMP & I 40","NASHVILLE","CENTRA",36.15147,-86.75135,"GUARDRAIL FACE","37203","2020","March","Spring","09","Monday","Weekday","No Injuries","No Fatalities"
9.98022808833541e-314,2020-03-23 10:02:00,1,0,0,NA,"N","NOT COLLISION W/MOTOR VEHICLE-TRANSPORT","RAIN","DARK - NOT LIGHTED","MM 208 9 I 40","NASHVILLE","CENTRA",36.15852,-86.79129,"CONCRETE TRAFFIC BARRIER","37203","2020","March","Spring","10","Monday","Weekday","No Injuries","No Fatalities"
9.98022810414551e-314,2020-03-23 10:35:00,2,1,0,NA,"N","ANGLE","RAIN","DARK - LIGHTED","BELL RD & OLD HICKORY BLVD","ANTIOCH","SOUTH",36.0453,-86.70168,"MOTOR VEHICLE IN TRANSPORT","37013","2020","March","Spring","10","Monday","Weekday","Injuries","No Fatalities"
9.9802281718325e-314,2020-03-23 12:09:00,1,0,0,NA,"N","NOT COLLISION W/MOTOR VEHICLE-TRANSPORT","RAIN","DAYLIGHT","DICKERSON PKES & DICKERSON PKE","MADISON","MADISO",36.28321,-86.74743,"OTHER ANIMAL","37115","2020","March","Spring","12","Monday","Weekday","No Injuries","No Fatalities"
9.98022961401012e-314,2020-03-24 12:43:00,2,3,0,NA,"N","ANGLE","RAIN","DAYLIGHT","CAHAL AV & SCOTT AV","NASHVILLE","EAST",36.19574,-86.73265,"MOTOR VEHICLE IN TRANSPORT;FENCE;WALL","37216","2020","March","Spring","12","Tuesday","Weekday","Injuries","No Fatalities"
9.98022961499826e-314,2020-03-24 12:44:00,1,0,0,NA,"N","NOT COLLISION W/MOTOR VEHICLE-TRANSPORT","RAIN","DAYLIGHT","LINDSLEY AV & 1ST AVS","NASHVILLE","CENTRA",36.15267,-86.76831,"UTILITY POLE","37210","2020","March","Spring","12","Tuesday","Weekday","No Injuries","No Fatalities"
9.98022997418398e-314,2020-03-24 05:00:00,1,1,0,NA,"N","NOT COLLISION W/MOTOR VEHICLE-TRANSPORT","RAIN","DAYLIGHT","JUAREZ DR & LEBANON PKE","HERMITAGE","HERMIT",36.19288,-86.62383,"OTHER OBJECT (NOT FIXED)","37076","2020","March","Spring","05","Tuesday","Weekday","Injuries","No Fatalities"
9.98026788828758e-314,2020-04-23 00:38:00,2,0,0,NA,"N","ANGLE","RAIN","DARK - LIGHTED","EAST THOMPSON LN & DRUMMOND DR","NASHVILLE","SOUTH",36.11456,-86.71968,"Motor Vehicle-In-Motion Outside Trafficw","37211","2020","April","Spring","00","Thursday","Weekday","No Injuries","No Fatalities"
9.9802678907579e-314,2020-04-23 01:11:00,2,0,0,NA,"N","Front to Rear","RAIN","DARK - LIGHTED","HAYWOOD LN & CHAMBERS DR","NASHVILLE","SOUTH",36.06818,-86.7058,"MOTOR VEHICLE IN TRANSPORT","37211","2020","April","Spring","01","Thursday","Weekday","No Injuries","No Fatalities"
9.98026790261548e-314,2020-04-23 01:29:00,3,0,0,NA,"Y","ANGLE","RAIN","DARK - NOT LIGHTED","7000 CABOT DR","NASHVILLE","WEST",36.13474,-86.89587,"PARKED MOTOR VEHICLE","37209","2020","April","Spring","01","Thursday","Weekday","No Injuries","No Fatalities"
9.98026791743745e-314,2020-04-22 05:00:00,2,0,0,NA,"Y","OTHER","RAIN","DARK - LIGHTED","BROOK VIEW ESTATES DR & ROXANNE DR","NASHVILLE","SOUTH",36.048,-86.69331,"MOTOR VEHICLE IN TRANSPORT","37211","2020","April","Spring","05","Wednesday","Weekday","No Injuries","No Fatalities"
9.9802679238603e-314,2020-04-23 01:44:00,2,1,0,NA,"N","Front to Rear","RAIN","DARK - LIGHTED","NOLENSVILLE PKE & OLD HICKORY BLVD","NASHVILLE","SOUTH",36.04537,-86.71326,"MOTOR VEHICLE IN TRANSPORT","37211","2020","April","Spring","01","Thursday","Weekday","Injuries","No Fatalities"
9.98026794757545e-314,2020-04-23 02:08:00,1,0,1,NA,"Y","NOT COLLISION W/MOTOR VEHICLE-TRANSPORT","RAIN","DARK - LIGHTED","DICKERSON PKE & BARNETT DR","NASHVILLE","MADISO",36.25339,-86.7577,"PEDESTRIAN","37207","2020","April","Spring","02","Thursday","Weekday","No Injuries","With Fatalities"
9.98026798364225e-314,2020-04-23 02:51:00,1,0,0,NA,"Y","UNKNOWN","RAIN","DARK - NOT LIGHTED","MM 52 4 I 24","NASHVILLE","HERMIT",36.13829,-86.7268,"UNKNOWN MOST HARMFUL EVENT","37210","2020","April","Spring","02","Thursday","Weekday","No Injuries","No Fatalities"
9.98026798759477e-314,2020-04-23 02:20:00,1,0,0,NA,"Y","NOT COLLISION W/MOTOR VEHICLE-TRANSPORT","RAIN","DARK - LIGHTED","BAPTIST WORLD CENTER DR & BRICK CHURCH P","NASHVILLE","NORTH",36.19341,-86.77756,"GUARDRAIL FACE;Ran Off Road-Left","37207","2020","April","Spring","02","Thursday","Weekday","No Injuries","No Fatalities"
9.98026799302949e-314,2020-04-23 03:00:00,1,0,0,NA,"Y","UNKNOWN","RAIN","DARK - NOT LIGHTED","SAWYER BROWN RD & CHARLOTTE PKE PVTDR","NASHVILLE","WEST",36.11211,-86.9295,"UNKNOWN MOST HARMFUL EVENT","37221","2020","April","Spring","03","Thursday","Weekday","No Injuries","No Fatalities"