"Accident.Number","Date.and.Time","Number.of.Motor.Vehicles","Number.of.Injuries","Number.of.Fatalities","Property.Damage","Hit.and.Run","Collision.Type.Description","Weather.Description","Illumination.Description","Street.Address","City","Precinct","Latitude","Longitude","HarmfulDescriptions","Zip.Code","Year","Month","Season","Hour","Weekday","DayType","Accident","Fatality_category"
9.98026800192267e-314,2020-04-23 03:09:00,2,0,0,NA,"N","SIDESWIPE - SAME DIRECTION","RAIN","DARK - NOT LIGHTED","MM 52 4 I 24","NASHVILLE","HERMIT",36.13829,-86.7268,"MOTOR VEHICLE IN TRANSPORT","37210","2020","April","Spring","03","Thursday","Weekday","No Injuries","No Fatalities"
9.98026801921497e-314,2020-04-23 02:15:00,2,0,0,NA,"Y","Front to Rear","RAIN","DARK - LIGHTED","FERN AV & WEAKLEY AV","NASHVILLE","NORTH",36.19714,-86.78171,"PARKED MOTOR VEHICLE;Motor Vehicle-In-Motion Outside Trafficw;Ran Off Road-Right","37207","2020","April","Spring","02","Thursday","Weekday","No Injuries","No Fatalities"
9.9802680389776e-314,2020-04-23 03:55:00,1,3,0,NA,"N","NOT COLLISION W/MOTOR VEHICLE-TRANSPORT","RAIN","DARK - LIGHTED","W TRINITY LN & HAMPTON ST","NASHVILLE","NORTH",36.20665,-86.77826,"PEDESTRIAN","37207","2020","April","Spring","03","Thursday","Weekday","Injuries","No Fatalities"
9.98026809036043e-314,2020-04-23 04:43:00,1,1,0,NA,"N","NOT COLLISION W/MOTOR VEHICLE-TRANSPORT","RAIN","DARK - NOT LIGHTED","MM 211 0 I 40","NASHVILLE","HERMIT",36.15428,-86.75944,"","37210","2020","April","Spring","04","Thursday","Weekday","Injuries","No Fatalities"
9.98026812889755e-314,2020-04-23 05:15:00,2,0,0,NA,"Y","Front to Rear","RAIN","DARK - LIGHTED","SMITH SPRINGS & MT. VIEW","ANTIOCH","SOUTH",36.072176,-86.588813,"MOTOR VEHICLE IN TRANSPORT","37013","2020","April","Spring","05","Thursday","Weekday","No Injuries","No Fatalities"
9.9802682474733e-314,2020-04-23 07:35:00,1,0,0,NA,"N","NOT COLLISION W/MOTOR VEHICLE-TRANSPORT","RAIN","DARK - LIGHTED","MM 215 2 I 40","NASHVILLE","HERMIT",36.14395,-86.69163,"CONCRETE TRAFFIC BARRIER","37214","2020","April","Spring","07","Thursday","Weekday","No Injuries","No Fatalities"
9.98026833541699e-314,2020-04-23 09:35:00,1,0,0,NA,"N","NOT COLLISION W/MOTOR VEHICLE-TRANSPORT","RAIN","DARK - LIGHTED","MM 86 5 I 65","NASHVILLE","NORTH",36.19309,-86.77724,"EMBANKMENT EARTH","37207","2020","April","Spring","09","Thursday","Weekday","No Injuries","No Fatalities"
9.9802683596262e-314,2020-04-23 10:04:00,2,0,0,NA,"N","ANGLE","RAIN","DARK - LIGHTED","10 US HWY 31","NASHVILLE","CENTRA",36.16712,-86.77955,"MOTOR VEHICLE IN TRANSPORT","37201","2020","April","Spring","10","Thursday","Weekday","No Injuries","No Fatalities"
9.98026838828201e-314,2020-04-23 10:35:00,2,0,0,NA,"N","Front to Rear","RAIN","DAWN","MM 86 5 I 65","NASHVILLE","NORTH",36.1955,-86.77612,"MOTOR VEHICLE IN TRANSPORT","37207","2020","April","Spring","10","Thursday","Weekday","No Injuries","No Fatalities"
9.98023024196756e-314,2020-03-24 05:00:00,1,1,0,NA,"N","NOT COLLISION W/MOTOR VEHICLE-TRANSPORT","RAIN","DAYLIGHT","MM 215 6 I 40","NASHVILLE","HERMIT",36.14271,-86.68353,"","37214","2020","March","Spring","05","Tuesday","Weekday","Injuries","No Fatalities"
9.98026839717519e-314,2020-04-23 10:47:00,1,1,0,NA,"Y","NOT COLLISION W/MOTOR VEHICLE-TRANSPORT","RAIN","DAWN","MM 214 4 I 40","NASHVILLE","HERMIT",36.14314,-86.70555,"CONCRETE TRAFFIC BARRIER","37210","2020","April","Spring","10","Thursday","Weekday","Injuries","No Fatalities"
9.98026843225385e-314,2020-04-23 11:48:00,2,2,0,NA,"N","ANGLE","RAIN","DAWN","MURFREESBORO PKE & RURAL HILL RD","ANTIOCH","SOUTH",36.07448,-86.63865,"MOTOR VEHICLE IN TRANSPORT","37013","2020","April","Spring","11","Thursday","Weekday","Injuries","No Fatalities"
9.98026843719451e-314,2020-04-23 11:58:00,3,0,0,NA,"Y","ANGLE","RAIN","DAYLIGHT","MM 211 6 I 40","NASHVILLE","HERMIT",36.15106,-86.7504,"MOTOR VEHICLE IN TRANSPORT;CONCRETE TRAFFIC BARRIER","37210","2020","April","Spring","11","Thursday","Weekday","No Injuries","No Fatalities"
9.98026845152241e-314,2020-04-23 12:19:00,2,0,0,NA,"N","Front to Rear","RAIN","DAYLIGHT","MM 87 9 I 65","NASHVILLE","NORTH",36.21452,-86.77547,"MOTOR VEHICLE IN TRANSPORT","37207","2020","April","Spring","12","Thursday","Weekday","No Injuries","No Fatalities"
9.9802684589334e-314,2020-04-23 12:28:00,2,0,0,NA,"N","Front to Rear","RAIN","DAYLIGHT","MM 211 7 I 40","NASHVILLE","HERMIT",36.14989,-86.74797,"MOTOR VEHICLE IN TRANSPORT","37210","2020","April","Spring","12","Thursday","Weekday","No Injuries","No Fatalities"
9.98024400663645e-314,2020-04-04 04:25:00,1,0,0,NA,"N","NOT COLLISION W/MOTOR VEHICLE-TRANSPORT","RAIN","DARK - LIGHTED","WOODLAWN DR & LINMAR AV","NASHVILLE","WEST",36.12577,-86.81496,"","37215","2020","April","Spring","04","Saturday","Weekend","No Injuries","No Fatalities"
9.9802685696041e-314,2020-04-23 01:30:00,1,0,0,NA,"Y","NOT COLLISION W/MOTOR VEHICLE-TRANSPORT","RAIN","DARK - NOT LIGHTED","HUNTINGBORO TRL & SEASONS DR","ANTIOCH","SOUTH",36.07179,-86.59418,"MAIL BOX","37013","2020","April","Spring","01","Thursday","Weekday","No Injuries","No Fatalities"
9.98023049789356e-314,2020-03-25 01:29:00,3,0,0,NA,"N","HEAD-ON","RAIN","DARK - NOT LIGHTED","EDGE O LAKE DR & RYCHEN DR","NASHVILLE","HERMIT",36.08091,-86.64017,"MOTOR VEHICLE IN TRANSPORT;PARKED MOTOR VEHICLE;MAIL BOX;Set In Motion By Motor Vehicle;Motor Vehicle-In-Motion Outside Trafficw;Ran Off Road-Right;EMBANKMENT EARTH","37217","2020","March","Spring","01","Wednesday","Weekday","No Injuries","No Fatalities"
9.98023050629268e-314,2020-03-25 01:35:00,2,3,0,NA,"N","HEAD-ON","RAIN","DARK - LIGHTED","BLUE HOLE RD & TIMBERLAKE CIR","ANTIOCH","SOUTH",36.05013,-86.67316,"MOTOR VEHICLE IN TRANSPORT","37013","2020","March","Spring","01","Wednesday","Weekday","Injuries","No Fatalities"
9.98026885665624e-314,2020-04-23 05:00:00,2,1,0,NA,"N","ANGLE","RAIN","DAYLIGHT","MM 217 1 I 40","NASHVILLE","HERMIT",36.1455,-86.64594,"MOTOR VEHICLE IN TRANSPORT","37214","2020","April","Spring","05","Thursday","Weekday","Injuries","No Fatalities"
9.98023061992778e-314,2020-03-25 02:50:00,1,0,0,NA,"N","NOT COLLISION W/MOTOR VEHICLE-TRANSPORT","RAIN","DARK - LIGHTED","BELL RD & ELM HILL PKE","NASHVILLE","HERMIT",36.14088,-86.62806,"DEER (ANIMAL)","37214","2020","March","Spring","02","Wednesday","Weekday","No Injuries","No Fatalities"
9.98023070688333e-314,2020-03-25 04:40:00,2,0,0,NA,"N","Front to Rear","RAIN","DARK - LIGHTED","MM 86 7 I 65","NASHVILLE","NORTH",36.19813,-86.77634,"MOTOR VEHICLE IN TRANSPORT","37207","2020","March","Spring","04","Wednesday","Weekday","No Injuries","No Fatalities"
9.98026952759739e-314,2020-04-24 07:38:00,1,1,0,NA,"N","NOT COLLISION W/MOTOR VEHICLE-TRANSPORT","RAIN","DARK - NOT LIGHTED","MURFREESBORO PKE & MCGAVOCK PKE","NASHVILLE","SOUTH",36.11621,-86.69689,"PEDESTRIAN","37217","2020","April","Spring","07","Friday","Weekday","Injuries","No Fatalities"
9.98026954637188e-314,2020-04-24 08:00:00,1,0,0,NA,"N","NOT COLLISION W/MOTOR VEHICLE-TRANSPORT","RAIN","DARK - NOT LIGHTED","MM 222 6 I 40","HERMITAGE","HERMIT",36.16873,-86.56916,"DEER (ANIMAL)","37076","2020","April","Spring","08","Friday","Weekday","No Injuries","No Fatalities"
9.98026956267605e-314,2020-04-24 08:32:00,1,0,0,NA,"Y","NOT COLLISION W/MOTOR VEHICLE-TRANSPORT","RAIN","Dark-Unknown Lighting","BLACKWOOD DR & BELL RD","NASHVILLE","HERMIT",36.15226,-86.625,"","37214","2020","April","Spring","08","Friday","Weekday","No Injuries","No Fatalities"
9.98026965061973e-314,2020-04-24 10:40:00,1,0,0,NA,"N","NOT COLLISION W/MOTOR VEHICLE-TRANSPORT","RAIN","DAWN","SPRINGFIELD HWY & GAYLEMORE DR","GOODLETTSVILLE","MADISO",36.36394,-86.73185,"DEER (ANIMAL)","37072","2020","April","Spring","10","Friday","Weekday","No Injuries","No Fatalities"
9.98030494469321e-314,2020-05-23 01:06:00,2,2,0,NA,"N","ANGLE","RAIN","DARK - LIGHTED","MM 75 0 I 65","BRENTWOOD","MIDTOW",36.04391,-86.78094,"MOTOR VEHICLE IN TRANSPORT","37027","2020","May","Spring","01","Saturday","Weekend","Injuries","No Fatalities"
9.98030496742023e-314,2020-05-23 01:28:00,1,0,1,NA,"N","NOT COLLISION W/MOTOR VEHICLE-TRANSPORT","RAIN","DARK - LIGHTED","MM 52 4 I 24","NASHVILLE","HERMIT",36.13846,-86.72666,"UTILITY POLE;Ran Off Road-Right","37210","2020","May","Spring","01","Saturday","Weekend","No Injuries","With Fatalities"
9.98030496989056e-314,2020-05-23 01:31:00,2,0,0,NA,"N","Front to Rear","RAIN","DARK - LIGHTED","CABOT DR & UPTON LN","NASHVILLE","WEST",36.13643,-86.89351,"MOTOR VEHICLE IN TRANSPORT","37209","2020","May","Spring","01","Saturday","Weekend","No Injuries","No Fatalities"
9.9803049837244e-314,2020-05-23 01:44:00,2,5,0,NA,"Y","ANGLE","RAIN","DARK - LIGHTED","MCMILLAN ST & US HWY 70","NASHVILLE","MIDTOW",36.15962,-86.7962,"MOTOR VEHICLE IN TRANSPORT","37203","2020","May","Spring","01","Saturday","Weekend","Injuries","No Fatalities"
9.98030498520659e-314,2020-05-23 01:45:00,1,1,0,NA,"N","NOT COLLISION W/MOTOR VEHICLE-TRANSPORT","RAIN","DARK - LIGHTED","LAFAYETTE ST & LINCOLN ST","NASHVILLE","SOUTH",36.1482,-86.76058,"PEDESTRIAN","37210","2020","May","Spring","01","Saturday","Weekend","Injuries","No Fatalities"
9.98030500151076e-314,2020-05-23 01:55:00,2,0,0,NA,"Y","ANGLE","RAIN","DARK - LIGHTED","S 5TH ST & WOODLAND ST","NASHVILLE","EAST",36.17184,-86.76477,"MOTOR VEHICLE IN TRANSPORT","37206","2020","May","Spring","01","Saturday","Weekend","No Injuries","No Fatalities"
9.98030501188614e-314,2020-05-23 01:40:00,2,1,0,NA,"Y","Front to Rear","RAIN","DARK - LIGHTED","MURFREESBORO PKE & BOROWOOD DR","NASHVILLE","HERMIT",36.09096,-86.6511,"MOTOR VEHICLE IN TRANSPORT","37217","2020","May","Spring","01","Saturday","Weekend","Injuries","No Fatalities"
9.98030501485053e-314,2020-05-23 02:15:00,2,0,0,NA,"Y","SIDESWIPE - SAME DIRECTION","RAIN","DARK - LIGHTED","TANGLEWOOD CT & WHISPERING OAKS PL","NASHVILLE","SOUTH",36.08348,-86.71487,"MOTOR VEHICLE IN TRANSPORT","37211","2020","May","Spring","02","Saturday","Weekend","No Injuries","No Fatalities"
9.98030502127339e-314,2020-05-23 02:22:00,2,1,0,NA,"N","ANGLE","RAIN","DARK - LIGHTED","STATE HWY 254 & ZELIDA AVE","ANTIOCH","SOUTH",36.05504,-86.64242,"MOTOR VEHICLE IN TRANSPORT","37013","2020","May","Spring","02","Saturday","Weekend","Injuries","No Fatalities"
9.98030503313096e-314,2020-05-23 02:43:00,2,1,0,NA,"Y","ANGLE","RAIN","DARK - LIGHTED","DICKERSON PKE & VILLAGE HILLS PVTDR","MADISON","MADISO",36.25935,-86.75778,"MOTOR VEHICLE IN TRANSPORT","37115","2020","May","Spring","02","Saturday","Weekend","Injuries","No Fatalities"
9.98030512453311e-314,2020-05-23 04:00:00,1,0,0,NA,"Y","NOT COLLISION W/MOTOR VEHICLE-TRANSPORT","RAIN","DARK - LIGHTED","EULALA DR & BREWER DR","NASHVILLE","SOUTH",36.05531,-86.70405,"OTHER OBJECT (NOT FIXED);DITCH","37211","2020","May","Spring","04","Saturday","Weekend","No Injuries","No Fatalities"
9.98030811659466e-314,2020-05-25 05:00:00,2,1,0,NA,"N","NOT COLLISION W/MOTOR VEHICLE-TRANSPORT","RAIN","DARK - LIGHTED","I24E & I24 W ENT RAMP","NASHVILLE","HERMIT",36.13879,-86.72728,"CONCRETE TRAFFIC BARRIER","37210","2020","May","Spring","05","Monday","Weekday","Injuries","No Fatalities"
9.98030812153531e-314,2020-05-26 00:45:00,2,0,0,NA,"Y","Rear to Side","RAIN","DARK - LIGHTED","800 MAIN ST","NASHVILLE","EAST",36.17552,-86.75745,"PARKED MOTOR VEHICLE","37206","2020","May","Spring","00","Tuesday","Weekday","No Injuries","No Fatalities"
9.98030813734541e-314,2020-05-26 01:20:00,2,0,0,NA,"Y","UNKNOWN","RAIN","DARK - NOT LIGHTED","CANNON ST & CHARLES E DAVIS BLVD","NASHVILLE","HERMIT",36.15096,-86.76198,"PARKED MOTOR VEHICLE","37210","2020","May","Spring","01","Tuesday","Weekday","No Injuries","No Fatalities"
9.98030813882761e-314,2020-05-26 01:00:00,2,0,0,NA,"Y","SIDESWIPE - SAME DIRECTION","RAIN","DARK - LIGHTED","LEBANON PKE & DONELSON PKE","NASHVILLE","HERMIT",36.16767,-86.66333,"MOTOR VEHICLE IN TRANSPORT","37214","2020","May","Spring","01","Tuesday","Weekday","No Injuries","No Fatalities"
9.98030932557329e-314,2020-05-27 00:03:00,2,1,0,NA,"N","SIDESWIPE - SAME DIRECTION","RAIN","OTHER","MAIN ST & MCFERRIN AV","NASHVILLE","EAST",36.17673,-86.75521,"MOTOR VEHICLE IN TRANSPORT","37206","2020","May","Spring","00","Wednesday","Weekday","Injuries","No Fatalities"
9.9803093542291e-314,2020-05-27 00:30:00,2,1,0,NA,"N","Front to Rear","RAIN","DUSK","CAHAL AV & GALLATIN AV","NASHVILLE","EAST",36.19666,-86.74225,"MOTOR VEHICLE IN TRANSPORT","37206","2020","May","Spring","00","Wednesday","Weekday","Injuries","No Fatalities"
9.98030937300359e-314,2020-05-27 00:28:00,1,0,0,NA,"Y","NOT COLLISION W/MOTOR VEHICLE-TRANSPORT","RAIN","DARK - NOT LIGHTED","LICKTON PKE & OLD HICKORY BLVD","WHITES CREEK","NORTH",36.28004,-86.81521,"DITCH;TREE","37189","2020","May","Spring","00","Wednesday","Weekday","No Injuries","No Fatalities"
9.98030975886886e-314,2020-05-27 10:01:00,1,0,0,NA,"N","NOT COLLISION W/MOTOR VEHICLE-TRANSPORT","RAIN","DARK - LIGHTED","I24 W EXT RAMP & I 24","NASHVILLE","SOUTH",36.16535,-86.76286,"GUARDRAIL FACE","37211","2020","May","Spring","10","Wednesday","Weekday","No Injuries","No Fatalities"
9.98030976924424e-314,2020-05-27 10:15:00,3,0,0,NA,"N","SIDESWIPE - SAME DIRECTION","RAIN","DARK - LIGHTED","MM 53 6 I 24","NASHVILLE","SOUTH",36.11106,-86.72271,"MOTOR VEHICLE IN TRANSPORT","37211","2020","May","Spring","10","Wednesday","Weekday","No Injuries","No Fatalities"
9.98030980135851e-314,2020-05-27 11:04:00,2,0,0,NA,"N","ANGLE","RAIN","DAWN","MM 47 4 I 24","NASHVILLE","CENTRA",36.1825,-86.77513,"MOTOR VEHICLE IN TRANSPORT;GUARDRAIL FACE","37207","2020","May","Spring","11","Wednesday","Weekday","No Injuries","No Fatalities"
9.9803100661777e-314,2020-05-27 05:00:00,2,0,0,NA,"N","SIDESWIPE - SAME DIRECTION","RAIN","DAYLIGHT","MM 210 2 I 40","NASHVILLE","CENTRA",36.14949,-86.77384,"MOTOR VEHICLE IN TRANSPORT","37203","2020","May","Spring","05","Wednesday","Weekday","No Injuries","No Fatalities"
9.98031016153237e-314,2020-05-27 05:00:00,2,0,0,NA,"Y","SIDESWIPE - SAME DIRECTION","RAIN","DAYLIGHT","10TH AVS & DEMONBREUN ST","NASHVILLE","CENTRA",36.15563,-86.78248,"MOTOR VEHICLE IN TRANSPORT;PARKED MOTOR VEHICLE","37203","2020","May","Spring","05","Wednesday","Weekday","No Injuries","No Fatalities"
9.98031054245698e-314,2020-05-27 05:00:00,2,0,0,NA,"N","ANGLE","RAIN","DAYLIGHT","BLACKWOOD DR & STEWARTS FERRY PKE","NASHVILLE","HERMIT",36.15224,-86.62507,"MOTOR VEHICLE IN TRANSPORT","37214","2020","May","Spring","05","Wednesday","Weekday","No Injuries","No Fatalities"
9.98031055480862e-314,2020-05-28 00:35:00,1,0,0,NA,"N","NOT COLLISION W/MOTOR VEHICLE-TRANSPORT","RAIN","DAYLIGHT","MM 200 6 I 40","NASHVILLE","WEST",36.12597,-86.90436,"CONCRETE TRAFFIC BARRIER","37209","2020","May","Spring","00","Thursday","Weekday","No Injuries","No Fatalities"
9.98031057259498e-314,2020-05-28 00:55:00,1,1,0,NA,"N","NOT COLLISION W/MOTOR VEHICLE-TRANSPORT","RAIN","DARK - LIGHTED","GRAYS POINT RD & CRAFT RD","JOELTON","NORTH",36.28939,-86.8959,"TREE","37080","2020","May","Spring","00","Thursday","Weekday","Injuries","No Fatalities"
9.98031058000597e-314,2020-05-28 01:00:00,1,1,0,NA,"N","NOT COLLISION W/MOTOR VEHICLE-TRANSPORT","RAIN","DARK - NOT LIGHTED","I40 W ENT RAMP & I 40","NASHVILLE","HERMIT",36.16929,-86.60761,"","37210","2020","May","Spring","01","Thursday","Weekday","Injuries","No Fatalities"
9.98031058445256e-314,2020-05-28 00:12:00,1,0,0,NA,"Y","NOT COLLISION W/MOTOR VEHICLE-TRANSPORT","RAIN","DARK - LIGHTED","WELLMAN DR & NODYNE DR","NASHVILLE","HERMIT",36.15295,-86.66764,"OTHER OBJECT (NOT FIXED);MAIL BOX","37214","2020","May","Spring","00","Thursday","Weekday","No Injuries","No Fatalities"
9.98031066498526e-314,2020-05-28 02:33:00,3,0,0,NA,"N","Front to Rear","RAIN","DARK - LIGHTED","MM 52 2 I 24","NASHVILLE","SOUTH",36.13607,-86.7271,"MOTOR VEHICLE IN TRANSPORT","37217","2020","May","Spring","02","Thursday","Weekday","No Injuries","No Fatalities"
9.98031070796897e-314,2020-05-28 03:10:00,2,0,0,NA,"Y","HEAD-ON","RAIN","DARK - LIGHTED","57 CENTRAL PKE","HERMITAGE","HERMIT",36.17277,-86.60143,"MOTOR VEHICLE IN TRANSPORT;BUILDING","37076","2020","May","Spring","03","Thursday","Weekday","No Injuries","No Fatalities"
9.98031071241556e-314,2020-05-28 03:15:00,1,0,0,NA,"Y","NOT COLLISION W/MOTOR VEHICLE-TRANSPORT","RAIN","DARK - LIGHTED","BRENTWOOD PL & BRENTWOOD TER","NASHVILLE","MIDTOW",36.04798,-86.74093,"BUILDING","37211","2020","May","Spring","03","Thursday","Weekday","No Injuries","No Fatalities"
9.98031075737553e-314,2020-05-28 04:41:00,1,0,0,NA,"N","NOT COLLISION W/MOTOR VEHICLE-TRANSPORT","RAIN","DARK - LIGHTED","FARMVIEW DR & BOYD DR","NASHVILLE","NORTH",36.22508,-86.8268,"UTILITY POLE","37218","2020","May","Spring","04","Thursday","Weekday","No Injuries","No Fatalities"
9.9803107578696e-314,2020-05-28 04:39:00,1,0,0,NA,"N","NOT COLLISION W/MOTOR VEHICLE-TRANSPORT","RAIN","DARK - LIGHTED","MM 6 2 I 440","NASHVILLE","MIDTOW",36.12268,-86.75154,"OTHER OBJECT (NOT FIXED);GUARDRAIL FACE","37211","2020","May","Spring","04","Thursday","Weekday","No Injuries","No Fatalities"
9.98031076824498e-314,2020-05-27 05:00:00,2,0,0,NA,"N","SIDESWIPE - SAME DIRECTION","RAIN","DARK - LIGHTED","MM 56 2 I 24","NASHVILLE","SOUTH",36.07983,-86.69637,"MOTOR VEHICLE IN TRANSPORT","37211","2020","May","Spring","05","Wednesday","Weekday","No Injuries","No Fatalities"
9.98031179293713e-314,2020-05-29 00:32:00,3,0,0,NA,"Y","Front to Rear","RAIN","DAYLIGHT","MM 214 8 I 40","NASHVILLE","HERMIT",36.14431,-86.6976,"MOTOR VEHICLE IN TRANSPORT;Cargo Equip Loss/Shift","37210","2020","May","Spring","00","Friday","Weekday","No Injuries","No Fatalities"
9.98031179985405e-314,2020-05-29 00:38:00,1,1,0,NA,"N","NOT COLLISION W/MOTOR VEHICLE-TRANSPORT","RAIN","DUSK","MCCRORY CREEK RD & HONEYBROOK DR","NASHVILLE","HERMIT",36.14793,-86.65356,"UTILITY POLE","37214","2020","May","Spring","00","Friday","Weekday","Injuries","No Fatalities"
9.98031186161225e-314,2020-05-29 01:49:00,2,1,0,NA,"Y","SIDESWIPE - SAME DIRECTION","RAIN","DARK - LIGHTED","MM 3 9 I 440","NASHVILLE","MIDTOW",36.11607,-86.79096,"MOTOR VEHICLE IN TRANSPORT","37204","2020","May","Spring","01","Friday","Weekday","Injuries","No Fatalities"
9.98029869723312e-314,2020-05-18 03:25:00,2,0,0,NA,"Y","Front to Rear","RAIN","DARK - LIGHTED","CEDARCREEK DR & CEDARCREEK TRL","ANTIOCH","SOUTH",36.03684,-86.70344,"MOTOR VEHICLE IN TRANSPORT;PARKED MOTOR VEHICLE","37013","2020","May","Spring","03","Monday","Weekday","No Injuries","No Fatalities"
9.98029881185635e-314,2020-05-18 07:21:00,1,0,0,NA,"N","NOT COLLISION W/MOTOR VEHICLE-TRANSPORT","RAIN","DARK - LIGHTED","ANDERSON LN & MYATT DR","MADISON","MADISO",36.27183,-86.6892,"OTHER OBJECT (NOT FIXED)","37115","2020","May","Spring","07","Monday","Weekday","No Injuries","No Fatalities"
9.98029934742351e-314,2020-05-18 05:00:00,1,0,0,NA,"N","NOT COLLISION W/MOTOR VEHICLE-TRANSPORT","RAIN","DAYLIGHT","MM 41 0 I 24","WHITES CREEK","NORTH",36.2718,-86.7945,"DITCH","37189","2020","May","Spring","05","Monday","Weekday","No Injuries","No Fatalities"
9.98029939287755e-314,2020-05-18 05:00:00,2,1,0,NA,"N","Front to Rear","RAIN","DAYLIGHT","MM 41 8 I 24","WHITES CREEK","NORTH",36.26056,-86.78843,"MOTOR VEHICLE IN TRANSPORT","37189","2020","May","Spring","05","Monday","Weekday","Injuries","No Fatalities"
9.98029942597995e-314,2020-05-18 05:00:00,2,0,0,NA,"Y","Front to Rear","RAIN","DAYLIGHT","MM 41 5 I 24","WHITES CREEK","NORTH",36.26452,-86.79044,"MOTOR VEHICLE IN TRANSPORT","37189","2020","May","Spring","05","Monday","Weekday","No Injuries","No Fatalities"
9.98030317692633e-314,2020-05-21 05:00:00,2,0,0,NA,"N","Front to Rear","RAIN","DAYLIGHT","ANDERSON LN & GALLATIN PKEN","MADISON","MADISO",36.27344,-86.70999,"MOTOR VEHICLE IN TRANSPORT","37115","2020","May","Spring","05","Thursday","Weekday","No Injuries","No Fatalities"
9.98030377919235e-314,2020-05-22 01:08:00,1,0,0,NA,"N","NOT COLLISION W/MOTOR VEHICLE-TRANSPORT","RAIN","DARK - LIGHTED","I40 W ENT RAMP & I 40","NASHVILLE","HERMIT",36.14863,-86.77883,"CONCRETE TRAFFIC BARRIER","37210","2020","May","Spring","01","Friday","Weekday","No Injuries","No Fatalities"
9.98028995276525e-314,2020-05-11 01:17:00,3,0,0,NA,"N","Front to Rear","RAIN","DARK - NOT LIGHTED","BELL RD & BELL RD PVTDR","HERMITAGE","HERMIT",36.15294,-86.62315,"MOTOR VEHICLE IN TRANSPORT","37076","2020","May","Spring","01","Monday","Weekday","No Injuries","No Fatalities"
9.98027093469635e-314,2020-04-25 09:53:00,1,1,0,NA,"N","NOT COLLISION W/MOTOR VEHICLE-TRANSPORT","RAIN","DARK - LIGHTED","OLD HICKORY BLVD & BELLEVUE VALLEY PLAZA","NASHVILLE","WEST",36.06632,-86.91704,"CURB","37221","2020","April","Spring","09","Saturday","Weekend","Injuries","No Fatalities"
9.98027099941895e-314,2020-04-25 11:55:00,2,0,0,NA,"N","ANGLE","RAIN","DAYLIGHT","MASSMAN DR & RADFORD DR","NASHVILLE","HERMIT",36.13535,-86.706,"MOTOR VEHICLE IN TRANSPORT","37217","2020","April","Spring","11","Saturday","Weekend","No Injuries","No Fatalities"
9.9802813807263e-314,2020-05-04 00:27:00,2,0,0,NA,"N","ANGLE","RAIN","DARK - NOT LIGHTED","15TH AVN & CECILIA AV","NASHVILLE","NORTH",36.18751,-86.81138,"MOTOR VEHICLE IN TRANSPORT","37208","2020","May","Spring","00","Monday","Weekday","No Injuries","No Fatalities"
9.98028139208981e-314,2020-05-04 00:38:00,1,1,0,NA,"N","NOT COLLISION W/MOTOR VEHICLE-TRANSPORT","RAIN","DARK - NOT LIGHTED","MT VIEW RD & BABY RUTH LN","ANTIOCH","SOUTH",36.04216,-86.63693,"DITCH","37013","2020","May","Spring","00","Monday","Weekday","Injuries","No Fatalities"
9.98028145384801e-314,2020-05-04 01:30:00,2,0,0,NA,"N","ANGLE","RAIN","DARK - NOT LIGHTED","OLD HICKORY BLVD & JUAREZ DR","HERMITAGE","HERMIT",36.19232,-86.6163,"MOTOR VEHICLE IN TRANSPORT","37076","2020","May","Spring","01","Monday","Weekday","No Injuries","No Fatalities"
9.9802814755869e-314,2020-05-04 02:00:00,2,1,0,NA,"N","Front to Rear","RAIN","DARK - NOT LIGHTED","OLD HICKORY BLVD & PRINCETON PL","HERMITAGE","HERMIT",36.17255,-86.60189,"MOTOR VEHICLE IN TRANSPORT","37076","2020","May","Spring","02","Monday","Weekday","Injuries","No Fatalities"
9.98027136848599e-314,2020-04-25 05:00:00,2,1,0,NA,"N","Front to Rear","RAIN","DAYLIGHT","HILLSBORO PKE & STOKES LN","NASHVILLE","WEST",36.11958,-86.80875,"MOTOR VEHICLE IN TRANSPORT","37215","2020","April","Spring","05","Saturday","Weekend","Injuries","No Fatalities"
9.98028185552338e-314,2020-05-04 08:36:00,1,1,0,NA,"N","NOT COLLISION W/MOTOR VEHICLE-TRANSPORT","RAIN","DARK - LIGHTED","PIN HOOK RD & GROVEDALE TRC","ANTIOCH","SOUTH",36.05045,-86.60979,"OTHER POST, POLE, SUPP.","37013","2020","May","Spring","08","Monday","Weekday","Injuries","No Fatalities"
9.98028199139144e-314,2020-05-04 11:47:00,1,0,0,NA,"N","NOT COLLISION W/MOTOR VEHICLE-TRANSPORT","RAIN","DAYLIGHT","MT VIEW RD & HICKORY HOLLOW PKWY","ANTIOCH","SOUTH",36.05883,-86.67045,"GUARDRAIL END","37013","2020","May","Spring","11","Monday","Weekday","No Injuries","No Fatalities"
9.98027152559886e-314,2020-04-25 05:00:00,2,0,0,NA,"Y","ANGLE","RAIN","DARK - LIGHTED","US HWY 31 ALT & MELROSE AVE","NASHVILLE","SOUTH",36.12055,-86.75,"MOTOR VEHICLE IN TRANSPORT","37210","2020","April","Spring","05","Saturday","Weekend","No Injuries","No Fatalities"
9.98027162342386e-314,2020-04-26 02:30:00,2,0,0,NA,"N","SIDESWIPE - SAME DIRECTION","RAIN","DARK - LIGHTED","OLD HICKORY BLVDW & OLD TIME VILLAGE PVT","MADISON","MADISO",36.26314,-86.71267,"MOTOR VEHICLE IN TRANSPORT","37115","2020","April","Spring","02","Sunday","Weekend","No Injuries","No Fatalities"
9.98027165454999e-314,2020-04-25 05:00:00,3,2,0,NA,"Y","SIDESWIPE - SAME DIRECTION","RAIN","DARK - LIGHTED","MM 87 6 I 65","NASHVILLE","EAST",36.21008,-86.77603,"MOTOR VEHICLE IN TRANSPORT","37207","2020","April","Spring","05","Saturday","Weekend","Injuries","No Fatalities"