"Accident.Number","Date.and.Time","Number.of.Motor.Vehicles","Number.of.Injuries","Number.of.Fatalities","Property.Damage","Hit.and.Run","Collision.Type.Description","Weather.Description","Illumination.Description","Street.Address","City","Precinct","Latitude","Longitude","HarmfulDescriptions","Zip.Code","Year","Month","Season","Hour","Weekday","DayType","Accident","Fatality_category"
9.98027170840315e-314,2020-04-25 05:00:00,1,0,0,NA,"Y","UNKNOWN","RAIN","DARK - LIGHTED","MM 86 5 I 65","NASHVILLE","NORTH",36.19295,-86.77748,"UNKNOWN MOST HARMFUL EVENT","37207","2020","April","Spring","05","Saturday","Weekend","No Injuries","No Fatalities"
9.98027174150555e-314,2020-04-25 05:00:00,1,1,0,NA,"Y","NOT COLLISION W/MOTOR VEHICLE-TRANSPORT","RAIN","DARK - LIGHTED","MM 88 5 I 65","NASHVILLE","NORTH",36.22397,-86.77454,"PEDESTRIAN","37207","2020","April","Spring","05","Saturday","Weekend","Injuries","No Fatalities"
9.98027175632752e-314,2020-04-26 05:10:00,2,0,0,NA,"N","ANGLE","RAIN","DARK - LIGHTED","US HWY 70 & SPRING VALLEY RD","NASHVILLE","HERMIT",36.16956,-86.6716,"MOTOR VEHICLE IN TRANSPORT","37214","2020","April","Spring","05","Sunday","Weekend","No Injuries","No Fatalities"
9.98029169978138e-314,2020-05-12 08:15:00,1,0,0,NA,"N","NOT COLLISION W/MOTOR VEHICLE-TRANSPORT","RAIN","DARK - NOT LIGHTED","HIGHWAY 100 & HARPETH TRACE DR","NASHVILLE","WEST",36.06408,-86.90183,"DITCH","37221","2020","May","Spring","08","Tuesday","Weekday","No Injuries","No Fatalities"
9.9802917556108e-314,2020-05-12 10:58:00,2,0,0,NA,"N","Front to Rear","RAIN","DAYLIGHT","FESSLERS LN & LEBANON PKE","NASHVILLE","HERMIT",36.15398,-86.7422,"MOTOR VEHICLE IN TRANSPORT","37210","2020","May","Spring","10","Tuesday","Weekday","No Injuries","No Fatalities"
9.98029176895057e-314,2020-05-12 10:57:00,2,0,0,NA,"N","ANGLE","RAIN","DAYLIGHT","DR D B TODD JR BLVD & JEFFERSON ST","NASHVILLE","NORTH",36.16949,-86.80663,"MOTOR VEHICLE IN TRANSPORT","37208","2020","May","Spring","10","Tuesday","Weekday","No Injuries","No Fatalities"
9.98029178476067e-314,2020-05-12 11:40:00,2,0,0,NA,"N","OTHER","RAIN","DAYLIGHT","BRILEY PKWY N EXT RAMP & BRILEY PKWYN","NASHVILLE","HERMIT",36.14837,-86.69201,"MOTOR VEHICLE IN TRANSPORT;GUARDRAIL FACE;Ran Off Road-Right","37214","2020","May","Spring","11","Tuesday","Weekday","No Injuries","No Fatalities"
9.98029180205297e-314,2020-05-12 12:02:00,1,0,0,NA,"N","NOT COLLISION W/MOTOR VEHICLE-TRANSPORT","RAIN","DAYLIGHT","MM 219 8 I 40","HERMITAGE","HERMIT",36.16348,-86.61701,"DEER (ANIMAL)","37076","2020","May","Spring","12","Tuesday","Weekday","No Injuries","No Fatalities"
9.9802827814024e-314,2020-05-05 00:26:00,2,0,0,NA,"N","Front to Rear","RAIN","DARK - LIGHTED","OLD HICKORY BLVDW & DOUGLAS ST","MADISON","MADISO",36.26336,-86.71485,"MOTOR VEHICLE IN TRANSPORT","37115","2020","May","Spring","00","Tuesday","Weekday","No Injuries","No Fatalities"
9.98028283920808e-314,2020-05-05 00:20:00,2,0,0,NA,"N","ANGLE","RAIN","DARK - LIGHTED","CHARLOTTE PKE & OCEOLA AV","NASHVILLE","WEST",36.14946,-86.8608,"MOTOR VEHICLE IN TRANSPORT","37209","2020","May","Spring","00","Tuesday","Weekday","No Injuries","No Fatalities"
9.98028285106566e-314,2020-05-05 01:30:00,2,1,0,NA,"Y","Front to Rear","RAIN","DARK - LIGHTED","CAHAL AV & GALLATIN AV","NASHVILLE","EAST",36.19666,-86.74225,"MOTOR VEHICLE IN TRANSPORT","37206","2020","May","Spring","01","Tuesday","Weekday","Injuries","No Fatalities"
9.98028286885202e-314,2020-05-05 01:59:00,1,1,0,NA,"N","NOT COLLISION W/MOTOR VEHICLE-TRANSPORT","RAIN","DARK - NOT LIGHTED","MM 49 1 I 24","NASHVILLE","EAST",36.16465,-86.76349,"CONCRETE TRAFFIC BARRIER","37206","2020","May","Spring","01","Tuesday","Weekday","Injuries","No Fatalities"
9.98028288663839e-314,2020-05-05 02:20:00,2,0,0,NA,"N","ANGLE","RAIN","DARK - NOT LIGHTED","MM 57 3 I 24","ANTIOCH","SOUTH",36.06548,-86.6853,"MOTOR VEHICLE IN TRANSPORT","37013","2020","May","Spring","02","Tuesday","Weekday","No Injuries","No Fatalities"
9.98028291183573e-314,2020-05-05 02:40:00,2,2,0,NA,"N","Front to Rear","RAIN","DARK - NOT LIGHTED","SHUTE LN & WILLOW BOUGH LN","OLD HICKORY","HERMIT",36.231,-86.61144,"MOTOR VEHICLE IN TRANSPORT;PARKED MOTOR VEHICLE","37138","2020","May","Spring","02","Tuesday","Weekday","Injuries","No Fatalities"
9.98028291677639e-314,2020-05-05 02:50:00,2,1,0,NA,"Y","Front to Rear","RAIN","DARK - LIGHTED","MM 87 0 I 65","NASHVILLE","EAST",36.20276,-86.77666,"MOTOR VEHICLE IN TRANSPORT","37207","2020","May","Spring","02","Tuesday","Weekday","Injuries","No Fatalities"
9.98028327052739e-314,2020-05-05 04:30:00,2,0,0,NA,"N","Front to Rear","RAIN","DARK - NOT LIGHTED","FATHERLAND ST & S 13TH ST","NASHVILLE","EAST",36.17397,-86.74847,"PARKED MOTOR VEHICLE","37206","2020","May","Spring","04","Tuesday","Weekday","No Injuries","No Fatalities"
9.98029256242e-314,2020-05-13 00:15:00,2,0,0,NA,"Y","ANGLE","RAIN","DAYLIGHT","STEWARTS FERRY PKE & PERCY PRIEST DR","NASHVILLE","HERMIT",36.1539,-86.62564,"MOTOR VEHICLE IN TRANSPORT","37214","2020","May","Spring","00","Wednesday","Weekday","No Injuries","No Fatalities"
9.98029256340813e-314,2020-05-13 00:24:00,2,0,0,NA,"Y","Front to Rear","RAIN","DUSK","MM 59 6 I 24","ANTIOCH","SOUTH",36.04341,-86.65547,"MOTOR VEHICLE IN TRANSPORT","37013","2020","May","Spring","00","Wednesday","Weekday","No Injuries","No Fatalities"
9.9802926083681e-314,2020-05-12 05:00:00,2,0,0,NA,"Y","SIDESWIPE - SAME DIRECTION","RAIN","DARK - LIGHTED","MM 56 6 I 24","NASHVILLE","SOUTH",36.07485,-86.69303,"MOTOR VEHICLE IN TRANSPORT;GUARDRAIL FACE","37211","2020","May","Spring","05","Tuesday","Weekday","No Injuries","No Fatalities"
9.98029265233994e-314,2020-05-13 02:30:00,1,0,0,NA,"N","NOT COLLISION W/MOTOR VEHICLE-TRANSPORT","RAIN","DARK - LIGHTED","MOORMANS ARM RD & CHATEAU VALLEY DR","NASHVILLE","NORTH",36.21608,-86.8132,"DITCH","37207","2020","May","Spring","02","Wednesday","Weekday","No Injuries","No Fatalities"
9.98029267852542e-314,2020-05-13 01:36:00,1,0,0,NA,"Y","NOT COLLISION W/MOTOR VEHICLE-TRANSPORT","RAIN","DARK - LIGHTED","NOLENSVILLE PKE & CONCORD RD","ANTIOCH","SOUTH",35.99744,-86.69068,"LUMINAIRE/LIGHT SUPPORT","37013","2020","May","Spring","01","Wednesday","Weekday","No Injuries","No Fatalities"
9.98029282427479e-314,2020-05-12 05:00:00,1,0,0,NA,"Y","NOT COLLISION W/MOTOR VEHICLE-TRANSPORT","RAIN","DARK - LIGHTED","SMITH SPRINGS RD & OLD SMITH SPRINGS RD","NASHVILLE","HERMIT",36.08843,-86.61041,"UTILITY POLE;Ran Off Road-Right","37217","2020","May","Spring","05","Tuesday","Weekday","No Injuries","No Fatalities"
9.9802928815864e-314,2020-05-13 05:20:00,2,0,0,NA,"Y","Front to Rear","RAIN","DARK - LIGHTED","EDGE O LAKE DR & BELL RD","NASHVILLE","HERMIT",36.07937,-86.63257,"MOTOR VEHICLE IN TRANSPORT","37217","2020","May","Spring","05","Wednesday","Weekday","No Injuries","No Fatalities"
9.98028376409897e-314,2020-05-05 03:43:00,1,0,0,NA,"Y","NOT COLLISION W/MOTOR VEHICLE-TRANSPORT","RAIN","DARK - LIGHTED","NOLENSVILLE PKE & HAYWOOD LN","NASHVILLE","MIDTOW",36.06752,-86.71854,"BUILDING","37211","2020","May","Spring","03","Tuesday","Weekday","No Injuries","No Fatalities"
9.98029297496481e-314,2020-05-13 08:10:00,1,0,0,NA,"N","NOT COLLISION W/MOTOR VEHICLE-TRANSPORT","RAIN","DARK - NOT LIGHTED","MM 52 4 I 24","NASHVILLE","HERMIT",36.13829,-86.72677,"WALL","37210","2020","May","Spring","08","Wednesday","Weekday","No Injuries","No Fatalities"
9.98029302634764e-314,2020-05-13 09:00:00,1,0,0,NA,"N","NOT COLLISION W/MOTOR VEHICLE-TRANSPORT","RAIN","DARK - NOT LIGHTED","MM 4 2 I 440","NASHVILLE","MIDTOW",36.11613,-86.78552,"OTHER OBJECT (NOT FIXED);CONCRETE TRAFFIC BARRIER","37204","2020","May","Spring","09","Wednesday","Weekday","No Injuries","No Fatalities"
9.98029308761178e-314,2020-05-13 10:20:00,2,1,0,NA,"N","Front to Rear","RAIN","DAYLIGHT","BRILEY PKWYN & BRILEY PKWYS","NASHVILLE","SOUTH",36.10933,-86.72756,"MOTOR VEHICLE IN TRANSPORT","37211","2020","May","Spring","10","Wednesday","Weekday","Injuries","No Fatalities"
9.98029309848122e-314,2020-05-13 10:30:00,2,0,0,NA,"N","ANGLE","RAIN","DAWN","DICKERSON PKE & BELL GRIMES LN","MADISON","MADISO",36.26875,-86.75595,"MOTOR VEHICLE IN TRANSPORT","37115","2020","May","Spring","10","Wednesday","Weekday","No Injuries","No Fatalities"
9.98029312022011e-314,2020-05-13 05:00:00,1,0,0,NA,"N","NOT COLLISION W/MOTOR VEHICLE-TRANSPORT","RAIN","DAYLIGHT","MM 86 5 I 65","NASHVILLE","NORTH",36.19344,-86.77683,"","37207","2020","May","Spring","05","Wednesday","Weekday","No Injuries","No Fatalities"
9.9802931231845e-314,2020-05-13 11:12:00,2,0,0,NA,"N","SIDESWIPE - SAME DIRECTION","RAIN","DAWN","MM 33 0 I 24","JOELTON","NORTH",36.33145,-86.90111,"MOTOR VEHICLE IN TRANSPORT","37080","2020","May","Spring","11","Wednesday","Weekday","No Injuries","No Fatalities"
9.98029312911329e-314,2020-05-13 11:20:00,1,0,0,NA,"N","NOT COLLISION W/MOTOR VEHICLE-TRANSPORT","RAIN","DAWN","HIGHWAY 70S & CARRIAGE DR","NASHVILLE","WEST",36.07623,-86.94302,"OTHER OBJECT (NOT FIXED)","37221","2020","May","Spring","11","Wednesday","Weekday","No Injuries","No Fatalities"
9.98029313948867e-314,2020-05-13 11:30:00,3,1,0,NA,"Y","Front to Rear","RAIN","DAYLIGHT","MM 32 4 I 24","JOELTON","NORTH",36.33561,-86.91042,"MOTOR VEHICLE IN TRANSPORT","37080","2020","May","Spring","11","Wednesday","Weekday","Injuries","No Fatalities"
9.9802931577691e-314,2020-05-13 12:11:00,2,1,0,NA,"N","ANGLE","RAIN","DAYLIGHT","LEALAND LN & BATTERY LN","NASHVILLE","MIDTOW",36.08832,-86.791,"MOTOR VEHICLE IN TRANSPORT","37220","2020","May","Spring","12","Wednesday","Weekday","Injuries","No Fatalities"
9.98027432349261e-314,2020-04-28 05:00:00,1,0,0,NA,"Y","NOT COLLISION W/MOTOR VEHICLE-TRANSPORT","RAIN","DARK - NOT LIGHTED","KATIE AV & WEAKLEY AV","NASHVILLE","NORTH",36.19939,-86.78007,"DITCH","37207","2020","April","Spring","05","Tuesday","Weekday","No Injuries","No Fatalities"
9.98027433535019e-314,2020-04-28 10:28:00,1,1,0,NA,"N","NOT COLLISION W/MOTOR VEHICLE-TRANSPORT","RAIN","DARK - LIGHTED","MM 86 6 I 65","NASHVILLE","NORTH",36.19577,-86.77611,"Ran Off Road-Left;EMBANKMENT ROCK/STONE/CONCRETE","37207","2020","April","Spring","10","Tuesday","Weekday","Injuries","No Fatalities"
9.98029319383589e-314,2020-05-13 11:40:00,2,0,0,NA,"N","Front to Rear","RAIN","DAYLIGHT","MM 32 8 I 24","JOELTON","NORTH",36.333,-86.90461,"MOTOR VEHICLE IN TRANSPORT","37080","2020","May","Spring","11","Wednesday","Weekday","No Injuries","No Fatalities"
9.98027433633832e-314,2020-04-28 10:30:00,2,0,0,NA,"N","ANGLE","RAIN","DARK - LIGHTED","ED TEMPLE BLVD & ROSA L PARKS BLVD","NASHVILLE","NORTH",36.18799,-86.82156,"MOTOR VEHICLE IN TRANSPORT","37228","2020","April","Spring","10","Tuesday","Weekday","No Injuries","No Fatalities"
9.98027434572557e-314,2020-04-28 05:00:00,1,0,0,NA,"N","NOT COLLISION W/MOTOR VEHICLE-TRANSPORT","RAIN","DAYLIGHT","MM 86 5 I 65","NASHVILLE","NORTH",36.19328,-86.777,"DITCH","37207","2020","April","Spring","05","Tuesday","Weekday","No Injuries","No Fatalities"
9.9802743467137e-314,2020-04-28 10:50:00,1,0,0,NA,"N","NOT COLLISION W/MOTOR VEHICLE-TRANSPORT","RAIN","DAYLIGHT","I24E & I24 W ENT RAMP","NASHVILLE","HERMIT",36.1384,-86.72737,"GUARDRAIL FACE","37210","2020","April","Spring","10","Tuesday","Weekday","No Injuries","No Fatalities"
9.98027437191105e-314,2020-04-28 10:33:00,2,0,0,NA,"N","Front to Rear","RAIN","DARK - LIGHTED","ASHLAND CITY HWY & ASHLAND CITY HWY WB E","NASHVILLE","NORTH",36.21009,-86.8731,"MOTOR VEHICLE IN TRANSPORT","37218","2020","April","Spring","10","Tuesday","Weekday","No Injuries","No Fatalities"
9.98027439513213e-314,2020-04-28 12:00:00,2,0,0,NA,"N","SIDESWIPE - SAME DIRECTION","RAIN","DAYLIGHT","BRILEY PKWYW & BUENA VISTA PKE","NASHVILLE","NORTH",36.23241,-86.82612,"MOTOR VEHICLE IN TRANSPORT","37218","2020","April","Spring","12","Tuesday","Weekday","No Injuries","No Fatalities"
9.980275718734e-314,2020-04-25 05:00:00,1,0,0,NA,"N","NOT COLLISION W/MOTOR VEHICLE-TRANSPORT","RAIN","DARK - LIGHTED","MM 88 5 I 65","NASHVILLE","NORTH",36.22397,-86.77454,"GUARDRAIL FACE","37207","2020","April","Spring","05","Saturday","Weekend","No Injuries","No Fatalities"
9.98028713263855e-314,2020-05-08 11:46:00,2,0,0,NA,"N","SIDESWIPE - SAME DIRECTION","RAIN","DAYLIGHT","I40 E ENT RAMP & I 40","NASHVILLE","WEST",36.15419,-86.75877,"MOTOR VEHICLE IN TRANSPORT;GUARDRAIL FACE","37205","2020","May","Spring","11","Friday","Weekday","No Injuries","No Fatalities"
9.98028715240117e-314,2020-05-08 12:12:00,2,0,0,NA,"N","ANGLE","RAIN","DAYLIGHT","2ND AVS & LAFAYETTE ST","NASHVILLE","HERMIT",36.15069,-86.76795,"MOTOR VEHICLE IN TRANSPORT","37210","2020","May","Spring","12","Friday","Weekday","No Injuries","No Fatalities"
9.98028716080029e-314,2020-05-08 12:23:00,2,0,0,NA,"N","SIDESWIPE - SAME DIRECTION","RAIN","DAYLIGHT","MM 36 2 I 24","WHITES CREEK","NORTH",36.31963,-86.84633,"MOTOR VEHICLE IN TRANSPORT","37189","2020","May","Spring","12","Friday","Weekday","No Injuries","No Fatalities"
9.98033077790364e-314,2020-06-19 00:44:00,2,2,0,NA,"N","Front to Rear","RAIN","DAYLIGHT","MM 58 6 I 24","ANTIOCH","SOUTH",36.05178,-86.66986,"MOTOR VEHICLE IN TRANSPORT","37013","2020","June","Summer","00","Friday","Weekday","Injuries","No Fatalities"
9.98033079371374e-314,2020-06-19 01:00:00,2,0,0,NA,"Y","Front to Rear","RAIN","DARK - LIGHTED","MM 57 2 I 24","NASHVILLE","SOUTH",36.06697,-86.68683,"MOTOR VEHICLE IN TRANSPORT","37211","2020","June","Summer","01","Friday","Weekday","No Injuries","No Fatalities"
9.98033079865439e-314,2020-06-18 05:00:00,1,0,0,NA,"N","NOT COLLISION W/MOTOR VEHICLE-TRANSPORT","RAIN","DARK - NOT LIGHTED","4000 BELL RD","HERMITAGE","HERMIT",36.1614,-86.59823,"","37076","2020","June","Summer","05","Thursday","Weekday","No Injuries","No Fatalities"
9.98033291374942e-314,2020-06-21 12:38:00,3,1,0,NA,"N","REAR-TO-REAR","RAIN","DAYLIGHT","10TH AVS & 10TH AVN","NASHVILLE","CENTRA",36.15795,-86.78431,"MOTOR VEHICLE IN TRANSPORT","37203","2020","June","Summer","12","Sunday","Weekend","Injuries","No Fatalities"
9.98033291770195e-314,2020-06-21 12:49:00,2,0,0,NA,"N","ANGLE","RAIN","DAYLIGHT","US HWY 31W & UNKNOWN RAMP","NASHVILLE","EAST",36.242,-86.75696,"MOTOR VEHICLE IN TRANSPORT","37207","2020","June","Summer","12","Sunday","Weekend","No Injuries","No Fatalities"
9.98033292313667e-314,2020-06-21 11:01:00,2,0,0,NA,"N","SIDESWIPE - SAME DIRECTION","RAIN","DAYLIGHT","MM 86 2 I 65","NASHVILLE","CENTRA",36.19192,-86.78238,"MOTOR VEHICLE IN TRANSPORT","37207","2020","June","Summer","11","Sunday","Weekend","No Injuries","No Fatalities"
9.98033309457745e-314,2020-06-21 05:00:00,2,0,0,NA,"N","SIDESWIPE - SAME DIRECTION","RAIN","DAYLIGHT","MM 57 4 I 24","ANTIOCH","SOUTH",36.06428,-86.68405,"MOTOR VEHICLE IN TRANSPORT","37013","2020","June","Summer","05","Sunday","Weekend","No Injuries","No Fatalities"
9.98033309754184e-314,2020-06-21 05:00:00,1,0,0,NA,"Y","NOT COLLISION W/MOTOR VEHICLE-TRANSPORT","RAIN","DAYLIGHT","PIN HOOK RD & GROVEDALE TRC","ANTIOCH","SOUTH",36.04982,-86.6044,"UTILITY POLE","37013","2020","June","Summer","05","Sunday","Weekend","No Injuries","No Fatalities"
9.98033422796404e-314,2020-06-23 01:30:00,3,1,0,NA,"N","Front to Rear","RAIN","DARK - LIGHTED","NOLENSVILLE PKE & RAYMOND ST","NASHVILLE","SOUTH",36.09887,-86.73909,"MOTOR VEHICLE IN TRANSPORT","37211","2020","June","Summer","01","Tuesday","Weekday","Injuries","No Fatalities"
9.98033424130381e-314,2020-06-23 01:50:00,1,1,0,NA,"N","NOT COLLISION W/MOTOR VEHICLE-TRANSPORT","RAIN","DARK - LIGHTED","MM 212 0 I 40","NASHVILLE","HERMIT",36.14725,-86.74399,"","37210","2020","June","Summer","01","Tuesday","Weekday","Injuries","No Fatalities"
9.98033424772667e-314,2020-06-23 01:49:00,2,0,0,NA,"N","Front to Rear","RAIN","DARK - NOT LIGHTED","JUAREZ DR & LEBANON PKE","HERMITAGE","HERMIT",36.19288,-86.62383,"MOTOR VEHICLE IN TRANSPORT","37076","2020","June","Summer","01","Tuesday","Weekday","No Injuries","No Fatalities"
9.9803186965164e-314,2020-06-05 02:07:00,1,0,0,NA,"N","NOT COLLISION W/MOTOR VEHICLE-TRANSPORT","RAIN","DARK - LIGHTED","5272 CANE RIDGE RD","ANTIOCH","SOUTH",36.04534,-86.66186,"OTHER OBJECT (NOT FIXED)","37013","2020","June","Summer","02","Friday","Weekday","No Injuries","No Fatalities"
9.98031869849266e-314,2020-06-05 02:23:00,1,1,0,NA,"N","NOT COLLISION W/MOTOR VEHICLE-TRANSPORT","RAIN","DARK - LIGHTED","BRICK CHURCH PARK DR & CAPPS DR","NASHVILLE","NORTH",36.22775,-86.78669,"FENCE","37207","2020","June","Summer","02","Friday","Weekday","Injuries","No Fatalities"
9.98033443596568e-314,2020-06-23 07:15:00,1,0,0,NA,"N","NOT COLLISION W/MOTOR VEHICLE-TRANSPORT","RAIN","DARK - LIGHTED","MM 54 4 I 24","NASHVILLE","SOUTH",36.1019,-86.7131,"GUARDRAIL FACE","37211","2020","June","Summer","07","Tuesday","Weekday","No Injuries","No Fatalities"
9.98033449871201e-314,2020-06-23 09:12:00,1,0,0,NA,"N","NOT COLLISION W/MOTOR VEHICLE-TRANSPORT","RAIN","DARK - LIGHTED","I24 W ENT RAMP & I 40","NASHVILLE","HERMIT",36.13907,-86.72688,"EMBANKMENT EARTH","37217","2020","June","Summer","09","Tuesday","Weekday","No Injuries","No Fatalities"
9.98031871973748e-314,2020-06-05 02:35:00,2,0,0,NA,"Y","SIDESWIPE - SAME DIRECTION","RAIN","DARK - LIGHTED","3RD AVN & UNION ST","NASHVILLE","CENTRA",36.16548,-86.77853,"MOTOR VEHICLE IN TRANSPORT","37201","2020","June","Summer","02","Friday","Weekday","No Injuries","No Fatalities"
9.98031873554758e-314,2020-06-05 03:08:00,2,0,0,NA,"N","ANGLE","RAIN","DARK - NOT LIGHTED","BELL RD & CANE RIDGE RD","ANTIOCH","SOUTH",36.04479,-86.66185,"MOTOR VEHICLE IN TRANSPORT","37013","2020","June","Summer","03","Friday","Weekday","No Injuries","No Fatalities"
9.9803345234153e-314,2020-06-23 10:06:00,1,1,0,NA,"N","NOT COLLISION W/MOTOR VEHICLE-TRANSPORT","RAIN","DAWN","MM 52 4 I 24","NASHVILLE","HERMIT",36.13832,-86.72678,"Ran Off Road-Right;EMBANKMENT ROCK/STONE/CONCRETE","37210","2020","June","Summer","10","Tuesday","Weekday","Injuries","No Fatalities"
9.98031874740516e-314,2020-06-05 03:19:00,1,0,0,NA,"Y","NOT COLLISION W/MOTOR VEHICLE-TRANSPORT","RAIN","DARK - LIGHTED","PEBBLE CREEK DR & CYPRESS LEAF CT","ANTIOCH","SOUTH",36.07381,-86.66208,"TREE","37013","2020","June","Summer","03","Friday","Weekday","No Injuries","No Fatalities"
9.98031874789922e-314,2020-06-05 03:24:00,1,1,0,NA,"N","NOT COLLISION W/MOTOR VEHICLE-TRANSPORT","RAIN","DARK - LIGHTED","RURAL HILL RD & TOOK LN","ANTIOCH","SOUTH",36.05786,-86.64569,"DITCH;FENCE;Ran Off Road-Left;Cross Center Line","37013","2020","June","Summer","03","Friday","Weekday","Injuries","No Fatalities"
9.98031293324064e-314,2020-05-30 00:30:00,2,0,0,NA,"Y","Front to Rear","RAIN","DARK - LIGHTED","NOLENSVILLE PKE & ALLIED DR","NASHVILLE","SOUTH",36.09692,-86.73806,"MOTOR VEHICLE IN TRANSPORT","37211","2020","May","Spring","00","Saturday","Weekend","No Injuries","No Fatalities"
9.98031875481614e-314,2020-06-05 03:55:00,1,1,0,NA,"N","NOT COLLISION W/MOTOR VEHICLE-TRANSPORT","RAIN","DARK - NOT LIGHTED","MM 210 8 I 40","NASHVILLE","CENTRA",36.15458,-86.76209,"DITCH","37210","2020","June","Summer","03","Friday","Weekday","Injuries","No Fatalities"
9.98031294163975e-314,2020-05-30 00:39:00,2,0,0,NA,"N","ANGLE","RAIN","DARK - LIGHTED","MOSSDALE DR & BELL RD","NASHVILLE","HERMIT",36.08278,-86.6287,"MOTOR VEHICLE IN TRANSPORT","37217","2020","May","Spring","00","Saturday","Weekend","No Injuries","No Fatalities"
9.98031875580427e-314,2020-06-05 04:00:00,3,0,0,NA,"Y","SIDESWIPE - SAME DIRECTION","RAIN","DARK - LIGHTED","MM 87 3 I 65","NASHVILLE","EAST",36.20662,-86.77647,"MOTOR VEHICLE IN TRANSPORT","37207","2020","June","Summer","04","Friday","Weekday","No Injuries","No Fatalities"
9.9803187597568e-314,2020-06-05 03:24:00,1,0,0,NA,"N","NOT COLLISION W/MOTOR VEHICLE-TRANSPORT","RAIN","DARK - LIGHTED","MM 88 6 I 65","NASHVILLE","EAST",36.22473,-86.77452,"GUARDRAIL FACE","37207","2020","June","Summer","03","Friday","Weekday","No Injuries","No Fatalities"
9.9803129826472e-314,2020-05-30 01:18:00,2,0,0,NA,"Y","ANGLE","RAIN","DARK - LIGHTED","W OAK HIGHLAND DR & BLUE HOLE RD","ANTIOCH","SOUTH",36.0352,-86.67599,"MOTOR VEHICLE IN TRANSPORT","37013","2020","May","Spring","01","Saturday","Weekend","No Injuries","No Fatalities"
9.98031876222713e-314,2020-06-05 04:12:00,2,1,0,NA,"N","ANGLE","RAIN","DARK - LIGHTED","MM 54 8 I 24","NASHVILLE","SOUTH",36.09725,-86.7089,"MOTOR VEHICLE IN TRANSPORT","37211","2020","June","Summer","04","Friday","Weekday","Injuries","No Fatalities"
9.98031880175238e-314,2020-06-05 04:04:00,2,0,0,NA,"Y","SIDESWIPE - SAME DIRECTION","RAIN","Dark-Unknown Lighting","MM 53 3 I 24","NASHVILLE","SOUTH",36.11451,-86.72457,"MOTOR VEHICLE IN TRANSPORT","37210","2020","June","Summer","04","Friday","Weekday","No Injuries","No Fatalities"
9.98031888080288e-314,2020-06-05 03:05:00,1,0,0,NA,"N","NOT COLLISION W/MOTOR VEHICLE-TRANSPORT","RAIN","Dark-Unknown Lighting","MM 215 0 I 40","NASHVILLE","HERMIT",36.14197,-86.67477,"OTHER OBJECT (NOT FIXED)","37214","2020","June","Summer","03","Friday","Weekday","No Injuries","No Fatalities"
9.98031303057157e-314,2020-05-30 02:00:00,2,1,0,NA,"N","Front to Rear","RAIN","DARK - NOT LIGHTED","MURFREESBORO PKE & MOUNTAIN SPRINGS RD","ANTIOCH","SOUTH",36.04784,-86.61205,"MOTOR VEHICLE IN TRANSPORT","37013","2020","May","Spring","02","Saturday","Weekend","Injuries","No Fatalities"
9.98031304094695e-314,2020-05-30 01:50:00,3,0,0,NA,"Y","Front to Rear","RAIN","DARK - LIGHTED","UNA ANTIOCH PKE & OAKWOOD FOREST DR","ANTIOCH","SOUTH",36.07822,-86.6569,"MOTOR VEHICLE IN TRANSPORT","37013","2020","May","Spring","01","Saturday","Weekend","No Injuries","No Fatalities"
9.98033609948471e-314,2020-06-25 00:13:00,2,0,0,NA,"N","Front to Rear","RAIN","DAYLIGHT","MM 55 8 I 24","NASHVILLE","SOUTH",36.0854,-86.6998,"MOTOR VEHICLE IN TRANSPORT","37211","2020","June","Summer","00","Thursday","Weekday","No Injuries","No Fatalities"
9.9803361197414e-314,2020-06-25 00:40:00,1,2,0,NA,"N","NOT COLLISION W/MOTOR VEHICLE-TRANSPORT","RAIN","DUSK","HAMILTON CHURCH RD & MURFREESBORO PKE","ANTIOCH","SOUTH",36.06438,-86.62891,"","37013","2020","June","Summer","00","Thursday","Weekday","Injuries","No Fatalities"
9.98033612715238e-314,2020-06-25 00:50:00,2,0,0,NA,"N","SIDESWIPE - OPPOSITE DIRECTION","RAIN","DARK - LIGHTED","CENTRAL PKE & TULIP GROVE RD","HERMITAGE","HERMIT",36.17248,-86.59511,"MOTOR VEHICLE IN TRANSPORT","37076","2020","June","Summer","00","Thursday","Weekday","No Injuries","No Fatalities"
9.98033613209304e-314,2020-06-25 00:36:00,2,0,0,NA,"Y","UNKNOWN","RAIN","DUSK","HAYWOOD SQUARE PVTDR & CUMBERLAND LANES","NASHVILLE","SOUTH",36.06874,-86.69322,"PARKED MOTOR VEHICLE","37211","2020","June","Summer","00","Thursday","Weekday","No Injuries","No Fatalities"
9.98033616618357e-314,2020-06-25 01:43:00,1,1,0,NA,"N","NOT COLLISION W/MOTOR VEHICLE-TRANSPORT","RAIN","DARK - NOT LIGHTED","MM 58 4 I 24","ANTIOCH","SOUTH",36.05377,-86.67299,"CONCRETE TRAFFIC BARRIER","37013","2020","June","Summer","01","Thursday","Weekday","Injuries","No Fatalities"
9.9803216332426e-314,2020-06-09 02:43:00,2,1,0,NA,"Y","ANGLE","RAIN","DARK - LIGHTED","MILL CREEK WHITTLEMORE GRNWY & NOLENSVIL","ANTIOCH","SOUTH",36.04245,-86.71294,"MOTOR VEHICLE IN TRANSPORT","37013","2020","June","Summer","02","Tuesday","Weekday","Injuries","No Fatalities"
9.98032165053489e-314,2020-06-09 03:07:00,1,1,0,NA,"N","NOT COLLISION W/MOTOR VEHICLE-TRANSPORT","RAIN","DARK - NOT LIGHTED","BRILEY PKWYW & BRILEY PKWYE","NASHVILLE","NORTH",36.23085,-86.82878,"CONCRETE TRAFFIC BARRIER","37218","2020","June","Summer","03","Tuesday","Weekday","Injuries","No Fatalities"