"Accident.Number","Date.and.Time","Number.of.Motor.Vehicles","Number.of.Injuries","Number.of.Fatalities","Property.Damage","Hit.and.Run","Collision.Type.Description","Weather.Description","Illumination.Description","Street.Address","City","Precinct","Latitude","Longitude","HarmfulDescriptions","Zip.Code","Year","Month","Season","Hour","Weekday","DayType","Accident","Fatality_category"
9.98032169450674e-314,2020-06-08 05:00:00,1,0,0,NA,"N","NOT COLLISION W/MOTOR VEHICLE-TRANSPORT","RAIN","DARK - NOT LIGHTED","BELLSHIRE DR & BELLSHIRE CT","NASHVILLE","MADISO",36.26196,-86.77242,"DITCH;Ran Off Road-Right","37207","2020","June","Summer","05","Monday","Weekday","No Injuries","No Fatalities"
9.98032185310181e-314,2020-06-09 07:30:00,2,0,0,NA,"Y","SIDESWIPE - SAME DIRECTION","RAIN","DARK - NOT LIGHTED","BETHWOOD DR & OAKWOOD AV","NASHVILLE","EAST",36.21294,-86.75347,"MOTOR VEHICLE IN TRANSPORT;PARKED MOTOR VEHICLE","37207","2020","June","Summer","07","Tuesday","Weekday","No Injuries","No Fatalities"
9.98032189312113e-314,2020-06-09 12:22:00,2,1,0,NA,"N","Front to Rear","RAIN","DAYLIGHT","HARDING PL & HARDING MALL DR","NASHVILLE","SOUTH",36.0804,-86.72295,"MOTOR VEHICLE IN TRANSPORT","37211","2020","June","Summer","12","Tuesday","Weekday","Injuries","No Fatalities"
9.98032189410926e-314,2020-06-09 12:22:00,4,0,0,NA,"N","Front to Rear","RAIN","DAYLIGHT","OVERHILL DR & HILLSBORO PKE","NASHVILLE","MIDTOW",36.10094,-86.81873,"MOTOR VEHICLE IN TRANSPORT","37215","2020","June","Summer","12","Tuesday","Weekday","No Injuries","No Fatalities"
9.98031825284545e-314,2020-06-04 12:25:00,2,0,0,NA,"Y","SIDESWIPE - SAME DIRECTION","RAIN","DAYLIGHT","STATE HWY 155 & BUENA VISTA PIKE","NASHVILLE","NORTH",36.23244,-86.82602,"MOTOR VEHICLE IN TRANSPORT","37218","2020","June","Summer","12","Thursday","Weekday","No Injuries","No Fatalities"
9.98036213476798e-314,2020-07-23 00:44:00,1,0,0,NA,"Y","UNKNOWN","RAIN","DAYLIGHT","HICKORY HOLLOW PKWY & MT VIEW RD","ANTIOCH","SOUTH",36.05879,-86.67042,"UNKNOWN MOST HARMFUL EVENT","37013","2020","July","Summer","00","Thursday","Weekday","No Injuries","No Fatalities"
9.98036215650687e-314,2020-07-23 00:01:00,2,1,0,NA,"N","SIDESWIPE - SAME DIRECTION","RAIN","DAYLIGHT","MM 75 2 I 65","BRENTWOOD","MIDTOW",36.04689,-86.77734,"MOTOR VEHICLE IN TRANSPORT","37027","2020","July","Summer","00","Thursday","Weekday","Injuries","No Fatalities"
9.98036215996533e-314,2020-07-23 00:20:00,1,0,0,NA,"N","NOT COLLISION W/MOTOR VEHICLE-TRANSPORT","RAIN","DUSK","I 40 & UNKNOWN RAMP","NASHVILLE","HERMIT",36.13889,-86.72923,"WALL","37210","2020","July","Summer","00","Thursday","Weekday","No Injuries","No Fatalities"
9.98036217231697e-314,2020-07-23 00:40:00,2,2,0,NA,"N","ANGLE","RAIN","DARK - LIGHTED","31ST AVN & WEST END AV","NASHVILLE","MIDTOW",36.14284,-86.81568,"PARKED MOTOR VEHICLE","37203","2020","July","Summer","00","Thursday","Weekday","Injuries","No Fatalities"
9.98036217923389e-314,2020-07-22 05:00:00,1,0,0,NA,"N","NOT COLLISION W/MOTOR VEHICLE-TRANSPORT","RAIN","DARK - NOT LIGHTED","MM 86 5 I 65","NASHVILLE","NORTH",36.19309,-86.77724,"GUARDRAIL FACE","37207","2020","July","Summer","05","Wednesday","Weekday","No Injuries","No Fatalities"
9.98036221134815e-314,2020-07-23 01:30:00,1,1,0,NA,"N","NOT COLLISION W/MOTOR VEHICLE-TRANSPORT","RAIN","DARK - LIGHTED","I40 E ENT RAMP & I 40","NASHVILLE","WEST",36.1438,-86.69959,"WALL","37205","2020","July","Summer","01","Thursday","Weekday","Injuries","No Fatalities"
9.98036221184222e-314,2020-07-23 01:31:00,2,0,0,NA,"N","Front to Rear","RAIN","DARK - LIGHTED","GALLATIN PKES & STATE RT 45","MADISON","MADISO",36.26265,-86.71206,"PARKED MOTOR VEHICLE;Motor Vehicle-In-Motion Outside Trafficw","37115","2020","July","Summer","01","Thursday","Weekday","No Injuries","No Fatalities"
9.98036222419386e-314,2020-07-23 01:24:00,2,0,0,NA,"N","Front to Rear","RAIN","DARK - LIGHTED","NOLENSVILLE RD & BURKITT RD","NOLENSVILLE","SOUTH",35.99144,-86.68373,"MOTOR VEHICLE IN TRANSPORT","37135","2020","July","Summer","01","Thursday","Weekday","No Injuries","No Fatalities"
9.98036224346242e-314,2020-07-23 02:24:00,2,1,0,NA,"N","SIDESWIPE - SAME DIRECTION","RAIN","DARK - NOT LIGHTED","BELL RD & MT VIEW RD","ANTIOCH","SOUTH",36.05003,-86.64932,"MOTOR VEHICLE IN TRANSPORT","37013","2020","July","Summer","02","Thursday","Weekday","Injuries","No Fatalities"
9.98036226421318e-314,2020-07-22 05:00:00,3,0,0,NA,"Y","ANGLE","RAIN","DARK - NOT LIGHTED","MM 88 5 I 65","NASHVILLE","NORTH",36.22362,-86.77455,"MOTOR VEHICLE IN TRANSPORT;UNKNOWN MOST HARMFUL EVENT","37207","2020","July","Summer","05","Wednesday","Weekday","No Injuries","No Fatalities"
9.98036228990459e-314,2020-07-23 03:41:00,1,0,0,NA,"N","NOT COLLISION W/MOTOR VEHICLE-TRANSPORT","RAIN","DAWN","MM 51 4 I 24","NASHVILLE","HERMIT",36.13821,-86.72786,"WALL;Ran Off Road-Right","37210","2020","July","Summer","03","Thursday","Weekday","No Injuries","No Fatalities"
9.98036515993193e-314,2020-07-26 02:00:00,2,1,0,NA,"N","ANGLE","RAIN","DARK - NOT LIGHTED","MM 51 6 I 24","NASHVILLE","HERMIT",36.14045,-86.73168,"MOTOR VEHICLE IN TRANSPORT","37210","2020","July","Summer","02","Sunday","Weekend","Injuries","No Fatalities"
9.98036518809367e-314,2020-07-26 02:39:00,2,0,0,NA,"Y","Rear to Side","RAIN","DARK - NOT LIGHTED","LEGACY DR & CRESSENT GLEN CT","ANTIOCH","SOUTH",36.00873,-86.65131,"MOTOR VEHICLE IN TRANSPORT","37013","2020","July","Summer","02","Sunday","Weekend","No Injuries","No Fatalities"
9.9803659010304e-314,2020-07-27 00:29:00,1,1,0,NA,"N","NOT COLLISION W/MOTOR VEHICLE-TRANSPORT","RAIN","DAYLIGHT","I65 S ENT RAMP & I40 W ENT RAMP","NASHVILLE","MIDTOW",36.1469,-86.77746,"","37203","2020","July","Summer","00","Monday","Weekday","Injuries","No Fatalities"
9.98036698006977e-314,2020-07-28 03:00:00,1,3,0,NA,"N","NOT COLLISION W/MOTOR VEHICLE-TRANSPORT","RAIN","DARK - LIGHTED","0 MARRIOTT DR","NASHVILLE","HERMIT",36.15323,-86.68769,"UTILITY POLE;Ran Off Road-Right","37214","2020","July","Summer","03","Tuesday","Weekday","Injuries","No Fatalities"
9.9803669825401e-314,2020-07-27 05:00:00,1,1,0,NA,"N","NOT COLLISION W/MOTOR VEHICLE-TRANSPORT","RAIN","DARK - LIGHTED","I24E & I40 E ENT RAMP","NASHVILLE","HERMIT",36.1399,-86.72639,"CONCRETE TRAFFIC BARRIER","37210","2020","July","Summer","05","Monday","Weekday","Injuries","No Fatalities"
9.9803455223047e-314,2020-07-05 01:34:00,2,0,0,NA,"Y","ANGLE","RAIN","DARK - LIGHTED","OLD HICKORY BLVD & I24 E ENT RAMP","ANTIOCH","SOUTH",36.0135,-86.62067,"MOTOR VEHICLE IN TRANSPORT","37013","2020","July","Summer","01","Sunday","Weekend","No Injuries","No Fatalities"
9.98034553613854e-314,2020-07-05 02:40:00,3,1,0,NA,"Y","Front to Rear","RAIN","DARK - LIGHTED","HARDING PL & NOLENSVILLE PKE","NASHVILLE","SOUTH",36.07962,-86.72625,"MOTOR VEHICLE IN TRANSPORT","37211","2020","July","Summer","02","Sunday","Weekend","Injuries","No Fatalities"
9.98034554157326e-314,2020-07-05 02:45:00,1,0,0,NA,"N","NOT COLLISION W/MOTOR VEHICLE-TRANSPORT","RAIN","DARK - NOT LIGHTED","MM 58 0 I 24","ANTIOCH","SOUTH",36.05809,-86.67762,"CONCRETE TRAFFIC BARRIER","37013","2020","July","Summer","02","Sunday","Weekend","No Injuries","No Fatalities"
9.98034556281809e-314,2020-07-05 03:18:00,2,1,0,NA,"Y","SIDESWIPE - SAME DIRECTION","RAIN","DARK - LIGHTED","MARTWAY DR & MURFREESBORO PKE","ANTIOCH","SOUTH",36.07831,-86.64303,"MOTOR VEHICLE IN TRANSPORT","37013","2020","July","Summer","03","Sunday","Weekend","Injuries","No Fatalities"
9.98034556874687e-314,2020-07-04 05:00:00,2,1,0,NA,"N","ANGLE","RAIN","DARK - NOT LIGHTED","MM 57 5 I 24","ANTIOCH","SOUTH",36.06355,-86.68329,"MOTOR VEHICLE IN TRANSPORT;GUARDRAIL FACE","37013","2020","July","Summer","05","Saturday","Weekend","Injuries","No Fatalities"
9.98034557319347e-314,2020-07-05 03:37:00,2,1,0,NA,"N","ANGLE","RAIN","DARK - LIGHTED","2ND S & MCCANN","NASHVILLE","SOUTH",36.15051,-86.76783,"MOTOR VEHICLE IN TRANSPORT","37210","2020","July","Summer","03","Sunday","Weekend","Injuries","No Fatalities"
9.98034558801543e-314,2020-07-05 04:00:00,3,1,0,NA,"Y","Front to Rear","RAIN","DARK - LIGHTED","ANDERSON RD & MOSSDALE DRIVE","ANTIOCH","SOUTH",36.073471,-86.619187,"MOTOR VEHICLE IN TRANSPORT","37013","2020","July","Summer","04","Sunday","Weekend","Injuries","No Fatalities"
9.9803455885095e-314,2020-07-05 04:06:00,1,0,0,NA,"Y","NOT COLLISION W/MOTOR VEHICLE-TRANSPORT","RAIN","DARK - LIGHTED","ELLINGTON PKWYN & ELLINGTON PKWY N ENT R","NASHVILLE","EAST",36.1755,-86.76674,"UTILITY POLE","37216","2020","July","Summer","04","Sunday","Weekend","No Injuries","No Fatalities"
9.98034559147389e-314,2020-07-05 04:11:00,2,0,0,NA,"Y","SIDESWIPE - SAME DIRECTION","RAIN","DARK - LIGHTED","BRILEY PKWYN & KIMBERLY DR","NASHVILLE","HERMIT",36.20859,-86.69054,"MOTOR VEHICLE IN TRANSPORT","37214","2020","July","Summer","04","Sunday","Weekend","No Injuries","No Fatalities"
9.98034564335079e-314,2020-07-05 05:28:00,1,0,0,NA,"Y","NOT COLLISION W/MOTOR VEHICLE-TRANSPORT","RAIN","DARK - NOT LIGHTED","I440 W ENT RAMP & I 440","NASHVILLE","SOUTH",36.12568,-86.72757,"CONCRETE TRAFFIC BARRIER","37210","2020","July","Summer","05","Sunday","Weekend","No Injuries","No Fatalities"
9.98034566113715e-314,2020-07-05 05:00:00,1,0,0,NA,"Y","NOT COLLISION W/MOTOR VEHICLE-TRANSPORT","RAIN","DARK - LIGHTED","DRAKES BRANCH RD & KINGS LN","NASHVILLE","NORTH",36.21724,-86.84907,"","37218","2020","July","Summer","05","Sunday","Weekend","No Injuries","No Fatalities"
9.98034567447692e-314,2020-07-05 04:36:00,1,0,0,NA,"Y","NOT COLLISION W/MOTOR VEHICLE-TRANSPORT","RAIN","DARK - NOT LIGHTED","ARBOR PL & ARBOR RIDGE DR","ANTIOCH","SOUTH",36.04327,-86.66592,"DITCH","37013","2020","July","Summer","04","Sunday","Weekend","No Injuries","No Fatalities"
9.98035225938385e-314,2020-07-12 08:40:00,1,1,0,NA,"N","NOT COLLISION W/MOTOR VEHICLE-TRANSPORT","RAIN","DARK - LIGHTED","US HWY 31E & LAKEWOOD DR","MADISON","MADISO",36.24165,-86.72327,"CURB;WALL;Ran Off Road-Left","37115","2020","July","Summer","08","Sunday","Weekend","Injuries","No Fatalities"
9.9803522687711e-314,2020-07-12 09:14:00,2,2,0,NA,"N","Front to Rear","RAIN","DARK - LIGHTED","EDMONDSON PKE & WALLACE RD","NASHVILLE","MIDTOW",36.07709,-86.72556,"MOTOR VEHICLE IN TRANSPORT","37211","2020","July","Summer","09","Sunday","Weekend","Injuries","No Fatalities"
9.98035227717021e-314,2020-07-12 09:36:00,1,0,0,NA,"N","NOT COLLISION W/MOTOR VEHICLE-TRANSPORT","RAIN","DARK - LIGHTED","ANTIOCH PIKE & HARDING INDUSTRIAL DR","NASHVILLE","SOUTH",36.09244,-86.69774,"FENCE","37211","2020","July","Summer","09","Sunday","Weekend","No Injuries","No Fatalities"
9.98035228952186e-314,2020-07-12 10:00:00,1,1,0,NA,"N","NOT COLLISION W/MOTOR VEHICLE-TRANSPORT","RAIN","DARK - LIGHTED","BRILEY PKWYS & BRILEY PKWY S ENT RAMP","NASHVILLE","SOUTH",36.18765,-86.68946,"OTHER OBJECT (NOT FIXED)","37211","2020","July","Summer","10","Sunday","Weekend","Injuries","No Fatalities"
9.98035229100405e-314,2020-07-12 10:03:00,1,0,0,NA,"N","NOT COLLISION W/MOTOR VEHICLE-TRANSPORT","RAIN","DARK - LIGHTED","MM 91 8 I 65","MADISON","MADISO",36.25774,-86.73844,"CONCRETE TRAFFIC BARRIER","37115","2020","July","Summer","10","Sunday","Weekend","No Injuries","No Fatalities"
9.98035229742691e-314,2020-07-12 10:22:00,2,1,0,NA,"N","SIDESWIPE - SAME DIRECTION","RAIN","DARK - LIGHTED","MM 54 0 I 24","NASHVILLE","SOUTH",36.10658,-86.71893,"MOTOR VEHICLE IN TRANSPORT","37211","2020","July","Summer","10","Sunday","Weekend","Injuries","No Fatalities"
9.98035230632009e-314,2020-07-12 10:48:00,1,0,0,NA,"N","NOT COLLISION W/MOTOR VEHICLE-TRANSPORT","RAIN","DAWN","BRILEY PKWYW & DOVERSIDE DR","NASHVILLE","MADISO",36.2393,-86.77683,"WALL","37207","2020","July","Summer","10","Sunday","Weekend","No Injuries","No Fatalities"
9.9803523176836e-314,2020-07-12 11:11:00,1,1,0,NA,"N","NOT COLLISION W/MOTOR VEHICLE-TRANSPORT","RAIN","DAWN","MM 219 9 I 40","HERMITAGE","HERMIT",36.16368,-86.61621,"CONCRETE TRAFFIC BARRIER;Ran Off Road-Left","37076","2020","July","Summer","11","Sunday","Weekend","Injuries","No Fatalities"
9.98035232015393e-314,2020-07-12 11:15:00,1,0,0,NA,"N","NOT COLLISION W/MOTOR VEHICLE-TRANSPORT","RAIN","DAYLIGHT","MM 57 6 I 24","ANTIOCH","SOUTH",36.06273,-86.68243,"CONCRETE TRAFFIC BARRIER","37013","2020","July","Summer","11","Sunday","Weekend","No Injuries","No Fatalities"
9.98035232361238e-314,2020-07-12 11:30:00,1,1,0,NA,"N","NOT COLLISION W/MOTOR VEHICLE-TRANSPORT","RAIN","DAYLIGHT","MM 86 0 I 65","NASHVILLE","CENTRA",36.19175,-86.78526,"GUARDRAIL FACE","37208","2020","July","Summer","11","Sunday","Weekend","Injuries","No Fatalities"
9.98035232558865e-314,2020-07-12 11:34:00,2,1,0,NA,"N","NOT COLLISION W/MOTOR VEHICLE-TRANSPORT","RAIN","DAWN","MM 55 3 I 24","NASHVILLE","SOUTH",36.09039,-86.70335,"MOTOR VEHICLE IN TRANSPORT;CONCRETE TRAFFIC BARRIER","37211","2020","July","Summer","11","Sunday","Weekend","Injuries","No Fatalities"
9.98035232756491e-314,2020-07-12 11:41:00,2,0,0,NA,"Y","ANGLE","RAIN","DAYLIGHT","ELM HILL PKE & NELSON PL","NASHVILLE","HERMIT",36.14987,-86.66922,"MOTOR VEHICLE IN TRANSPORT","37214","2020","July","Summer","11","Sunday","Weekend","No Injuries","No Fatalities"
9.98035232904711e-314,2020-07-12 11:50:00,1,1,0,NA,"N","NOT COLLISION W/MOTOR VEHICLE-TRANSPORT","RAIN","DAYLIGHT","MM 49 1 I 24","NASHVILLE","EAST",36.16401,-86.76288,"","37206","2020","July","Summer","11","Sunday","Weekend","Injuries","No Fatalities"
9.98035233003524e-314,2020-07-12 11:20:00,2,0,0,NA,"Y","Front to Rear","RAIN","DAYLIGHT","GREENLAND AV & KENNEDY AV","NASHVILLE","EAST",36.21994,-86.71855,"MOTOR VEHICLE IN TRANSPORT","37216","2020","July","Summer","11","Sunday","Weekend","No Injuries","No Fatalities"
9.98035233497589e-314,2020-07-12 11:47:00,1,0,0,NA,"N","NOT COLLISION W/MOTOR VEHICLE-TRANSPORT","RAIN","DAYLIGHT","MM 57 6 I 24","ANTIOCH","SOUTH",36.06258,-86.68228,"CONCRETE TRAFFIC BARRIER","37013","2020","July","Summer","11","Sunday","Weekend","No Injuries","No Fatalities"
9.98035234831567e-314,2020-07-12 12:26:00,3,0,0,NA,"N","SIDESWIPE - SAME DIRECTION","RAIN","DAYLIGHT","MM 211 5 I 40","NASHVILLE","HERMIT",36.15133,-86.75104,"MOTOR VEHICLE IN TRANSPORT","37210","2020","July","Summer","12","Sunday","Weekend","No Injuries","No Fatalities"
9.98035235276226e-314,2020-07-12 12:26:00,1,0,0,NA,"N","NOT COLLISION W/MOTOR VEHICLE-TRANSPORT","RAIN","DAYLIGHT","I40 W EXT RAMP & I 40","NASHVILLE","CENTRA",36.15147,-86.75135,"MOTOR VEHICLE IN TRANSPORT;CONCRETE TRAFFIC BARRIER","37203","2020","July","Summer","12","Sunday","Weekend","No Injuries","No Fatalities"
9.98035235325632e-314,2020-07-12 12:35:00,2,0,0,NA,"N","Front to Rear","RAIN","DAYLIGHT","MAIN ST ENT RAMP & ELLINGTON PKWYS","NASHVILLE","EAST",36.17511,-86.76749,"MOTOR VEHICLE IN TRANSPORT","37206","2020","July","Summer","12","Sunday","Weekend","No Injuries","No Fatalities"
9.98034171997549e-314,2020-07-01 03:40:00,1,1,0,NA,"N","NOT COLLISION W/MOTOR VEHICLE-TRANSPORT","RAIN","DARK - LIGHTED","NOLENSVILLE PKE & ALLIED DR","NASHVILLE","SOUTH",36.09647,-86.73783,"PEDESTRIAN","37211","2020","July","Summer","03","Wednesday","Weekday","Injuries","No Fatalities"
9.98034172442208e-314,2020-07-01 03:20:00,3,1,0,NA,"Y","Front to Rear","RAIN","DARK - LIGHTED","ROTHWOOD AV & IDLEWILD DR","MADISON","MADISO",36.25076,-86.70047,"PARKED MOTOR VEHICLE","37115","2020","July","Summer","03","Wednesday","Weekday","Injuries","No Fatalities"
9.9803417486313e-314,2020-07-01 04:08:00,2,2,0,NA,"Y","SIDESWIPE - SAME DIRECTION","RAIN","DARK - NOT LIGHTED","HARPER RD & HIGHWAY 41-A","JOELTON","NORTH",36.33743,-86.9137,"MOTOR VEHICLE IN TRANSPORT;SHRUBBERY;Ran Off Road-Left","37080","2020","July","Summer","04","Wednesday","Weekday","Injuries","No Fatalities"
9.98034175060756e-314,2020-07-01 04:14:00,2,1,0,NA,"Y","ANGLE","RAIN","DARK - LIGHTED","DIVISION ST & 8TH AVS","NASHVILLE","CENTRA",36.14969,-86.77973,"MOTOR VEHICLE IN TRANSPORT","37203","2020","July","Summer","04","Wednesday","Weekday","Injuries","No Fatalities"
9.98034175307789e-314,2020-06-30 05:00:00,1,2,0,NA,"N","NOT COLLISION W/MOTOR VEHICLE-TRANSPORT","RAIN","DARK - LIGHTED","MM 77 6 I 65","NASHVILLE","MIDTOW",36.07909,-86.76488,"CONCRETE TRAFFIC BARRIER","37220","2020","June","Summer","05","Tuesday","Weekday","Injuries","No Fatalities"
9.98034178519216e-314,2020-07-01 05:03:00,1,0,0,NA,"N","NOT COLLISION W/MOTOR VEHICLE-TRANSPORT","RAIN","DARK - LIGHTED","FOREST PARK RD & MAPLE ST","MADISON","MADISO",36.26196,-86.70331,"MAIL BOX","37115","2020","July","Summer","05","Wednesday","Weekday","No Injuries","No Fatalities"
9.98034181582423e-314,2020-07-01 05:00:00,1,0,0,NA,"Y","UNKNOWN","RAIN","UNKNOWN","MM 197 8 I 40","NASHVILLE","WEST",36.09485,-86.93737,"UNKNOWN MOST HARMFUL EVENT","37221","2020","July","Summer","05","Wednesday","Weekday","No Injuries","No Fatalities"
9.98034182669367e-314,2020-07-01 05:15:00,2,0,0,NA,"Y","Front to Rear","RAIN","DARK - LIGHTED","MM 205 5 I 40","NASHVILLE","WEST",36.15512,-86.82982,"MOTOR VEHICLE IN TRANSPORT;CONCRETE TRAFFIC BARRIER;EMBANKMENT ROCK/STONE/CONCRETE","37209","2020","July","Summer","05","Wednesday","Weekday","No Injuries","No Fatalities"
9.98034183509279e-314,2020-07-01 05:00:00,1,0,0,NA,"Y","NOT COLLISION W/MOTOR VEHICLE-TRANSPORT","RAIN","DARK - NOT LIGHTED","OLD HICKORY BLVD & BATTLE RD","ANTIOCH","SOUTH",36.00431,-86.62648,"UTILITY POLE","37013","2020","July","Summer","05","Wednesday","Weekday","No Injuries","No Fatalities"
9.98034189487473e-314,2020-07-01 08:25:00,1,1,0,NA,"N","NOT COLLISION W/MOTOR VEHICLE-TRANSPORT","RAIN","DARK - LIGHTED","I24 W EXT RAMP & I 24","NASHVILLE","SOUTH",36.10714,-86.71947,"GUARDRAIL FACE","37211","2020","July","Summer","08","Wednesday","Weekday","Injuries","No Fatalities"
9.98034189981539e-314,2020-07-01 08:33:00,3,0,0,NA,"Y","Front to Rear","RAIN","DARK - LIGHTED","MM 211 2 I 40","NASHVILLE","HERMIT",36.15327,-86.75641,"MOTOR VEHICLE IN TRANSPORT","37210","2020","July","Summer","08","Wednesday","Weekday","No Injuries","No Fatalities"
9.98036120987709e-314,2020-07-22 02:25:00,1,0,0,NA,"N","NOT COLLISION W/MOTOR VEHICLE-TRANSPORT","RAIN","DARK - NOT LIGHTED","MM 75 0 I 65","BRENTWOOD","MIDTOW",36.05632,-86.77465,"CONCRETE TRAFFIC BARRIER","37027","2020","July","Summer","02","Wednesday","Weekday","No Injuries","No Fatalities"
9.98036122618126e-314,2020-07-22 01:30:00,2,0,0,NA,"Y","Front to Rear","RAIN","DARK - LIGHTED","MM 7 0 I 440","NASHVILLE","SOUTH",36.12446,-86.73679,"MOTOR VEHICLE IN TRANSPORT","37210","2020","July","Summer","01","Wednesday","Weekday","No Injuries","No Fatalities"
9.98036123408631e-314,2020-07-22 03:14:00,1,0,0,NA,"Y","NOT COLLISION W/MOTOR VEHICLE-TRANSPORT","RAIN","DARK - NOT LIGHTED","ANDERSON LN & SNOW AV","MADISON","MADISO",36.27287,-86.69917,"DITCH","37115","2020","July","Summer","03","Wednesday","Weekday","No Injuries","No Fatalities"
9.98039201042352e-314,2020-08-21 08:25:00,1,0,0,NA,"N","NOT COLLISION W/MOTOR VEHICLE-TRANSPORT","RAIN","DARK - LIGHTED","MM 205 4 I 40","NASHVILLE","WEST",36.15474,-86.83123,"CONCRETE TRAFFIC BARRIER","37209","2020","August","Summer","08","Friday","Weekday","No Injuries","No Fatalities"
9.98039201239978e-314,2020-08-21 08:22:00,1,0,0,NA,"N","NOT COLLISION W/MOTOR VEHICLE-TRANSPORT","RAIN","DARK - NOT LIGHTED","BRILEY PKWYW & CLARKSVILLE PKE","NASHVILLE","NORTH",36.22906,-86.83429,"CONCRETE TRAFFIC BARRIER","37218","2020","August","Summer","08","Friday","Weekday","No Injuries","No Fatalities"
9.98039259144472e-314,2020-08-21 05:00:00,2,0,0,NA,"N","ANGLE","RAIN","DAYLIGHT","GREENBRIER RD & JACKMAN RD","GOODLETTSVILLE","NORTH",36.3639,-86.8614,"MOTOR VEHICLE IN TRANSPORT","37072","2020","August","Summer","05","Friday","Weekday","No Injuries","No Fatalities"
9.98039273472375e-314,2020-08-22 00:11:00,1,1,0,NA,"N","NOT COLLISION W/MOTOR VEHICLE-TRANSPORT","RAIN","DUSK","MM 217 2 I 40","NASHVILLE","HERMIT",36.14455,-86.6475,"GUARDRAIL FACE;CONCRETE TRAFFIC BARRIER;Ran Off Road-Right;Ran Off Road-Left","37214","2020","August","Summer","00","Saturday","Weekend","Injuries","No Fatalities"
9.9803927614033e-314,2020-08-22 00:50:00,2,3,0,NA,"N","ANGLE","RAIN","DARK - NOT LIGHTED","MM 58 7 I 24","ANTIOCH","SOUTH",36.05104,-86.6686,"MOTOR VEHICLE IN TRANSPORT;GUARDRAIL FACE","37013","2020","August","Summer","00","Saturday","Weekend","Injuries","No Fatalities"
9.98039276387363e-314,2020-08-22 00:40:00,3,0,0,NA,"N","Front to Rear","RAIN","DARK - LIGHTED","PORTLAND AVE & US HWY 431","NASHVILLE","MIDTOW",36.13324,-86.80132,"MOTOR VEHICLE IN TRANSPORT","37212","2020","August","Summer","00","Saturday","Weekend","No Injuries","No Fatalities"
9.98039276436769e-314,2020-08-22 00:53:00,1,0,0,NA,"N","NOT COLLISION W/MOTOR VEHICLE-TRANSPORT","RAIN","DARK - LIGHTED","MM 3 3 I 440","NASHVILLE","MIDTOW",36.11629,-86.79855,"CONCRETE TRAFFIC BARRIER","37215","2020","August","Summer","00","Saturday","Weekend","No Injuries","No Fatalities"
9.9803927757312e-314,2020-08-22 01:00:00,2,0,0,NA,"Y","ANGLE","RAIN","DARK - LIGHTED","MM 210 2 I 40","NASHVILLE","MIDTOW",36.14943,-86.77322,"MOTOR VEHICLE IN TRANSPORT;WALL","37203","2020","August","Summer","01","Saturday","Weekend","No Injuries","No Fatalities"
9.98039278116593e-314,2020-08-22 01:12:00,2,0,0,NA,"Y","SIDESWIPE - SAME DIRECTION","RAIN","DARK - LIGHTED","MM 58 0 I 24","ANTIOCH","SOUTH",36.05759,-86.67739,"MOTOR VEHICLE IN TRANSPORT","37013","2020","August","Summer","01","Saturday","Weekend","No Injuries","No Fatalities"
9.98039278314219e-314,2020-08-22 01:14:00,2,1,0,NA,"N","ANGLE","RAIN","DARK - LIGHTED","CHARLOTTE AV & 25TH AVN","NASHVILLE","MIDTOW",36.15528,-86.81209,"MOTOR VEHICLE IN TRANSPORT","37203","2020","August","Summer","01","Saturday","Weekend","Injuries","No Fatalities"
9.9803927915413e-314,2020-08-22 01:26:00,2,0,0,NA,"N","Front to Rear","RAIN","DARK - LIGHTED","SOUTH ST & SOUTHSIDE AV","NASHVILLE","MIDTOW",36.14712,-86.7833,"PARKED MOTOR VEHICLE","37203","2020","August","Summer","01","Saturday","Weekend","No Injuries","No Fatalities"
9.98039280339888e-314,2020-08-22 01:17:00,2,0,0,NA,"Y","ANGLE","RAIN","DARK - LIGHTED","GALLATIN PKE & FAIRWIN AV","NASHVILLE","EAST",36.19829,-86.74137,"PARKED MOTOR VEHICLE","37206","2020","August","Summer","01","Saturday","Weekend","No Injuries","No Fatalities"
9.98039280438701e-314,2020-08-22 01:44:00,1,1,0,NA,"N","NOT COLLISION W/MOTOR VEHICLE-TRANSPORT","RAIN","DARK - LIGHTED","WESTBORO DR & CHARLOTTE PKE","NASHVILLE","WEST",36.14754,-86.87203,"OTHER OBJECT (NOT FIXED);DITCH","37209","2020","August","Summer","01","Saturday","Weekend","Injuries","No Fatalities"
9.98039280488108e-314,2020-08-22 00:05:00,2,0,0,NA,"N","Front to Rear","RAIN","DARK - NOT LIGHTED","BLUE HOLE RD & CRYSTAL BROOK DR","ANTIOCH","SOUTH",36.0389,-86.67744,"MOTOR VEHICLE IN TRANSPORT","37013","2020","August","Summer","00","Saturday","Weekend","No Injuries","No Fatalities"
9.98039281525646e-314,2020-08-21 05:00:00,2,0,0,NA,"Y","Rear to Side","RAIN","DARK - LIGHTED","GALLATIN PKEN & OLD TIME VILLAGE PVTDR","MADISON","MADISO",36.26337,-86.71182,"MOTOR VEHICLE IN TRANSPORT","37115","2020","August","Summer","05","Friday","Weekday","No Injuries","No Fatalities"
9.98039282167931e-314,2020-08-22 02:06:00,2,0,0,NA,"Y","ANGLE","RAIN","DARK - LIGHTED","BROADWAY & 3RD AVN","NASHVILLE","CENTRA",36.16165,-86.77571,"MOTOR VEHICLE IN TRANSPORT","37201","2020","August","Summer","02","Saturday","Weekend","No Injuries","No Fatalities"
9.98039282661997e-314,2020-08-22 02:10:00,1,1,0,NA,"N","NOT COLLISION W/MOTOR VEHICLE-TRANSPORT","RAIN","DARK - LIGHTED","MM 5 9 I 440","NASHVILLE","MIDTOW",36.12181,-86.75514,"CONCRETE TRAFFIC BARRIER","37204","2020","August","Summer","02","Saturday","Weekend","Injuries","No Fatalities"