"Accident.Number","Date.and.Time","Number.of.Motor.Vehicles","Number.of.Injuries","Number.of.Fatalities","Property.Damage","Hit.and.Run","Collision.Type.Description","Weather.Description","Illumination.Description","Street.Address","City","Precinct","Latitude","Longitude","HarmfulDescriptions","Zip.Code","Year","Month","Season","Hour","Weekday","DayType","Accident","Fatality_category"
9.98039284440633e-314,2020-08-22 02:42:00,1,1,0,NA,"N","NOT COLLISION W/MOTOR VEHICLE-TRANSPORT","RAIN","DARK - LIGHTED","MURFREESBORO PKE & I24 E EXT RAMP","NASHVILLE","SOUTH",36.13725,-86.72765,"","37210","2020","August","Summer","02","Saturday","Weekend","Injuries","No Fatalities"
9.98039284835885e-314,2020-08-22 02:40:00,2,0,0,NA,"N","SIDESWIPE - OPPOSITE DIRECTION","RAIN","DARK - LIGHTED","MURFREESBORO PKE & FRANKLIN LIMESTONE RD","NASHVILLE","SOUTH",36.09442,-86.65339,"MOTOR VEHICLE IN TRANSPORT","37217","2020","August","Summer","02","Saturday","Weekend","No Injuries","No Fatalities"
9.98039284984105e-314,2020-08-22 01:50:00,1,0,0,NA,"N","NOT COLLISION W/MOTOR VEHICLE-TRANSPORT","RAIN","DARK - LIGHTED","BRILEY PKWYN & BRILEY PKWY N ENT RAMP","NASHVILLE","HERMIT",36.1531,-86.69101,"CONCRETE TRAFFIC BARRIER","37214","2020","August","Summer","01","Saturday","Weekend","No Injuries","No Fatalities"
9.9803928577461e-314,2020-08-22 02:12:00,1,0,0,NA,"N","NOT COLLISION W/MOTOR VEHICLE-TRANSPORT","RAIN","DARK - LIGHTED","DIVISION ST & MUSIC CIRE","NASHVILLE","MIDTOW",36.15182,-86.79058,"CURB","37203","2020","August","Summer","02","Saturday","Weekend","No Injuries","No Fatalities"
9.9803928592283e-314,2020-08-22 03:07:00,1,0,0,NA,"N","NOT COLLISION W/MOTOR VEHICLE-TRANSPORT","RAIN","DARK - NOT LIGHTED","SMITH SPRINGS RD & CLEARLAKE DRW","NASHVILLE","HERMIT",36.08855,-86.61212,"CULVERT;Ran Off Road-Left","37217","2020","August","Summer","03","Saturday","Weekend","No Injuries","No Fatalities"
9.98039286515709e-314,2020-08-22 03:26:00,3,1,0,NA,"Y","SIDESWIPE - SAME DIRECTION","RAIN","DARK - LIGHTED","MM 215 6 I 40","NASHVILLE","HERMIT",36.14291,-86.68493,"MOTOR VEHICLE IN TRANSPORT;CONCRETE TRAFFIC BARRIER","37214","2020","August","Summer","03","Saturday","Weekend","Injuries","No Fatalities"
9.98039286762741e-314,2020-08-22 02:30:00,2,1,0,NA,"Y","ANGLE","RAIN","DARK - LIGHTED","4TH AVS & LAFAYETTE ST","NASHVILLE","CENTRA",36.1518,-86.77125,"MOTOR VEHICLE IN TRANSPORT","37203","2020","August","Summer","02","Saturday","Weekend","Injuries","No Fatalities"
9.98039289776542e-314,2020-08-22 04:17:00,2,3,0,NA,"Y","ANGLE","RAIN","DARK - LIGHTED","JEFFERSON ST & 21ST AVN","NASHVILLE","NORTH",36.16902,-86.81006,"MOTOR VEHICLE IN TRANSPORT;UTILITY POLE;CURB","37208","2020","August","Summer","04","Saturday","Weekend","Injuries","No Fatalities"
9.98039290962299e-314,2020-08-22 01:20:00,2,0,0,NA,"Y","Front to Rear","RAIN","Dark-Unknown Lighting","OLD HICKORY BLVD & CLOVERLAND DR","BRENTWOOD","MIDTOW",36.04028,-86.76837,"MOTOR VEHICLE IN TRANSPORT","37027","2020","August","Summer","01","Saturday","Weekend","No Injuries","No Fatalities"
9.98039295754736e-314,2020-08-22 05:42:00,1,1,0,NA,"N","NOT COLLISION W/MOTOR VEHICLE-TRANSPORT","RAIN","DARK - LIGHTED","W MONTICELLO AVE & MELISSA CT","MADISON","MADISO",36.28787,-86.70774,"DITCH;TREE","37115","2020","August","Summer","05","Saturday","Weekend","Injuries","No Fatalities"
9.98039310922551e-314,2020-08-22 10:20:00,1,1,0,NA,"N","NOT COLLISION W/MOTOR VEHICLE-TRANSPORT","RAIN","DARK - LIGHTED","MM 54 0 I 24","NASHVILLE","SOUTH",36.1062,-86.71882,"OTHER POST, POLE, SUPP.;EMBANKMENT ROCK/STONE/CONCRETE","37211","2020","August","Summer","10","Saturday","Weekend","Injuries","No Fatalities"
9.98039312009496e-314,2020-08-22 10:25:00,1,0,0,NA,"N","NOT COLLISION W/MOTOR VEHICLE-TRANSPORT","RAIN","DAWN","MM 88 6 I 65","NASHVILLE","EAST",36.2246,-86.77454,"GUARDRAIL END","37207","2020","August","Summer","10","Saturday","Weekend","No Injuries","No Fatalities"
9.98039312454155e-314,2020-08-22 05:00:00,2,0,0,NA,"N","SIDESWIPE - SAME DIRECTION","RAIN","DAWN","MM 87 3 I 65","NASHVILLE","EAST",36.20656,-86.77629,"MOTOR VEHICLE IN TRANSPORT","37207","2020","August","Summer","05","Saturday","Weekend","No Injuries","No Fatalities"
9.98039313195253e-314,2020-08-22 10:58:00,1,0,0,NA,"N","NOT COLLISION W/MOTOR VEHICLE-TRANSPORT","RAIN","DAWN","MM 48 3 I 24","NASHVILLE","CENTRA",36.17245,-86.76912,"CONCRETE TRAFFIC BARRIER","37213","2020","August","Summer","10","Saturday","Weekend","No Injuries","No Fatalities"
9.98039313689319e-314,2020-08-22 11:07:00,1,0,0,NA,"N","NOT COLLISION W/MOTOR VEHICLE-TRANSPORT","RAIN","DARK - LIGHTED","BRILEY PKWYN & BRILEY PKWYS","NASHVILLE","SOUTH",36.17399,-86.68962,"CONCRETE TRAFFIC BARRIER","37211","2020","August","Summer","11","Saturday","Weekend","No Injuries","No Fatalities"
9.98039313738726e-314,2020-08-22 11:10:00,1,1,0,NA,"N","NOT COLLISION W/MOTOR VEHICLE-TRANSPORT","RAIN","DAYLIGHT","MM 220 8 I 40","HERMITAGE","HERMIT",36.1702,-86.60171,"CONCRETE TRAFFIC BARRIER","37076","2020","August","Summer","11","Saturday","Weekend","Injuries","No Fatalities"
9.98039314133978e-314,2020-08-22 11:27:00,1,1,0,NA,"N","NOT COLLISION W/MOTOR VEHICLE-TRANSPORT","RAIN","DAWN","MM 198 4 I 40","NASHVILLE","WEST",36.10296,-86.93307,"GUARDRAIL FACE","37221","2020","August","Summer","11","Saturday","Weekend","Injuries","No Fatalities"
9.98039314479824e-314,2020-08-22 11:20:00,1,0,0,NA,"N","NOT COLLISION W/MOTOR VEHICLE-TRANSPORT","RAIN","DAWN","MUSIC SQE & DIVISION ST","NASHVILLE","MIDTOW",36.15184,-86.79162,"CURB","37203","2020","August","Summer","11","Saturday","Weekend","No Injuries","No Fatalities"
9.98039314578637e-314,2020-08-22 12:11:00,1,0,0,NA,"N","NOT COLLISION W/MOTOR VEHICLE-TRANSPORT","RAIN","DAYLIGHT","SHELBY AV & I24 W ENT RAMP","NASHVILLE","CENTRA",36.16663,-86.76478,"UTILITY POLE","37213","2020","August","Summer","12","Saturday","Weekend","No Injuries","No Fatalities"
9.98039314726857e-314,2020-08-22 11:52:00,1,0,0,NA,"N","NOT COLLISION W/MOTOR VEHICLE-TRANSPORT","RAIN","DAYLIGHT","MM 88 7 I 65","NASHVILLE","MADISO",36.2268,-86.77382,"GUARDRAIL FACE","37207","2020","August","Summer","11","Saturday","Weekend","No Injuries","No Fatalities"
9.98039315912614e-314,2020-08-22 12:00:00,1,0,0,NA,"N","NOT COLLISION W/MOTOR VEHICLE-TRANSPORT","RAIN","DAYLIGHT","I24 W EXT RAMP & I 24","NASHVILLE","SOUTH",36.16442,-86.76275,"UTILITY POLE;Ran Off Road-Right","37211","2020","August","Summer","12","Saturday","Weekend","No Injuries","No Fatalities"
9.98039316505493e-314,2020-08-22 12:24:00,1,0,0,NA,"N","NOT COLLISION W/MOTOR VEHICLE-TRANSPORT","RAIN","DAYLIGHT","MM 1 6 I 440","NASHVILLE","WEST",36.1343,-86.8199,"WALL","37209","2020","August","Summer","12","Saturday","Weekend","No Injuries","No Fatalities"
9.98039316801933e-314,2020-08-22 12:20:00,1,0,0,NA,"N","NOT COLLISION W/MOTOR VEHICLE-TRANSPORT","RAIN","DAYLIGHT","STATE HWY 155 & EXIT 17","NASHVILLE","MADISO",36.23944,-86.77583,"CONCRETE TRAFFIC BARRIER","37207","2020","August","Summer","12","Saturday","Weekend","No Injuries","No Fatalities"
9.98039319618107e-314,2020-08-22 12:45:00,1,0,0,NA,"Y","NOT COLLISION W/MOTOR VEHICLE-TRANSPORT","RAIN","DAYLIGHT","LUNN DR & PUTNAM DR","NASHVILLE","NORTH",36.22455,-86.84919,"WALL;MAIL BOX;SHRUBBERY","37218","2020","August","Summer","12","Saturday","Weekend","No Injuries","No Fatalities"
9.98039361811313e-314,2020-08-22 07:30:00,1,0,0,NA,"Y","UNKNOWN","RAIN","Dark-Unknown Lighting","OLD HICKORY BLVD & BROKEN BOW DR","ANTIOCH","SOUTH",36.01466,-86.68042,"UNKNOWN MOST HARMFUL EVENT","37013","2020","August","Summer","07","Saturday","Weekend","No Injuries","No Fatalities"
9.98038424074717e-314,2020-08-14 00:03:00,2,0,0,NA,"N","SIDESWIPE - SAME DIRECTION","RAIN","DUSK","MM 52 9 I 24","NASHVILLE","SOUTH",36.12069,-86.72684,"MOTOR VEHICLE IN TRANSPORT","37217","2020","August","Summer","00","Friday","Weekday","No Injuries","No Fatalities"
9.98038426396826e-314,2020-08-14 00:22:00,2,0,0,NA,"Y","SIDESWIPE - SAME DIRECTION","RAIN","DAYLIGHT","MM 56 7 I 24","NASHVILLE","SOUTH",36.07251,-86.69188,"MOTOR VEHICLE IN TRANSPORT","37211","2020","August","Summer","00","Friday","Weekday","No Injuries","No Fatalities"
9.98038428718934e-314,2020-08-13 05:00:00,2,2,0,NA,"Y","Front to Rear","RAIN","DARK - LIGHTED","PICCADILLY ROW & OKEE TRL","NASHVILLE","SOUTH",36.07755,-86.65802,"MOTOR VEHICLE IN TRANSPORT","37217","2020","August","Summer","05","Thursday","Weekday","Injuries","No Fatalities"
9.98038430003505e-314,2020-08-14 00:59:00,2,1,0,NA,"N","Front to Rear","RAIN","DARK - LIGHTED","MM 56 0 I 24","NASHVILLE","SOUTH",36.08161,-86.69745,"MOTOR VEHICLE IN TRANSPORT","37211","2020","August","Summer","00","Friday","Weekday","Injuries","No Fatalities"
9.98038430843417e-314,2020-08-14 01:15:00,1,0,0,NA,"N","NOT COLLISION W/MOTOR VEHICLE-TRANSPORT","RAIN","DARK - NOT LIGHTED","MM 57 6 I 24","ANTIOCH","SOUTH",36.06306,-86.68278,"CONCRETE TRAFFIC BARRIER","37013","2020","August","Summer","01","Friday","Weekday","No Injuries","No Fatalities"
9.9803843094223e-314,2020-08-14 01:18:00,2,0,0,NA,"Y","Front to Rear","RAIN","DARK - NOT LIGHTED","MM 57 3 I 24","ANTIOCH","SOUTH",36.06544,-86.68555,"MOTOR VEHICLE IN TRANSPORT","37013","2020","August","Summer","01","Friday","Weekday","No Injuries","No Fatalities"
9.98038431880954e-314,2020-08-14 00:30:00,2,0,0,NA,"Y","Front to Rear","RAIN","DARK - LIGHTED","112 GLENROSE AVE","NASHVILLE","SOUTH",36.12529,-86.74213,"MOTOR VEHICLE IN TRANSPORT","37210","2020","August","Summer","00","Friday","Weekday","No Injuries","No Fatalities"
9.98038431979767e-314,2020-08-14 01:25:00,2,0,0,NA,"N","SIDESWIPE - OPPOSITE DIRECTION","RAIN","DAYLIGHT","ASHEFORD TRC & CEDAR ASH CRSG","ANTIOCH","SOUTH",36.04375,-86.62663,"MOTOR VEHICLE IN TRANSPORT","37013","2020","August","Summer","01","Friday","Weekday","No Injuries","No Fatalities"
9.98038434153656e-314,2020-08-14 01:30:00,1,0,0,NA,"N","NOT COLLISION W/MOTOR VEHICLE-TRANSPORT","RAIN","DARK - LIGHTED","DOVER GLEN DR & SPLIT OAK TRL","ANTIOCH","SOUTH",36.0759,-86.65553,"FIRE HYDRANT","37013","2020","August","Summer","01","Friday","Weekday","No Injuries","No Fatalities"
9.98038440872949e-314,2020-08-14 03:25:00,2,0,0,NA,"N","ANGLE","RAIN","DARK - LIGHTED","E TRINITY LN & DOCTOR RICHARD G ADAMS DR","NASHVILLE","EAST",36.20442,-86.74683,"MOTOR VEHICLE IN TRANSPORT","37207","2020","August","Summer","03","Friday","Weekday","No Injuries","No Fatalities"
9.98036780614753e-314,2020-07-28 05:00:00,3,2,0,NA,"N","SIDESWIPE - SAME DIRECTION","RAIN","DAYLIGHT","MM 198 0 I 40","NASHVILLE","WEST",36.09804,-86.93591,"MOTOR VEHICLE IN TRANSPORT","37221","2020","July","Summer","05","Tuesday","Weekday","Injuries","No Fatalities"
9.98036786790573e-314,2020-07-29 00:05:00,2,2,0,NA,"N","Front to Rear","RAIN","DUSK","OLD HICKORY BLVD & STONE BROOK DR","BRENTWOOD","MIDTOW",36.04068,-86.77978,"MOTOR VEHICLE IN TRANSPORT","37027","2020","July","Summer","00","Wednesday","Weekday","Injuries","No Fatalities"
9.98036787531672e-314,2020-07-29 00:07:00,1,0,0,NA,"Y","NOT COLLISION W/MOTOR VEHICLE-TRANSPORT","RAIN","DAYLIGHT","LINBAR DR & BAKERTOWN RD","NASHVILLE","SOUTH",36.07446,-86.69358,"SHRUBBERY","37211","2020","July","Summer","00","Wednesday","Weekday","No Injuries","No Fatalities"
9.98036787828111e-314,2020-07-29 00:17:00,1,0,0,NA,"N","NOT COLLISION W/MOTOR VEHICLE-TRANSPORT","RAIN","DAYLIGHT","MM 209 4 I 40","NASHVILLE","CENTRA",36.15182,-86.78675,"CONCRETE TRAFFIC BARRIER","37203","2020","July","Summer","00","Wednesday","Weekday","No Injuries","No Fatalities"
9.98036788223364e-314,2020-07-29 00:20:00,2,0,0,NA,"Y","SIDESWIPE - SAME DIRECTION","RAIN","DAYLIGHT","DICKERSON PKE & SKYLINE MEMORIAL CT","MADISON","MADISO",36.24403,-86.75656,"MOTOR VEHICLE IN TRANSPORT","37115","2020","July","Summer","00","Wednesday","Weekday","No Injuries","No Fatalities"
9.98036788915056e-314,2020-07-29 00:30:00,2,0,0,NA,"Y","SIDESWIPE - OPPOSITE DIRECTION","RAIN","DAYLIGHT","S GRAYCROFT AVE & W DUE WEST AVE","MADISON","MADISO",36.24919,-86.73446,"MOTOR VEHICLE IN TRANSPORT","37115","2020","July","Summer","00","Wednesday","Weekday","No Injuries","No Fatalities"
9.98036788964462e-314,2020-07-29 00:29:00,2,0,0,NA,"Y","Front to Rear","RAIN","DAYLIGHT","DUE WEST AVW & SAUNDERS AV","MADISON","MADISO",36.24854,-86.72815,"MOTOR VEHICLE IN TRANSPORT","37115","2020","July","Summer","00","Wednesday","Weekday","No Injuries","No Fatalities"
9.98036789260902e-314,2020-07-29 00:40:00,1,0,0,NA,"N","NOT COLLISION W/MOTOR VEHICLE-TRANSPORT","RAIN","DAYLIGHT","BRILEY PKWYW & DOVERSIDE DR","NASHVILLE","MADISO",36.23932,-86.77675,"WALL","37207","2020","July","Summer","00","Wednesday","Weekday","No Injuries","No Fatalities"
9.98036789804374e-314,2020-07-29 00:48:00,1,0,0,NA,"N","NOT COLLISION W/MOTOR VEHICLE-TRANSPORT","RAIN","DARK - NOT LIGHTED","BRILEY PKWYS & BRILEY PKWYN","NASHVILLE","NORTH",36.11502,-86.70596,"OTHER OBJECT (NOT FIXED)","37218","2020","July","Summer","00","Wednesday","Weekday","No Injuries","No Fatalities"
9.98036790249033e-314,2020-07-29 00:56:00,4,0,0,NA,"Y","SIDESWIPE - OPPOSITE DIRECTION","RAIN","DARK - LIGHTED","MAIN ST & MCFERRIN AV","NASHVILLE","EAST",36.17694,-86.75467,"PARKED MOTOR VEHICLE;Motor Vehicle-In-Motion Outside Trafficw","37206","2020","July","Summer","00","Wednesday","Weekday","No Injuries","No Fatalities"
9.98036790594879e-314,2020-07-29 01:00:00,3,0,0,NA,"Y","ANGLE","RAIN","DARK - LIGHTED","I24 E ENT RAMP & I 24","NASHVILLE","CENTRA",36.08342,-86.69866,"MOTOR VEHICLE IN TRANSPORT","37213","2020","July","Summer","01","Wednesday","Weekday","No Injuries","No Fatalities"
9.98036791187758e-314,2020-07-29 01:12:00,2,1,0,NA,"N","Front to Rear","RAIN","DARK - LIGHTED","MURFREESBORO PKE & BELL RD","ANTIOCH","SOUTH",36.07187,-86.63618,"MOTOR VEHICLE IN TRANSPORT","37013","2020","July","Summer","01","Wednesday","Weekday","Injuries","No Fatalities"
9.98036791533604e-314,2020-07-29 00:35:00,2,0,0,NA,"N","SIDESWIPE - SAME DIRECTION","RAIN","DARK - LIGHTED","2ND AVE N & COMMERCE ST","NASHVILLE","CENTRA",36.16381,-86.77638,"MOTOR VEHICLE IN TRANSPORT","37201","2020","July","Summer","00","Wednesday","Weekday","No Injuries","No Fatalities"
9.9803679158301e-314,2020-07-29 00:59:00,2,0,0,NA,"Y","SIDESWIPE - OPPOSITE DIRECTION","RAIN","DARK - LIGHTED","CLEVELAND ST & ELLINGTON PKWY S EXT RAMP","NASHVILLE","EAST",36.18521,-86.7603,"MOTOR VEHICLE IN TRANSPORT","37207","2020","July","Summer","00","Wednesday","Weekday","No Injuries","No Fatalities"
9.98036791830043e-314,2020-07-29 01:26:00,2,0,0,NA,"N","SIDESWIPE - SAME DIRECTION","RAIN","DARK - LIGHTED","I24 E ENT RAMP & I 24","NASHVILLE","CENTRA",36.06871,-86.69088,"MOTOR VEHICLE IN TRANSPORT","37213","2020","July","Summer","01","Wednesday","Weekday","No Injuries","No Fatalities"
9.98036792324109e-314,2020-07-29 01:30:00,1,0,0,NA,"N","NOT COLLISION W/MOTOR VEHICLE-TRANSPORT","RAIN","DARK - LIGHTED","25TH AVE N & BRANDAU PL","NASHVILLE","MIDTOW",36.14845,-86.80926,"CULVERT","37203","2020","July","Summer","01","Wednesday","Weekday","No Injuries","No Fatalities"
9.98036793559273e-314,2020-07-28 05:00:00,2,0,0,NA,"Y","ANGLE","RAIN","DARK - LIGHTED","2ND AVS & ASH ST","NASHVILLE","CENTRA",36.15327,-86.76956,"MOTOR VEHICLE IN TRANSPORT","37210","2020","July","Summer","05","Tuesday","Weekday","No Injuries","No Fatalities"
9.98036795189689e-314,2020-07-29 01:52:00,1,0,0,NA,"N","NOT COLLISION W/MOTOR VEHICLE-TRANSPORT","RAIN","DARK - LIGHTED","MM 212 9 I 40","NASHVILLE","HERMIT",36.14126,-86.73357,"WALL","37210","2020","July","Summer","01","Wednesday","Weekday","No Injuries","No Fatalities"
9.98036796918919e-314,2020-07-29 02:40:00,1,0,0,NA,"N","NOT COLLISION W/MOTOR VEHICLE-TRANSPORT","RAIN","DARK - LIGHTED","I65 N EXT RAMP & I 65","NASHVILLE","EAST",36.20502,-86.7754,"GUARDRAIL END","37207","2020","July","Summer","02","Wednesday","Weekday","No Injuries","No Fatalities"
9.98038544379702e-314,2020-08-15 00:20:00,2,0,0,NA,"Y","Front to Rear","RAIN","DARK - LIGHTED","I65 S EXT RAMP & WEDGEWOOD AV","NASHVILLE","MIDTOW",36.1344,-86.77632,"MOTOR VEHICLE IN TRANSPORT","37203","2020","August","Summer","00","Saturday","Weekend","No Injuries","No Fatalities"
9.980385451208e-314,2020-08-15 01:01:00,2,2,0,NA,"N","HEAD-ON","RAIN","DARK - NOT LIGHTED","OLD HICKORY BLVD & FIELDS DR","OLD HICKORY","HERMIT",36.23632,-86.6274,"MOTOR VEHICLE IN TRANSPORT","37138","2020","August","Summer","01","Saturday","Weekend","Injuries","No Fatalities"
9.98038548974512e-314,2020-08-15 00:25:00,2,0,0,NA,"N","ANGLE","RAIN","DARK - NOT LIGHTED","WINTHORNE DR & WINTHORNE CT","NASHVILLE","SOUTH",36.1212,-86.70756,"MOTOR VEHICLE IN TRANSPORT","37217","2020","August","Summer","00","Saturday","Weekend","No Injuries","No Fatalities"
9.98038549419172e-314,2020-08-15 01:52:00,2,2,0,NA,"N","ANGLE","RAIN","DARK - LIGHTED","BROADMOOR DR & DICKERSON PKE","NASHVILLE","EAST",36.22938,-86.75928,"MOTOR VEHICLE IN TRANSPORT","37207","2020","August","Summer","01","Saturday","Weekend","Injuries","No Fatalities"
9.9803855159306e-314,2020-08-15 02:15:00,3,2,0,NA,"N","Front to Rear","RAIN","DARK - LIGHTED","MM 57 2 I 24","NASHVILLE","SOUTH",36.06754,-86.68744,"MOTOR VEHICLE IN TRANSPORT","37211","2020","August","Summer","02","Saturday","Weekend","Injuries","No Fatalities"
9.98038551790687e-314,2020-08-15 02:25:00,2,1,0,NA,"N","ANGLE","RAIN","DARK - LIGHTED","FESSLERS LN & RUNDLE AV","NASHVILLE","HERMIT",36.14671,-86.74377,"MOTOR VEHICLE IN TRANSPORT","37210","2020","August","Summer","02","Saturday","Weekend","Injuries","No Fatalities"
9.98038551988313e-314,2020-08-15 00:52:00,2,1,0,NA,"N","ANGLE","RAIN","DARK - LIGHTED","SAWYER BROWN RD & ESTERBROOK DR","NASHVILLE","WEST",36.08261,-86.94413,"MOTOR VEHICLE IN TRANSPORT","37221","2020","August","Summer","00","Saturday","Weekend","Injuries","No Fatalities"
9.98038552630598e-314,2020-08-15 02:46:00,1,0,0,NA,"Y","NOT COLLISION W/MOTOR VEHICLE-TRANSPORT","RAIN","DARK - LIGHTED","0 LYNNWOOD BLVD","NASHVILLE","WEST",36.251,-86.7155,"DITCH","37215","2020","August","Summer","02","Saturday","Weekend","No Injuries","No Fatalities"
9.98038554112795e-314,2020-08-15 03:13:00,2,2,0,NA,"Y","SIDESWIPE - SAME DIRECTION","RAIN","DARK - NOT LIGHTED","MM 86 5 I 65","NASHVILLE","NORTH",36.19241,-86.77691,"MOTOR VEHICLE IN TRANSPORT;Other Traffic Barrier","37207","2020","August","Summer","03","Saturday","Weekend","Injuries","No Fatalities"
9.98038554804487e-314,2020-08-15 03:00:00,2,0,0,NA,"N","SIDESWIPE - OPPOSITE DIRECTION","RAIN","DARK - NOT LIGHTED","SAUNDERSVILLE RD & WOODSIDE DR","HERMITAGE","HERMIT",36.22889,-86.5911,"MOTOR VEHICLE IN TRANSPORT","37076","2020","August","Summer","03","Saturday","Weekend","No Injuries","No Fatalities"
9.98038561326154e-314,2020-08-15 04:50:00,1,0,0,NA,"N","NOT COLLISION W/MOTOR VEHICLE-TRANSPORT","RAIN","DARK - NOT LIGHTED","FORT NEGLEY BLVD & BASS ST","NASHVILLE","MIDTOW",36.1472,-86.776,"UTILITY POLE;Motor Vehicle-In-Motion Outside Trafficw","37203","2020","August","Summer","04","Saturday","Weekend","No Injuries","No Fatalities"
9.98037010355278e-314,2020-07-31 01:38:00,2,2,0,NA,"N","Front to Rear","RAIN","DARK - LIGHTED","W TRINITY LN & I65 N ENT RAMP","NASHVILLE","EAST",36.2063,-86.77354,"MOTOR VEHICLE IN TRANSPORT","37207","2020","July","Summer","01","Friday","Weekday","Injuries","No Fatalities"
9.9803701292442e-314,2020-07-31 01:35:00,2,0,0,NA,"Y","SIDESWIPE - SAME DIRECTION","RAIN","DAYLIGHT","MM 212 8 I 40","NASHVILLE","HERMIT",36.142,-86.73506,"MOTOR VEHICLE IN TRANSPORT","37210","2020","July","Summer","01","Friday","Weekday","No Injuries","No Fatalities"
9.98037014950089e-314,2020-07-30 05:00:00,1,0,0,NA,"N","NOT COLLISION W/MOTOR VEHICLE-TRANSPORT","RAIN","DARK - LIGHTED","I40 W ENT RAMP & I 40","NASHVILLE","HERMIT",36.14806,-86.77786,"GUARDRAIL FACE","37210","2020","July","Summer","05","Thursday","Weekday","No Injuries","No Fatalities"
9.98037016382879e-314,2020-07-31 03:09:00,2,2,0,NA,"N","Front to Rear","RAIN","DARK - LIGHTED","I 40 & UNKNOWN RAMP","NASHVILLE","HERMIT",36.15391,-86.78832,"MOTOR VEHICLE IN TRANSPORT","37210","2020","July","Summer","03","Friday","Weekday","Injuries","No Fatalities"
9.98037033675177e-314,2020-07-31 06:34:00,1,0,0,NA,"Y","NOT COLLISION W/MOTOR VEHICLE-TRANSPORT","RAIN","DARK - LIGHTED","MM 48 0 I 24","NASHVILLE","CENTRA",36.17597,-86.77215,"GUARDRAIL FACE;Ran Off Road-Right","37213","2020","July","Summer","06","Friday","Weekday","No Injuries","No Fatalities"
9.98037037874735e-314,2020-07-31 07:45:00,2,0,0,NA,"Y","Front to Rear","RAIN","DARK - NOT LIGHTED","MM 53 4 I 24","NASHVILLE","SOUTH",36.11325,-86.72374,"MOTOR VEHICLE IN TRANSPORT;DITCH","37210","2020","July","Summer","07","Friday","Weekday","No Injuries","No Fatalities"
9.98037039258118e-314,2020-07-31 08:05:00,2,0,0,NA,"N","ANGLE","RAIN","DARK - LIGHTED","PERCY PRIEST DR & STEWARTS FERRY PKE","NASHVILLE","HERMIT",36.15364,-86.62619,"MOTOR VEHICLE IN TRANSPORT","37214","2020","July","Summer","08","Friday","Weekday","No Injuries","No Fatalities"
9.98037040048623e-314,2020-07-31 08:13:00,1,1,0,NA,"N","NOT COLLISION W/MOTOR VEHICLE-TRANSPORT","RAIN","DARK - LIGHTED","MM 200 6 I 40","NASHVILLE","WEST",36.12566,-86.90461,"CONCRETE TRAFFIC BARRIER","37209","2020","July","Summer","08","Friday","Weekday","Injuries","No Fatalities"
9.98037044149368e-314,2020-07-31 09:51:00,2,0,0,NA,"N","SIDESWIPE - SAME DIRECTION","RAIN","DARK - LIGHTED","MM 212 8 I 40","NASHVILLE","HERMIT",36.14235,-86.73498,"MOTOR VEHICLE IN TRANSPORT","37210","2020","July","Summer","09","Friday","Weekday","No Injuries","No Fatalities"
9.98037115591261e-314,2020-08-01 01:50:00,2,3,0,NA,"N","ANGLE","RAIN","DARK - LIGHTED","OLD HICKORY BLVD & HIGHWAY 70S","NASHVILLE","WEST",36.07448,-86.92094,"MOTOR VEHICLE IN TRANSPORT","37221","2020","August","Summer","01","Saturday","Weekend","Injuries","No Fatalities"
9.98037122458773e-314,2020-08-01 04:09:00,1,0,0,NA,"N","NOT COLLISION W/MOTOR VEHICLE-TRANSPORT","RAIN","DARK - NOT LIGHTED","MM 38 0 I 24","WHITES CREEK","NORTH",36.30764,-86.82076,"CULVERT","37189","2020","August","Summer","04","Saturday","Weekend","No Injuries","No Fatalities"
9.98037123150465e-314,2020-08-01 04:00:00,1,0,0,NA,"N","NOT COLLISION W/MOTOR VEHICLE-TRANSPORT","RAIN","DARK - LIGHTED","MM 91 7 I 65","MADISON","MADISO",36.25683,-86.73828,"WALL","37115","2020","August","Summer","04","Saturday","Weekend","No Injuries","No Fatalities"
9.9803712379275e-314,2020-08-01 04:25:00,2,2,0,NA,"N","SIDESWIPE - SAME DIRECTION","RAIN","DARK - LIGHTED","I24E & I40 E ENT RAMP","NASHVILLE","HERMIT",36.13933,-86.72698,"MOTOR VEHICLE IN TRANSPORT","37210","2020","August","Summer","04","Saturday","Weekend","Injuries","No Fatalities"
9.98037124484442e-314,2020-08-01 04:30:00,2,0,0,NA,"N","ANGLE","RAIN","DARK - LIGHTED","MUSIC SQS & MUSIC SQE","NASHVILLE","MIDTOW",36.14675,-86.79252,"MOTOR VEHICLE IN TRANSPORT","37212","2020","August","Summer","04","Saturday","Weekend","No Injuries","No Fatalities"
9.98038285192864e-314,2020-08-12 05:00:00,1,0,0,NA,"N","NOT COLLISION W/MOTOR VEHICLE-TRANSPORT","RAIN","DAYLIGHT","MM 1 7 I 440","NASHVILLE","NORTH",36.15417,-86.82255,"UTILITY POLE","37209","2020","August","Summer","05","Wednesday","Weekday","No Injuries","No Fatalities"
9.98037125126728e-314,2020-08-01 04:20:00,2,0,0,NA,"Y","SIDESWIPE - SAME DIRECTION","RAIN","DARK - NOT LIGHTED","US HWY 41 & FOREST VIEW DR","ANTIOCH","SOUTH",36.0683,-86.63217,"MOTOR VEHICLE IN TRANSPORT","37013","2020","August","Summer","04","Saturday","Weekend","No Injuries","No Fatalities"
9.98037128881627e-314,2020-08-01 05:15:00,1,0,0,NA,"N","NOT COLLISION W/MOTOR VEHICLE-TRANSPORT","RAIN","DARK - LIGHTED","MM 86 7 I 65","NASHVILLE","NORTH",36.1974,-86.77623,"LUMINAIRE/LIGHT SUPPORT","37207","2020","August","Summer","05","Saturday","Weekend","No Injuries","No Fatalities"