"Accident.Number","Date.and.Time","Number.of.Motor.Vehicles","Number.of.Injuries","Number.of.Fatalities","Property.Damage","Hit.and.Run","Collision.Type.Description","Weather.Description","Illumination.Description","Street.Address","City","Precinct","Latitude","Longitude","HarmfulDescriptions","Zip.Code","Year","Month","Season","Hour","Weekday","DayType","Accident","Fatality_category"
9.9803712898044e-314,2020-08-01 05:00:00,1,0,0,NA,"N","NOT COLLISION W/MOTOR VEHICLE-TRANSPORT","RAIN","DARK - LIGHTED","MM 87 3 I 65","NASHVILLE","EAST",36.20689,-86.77644,"CONCRETE TRAFFIC BARRIER","37207","2020","August","Summer","05","Saturday","Weekend","No Injuries","No Fatalities"
9.98037129128659e-314,2020-08-01 05:20:00,1,0,0,NA,"N","NOT COLLISION W/MOTOR VEHICLE-TRANSPORT","RAIN","DARK - LIGHTED","MM 211 7 I 40","NASHVILLE","HERMIT",36.15015,-86.74846,"CONCRETE TRAFFIC BARRIER","37210","2020","August","Summer","05","Saturday","Weekend","No Injuries","No Fatalities"
9.98037129178066e-314,2020-08-01 04:06:00,1,1,0,NA,"N","NOT COLLISION W/MOTOR VEHICLE-TRANSPORT","RAIN","DARK - NOT LIGHTED","I24 W EXT RAMP & I 24","NASHVILLE","SOUTH",36.03834,-86.64697,"GUARDRAIL FACE;UTILITY POLE;Ran Off Road-Right","37211","2020","August","Summer","04","Saturday","Weekend","Injuries","No Fatalities"
9.98037129474505e-314,2020-08-01 05:32:00,2,0,0,NA,"N","ANGLE","RAIN","DARK - LIGHTED","I40 E EXT RAMP & I 40","NASHVILLE","HERMIT",36.14185,-86.67691,"MOTOR VEHICLE IN TRANSPORT","37214","2020","August","Summer","05","Saturday","Weekend","No Injuries","No Fatalities"
9.98037130116791e-314,2020-08-01 05:30:00,1,0,0,NA,"N","NOT COLLISION W/MOTOR VEHICLE-TRANSPORT","RAIN","DARK - LIGHTED","HIGHWAY 70S & HARPETH VALLEY RD","NASHVILLE","WEST",36.08203,-86.95776,"FENCE","37221","2020","August","Summer","05","Saturday","Weekend","No Injuries","No Fatalities"
9.98037130363824e-314,2020-08-01 05:46:00,1,0,0,NA,"N","NOT COLLISION W/MOTOR VEHICLE-TRANSPORT","RAIN","DARK - NOT LIGHTED","MM 213 0 I 40","NASHVILLE","HERMIT",36.14079,-86.73243,"CONCRETE TRAFFIC BARRIER","37210","2020","August","Summer","05","Saturday","Weekend","No Injuries","No Fatalities"
9.98037134859821e-314,2020-08-01 06:15:00,1,1,0,NA,"N","NOT COLLISION W/MOTOR VEHICLE-TRANSPORT","RAIN","DARK - LIGHTED","SMITH SPRINGS RD & UNA RECREATION RD","NASHVILLE","HERMIT",36.09652,-86.64435,"GUARDRAIL FACE","37217","2020","August","Summer","06","Saturday","Weekend","Injuries","No Fatalities"
9.98038292208596e-314,2020-08-12 05:00:00,3,2,0,NA,"N","Front to Rear","RAIN","DAYLIGHT","MAIN ST & N 6TH ST","NASHVILLE","EAST",36.17369,-86.76309,"MOTOR VEHICLE IN TRANSPORT","37206","2020","August","Summer","05","Wednesday","Weekday","Injuries","No Fatalities"
9.98037177892939e-314,2020-08-01 05:00:00,3,0,0,NA,"Y","ANGLE","RAIN","DAYLIGHT","MM 58 4 I 24","ANTIOCH","SOUTH",36.0537,-86.6729,"MOTOR VEHICLE IN TRANSPORT","37013","2020","August","Summer","05","Saturday","Weekend","No Injuries","No Fatalities"
9.9803719197381e-314,2020-08-02 00:32:00,1,0,0,NA,"N","NOT COLLISION W/MOTOR VEHICLE-TRANSPORT","RAIN","DARK - LIGHTED","BRILEY PKWY W EXT RAMP & BRILEY PKWY W E","NASHVILLE","MADISO",36.23909,-86.77977,"CONCRETE TRAFFIC BARRIER","37207","2020","August","Summer","00","Sunday","Weekend","No Injuries","No Fatalities"
9.98037198594289e-314,2020-08-02 02:30:00,2,1,0,NA,"N","HEAD-ON","RAIN","DARK - LIGHTED","MURFREESBORO PKE & RURAL HILL RD","ANTIOCH","SOUTH",36.07448,-86.63865,"MOTOR VEHICLE IN TRANSPORT","37013","2020","August","Summer","02","Sunday","Weekend","Injuries","No Fatalities"
9.98041747012031e-314,2020-09-14 06:00:00,1,1,0,NA,"N","NOT COLLISION W/MOTOR VEHICLE-TRANSPORT","RAIN","DARK - NOT LIGHTED","TULIP GROVE RD & WONDERLAND PASS","HERMITAGE","HERMIT",36.19452,-86.59103,"OTHER FIXED OBJECTS;Ran Off Road-Left","37076","2020","September","Fall","06","Monday","Weekday","Injuries","No Fatalities"
9.98040051329328e-314,2020-08-29 04:00:00,2,0,0,NA,"Y","SIDESWIPE - OPPOSITE DIRECTION","RAIN","DARK - LIGHTED","EAST THOMPSON LN & OLD GLENROSE AV","NASHVILLE","SOUTH",36.11701,-86.71917,"MOTOR VEHICLE IN TRANSPORT","37211","2020","August","Summer","04","Saturday","Weekend","No Injuries","No Fatalities"
9.98040052070427e-314,2020-08-29 04:35:00,1,0,0,NA,"N","NOT COLLISION W/MOTOR VEHICLE-TRANSPORT","RAIN","DARK - LIGHTED","MM 87 4 I 65","NASHVILLE","EAST",36.20781,-86.77612,"","37207","2020","August","Summer","04","Saturday","Weekend","No Injuries","No Fatalities"
9.9804005231746e-314,2020-08-29 04:20:00,1,0,0,NA,"N","NOT COLLISION W/MOTOR VEHICLE-TRANSPORT","RAIN","DARK - LIGHTED","HAMILTON AV & MARTIN ST","NASHVILLE","MIDTOW",36.13865,-86.76972,"FENCE","37203","2020","August","Summer","04","Saturday","Weekend","No Injuries","No Fatalities"
9.98040054392535e-314,2020-08-29 05:00:00,2,0,0,NA,"Y","ANGLE","RAIN","DARK - LIGHTED","US HWY 31W & MAPLEWOOD TRC","NASHVILLE","EAST",36.23315,-86.75864,"MOTOR VEHICLE IN TRANSPORT","37207","2020","August","Summer","05","Saturday","Weekend","No Injuries","No Fatalities"
9.98040054787788e-314,2020-08-29 03:31:00,2,1,0,NA,"N","ANGLE","RAIN","DARK - NOT LIGHTED","HIGHWAY 100 & S HARPETH RD","NASHVILLE","WEST",36.02576,-87.02284,"MOTOR VEHICLE IN TRANSPORT","37221","2020","August","Summer","03","Saturday","Weekend","Injuries","No Fatalities"
9.98040056961677e-314,2020-08-29 05:10:00,1,0,0,NA,"Y","NOT COLLISION W/MOTOR VEHICLE-TRANSPORT","RAIN","DARK - LIGHTED","VERITAS ST & TROUSDALE DR","NASHVILLE","MIDTOW",36.09857,-86.7493,"FENCE","37211","2020","August","Summer","05","Saturday","Weekend","No Injuries","No Fatalities"
9.98040059036752e-314,2020-08-29 06:03:00,1,0,0,NA,"N","NOT COLLISION W/MOTOR VEHICLE-TRANSPORT","RAIN","DARK - LIGHTED","MM 87 2 I 65","NASHVILLE","EAST",36.20481,-86.77668,"WALL","37207","2020","August","Summer","06","Saturday","Weekend","No Injuries","No Fatalities"
9.98040061902333e-314,2020-08-29 06:06:00,1,0,0,NA,"Y","NOT COLLISION W/MOTOR VEHICLE-TRANSPORT","RAIN","DARK - LIGHTED","MM 49 0 I 24","NASHVILLE","EAST",36.16539,-86.76424,"LUMINAIRE/LIGHT SUPPORT","37206","2020","August","Summer","06","Saturday","Weekend","No Injuries","No Fatalities"
9.98040062594025e-314,2020-08-29 06:45:00,2,0,0,NA,"N","Front to Rear","RAIN","DARK - NOT LIGHTED","EWING DR & DICKERSON PKE","NASHVILLE","EAST",36.22972,-86.76115,"PARKED MOTOR VEHICLE","37207","2020","August","Summer","06","Saturday","Weekend","No Injuries","No Fatalities"
9.98040068572219e-314,2020-08-29 08:15:00,1,1,0,NA,"N","NOT COLLISION W/MOTOR VEHICLE-TRANSPORT","RAIN","DARK - LIGHTED","US HWY 31 ALT & HOLT RD","ANTIOCH","SOUTH",36.0124,-86.70359,"DITCH","37013","2020","August","Summer","08","Saturday","Weekend","Injuries","No Fatalities"
9.98040170250929e-314,2020-08-30 10:06:00,2,0,0,NA,"N","NOT COLLISION W/MOTOR VEHICLE-TRANSPORT","RAIN","DARK - LIGHTED","MM 48 9 I 24","NASHVILLE","CENTRA",36.16671,-86.76499,"","37213","2020","August","Summer","10","Sunday","Weekend","No Injuries","No Fatalities"
9.98040173907015e-314,2020-08-30 11:15:00,2,0,0,NA,"N","SIDESWIPE - SAME DIRECTION","RAIN","DAYLIGHT","MM 212 8 I 40","NASHVILLE","HERMIT",36.14166,-86.7344,"MOTOR VEHICLE IN TRANSPORT","37210","2020","August","Summer","11","Sunday","Weekend","No Injuries","No Fatalities"
9.98040178106573e-314,2020-08-30 12:43:00,2,0,0,NA,"Y","OTHER","RAIN","DAYLIGHT","MM 86 5 I 65","NASHVILLE","NORTH",36.19344,-86.77681,"MOTOR VEHICLE IN TRANSPORT","37207","2020","August","Summer","12","Sunday","Weekend","No Injuries","No Fatalities"
9.98040178304199e-314,2020-08-30 12:02:00,2,0,0,NA,"Y","Front to Rear","RAIN","DAYLIGHT","MM 51 5 I 24","NASHVILLE","HERMIT",36.13959,-86.72954,"MOTOR VEHICLE IN TRANSPORT","37210","2020","August","Summer","12","Sunday","Weekend","No Injuries","No Fatalities"
9.98040233886584e-314,2020-08-30 05:00:00,1,0,0,NA,"Y","UNKNOWN","RAIN","DARK - LIGHTED","LINBAR DR & LARGO DR","NASHVILLE","SOUTH",36.08341,-86.70431,"UNKNOWN MOST HARMFUL EVENT","37211","2020","August","Summer","05","Sunday","Weekend","No Injuries","No Fatalities"
9.98040265259753e-314,2020-08-31 12:20:00,5,1,0,NA,"N","SIDESWIPE - SAME DIRECTION","RAIN","DAYLIGHT","MYATT DR & SPRING BRANCH DR","MADISON","MADISO",36.29302,-86.6956,"MOTOR VEHICLE IN TRANSPORT","37115","2020","August","Summer","12","Monday","Weekday","Injuries","No Fatalities"
9.98040304883818e-314,2020-08-31 05:00:00,1,2,0,NA,"N","NOT COLLISION W/MOTOR VEHICLE-TRANSPORT","RAIN","DAYLIGHT","MM 209 1 I 40","NASHVILLE","CENTRA",36.15675,-86.78984,"WALL","37203","2020","August","Summer","05","Monday","Weekday","Injuries","No Fatalities"
9.98040327215585e-314,2020-09-01 00:03:00,2,0,0,NA,"N","SIDESWIPE - OPPOSITE DIRECTION","RAIN","DUSK","ARBOR KNOLL BLVD & ARBOR PL","ANTIOCH","SOUTH",36.04347,-86.66843,"MOTOR VEHICLE IN TRANSPORT","37013","2020","September","Fall","00","Tuesday","Weekday","No Injuries","No Fatalities"
9.98040439220267e-314,2020-09-01 05:00:00,2,0,0,NA,"Y","Front to Rear","RAIN","OTHER","MM 208 4 I 40","NASHVILLE","NORTH",36.16434,-86.79386,"MOTOR VEHICLE IN TRANSPORT","37203","2020","September","Fall","05","Tuesday","Weekday","No Injuries","No Fatalities"
9.9804044090009e-314,2020-09-01 05:00:00,2,0,0,NA,"N","Front to Rear","RAIN","OTHER","MM 208 5 I 40","NASHVILLE","CENTRA",36.16404,-86.79377,"MOTOR VEHICLE IN TRANSPORT","37203","2020","September","Fall","05","Tuesday","Weekday","No Injuries","No Fatalities"
9.98040455870279e-314,2020-09-01 05:00:00,1,0,0,NA,"Y","NOT COLLISION W/MOTOR VEHICLE-TRANSPORT","RAIN","UNKNOWN","ALTUS AV & CRESTVIEW DR","MADISON","MADISO",36.29133,-86.70576,"CURB","37115","2020","September","Fall","05","Tuesday","Weekday","No Injuries","No Fatalities"
9.98040610117574e-314,2020-09-03 10:42:00,2,2,0,NA,"N","ANGLE","RAIN","DAWN","4TH AVS & KOREAN VETERANS BLVD","NASHVILLE","CENTRA",36.15711,-86.77467,"MOTOR VEHICLE IN TRANSPORT","37201","2020","September","Fall","10","Thursday","Weekday","Injuries","No Fatalities"
9.98040610265793e-314,2020-09-03 10:37:00,2,2,0,NA,"Y","ANGLE","RAIN","DAYLIGHT","HERMITAGE AV & FAIRFIELD AV","NASHVILLE","HERMIT",36.15384,-86.75608,"MOTOR VEHICLE IN TRANSPORT","37210","2020","September","Fall","10","Thursday","Weekday","Injuries","No Fatalities"
9.98040614020692e-314,2020-09-03 11:00:00,2,0,0,NA,"Y","ANGLE","RAIN","DAYLIGHT","CHEROKEE HILLS DR & ANTIOCH PKE","NASHVILLE","SOUTH",36.07913,-86.68421,"MOTOR VEHICLE IN TRANSPORT","37211","2020","September","Fall","11","Thursday","Weekday","No Injuries","No Fatalities"
9.98040614910011e-314,2020-09-03 12:18:00,2,1,0,NA,"Y","ANGLE","RAIN","DAYLIGHT","I40 E ENT RAMP & BRILEY PKWYS","NASHVILLE","HERMIT",36.14411,-86.69945,"MOTOR VEHICLE IN TRANSPORT;CONCRETE TRAFFIC BARRIER","37210","2020","September","Fall","12","Thursday","Weekday","Injuries","No Fatalities"
9.98040621777523e-314,2020-09-03 12:59:00,2,0,0,NA,"Y","ANGLE","RAIN","DAWN","13000 I24 W EXT RAMP","ANTIOCH","SOUTH",36.01494,-86.61968,"PARKED MOTOR VEHICLE","37013","2020","September","Fall","12","Thursday","Weekday","No Injuries","No Fatalities"
9.98041953580878e-314,2020-09-16 00:42:00,2,0,0,NA,"N","SIDESWIPE - SAME DIRECTION","RAIN","DARK - LIGHTED","MM 54 4 I 24","NASHVILLE","SOUTH",36.10187,-86.71306,"MOTOR VEHICLE IN TRANSPORT","37211","2020","September","Fall","00","Wednesday","Weekday","No Injuries","No Fatalities"
9.98041621716984e-314,2020-09-12 05:00:00,2,0,0,NA,"Y","OTHER","RAIN","DAYLIGHT","9TH AVN & COFFEE ST","NASHVILLE","NORTH",36.18401,-86.80304,"PARKED MOTOR VEHICLE","37208","2020","September","Fall","05","Saturday","Weekend","No Injuries","No Fatalities"
9.98039917635165e-314,2020-08-28 00:40:00,2,0,0,NA,"Y","SIDESWIPE - SAME DIRECTION","RAIN","DARK - LIGHTED","OLD HICKORY BLVD & WILSON PIKE CIR","BRENTWOOD","MIDTOW",36.03751,-86.78572,"MOTOR VEHICLE IN TRANSPORT","37027","2020","August","Summer","00","Friday","Weekday","No Injuries","No Fatalities"
9.98039917783384e-314,2020-08-28 00:51:00,2,1,0,NA,"N","ANGLE","RAIN","DARK - LIGHTED","SKYLINE COMMONS PVTDR & DOVERSIDE DR","NASHVILLE","MADISO",36.24458,-86.7604,"MOTOR VEHICLE IN TRANSPORT","37207","2020","August","Summer","00","Friday","Weekday","Injuries","No Fatalities"
9.98039917931604e-314,2020-08-28 00:50:00,1,0,0,NA,"N","NOT COLLISION W/MOTOR VEHICLE-TRANSPORT","RAIN","DARK - LIGHTED","MM 88 5 I 65","NASHVILLE","NORTH",36.2244,-86.77454,"GUARDRAIL FACE","37207","2020","August","Summer","00","Friday","Weekday","No Injuries","No Fatalities"
9.9803991827745e-314,2020-08-28 00:55:00,2,0,0,NA,"N","Front to Rear","RAIN","DARK - LIGHTED","MM 75 4 I 65","BRENTWOOD","MIDTOW",36.04908,-86.77535,"MOTOR VEHICLE IN TRANSPORT","37027","2020","August","Summer","00","Friday","Weekday","No Injuries","No Fatalities"
9.98041642418334e-314,2020-09-13 00:07:00,2,0,0,NA,"N","Front to Rear","RAIN","DARK - LIGHTED","NEELYS BEND RD & CHEYENNE BLVD","MADISON","MADISO",36.24077,-86.67362,"MOTOR VEHICLE IN TRANSPORT","37115","2020","September","Fall","00","Sunday","Weekend","No Injuries","No Fatalities"
9.98039919562021e-314,2020-08-28 01:11:00,2,1,0,NA,"N","Front to Rear","RAIN","DARK - LIGHTED","5TH AVN & CHARLOTTE AV","NASHVILLE","CENTRA",36.16586,-86.78191,"MOTOR VEHICLE IN TRANSPORT","37219","2020","August","Summer","01","Friday","Weekday","Injuries","No Fatalities"
9.98041645481541e-314,2020-09-13 00:49:00,2,0,0,NA,"Y","Rear to Side","RAIN","DARK - LIGHTED","MUSIC VALLEY DR & RUDY CIR PVTDR","NASHVILLE","HERMIT",36.21855,-86.69542,"MOTOR VEHICLE IN TRANSPORT","37214","2020","September","Fall","00","Sunday","Weekend","No Injuries","No Fatalities"
9.9803991971024e-314,2020-08-28 01:12:00,2,0,0,NA,"N","SIDESWIPE - SAME DIRECTION","RAIN","DARK - NOT LIGHTED","MAIN ST ENT RAMP & SPRING ST","NASHVILLE","EAST",36.17325,-86.76572,"MOTOR VEHICLE IN TRANSPORT","37206","2020","August","Summer","01","Friday","Weekday","No Injuries","No Fatalities"
9.98039921093624e-314,2020-08-28 01:15:00,2,1,0,NA,"N","Front to Rear","RAIN","DARK - LIGHTED","MM 55 8 I 24","NASHVILLE","SOUTH",36.08547,-86.69985,"MOTOR VEHICLE IN TRANSPORT","37211","2020","August","Summer","01","Friday","Weekday","Injuries","No Fatalities"
9.98039922921667e-314,2020-08-27 05:00:00,2,1,0,NA,"N","ANGLE","RAIN","Dark-Unknown Lighting","WEDGEWOOD AV & I65 N ENT RAMP","NASHVILLE","MIDTOW",36.13428,-86.77473,"MOTOR VEHICLE IN TRANSPORT","37204","2020","August","Summer","05","Thursday","Weekday","Injuries","No Fatalities"
9.98039923761579e-314,2020-08-28 01:53:00,1,0,0,NA,"Y","NOT COLLISION W/MOTOR VEHICLE-TRANSPORT","RAIN","DARK - LIGHTED","LEBANON PKE & YMCA CNCTR","NASHVILLE","HERMIT",36.17353,-86.64809,"DITCH;MAIL BOX","37214","2020","August","Summer","01","Friday","Weekday","No Injuries","No Fatalities"
9.98039924848523e-314,2020-08-28 00:35:00,2,0,0,NA,"Y","Front to Rear","RAIN","DAYLIGHT","US HWY 31 ALT & HICKORYVIEW DR","NASHVILLE","SOUTH",36.04853,-86.71352,"MOTOR VEHICLE IN TRANSPORT","37211","2020","August","Summer","00","Friday","Weekday","No Injuries","No Fatalities"
9.98039924947336e-314,2020-08-28 02:06:00,2,0,0,NA,"N","UNKNOWN","RAIN","DARK - NOT LIGHTED","MM 52 3 I 24","NASHVILLE","HERMIT",36.13684,-86.72678,"MOTOR VEHICLE IN TRANSPORT","37217","2020","August","Summer","02","Friday","Weekday","No Injuries","No Fatalities"
9.98039926133094e-314,2020-08-28 02:30:00,3,1,0,NA,"Y","SIDESWIPE - SAME DIRECTION","RAIN","DARK - LIGHTED","MM 58 7 I 24","ANTIOCH","SOUTH",36.05097,-86.66847,"MOTOR VEHICLE IN TRANSPORT","37013","2020","August","Summer","02","Friday","Weekday","Injuries","No Fatalities"
9.98039929097488e-314,2020-08-28 03:06:00,1,1,0,NA,"N","NOT COLLISION W/MOTOR VEHICLE-TRANSPORT","RAIN","DARK - LIGHTED","OLD HICKORY BLVD & LOGISTICS WAY","ANTIOCH","SOUTH",36.02579,-86.61577,"OTHER OBJECT (NOT FIXED)","37013","2020","August","Summer","03","Friday","Weekday","Injuries","No Fatalities"
9.9803993092553e-314,2020-08-28 02:21:00,2,0,0,NA,"N","ANGLE","RAIN","DARK - NOT LIGHTED","OLD MURFREESBORO PKE & SMITH SPRINGS RD","NASHVILLE","HERMIT",36.09677,-86.65456,"MOTOR VEHICLE IN TRANSPORT","37217","2020","August","Summer","02","Friday","Weekday","No Injuries","No Fatalities"
9.98041675767765e-314,2020-09-13 09:00:00,1,0,0,NA,"Y","NOT COLLISION W/MOTOR VEHICLE-TRANSPORT","RAIN","DARK - LIGHTED","JONES AV & JONES CIR","NASHVILLE","EAST",36.20914,-86.7571,"UTILITY POLE","37207","2020","September","Fall","09","Sunday","Weekend","No Injuries","No Fatalities"
9.98041680411982e-314,2020-09-13 10:15:00,1,0,0,NA,"N","NOT COLLISION W/MOTOR VEHICLE-TRANSPORT","RAIN","DARK - LIGHTED","BRICK CHURCH PKE & FERNCO DR","NASHVILLE","NORTH",36.22036,-86.78238,"EMBANKMENT EARTH","37207","2020","September","Fall","10","Sunday","Weekend","No Injuries","No Fatalities"
9.98039933148826e-314,2020-08-28 02:39:00,2,0,0,NA,"N","Front to Rear","RAIN","DARK - LIGHTED","RIVERGATE MARKETPLACE PVTDR & GALLATIN P","MADISON","MADISO",36.30275,-86.69185,"MOTOR VEHICLE IN TRANSPORT","37115","2020","August","Summer","02","Friday","Weekday","No Injuries","No Fatalities"
9.98041682734091e-314,2020-09-13 05:00:00,1,0,0,NA,"Y","NOT COLLISION W/MOTOR VEHICLE-TRANSPORT","RAIN","DARK - NOT LIGHTED","400 MAPLEWOOD LN","NASHVILLE","EAST",36.22882,-86.74401,"CULVERT","37216","2020","September","Fall","05","Sunday","Weekend","No Injuries","No Fatalities"
9.98041683524596e-314,2020-09-13 11:40:00,3,0,0,NA,"N","ANGLE","RAIN","DARK - NOT LIGHTED","MM 61 3 I 24","ANTIOCH","SOUTH",36.02631,-86.63368,"MOTOR VEHICLE IN TRANSPORT","37013","2020","September","Fall","11","Sunday","Weekend","No Injuries","No Fatalities"
9.98039936557879e-314,2020-08-28 01:00:00,2,0,0,NA,"N","Front to Rear","RAIN","DARK - LIGHTED","MM 59 3 I 24","ANTIOCH","SOUTH",36.04633,-86.66102,"MOTOR VEHICLE IN TRANSPORT","37013","2020","August","Summer","01","Friday","Weekday","No Injuries","No Fatalities"
9.98041684265694e-314,2020-09-13 12:02:00,2,0,0,NA,"N","ANGLE","RAIN","DAWN","MM 58 0 I 24","ANTIOCH","SOUTH",36.05888,-86.67873,"MOTOR VEHICLE IN TRANSPORT","37013","2020","September","Fall","12","Sunday","Weekend","No Injuries","No Fatalities"
9.98041686093737e-314,2020-09-13 12:09:00,1,0,0,NA,"N","NOT COLLISION W/MOTOR VEHICLE-TRANSPORT","RAIN","DAYLIGHT","MM 57 3 I 24","ANTIOCH","SOUTH",36.06571,-86.68584,"CONCRETE TRAFFIC BARRIER","37013","2020","September","Fall","12","Sunday","Weekend","No Injuries","No Fatalities"
9.9804168619255e-314,2020-09-13 12:30:00,1,0,0,NA,"N","NOT COLLISION W/MOTOR VEHICLE-TRANSPORT","RAIN","DAYLIGHT","UNION HILL RD & MORGAN RD","WHITES CREEK","NORTH",36.33329,-86.84493,"Motor Vehicle-In-Motion Outside Trafficw;Ran Off Road-Right;Vehicle Airborne","37189","2020","September","Fall","12","Sunday","Weekend","No Injuries","No Fatalities"
9.98041686439583e-314,2020-09-13 12:52:00,1,0,0,NA,"N","NOT COLLISION W/MOTOR VEHICLE-TRANSPORT","RAIN","DAYLIGHT","ELLINGTON PKWYS & SLAYDON DR","NASHVILLE","EAST",36.2117,-86.7489,"TREE","37207","2020","September","Fall","12","Sunday","Weekend","No Injuries","No Fatalities"
9.98041686538396e-314,2020-09-13 12:50:00,1,0,0,NA,"N","NOT COLLISION W/MOTOR VEHICLE-TRANSPORT","RAIN","DAYLIGHT","MM 213 0 I 40","NASHVILLE","HERMIT",36.14077,-86.73236,"GUARDRAIL FACE","37210","2020","September","Fall","12","Sunday","Weekend","No Injuries","No Fatalities"
9.98041686587803e-314,2020-09-13 12:51:00,1,0,0,NA,"Y","NOT COLLISION W/MOTOR VEHICLE-TRANSPORT","RAIN","DARK - LIGHTED","APACHE TRL & BART DR","ANTIOCH","SOUTH",36.05837,-86.67891,"TREE","37013","2020","September","Fall","12","Sunday","Weekend","No Injuries","No Fatalities"
9.98041687279495e-314,2020-09-13 12:47:00,2,0,0,NA,"N","ANGLE","RAIN","DAYLIGHT","MM 48 0 I 24","NASHVILLE","CENTRA",36.17605,-86.77221,"MOTOR VEHICLE IN TRANSPORT","37213","2020","September","Fall","12","Sunday","Weekend","No Injuries","No Fatalities"
9.98041687822967e-314,2020-09-13 05:00:00,1,1,0,NA,"N","NOT COLLISION W/MOTOR VEHICLE-TRANSPORT","RAIN","DAYLIGHT","HAMILTON CHURCH RD & BELL RIDGE TRC","ANTIOCH","SOUTH",36.05828,-86.63568,"TREE;Ran Off Road-Left","37013","2020","September","Fall","05","Sunday","Weekend","Injuries","No Fatalities"
9.98041687872374e-314,2020-09-13 05:00:00,1,1,0,NA,"N","NOT COLLISION W/MOTOR VEHICLE-TRANSPORT","RAIN","DARK - NOT LIGHTED","MM 60 7 I 24","ANTIOCH","SOUTH",36.03297,-86.64062,"Ran Off Road-Right","37013","2020","September","Fall","05","Sunday","Weekend","Injuries","No Fatalities"
9.98041688465252e-314,2020-09-13 12:52:00,2,0,0,NA,"N","Front to Rear","RAIN","DAYLIGHT","NOLENSVILLE PKE & HARDING PL","NASHVILLE","SOUTH",36.0796,-86.72632,"MOTOR VEHICLE IN TRANSPORT","37211","2020","September","Fall","12","Sunday","Weekend","No Injuries","No Fatalities"
9.98039998563117e-314,2020-08-28 05:00:00,1,1,0,NA,"N","NOT COLLISION W/MOTOR VEHICLE-TRANSPORT","RAIN","DAYLIGHT","MM 91 0 INTERSTATE 65 NORTH","MADISON","MADISO",36.250503,-86.740844,"CONCRETE TRAFFIC BARRIER","37115","2020","August","Summer","05","Friday","Weekday","Injuries","No Fatalities"
9.98039999551249e-314,2020-08-28 05:00:00,1,0,0,NA,"Y","NOT COLLISION W/MOTOR VEHICLE-TRANSPORT","RAIN","DAYLIGHT","BRILEY PKWYN & BRILEY PKWYS","NASHVILLE","SOUTH",36.17311,-86.68908,"CONCRETE TRAFFIC BARRIER","37211","2020","August","Summer","05","Friday","Weekday","No Injuries","No Fatalities"
9.98041691676679e-314,2020-09-13 05:00:00,2,0,0,NA,"N","SIDESWIPE - SAME DIRECTION","RAIN","DAYLIGHT","2400 CHARLOTTE AV","NASHVILLE","NORTH",36.15574,-86.80981,"MOTOR VEHICLE IN TRANSPORT","37209","2020","September","Fall","05","Sunday","Weekend","No Injuries","No Fatalities"
9.98041692516591e-314,2020-09-13 05:00:00,2,0,0,NA,"N","SIDESWIPE - SAME DIRECTION","RAIN","DAYLIGHT","MM 58 7 I 24","ANTIOCH","SOUTH",36.05122,-86.66891,"MOTOR VEHICLE IN TRANSPORT","37013","2020","September","Fall","05","Sunday","Weekend","No Injuries","No Fatalities"
9.98041694295227e-314,2020-09-13 05:00:00,1,0,0,NA,"Y","NOT COLLISION W/MOTOR VEHICLE-TRANSPORT","RAIN","DAYLIGHT","ROBIN HOOD CONDOMINIUMS PVTDR & LEXINGTO","MADISON","MADISO",36.25938,-86.70145,"BRIDGE PIER/ABUTMENT","37115","2020","September","Fall","05","Sunday","Weekend","No Injuries","No Fatalities"
9.98040008642057e-314,2020-08-28 05:00:00,2,0,0,NA,"N","SIDESWIPE - OPPOSITE DIRECTION","RAIN","DAYLIGHT","GREENBRIER RD & WILKINSON RD","GOODLETTSVILLE","NORTH",36.35662,-86.86053,"MOTOR VEHICLE IN TRANSPORT","37072","2020","August","Summer","05","Friday","Weekday","No Injuries","No Fatalities"
9.98041697407841e-314,2020-09-13 05:00:00,2,0,0,NA,"N","SIDESWIPE - SAME DIRECTION","RAIN","DAYLIGHT","BELL RD & CANE RIDGE RD","ANTIOCH","SOUTH",36.0448,-86.66198,"MOTOR VEHICLE IN TRANSPORT","37013","2020","September","Fall","05","Sunday","Weekend","No Injuries","No Fatalities"
9.98040015114316e-314,2020-08-28 05:00:00,1,1,0,NA,"N","NOT COLLISION W/MOTOR VEHICLE-TRANSPORT","RAIN","DAYLIGHT","25TH AVS & WEST END AV","NASHVILLE","MIDTOW",36.14697,-86.80836,"","37212","2020","August","Summer","05","Friday","Weekday","Injuries","No Fatalities"
9.98041703633068e-314,2020-09-13 05:00:00,2,0,0,NA,"N","ANGLE","RAIN","DAYLIGHT","MM 208 7 I 40","NASHVILLE","CENTRA",36.16165,-86.79327,"MOTOR VEHICLE IN TRANSPORT","37203","2020","September","Fall","05","Sunday","Weekend","No Injuries","No Fatalities"
9.98041704374166e-314,2020-09-13 05:00:00,4,3,0,NA,"N","Front to Rear","RAIN","DAYLIGHT","MM 86 5 I 65","NASHVILLE","NORTH",36.1955,-86.77615,"MOTOR VEHICLE IN TRANSPORT","37207","2020","September","Fall","05","Sunday","Weekend","Injuries","No Fatalities"