"Accident.Number","Date.and.Time","Number.of.Motor.Vehicles","Number.of.Injuries","Number.of.Fatalities","Property.Damage","Hit.and.Run","Collision.Type.Description","Weather.Description","Illumination.Description","Street.Address","City","Precinct","Latitude","Longitude","HarmfulDescriptions","Zip.Code","Year","Month","Season","Hour","Weekday","DayType","Accident","Fatality_category"
9.9804001965972e-314,2020-08-28 05:00:00,2,0,0,NA,"Y","NOT COLLISION W/MOTOR VEHICLE-TRANSPORT","RAIN","DAYLIGHT","BAPTIST WORLD CENTER DR & WILLIS ST","NASHVILLE","NORTH",36.19393,-86.7784,"DITCH;UNKNOWN MOST HARMFUL EVENT","37207","2020","August","Summer","05","Friday","Weekday","No Injuries","No Fatalities"
9.98040031813735e-314,2020-08-29 00:32:00,5,5,0,NA,"Y","SIDESWIPE - SAME DIRECTION","RAIN","DARK - LIGHTED","I24 E ENT RAMP & I 24","NASHVILLE","CENTRA",36.08299,-86.69829,"MOTOR VEHICLE IN TRANSPORT;LUMINAIRE/LIGHT SUPPORT","37213","2020","August","Summer","00","Saturday","Weekend","Injuries","No Fatalities"
9.98040032060768e-314,2020-08-29 00:37:00,1,1,0,NA,"N","NOT COLLISION W/MOTOR VEHICLE-TRANSPORT","RAIN","DARK - NOT LIGHTED","MM 77 2 I 65","NASHVILLE","MIDTOW",36.07426,-86.76898,"GUARDRAIL FACE;UTILITY POLE;WALL;Ran Off Road-Right;Ran Off Road-Left","37220","2020","August","Summer","00","Saturday","Weekend","Injuries","No Fatalities"
9.98040032110175e-314,2020-08-29 00:39:00,2,1,0,NA,"Y","HEAD-ON","RAIN","DARK - LIGHTED","PICCADILLY ROW & OKEE TRL","NASHVILLE","SOUTH",36.07743,-86.6579,"MOTOR VEHICLE IN TRANSPORT","37217","2020","August","Summer","00","Saturday","Weekend","Injuries","No Fatalities"
9.98040032703053e-314,2020-08-29 00:50:00,2,0,0,NA,"Y","SIDESWIPE - SAME DIRECTION","RAIN","DARK - LIGHTED","MM 53 8 I 24","NASHVILLE","SOUTH",36.10855,-86.72102,"MOTOR VEHICLE IN TRANSPORT","37211","2020","August","Summer","00","Saturday","Weekend","No Injuries","No Fatalities"
9.98040034086437e-314,2020-08-29 01:05:00,2,1,0,NA,"Y","ANGLE","RAIN","DARK - LIGHTED","ASHEFORD TRC & MT VIEW RD","ANTIOCH","SOUTH",36.04528,-86.6284,"MOTOR VEHICLE IN TRANSPORT","37013","2020","August","Summer","01","Saturday","Weekend","Injuries","No Fatalities"
9.98040037248457e-314,2020-08-29 00:41:00,1,0,0,NA,"Y","NOT COLLISION W/MOTOR VEHICLE-TRANSPORT","RAIN","DARK - NOT LIGHTED","HAYWOOD LN & CHAMBERS DR","NASHVILLE","SOUTH",36.06818,-86.70571,"EMBANKMENT EARTH","37211","2020","August","Summer","00","Saturday","Weekend","No Injuries","No Fatalities"
9.98041728286943e-314,2020-09-14 00:59:00,1,0,0,NA,"Y","NOT COLLISION W/MOTOR VEHICLE-TRANSPORT","RAIN","DARK - LIGHTED","DOUGLAS AV & DICKERSON PKE","NASHVILLE","EAST",36.1944,-86.77235,"OTHER POST, POLE, SUPP.;Ran Off Road-Right","37207","2020","September","Fall","00","Monday","Weekday","No Injuries","No Fatalities"
9.98040041793861e-314,2020-08-29 00:52:00,2,0,0,NA,"Y","ANGLE","RAIN","DARK - LIGHTED","PACKARD DR & FAIRLANE DR","ANTIOCH","SOUTH",36.06224,-86.70511,"MOTOR VEHICLE IN TRANSPORT","37013","2020","August","Summer","00","Saturday","Weekend","No Injuries","No Fatalities"
9.9804004238674e-314,2020-08-29 02:37:00,2,1,0,NA,"Y","Front to Rear","RAIN","DARK - NOT LIGHTED","BRILEY PKWYW & BRICK CHURCH PKE","NASHVILLE","MADISO",36.23861,-86.77934,"MOTOR VEHICLE IN TRANSPORT;CONCRETE TRAFFIC BARRIER","37207","2020","August","Summer","02","Saturday","Weekend","Injuries","No Fatalities"
9.98040043424278e-314,2020-08-29 02:50:00,2,2,0,NA,"N","ANGLE","RAIN","DARK - LIGHTED","DICKERSON PKE & I65 S ENT RAMP","MADISON","MADISO",36.23915,-86.75766,"MOTOR VEHICLE IN TRANSPORT","37115","2020","August","Summer","02","Saturday","Weekend","Injuries","No Fatalities"
9.98040044857068e-314,2020-08-29 03:09:00,2,0,0,NA,"Y","ANGLE","RAIN","DARK - NOT LIGHTED","MM 61 5 I 24","ANTIOCH","SOUTH",36.02535,-86.63297,"MOTOR VEHICLE IN TRANSPORT;EMBANKMENT ROCK/STONE/CONCRETE","37013","2020","August","Summer","03","Saturday","Weekend","No Injuries","No Fatalities"
9.98040045301727e-314,2020-08-29 02:37:00,2,1,0,NA,"N","SIDESWIPE - OPPOSITE DIRECTION","RAIN","DARK - LIGHTED","RURAL HILL RD & WILLOW POINTE PVTDR","ANTIOCH","SOUTH",36.05513,-86.65242,"MOTOR VEHICLE IN TRANSPORT","37013","2020","August","Summer","02","Saturday","Weekend","Injuries","No Fatalities"
9.98040045400541e-314,2020-08-29 03:18:00,2,1,0,NA,"Y","ANGLE","RAIN","DARK - LIGHTED","SHELBY AV & S 4TH ST","NASHVILLE","EAST",36.16701,-86.76373,"MOTOR VEHICLE IN TRANSPORT","37206","2020","August","Summer","03","Saturday","Weekend","Injuries","No Fatalities"
9.98040045944013e-314,2020-08-29 03:24:00,2,0,0,NA,"Y","ANGLE","RAIN","DARK - NOT LIGHTED","MM 61 5 I 24","ANTIOCH","SOUTH",36.02535,-86.63297,"MOTOR VEHICLE IN TRANSPORT","37013","2020","August","Summer","03","Saturday","Weekend","No Injuries","No Fatalities"
9.9804004712977e-314,2020-08-29 02:46:00,2,0,0,NA,"N","ANGLE","RAIN","DARK - LIGHTED","EDMONDSON PKE & WALLACE RD","NASHVILLE","MIDTOW",36.07709,-86.72556,"MOTOR VEHICLE IN TRANSPORT","37211","2020","August","Summer","02","Saturday","Weekend","No Injuries","No Fatalities"
9.98040047179177e-314,2020-08-29 03:42:00,1,1,0,NA,"N","NOT COLLISION W/MOTOR VEHICLE-TRANSPORT","RAIN","DARK - LIGHTED","I40 E EXT RAMP & I 40","NASHVILLE","HERMIT",36.16747,-86.60776,"CONCRETE TRAFFIC BARRIER","37214","2020","August","Summer","03","Saturday","Weekend","Injuries","No Fatalities"
9.9804004742621e-314,2020-08-29 03:46:00,3,0,0,NA,"N","SIDESWIPE - SAME DIRECTION","RAIN","DARK - LIGHTED","MM 219 0 I 40","NASHVILLE","HERMIT",36.15626,-86.62825,"MOTOR VEHICLE IN TRANSPORT","37214","2020","August","Summer","03","Saturday","Weekend","No Injuries","No Fatalities"
9.98040047623836e-314,2020-08-29 03:30:00,2,0,0,NA,"N","Front to Rear","RAIN","DARK - LIGHTED","DICKERSON PKE & DICKERSON PKE ENT RAMP","MADISON","MADISO",36.2417,-86.75715,"MOTOR VEHICLE IN TRANSPORT","37115","2020","August","Summer","03","Saturday","Weekend","No Injuries","No Fatalities"
9.98040048117902e-314,2020-08-29 03:56:00,1,0,0,NA,"N","NOT COLLISION W/MOTOR VEHICLE-TRANSPORT","RAIN","DARK - LIGHTED","W TRINITY LN & I65 S ENT RAMP","NASHVILLE","NORTH",36.20649,-86.7763,"GUARDRAIL FACE","37207","2020","August","Summer","03","Saturday","Weekend","No Injuries","No Fatalities"
9.9804004871078e-314,2020-08-29 04:00:00,2,0,0,NA,"N","SIDESWIPE - SAME DIRECTION","RAIN","DARK - LIGHTED","BRICK CHURCH PIKE & US HWY 431","NASHVILLE","NORTH",36.20705,-86.77785,"MOTOR VEHICLE IN TRANSPORT","37207","2020","August","Summer","04","Saturday","Weekend","No Injuries","No Fatalities"
9.98040049600099e-314,2020-08-29 04:10:00,3,2,0,NA,"Y","HEAD-ON","RAIN","DARK - LIGHTED","DR D B TODD JR BLVD & JO JOHNSTON AV","NASHVILLE","NORTH",36.16051,-86.80187,"MOTOR VEHICLE IN TRANSPORT","37203","2020","August","Summer","04","Saturday","Weekend","Injuries","No Fatalities"
9.98042876248472e-314,2020-09-25 03:52:00,1,0,0,NA,"N","NOT COLLISION W/MOTOR VEHICLE-TRANSPORT","RAIN","DARK - LIGHTED","CENTRAL PKE & JAMES KAY LN","HERMITAGE","HERMIT",36.17754,-86.61672,"DEER (ANIMAL)","37076","2020","September","Fall","03","Friday","Weekday","No Injuries","No Fatalities"
9.98042878323547e-314,2020-09-24 05:00:00,2,0,0,NA,"Y","Front to Rear","RAIN","DARK - NOT LIGHTED","EASTMORELAND ST & MERIDIAN ST","NASHVILLE","EAST",36.19509,-86.7677,"MOTOR VEHICLE IN TRANSPORT","37207","2020","September","Fall","05","Thursday","Weekday","No Injuries","No Fatalities"
9.98043203319929e-314,2020-09-28 05:00:00,2,5,0,NA,"N","SIDESWIPE - OPPOSITE DIRECTION","RAIN","DAYLIGHT","900 W. OLD HICKORY BLVD","MADISON","MADISO",36.2691,-86.7548,"MOTOR VEHICLE IN TRANSPORT","37115","2020","September","Fall","05","Monday","Weekday","Injuries","No Fatalities"
9.98044374057883e-314,2020-10-11 00:12:00,1,0,1,NA,"N","NOT COLLISION W/MOTOR VEHICLE-TRANSPORT","RAIN","DARK - LIGHTED","LUNA DR & ANTIOCH PKE","NASHVILLE","SOUTH",36.07695,-86.682,"PEDESTRIAN","37211","2020","October","Fall","00","Sunday","Weekend","No Injuries","With Fatalities"
9.98044375737707e-314,2020-10-11 00:40:00,1,1,0,NA,"N","NOT COLLISION W/MOTOR VEHICLE-TRANSPORT","RAIN","DARK - NOT LIGHTED","MM 61 8 I 24","ANTIOCH","SOUTH",36.02213,-86.62894,"CONCRETE TRAFFIC BARRIER","37013","2020","October","Fall","00","Sunday","Weekend","Injuries","No Fatalities"
9.98044376577618e-314,2020-10-11 01:00:00,2,1,0,NA,"N","SIDESWIPE - SAME DIRECTION","RAIN","DARK - LIGHTED","MM 56 5 I 24","NASHVILLE","SOUTH",36.07531,-86.69359,"MOTOR VEHICLE IN TRANSPORT","37211","2020","October","Fall","01","Sunday","Weekend","Injuries","No Fatalities"
9.98044377022277e-314,2020-10-11 01:10:00,1,0,0,NA,"Y","NOT COLLISION W/MOTOR VEHICLE-TRANSPORT","RAIN","DARK - NOT LIGHTED","TUSCULUM RD & SHIHMEN DR","ANTIOCH","SOUTH",36.05244,-86.68412,"FIRE HYDRANT","37013","2020","October","Fall","01","Sunday","Weekend","No Injuries","No Fatalities"
9.9804437885032e-314,2020-10-11 01:20:00,2,0,0,NA,"Y","ANGLE","RAIN","DARK - LIGHTED","I24 W ENT RAMP & I 24","NASHVILLE","EAST",36.04561,-86.65849,"MOTOR VEHICLE IN TRANSPORT","37206","2020","October","Fall","01","Sunday","Weekend","No Injuries","No Fatalities"
9.98044380085484e-314,2020-10-11 02:14:00,2,0,0,NA,"N","ANGLE","RAIN","DARK - LIGHTED","BRILEY PKWYN & BRILEY PKWY N EXT RAMP","NASHVILLE","HERMIT",36.14905,-86.6914,"MOTOR VEHICLE IN TRANSPORT","37214","2020","October","Fall","02","Sunday","Weekend","No Injuries","No Fatalities"
9.9804438043133e-314,2020-10-11 02:40:00,2,0,0,NA,"Y","Front to Rear","RAIN","DARK - NOT LIGHTED","I40 E ENT RAMP & I 65","NASHVILLE","NORTH",36.17746,-86.80102,"MOTOR VEHICLE IN TRANSPORT","37208","2020","October","Fall","02","Sunday","Weekend","No Injuries","No Fatalities"
9.98044381765308e-314,2020-10-11 02:45:00,2,0,0,NA,"N","Front to Rear","RAIN","DARK - LIGHTED","GALLATIN AV & W EASTLAND AV","NASHVILLE","EAST",36.18335,-86.74857,"MOTOR VEHICLE IN TRANSPORT","37206","2020","October","Fall","02","Sunday","Weekend","No Injuries","No Fatalities"
9.98044382407593e-314,2020-10-11 02:16:00,2,0,0,NA,"Y","Front to Rear","RAIN","DARK - LIGHTED","HARDING PL & TRAVELERS INN DR","NASHVILLE","SOUTH",36.08496,-86.70332,"MOTOR VEHICLE IN TRANSPORT","37211","2020","October","Fall","02","Sunday","Weekend","No Injuries","No Fatalities"
9.98044383988603e-314,2020-10-11 01:33:00,2,0,0,NA,"N","Front to Rear","RAIN","DARK - LIGHTED","MM 207 7 I 40","NASHVILLE","NORTH",36.17139,-86.80295,"MOTOR VEHICLE IN TRANSPORT","37208","2020","October","Fall","01","Sunday","Weekend","No Injuries","No Fatalities"
9.98044386360118e-314,2020-10-11 04:26:00,2,0,0,NA,"N","SIDESWIPE - SAME DIRECTION","RAIN","DARK - LIGHTED","PRINTERS ALY & CHURCH ST","NASHVILLE","CENTRA",36.16395,-86.77836,"MOTOR VEHICLE IN TRANSPORT","37201","2020","October","Fall","04","Sunday","Weekend","No Injuries","No Fatalities"
9.9804438705181e-314,2020-10-11 04:35:00,1,0,0,NA,"Y","NOT COLLISION W/MOTOR VEHICLE-TRANSPORT","RAIN","DARK - LIGHTED","I24 E EXT RAMP & I 24","NASHVILLE","NORTH",36.08797,-86.7018,"EMBANKMENT EARTH","37207","2020","October","Fall","04","Sunday","Weekend","No Injuries","No Fatalities"
9.98044388583413e-314,2020-10-11 04:50:00,1,1,0,NA,"N","NOT COLLISION W/MOTOR VEHICLE-TRANSPORT","RAIN","DARK - LIGHTED","EXIT 54 & I 24","NASHVILLE","SOUTH",36.11401,-86.72446,"GUARDRAIL END","37211","2020","October","Fall","04","Sunday","Weekend","Injuries","No Fatalities"
9.9804439036205e-314,2020-10-11 05:00:00,1,0,0,NA,"N","NOT COLLISION W/MOTOR VEHICLE-TRANSPORT","RAIN","DARK - NOT LIGHTED","I40 W EXT RAMP & I 40","NASHVILLE","CENTRA",36.07744,-87.01971,"H-WAY TRAFFIC SIGNAL POST","37203","2020","October","Fall","05","Sunday","Weekend","No Injuries","No Fatalities"
9.98044390954929e-314,2020-10-11 02:00:00,1,0,0,NA,"Y","NOT COLLISION W/MOTOR VEHICLE-TRANSPORT","RAIN","DARK - LIGHTED","MM 55 4 I 24","NASHVILLE","SOUTH",36.0899,-86.70294,"EMBANKMENT EARTH","37211","2020","October","Fall","02","Sunday","Weekend","No Injuries","No Fatalities"
9.98044392288906e-314,2020-10-11 05:43:00,2,0,0,NA,"N","ANGLE","RAIN","DARK - LIGHTED","TUSCULUM RD & OCALA DR","ANTIOCH","SOUTH",36.05289,-86.68731,"MOTOR VEHICLE IN TRANSPORT","37013","2020","October","Fall","05","Sunday","Weekend","No Injuries","No Fatalities"
9.98044393721696e-314,2020-10-11 05:11:00,1,0,0,NA,"Y","NOT COLLISION W/MOTOR VEHICLE-TRANSPORT","RAIN","DARK - LIGHTED","E THOMPSON LN & LAWNDALE DR","NASHVILLE","SOUTH",36.12239,-86.71754,"DITCH","37217","2020","October","Fall","05","Sunday","Weekend","No Injuries","No Fatalities"
9.98044393820509e-314,2020-10-11 02:23:00,2,0,0,NA,"N","ANGLE","RAIN","DARK - LIGHTED","CHARLOTTE PKE & RUSSLEO DR","NASHVILLE","WEST",36.14053,-86.87875,"MOTOR VEHICLE IN TRANSPORT-OTHER ROADWAY","37209","2020","October","Fall","02","Sunday","Weekend","No Injuries","No Fatalities"
9.98044394314575e-314,2020-10-11 06:05:00,1,0,0,NA,"N","NOT COLLISION W/MOTOR VEHICLE-TRANSPORT","RAIN","DARK - NOT LIGHTED","STATE HWY 45 & GOLF CLUB RD","OLD HICKORY","HERMIT",36.25086,-86.64564,"UTILITY POLE","37138","2020","October","Fall","06","Sunday","Weekend","No Injuries","No Fatalities"
9.98044394907454e-314,2020-10-11 06:20:00,2,2,0,NA,"N","ANGLE","RAIN","DARK - LIGHTED","ED TEMPLE BLVD & ROSA L PARKS BLVD","NASHVILLE","NORTH",36.18799,-86.82156,"MOTOR VEHICLE IN TRANSPORT","37228","2020","October","Fall","06","Sunday","Weekend","Injuries","No Fatalities"
9.98044395302706e-314,2020-10-11 05:00:00,2,1,0,NA,"Y","Front to Rear","RAIN","DARK - NOT LIGHTED","UNA ANTIOCH PKE & BILLINGSGATE RD","ANTIOCH","SOUTH",36.07501,-86.66254,"MOTOR VEHICLE IN TRANSPORT","37013","2020","October","Fall","05","Sunday","Weekend","Injuries","No Fatalities"
9.98044396340244e-314,2020-10-11 06:35:00,1,0,0,NA,"Y","NOT COLLISION W/MOTOR VEHICLE-TRANSPORT","RAIN","DARK - NOT LIGHTED","MT VIEW RD & HICKORY HOLLOW PKWY","ANTIOCH","SOUTH",36.05883,-86.67045,"GUARDRAIL FACE","37013","2020","October","Fall","06","Sunday","Weekend","No Injuries","No Fatalities"
9.98044396636683e-314,2020-10-11 06:48:00,2,0,0,NA,"N","ANGLE","RAIN","DARK - LIGHTED","OLD HICKORY BLVD & EULALA DR","ANTIOCH","SOUTH",36.04543,-86.70361,"MOTOR VEHICLE IN TRANSPORT","37013","2020","October","Fall","06","Sunday","Weekend","No Injuries","No Fatalities"
9.98044398711759e-314,2020-10-11 07:10:00,1,0,0,NA,"N","NOT COLLISION W/MOTOR VEHICLE-TRANSPORT","RAIN","DARK - NOT LIGHTED","PETTUS RD & PRESTON RD","ANTIOCH","SOUTH",36.0255,-86.66489,"SHRUBBERY","37013","2020","October","Fall","07","Sunday","Weekend","No Injuries","No Fatalities"
9.98044398761166e-314,2020-10-11 07:30:00,1,1,0,NA,"N","NOT COLLISION W/MOTOR VEHICLE-TRANSPORT","RAIN","DARK - LIGHTED","MM 51 4 I 24","NASHVILLE","HERMIT",36.13933,-86.72724,"BOULDER","37210","2020","October","Fall","07","Sunday","Weekend","Injuries","No Fatalities"
9.9804439969989e-314,2020-10-11 07:48:00,2,0,0,NA,"Y","SIDESWIPE - SAME DIRECTION","RAIN","DARK - NOT LIGHTED","US HWY 31 ALT & HAYWOOD LN","NASHVILLE","MIDTOW",36.06838,-86.71932,"MOTOR VEHICLE IN TRANSPORT","37211","2020","October","Fall","07","Sunday","Weekend","No Injuries","No Fatalities"
9.98044400440989e-314,2020-10-11 08:05:00,1,1,0,NA,"N","NOT COLLISION W/MOTOR VEHICLE-TRANSPORT","RAIN","DARK - LIGHTED","GALLATIN PKES & LAKEWOOD DR","MADISON","MADISO",36.24328,-86.72294,"WALL","37115","2020","October","Fall","08","Sunday","Weekend","Injuries","No Fatalities"
9.98044400984461e-314,2020-10-11 08:14:00,2,0,0,NA,"Y","Front to Rear","RAIN","DARK - LIGHTED","NOLENSVILLE PKE & HAYWOOD LN","NASHVILLE","MIDTOW",36.06842,-86.71937,"MOTOR VEHICLE IN TRANSPORT","37211","2020","October","Fall","08","Sunday","Weekend","No Injuries","No Fatalities"
9.9804440488758e-314,2020-10-11 09:33:00,1,0,0,NA,"N","NOT COLLISION W/MOTOR VEHICLE-TRANSPORT","RAIN","DARK - LIGHTED","MM 49 0 I 24","NASHVILLE","EAST",36.16657,-86.7649,"UTILITY POLE","37206","2020","October","Fall","09","Sunday","Weekend","No Injuries","No Fatalities"
9.98044405628678e-314,2020-10-10 05:00:00,1,0,0,NA,"Y","UNKNOWN","RAIN","DARK - LIGHTED","BELL RD & HICKORY PARK DR","ANTIOCH","SOUTH",36.04486,-86.67043,"UNKNOWN MOST HARMFUL EVENT","37013","2020","October","Fall","05","Saturday","Weekend","No Injuries","No Fatalities"
9.98044405925118e-314,2020-10-11 09:47:00,3,2,0,NA,"N","HEAD-ON","RAIN","DARK - LIGHTED","0 I 65","NASHVILLE","NORTH",36.22651,-86.77415,"MOTOR VEHICLE IN TRANSPORT","37207","2020","October","Fall","09","Sunday","Weekend","Injuries","No Fatalities"
9.9804440819782e-314,2020-10-11 10:30:00,2,0,0,NA,"Y","SIDESWIPE - SAME DIRECTION","RAIN","Dark-Unknown Lighting","TENNESSEE AV & 57TH AVN","NASHVILLE","WEST",36.16066,-86.85719,"MOTOR VEHICLE IN TRANSPORT","37209","2020","October","Fall","10","Sunday","Weekend","No Injuries","No Fatalities"
9.98044408444852e-314,2020-10-11 05:00:00,1,0,0,NA,"Y","NOT COLLISION W/MOTOR VEHICLE-TRANSPORT","RAIN","DARK - LIGHTED","GLENROSE AV & OLD GLENROSE AV","NASHVILLE","SOUTH",36.118,-86.72816,"","37210","2020","October","Fall","05","Sunday","Weekend","No Injuries","No Fatalities"
9.98044411261027e-314,2020-10-11 11:41:00,2,0,0,NA,"Y","ANGLE","RAIN","DARK - LIGHTED","BRILEY PKWY & GLASTONBURY RD","NASHVILLE","HERMIT",36.1372,-86.69967,"MOTOR VEHICLE IN TRANSPORT","37217","2020","October","Fall","11","Sunday","Weekend","No Injuries","No Fatalities"
9.98044413632542e-314,2020-10-11 12:33:00,1,1,0,NA,"N","NOT COLLISION W/MOTOR VEHICLE-TRANSPORT","RAIN","DAYLIGHT","4221 CENTRAL PKE","HERMITAGE","HERMIT",36.17331,-86.58345,"PEDESTRIAN","37076","2020","October","Fall","12","Sunday","Weekend","Injuries","No Fatalities"
9.98044414027794e-314,2020-10-11 12:39:00,1,0,0,NA,"N","NOT COLLISION W/MOTOR VEHICLE-TRANSPORT","RAIN","DAYLIGHT","MM 211 3 I 40","NASHVILLE","HERMIT",36.15238,-86.75381,"CONCRETE TRAFFIC BARRIER","37210","2020","October","Fall","12","Sunday","Weekend","No Injuries","No Fatalities"
9.98044476280066e-314,2020-10-12 05:00:00,1,1,0,NA,"Y","NOT COLLISION W/MOTOR VEHICLE-TRANSPORT","RAIN","DARK - LIGHTED","ANTIOCH PKE & RICHARDS RD","ANTIOCH","SOUTH",36.06912,-86.68384,"GUARDRAIL END","37013","2020","October","Fall","05","Monday","Weekday","Injuries","No Fatalities"
9.98044545745695e-314,2020-10-13 00:03:00,2,0,0,NA,"N","ANGLE","RAIN","DARK - LIGHTED","OLD HICKORY BLVD & CHARLOTTE PK","NASHVILLE","WEST",36.116702,-86.923229,"MOTOR VEHICLE IN TRANSPORT","37209","2020","October","Fall","00","Tuesday","Weekday","No Injuries","No Fatalities"
9.98044298021181e-314,2020-10-10 02:05:00,1,1,0,NA,"N","NOT COLLISION W/MOTOR VEHICLE-TRANSPORT","RAIN","DARK - LIGHTED","BROADWAY & 11TH AVN","NASHVILLE","CENTRA",36.15688,-86.78678,"PEDESTRIAN","37203","2020","October","Fall","02","Saturday","Weekend","Injuries","No Fatalities"
9.98044303851155e-314,2020-10-10 01:10:00,2,0,0,NA,"Y","Front to Rear","RAIN","DARK - LIGHTED","2ND AVS & SHELBY ST PEDESTRIAN BRIDGE GR","NASHVILLE","CENTRA",36.1613,-86.77479,"MOTOR VEHICLE IN TRANSPORT","37201","2020","October","Fall","01","Saturday","Weekend","No Injuries","No Fatalities"
9.98042767949282e-314,2020-09-24 00:16:00,2,0,0,NA,"N","HEAD-ON","RAIN","Dark-Unknown Lighting","COBBLE ST & BRADFORD HILLS DR","NASHVILLE","MIDTOW",36.02407,-86.72346,"PARKED MOTOR VEHICLE;BUILDING","37211","2020","September","Fall","00","Thursday","Weekday","No Injuries","No Fatalities"
9.98042768146908e-314,2020-09-24 00:20:00,2,0,0,NA,"N","ANGLE","RAIN","DARK - LIGHTED","5TH AVE N & UNION ST","NASHVILLE","CENTRA",36.16449,-86.78107,"MOTOR VEHICLE IN TRANSPORT","37219","2020","September","Fall","00","Thursday","Weekday","No Injuries","No Fatalities"
9.98044306766143e-314,2020-10-10 02:14:00,3,2,0,NA,"N","OTHER","RAIN","DARK - LIGHTED","MM 2 6 I 440","NASHVILLE","MIDTOW",36.12364,-86.80876,"MOTOR VEHICLE IN TRANSPORT","37212","2020","October","Fall","02","Saturday","Weekend","Injuries","No Fatalities"
9.98044308890625e-314,2020-10-10 02:50:00,2,0,0,NA,"N","HEAD-ON","RAIN","DARK - LIGHTED","AMBONNAY DR & DOLCETTO GROVE","ANTIOCH","SOUTH",36.00067,-86.68946,"MOTOR VEHICLE IN TRANSPORT","37013","2020","October","Fall","02","Saturday","Weekend","No Injuries","No Fatalities"
9.98044311015107e-314,2020-10-10 03:41:00,1,1,0,NA,"N","NOT COLLISION W/MOTOR VEHICLE-TRANSPORT","RAIN","DARK - LIGHTED","3RD AVS & BROADWAY","NASHVILLE","CENTRA",36.16154,-86.77597,"PEDESTRIAN","37201","2020","October","Fall","03","Saturday","Weekend","Injuries","No Fatalities"
9.98044311657392e-314,2020-10-10 01:51:00,2,0,0,NA,"N","SIDESWIPE - OPPOSITE DIRECTION","RAIN","DARK - LIGHTED","ANDERSON LN & MYATT DR","MADISON","MADISO",36.27212,-86.68956,"MOTOR VEHICLE IN TRANSPORT-OTHER ROADWAY","37115","2020","October","Fall","01","Saturday","Weekend","No Injuries","No Fatalities"
9.98044311904425e-314,2020-10-10 04:35:00,2,0,0,NA,"N","Front to Rear","RAIN","DARK - LIGHTED","3RD AVN & CHARLOTTE AV","NASHVILLE","CENTRA",36.16688,-86.77943,"MOTOR VEHICLE IN TRANSPORT","37201","2020","October","Fall","04","Saturday","Weekend","No Injuries","No Fatalities"
9.98042774223916e-314,2020-09-24 00:45:00,3,1,0,NA,"N","Front to Rear","RAIN","DARK - LIGHTED","CENTENNIAL BLVD & CENTENNIAL PL","NASHVILLE","WEST",36.17612,-86.87558,"MOTOR VEHICLE IN TRANSPORT;H-WAY TRAFFIC SIGNAL POST","37209","2020","September","Fall","00","Thursday","Weekday","Injuries","No Fatalities"
9.98044312497304e-314,2020-10-09 05:00:00,2,0,0,NA,"Y","SIDESWIPE - SAME DIRECTION","RAIN","DARK - LIGHTED","FRANKLIN LIMESTONE RD & MULLINS RD","ANTIOCH","SOUTH",36.07964,-86.67785,"MOTOR VEHICLE IN TRANSPORT;DITCH","37013","2020","October","Fall","05","Friday","Weekday","No Injuries","No Fatalities"
9.98044313485435e-314,2020-10-10 03:24:00,2,1,0,NA,"N","ANGLE","RAIN","DARK - LIGHTED","GALLATIN PKES & E OLD HICKORY BLVD","MADISON","MADISO",36.26221,-86.71221,"MOTOR VEHICLE IN TRANSPORT","37115","2020","October","Fall","03","Saturday","Weekend","Injuries","No Fatalities"
9.98042777978815e-314,2020-09-24 03:25:00,2,1,0,NA,"N","ANGLE","RAIN","DARK - LIGHTED","MURFREESBORO PKE & MCGAVOCK PKE","NASHVILLE","SOUTH",36.11289,-86.68901,"MOTOR VEHICLE IN TRANSPORT","37217","2020","September","Fall","03","Thursday","Weekday","Injuries","No Fatalities"
9.98042778670506e-314,2020-09-24 03:49:00,2,0,0,NA,"Y","Front to Rear","RAIN","DARK - LIGHTED","MM 54 4 I 24","NASHVILLE","SOUTH",36.10248,-86.71372,"MOTOR VEHICLE IN TRANSPORT","37211","2020","September","Fall","03","Thursday","Weekday","No Injuries","No Fatalities"
9.98044315362885e-314,2020-10-10 04:38:00,2,0,0,NA,"N","HEAD-ON","RAIN","DARK - LIGHTED","ANTIOCH PIKE & DUMAS DR","NASHVILLE","SOUTH",36.10089,-86.72565,"MOTOR VEHICLE IN TRANSPORT","37211","2020","October","Fall","04","Saturday","Weekend","No Injuries","No Fatalities"
9.98044317190928e-314,2020-10-10 05:10:00,2,0,0,NA,"N","Front to Rear","RAIN","DARK - LIGHTED","MM 86 3 I 65","NASHVILLE","CENTRA",36.19206,-86.78086,"MOTOR VEHICLE IN TRANSPORT","37207","2020","October","Fall","05","Saturday","Weekend","No Injuries","No Fatalities"
9.98044318080246e-314,2020-10-10 05:25:00,2,1,0,NA,"Y","Front to Rear","RAIN","DARK - LIGHTED","MM 54 2 I 24","NASHVILLE","SOUTH",36.1041,-86.71592,"MOTOR VEHICLE IN TRANSPORT","37211","2020","October","Fall","05","Saturday","Weekend","Injuries","No Fatalities"
9.98044323712594e-314,2020-10-10 07:17:00,2,0,0,NA,"N","ANGLE","RAIN","DARK - LIGHTED","I40 E ENT RAMP & I 40","NASHVILLE","WEST",36.1631,-86.81964,"MOTOR VEHICLE IN TRANSPORT","37205","2020","October","Fall","07","Saturday","Weekend","No Injuries","No Fatalities"
9.98044325244198e-314,2020-10-10 07:44:00,2,1,0,NA,"N","Front to Rear","RAIN","DARK - LIGHTED","MM 210 6 I 40","NASHVILLE","HERMIT",36.15256,-86.76597,"MOTOR VEHICLE IN TRANSPORT","37210","2020","October","Fall","07","Saturday","Weekend","Injuries","No Fatalities"