"Accident.Number","Date.and.Time","Number.of.Motor.Vehicles","Number.of.Injuries","Number.of.Fatalities","Property.Damage","Hit.and.Run","Collision.Type.Description","Weather.Description","Illumination.Description","Street.Address","City","Precinct","Latitude","Longitude","HarmfulDescriptions","Zip.Code","Year","Month","Season","Hour","Weekday","DayType","Accident","Fatality_category"
9.98044325441824e-314,2020-10-10 05:45:00,1,0,0,NA,"Y","NOT COLLISION W/MOTOR VEHICLE-TRANSPORT","RAIN","DARK - LIGHTED","SAWYER BROWN RD & RIVER PLANTATION PVTDR","NASHVILLE","WEST",36.07004,-86.94801,"H-WAY TRAFFIC SIGNAL POST;CONCRETE TRAFFIC BARRIER","37221","2020","October","Fall","05","Saturday","Weekend","No Injuries","No Fatalities"
9.98044325738263e-314,2020-10-10 07:47:00,2,0,0,NA,"N","SIDESWIPE - OPPOSITE DIRECTION","RAIN","DARK - LIGHTED","TANGLEWOOD CT & WHISPERING OAKS PL","NASHVILLE","SOUTH",36.08237,-86.71394,"MOTOR VEHICLE IN TRANSPORT","37211","2020","October","Fall","07","Saturday","Weekend","No Injuries","No Fatalities"
9.98042806782842e-314,2020-09-24 12:58:00,1,1,0,NA,"N","NOT COLLISION W/MOTOR VEHICLE-TRANSPORT","RAIN","DAYLIGHT","EDMONDSON PKE & WILLIAMS GROVE LN","NASHVILLE","MIDTOW",36.01785,-86.74145,"GUARDRAIL FACE","37211","2020","September","Fall","12","Thursday","Weekday","Injuries","No Fatalities"
9.98044326429955e-314,2020-10-10 07:55:00,1,0,0,NA,"N","NOT COLLISION W/MOTOR VEHICLE-TRANSPORT","RAIN","DARK - LIGHTED","MM 86 5 I 65","NASHVILLE","NORTH",36.19318,-86.77713,"GUARDRAIL FACE;EMBANKMENT EARTH","37207","2020","October","Fall","07","Saturday","Weekend","No Injuries","No Fatalities"
9.9804432736868e-314,2020-10-10 05:00:00,2,0,0,NA,"Y","UNKNOWN","RAIN","DARK - LIGHTED","RECOVERY RD & HARDING PL","NASHVILLE","SOUTH",36.07981,-86.72036,"UNKNOWN MOST HARMFUL EVENT","37211","2020","October","Fall","05","Saturday","Weekend","No Injuries","No Fatalities"
9.98044337052367e-314,2020-10-10 11:17:00,2,0,0,NA,"Y","SIDESWIPE - SAME DIRECTION","RAIN","DARK - LIGHTED","RIVER RD & RIVER RD PVTDR","NASHVILLE","WEST",36.12862,-86.90765,"PARKED MOTOR VEHICLE;Motor Vehicle-In-Motion Outside Trafficw","37209","2020","October","Fall","11","Saturday","Weekend","No Injuries","No Fatalities"
9.98044340412013e-314,2020-10-10 05:00:00,2,0,0,NA,"Y","UNKNOWN","RAIN","UNKNOWN","2460 MUSIC VALLEY DR","NASHVILLE","HERMIT",36.22169,-86.69482,"PARKED MOTOR VEHICLE","37214","2020","October","Fall","05","Saturday","Weekend","No Injuries","No Fatalities"
9.98045623055836e-314,2020-10-24 06:07:00,2,0,0,NA,"Y","ANGLE","RAIN","DARK - LIGHTED","5TH AVE S & US HWY 70","NASHVILLE","CENTRA",36.16049,-86.77844,"MOTOR VEHICLE IN TRANSPORT","37219","2020","October","Fall","06","Saturday","Weekend","No Injuries","No Fatalities"
9.98045598648993e-314,2020-10-24 00:26:00,2,2,0,NA,"N","HEAD-ON","RAIN","DARK - LIGHTED","HAMILTON CHURCH RD & HOBSON PKE","ANTIOCH","SOUTH",36.05857,-86.59776,"MOTOR VEHICLE IN TRANSPORT","37013","2020","October","Fall","00","Saturday","Weekend","Injuries","No Fatalities"
9.98045599686531e-314,2020-10-24 00:41:00,2,1,0,NA,"N","ANGLE","RAIN","DARK - LIGHTED","MM 86 3 I 65","NASHVILLE","CENTRA",36.19207,-86.7808,"MOTOR VEHICLE IN TRANSPORT;CONCRETE TRAFFIC BARRIER","37207","2020","October","Fall","00","Saturday","Weekend","Injuries","No Fatalities"
9.98045606949296e-314,2020-10-24 02:20:00,2,1,0,NA,"N","ANGLE","RAIN","DARK - LIGHTED","DEMONBREUN ST & 9TH AVS","NASHVILLE","CENTRA",36.15644,-86.78187,"MOTOR VEHICLE IN TRANSPORT","37203","2020","October","Fall","02","Saturday","Weekend","Injuries","No Fatalities"
9.98045608629119e-314,2020-10-24 02:50:00,2,0,0,NA,"Y","ANGLE","RAIN","DARK - LIGHTED","8TH AVS & LAFAYETTE ST","NASHVILLE","CENTRA",36.15459,-86.77919,"MOTOR VEHICLE IN TRANSPORT","37203","2020","October","Fall","02","Saturday","Weekend","No Injuries","No Fatalities"
9.98045610704195e-314,2020-10-24 03:56:00,2,0,0,NA,"Y","ANGLE","RAIN","Dark-Unknown Lighting","BRICK CHURCH PARK DR & ALDRICH LN","NASHVILLE","NORTH",36.2258,-86.7865,"MOTOR VEHICLE IN TRANSPORT","37207","2020","October","Fall","03","Saturday","Weekend","No Injuries","No Fatalities"
9.98045614310874e-314,2020-10-24 04:00:00,2,0,0,NA,"N","SIDESWIPE - SAME DIRECTION","RAIN","DARK - LIGHTED","MM 54 5 I 24","NASHVILLE","SOUTH",36.10045,-86.7115,"MOTOR VEHICLE IN TRANSPORT","37211","2020","October","Fall","04","Saturday","Weekend","No Injuries","No Fatalities"
9.98046075916407e-314,2020-10-29 01:42:00,1,0,0,NA,"N","NOT COLLISION W/MOTOR VEHICLE-TRANSPORT","RAIN","DARK - LIGHTED","S 4TH ST & RUSSELL ST","NASHVILLE","EAST",36.17029,-86.76554,"OTHER POST, POLE, SUPP.","37206","2020","October","Fall","01","Thursday","Weekday","No Injuries","No Fatalities"
9.98046077991483e-314,2020-10-29 01:40:00,2,1,0,NA,"Y","OTHER","RAIN","DARK - LIGHTED","MURFREESBORO PKE & HOBSON PKE","ANTIOCH","SOUTH",36.04285,-86.60655,"MOTOR VEHICLE IN TRANSPORT","37013","2020","October","Fall","01","Thursday","Weekday","Injuries","No Fatalities"
9.98044833687154e-314,2020-10-16 00:09:00,2,0,0,NA,"N","SIDESWIPE - SAME DIRECTION","RAIN","DARK - LIGHTED","11TH AVS & PINE ST","NASHVILLE","CENTRA",36.15238,-86.78385,"MOTOR VEHICLE IN TRANSPORT","37203","2020","October","Fall","00","Friday","Weekday","No Injuries","No Fatalities"
9.98044845050664e-314,2020-10-16 03:02:00,2,1,0,NA,"N","ANGLE","RAIN","DARK - LIGHTED","BRILEY PKWYN & THOMPSON LN","NASHVILLE","SOUTH",36.10945,-86.72805,"MOTOR VEHICLE IN TRANSPORT","37211","2020","October","Fall","03","Friday","Weekday","Injuries","No Fatalities"
9.98044845495323e-314,2020-10-16 03:07:00,2,0,0,NA,"N","ANGLE","RAIN","DARK - LIGHTED","HARDING PL & ANTIOCH PKE","NASHVILLE","SOUTH",36.0873,-86.69251,"MOTOR VEHICLE IN TRANSPORT","37211","2020","October","Fall","03","Friday","Weekday","No Injuries","No Fatalities"
9.98044846582267e-314,2020-10-16 02:50:00,2,0,0,NA,"N","SIDESWIPE - SAME DIRECTION","RAIN","DARK - NOT LIGHTED","OLD HICKORY BLVDW & NESBITT LN","MADISON","MADISO",36.266,-86.74139,"MOTOR VEHICLE IN TRANSPORT","37115","2020","October","Fall","02","Friday","Weekday","No Injuries","No Fatalities"
9.9804484697752e-314,2020-10-16 00:54:00,2,0,0,NA,"N","Front to Rear","RAIN","DARK - NOT LIGHTED","E THOMPSON LN & WIMPOLE DR","NASHVILLE","SOUTH",36.1243,-86.71573,"MOTOR VEHICLE IN TRANSPORT","37211","2020","October","Fall","00","Friday","Weekday","No Injuries","No Fatalities"
9.98044847076333e-314,2020-10-16 03:12:00,2,0,0,NA,"N","SIDESWIPE - SAME DIRECTION","RAIN","DARK - LIGHTED","MM 47 1 I 24","NASHVILLE","CENTRA",36.18745,-86.77605,"MOTOR VEHICLE IN TRANSPORT","37207","2020","October","Fall","03","Friday","Weekday","No Injuries","No Fatalities"
9.98044847718618e-314,2020-10-16 03:07:00,2,1,0,NA,"Y","ANGLE","RAIN","DARK - LIGHTED","NOLENSVILLE PKE & WALLACE RD","NASHVILLE","SOUTH",36.077,-86.72553,"MOTOR VEHICLE IN TRANSPORT","37211","2020","October","Fall","03","Friday","Weekday","Injuries","No Fatalities"
9.98044848459717e-314,2020-10-16 04:00:00,1,0,0,NA,"Y","NOT COLLISION W/MOTOR VEHICLE-TRANSPORT","RAIN","DARK - LIGHTED","CABOT DR & I40 W EXT RAMP","NASHVILLE","WEST",36.13291,-86.89747,"UTILITY POLE;Ran Off Road-Left","37209","2020","October","Fall","04","Friday","Weekday","No Injuries","No Fatalities"
9.98044849052595e-314,2020-10-16 03:20:00,2,0,0,NA,"Y","Front to Rear","RAIN","DARK - LIGHTED","HERMITAGE AV & MIDDLETON ST","NASHVILLE","CENTRA",36.15591,-86.76701,"MOTOR VEHICLE IN TRANSPORT","37210","2020","October","Fall","03","Friday","Weekday","No Injuries","No Fatalities"
9.98044850732419e-314,2020-10-16 04:48:00,1,0,0,NA,"N","NOT COLLISION W/MOTOR VEHICLE-TRANSPORT","RAIN","DARK - LIGHTED","TITANS WAY & VICTORY AVE","NASHVILLE","CENTRA",36.16415,-86.77211,"CURB","37213","2020","October","Fall","04","Friday","Weekday","No Injuries","No Fatalities"
9.98044854684944e-314,2020-10-16 05:31:00,2,1,0,NA,"Y","HEAD-ON","RAIN","DARK - LIGHTED","SPRING ST & I24 E ENT RAMP","NASHVILLE","CENTRA",36.17676,-86.77282,"MOTOR VEHICLE IN TRANSPORT","37213","2020","October","Fall","05","Friday","Weekday","Injuries","No Fatalities"
9.98044857204679e-314,2020-10-16 06:00:00,1,1,0,NA,"N","NOT COLLISION W/MOTOR VEHICLE-TRANSPORT","RAIN","DARK - LIGHTED","MM 210 6 I 40","NASHVILLE","HERMIT",36.153,-86.76538,"GUARDRAIL END","37210","2020","October","Fall","06","Friday","Weekday","Injuries","No Fatalities"
9.9804485819281e-314,2020-10-16 06:00:00,1,0,0,NA,"N","NOT COLLISION W/MOTOR VEHICLE-TRANSPORT","RAIN","DARK - NOT LIGHTED","OLD HICKORY & LOGISTICS","ANTIOCH","SOUTH",36.02556,-86.61573,"EMBANKMENT EARTH","37013","2020","October","Fall","06","Friday","Weekday","No Injuries","No Fatalities"
9.98045070048159e-314,2020-10-18 05:00:00,1,1,0,NA,"N","NOT COLLISION W/MOTOR VEHICLE-TRANSPORT","RAIN","DAYLIGHT","LICKTON PKE & LICKTON PKE PVTDR","WHITES CREEK","NORTH",36.34765,-86.73309,"OTHER FIXED OBJECTS","37189","2020","October","Fall","05","Sunday","Weekend","Injuries","No Fatalities"
9.98046083673238e-314,2020-10-29 04:14:00,1,0,0,NA,"N","NOT COLLISION W/MOTOR VEHICLE-TRANSPORT","RAIN","DARK - LIGHTED","MM 86 5 I 65","NASHVILLE","NORTH",36.1937,-86.7766,"GUARDRAIL FACE","37207","2020","October","Fall","04","Thursday","Weekday","No Injuries","No Fatalities"
9.98046084019084e-314,2020-10-29 04:17:00,1,0,0,NA,"N","NOT COLLISION W/MOTOR VEHICLE-TRANSPORT","RAIN","DARK - LIGHTED","MM 86 5 I 65","NASHVILLE","NORTH",36.19368,-86.77661,"OTHER OBJECT (NOT FIXED)","37207","2020","October","Fall","04","Thursday","Weekday","No Injuries","No Fatalities"
9.98046089354993e-314,2020-10-29 05:28:00,1,0,0,NA,"N","NOT COLLISION W/MOTOR VEHICLE-TRANSPORT","RAIN","DARK - LIGHTED","MM 88 4 I 65","NASHVILLE","NORTH",36.22237,-86.77458,"EMBANKMENT EARTH","37207","2020","October","Fall","05","Thursday","Weekday","No Injuries","No Fatalities"
9.98046114008868e-314,2020-10-29 05:00:00,1,0,0,NA,"N","NOT COLLISION W/MOTOR VEHICLE-TRANSPORT","RAIN","DAYLIGHT","US HWY 41 ALT & EATONS CREEK RD","JOELTON","NORTH",36.29193,-86.88376,"FENCE","37080","2020","October","Fall","05","Thursday","Weekday","No Injuries","No Fatalities"
9.98046175174195e-314,2020-10-30 01:00:00,1,0,0,NA,"N","NOT COLLISION W/MOTOR VEHICLE-TRANSPORT","RAIN","DARK - LIGHTED","I24 W EXT RAMP & I 24","NASHVILLE","SOUTH",36.16412,-86.76252,"OTHER OBJECT (NOT FIXED)","37211","2020","October","Fall","01","Friday","Weekday","No Injuries","No Fatalities"
9.98046175371822e-314,2020-10-30 01:13:00,1,0,0,NA,"N","NOT COLLISION W/MOTOR VEHICLE-TRANSPORT","RAIN","DARK - LIGHTED","CUMMINGS PARK DR & CUMMINGS CT","ANTIOCH","SOUTH",36.07029,-86.68102,"UTILITY POLE;Ran Off Road-Right","37013","2020","October","Fall","01","Friday","Weekday","No Injuries","No Fatalities"
9.98046188365748e-314,2020-10-30 04:53:00,1,0,0,NA,"N","NOT COLLISION W/MOTOR VEHICLE-TRANSPORT","RAIN","DARK - LIGHTED","I24 E ENT RAMP & I 24","NASHVILLE","CENTRA",36.16471,-86.76388,"OTHER ANIMAL","37213","2020","October","Fall","04","Friday","Weekday","No Injuries","No Fatalities"
9.98045683183625e-314,2020-10-25 00:23:00,2,1,0,NA,"Y","ANGLE","RAIN","DARK - LIGHTED","MURFREESBORO PKE & LESTER AV","NASHVILLE","HERMIT",36.14553,-86.75253,"MOTOR VEHICLE IN TRANSPORT","37210","2020","October","Fall","00","Sunday","Weekend","Injuries","No Fatalities"
9.98045684072943e-314,2020-10-25 00:40:00,1,0,0,NA,"N","NOT COLLISION W/MOTOR VEHICLE-TRANSPORT","RAIN","DARK - LIGHTED","MM 1 7 I 440","NASHVILLE","NORTH",36.1332,-86.81889,"WALL","37209","2020","October","Fall","00","Sunday","Weekend","No Injuries","No Fatalities"
9.98045686691491e-314,2020-10-25 01:11:00,2,0,0,NA,"N","SIDESWIPE - OPPOSITE DIRECTION","RAIN","DARK - NOT LIGHTED","MARINA ST & NEILL AVE","NASHVILLE","EAST",36.18072,-86.76009,"MOTOR VEHICLE IN TRANSPORT","37206","2020","October","Fall","01","Sunday","Weekend","No Injuries","No Fatalities"
9.98045690001731e-314,2020-10-25 02:16:00,1,0,0,NA,"N","NOT COLLISION W/MOTOR VEHICLE-TRANSPORT","RAIN","DARK - LIGHTED","HARRISON ST & US HWY 41 ALT","NASHVILLE","CENTRA",36.169,-86.7873,"UTILITY POLE","37203","2020","October","Fall","02","Sunday","Weekend","No Injuries","No Fatalities"
9.98045690792236e-314,2020-10-24 05:00:00,1,0,0,NA,"N","NOT COLLISION W/MOTOR VEHICLE-TRANSPORT","RAIN","DARK - LIGHTED","UNDERWOOD ST & DR D B TODD JR BLVD","NASHVILLE","NORTH",36.17342,-86.8079,"","37208","2020","October","Fall","05","Saturday","Weekend","No Injuries","No Fatalities"
9.98045692669686e-314,2020-10-25 03:37:00,1,0,0,NA,"Y","NOT COLLISION W/MOTOR VEHICLE-TRANSPORT","RAIN","DARK - LIGHTED","ANDERSON LN & ARCHWOOD DR","MADISON","MADISO",36.27209,-86.68848,"OTHER OBJECT (NOT FIXED);DITCH;Ran Off Road-Right","37115","2020","October","Fall","03","Sunday","Weekend","No Injuries","No Fatalities"
9.98045693855443e-314,2020-10-25 01:00:00,2,0,0,NA,"N","Front to Rear","RAIN","DARK - LIGHTED","HAMILTON CHURCH RD & US HWY 41","ANTIOCH","SOUTH",36.06476,-86.62845,"MOTOR VEHICLE IN TRANSPORT","37013","2020","October","Fall","01","Sunday","Weekend","No Injuries","No Fatalities"
9.98045698351441e-314,2020-10-25 04:46:00,2,1,0,NA,"Y","ANGLE","RAIN","DARK - LIGHTED","ROSA L PARKS BLVD & JEFFERSON ST","NASHVILLE","CENTRA",36.17327,-86.7914,"MOTOR VEHICLE IN TRANSPORT","37219","2020","October","Fall","04","Sunday","Weekend","Injuries","No Fatalities"
9.98045701859307e-314,2020-10-25 05:35:00,1,0,0,NA,"N","NOT COLLISION W/MOTOR VEHICLE-TRANSPORT","RAIN","DARK - LIGHTED","SNYDER AV & TWIN ST","NASHVILLE","WEST",36.15197,-86.8617,"OTHER OBJECT (NOT FIXED);FENCE","37209","2020","October","Fall","05","Sunday","Weekend","No Injuries","No Fatalities"
9.98045792174507e-314,2020-10-26 10:46:00,1,0,1,NA,"Y","NOT COLLISION W/MOTOR VEHICLE-TRANSPORT","RAIN","DARK - LIGHTED","400 CHURCH ST","NASHVILLE","CENTRA",36.16368,-86.77898,"PEDESTRIAN","37219","2020","October","Fall","10","Monday","Weekday","No Injuries","With Fatalities"
9.98045795089494e-314,2020-10-26 11:30:00,2,0,0,NA,"N","ANGLE","RAIN","DAYLIGHT","I24 E ENT RAMP & I 24","NASHVILLE","CENTRA",36.0687,-86.69088,"MOTOR VEHICLE IN TRANSPORT","37213","2020","October","Fall","11","Monday","Weekday","No Injuries","No Fatalities"
9.98045806304784e-314,2020-10-26 12:14:00,2,1,0,NA,"Y","Front to Rear","RAIN","DAYLIGHT","MURFREESBORO PKE & OLD MURFREESBORO PKE","NASHVILLE","SOUTH",36.10465,-86.6694,"MOTOR VEHICLE IN TRANSPORT","37217","2020","October","Fall","12","Monday","Weekday","Injuries","No Fatalities"
9.980458116901e-314,2020-10-26 12:50:00,2,0,0,NA,"Y","Front to Rear","RAIN","DAYLIGHT","HAYWOOD LN & FAULKNER DR","NASHVILLE","SOUTH",36.06822,-86.71067,"MOTOR VEHICLE IN TRANSPORT","37211","2020","October","Fall","12","Monday","Weekday","No Injuries","No Fatalities"
9.98045816186097e-314,2020-10-26 05:00:00,2,0,0,NA,"Y","UNKNOWN","RAIN","UNKNOWN","PENNOCK AV & DOUGLAS AV","NASHVILLE","EAST",36.19483,-86.76589,"PARKED MOTOR VEHICLE;UNKNOWN MOST HARMFUL EVENT","37207","2020","October","Fall","05","Monday","Weekday","No Injuries","No Fatalities"
9.98046013466509e-314,2020-10-28 12:30:00,2,0,0,NA,"N","Front to Rear","RAIN","DAYLIGHT","MT VIEW RD & BABY RUTH LN","ANTIOCH","SOUTH",36.04413,-86.64322,"MOTOR VEHICLE IN TRANSPORT","37013","2020","October","Fall","12","Wednesday","Weekday","No Injuries","No Fatalities"
9.98046049533302e-314,2020-10-28 05:00:00,2,0,0,NA,"N","Front to Rear","RAIN","DAYLIGHT","MM 54 0 I 24","NASHVILLE","SOUTH",36.10664,-86.71931,"MOTOR VEHICLE IN TRANSPORT","37211","2020","October","Fall","05","Wednesday","Weekday","No Injuries","No Fatalities"
9.98046058377077e-314,2020-10-28 05:00:00,3,2,0,NA,"N","OTHER","RAIN","DAYLIGHT","HAMILTON CHURCH RD & OWENDALE DR","ANTIOCH","SOUTH",36.06481,-86.6221,"MOTOR VEHICLE IN TRANSPORT","37013","2020","October","Fall","05","Wednesday","Weekday","Injuries","No Fatalities"
9.98048994213957e-314,2020-11-29 06:00:00,1,1,0,NA,"Y","NOT COLLISION W/MOTOR VEHICLE-TRANSPORT","RAIN","DARK - LIGHTED","GALLATIN PKES & NEELYS BEND RD","MADISON","MADISO",36.25599,-86.71448,"PEDESTRIAN","37115","2020","November","Fall","06","Sunday","Weekend","Injuries","No Fatalities"
9.98048999549866e-314,2020-11-30 00:32:00,3,0,0,NA,"Y","SIDESWIPE - SAME DIRECTION","RAIN","DARK - LIGHTED","18TH AVE S & EDGEHILL AVE","NASHVILLE","MIDTOW",36.14412,-86.7956,"MOTOR VEHICLE IN TRANSPORT","37212","2020","November","Fall","00","Monday","Weekday","No Injuries","No Fatalities"
9.98049000389778e-314,2020-11-30 00:55:00,1,2,0,NA,"N","NOT COLLISION W/MOTOR VEHICLE-TRANSPORT","RAIN","DARK - LIGHTED","FERNWOOD DR & MCGAVOCK PKE","NASHVILLE","EAST",36.20884,-86.71495,"EMBANKMENT EARTH","37216","2020","November","Fall","00","Monday","Weekday","Injuries","No Fatalities"
9.98049001624942e-314,2020-11-30 01:18:00,1,0,0,NA,"N","NOT COLLISION W/MOTOR VEHICLE-TRANSPORT","RAIN","DARK - NOT LIGHTED","MM 86 7 I 65","NASHVILLE","NORTH",36.19808,-86.77591,"","37207","2020","November","Fall","01","Monday","Weekday","No Injuries","No Fatalities"
9.98049001822568e-314,2020-11-30 01:20:00,2,0,0,NA,"N","Front to Rear","RAIN","DARK - NOT LIGHTED","MM 47 2 I 24","NASHVILLE","EAST",36.18608,-86.77524,"MOTOR VEHICLE IN TRANSPORT","37207","2020","November","Fall","01","Monday","Weekday","No Injuries","No Fatalities"
9.98049004984589e-314,2020-11-30 02:13:00,2,0,0,NA,"N","ANGLE","RAIN","DARK - LIGHTED","MM 52 4 I 24","NASHVILLE","HERMIT",36.13915,-86.72711,"MOTOR VEHICLE IN TRANSPORT","37210","2020","November","Fall","02","Monday","Weekday","No Injuries","No Fatalities"
9.98049009628806e-314,2020-11-30 03:25:00,1,1,0,NA,"N","NOT COLLISION W/MOTOR VEHICLE-TRANSPORT","RAIN","DARK - NOT LIGHTED","N GRAYCROFT AV & E CAMPBELL RD","MADISON","MADISO",36.27667,-86.72955,"GUARDRAIL FACE","37115","2020","November","Fall","03","Monday","Weekday","Injuries","No Fatalities"
9.98049011901508e-314,2020-11-30 04:17:00,2,1,0,NA,"Y","ANGLE","RAIN","DARK - LIGHTED","MM 211 5 I 40","NASHVILLE","HERMIT",36.15113,-86.75054,"MOTOR VEHICLE IN TRANSPORT","37210","2020","November","Fall","04","Monday","Weekday","Injuries","No Fatalities"
9.98049012889639e-314,2020-11-30 04:05:00,2,0,0,NA,"Y","ANGLE","RAIN","DARK - LIGHTED","NOLENSVILLE PKE & WALLACE RD","NASHVILLE","SOUTH",36.07796,-86.72583,"PARKED MOTOR VEHICLE","37211","2020","November","Fall","04","Monday","Weekday","No Injuries","No Fatalities"
9.98049015162341e-314,2020-11-30 05:00:00,1,1,0,NA,"N","NOT COLLISION W/MOTOR VEHICLE-TRANSPORT","RAIN","DARK - NOT LIGHTED","MM 198 1 I 40","NASHVILLE","WEST",36.09987,-86.93509,"EMBANKMENT ROCK/STONE/CONCRETE","37221","2020","November","Fall","05","Monday","Weekday","Injuries","No Fatalities"
9.98049017435043e-314,2020-11-30 06:02:00,2,0,0,NA,"N","ANGLE","RAIN","DARK - LIGHTED","ROSA L PARKS BLVD & JEFFERSON ST","NASHVILLE","CENTRA",36.17327,-86.7914,"MOTOR VEHICLE IN TRANSPORT-OTHER ROADWAY","37219","2020","November","Fall","06","Monday","Weekday","No Injuries","No Fatalities"
9.9804901891724e-314,2020-11-30 05:50:00,1,1,0,NA,"N","NOT COLLISION W/MOTOR VEHICLE-TRANSPORT","RAIN","DARK - LIGHTED","MM 54 3 I 24","NASHVILLE","SOUTH",36.10276,-86.71404,"GUARDRAIL FACE","37211","2020","November","Fall","05","Monday","Weekday","Injuries","No Fatalities"
9.98049019411305e-314,2020-11-30 06:03:00,1,0,0,NA,"N","NOT COLLISION W/MOTOR VEHICLE-TRANSPORT","RAIN","DARK - NOT LIGHTED","MM 209 2 I 40","NASHVILLE","CENTRA",36.15455,-86.78838,"CONCRETE TRAFFIC BARRIER","37203","2020","November","Fall","06","Monday","Weekday","No Injuries","No Fatalities"
9.98049019855964e-314,2020-11-30 06:06:00,1,0,0,NA,"N","NOT COLLISION W/MOTOR VEHICLE-TRANSPORT","RAIN","DARK - LIGHTED","MM 203 9 I 40","NASHVILLE","WEST",36.15233,-86.85819,"GUARDRAIL FACE;WALL;Ran Off Road-Right","37209","2020","November","Fall","06","Monday","Weekday","No Injuries","No Fatalities"
9.9804902178282e-314,2020-11-30 06:29:00,2,0,0,NA,"Y","ANGLE","RAIN","DARK - LIGHTED","MM 48 1 I 24","NASHVILLE","EAST",36.17447,-86.77102,"MOTOR VEHICLE IN TRANSPORT;CONCRETE TRAFFIC BARRIER","37206","2020","November","Fall","06","Monday","Weekday","No Injuries","No Fatalities"
9.98049023561457e-314,2020-11-30 06:55:00,1,0,0,NA,"N","NOT COLLISION W/MOTOR VEHICLE-TRANSPORT","RAIN","DARK - NOT LIGHTED","MM 215 0 I 40","NASHVILLE","HERMIT",36.14188,-86.67649,"CONCRETE TRAFFIC BARRIER","37214","2020","November","Fall","06","Monday","Weekday","No Injuries","No Fatalities"
9.98049026921103e-314,2020-11-30 07:22:00,1,0,0,NA,"N","NOT COLLISION W/MOTOR VEHICLE-TRANSPORT","RAIN","DARK - NOT LIGHTED","MM 213 0 I 40","NASHVILLE","HERMIT",36.14102,-86.73304,"GUARDRAIL FACE","37210","2020","November","Fall","07","Monday","Weekday","No Injuries","No Fatalities"
9.98047281387176e-314,2020-11-10 06:00:00,2,0,0,NA,"N","SIDESWIPE - SAME DIRECTION","RAIN","OTHER","2ND AVS & I40 W EXT RAMP","NASHVILLE","CENTRA",36.15176,-86.76863,"MOTOR VEHICLE IN TRANSPORT","37210","2020","November","Fall","06","Tuesday","Weekday","No Injuries","No Fatalities"
9.98047315033047e-314,2020-11-11 05:46:00,1,0,0,NA,"N","NOT COLLISION W/MOTOR VEHICLE-TRANSPORT","RAIN","DARK - LIGHTED","HICKS RD & POST CREEK RD","NASHVILLE","WEST",36.08114,-86.92934,"DITCH","37221","2020","November","Fall","05","Wednesday","Weekday","No Injuries","No Fatalities"
9.98047320270143e-314,2020-11-11 05:10:00,2,0,0,NA,"Y","Front to Rear","RAIN","DARK - LIGHTED","STATE HWY 171 & FIRESTONE PKWY","ANTIOCH","SOUTH",36.01681,-86.61987,"MOTOR VEHICLE IN TRANSPORT","37013","2020","November","Fall","05","Wednesday","Weekday","No Injuries","No Fatalities"
9.98047328026973e-314,2020-11-11 10:02:00,2,0,0,NA,"N","ANGLE","RAIN","DARK - LIGHTED","WHITE BRIDGE PKE EXT RAMP & I40 W EXT RA","NASHVILLE","WEST",36.153,-86.85762,"PARKED MOTOR VEHICLE","37209","2020","November","Fall","10","Wednesday","Weekday","No Injuries","No Fatalities"
9.98047332918223e-314,2020-11-11 11:40:00,2,0,0,NA,"N","ANGLE","RAIN","Dark-Unknown Lighting","PEABODY ST & 2ND AVS","NASHVILLE","CENTRA",36.15681,-86.7719,"MOTOR VEHICLE IN TRANSPORT","37201","2020","November","Fall","11","Wednesday","Weekday","No Injuries","No Fatalities"
9.98047333906355e-314,2020-11-11 12:00:00,3,1,0,NA,"Y","ANGLE","RAIN","DARK - LIGHTED","MM 51 1 I 24","NASHVILLE","SOUTH",36.13141,-86.72729,"MOTOR VEHICLE IN TRANSPORT","37210","2020","November","Fall","12","Wednesday","Weekday","Injuries","No Fatalities"
9.98047335833211e-314,2020-11-11 12:35:00,3,2,0,NA,"N","Front to Rear","RAIN","DUSK","MM 52 7 I 24","NASHVILLE","SOUTH",36.12331,-86.72788,"MOTOR VEHICLE IN TRANSPORT","37210","2020","November","Fall","12","Wednesday","Weekday","Injuries","No Fatalities"
9.98047336228463e-314,2020-11-11 12:45:00,2,0,0,NA,"Y","OTHER","RAIN","DAYLIGHT","MM 86 5 I 65","NASHVILLE","NORTH",36.1935,-86.77587,"MOTOR VEHICLE IN TRANSPORT","37207","2020","November","Fall","12","Wednesday","Weekday","No Injuries","No Fatalities"
9.98048359043163e-314,2020-11-22 06:00:00,2,0,0,NA,"N","SIDESWIPE - SAME DIRECTION","RAIN","DAYLIGHT","BRILEY PKWY N ENT RAMP & BRILEY PKWYN","NASHVILLE","WEST",36.15296,-86.69072,"MOTOR VEHICLE IN TRANSPORT","37209","2020","November","Fall","06","Sunday","Weekend","No Injuries","No Fatalities"
9.98048361859337e-314,2020-11-22 06:00:00,2,1,0,NA,"Y","ANGLE","RAIN","DAYLIGHT","MURFREESBORO PKE & BROOKSBORO PL","ANTIOCH","SOUTH",36.08365,-86.64722,"MOTOR VEHICLE IN TRANSPORT","37013","2020","November","Fall","06","Sunday","Weekend","Injuries","No Fatalities"
9.98048370851332e-314,2020-11-22 06:00:00,1,0,0,NA,"N","NOT COLLISION W/MOTOR VEHICLE-TRANSPORT","RAIN","DAYLIGHT","I65 S EXT RAMP & I 65","MADISON","MADISO",36.03702,-86.78316,"H-WAY TRAFFIC SIGNAL POST;DITCH","37115","2020","November","Fall","06","Sunday","Weekend","No Injuries","No Fatalities"