"Accident.Number","Date.and.Time","Number.of.Motor.Vehicles","Number.of.Injuries","Number.of.Fatalities","Property.Damage","Hit.and.Run","Collision.Type.Description","Weather.Description","Illumination.Description","Street.Address","City","Precinct","Latitude","Longitude","HarmfulDescriptions","Zip.Code","Year","Month","Season","Hour","Weekday","DayType","Accident","Fatality_category"
9.98048372185309e-314,2020-11-22 06:00:00,2,0,0,NA,"N","Front to Rear","RAIN","DAYLIGHT","I65 S EXT RAMP & I 65","MADISON","MADISO",36.03682,-86.78328,"PARKED MOTOR VEHICLE","37115","2020","November","Fall","06","Sunday","Weekend","No Injuries","No Fatalities"
9.98047688744301e-314,2020-11-15 11:30:00,1,0,0,NA,"N","NOT COLLISION W/MOTOR VEHICLE-TRANSPORT","RAIN","DARK - NOT LIGHTED","HAYWOOD LN & CHAMBERS DR","NASHVILLE","SOUTH",36.06842,-86.70746,"DITCH","37211","2020","November","Fall","11","Sunday","Weekend","No Injuries","No Fatalities"
9.98047690374718e-314,2020-11-15 12:44:00,2,1,0,NA,"N","SIDESWIPE - SAME DIRECTION","RAIN","DAWN","MM 215 0 I 40","NASHVILLE","HERMIT",36.14435,-86.6942,"MOTOR VEHICLE IN TRANSPORT","37214","2020","November","Fall","12","Sunday","Weekend","Injuries","No Fatalities"
9.98047690819377e-314,2020-11-15 12:52:00,3,0,0,NA,"Y","ANGLE","RAIN","DAYLIGHT","MM 211 6 I 40","NASHVILLE","HERMIT",36.1505,-86.74918,"MOTOR VEHICLE IN TRANSPORT","37210","2020","November","Fall","12","Sunday","Weekend","No Injuries","No Fatalities"
9.98047690868784e-314,2020-11-15 12:57:00,1,0,0,NA,"N","NOT COLLISION W/MOTOR VEHICLE-TRANSPORT","RAIN","DAWN","MM 56 2 I 24","NASHVILLE","SOUTH",36.07974,-86.69631,"CONCRETE TRAFFIC BARRIER","37211","2020","November","Fall","12","Sunday","Weekend","No Injuries","No Fatalities"
9.98047690967597e-314,2020-11-15 12:59:00,1,1,0,NA,"N","NOT COLLISION W/MOTOR VEHICLE-TRANSPORT","RAIN","DAYLIGHT","MM 48 3 I 24","NASHVILLE","CENTRA",36.17165,-86.76834,"BRIDGE RAIL","37213","2020","November","Fall","12","Sunday","Weekend","Injuries","No Fatalities"
9.98050446668143e-314,2020-12-14 07:13:00,1,0,0,NA,"N","NOT COLLISION W/MOTOR VEHICLE-TRANSPORT","RAIN","DARK - NOT LIGHTED","BRILEY PKWY S EXT RAMP & BRILEY PKWYS","NASHVILLE","HERMIT",36.15637,-86.85902,"WALL","37214","2020","December","Winter","07","Monday","Weekday","No Injuries","No Fatalities"
9.98050460007916e-314,2020-12-14 10:50:00,1,1,0,NA,"N","NOT COLLISION W/MOTOR VEHICLE-TRANSPORT","RAIN","DARK - LIGHTED","DR D B TODD JR BLVD & MORENA ST","NASHVILLE","NORTH",36.16526,-86.80493,"UTILITY POLE","37208","2020","December","Winter","10","Monday","Weekday","Injuries","No Fatalities"
9.98050461737145e-314,2020-12-14 11:35:00,1,0,0,NA,"N","NOT COLLISION W/MOTOR VEHICLE-TRANSPORT","RAIN","DARK - NOT LIGHTED","I40 W ENT RAMP & I 40","NASHVILLE","HERMIT",36.15074,-86.77098,"DITCH","37210","2020","December","Winter","11","Monday","Weekday","No Injuries","No Fatalities"
9.98050461835958e-314,2020-12-14 11:38:00,1,0,0,NA,"N","NOT COLLISION W/MOTOR VEHICLE-TRANSPORT","RAIN","DARK - NOT LIGHTED","COUCHVILLE PKE & S MOUNT JULIET RD","HERMITAGE","SOUTH",36.09546,-86.53006,"DITCH","37076","2020","December","Winter","11","Monday","Weekday","No Injuries","No Fatalities"
9.98050462280617e-314,2020-12-14 11:45:00,2,0,0,NA,"N","ANGLE","RAIN","DARK - LIGHTED","DR D B TODD JR BLVD & JEFFERSON ST","NASHVILLE","NORTH",36.16947,-86.80662,"MOTOR VEHICLE IN TRANSPORT","37208","2020","December","Winter","11","Monday","Weekday","No Injuries","No Fatalities"
9.98050462379431e-314,2020-12-14 11:54:00,2,1,0,NA,"N","ANGLE","RAIN","DAWN","LAFAYETTE ST & 8TH AVS","NASHVILLE","CENTRA",36.15454,-86.7789,"MOTOR VEHICLE IN TRANSPORT","37203","2020","December","Winter","11","Monday","Weekday","Injuries","No Fatalities"
9.98050464009847e-314,2020-12-14 12:15:00,2,0,0,NA,"N","SIDESWIPE - SAME DIRECTION","RAIN","DAWN","MM 56 0 I 24","NASHVILLE","SOUTH",36.08258,-86.698,"MOTOR VEHICLE IN TRANSPORT","37211","2020","December","Winter","12","Monday","Weekday","No Injuries","No Fatalities"
9.98050640984162e-314,2020-12-16 04:20:00,1,2,0,NA,"N","NOT COLLISION W/MOTOR VEHICLE-TRANSPORT","RAIN","DARK - NOT LIGHTED","MM 210 8 I 40","NASHVILLE","CENTRA",36.15437,-86.7626,"EMBANKMENT ROCK/STONE/CONCRETE","37210","2020","December","Winter","04","Wednesday","Weekday","Injuries","No Fatalities"
9.98050641824073e-314,2020-12-16 04:46:00,2,1,0,NA,"N","Front to Rear","RAIN","DARK - NOT LIGHTED","MM 199 2 I 40","NASHVILLE","WEST",36.11061,-86.92383,"MOTOR VEHICLE IN TRANSPORT;OTHER OBJECT (NOT FIXED)","37221","2020","December","Winter","04","Wednesday","Weekday","Injuries","No Fatalities"
9.98050644590841e-314,2020-12-16 03:00:00,2,0,0,NA,"Y","ANGLE","RAIN","DARK - LIGHTED","HERMAN ST & 16TH AVE N","NASHVILLE","NORTH",36.16535,-86.80057,"PARKED MOTOR VEHICLE","37203","2020","December","Winter","03","Wednesday","Weekday","No Injuries","No Fatalities"
9.98050669985815e-314,2020-12-16 11:20:00,2,1,0,NA,"N","ANGLE","RAIN","DARK - LIGHTED","BEECHWOOD TER & BELL RD","ANTIOCH","SOUTH",36.04486,-86.66838,"MOTOR VEHICLE IN TRANSPORT","37013","2020","December","Winter","11","Wednesday","Weekday","Injuries","No Fatalities"
9.98050671517418e-314,2020-12-16 11:54:00,2,0,0,NA,"N","Front to Rear","RAIN","DARK - LIGHTED","MM 57 2 I 24","NASHVILLE","SOUTH",36.06693,-86.68682,"MOTOR VEHICLE IN TRANSPORT","37211","2020","December","Winter","11","Wednesday","Weekday","No Injuries","No Fatalities"
9.98050671764451e-314,2020-12-16 12:25:00,3,0,0,NA,"N","Front to Rear","RAIN","DAWN","MM 54 9 I 24","NASHVILLE","SOUTH",36.09596,-86.70785,"MOTOR VEHICLE IN TRANSPORT","37211","2020","December","Winter","12","Wednesday","Weekday","No Injuries","No Fatalities"
9.9805067235733e-314,2020-12-16 12:39:00,1,0,0,NA,"N","NOT COLLISION W/MOTOR VEHICLE-TRANSPORT","RAIN","DARK - NOT LIGHTED","MCGAVOCK PKE & PARRY DR","NASHVILLE","SOUTH",36.10583,-86.6908,"EMBANKMENT EARTH","37217","2020","December","Winter","12","Wednesday","Weekday","No Injuries","No Fatalities"
9.98050672456143e-314,2020-12-16 12:32:00,1,0,0,NA,"N","NOT COLLISION W/MOTOR VEHICLE-TRANSPORT","RAIN","DAWN","MM 88 6 I 65","NASHVILLE","EAST",36.22463,-86.77454,"GUARDRAIL FACE","37207","2020","December","Winter","12","Wednesday","Weekday","No Injuries","No Fatalities"
9.98050684758378e-314,2020-12-16 06:00:00,1,0,0,NA,"Y","NOT COLLISION W/MOTOR VEHICLE-TRANSPORT","RAIN","DAYLIGHT","BUFFALO RD & OLD CHARLOTTE PKE","NASHVILLE","WEST",36.11643,-86.96638,"DITCH;Ran Off Road-Left","37221","2020","December","Winter","06","Wednesday","Weekday","No Injuries","No Fatalities"
9.98050726655145e-314,2020-12-17 00:23:00,2,0,0,NA,"N","SIDESWIPE - OPPOSITE DIRECTION","RAIN","DARK - LIGHTED","MULBERRY HILL PL & BRIDGECREST DR","ANTIOCH","SOUTH",36.07024,-86.65518,"PARKED MOTOR VEHICLE","37013","2020","December","Winter","00","Thursday","Weekday","No Injuries","No Fatalities"
9.98050726803364e-314,2020-12-17 00:29:00,2,1,0,NA,"N","NOT COLLISION W/MOTOR VEHICLE-TRANSPORT","RAIN","DARK - LIGHTED","MORRIS GENTRY BLVD & FOREST VIEW DR","ANTIOCH","SOUTH",36.06655,-86.63218,"GUARDRAIL FACE;CURB;EMBANKMENT EARTH","37013","2020","December","Winter","00","Thursday","Weekday","Injuries","No Fatalities"
9.98050727248023e-314,2020-12-17 00:40:00,1,1,0,NA,"N","NOT COLLISION W/MOTOR VEHICLE-TRANSPORT","RAIN","DARK - LIGHTED","17TH AVN & CHARLOTTE AV","NASHVILLE","MIDTOW",36.15881,-86.79816,"OTHER ANIMAL;PEDESTRIAN","37203","2020","December","Winter","00","Thursday","Weekday","Injuries","No Fatalities"
9.98050731151142e-314,2020-12-17 00:41:00,2,0,0,NA,"Y","SIDESWIPE - SAME DIRECTION","RAIN","DARK - LIGHTED","BELL RD & COLLINS PARK DR","ANTIOCH","SOUTH",36.04581,-86.6582,"MOTOR VEHICLE IN TRANSPORT","37013","2020","December","Winter","00","Thursday","Weekday","No Injuries","No Fatalities"
9.98050731546394e-314,2020-12-17 01:20:00,2,0,0,NA,"N","Front to Rear","RAIN","DARK - LIGHTED","US HWY 41 & STATE HWY 255","NASHVILLE","HERMIT",36.10621,-86.67302,"MOTOR VEHICLE IN TRANSPORT","37217","2020","December","Winter","01","Thursday","Weekday","No Injuries","No Fatalities"
9.98050731694614e-314,2020-12-17 01:23:00,1,0,0,NA,"N","NOT COLLISION W/MOTOR VEHICLE-TRANSPORT","RAIN","DARK - NOT LIGHTED","MM 80 1 I 65","NASHVILLE","MIDTOW",36.11432,-86.773,"GUARDRAIL FACE","37204","2020","December","Winter","01","Thursday","Weekday","No Injuries","No Fatalities"
9.98050742811091e-314,2020-12-17 05:10:00,1,0,0,NA,"N","NOT COLLISION W/MOTOR VEHICLE-TRANSPORT","RAIN","DARK - LIGHTED","DICKERSON PKE & MERIDIAN ST","NASHVILLE","EAST",36.17884,-86.77306,"UTILITY POLE","37207","2020","December","Winter","05","Thursday","Weekday","No Injuries","No Fatalities"
9.98051383614234e-314,2020-12-24 00:40:00,2,0,0,NA,"N","SIDESWIPE - SAME DIRECTION","RAIN","DARK - LIGHTED","MM 211 8 I 40","NASHVILLE","HERMIT",36.14914,-86.74699,"MOTOR VEHICLE IN TRANSPORT","37210","2020","December","Winter","00","Thursday","Weekday","No Injuries","No Fatalities"
9.98051384009486e-314,2020-12-24 01:42:00,1,1,0,NA,"N","NOT COLLISION W/MOTOR VEHICLE-TRANSPORT","RAIN","DARK - LIGHTED","NOLENSVILLE PKE & AUTUMN OAKS DR","NASHVILLE","MIDTOW",36.00383,-86.69842,"OTHER OBJECT (NOT FIXED);DITCH;MAIL BOX","37211","2020","December","Winter","01","Thursday","Weekday","Injuries","No Fatalities"
9.98051392359196e-314,2020-12-24 03:30:00,2,0,0,NA,"Y","SIDESWIPE - SAME DIRECTION","RAIN","DARK - LIGHTED","I24 E EXT RAMP & I 24","NASHVILLE","NORTH",36.0387,-86.64804,"MOTOR VEHICLE IN TRANSPORT","37207","2020","December","Winter","03","Thursday","Weekday","No Injuries","No Fatalities"
9.98051394335458e-314,2020-12-24 04:30:00,2,0,0,NA,"N","ANGLE","RAIN","DARK - NOT LIGHTED","MM 86 3 I 65","NASHVILLE","CENTRA",36.19205,-86.78095,"MOTOR VEHICLE IN TRANSPORT;WALL","37207","2020","December","Winter","04","Thursday","Weekday","No Injuries","No Fatalities"
9.98051394780117e-314,2020-12-24 04:50:00,1,0,0,NA,"N","NOT COLLISION W/MOTOR VEHICLE-TRANSPORT","RAIN","DARK - NOT LIGHTED","HIGHWAY 100 & WARNER NATURE CTR PVTDR","NASHVILLE","WEST",36.06125,-86.9112,"TREE;Ran Off Road-Right","37221","2020","December","Winter","04","Thursday","Weekday","No Injuries","No Fatalities"
9.980513999184e-314,2020-12-24 06:08:00,1,0,0,NA,"Y","NOT COLLISION W/MOTOR VEHICLE-TRANSPORT","RAIN","DARK - LIGHTED","MM 88 6 I 65","NASHVILLE","EAST",36.22462,-86.77454,"GUARDRAIL FACE;OTHER POST, POLE, SUPP.","37207","2020","December","Winter","06","Thursday","Weekday","No Injuries","No Fatalities"
9.98051405007276e-314,2020-12-24 04:00:00,2,0,0,NA,"Y","SIDESWIPE - SAME DIRECTION","RAIN","DARK - LIGHTED","15TH AVN & CASS ST","NASHVILLE","NORTH",36.18546,-86.81059,"PARKED MOTOR VEHICLE","37208","2020","December","Winter","04","Thursday","Weekday","No Injuries","No Fatalities"
9.98051407279978e-314,2020-12-24 06:00:00,1,0,0,NA,"Y","UNKNOWN","RAIN","DARK - LIGHTED","I65 S ENT RAMP & I 40","NASHVILLE","CENTRA",36.14841,-86.77673,"UNKNOWN MOST HARMFUL EVENT","37203","2020","December","Winter","06","Thursday","Weekday","No Injuries","No Fatalities"
9.9805027730244e-314,2020-12-12 05:41:00,2,0,0,NA,"Y","Front to Rear","RAIN","DARK - LIGHTED","MM 87 0 I 65","NASHVILLE","EAST",36.2019,-86.77685,"MOTOR VEHICLE IN TRANSPORT","37207","2020","December","Winter","05","Saturday","Weekend","No Injuries","No Fatalities"
9.98050283725293e-314,2020-12-12 07:02:00,1,0,0,NA,"Y","NOT COLLISION W/MOTOR VEHICLE-TRANSPORT","RAIN","DARK - LIGHTED","MM 49 1 I 24","NASHVILLE","EAST",36.16415,-86.76303,"CONCRETE TRAFFIC BARRIER","37206","2020","December","Winter","07","Saturday","Weekend","No Injuries","No Fatalities"
9.98050285454523e-314,2020-12-12 07:35:00,2,0,0,NA,"Y","SIDESWIPE - SAME DIRECTION","RAIN","DARK - NOT LIGHTED","MM 219 0 I 40","NASHVILLE","HERMIT",36.15618,-86.62879,"MOTOR VEHICLE IN TRANSPORT","37214","2020","December","Winter","07","Saturday","Weekend","No Injuries","No Fatalities"
9.98050289555268e-314,2020-12-12 08:46:00,1,0,0,NA,"N","NOT COLLISION W/MOTOR VEHICLE-TRANSPORT","RAIN","DARK - LIGHTED","MM 211 2 I 40","NASHVILLE","HERMIT",36.15285,-86.75536,"GUARDRAIL FACE","37210","2020","December","Winter","08","Saturday","Weekend","No Injuries","No Fatalities"
9.9805029153153e-314,2020-12-12 09:08:00,1,0,0,NA,"N","NOT COLLISION W/MOTOR VEHICLE-TRANSPORT","RAIN","DARK - LIGHTED","0 I 24","NASHVILLE","SOUTH",36.01516,-86.62028,"GUARDRAIL FACE","37211","2020","December","Winter","09","Saturday","Weekend","No Injuries","No Fatalities"
9.98050300572932e-314,2020-12-12 12:15:00,1,0,0,NA,"N","NOT COLLISION W/MOTOR VEHICLE-TRANSPORT","RAIN","DAWN","MM 88 7 I 65","NASHVILLE","MADISO",36.22644,-86.77401,"GUARDRAIL FACE","37207","2020","December","Winter","12","Saturday","Weekend","No Injuries","No Fatalities"
9.98050301561063e-314,2020-12-12 12:57:00,1,0,0,NA,"N","NOT COLLISION W/MOTOR VEHICLE-TRANSPORT","RAIN","DAYLIGHT","ELLINGTON PKWYS & I65 S EXT RAMP","NASHVILLE","EAST",36.2345,-86.7463,"CONCRETE TRAFFIC BARRIER","37216","2020","December","Winter","12","Saturday","Weekend","No Injuries","No Fatalities"
9.98050303784358e-314,2020-12-12 06:00:00,1,0,0,NA,"Y","NOT COLLISION W/MOTOR VEHICLE-TRANSPORT","RAIN","DARK - NOT LIGHTED","5158 LINBAR DR","NASHVILLE","SOUTH",36.07449,-86.69365,"DITCH","37211","2020","December","Winter","06","Saturday","Weekend","No Injuries","No Fatalities"
9.98050433031931e-314,2020-12-14 01:50:00,2,0,0,NA,"Y","SIDESWIPE - SAME DIRECTION","RAIN","DARK - LIGHTED","LAFAYETTE ST & 4TH AVS","NASHVILLE","CENTRA",36.15177,-86.77118,"MOTOR VEHICLE IN TRANSPORT","37210","2020","December","Winter","01","Monday","Weekday","No Injuries","No Fatalities"
9.98050433427184e-314,2020-12-14 03:04:00,1,1,0,NA,"N","UNKNOWN","RAIN","DARK - LIGHTED","MM 207 7 I 40","NASHVILLE","NORTH",36.17279,-86.80197,"UNKNOWN MOST HARMFUL EVENT","37208","2020","December","Winter","03","Monday","Weekday","Injuries","No Fatalities"
9.98050433921249e-314,2020-12-14 03:21:00,2,0,0,NA,"N","ANGLE","RAIN","DARK - NOT LIGHTED","MM 52 8 I 24","NASHVILLE","SOUTH",36.12154,-86.72733,"MOTOR VEHICLE IN TRANSPORT;EMBANKMENT ROCK/STONE/CONCRETE","37210","2020","December","Winter","03","Monday","Weekday","No Injuries","No Fatalities"
9.98050437478522e-314,2020-12-14 04:29:00,1,0,0,NA,"N","NOT COLLISION W/MOTOR VEHICLE-TRANSPORT","RAIN","DARK - NOT LIGHTED","MM 200 0 I 40","NASHVILLE","WEST",36.1197,-86.91222,"CONCRETE TRAFFIC BARRIER","37209","2020","December","Winter","04","Monday","Weekday","No Injuries","No Fatalities"
9.98050440936982e-314,2020-12-13 06:00:00,1,0,0,NA,"Y","NOT COLLISION W/MOTOR VEHICLE-TRANSPORT","RAIN","DARK - LIGHTED","800 BOSCOBEL ST","NASHVILLE","EAST",36.17136,-86.75581,"CURB;FENCE;WALL","37206","2020","December","Winter","06","Sunday","Weekend","No Injuries","No Fatalities"
9.9805044152986e-314,2020-12-14 05:25:00,1,0,0,NA,"Y","NOT COLLISION W/MOTOR VEHICLE-TRANSPORT","RAIN","DARK - LIGHTED","MM 92 9 I 65","MADISON","MADISO",36.2743,-86.73573,"GUARDRAIL FACE","37115","2020","December","Winter","05","Monday","Weekday","No Injuries","No Fatalities"
9.98050441579267e-314,2020-12-14 05:33:00,2,0,0,NA,"Y","Front to Rear","RAIN","DARK - LIGHTED","MM 46 8 I 24","NASHVILLE","EAST",36.1906,-86.77542,"MOTOR VEHICLE IN TRANSPORT","37207","2020","December","Winter","05","Monday","Weekday","No Injuries","No Fatalities"
9.98050442715618e-314,2020-12-13 06:00:00,3,4,0,NA,"N","NOT COLLISION W/MOTOR VEHICLE-TRANSPORT","RAIN","DARK - LIGHTED","MM 87 3 I 65","NASHVILLE","EAST",36.20682,-86.77644,"MOTOR VEHICLE IN TRANSPORT;CONCRETE TRAFFIC BARRIER","37207","2020","December","Winter","06","Sunday","Weekend","Injuries","No Fatalities"
9.98050443012057e-314,2020-12-14 06:45:00,1,0,0,NA,"N","NOT COLLISION W/MOTOR VEHICLE-TRANSPORT","RAIN","DARK - NOT LIGHTED","THUNDERBIRD DR & MARAUDER DR","NASHVILLE","WEST",36.14266,-86.88545,"OTHER FIXED OBJECTS","37209","2020","December","Winter","06","Monday","Weekday","No Injuries","No Fatalities"
9.98050444346035e-314,2020-12-14 05:58:00,2,0,0,NA,"Y","HEAD-ON","RAIN","DARK - NOT LIGHTED","4TH AVN & UNION ST","NASHVILLE","CENTRA",36.16505,-86.77983,"MOTOR VEHICLE IN TRANSPORT","37219","2020","December","Winter","05","Monday","Weekday","No Injuries","No Fatalities"
9.98050444543661e-314,2020-12-14 06:28:00,1,2,0,NA,"N","NOT COLLISION W/MOTOR VEHICLE-TRANSPORT","RAIN","DARK - LIGHTED","MM 203 2 I 40","NASHVILLE","WEST",36.15003,-86.87083,"WALL","37209","2020","December","Winter","06","Monday","Weekday","Injuries","No Fatalities"
9.98049439959983e-314,2020-12-04 00:27:00,2,0,0,NA,"Y","SIDESWIPE - SAME DIRECTION","RAIN","DARK - LIGHTED","EAST THOMPSON LN & BROWNING RD","NASHVILLE","SOUTH",36.12136,-86.7179,"MOTOR VEHICLE IN TRANSPORT","37217","2020","December","Winter","00","Friday","Weekday","No Injuries","No Fatalities"
9.98049442430311e-314,2020-12-04 01:08:00,2,0,0,NA,"N","UNKNOWN","RAIN","DARK - LIGHTED","BRILEY PKWY W EXT RAMP & KINSINGTON DR","MADISON","MADISO",36.23776,-86.73336,"MOTOR VEHICLE IN TRANSPORT","37115","2020","December","Winter","01","Friday","Weekday","No Injuries","No Fatalities"
9.98049443863102e-314,2020-12-04 01:24:00,1,0,1,NA,"N","NOT COLLISION W/MOTOR VEHICLE-TRANSPORT","RAIN","DARK - LIGHTED","MM 219 6 I 40","HERMITAGE","HERMIT",36.16161,-86.62003,"PEDESTRIAN","37076","2020","December","Winter","01","Friday","Weekday","No Injuries","With Fatalities"
9.9804944633343e-314,2020-12-04 01:41:00,2,0,0,NA,"N","ANGLE","RAIN","DARK - LIGHTED","NOLENSVILLE PKE & THOMPSON LN","NASHVILLE","SOUTH",36.11094,-86.74522,"MOTOR VEHICLE IN TRANSPORT","37211","2020","December","Winter","01","Friday","Weekday","No Injuries","No Fatalities"
9.98049448260286e-314,2020-12-04 01:48:00,2,0,0,NA,"N","ANGLE","RAIN","DARK - LIGHTED","MURFREESBORO PKE & ELM HILL PKE","NASHVILLE","SOUTH",36.14462,-86.74984,"MOTOR VEHICLE IN TRANSPORT","37210","2020","December","Winter","01","Friday","Weekday","No Injuries","No Fatalities"
9.98049448309693e-314,2020-12-04 01:50:00,2,0,0,NA,"Y","SIDESWIPE - SAME DIRECTION","RAIN","DARK - LIGHTED","MM 1 7 I 440","NASHVILLE","NORTH",36.15361,-86.82257,"MOTOR VEHICLE IN TRANSPORT","37209","2020","December","Winter","01","Friday","Weekday","No Injuries","No Fatalities"
9.98049458289819e-314,2020-12-04 00:30:00,2,0,0,NA,"N","ANGLE","RAIN","DARK - LIGHTED","CHARLOTTE AV & 45TH AVN","NASHVILLE","WEST",36.15224,-86.84091,"MOTOR VEHICLE IN TRANSPORT","37209","2020","December","Winter","00","Friday","Weekday","No Injuries","No Fatalities"
9.98049469653328e-314,2020-12-04 06:00:00,1,0,0,NA,"Y","UNKNOWN","RAIN","DARK - LIGHTED","MM 211 5 I 40","NASHVILLE","HERMIT",36.15103,-86.75073,"UNKNOWN MOST HARMFUL EVENT","37210","2020","December","Winter","06","Friday","Weekday","No Injuries","No Fatalities"
9.98049473457634e-314,2020-12-04 08:12:00,2,0,0,NA,"Y","ANGLE","RAIN","DARK - LIGHTED","MM 48 1 I 24","NASHVILLE","EAST",36.17466,-86.77117,"MOTOR VEHICLE IN TRANSPORT","37206","2020","December","Winter","08","Friday","Weekday","No Injuries","No Fatalities"
9.98049478348884e-314,2020-12-04 09:15:00,1,1,0,NA,"N","NOT COLLISION W/MOTOR VEHICLE-TRANSPORT","RAIN","DARK - LIGHTED","CHARLOTTE PKE & OLD CHARLOTTE PKE","NASHVILLE","WEST",36.1326,-86.89353,"TREE","37209","2020","December","Winter","09","Friday","Weekday","Injuries","No Fatalities"
9.98049493121447e-314,2020-12-04 06:00:00,1,0,0,NA,"Y","NOT COLLISION W/MOTOR VEHICLE-TRANSPORT","RAIN","UNKNOWN","OLD HERMITAGE AV & MAURY ST","NASHVILLE","HERMIT",36.15407,-86.75959,"UTILITY POLE","37210","2020","December","Winter","06","Friday","Weekday","No Injuries","No Fatalities"
9.98051012274494e-314,2020-12-20 00:17:00,2,2,0,NA,"Y","SIDESWIPE - SAME DIRECTION","RAIN","DARK - NOT LIGHTED","MM 200 9 I 40","NASHVILLE","WEST",36.12836,-86.90072,"MOTOR VEHICLE IN TRANSPORT","37209","2020","December","Winter","00","Sunday","Weekend","Injuries","No Fatalities"
9.98051015436515e-314,2020-12-20 01:06:00,2,1,0,NA,"N","Front to Rear","RAIN","DARK - LIGHTED","RECOVERY RD & HARDING PL","NASHVILLE","SOUTH",36.0804,-86.71793,"MOTOR VEHICLE IN TRANSPORT","37211","2020","December","Winter","01","Sunday","Weekend","Injuries","No Fatalities"
9.98051020278358e-314,2020-12-20 02:15:00,2,0,0,NA,"N","Front to Rear","RAIN","DARK - LIGHTED","GALLATIN PKE & JOYCE LN","NASHVILLE","EAST",36.23356,-86.72482,"MOTOR VEHICLE IN TRANSPORT","37216","2020","December","Winter","02","Sunday","Weekend","No Injuries","No Fatalities"
9.98051023045126e-314,2020-12-20 03:01:00,1,1,0,NA,"N","NOT COLLISION W/MOTOR VEHICLE-TRANSPORT","RAIN","DARK - NOT LIGHTED","0 DOVERSIDE DR","NASHVILLE","MADISO",36.24378,-86.76277,"PEDESTRIAN","37207","2020","December","Winter","03","Sunday","Weekend","Injuries","No Fatalities"
9.98051026602398e-314,2020-12-20 03:45:00,2,2,0,NA,"N","ANGLE","RAIN","DARK - NOT LIGHTED","EXIT 212 & I 40","NASHVILLE","HERMIT",36.14868,-86.74636,"MOTOR VEHICLE IN TRANSPORT","37210","2020","December","Winter","03","Sunday","Weekend","Injuries","No Fatalities"
9.98051029813825e-314,2020-12-20 04:35:00,1,0,0,NA,"N","NOT COLLISION W/MOTOR VEHICLE-TRANSPORT","RAIN","DARK - NOT LIGHTED","MM 193 6 I 40","NASHVILLE","WEST",36.07778,-86.99983,"GUARDRAIL FACE","37221","2020","December","Winter","04","Sunday","Weekend","No Injuries","No Fatalities"
9.98051032432373e-314,2020-12-20 05:19:00,3,0,0,NA,"Y","SIDESWIPE - SAME DIRECTION","RAIN","DARK - LIGHTED","I65 N EXT RAMP & I 65","NASHVILLE","EAST",36.20366,-86.77654,"MOTOR VEHICLE IN TRANSPORT","37207","2020","December","Winter","05","Sunday","Weekend","No Injuries","No Fatalities"
9.98051032481779e-314,2020-12-20 05:22:00,1,0,0,NA,"N","NOT COLLISION W/MOTOR VEHICLE-TRANSPORT","RAIN","DARK - LIGHTED","MM 48 1 I 24","NASHVILLE","EAST",36.1744,-86.77095,"GUARDRAIL FACE","37206","2020","December","Winter","05","Sunday","Weekend","No Injuries","No Fatalities"
9.98051033321691e-314,2020-12-20 05:28:00,2,1,0,NA,"N","Front to Rear","RAIN","DARK - LIGHTED","I40 E ENT RAMP & I 40","NASHVILLE","WEST",36.15274,-86.85449,"MOTOR VEHICLE IN TRANSPORT","37205","2020","December","Winter","05","Sunday","Weekend","Injuries","No Fatalities"
9.980510386576e-314,2020-12-20 06:55:00,1,0,0,NA,"N","NOT COLLISION W/MOTOR VEHICLE-TRANSPORT","RAIN","DARK - LIGHTED","I40 W ENT RAMP & I 40","NASHVILLE","HERMIT",36.16798,-86.81658,"OTHER POST, POLE, SUPP.;CURB","37210","2020","December","Winter","06","Sunday","Weekend","No Injuries","No Fatalities"
9.98051049032978e-314,2020-12-20 10:10:00,1,0,0,NA,"N","NOT COLLISION W/MOTOR VEHICLE-TRANSPORT","RAIN","DARK - LIGHTED","200 3RD AVN","NASHVILLE","CENTRA",36.16702,-86.77944,"CURB","37201","2020","December","Winter","10","Sunday","Weekend","No Injuries","No Fatalities"
9.98051053479569e-314,2020-12-20 11:39:00,1,0,0,NA,"N","NOT COLLISION W/MOTOR VEHICLE-TRANSPORT","RAIN","DARK - NOT LIGHTED","BRILEY PKWYW & BRILEY PKWYE","NASHVILLE","NORTH",36.23257,-86.82559,"GUARDRAIL FACE;WALL","37218","2020","December","Winter","11","Sunday","Weekend","No Injuries","No Fatalities"
9.9805105491236e-314,2020-12-20 11:42:00,1,0,0,NA,"Y","NOT COLLISION W/MOTOR VEHICLE-TRANSPORT","RAIN","DAWN","1341 CHEYENNE BLVD","MADISON","MADISO",36.24368,-86.67117,"UTILITY POLE;MAIL BOX","37115","2020","December","Winter","11","Sunday","Weekend","No Injuries","No Fatalities"
9.98508017117516e-314,2021-01-15 05:25:00,1,0,0,NA,"Y","NOT COLLISION W/MOTOR VEHICLE-TRANSPORT","RAIN","DARK - LIGHTED","GLENCLIFF RD & NEESE DR","NASHVILLE","SOUTH",36.1071,-86.72065,"GUARDRAIL FACE","37211","2021","January","Winter","05","Friday","Weekday","No Injuries","No Fatalities"
9.98508022008766e-314,2021-01-15 06:38:00,2,0,0,NA,"Y","ANGLE","RAIN","DARK - LIGHTED","HIGHWAY 70S & OLD HICKORY BLVD","NASHVILLE","WEST",36.07396,-86.92139,"MOTOR VEHICLE IN TRANSPORT;PARKED MOTOR VEHICLE","37205","2021","January","Winter","06","Friday","Weekday","No Injuries","No Fatalities"