"Accident.Number","Date.and.Time","Number.of.Motor.Vehicles","Number.of.Injuries","Number.of.Fatalities","Property.Damage","Hit.and.Run","Collision.Type.Description","Weather.Description","Illumination.Description","Street.Address","City","Precinct","Latitude","Longitude","HarmfulDescriptions","Zip.Code","Year","Month","Season","Hour","Weekday","DayType","Accident","Fatality_category"
9.98508035101506e-314,2021-01-15 11:15:00,1,0,0,NA,"N","NOT COLLISION W/MOTOR VEHICLE-TRANSPORT","RAIN","DARK - LIGHTED","ANTIOCH PKE & HAYWOOD LN","ANTIOCH","SOUTH",36.07029,-86.68454,"CONCRETE TRAFFIC BARRIER","37013","2021","January","Winter","11","Friday","Weekday","No Injuries","No Fatalities"
9.98508100219358e-314,2021-01-16 00:08:00,3,0,0,NA,"N","Front to Rear","RAIN","DARK - LIGHTED","MURFREESBORO PKE & RURAL HILL RD","ANTIOCH","SOUTH",36.07337,-86.6376,"MOTOR VEHICLE IN TRANSPORT","37013","2021","January","Winter","00","Saturday","Weekend","No Injuries","No Fatalities"
9.9850810105927e-314,2021-01-16 00:20:00,2,0,0,NA,"N","ANGLE","RAIN","DARK - LIGHTED","HICKORY HOLLOW PKWY & CROSSINGS BLVD","ANTIOCH","SOUTH",36.04447,-86.65097,"MOTOR VEHICLE IN TRANSPORT","37013","2021","January","Winter","00","Saturday","Weekend","No Injuries","No Fatalities"
9.98508105703487e-314,2021-01-16 01:53:00,2,0,0,NA,"N","ANGLE","RAIN","DARK - LIGHTED","RANSOM PL & MURFREESBORO PKE","NASHVILLE","SOUTH",36.08907,-86.64999,"MOTOR VEHICLE IN TRANSPORT","37217","2021","January","Winter","01","Saturday","Weekend","No Injuries","No Fatalities"
9.98508602041835e-314,2021-01-21 04:57:00,1,0,0,NA,"N","NOT COLLISION W/MOTOR VEHICLE-TRANSPORT","RAIN","DARK - LIGHTED","MAIN ST & N 8TH ST","NASHVILLE","EAST",36.17536,-86.75883,"CURB","37206","2021","January","Winter","04","Thursday","Weekday","No Injuries","No Fatalities"
9.98508608563501e-314,2021-01-21 05:50:00,1,0,0,NA,"Y","NOT COLLISION W/MOTOR VEHICLE-TRANSPORT","RAIN","DARK - LIGHTED","IDLEWILD AV & HARRINGTON AV","MADISON","MADISO",36.25666,-86.70722,"UTILITY POLE","37115","2021","January","Winter","05","Thursday","Weekday","No Injuries","No Fatalities"
9.98508620075231e-314,2021-01-21 09:10:00,2,0,0,NA,"N","ANGLE","RAIN","DARK - LIGHTED","MM 52 7 I 24","NASHVILLE","SOUTH",36.12272,-86.72742,"MOTOR VEHICLE IN TRANSPORT;CONCRETE TRAFFIC BARRIER","37210","2021","January","Winter","09","Thursday","Weekday","No Injuries","No Fatalities"
9.98508622249119e-314,2021-01-21 09:01:00,2,0,0,NA,"Y","REAR-TO-REAR","RAIN","DARK - LIGHTED","TAMPA DR & SPARTAN DR","NASHVILLE","SOUTH",36.08427,-86.71151,"PARKED MOTOR VEHICLE","37211","2021","January","Winter","09","Thursday","Weekday","No Injuries","No Fatalities"
9.98508623089031e-314,2021-01-21 10:12:00,2,0,0,NA,"Y","SIDESWIPE - SAME DIRECTION","RAIN","DARK - LIGHTED","I24 W EXT RAMP & I 24","NASHVILLE","SOUTH",36.13493,-86.72537,"MOTOR VEHICLE IN TRANSPORT","37211","2021","January","Winter","10","Thursday","Weekday","No Injuries","No Fatalities"
9.98508625361733e-314,2021-01-21 11:17:00,1,0,0,NA,"N","NOT COLLISION W/MOTOR VEHICLE-TRANSPORT","RAIN","DARK - NOT LIGHTED","CHARLOTTE PKE & BREWBOCK CT","NASHVILLE","WEST",36.09707,-86.96789,"DEER (ANIMAL)","37221","2021","January","Winter","11","Thursday","Weekday","No Injuries","No Fatalities"
9.98508626547491e-314,2021-01-21 11:40:00,3,2,0,NA,"N","Front to Rear","RAIN","DARK - NOT LIGHTED","MM 59 8 I 24","ANTIOCH","SOUTH",36.04196,-86.65349,"MOTOR VEHICLE IN TRANSPORT","37013","2021","January","Winter","11","Thursday","Weekday","Injuries","No Fatalities"
9.98508627634435e-314,2021-01-21 12:10:00,2,0,0,NA,"N","SIDESWIPE - SAME DIRECTION","RAIN","DAYLIGHT","MM 58 4 I 24","ANTIOCH","SOUTH",36.05365,-86.67283,"MOTOR VEHICLE IN TRANSPORT","37013","2021","January","Winter","12","Thursday","Weekday","No Injuries","No Fatalities"
9.98508628177907e-314,2021-01-21 11:00:00,2,0,0,NA,"N","SIDESWIPE - SAME DIRECTION","RAIN","DARK - LIGHTED","MM 51 4 I 24","NASHVILLE","HERMIT",36.13855,-86.72815,"MOTOR VEHICLE IN TRANSPORT","37210","2021","January","Winter","11","Thursday","Weekday","No Injuries","No Fatalities"
9.98508628523753e-314,2021-01-21 12:30:00,2,1,0,NA,"N","SIDESWIPE - SAME DIRECTION","RAIN","DAYLIGHT","MM 91 7 I 65","MADISON","MADISO",36.257,-86.73828,"MOTOR VEHICLE IN TRANSPORT","37115","2021","January","Winter","12","Thursday","Weekday","Injuries","No Fatalities"
9.98508628919006e-314,2021-01-21 12:45:00,1,0,0,NA,"N","NOT COLLISION W/MOTOR VEHICLE-TRANSPORT","RAIN","DAWN","MM 61 0 I 24","ANTIOCH","SOUTH",36.03026,-86.63844,"CONCRETE TRAFFIC BARRIER;Ran Off Road-Left","37013","2021","January","Winter","12","Thursday","Weekday","No Injuries","No Fatalities"
9.98508629610698e-314,2021-01-21 12:23:00,2,0,0,NA,"Y","Front to Rear","RAIN","DAYLIGHT","MM 60 7 I 24","ANTIOCH","SOUTH",36.03257,-86.64102,"MOTOR VEHICLE IN TRANSPORT","37013","2021","January","Winter","12","Thursday","Weekday","No Injuries","No Fatalities"
9.98508630055357e-314,2021-01-21 12:45:00,1,0,0,NA,"N","UNKNOWN","RAIN","DARK - NOT LIGHTED","BUENA VISTA PKE & W TRINITY LN","NASHVILLE","NORTH",36.2025,-86.82048,"UNKNOWN MOST HARMFUL EVENT","37218","2021","January","Winter","12","Thursday","Weekday","No Injuries","No Fatalities"
9.98508952235564e-314,2021-01-24 06:00:00,5,1,0,NA,"N","Front to Rear","RAIN","DAYLIGHT","GALLATIN PKES & LAKEWOOD DR","MADISON","MADISO",36.24433,-86.72256,"MOTOR VEHICLE IN TRANSPORT","37115","2021","January","Winter","06","Sunday","Weekend","Injuries","No Fatalities"
9.98508959152483e-314,2021-01-25 00:07:00,2,0,0,NA,"N","ANGLE","RAIN","DARK - NOT LIGHTED","ROOSEVELT AV & DELAWARE AV","MADISON","MADISO",36.27043,-86.70311,"MOTOR VEHICLE IN TRANSPORT","37115","2021","January","Winter","00","Monday","Weekday","No Injuries","No Fatalities"
9.98508960190021e-314,2021-01-25 00:20:00,2,0,0,NA,"N","Front to Rear","RAIN","DARK - NOT LIGHTED","ANTIOCH PKE & HAYWOOD LN","ANTIOCH","SOUTH",36.0703,-86.68454,"MOTOR VEHICLE IN TRANSPORT","37013","2021","January","Winter","00","Monday","Weekday","No Injuries","No Fatalities"
9.98508961474592e-314,2021-01-25 00:30:00,1,0,0,NA,"Y","NOT COLLISION W/MOTOR VEHICLE-TRANSPORT","RAIN","DARK - LIGHTED","DUKE ST & SULTANA AV","NASHVILLE","EAST",36.20732,-86.7648,"MAIL BOX;Ran Off Road-Right","37207","2021","January","Winter","00","Monday","Weekday","No Injuries","No Fatalities"
9.98508967699819e-314,2021-01-25 02:15:00,2,1,0,NA,"Y","Front to Rear","RAIN","DARK - NOT LIGHTED","BLUE HOLE RD & PETTUS RD","ANTIOCH","SOUTH",36.02834,-86.67269,"MOTOR VEHICLE IN TRANSPORT","37013","2021","January","Winter","02","Monday","Weekday","Injuries","No Fatalities"
9.98508969330236e-314,2021-01-24 06:00:00,2,1,0,NA,"N","ANGLE","RAIN","DARK - LIGHTED","BLACKMAN RD & OVERCREST DR","NASHVILLE","MIDTOW",36.07393,-86.73494,"MOTOR VEHICLE IN TRANSPORT","37211","2021","January","Winter","06","Sunday","Weekend","Injuries","No Fatalities"
9.985089705654e-314,2021-01-25 03:07:00,1,1,0,NA,"N","NOT COLLISION W/MOTOR VEHICLE-TRANSPORT","RAIN","DARK - LIGHTED","ELM HILL PKE & APPLETON DR","NASHVILLE","HERMIT",36.14875,-86.70356,"UTILITY POLE","37210","2021","January","Winter","03","Monday","Weekday","Injuries","No Fatalities"
9.98508972245223e-314,2021-01-25 03:37:00,2,1,0,NA,"N","ANGLE","RAIN","DARK - LIGHTED","WOODMONT BLVD & GRANNY WHITE PKE","NASHVILLE","MIDTOW",36.11165,-86.79281,"MOTOR VEHICLE IN TRANSPORT","37204","2021","January","Winter","03","Monday","Weekday","Injuries","No Fatalities"
9.98508979755021e-314,2021-01-25 06:10:00,2,0,0,NA,"Y","Front to Rear","RAIN","DARK - LIGHTED","S 5TH ST & SPRING ST","NASHVILLE","EAST",36.17284,-86.76534,"MOTOR VEHICLE IN TRANSPORT","37206","2021","January","Winter","06","Monday","Weekday","No Injuries","No Fatalities"
9.98508985832028e-314,2021-01-25 08:05:00,2,0,0,NA,"Y","OTHER","RAIN","DARK - LIGHTED","N 2ND ST & BERRY ST","NASHVILLE","EAST",36.18164,-86.77162,"PARKED MOTOR VEHICLE","37207","2021","January","Winter","08","Monday","Weekday","No Injuries","No Fatalities"
9.98508986622533e-314,2021-01-25 08:27:00,1,1,0,NA,"N","NOT COLLISION W/MOTOR VEHICLE-TRANSPORT","RAIN","DARK - LIGHTED","MM 210 6 I 40","NASHVILLE","HERMIT",36.15273,-86.766,"PEDESTRIAN","37210","2021","January","Winter","08","Monday","Weekday","Injuries","No Fatalities"
9.98508988203543e-314,2021-01-25 08:50:00,1,2,0,NA,"N","NOT COLLISION W/MOTOR VEHICLE-TRANSPORT","RAIN","DARK - LIGHTED","MM 86 5 I 65","NASHVILLE","NORTH",36.19528,-86.77557,"EMBANKMENT EARTH","37207","2021","January","Winter","08","Monday","Weekday","Injuries","No Fatalities"
9.985089931442e-314,2021-01-25 11:05:00,5,0,0,NA,"N","Front to Rear","RAIN","DARK - LIGHTED","MM 55 4 I 24","NASHVILLE","SOUTH",36.09012,-86.70312,"MOTOR VEHICLE IN TRANSPORT","37211","2021","January","Winter","11","Monday","Weekday","No Injuries","No Fatalities"
9.98508995416902e-314,2021-01-25 12:07:00,1,1,0,NA,"N","NOT COLLISION W/MOTOR VEHICLE-TRANSPORT","RAIN","DARK - LIGHTED","WEDGEWOOD AV & BLAKEMORE AV","NASHVILLE","MIDTOW",36.13757,-86.80076,"PEDESTRIAN","37212","2021","January","Winter","12","Monday","Weekday","Injuries","No Fatalities"
9.98508995713341e-314,2021-01-25 12:00:00,3,1,0,NA,"N","ANGLE","RAIN","DAYLIGHT","MM 79 5 I 65","NASHVILLE","MIDTOW",36.10594,-86.76788,"MOTOR VEHICLE IN TRANSPORT","37204","2021","January","Winter","12","Monday","Weekday","Injuries","No Fatalities"
9.98509000555184e-314,2021-01-25 12:32:00,2,0,0,NA,"Y","SIDESWIPE - SAME DIRECTION","RAIN","DAYLIGHT","BELL RD & COLLINS PARK DR","ANTIOCH","SOUTH",36.04685,-86.65686,"MOTOR VEHICLE IN TRANSPORT","37013","2021","January","Winter","12","Monday","Weekday","No Injuries","No Fatalities"
9.98509034299868e-314,2021-01-25 10:55:00,3,0,0,NA,"Y","ANGLE","RAIN","DARK - LIGHTED","POLK AV & NOLENSVILLE PKE","NASHVILLE","SOUTH",36.13023,-86.75473,"PARKED MOTOR VEHICLE","37210","2021","January","Winter","10","Monday","Weekday","No Injuries","No Fatalities"
9.98509054161307e-314,2021-01-26 01:12:00,2,0,0,NA,"N","Front to Rear","RAIN","DARK - NOT LIGHTED","MM 57 7 I 24","ANTIOCH","SOUTH",36.06194,-86.68191,"MOTOR VEHICLE IN TRANSPORT;CONCRETE TRAFFIC BARRIER","37013","2021","January","Winter","01","Tuesday","Weekday","No Injuries","No Fatalities"
9.98509055643504e-314,2021-01-25 06:00:00,1,0,0,NA,"N","NOT COLLISION W/MOTOR VEHICLE-TRANSPORT","RAIN","DARK - NOT LIGHTED","I24 W EXT RAMP & I 24","NASHVILLE","SOUTH",36.06755,-86.68724,"OTHER OBJECT (NOT FIXED)","37211","2021","January","Winter","06","Monday","Weekday","No Injuries","No Fatalities"
9.98509055791724e-314,2021-01-26 01:30:00,1,0,0,NA,"N","NOT COLLISION W/MOTOR VEHICLE-TRANSPORT","RAIN","DARK - LIGHTED","MM 58 7 I 24","ANTIOCH","SOUTH",36.05136,-86.66915,"CONCRETE TRAFFIC BARRIER","37013","2021","January","Winter","01","Tuesday","Weekday","No Injuries","No Fatalities"
9.98509056730448e-314,2021-01-26 01:08:00,1,0,0,NA,"N","NOT COLLISION W/MOTOR VEHICLE-TRANSPORT","RAIN","DARK - NOT LIGHTED","S CURTISWOOD LN & CURTISWOOD CIR","NASHVILLE","MIDTOW",36.09298,-86.77821,"CULVERT","37204","2021","January","Winter","01","Tuesday","Weekday","No Injuries","No Fatalities"
9.98509056779855e-314,2021-01-26 01:43:00,1,1,0,NA,"N","NOT COLLISION W/MOTOR VEHICLE-TRANSPORT","RAIN","DARK - LIGHTED","MM 209 0 I 40","NASHVILLE","CENTRA",36.1583,-86.79111,"CONCRETE TRAFFIC BARRIER","37203","2021","January","Winter","01","Tuesday","Weekday","Injuries","No Fatalities"
9.98509057372734e-314,2021-01-26 01:49:00,1,0,0,NA,"N","NOT COLLISION W/MOTOR VEHICLE-TRANSPORT","RAIN","DARK - NOT LIGHTED","DUE WEST AVN & DUE WEST AV N PVTDR","MADISON","MADISO",36.25538,-86.75296,"DITCH","37115","2021","January","Winter","01","Tuesday","Weekday","No Injuries","No Fatalities"
9.98509059941875e-314,2021-01-26 02:29:00,1,0,0,NA,"N","NOT COLLISION W/MOTOR VEHICLE-TRANSPORT","RAIN","DARK - NOT LIGHTED","EDGE O LAKE DR & RICE RD","ANTIOCH","SOUTH",36.07243,-86.64692,"TREE","37013","2021","January","Winter","02","Tuesday","Weekday","No Injuries","No Fatalities"
9.98509060386534e-314,2021-01-26 01:20:00,2,0,0,NA,"Y","Front to Rear","RAIN","DARK - LIGHTED","MM 208 2 I 40","NASHVILLE","NORTH",36.16746,-86.79574,"MOTOR VEHICLE IN TRANSPORT","37208","2021","January","Winter","01","Tuesday","Weekday","No Injuries","No Fatalities"
9.9850906073238e-314,2021-01-26 02:36:00,2,2,0,NA,"N","SIDESWIPE - SAME DIRECTION","RAIN","DARK - LIGHTED","MURFREESBORO PKE & MOUNTAIN SPRINGS RD","ANTIOCH","SOUTH",36.04784,-86.61205,"MOTOR VEHICLE IN TRANSPORT","37013","2021","January","Winter","02","Tuesday","Weekday","Injuries","No Fatalities"
9.9850906404262e-314,2021-01-26 02:16:00,1,1,0,NA,"N","NOT COLLISION W/MOTOR VEHICLE-TRANSPORT","RAIN","DARK - LIGHTED","MM 79 7 I 65","NASHVILLE","MIDTOW",36.10975,-86.77011,"CONCRETE TRAFFIC BARRIER","37204","2021","January","Winter","02","Tuesday","Weekday","Injuries","No Fatalities"
9.98509064734312e-314,2021-01-25 06:00:00,1,0,0,NA,"N","NOT COLLISION W/MOTOR VEHICLE-TRANSPORT","RAIN","DARK - LIGHTED","MM 78 7 I 65","NASHVILLE","MIDTOW",36.09597,-86.76285,"CONCRETE TRAFFIC BARRIER","37204","2021","January","Winter","06","Monday","Weekday","No Injuries","No Fatalities"
9.98509073133428e-314,2021-01-26 06:07:00,2,1,0,NA,"N","ANGLE","RAIN","DARK - LIGHTED","STEAMBOAT DR & DELTA QUEEN DR","NASHVILLE","HERMIT",36.23664,-86.69756,"MOTOR VEHICLE IN TRANSPORT;IMPACT ATTENUATOR","37214","2021","January","Winter","06","Tuesday","Weekday","Injuries","No Fatalities"
9.98509268882237e-314,2021-01-28 01:13:00,2,1,2,NA,"N","ANGLE","RAIN","DARK - LIGHTED","STATE RT 45 & MYATT DR","MADISON","MADISO",36.26391,-86.6903,"MOTOR VEHICLE IN TRANSPORT","37115","2021","January","Winter","01","Thursday","Weekday","Injuries","With Fatalities"
9.98051907422632e-314,2020-12-31 03:20:00,2,0,0,NA,"N","ANGLE","RAIN","DARK - LIGHTED","FRANKLIN PKE & OLD HICKORY BLVD","BRENTWOOD","MIDTOW",36.0374,-86.78657,"MOTOR VEHICLE IN TRANSPORT","37027","2020","December","Winter","03","Thursday","Weekday","No Injuries","No Fatalities"
9.98507320731989e-314,2021-01-08 01:46:00,2,0,0,NA,"N","ANGLE","RAIN","DARK - LIGHTED","HARDING PKE & WOODLAWN DR","NASHVILLE","WEST",36.12727,-86.84433,"MOTOR VEHICLE IN TRANSPORT","37205","2021","January","Winter","01","Friday","Weekday","No Injuries","No Fatalities"
9.9805191147397e-314,2020-12-31 04:50:00,2,0,0,NA,"N","ANGLE","RAIN","DARK - LIGHTED","8TH AVS & LAFAYETTE ST","NASHVILLE","CENTRA",36.15452,-86.77926,"MOTOR VEHICLE IN TRANSPORT","37203","2020","December","Winter","04","Thursday","Weekday","No Injuries","No Fatalities"
9.98051911819816e-314,2020-12-31 04:30:00,2,0,0,NA,"Y","ANGLE","RAIN","DARK - LIGHTED","CHARLOTTE PKE & WHITE BRIDGE PKE","NASHVILLE","WEST",36.15015,-86.85795,"MOTOR VEHICLE IN TRANSPORT","37209","2020","December","Winter","04","Thursday","Weekday","No Injuries","No Fatalities"
9.98051913499639e-314,2020-12-31 05:18:00,2,0,0,NA,"N","NOT COLLISION W/MOTOR VEHICLE-TRANSPORT","RAIN","DARK - LIGHTED","MM 48 3 I 24","NASHVILLE","CENTRA",36.17174,-86.76844,"MOTOR VEHICLE IN TRANSPORT;CONCRETE TRAFFIC BARRIER","37213","2020","December","Winter","05","Thursday","Weekday","No Injuries","No Fatalities"
9.98051918835548e-314,2020-12-31 06:00:00,1,1,0,NA,"N","NOT COLLISION W/MOTOR VEHICLE-TRANSPORT","RAIN","DARK - LIGHTED","I 65 & UNKNOWN RAMP","NASHVILLE","EAST",36.26574,-86.73689,"CONCRETE TRAFFIC BARRIER;Ran Off Road-Left","37207","2020","December","Winter","06","Thursday","Weekday","Injuries","No Fatalities"
9.98051919823679e-314,2020-12-31 06:15:00,2,0,0,NA,"Y","Front to Rear","RAIN","DARK - LIGHTED","BUCHANAN ST & 12TH AVN","NASHVILLE","NORTH",36.18019,-86.80661,"MOTOR VEHICLE IN TRANSPORT","37208","2020","December","Winter","06","Thursday","Weekday","No Injuries","No Fatalities"
9.9805192096003e-314,2020-12-31 07:12:00,1,0,0,NA,"N","NOT COLLISION W/MOTOR VEHICLE-TRANSPORT","RAIN","DARK - LIGHTED","I440 W EXT RAMP & I 40","NASHVILLE","WEST",36.15906,-86.82174,"BRIDGE PIER/ABUTMENT;GUARDRAIL FACE;UTILITY POLE","37209","2020","December","Winter","07","Thursday","Weekday","No Injuries","No Fatalities"
9.98051924467896e-314,2020-12-31 07:40:00,2,0,0,NA,"Y","Front to Rear","RAIN","DARK - LIGHTED","HAMILTON CHURCH RD & BELL RIDGE TRC","ANTIOCH","SOUTH",36.06035,-86.63337,"MOTOR VEHICLE IN TRANSPORT","37013","2020","December","Winter","07","Thursday","Weekday","No Injuries","No Fatalities"
9.98052000949258e-314,2021-01-01 04:35:00,2,0,0,NA,"Y","Front to Rear","RAIN","DARK - LIGHTED","DEMONBREUN ST & 5TH AVS","NASHVILLE","CENTRA",36.15848,-86.77712,"MOTOR VEHICLE IN TRANSPORT","37203","2021","January","Winter","04","Friday","Weekday","No Injuries","No Fatalities"
9.98506673851838e-314,2021-01-01 06:30:00,2,0,0,NA,"N","NOT COLLISION W/MOTOR VEHICLE-TRANSPORT","RAIN","DARK - LIGHTED","OLD HICKORY BLVD & HICKORY VILLA DR","NASHVILLE","MIDTOW",36.0457,-86.72079,"","37211","2021","January","Winter","06","Friday","Weekday","No Injuries","No Fatalities"
9.98506679780626e-314,2021-01-01 07:50:00,2,1,0,NA,"N","Front to Rear","RAIN","DARK - LIGHTED","HARDING PL & METROPLEX DR","NASHVILLE","SOUTH",36.08686,-86.69595,"MOTOR VEHICLE IN TRANSPORT","37211","2021","January","Winter","07","Friday","Weekday","Injuries","No Fatalities"
9.98506679830033e-314,2021-01-01 06:25:00,1,0,0,NA,"Y","NOT COLLISION W/MOTOR VEHICLE-TRANSPORT","RAIN","DARK - LIGHTED","BELLSHIRE TERRACE DR & TUCKAHOE DR","NASHVILLE","MADISO",36.2582,-86.76437,"FENCE","37207","2021","January","Winter","06","Friday","Weekday","No Injuries","No Fatalities"
9.98506682547394e-314,2021-01-01 08:37:00,1,1,0,NA,"N","NOT COLLISION W/MOTOR VEHICLE-TRANSPORT","RAIN","DARK - LIGHTED","MM 209 7 I 40","NASHVILLE","CENTRA",36.14933,-86.78209,"UTILITY POLE","37203","2021","January","Winter","08","Friday","Weekday","Injuries","No Fatalities"
9.98506683584932e-314,2021-01-01 08:56:00,2,5,0,NA,"N","HEAD-ON","RAIN","DARK - LIGHTED","MURFREESBORO PKE & HARDING PL","NASHVILLE","HERMIT",36.09758,-86.65783,"MOTOR VEHICLE IN TRANSPORT","37217","2021","January","Winter","08","Friday","Weekday","Injuries","No Fatalities"
9.98506689711346e-314,2021-01-01 10:37:00,2,2,0,NA,"N","ANGLE","RAIN","DARK - LIGHTED","OLD HICKORY BLVD & THE RESERVE PVTDR","NASHVILLE","WEST",36.09088,-86.92124,"MOTOR VEHICLE IN TRANSPORT","37221","2021","January","Winter","10","Friday","Weekday","Injuries","No Fatalities"
9.98506692082861e-314,2021-01-01 10:38:00,2,0,0,NA,"Y","Front to Rear","RAIN","DARK - NOT LIGHTED","MM 53 1 I 24","NASHVILLE","SOUTH",36.11727,-86.72578,"MOTOR VEHICLE IN TRANSPORT","37210","2021","January","Winter","10","Friday","Weekday","No Injuries","No Fatalities"
9.98506694652002e-314,2021-01-01 12:39:00,1,0,0,NA,"Y","NOT COLLISION W/MOTOR VEHICLE-TRANSPORT","RAIN","DAYLIGHT","NOLENSVILLE PKE & APRIL LN","NASHVILLE","SOUTH",36.05734,-86.71595,"UTILITY POLE;Ran Off Road-Right","37211","2021","January","Winter","12","Friday","Weekday","No Injuries","No Fatalities"
9.98506695640133e-314,2021-01-01 06:00:00,1,0,0,NA,"Y","UNKNOWN","RAIN","UNKNOWN","OLD HICKORY BLVD & BLEVINS RD","WHITES CREEK","MADISO",36.2763,-86.80926,"UNKNOWN MOST HARMFUL EVENT","37189","2021","January","Winter","06","Friday","Weekday","No Injuries","No Fatalities"
9.98506696578858e-314,2021-01-01 12:50:00,1,1,0,NA,"N","NOT COLLISION W/MOTOR VEHICLE-TRANSPORT","RAIN","DARK - LIGHTED","THE OVERLOOK PVTDR & BELL RD","ANTIOCH","SOUTH",36.05677,-86.64279,"TREE","37013","2021","January","Winter","12","Friday","Weekday","Injuries","No Fatalities"
9.98506696924704e-314,2021-01-01 12:45:00,1,0,0,NA,"N","NOT COLLISION W/MOTOR VEHICLE-TRANSPORT","RAIN","DAYLIGHT","MM 193 5 I 40","NASHVILLE","WEST",36.0774,-87.00298,"OTHER OBJECT (NOT FIXED)","37221","2021","January","Winter","12","Friday","Weekday","No Injuries","No Fatalities"
9.98506697072924e-314,2021-01-01 11:20:00,1,0,0,NA,"Y","NOT COLLISION W/MOTOR VEHICLE-TRANSPORT","RAIN","DARK - LIGHTED","BELL RD & HICKORY HOLLOW PKWY","ANTIOCH","SOUTH",36.0477,-86.65568,"LUMINAIRE/LIGHT SUPPORT","37013","2021","January","Winter","11","Friday","Weekday","No Injuries","No Fatalities"
9.98510653352989e-314,2021-02-10 05:47:00,2,0,0,NA,"Y","Front to Rear","RAIN","DARK - LIGHTED","US HWY 70 & 14TH AVE","NASHVILLE","MIDTOW",36.15564,-86.78971,"MOTOR VEHICLE IN TRANSPORT","37203","2021","February","Winter","05","Wednesday","Weekday","No Injuries","No Fatalities"
9.98510678896183e-314,2021-02-10 11:59:00,1,0,0,NA,"N","NOT COLLISION W/MOTOR VEHICLE-TRANSPORT","RAIN","DAWN","KINGS LN & DRAKES BRANCH RD","NASHVILLE","NORTH",36.2172,-86.8495,"DEER (ANIMAL)","37218","2021","February","Winter","11","Wednesday","Weekday","No Injuries","No Fatalities"
9.98510680872446e-314,2021-02-10 12:09:00,3,0,0,NA,"N","Front to Rear","RAIN","DAWN","MM 37 6 I 24","WHITES CREEK","NORTH",36.31076,-86.82806,"MOTOR VEHICLE IN TRANSPORT","37189","2021","February","Winter","12","Wednesday","Weekday","No Injuries","No Fatalities"
9.98510680921853e-314,2021-02-10 12:50:00,2,0,0,NA,"N","Front to Rear","RAIN","DAYLIGHT","MM 35 7 I 24","WHITES CREEK","NORTH",36.32133,-86.85531,"MOTOR VEHICLE IN TRANSPORT","37189","2021","February","Winter","12","Wednesday","Weekday","No Injuries","No Fatalities"
9.98510750189856e-314,2021-02-11 00:56:00,2,0,0,NA,"Y","ANGLE","RAIN","DARK - LIGHTED","CHADWELL DR & S GRAYCROFT AV","MADISON","MADISO",36.25485,-86.73359,"MOTOR VEHICLE IN TRANSPORT","37115","2021","February","Winter","00","Thursday","Weekday","No Injuries","No Fatalities"
9.9851075789728e-314,2021-02-11 01:00:00,2,0,0,NA,"Y","ANGLE","RAIN","DARK - NOT LIGHTED","COLORADO AV & 40TH AVN","NASHVILLE","WEST",36.14191,-86.83375,"PARKED MOTOR VEHICLE","37209","2021","February","Winter","01","Thursday","Weekday","No Injuries","No Fatalities"
9.98510766839868e-314,2021-02-10 06:00:00,2,0,0,NA,"Y","SIDESWIPE - SAME DIRECTION","RAIN","DARK - LIGHTED","2ND AVS & I40 W EXT RAMP","NASHVILLE","CENTRA",36.15176,-86.76863,"MOTOR VEHICLE IN TRANSPORT","37210","2021","February","Winter","06","Wednesday","Weekday","No Injuries","No Fatalities"
9.98510770446548e-314,2021-02-10 06:00:00,2,0,0,NA,"N","HEAD-ON","RAIN","DARK - LIGHTED","NOLENSVILLE PKE & HARDING PL","NASHVILLE","SOUTH",36.0796,-86.72632,"MOTOR VEHICLE IN TRANSPORT","37211","2021","February","Winter","06","Wednesday","Weekday","No Injuries","No Fatalities"
9.98510774053227e-314,2021-02-11 04:20:00,1,0,0,NA,"Y","NOT COLLISION W/MOTOR VEHICLE-TRANSPORT","RAIN","DARK - NOT LIGHTED","MURFREESBORO PKE & OLD MURFREESBORO PKE","NASHVILLE","SOUTH",36.09959,-86.6609,"DITCH;Ran Off Road-Right;EMBANKMENT ROCK/STONE/CONCRETE","37217","2021","February","Winter","04","Thursday","Weekday","No Injuries","No Fatalities"
9.98510786701307e-314,2021-02-11 06:07:00,2,1,0,NA,"Y","ANGLE","RAIN","DARK - LIGHTED","CATHY JO DR & CATHY JO CIR","NASHVILLE","SOUTH",36.09398,-86.7195,"MOTOR VEHICLE IN TRANSPORT;UNKNOWN MOST HARMFUL EVENT","37211","2021","February","Winter","06","Thursday","Weekday","Injuries","No Fatalities"
9.98510810465865e-314,2021-02-11 06:00:00,2,1,0,NA,"N","ANGLE","RAIN","DARK - LIGHTED","NOLENSVILLE PKE & HAYWOOD LN","NASHVILLE","SOUTH",36.06821,-86.71912,"MOTOR VEHICLE IN TRANSPORT","37211","2021","February","Winter","06","Thursday","Weekday","Injuries","No Fatalities"
9.98510810564678e-314,2021-02-11 11:54:00,2,0,1,NA,"N","Front to Rear","RAIN","DARK - LIGHTED","MM 91 2 I 65","MADISON","MADISO",36.24995,-86.74133,"MOTOR VEHICLE IN TRANSPORT","37115","2021","February","Winter","11","Thursday","Weekday","No Injuries","With Fatalities"
9.98510810614085e-314,2021-02-11 11:04:00,1,1,0,NA,"N","NOT COLLISION W/MOTOR VEHICLE-TRANSPORT","RAIN","DARK - NOT LIGHTED","OLD HICKORY BLVD & PETTUS RD","ANTIOCH","SOUTH",36.00757,-86.66471,"UTILITY POLE;DITCH","37013","2021","February","Winter","11","Thursday","Weekday","Injuries","No Fatalities"