"Accident.Number","Date.and.Time","Number.of.Motor.Vehicles","Number.of.Injuries","Number.of.Fatalities","Property.Damage","Hit.and.Run","Collision.Type.Description","Weather.Description","Illumination.Description","Street.Address","City","Precinct","Latitude","Longitude","HarmfulDescriptions","Zip.Code","Year","Month","Season","Hour","Weekday","DayType","Accident","Fatality_category"
9.98510816394653e-314,2021-02-11 12:05:00,2,0,0,NA,"N","ANGLE","RAIN","DAYLIGHT","MURFREESBORO PKE & HOBSON PKE","ANTIOCH","SOUTH",36.04285,-86.60655,"MOTOR VEHICLE IN TRANSPORT","37013","2021","February","Winter","12","Thursday","Weekday","No Injuries","No Fatalities"
9.98510839467518e-314,2021-02-11 11:45:00,2,0,0,NA,"Y","Front to Rear","RAIN","DARK - LIGHTED","MM 91 2 I 65","MADISON","MADISO",36.24995,-86.74133,"MOTOR VEHICLE IN TRANSPORT","37115","2021","February","Winter","11","Thursday","Weekday","No Injuries","No Fatalities"
9.98510848261887e-314,2021-02-11 06:00:00,2,0,0,NA,"Y","Front to Rear","RAIN","DAYLIGHT","OBRIEN AV & WHITE BRIDGE PKE","NASHVILLE","WEST",36.15069,-86.85827,"MOTOR VEHICLE IN TRANSPORT","37209","2021","February","Winter","06","Thursday","Weekday","No Injuries","No Fatalities"
9.98510851028654e-314,2021-02-11 06:00:00,3,1,0,NA,"Y","ANGLE","RAIN","DAYLIGHT","DUE WEST AVW & S GRAYCROFT AV","MADISON","MADISO",36.24919,-86.73446,"MOTOR VEHICLE IN TRANSPORT","37115","2021","February","Winter","06","Thursday","Weekday","Injuries","No Fatalities"
9.98510852856697e-314,2021-02-11 06:00:00,2,0,0,NA,"N","Front to Rear","RAIN","DAYLIGHT","MM 90 8 I 65","MADISON","MADISO",36.24576,-86.74529,"MOTOR VEHICLE IN TRANSPORT","37115","2021","February","Winter","06","Thursday","Weekday","No Injuries","No Fatalities"
9.98510858686672e-314,2021-02-11 06:00:00,2,0,0,NA,"N","SIDESWIPE - SAME DIRECTION","RAIN","DARK - NOT LIGHTED","BRILEY PKWY E EXT RAMP & BRILEY PKWYE","NASHVILLE","NORTH",36.23824,-86.78045,"MOTOR VEHICLE IN TRANSPORT","37207","2021","February","Winter","06","Thursday","Weekday","No Injuries","No Fatalities"
9.98510866443503e-314,2021-02-11 06:00:00,2,0,0,NA,"N","SIDESWIPE - SAME DIRECTION","RAIN","DARK - NOT LIGHTED","BRILEY PKWY E EXT RAMP & BRILEY PKWYE","NASHVILLE","NORTH",36.23824,-86.78045,"MOTOR VEHICLE IN TRANSPORT","37207","2021","February","Winter","06","Thursday","Weekday","No Injuries","No Fatalities"
9.98510893765333e-314,2021-02-12 04:14:00,2,0,0,NA,"N","Front to Rear","RAIN","DARK - LIGHTED","MM 204 7 I 40","NASHVILLE","WEST",36.15389,-86.84336,"MOTOR VEHICLE IN TRANSPORT","37209","2021","February","Winter","04","Friday","Weekday","No Injuries","No Fatalities"
9.9851090804383e-314,2021-02-12 06:50:00,1,0,0,NA,"N","NOT COLLISION W/MOTOR VEHICLE-TRANSPORT","RAIN","DARK - LIGHTED","GOINS RD & US HWY 31 ALT","NASHVILLE","MIDTOW",36.07405,-86.72462,"CURB","37211","2021","February","Winter","06","Friday","Weekday","No Injuries","No Fatalities"
9.98510927361797e-314,2021-02-12 10:55:00,1,0,0,NA,"N","NOT COLLISION W/MOTOR VEHICLE-TRANSPORT","RAIN","DARK - NOT LIGHTED","I65 N ENT RAMP & I 65","NASHVILLE","EAST",36.04292,-86.78149,"CONCRETE TRAFFIC BARRIER","37207","2021","February","Winter","10","Friday","Weekday","No Injuries","No Fatalities"
9.98511022963499e-314,2021-02-13 04:41:00,2,0,0,NA,"N","ANGLE","RAIN","DARK - LIGHTED","I24 W ENT RAMP & I 24","NASHVILLE","EAST",36.04562,-86.6585,"MOTOR VEHICLE IN TRANSPORT","37206","2021","February","Winter","04","Saturday","Weekend","No Injuries","No Fatalities"
9.98511030670923e-314,2021-02-12 06:00:00,2,0,0,NA,"Y","ANGLE","RAIN","DARK - NOT LIGHTED","WESTBORO DR & THUNDERBIRD DR","NASHVILLE","WEST",36.1515,-86.87525,"MOTOR VEHICLE IN TRANSPORT","37209","2021","February","Winter","06","Friday","Weekday","No Injuries","No Fatalities"
9.9851104336841e-314,2021-02-13 08:10:00,1,0,0,NA,"Y","NOT COLLISION W/MOTOR VEHICLE-TRANSPORT","RAIN","DARK - NOT LIGHTED","RIVER ROAD PKE & INDIAN CREEK RD","NASHVILLE","WEST",36.13822,-86.95035,"DITCH","37209","2021","February","Winter","08","Saturday","Weekend","No Injuries","No Fatalities"
9.98510102420388e-314,2021-02-05 00:31:00,2,0,0,NA,"N","ANGLE","RAIN","DARK - LIGHTED","GALLATIN PKE & BROADMOOR DR","NASHVILLE","EAST",36.22911,-86.72514,"MOTOR VEHICLE IN TRANSPORT","37216","2021","February","Winter","00","Friday","Weekday","No Injuries","No Fatalities"
9.9851010311208e-314,2021-02-05 00:19:00,2,0,0,NA,"N","Front to Rear","RAIN","DARK - LIGHTED","WEDGEWOOD AV & 8TH AVS","NASHVILLE","MIDTOW",36.13428,-86.77922,"MOTOR VEHICLE IN TRANSPORT","37204","2021","February","Winter","00","Friday","Weekday","No Injuries","No Fatalities"
9.98510103309706e-314,2021-02-05 00:29:00,2,0,0,NA,"Y","ANGLE","RAIN","DARK - LIGHTED","MAPLEHURST AV & GRANNY WHITE PKE","NASHVILLE","MIDTOW",36.1044,-86.79645,"MOTOR VEHICLE IN TRANSPORT","37204","2021","February","Winter","00","Friday","Weekday","No Injuries","No Fatalities"
9.98510104050804e-314,2021-02-05 00:45:00,2,0,0,NA,"N","ANGLE","RAIN","DARK - LIGHTED","MYATT DR & SPRING BRANCH DR","MADISON","MADISO",36.29305,-86.69562,"MOTOR VEHICLE IN TRANSPORT","37115","2021","February","Winter","00","Friday","Weekday","No Injuries","No Fatalities"
9.98510105137749e-314,2021-02-05 00:55:00,2,2,0,NA,"N","ANGLE","RAIN","DARK - LIGHTED","THOMPSON LN & SIDCO DR","NASHVILLE","MIDTOW",36.11116,-86.75523,"MOTOR VEHICLE IN TRANSPORT","37204","2021","February","Winter","00","Friday","Weekday","Injuries","No Fatalities"
9.98510106916385e-314,2021-02-05 01:15:00,3,2,0,NA,"N","HEAD-ON","RAIN","DARK - LIGHTED","OLD HICKORY BLVD & HIGHWAY 70S","NASHVILLE","WEST",36.07448,-86.92094,"MOTOR VEHICLE IN TRANSPORT","37221","2021","February","Winter","01","Friday","Weekday","Injuries","No Fatalities"
9.98510107558671e-314,2021-02-05 01:00:00,2,0,0,NA,"Y","Front to Rear","RAIN","Dark-Unknown Lighting","US HWY 31W & FERN AVE","NASHVILLE","EAST",36.19532,-86.77214,"MOTOR VEHICLE IN TRANSPORT","37207","2021","February","Winter","01","Friday","Weekday","No Injuries","No Fatalities"
9.98510107608077e-314,2021-02-05 00:01:00,2,0,0,NA,"N","Front to Rear","RAIN","DARK - NOT LIGHTED","OLD HICKORY BLVD & HOBSON DR","ANTIOCH","SOUTH",36.0121,-86.62101,"MOTOR VEHICLE IN TRANSPORT","37013","2021","February","Winter","00","Friday","Weekday","No Injuries","No Fatalities"
9.98510108102143e-314,2021-02-05 00:15:00,2,0,0,NA,"N","ANGLE","RAIN","DARK - LIGHTED","21ST AVS & CAPERS AV","NASHVILLE","MIDTOW",36.13915,-86.80055,"MOTOR VEHICLE IN TRANSPORT","37212","2021","February","Winter","00","Friday","Weekday","No Injuries","No Fatalities"
9.98510108200956e-314,2021-02-05 00:58:00,3,0,0,NA,"N","Front to Rear","RAIN","DARK - LIGHTED","LEBANON PKE & BONNABROOK DR","HERMITAGE","HERMIT",36.19071,-86.62584,"MOTOR VEHICLE IN TRANSPORT","37076","2021","February","Winter","00","Friday","Weekday","No Injuries","No Fatalities"
9.98510108596208e-314,2021-02-05 01:17:00,1,0,0,NA,"Y","NOT COLLISION W/MOTOR VEHICLE-TRANSPORT","RAIN","DARK - NOT LIGHTED","S 9TH ST & RUSSELL ST","NASHVILLE","EAST",36.17423,-86.75639,"OTHER FIXED OBJECTS","37206","2021","February","Winter","01","Friday","Weekday","No Injuries","No Fatalities"
9.98510110078405e-314,2021-02-05 01:43:00,2,0,0,NA,"Y","HEAD-ON","RAIN","DARK - LIGHTED","CLARKSVILLE PKE & S HAMILTON RD","NASHVILLE","NORTH",36.19366,-86.83122,"MOTOR VEHICLE IN TRANSPORT","37218","2021","February","Winter","01","Friday","Weekday","No Injuries","No Fatalities"
9.98510110918317e-314,2021-02-05 01:20:00,1,0,0,NA,"N","NOT COLLISION W/MOTOR VEHICLE-TRANSPORT","RAIN","DARK - NOT LIGHTED","OLD HICKORY BLVD & HICKORY SPRINGS RD","NASHVILLE","MIDTOW",36.04138,-86.82218,"DITCH","37215","2021","February","Winter","01","Friday","Weekday","No Injuries","No Fatalities"
9.9851011590838e-314,2021-02-05 02:42:00,1,1,0,NA,"N","NOT COLLISION W/MOTOR VEHICLE-TRANSPORT","RAIN","DARK - LIGHTED","MM 3 3 I 440","NASHVILLE","MIDTOW",36.11635,-86.79871,"CONCRETE TRAFFIC BARRIER","37215","2021","February","Winter","02","Friday","Weekday","Injuries","No Fatalities"
9.98510117934049e-314,2021-02-05 02:25:00,1,1,0,NA,"N","NOT COLLISION W/MOTOR VEHICLE-TRANSPORT","RAIN","DARK - NOT LIGHTED","OLD HICKORY BLVD & EDINBURGH DR","NASHVILLE","WEST",36.05155,-86.88655,"TREE;Ran Off Road-Right","37215","2021","February","Winter","02","Friday","Weekday","Injuries","No Fatalities"
9.98510118477521e-314,2021-02-05 03:05:00,2,0,0,NA,"N","Front to Rear","RAIN","DARK - LIGHTED","GALLATIN PKEN & ALTUS AV","MADISON","MADISO",36.29084,-86.70356,"MOTOR VEHICLE IN TRANSPORT","37115","2021","February","Winter","03","Friday","Weekday","No Injuries","No Fatalities"
9.9851013547338e-314,2021-02-05 05:52:00,1,0,0,NA,"N","NOT COLLISION W/MOTOR VEHICLE-TRANSPORT","RAIN","DARK - NOT LIGHTED","MM 201 6 I 40","NASHVILLE","WEST",36.13589,-86.89316,"OTHER OBJECT (NOT FIXED)","37209","2021","February","Winter","05","Friday","Weekday","No Injuries","No Fatalities"
9.98510341350534e-314,2021-02-07 01:50:00,4,0,0,NA,"Y","Front to Rear","RAIN","DARK - LIGHTED","23RD AVN & OSAGE ST","NASHVILLE","NORTH",36.17767,-86.81393,"MOTOR VEHICLE IN TRANSPORT;PARKED MOTOR VEHICLE","37208","2021","February","Winter","01","Sunday","Weekend","No Injuries","No Fatalities"
9.98510344166708e-314,2021-02-07 03:44:00,1,0,0,NA,"N","NOT COLLISION W/MOTOR VEHICLE-TRANSPORT","RAIN","DARK - NOT LIGHTED","MM 36 9 I 24","WHITES CREEK","NORTH",36.31679,-86.83485,"GUARDRAIL FACE","37189","2021","February","Winter","03","Sunday","Weekend","No Injuries","No Fatalities"
9.98510344364335e-314,2021-02-06 06:00:00,1,2,0,NA,"N","NOT COLLISION W/MOTOR VEHICLE-TRANSPORT","RAIN","DARK - LIGHTED","E OLD HICKORY BLVD & MYATT DR","MADISON","MADISO",36.26309,-86.69049,"UTILITY POLE","37115","2021","February","Winter","06","Saturday","Weekend","Injuries","No Fatalities"
9.98510346982882e-314,2021-02-07 04:03:00,2,2,0,NA,"N","ANGLE","RAIN","DARK - LIGHTED","STEWARTS FERRY PIKE & RAMP","NASHVILLE","HERMIT",36.15752,-86.63615,"MOTOR VEHICLE IN TRANSPORT","37214","2021","February","Winter","04","Sunday","Weekend","Injuries","No Fatalities"
9.98510347180509e-314,2021-02-07 04:26:00,1,1,0,NA,"Y","NOT COLLISION W/MOTOR VEHICLE-TRANSPORT","RAIN","DARK - LIGHTED","NOLENSVILLE PKE & MCIVER ST","NASHVILLE","SOUTH",36.10461,-86.74199,"CURB","37211","2021","February","Winter","04","Sunday","Weekend","Injuries","No Fatalities"
9.98510348069827e-314,2021-02-07 04:40:00,2,0,0,NA,"Y","NOT COLLISION W/MOTOR VEHICLE-TRANSPORT","RAIN","DARK - LIGHTED","JEFFERSON ST & 2ND AVN","NASHVILLE","CENTRA",36.17516,-86.78412,"CURB","37208","2021","February","Winter","04","Sunday","Weekend","No Injuries","No Fatalities"
9.98510349206178e-314,2021-02-07 04:54:00,2,3,0,NA,"N","ANGLE","RAIN","DARK - LIGHTED","12TH AVN & HERMAN ST","NASHVILLE","NORTH",36.16715,-86.79637,"MOTOR VEHICLE IN TRANSPORT","37203","2021","February","Winter","04","Sunday","Weekend","Injuries","No Fatalities"
9.98510353850395e-314,2021-02-07 05:30:00,2,0,0,NA,"N","ANGLE","RAIN","DARK - LIGHTED","BROADWAY & 4TH AVN","NASHVILLE","CENTRA",36.16075,-86.7778,"MOTOR VEHICLE IN TRANSPORT","37203","2021","February","Winter","05","Sunday","Weekend","No Injuries","No Fatalities"
9.98510355134966e-314,2021-02-07 05:56:00,1,1,0,NA,"N","NOT COLLISION W/MOTOR VEHICLE-TRANSPORT","RAIN","DARK - LIGHTED","I440 W EXT RAMP & I 40","NASHVILLE","WEST",36.15947,-86.82158,"CONCRETE TRAFFIC BARRIER","37209","2021","February","Winter","05","Sunday","Weekend","Injuries","No Fatalities"
9.98510366597289e-314,2021-02-07 07:50:00,1,0,0,NA,"N","NOT COLLISION W/MOTOR VEHICLE-TRANSPORT","RAIN","DARK - LIGHTED","MM 49 3 I 24","NASHVILLE","EAST",36.162,-86.76096,"CONCRETE TRAFFIC BARRIER","37206","2021","February","Winter","07","Sunday","Weekend","No Injuries","No Fatalities"
9.98510367684233e-314,2021-02-07 08:01:00,2,1,0,NA,"Y","ANGLE","RAIN","DARK - LIGHTED","2ND AVS & I40 E ENT RAMP","NASHVILLE","HERMIT",36.15134,-86.76836,"MOTOR VEHICLE IN TRANSPORT","37210","2021","February","Winter","08","Sunday","Weekend","Injuries","No Fatalities"
9.98510376725634e-314,2021-02-07 10:51:00,1,0,0,NA,"Y","NOT COLLISION W/MOTOR VEHICLE-TRANSPORT","RAIN","DARK - LIGHTED","DICKERSON PKE & OAK VALLEY DR","NASHVILLE","EAST",36.23125,-86.75896,"UTILITY POLE","37207","2021","February","Winter","10","Sunday","Weekend","No Injuries","No Fatalities"
9.98510378109018e-314,2021-02-07 11:17:00,2,0,0,NA,"N","ANGLE","RAIN","DARK - LIGHTED","S 5TH ST & SHELBY AV","NASHVILLE","EAST",36.1676,-86.76222,"MOTOR VEHICLE IN TRANSPORT","37206","2021","February","Winter","11","Sunday","Weekend","No Injuries","No Fatalities"
9.98511132448446e-314,2021-02-14 05:50:00,2,0,0,NA,"N","HEAD-ON","RAIN","DARK - LIGHTED","LUNA DR & LUNA CIR","NASHVILLE","SOUTH",36.07693,-86.68534,"MOTOR VEHICLE IN TRANSPORT;PARKED MOTOR VEHICLE","37211","2021","February","Winter","05","Sunday","Weekend","No Injuries","No Fatalities"
9.9851115310039e-314,2021-02-14 10:20:00,1,0,0,NA,"N","NOT COLLISION W/MOTOR VEHICLE-TRANSPORT","RAIN","DARK - NOT LIGHTED","MM 219 6 I 40","HERMITAGE","HERMIT",36.16115,-86.62078,"WALL","37076","2021","February","Winter","10","Sunday","Weekend","No Injuries","No Fatalities"
9.98511156608256e-314,2021-02-14 11:10:00,1,1,0,NA,"N","NOT COLLISION W/MOTOR VEHICLE-TRANSPORT","RAIN","DARK - NOT LIGHTED","MM 200 6 I 40","NASHVILLE","WEST",36.12595,-86.90442,"GUARDRAIL FACE;CONCRETE TRAFFIC BARRIER","37209","2021","February","Winter","11","Sunday","Weekend","Injuries","No Fatalities"
9.98511158337486e-314,2021-02-14 11:40:00,1,0,0,NA,"N","NOT COLLISION W/MOTOR VEHICLE-TRANSPORT","RAIN","DARK - LIGHTED","MM 88 8 I 65","NASHVILLE","MADISO",36.22757,-86.77337,"GUARDRAIL FACE","37207","2021","February","Winter","11","Sunday","Weekend","No Injuries","No Fatalities"
9.9851115957265e-314,2021-02-14 12:30:00,1,0,0,NA,"N","NOT COLLISION W/MOTOR VEHICLE-TRANSPORT","RAIN","DAYLIGHT","MM 90 8 I 65","MADISON","MADISO",36.24614,-86.7451,"CONCRETE TRAFFIC BARRIER","37115","2021","February","Winter","12","Sunday","Weekend","No Injuries","No Fatalities"
9.98511160165529e-314,2021-02-14 12:45:00,2,0,0,NA,"N","Front to Rear","RAIN","DAYLIGHT","MM 217 6 I 40","NASHVILLE","HERMIT",36.14151,-86.65394,"MOTOR VEHICLE IN TRANSPORT","37214","2021","February","Winter","12","Sunday","Weekend","No Injuries","No Fatalities"
9.98511201469417e-314,2021-02-15 01:04:00,1,0,0,NA,"N","NOT COLLISION W/MOTOR VEHICLE-TRANSPORT","RAIN","DARK - NOT LIGHTED","HOME RD & BAXTER ST","NASHVILLE","EAST",36.21094,-86.7352,"FENCE","37216","2021","February","Winter","01","Monday","Weekday","No Injuries","No Fatalities"
9.9851120171645e-314,2021-02-15 00:27:00,1,0,0,NA,"N","NOT COLLISION W/MOTOR VEHICLE-TRANSPORT","RAIN","DARK - LIGHTED","TWIN HILLS DR & CHURCHILL CRSG","MADISON","MADISO",36.30007,-86.68974,"TRAFFIC SIGNAL SUPPORT;FIRE HYDRANT;Ran Off Road-Right","37115","2021","February","Winter","00","Monday","Weekday","No Injuries","No Fatalities"
9.98511202111702e-314,2021-02-15 01:02:00,1,0,0,NA,"N","NOT COLLISION W/MOTOR VEHICLE-TRANSPORT","RAIN","Dark-Unknown Lighting","LYLE AV & BROADWAY","NASHVILLE","MIDTOW",36.15082,-86.79763,"OTHER OBJECT (NOT FIXED)","37203","2021","February","Winter","01","Monday","Weekday","No Injuries","No Fatalities"
9.98511862726877e-314,2021-02-22 04:00:00,1,1,0,NA,"Y","NOT COLLISION W/MOTOR VEHICLE-TRANSPORT","RAIN","DARK - LIGHTED","OLD HICKORY BLVD & BRENTWOOD EAST DR","NASHVILLE","MIDTOW",36.04529,-86.71408,"PEDESTRIAN","37211","2021","February","Winter","04","Monday","Weekday","Injuries","No Fatalities"
9.9851187606665e-314,2021-02-22 11:00:00,1,0,0,NA,"N","NOT COLLISION W/MOTOR VEHICLE-TRANSPORT","RAIN","DARK - LIGHTED","MM 51 5 I 24","NASHVILLE","HERMIT",36.14022,-86.73111,"OTHER OBJECT (NOT FIXED)","37210","2021","February","Winter","11","Monday","Weekday","No Injuries","No Fatalities"
9.98511880365021e-314,2021-02-22 12:51:00,1,0,0,NA,"N","NOT COLLISION W/MOTOR VEHICLE-TRANSPORT","RAIN","DAYLIGHT","ELLINGTON PKWYS & ELLINGTON PKWY S EXT R","NASHVILLE","EAST",36.18725,-86.75678,"GUARDRAIL FACE","37207","2021","February","Winter","12","Monday","Weekday","No Injuries","No Fatalities"
9.98509567446106e-314,2021-01-31 00:24:00,1,1,0,NA,"N","NOT COLLISION W/MOTOR VEHICLE-TRANSPORT","RAIN","DARK - NOT LIGHTED","MM 41 8 I 24","WHITES CREEK","NORTH",36.26003,-86.7888,"WALL","37189","2021","January","Winter","00","Sunday","Weekend","Injuries","No Fatalities"
9.98509568533051e-314,2021-01-31 00:38:00,2,0,0,NA,"N","Front to Rear","RAIN","DARK - LIGHTED","MURFREESBORO PKE & HAMILTON CHURCH RD","ANTIOCH","SOUTH",36.06467,-86.62834,"MOTOR VEHICLE IN TRANSPORT","37013","2021","January","Winter","00","Sunday","Weekend","No Injuries","No Fatalities"
9.98509568631864e-314,2021-01-31 00:39:00,1,2,0,NA,"N","NOT COLLISION W/MOTOR VEHICLE-TRANSPORT","RAIN","DARK - NOT LIGHTED","CATO RD & JORDONIA STATION RD","NASHVILLE","NORTH",36.21104,-86.86586,"Ran Off Road-Right;EMBANKMENT ROCK/STONE/CONCRETE","37218","2021","January","Winter","00","Sunday","Weekend","Injuries","No Fatalities"
9.98509571448038e-314,2021-01-31 00:36:00,2,0,0,NA,"N","Front to Rear","RAIN","DARK - LIGHTED","SPRING ST & I24 W EXT RAMP","NASHVILLE","EAST",36.17651,-86.76972,"MOTOR VEHICLE IN TRANSPORT","37213","2021","January","Winter","00","Sunday","Weekend","No Injuries","No Fatalities"
9.98509573325488e-314,2021-01-31 01:55:00,2,2,0,NA,"N","HEAD-ON","RAIN","DARK - LIGHTED","MURFREESBORO PKE & BELL RD","ANTIOCH","SOUTH",36.07187,-86.63618,"MOTOR VEHICLE IN TRANSPORT","37013","2021","January","Winter","01","Sunday","Weekend","Injuries","No Fatalities"
9.98509573523114e-314,2021-01-31 01:50:00,2,0,0,NA,"Y","SIDESWIPE - SAME DIRECTION","RAIN","DARK - NOT LIGHTED","MM 200 0 I 40","NASHVILLE","WEST",36.11928,-86.9129,"MOTOR VEHICLE IN TRANSPORT","37209","2021","January","Winter","01","Sunday","Weekend","No Injuries","No Fatalities"
9.9850957703098e-314,2021-01-31 02:28:00,1,0,0,NA,"N","NOT COLLISION W/MOTOR VEHICLE-TRANSPORT","RAIN","DARK - LIGHTED","MM 211 7 I 40","NASHVILLE","HERMIT",36.15008,-86.74831,"GUARDRAIL FACE;CONCRETE TRAFFIC BARRIER","37210","2021","January","Winter","02","Sunday","Weekend","No Injuries","No Fatalities"
9.98509584194932e-314,2021-01-30 06:00:00,2,0,0,NA,"Y","HEAD-ON","RAIN","DARK - LIGHTED","MURFREESBORO PKE & SMITH SPRINGS RD","NASHVILLE","SOUTH",36.09635,-86.65593,"MOTOR VEHICLE IN TRANSPORT","37217","2021","January","Winter","06","Saturday","Weekend","No Injuries","No Fatalities"
9.98509584343152e-314,2021-01-31 04:41:00,2,0,0,NA,"Y","SIDESWIPE - OPPOSITE DIRECTION","RAIN","DARK - LIGHTED","HIGHWAY 70S & COLICE JEANNE RD","NASHVILLE","WEST",36.07471,-86.93776,"MOTOR VEHICLE IN TRANSPORT","37221","2021","January","Winter","04","Sunday","Weekend","No Injuries","No Fatalities"
9.98509585775942e-314,2021-01-31 04:46:00,2,0,0,NA,"Y","Front to Rear","RAIN","DARK - LIGHTED","ED TEMPLE BLVD & ROSA L PARKS BLVD","NASHVILLE","NORTH",36.18799,-86.82156,"MOTOR VEHICLE IN TRANSPORT","37228","2021","January","Winter","04","Sunday","Weekend","No Injuries","No Fatalities"
9.98509586961699e-314,2021-01-30 06:00:00,2,2,0,NA,"N","ANGLE","RAIN","DARK - NOT LIGHTED","MM 63 0 I24","ANTIOCH","SOUTH",36.009155,-86.614555,"MOTOR VEHICLE IN TRANSPORT;CONCRETE TRAFFIC BARRIER","37013","2021","January","Winter","06","Saturday","Weekend","Injuries","No Fatalities"
9.98509589184995e-314,2021-01-31 05:00:00,1,0,0,NA,"N","NOT COLLISION W/MOTOR VEHICLE-TRANSPORT","RAIN","DARK - LIGHTED","0 BRENTRIDGE CIR","ANTIOCH","SOUTH",36.04734,-86.68026,"","37013","2021","January","Winter","05","Sunday","Weekend","No Injuries","No Fatalities"
9.98509590469566e-314,2021-01-31 06:03:00,2,0,0,NA,"Y","SIDESWIPE - SAME DIRECTION","RAIN","DARK - LIGHTED","MM 86 6 I 65","NASHVILLE","NORTH",36.19571,-86.77556,"MOTOR VEHICLE IN TRANSPORT","37207","2021","January","Winter","06","Sunday","Weekend","No Injuries","No Fatalities"
9.98509590914225e-314,2021-01-30 06:00:00,1,0,0,NA,"N","NOT COLLISION W/MOTOR VEHICLE-TRANSPORT","RAIN","DARK - NOT LIGHTED","MM 63 0 I24","ANTIOCH","SOUTH",36.00941,-86.61474,"OTHER OBJECT (NOT FIXED)","37013","2021","January","Winter","06","Saturday","Weekend","No Injuries","No Fatalities"
9.98509595410222e-314,2021-01-31 01:41:00,1,0,0,NA,"Y","NOT COLLISION W/MOTOR VEHICLE-TRANSPORT","RAIN","DARK - NOT LIGHTED","INDIANA AV & 46TH AVN","NASHVILLE","WEST",36.15673,-86.84219,"FENCE","37209","2021","January","Winter","01","Sunday","Weekend","No Injuries","No Fatalities"
9.98509595904288e-314,2021-01-31 06:32:00,3,0,0,NA,"Y","SIDESWIPE - SAME DIRECTION","RAIN","DARK - LIGHTED","DEW ST & S 8TH CT","NASHVILLE","EAST",36.16542,-86.75613,"MOTOR VEHICLE IN TRANSPORT;PARKED MOTOR VEHICLE;UNKNOWN MOST HARMFUL EVENT","37206","2021","January","Winter","06","Sunday","Weekend","No Injuries","No Fatalities"
9.98509597287671e-314,2021-01-31 07:59:00,3,0,0,NA,"Y","Front to Rear","RAIN","DARK - LIGHTED","0 BELL RD","ANTIOCH","SOUTH",36.05016,-86.64889,"MOTOR VEHICLE IN TRANSPORT","37013","2021","January","Winter","07","Sunday","Weekend","No Injuries","No Fatalities"
9.98509601240197e-314,2021-01-31 09:19:00,2,0,0,NA,"Y","ANGLE","RAIN","DARK - LIGHTED","UNA ANTIOCH PKE & RICHARDS RD","ANTIOCH","SOUTH",36.06723,-86.66167,"MOTOR VEHICLE IN TRANSPORT","37013","2021","January","Winter","09","Sunday","Weekend","No Injuries","No Fatalities"
9.98509605093909e-314,2021-01-31 10:50:00,2,0,0,NA,"N","ANGLE","RAIN","DARK - NOT LIGHTED","CHARLOTTE AV & 46TH AVN","NASHVILLE","WEST",36.1522,-86.84222,"MOTOR VEHICLE IN TRANSPORT","37209","2021","January","Winter","10","Sunday","Weekend","No Injuries","No Fatalities"
9.98509605785601e-314,2021-01-31 11:00:00,1,1,0,NA,"N","NOT COLLISION W/MOTOR VEHICLE-TRANSPORT","RAIN","DARK - LIGHTED","MM 47 4 I 24","NASHVILLE","CENTRA",36.18285,-86.77522,"WALL;Ran Off Road-Right","37207","2021","January","Winter","11","Sunday","Weekend","Injuries","No Fatalities"
9.98509608354742e-314,2021-01-31 12:14:00,1,1,0,NA,"Y","NOT COLLISION W/MOTOR VEHICLE-TRANSPORT","RAIN","DARK - LIGHTED","WHITES CREEK PKE & GIFFORD PL","JOELTON","NORTH",36.32105,-86.86747,"","37080","2021","January","Winter","12","Sunday","Weekend","Injuries","No Fatalities"
9.98509649411597e-314,2021-02-01 02:41:00,3,2,0,NA,"N","Front to Rear","RAIN","DARK - NOT LIGHTED","BELL RD & COLLINS PARK DR","ANTIOCH","SOUTH",36.04587,-86.65812,"MOTOR VEHICLE IN TRANSPORT","37013","2021","February","Winter","02","Monday","Weekday","Injuries","No Fatalities"
9.98509653364122e-314,2021-02-01 02:31:00,2,0,0,NA,"N","ANGLE","RAIN","DARK - LIGHTED","HAMPTON ST & W TRINITY LN","NASHVILLE","NORTH",36.20699,-86.77849,"MOTOR VEHICLE IN TRANSPORT","37207","2021","February","Winter","02","Monday","Weekday","No Injuries","No Fatalities"
9.98513836222693e-314,2021-03-12 06:00:00,2,0,0,NA,"Y","UNKNOWN","RAIN","DAYLIGHT","NOLENSVILLE PKE & WELSHWOOD DR","NASHVILLE","SOUTH",36.08212,-86.7271,"MOTOR VEHICLE IN TRANSPORT","37211","2021","March","Spring","06","Friday","Weekday","No Injuries","No Fatalities"
9.98513838989461e-314,2021-03-12 06:00:00,2,1,0,NA,"Y","Front to Rear","RAIN","DAYLIGHT","E OLD HICKORY BLVD & GALLATIN PKES","MADISON","MADISO",36.2623,-86.71137,"MOTOR VEHICLE IN TRANSPORT","37115","2021","March","Spring","06","Friday","Weekday","Injuries","No Fatalities"
9.9851384417715e-314,2021-03-13 00:02:00,2,0,0,NA,"Y","SIDESWIPE - OPPOSITE DIRECTION","RAIN","DARK - NOT LIGHTED","WHITES CREEK PKE & BEAR HOLLOW RD","JOELTON","NORTH",36.30211,-86.85749,"MOTOR VEHICLE IN TRANSPORT","37080","2021","March","Spring","00","Saturday","Weekend","No Injuries","No Fatalities"