"Accident.Number","Date.and.Time","Number.of.Motor.Vehicles","Number.of.Injuries","Number.of.Fatalities","Property.Damage","Hit.and.Run","Collision.Type.Description","Weather.Description","Illumination.Description","Street.Address","City","Precinct","Latitude","Longitude","HarmfulDescriptions","Zip.Code","Year","Month","Season","Hour","Weekday","DayType","Accident","Fatality_category"
9.98513850007125e-314,2021-03-13 00:34:00,2,1,0,NA,"Y","Front to Rear","RAIN","DARK - LIGHTED","BROADMOOR DR & DICKERSON PKE","NASHVILLE","EAST",36.22938,-86.75928,"MOTOR VEHICLE IN TRANSPORT","37207","2021","March","Spring","00","Saturday","Weekend","Injuries","No Fatalities"
9.98513850698817e-314,2021-03-13 00:40:00,2,1,0,NA,"N","HEAD-ON","RAIN","DARK - LIGHTED","WEDGEWOOD AV & 8TH AVS","NASHVILLE","MIDTOW",36.13428,-86.77909,"MOTOR VEHICLE IN TRANSPORT","37204","2021","March","Spring","00","Saturday","Weekend","Injuries","No Fatalities"
9.98513852279827e-314,2021-03-13 00:50:00,2,1,0,NA,"N","ANGLE","RAIN","DARK - NOT LIGHTED","STATE RT 45 & DELAWARE AV","MADISON","MADISO",36.26383,-86.7045,"MOTOR VEHICLE IN TRANSPORT","37115","2021","March","Spring","00","Saturday","Weekend","Injuries","No Fatalities"
9.98513853317364e-314,2021-03-13 01:12:00,2,0,0,NA,"N","ANGLE","RAIN","DARK - LIGHTED","OLD HICKORY BLVD & OCTOBER WOODS DR","ANTIOCH","SOUTH",36.00915,-86.62171,"MOTOR VEHICLE IN TRANSPORT","37013","2021","March","Spring","01","Saturday","Weekend","No Injuries","No Fatalities"
9.98513856726417e-314,2021-03-13 01:53:00,2,1,0,NA,"N","Front to Rear","RAIN","DARK - LIGHTED","MM 48 0 I 24","NASHVILLE","CENTRA",36.17586,-86.77208,"MOTOR VEHICLE IN TRANSPORT","37213","2021","March","Spring","01","Saturday","Weekend","Injuries","No Fatalities"
9.98513859839031e-314,2021-03-13 02:32:00,2,1,0,NA,"N","Front to Rear","RAIN","DARK - LIGHTED","GRUBBS RD & WOODSON LN","NASHVILLE","SOUTH",36.0935,-86.72567,"PARKED MOTOR VEHICLE","37211","2021","March","Spring","02","Saturday","Weekend","Injuries","No Fatalities"
9.98513860036657e-314,2021-03-13 02:00:00,2,0,0,NA,"N","SIDESWIPE - SAME DIRECTION","RAIN","DARK - LIGHTED","12TH AVS & DIVISION ST","NASHVILLE","CENTRA",36.15076,-86.78438,"MOTOR VEHICLE IN TRANSPORT","37203","2021","March","Spring","02","Saturday","Weekend","No Injuries","No Fatalities"
9.98513860530723e-314,2021-03-13 02:45:00,1,1,0,NA,"N","NOT COLLISION W/MOTOR VEHICLE-TRANSPORT","RAIN","DARK - LIGHTED","WEDGEWOOD AV & HILLSIDE AV","NASHVILLE","MIDTOW",36.13474,-86.78408,"","37203","2021","March","Spring","02","Saturday","Weekend","Injuries","No Fatalities"
9.98513864779687e-314,2021-03-13 03:36:00,2,0,0,NA,"N","ANGLE","RAIN","DARK - NOT LIGHTED","8TH AVS & LAFAYETTE ST","NASHVILLE","CENTRA",36.15463,-86.77916,"MOTOR VEHICLE IN TRANSPORT","37203","2021","March","Spring","03","Saturday","Weekend","No Injuries","No Fatalities"
9.98513868534586e-314,2021-03-13 04:29:00,2,0,0,NA,"N","ANGLE","RAIN","DARK - LIGHTED","3RD AVN & JAMES ROBERTSON PKWY","NASHVILLE","CENTRA",36.16715,-86.77961,"MOTOR VEHICLE IN TRANSPORT","37201","2021","March","Spring","04","Saturday","Weekend","No Injuries","No Fatalities"
9.98513869325091e-314,2021-03-13 04:15:00,2,0,0,NA,"N","SIDESWIPE - OPPOSITE DIRECTION","RAIN","DARK - LIGHTED","DICKERSON PKE & BELL GRIMES LN","MADISON","MADISO",36.26834,-86.75616,"MOTOR VEHICLE IN TRANSPORT","37115","2021","March","Spring","04","Saturday","Weekend","No Injuries","No Fatalities"
9.98513869621531e-314,2021-03-13 04:54:00,2,0,0,NA,"N","HEAD-ON","RAIN","DARK - LIGHTED","25TH AVN & 26TH AVN","NASHVILLE","NORTH",36.18964,-86.8166,"MOTOR VEHICLE IN TRANSPORT","37208","2021","March","Spring","04","Saturday","Weekend","No Injuries","No Fatalities"
9.98513872091859e-314,2021-03-13 05:24:00,2,2,0,NA,"Y","ANGLE","RAIN","DARK - NOT LIGHTED","OWENDALE DR & CALAIS CIR","ANTIOCH","SOUTH",36.06791,-86.6231,"MOTOR VEHICLE IN TRANSPORT;FENCE","37013","2021","March","Spring","05","Saturday","Weekend","Injuries","No Fatalities"
9.98513872585925e-314,2021-03-13 05:30:00,2,0,0,NA,"N","ANGLE","RAIN","DARK - LIGHTED","HARDING PL & SIDCO DR","NASHVILLE","MIDTOW",36.0821,-86.7617,"MOTOR VEHICLE IN TRANSPORT","37220","2021","March","Spring","05","Saturday","Weekend","No Injuries","No Fatalities"
9.98513872832957e-314,2021-03-13 05:30:00,1,1,0,NA,"N","NOT COLLISION W/MOTOR VEHICLE-TRANSPORT","RAIN","DARK - LIGHTED","EDWIN ST & E TRINITY LN","NASHVILLE","EAST",36.20376,-86.75393,"DITCH","37207","2021","March","Spring","05","Saturday","Weekend","Injuries","No Fatalities"
9.9851388286249e-314,2021-03-13 07:11:00,2,2,0,NA,"N","Front to Rear","RAIN","DARK - LIGHTED","MM 86 2 I 65","NASHVILLE","CENTRA",36.19183,-86.78176,"MOTOR VEHICLE IN TRANSPORT","37207","2021","March","Spring","07","Saturday","Weekend","Injuries","No Fatalities"
9.98513886370356e-314,2021-03-13 08:10:00,1,1,0,NA,"N","NOT COLLISION W/MOTOR VEHICLE-TRANSPORT","RAIN","DARK - LIGHTED","TUSCULUM RD & BLUE HOLE RD","ANTIOCH","SOUTH",36.05271,-86.67373,"UTILITY POLE","37013","2021","March","Spring","08","Saturday","Weekend","Injuries","No Fatalities"
9.98513898376151e-314,2021-03-13 12:42:00,2,2,0,NA,"N","ANGLE","RAIN","DAYLIGHT","OLD HICKORY BLVD & DODSON CHAPEL RD","HERMITAGE","HERMIT",36.18308,-86.60991,"MOTOR VEHICLE IN TRANSPORT;Cross Median","37076","2021","March","Spring","12","Saturday","Weekend","Injuries","No Fatalities"
9.98513898721997e-314,2021-03-13 11:40:00,2,0,0,NA,"N","ANGLE","RAIN","DAYLIGHT","GLENROSE AV & NOLENSVILLE PKE","NASHVILLE","SOUTH",36.12586,-86.75259,"MOTOR VEHICLE IN TRANSPORT","37210","2021","March","Spring","11","Saturday","Weekend","No Injuries","No Fatalities"
9.9851389896903e-314,2021-03-13 12:48:00,2,1,0,NA,"N","SIDESWIPE - SAME DIRECTION","RAIN","DAYLIGHT","MM 48 2 I 24","NASHVILLE","EAST",36.17314,-86.76958,"MOTOR VEHICLE IN TRANSPORT;PARKED MOTOR VEHICLE;GUARDRAIL FACE","37206","2021","March","Spring","12","Saturday","Weekend","Injuries","No Fatalities"
9.98513900006568e-314,2021-03-13 12:40:00,1,0,0,NA,"N","NOT COLLISION W/MOTOR VEHICLE-TRANSPORT","RAIN","DAWN","MM 211 5 I 40","NASHVILLE","HERMIT",36.15136,-86.75114,"CONCRETE TRAFFIC BARRIER","37210","2021","March","Spring","12","Saturday","Weekend","No Injuries","No Fatalities"
9.98513900154788e-314,2021-03-13 12:50:00,1,0,0,NA,"N","NOT COLLISION W/MOTOR VEHICLE-TRANSPORT","RAIN","DAYLIGHT","MM 54 0 I 24","NASHVILLE","SOUTH",36.10585,-86.71841,"CONCRETE TRAFFIC BARRIER","37211","2021","March","Spring","12","Saturday","Weekend","No Injuries","No Fatalities"
9.98514063394077e-314,2021-03-15 11:54:00,2,0,0,NA,"N","Front to Rear","RAIN","DAYLIGHT","MURFREESBORO PKE & SPENCE LN","NASHVILLE","SOUTH",36.1358,-86.72504,"MOTOR VEHICLE IN TRANSPORT","37217","2021","March","Spring","11","Monday","Weekday","No Injuries","No Fatalities"
9.98514073621236e-314,2021-03-15 05:00:00,1,0,0,NA,"Y","NOT COLLISION W/MOTOR VEHICLE-TRANSPORT","RAIN","DAYLIGHT","CUB CREEK RD & CUB CREEK RD PVTDR","NASHVILLE","WEST",36.17787,-86.98924,"TREE;Ran Off Road-Right","37209","2021","March","Spring","05","Monday","Weekday","No Injuries","No Fatalities"
9.98514330288339e-314,2021-03-18 03:45:00,1,0,0,NA,"Y","UNKNOWN","RAIN","DARK - LIGHTED","MM 206 1 I 40","NASHVILLE","NORTH",36.16013,-86.82128,"UNKNOWN MOST HARMFUL EVENT","37209","2021","March","Spring","03","Thursday","Weekday","No Injuries","No Fatalities"
9.98514297136534e-314,2021-03-17 05:00:00,1,1,0,NA,"N","NOT COLLISION W/MOTOR VEHICLE-TRANSPORT","RAIN","DAYLIGHT","BRILEY PKWYW & BRILEY PKWYE","NASHVILLE","NORTH",36.22848,-86.8521,"DITCH","37218","2021","March","Spring","05","Wednesday","Weekday","Injuries","No Fatalities"
9.98514314527645e-314,2021-03-18 00:43:00,2,0,0,NA,"N","Front to Rear","RAIN","DARK - LIGHTED","25TH AVN & CLARKSVILLE PKE","NASHVILLE","NORTH",36.18553,-86.81718,"MOTOR VEHICLE IN TRANSPORT","37208","2021","March","Spring","00","Thursday","Weekday","No Injuries","No Fatalities"
9.98514317936698e-314,2021-03-18 01:19:00,2,2,0,NA,"N","ANGLE","RAIN","DARK - LIGHTED","HAMILTON CHURCH & BUCKPASSER","ANTIOCH","SOUTH",36.06406,-86.61565,"MOTOR VEHICLE IN TRANSPORT","37013","2021","March","Spring","01","Thursday","Weekday","Injuries","No Fatalities"
9.98514319418895e-314,2021-03-18 01:25:00,2,0,0,NA,"Y","UNKNOWN","RAIN","DARK - NOT LIGHTED","HOLLY ST & EVANDER ST","NASHVILLE","EAST",36.17534,-86.74072,"MOTOR VEHICLE IN TRANSPORT;PARKED MOTOR VEHICLE","37206","2021","March","Spring","01","Thursday","Weekday","No Injuries","No Fatalities"
9.98514320703465e-314,2021-03-18 01:50:00,3,1,0,NA,"Y","Front to Rear","RAIN","DARK - NOT LIGHTED","MM 87 3 I 65","NASHVILLE","EAST",36.20656,-86.77647,"MOTOR VEHICLE IN TRANSPORT;BRIDGE RAIL;GUARDRAIL FACE;Ran Off Road-Right","37207","2021","March","Spring","01","Thursday","Weekday","Injuries","No Fatalities"
9.98514324408958e-314,2021-03-18 02:30:00,1,1,0,NA,"N","NOT COLLISION W/MOTOR VEHICLE-TRANSPORT","RAIN","DARK - LIGHTED","MURFREESBORO PKE & PARKS RETREAT DR","ANTIOCH","SOUTH",36.03384,-86.59668,"DITCH;Ran Off Road-Right","37013","2021","March","Spring","02","Thursday","Weekday","Injuries","No Fatalities"
9.98514325248869e-314,2021-03-18 02:30:00,2,0,0,NA,"Y","REAR-TO-REAR","RAIN","DARK - LIGHTED","CAPERS AV & 21ST AVS","NASHVILLE","MIDTOW",36.13878,-86.80012,"MOTOR VEHICLE IN TRANSPORT;PARKED MOTOR VEHICLE","37212","2021","March","Spring","02","Thursday","Weekday","No Injuries","No Fatalities"
9.98514326780473e-314,2021-03-18 02:46:00,2,0,0,NA,"N","ANGLE","RAIN","DARK - LIGHTED","I24 W EXT RAMP & I 24","NASHVILLE","SOUTH",36.0456,-86.65847,"MOTOR VEHICLE IN TRANSPORT","37211","2021","March","Spring","02","Thursday","Weekday","No Injuries","No Fatalities"
9.98514330683591e-314,2021-03-18 03:48:00,1,0,0,NA,"N","NOT COLLISION W/MOTOR VEHICLE-TRANSPORT","RAIN","DARK - LIGHTED","MM 1 5 I 440","NASHVILLE","WEST",36.15081,-86.82245,"CONCRETE TRAFFIC BARRIER","37209","2021","March","Spring","03","Thursday","Weekday","No Injuries","No Fatalities"
9.98512351061362e-314,2021-02-26 06:00:00,1,0,0,NA,"Y","UNKNOWN","RAIN","DAYLIGHT","I65 S EXT RAMP & I 65","MADISON","MADISO",36.24493,-86.7469,"UNKNOWN MOST HARMFUL EVENT","37115","2021","February","Winter","06","Friday","Weekday","No Injuries","No Fatalities"
9.98512389499669e-314,2021-02-27 00:24:00,2,4,0,NA,"Y","ANGLE","RAIN","DARK - LIGHTED","MYATT DR & ANDERSON LN","MADISON","MADISO",36.27127,-86.68966,"MOTOR VEHICLE IN TRANSPORT","37115","2021","February","Winter","00","Saturday","Weekend","Injuries","No Fatalities"
9.98512390586613e-314,2021-02-27 00:41:00,2,1,0,NA,"Y","Front to Rear","RAIN","DARK - LIGHTED","MM 53 9 I 24","NASHVILLE","SOUTH",36.10724,-86.71988,"MOTOR VEHICLE IN TRANSPORT","37211","2021","February","Winter","00","Saturday","Weekend","Injuries","No Fatalities"
9.9851239221703e-314,2021-02-27 00:44:00,2,0,0,NA,"Y","Front to Rear","RAIN","DARK - LIGHTED","MM 47 0 I 24","NASHVILLE","CENTRA",36.18818,-86.77537,"MOTOR VEHICLE IN TRANSPORT","37207","2021","February","Winter","00","Saturday","Weekend","No Injuries","No Fatalities"
9.9851239552727e-314,2021-02-26 06:00:00,2,3,0,NA,"N","Front to Rear","RAIN","DARK - LIGHTED","MM 217 9 I 40","NASHVILLE","HERMIT",36.14083,-86.65926,"MOTOR VEHICLE IN TRANSPORT","37214","2021","February","Winter","06","Friday","Weekday","Injuries","No Fatalities"
9.98512395626083e-314,2021-02-27 01:39:00,1,1,0,NA,"Y","NOT COLLISION W/MOTOR VEHICLE-TRANSPORT","RAIN","DARK - LIGHTED","BELL RD & CANE RIDGE RD","ANTIOCH","SOUTH",36.04487,-86.66349,"PEDESTRIAN","37013","2021","February","Winter","01","Saturday","Weekend","Injuries","No Fatalities"
9.9851239696006e-314,2021-02-27 01:57:00,2,1,0,NA,"N","ANGLE","RAIN","DARK - LIGHTED","TULIP COVE PVTDR & TULIP GROVE RD","HERMITAGE","HERMIT",36.20309,-86.59161,"MOTOR VEHICLE IN TRANSPORT","37076","2021","February","Winter","01","Saturday","Weekend","Injuries","No Fatalities"
9.98512399232762e-314,2021-02-27 02:25:00,2,1,0,NA,"N","Front to Rear","RAIN","DARK - NOT LIGHTED","MM 59 0 I 24","ANTIOCH","SOUTH",36.04865,-86.66497,"MOTOR VEHICLE IN TRANSPORT","37013","2021","February","Winter","02","Saturday","Weekend","Injuries","No Fatalities"
9.98512399331575e-314,2021-02-27 02:30:00,2,0,0,NA,"Y","Front to Rear","RAIN","DARK - LIGHTED","HARDING PL & SIDCO DR","NASHVILLE","MIDTOW",36.0821,-86.7617,"MOTOR VEHICLE IN TRANSPORT","37220","2021","February","Winter","02","Saturday","Weekend","No Injuries","No Fatalities"
9.98512399776234e-314,2021-02-27 02:30:00,2,0,0,NA,"Y","SIDESWIPE - SAME DIRECTION","RAIN","DARK - LIGHTED","MM 210 0 I 40","NASHVILLE","CENTRA",36.14836,-86.77707,"MOTOR VEHICLE IN TRANSPORT","37203","2021","February","Winter","02","Saturday","Weekend","No Injuries","No Fatalities"
9.98512404124012e-314,2021-02-27 03:22:00,1,0,0,NA,"N","NOT COLLISION W/MOTOR VEHICLE-TRANSPORT","RAIN","DARK - LIGHTED","LEBANON PKE & QUINN CIR","NASHVILLE","HERMIT",36.16032,-86.70274,"OTHER OBJECT (NOT FIXED)","37210","2021","February","Winter","03","Saturday","Weekend","No Injuries","No Fatalities"
9.98512405260363e-314,2021-02-27 03:35:00,2,1,0,NA,"N","ANGLE","RAIN","DARK - LIGHTED","JUAREZ DR & LEBANON PKE","HERMITAGE","HERMIT",36.19288,-86.62383,"MOTOR VEHICLE IN TRANSPORT","37076","2021","February","Winter","03","Saturday","Weekend","Injuries","No Fatalities"
9.98512406347307e-314,2021-02-27 03:45:00,1,0,0,NA,"N","NOT COLLISION W/MOTOR VEHICLE-TRANSPORT","RAIN","DARK - LIGHTED","MM 87 3 I 65","NASHVILLE","EAST",36.20662,-86.77647,"CONCRETE TRAFFIC BARRIER","37207","2021","February","Winter","03","Saturday","Weekend","No Injuries","No Fatalities"
9.98512409262295e-314,2021-02-27 04:40:00,1,1,0,NA,"N","NOT COLLISION W/MOTOR VEHICLE-TRANSPORT","RAIN","DARK - LIGHTED","MM 89 6 I 65","NASHVILLE","MADISO",36.23586,-86.76375,"CONCRETE TRAFFIC BARRIER;Ran Off Road-Right","37207","2021","February","Winter","04","Saturday","Weekend","Injuries","No Fatalities"
9.98512409311701e-314,2021-02-27 04:06:00,2,0,0,NA,"Y","SIDESWIPE - SAME DIRECTION","RAIN","Dark-Unknown Lighting","MM 213 1 I 40","NASHVILLE","HERMIT",36.14008,-86.72987,"MOTOR VEHICLE IN TRANSPORT","37210","2021","February","Winter","04","Saturday","Weekend","No Injuries","No Fatalities"
9.98512409953987e-314,2021-02-27 04:32:00,2,0,0,NA,"N","ANGLE","RAIN","DARK - LIGHTED","BRADFORD HILLS DR & CALL HILL RD","NASHVILLE","MIDTOW",36.02499,-86.72039,"PARKED MOTOR VEHICLE","37211","2021","February","Winter","04","Saturday","Weekend","No Injuries","No Fatalities"
9.98512410398646e-314,2021-02-27 04:56:00,2,1,0,NA,"N","SIDESWIPE - SAME DIRECTION","RAIN","DARK - NOT LIGHTED","MM 54 5 I 24","NASHVILLE","SOUTH",36.10083,-86.71183,"MOTOR VEHICLE IN TRANSPORT","37211","2021","February","Winter","04","Saturday","Weekend","Injuries","No Fatalities"
9.98512410645679e-314,2021-02-27 04:50:00,1,0,0,NA,"N","NOT COLLISION W/MOTOR VEHICLE-TRANSPORT","RAIN","DARK - LIGHTED","MM 78 0 I 65","NASHVILLE","MIDTOW",36.08438,-86.76365,"CONCRETE TRAFFIC BARRIER","37204","2021","February","Winter","04","Saturday","Weekend","No Injuries","No Fatalities"
9.98512412374908e-314,2021-02-27 05:10:00,1,1,0,NA,"N","NOT COLLISION W/MOTOR VEHICLE-TRANSPORT","RAIN","DARK - LIGHTED","DIVISION ST & 19TH AVS","NASHVILLE","MIDTOW",36.15034,-86.79597,"PEDESTRIAN","37203","2021","February","Winter","05","Saturday","Weekend","Injuries","No Fatalities"
9.98512413017194e-314,2021-02-27 04:18:00,2,0,0,NA,"Y","SIDESWIPE - SAME DIRECTION","RAIN","DARK - NOT LIGHTED","3RD AVN & HARRISON ST","NASHVILLE","CENTRA",36.17156,-86.78247,"MOTOR VEHICLE IN TRANSPORT;PARKED MOTOR VEHICLE","37201","2021","February","Winter","04","Saturday","Weekend","No Injuries","No Fatalities"
9.985124130666e-314,2021-02-27 05:22:00,2,0,0,NA,"Y","ANGLE","RAIN","DARK - LIGHTED","W TRINITY LN & BRICK CHURCH PKE","NASHVILLE","NORTH",36.20662,-86.7779,"MOTOR VEHICLE IN TRANSPORT","37207","2021","February","Winter","05","Saturday","Weekend","No Injuries","No Fatalities"
9.98512413560666e-314,2021-02-27 05:28:00,2,0,0,NA,"N","ANGLE","RAIN","DARK - LIGHTED","8TH AVS & LAFAYETTE ST","NASHVILLE","CENTRA",36.15463,-86.77916,"MOTOR VEHICLE IN TRANSPORT","37203","2021","February","Winter","05","Saturday","Weekend","No Injuries","No Fatalities"
9.98512414252358e-314,2021-02-27 04:18:00,3,0,0,NA,"Y","SIDESWIPE - SAME DIRECTION","RAIN","DARK - LIGHTED","3RD AVN & BANKERS ALY","NASHVILLE","CENTRA",36.16469,-86.77803,"MOTOR VEHICLE IN TRANSPORT;PARKED MOTOR VEHICLE","37201","2021","February","Winter","04","Saturday","Weekend","No Injuries","No Fatalities"
9.98512414548797e-314,2021-02-27 05:40:00,2,0,0,NA,"N","NOT COLLISION W/MOTOR VEHICLE-TRANSPORT","RAIN","DARK - LIGHTED","MM 211 3 I 40","NASHVILLE","HERMIT",36.15292,-86.75499,"MOTOR VEHICLE IN TRANSPORT;GUARDRAIL FACE;Ran Off Road-Left","37210","2021","February","Winter","05","Saturday","Weekend","No Injuries","No Fatalities"
9.98512415191083e-314,2021-02-27 03:45:00,2,0,0,NA,"Y","SIDESWIPE - OPPOSITE DIRECTION","RAIN","DARK - LIGHTED","LUKER LN & TUSCULUM RD","NASHVILLE","SOUTH",36.05423,-86.69094,"MOTOR VEHICLE IN TRANSPORT","37211","2021","February","Winter","03","Saturday","Weekend","No Injuries","No Fatalities"
9.98512415734555e-314,2021-02-26 06:00:00,1,0,0,NA,"Y","UNKNOWN","RAIN","DARK - NOT LIGHTED","WEAKLEY AV & KATIE AV","NASHVILLE","NORTH",36.1985,-86.78048,"UNKNOWN MOST HARMFUL EVENT","37207","2021","February","Winter","06","Friday","Weekday","No Injuries","No Fatalities"
9.98512416722686e-314,2021-02-27 04:00:00,2,0,0,NA,"Y","Front to Rear","RAIN","DARK - LIGHTED","4201 TYLER DR","HERMITAGE","HERMIT",36.20071,-86.61752,"MOTOR VEHICLE IN TRANSPORT","37076","2021","February","Winter","04","Saturday","Weekend","No Injuries","No Fatalities"
9.98512417513191e-314,2021-02-27 06:17:00,1,0,0,NA,"N","NOT COLLISION W/MOTOR VEHICLE-TRANSPORT","RAIN","DARK - LIGHTED","ESTES RD & WOODMONT BLVD","NASHVILLE","WEST",36.11642,-86.8365,"UTILITY POLE","37215","2021","February","Winter","06","Saturday","Weekend","No Injuries","No Fatalities"
9.98512417760224e-314,2021-02-27 06:21:00,1,1,0,NA,"N","NOT COLLISION W/MOTOR VEHICLE-TRANSPORT","RAIN","DARK - NOT LIGHTED","MM 218 1 I 40","NASHVILLE","HERMIT",36.14802,-86.64145,"CONCRETE TRAFFIC BARRIER","37214","2021","February","Winter","06","Saturday","Weekend","Injuries","No Fatalities"
9.98512420724618e-314,2021-02-27 06:48:00,2,0,0,NA,"Y","SIDESWIPE - SAME DIRECTION","RAIN","DARK - NOT LIGHTED","MM 49 1 I 24","NASHVILLE","EAST",36.16406,-86.76294,"MOTOR VEHICLE IN TRANSPORT","37206","2021","February","Winter","06","Saturday","Weekend","No Injuries","No Fatalities"
9.98512422355034e-314,2021-02-27 06:22:00,2,0,0,NA,"Y","Front to Rear","RAIN","DARK - NOT LIGHTED","SATURN DR & VULTEE BLVD","NASHVILLE","HERMIT",36.12456,-86.70003,"MOTOR VEHICLE IN TRANSPORT","37217","2021","February","Winter","06","Saturday","Weekend","No Injuries","No Fatalities"
9.98512423886638e-314,2021-02-27 07:13:00,2,0,0,NA,"Y","ANGLE","RAIN","DARK - LIGHTED","ROSA L PARKS BLVD & JEFFERSON ST","NASHVILLE","CENTRA",36.17327,-86.7914,"MOTOR VEHICLE IN TRANSPORT","37219","2021","February","Winter","07","Saturday","Weekend","No Injuries","No Fatalities"
9.98512428827294e-314,2021-02-27 08:30:00,1,0,0,NA,"N","NOT COLLISION W/MOTOR VEHICLE-TRANSPORT","RAIN","DARK - LIGHTED","MM 87 2 I 65","NASHVILLE","EAST",36.20561,-86.77657,"CONCRETE TRAFFIC BARRIER","37207","2021","February","Winter","08","Saturday","Weekend","No Injuries","No Fatalities"
9.98512430852964e-314,2021-02-27 09:13:00,1,0,0,NA,"N","NOT COLLISION W/MOTOR VEHICLE-TRANSPORT","RAIN","DARK - NOT LIGHTED","MM 211 5 I 40","NASHVILLE","HERMIT",36.15137,-86.75117,"GUARDRAIL FACE;CONCRETE TRAFFIC BARRIER","37210","2021","February","Winter","09","Saturday","Weekend","No Injuries","No Fatalities"
9.98512435497181e-314,2021-02-27 10:15:00,1,0,0,NA,"N","NOT COLLISION W/MOTOR VEHICLE-TRANSPORT","RAIN","DARK - LIGHTED","MM 56 0 I 24","NASHVILLE","SOUTH",36.08276,-86.6981,"DITCH;SHRUBBERY","37211","2021","February","Winter","10","Saturday","Weekend","No Injuries","No Fatalities"
9.98512436188872e-314,2021-02-27 10:30:00,1,0,0,NA,"N","NOT COLLISION W/MOTOR VEHICLE-TRANSPORT","RAIN","DARK - NOT LIGHTED","MM 58 7 I 24","ANTIOCH","SOUTH",36.05096,-86.66895,"GUARDRAIL FACE;CONCRETE TRAFFIC BARRIER","37013","2021","February","Winter","10","Saturday","Weekend","No Injuries","No Fatalities"
9.98512436929971e-314,2021-02-27 10:00:00,1,1,0,NA,"N","NOT COLLISION W/MOTOR VEHICLE-TRANSPORT","RAIN","DARK - LIGHTED","FRANKLIN LIMESTONE RD & FRANKLIN LIMESTO","NASHVILLE","SOUTH",36.08552,-86.66455,"","37217","2021","February","Winter","10","Saturday","Weekend","Injuries","No Fatalities"
9.98512438560388e-314,2021-02-27 11:18:00,2,1,0,NA,"Y","Front to Rear","RAIN","DARK - LIGHTED","MURFREESBORO PKE & PLUS PARK BLVD","NASHVILLE","HERMIT",36.13384,-86.72229,"MOTOR VEHICLE IN TRANSPORT","37217","2021","February","Winter","11","Saturday","Weekend","Injuries","No Fatalities"
9.98512480407748e-314,2021-02-28 00:47:00,2,0,0,NA,"N","SIDESWIPE - SAME DIRECTION","RAIN","DARK - LIGHTED","BROADWAY & 21ST AVS","NASHVILLE","MIDTOW",36.1482,-86.79923,"MOTOR VEHICLE IN TRANSPORT","37212","2021","February","Winter","00","Sunday","Weekend","No Injuries","No Fatalities"
9.98512480605374e-314,2021-02-27 06:00:00,2,0,0,NA,"N","Rear to Side","RAIN","DARK - LIGHTED","OLD HICKORY BLVD & BELLE FOREST CIR","NASHVILLE","WEST",36.0768,-86.92054,"MOTOR VEHICLE IN TRANSPORT","37221","2021","February","Winter","06","Saturday","Weekend","No Injuries","No Fatalities"
9.98512481544099e-314,2021-02-28 00:56:00,2,0,0,NA,"N","ANGLE","RAIN","DARK - LIGHTED","NOLENSVILLE PKE & WELSHWOOD DR","NASHVILLE","SOUTH",36.08122,-86.72684,"MOTOR VEHICLE IN TRANSPORT","37211","2021","February","Winter","00","Sunday","Weekend","No Injuries","No Fatalities"
9.98512481692318e-314,2021-02-28 01:01:00,4,3,0,NA,"N","ANGLE","RAIN","DARK - LIGHTED","3RD AVN & COMMERCE ST","NASHVILLE","CENTRA",36.16363,-86.77734,"MOTOR VEHICLE IN TRANSPORT","37201","2021","February","Winter","01","Sunday","Weekend","Injuries","No Fatalities"
9.98512482285197e-314,2021-02-28 01:07:00,1,0,0,NA,"N","NOT COLLISION W/MOTOR VEHICLE-TRANSPORT","RAIN","DARK - LIGHTED","I40 E ENT RAMP & I 40","NASHVILLE","WEST",36.14402,-86.69249,"CONCRETE TRAFFIC BARRIER","37205","2021","February","Winter","01","Sunday","Weekend","No Injuries","No Fatalities"
9.98512482779263e-314,2021-02-28 01:14:00,1,1,0,NA,"N","NOT COLLISION W/MOTOR VEHICLE-TRANSPORT","RAIN","DARK - NOT LIGHTED","BURKITT RD & GLORYLAND LN","NOLENSVILLE","SOUTH",35.99114,-86.66445,"","37135","2021","February","Winter","01","Sunday","Weekend","Injuries","No Fatalities"
9.98512482878076e-314,2021-02-28 01:10:00,1,0,0,NA,"N","NOT COLLISION W/MOTOR VEHICLE-TRANSPORT","RAIN","DARK - LIGHTED","DIVISION ST & 8TH AVS","NASHVILLE","CENTRA",36.14968,-86.77967,"PAVED SURFACE-IRREGULAR","37203","2021","February","Winter","01","Sunday","Weekend","No Injuries","No Fatalities"
9.98512483569768e-314,2021-02-28 02:50:00,3,0,0,NA,"N","Front to Rear","RAIN","DARK - NOT LIGHTED","OLD HICKORY BLVD & HEALTH PARK DR","BRENTWOOD","MIDTOW",36.04088,-86.77387,"MOTOR VEHICLE IN TRANSPORT","37027","2021","February","Winter","02","Sunday","Weekend","No Injuries","No Fatalities"
9.9851248396502e-314,2021-02-28 01:28:00,2,1,0,NA,"N","ANGLE","RAIN","DARK - LIGHTED","OLD HICKORY BLVD & BELLE FOREST SHOPPING","NASHVILLE","WEST",36.07582,-86.92091,"MOTOR VEHICLE IN TRANSPORT","37205","2021","February","Winter","01","Sunday","Weekend","Injuries","No Fatalities"
9.9851248440968e-314,2021-02-28 00:50:00,2,0,0,NA,"Y","Front to Rear","RAIN","DARK - LIGHTED","0 MURFREESBORO PKE","ANTIOCH","SOUTH",36.07187,-86.63618,"MOTOR VEHICLE IN TRANSPORT","37013","2021","February","Winter","00","Sunday","Weekend","No Injuries","No Fatalities"