"Accident.Number","Date.and.Time","Number.of.Motor.Vehicles","Number.of.Injuries","Number.of.Fatalities","Property.Damage","Hit.and.Run","Collision.Type.Description","Weather.Description","Illumination.Description","Street.Address","City","Precinct","Latitude","Longitude","HarmfulDescriptions","Zip.Code","Year","Month","Season","Hour","Weekday","DayType","Accident","Fatality_category"
9.98512485298998e-314,2021-02-28 01:10:00,2,0,0,NA,"Y","SIDESWIPE - OPPOSITE DIRECTION","RAIN","DARK - LIGHTED","EDMONDSON PKE & PROVIDENCE HTS","NASHVILLE","MIDTOW",36.07588,-86.7284,"MOTOR VEHICLE IN TRANSPORT","37211","2021","February","Winter","01","Sunday","Weekend","No Injuries","No Fatalities"
9.98512485891876e-314,2021-02-28 01:25:00,2,0,0,NA,"Y","ANGLE","RAIN","DARK - LIGHTED","DICKERSON PKE & HILLHURST DR","NASHVILLE","EAST",36.22749,-86.75968,"MOTOR VEHICLE IN TRANSPORT","37207","2021","February","Winter","01","Sunday","Weekend","No Injuries","No Fatalities"
9.98512487769326e-314,2021-02-28 02:19:00,2,0,0,NA,"Y","Front to Rear","RAIN","DARK - LIGHTED","CLARKSVILLE PKE & S HAMILTON RD","NASHVILLE","NORTH",36.19366,-86.83122,"MOTOR VEHICLE IN TRANSPORT","37218","2021","February","Winter","02","Sunday","Weekend","No Injuries","No Fatalities"
9.98512488312798e-314,2021-02-28 02:25:00,2,0,0,NA,"Y","Front to Rear","RAIN","DARK - LIGHTED","HIGHWAY 70S & BELLEVUE CTR PVTDR","NASHVILLE","WEST",36.07802,-86.94907,"MOTOR VEHICLE IN TRANSPORT","37221","2021","February","Winter","02","Sunday","Weekend","No Injuries","No Fatalities"
9.98512488362205e-314,2021-02-28 02:35:00,1,0,0,NA,"N","NOT COLLISION W/MOTOR VEHICLE-TRANSPORT","RAIN","DARK - LIGHTED","MM 6 0 I 440","NASHVILLE","MIDTOW",36.12142,-86.75666,"CONCRETE TRAFFIC BARRIER","37211","2021","February","Winter","02","Sunday","Weekend","No Injuries","No Fatalities"
9.98512488609238e-314,2021-02-28 02:38:00,1,0,0,NA,"N","NOT COLLISION W/MOTOR VEHICLE-TRANSPORT","RAIN","DARK - NOT LIGHTED","MM 79 6 I 65","NASHVILLE","MIDTOW",36.10822,-86.76908,"GUARDRAIL FACE;Ran Off Road-Right","37204","2021","February","Winter","02","Sunday","Weekend","No Injuries","No Fatalities"
9.98512488905677e-314,2021-02-28 02:42:00,1,1,0,NA,"N","NOT COLLISION W/MOTOR VEHICLE-TRANSPORT","RAIN","DARK - LIGHTED","MM 6 8 I 440","NASHVILLE","SOUTH",36.12439,-86.74116,"CONCRETE TRAFFIC BARRIER","37210","2021","February","Winter","02","Sunday","Weekend","Injuries","No Fatalities"
9.98512489053897e-314,2021-02-28 02:50:00,3,0,0,NA,"N","Front to Rear","RAIN","DARK - NOT LIGHTED","OLD HICKORY BLVD & HEALTH PARK DR","BRENTWOOD","MIDTOW",36.04088,-86.77387,"MOTOR VEHICLE IN TRANSPORT","37027","2021","February","Winter","02","Sunday","Weekend","No Injuries","No Fatalities"
9.98512490980753e-314,2021-02-28 01:51:00,3,0,0,NA,"Y","Front to Rear","RAIN","DARK - LIGHTED","I440 W ENT RAMP & I 440","NASHVILLE","SOUTH",36.12852,-86.72779,"MOTOR VEHICLE IN TRANSPORT","37210","2021","February","Winter","01","Sunday","Weekend","No Injuries","No Fatalities"
9.98512492117104e-314,2021-02-28 03:24:00,1,0,0,NA,"N","NOT COLLISION W/MOTOR VEHICLE-TRANSPORT","RAIN","DARK - LIGHTED","MM 5 5 I 440","NASHVILLE","MIDTOW",36.12069,-86.76489,"CONCRETE TRAFFIC BARRIER","37204","2021","February","Winter","03","Sunday","Weekend","No Injuries","No Fatalities"
9.98512492364136e-314,2021-02-28 03:26:00,2,2,0,NA,"Y","Front to Rear","RAIN","DARK - LIGHTED","OLD HICKORY BLVD & NOLENSVILLE PKE","ANTIOCH","SOUTH",36.04537,-86.71326,"MOTOR VEHICLE IN TRANSPORT","37013","2021","February","Winter","03","Sunday","Weekend","Injuries","No Fatalities"
9.98512493451081e-314,2021-02-28 03:47:00,1,0,0,NA,"Y","NOT COLLISION W/MOTOR VEHICLE-TRANSPORT","RAIN","DARK - LIGHTED","0 EAST THOMPSON LN","NASHVILLE","SOUTH",36.11887,-86.71863,"OTHER FIXED OBJECTS","37211","2021","February","Winter","03","Sunday","Weekend","No Injuries","No Fatalities"
9.98512499824528e-314,2021-02-28 04:55:00,1,0,0,NA,"N","NOT COLLISION W/MOTOR VEHICLE-TRANSPORT","RAIN","DARK - NOT LIGHTED","MM 209 8 I 40","NASHVILLE","CENTRA",36.14905,-86.78041,"OTHER POST, POLE, SUPP.","37203","2021","February","Winter","04","Sunday","Weekend","No Injuries","No Fatalities"
9.98512500417406e-314,2021-02-28 05:15:00,2,6,0,NA,"Y","Front to Rear","RAIN","DARK - LIGHTED","RURAL HILL RD & MURFREESBORO PKE","NASHVILLE","HERMIT",36.07448,-86.63863,"MOTOR VEHICLE IN TRANSPORT","37217","2021","February","Winter","05","Sunday","Weekend","Injuries","No Fatalities"
9.98512501454944e-314,2021-02-27 06:00:00,2,0,0,NA,"Y","SIDESWIPE - OPPOSITE DIRECTION","RAIN","DARK - LIGHTED","YELTON CT & NOLENSVILLE PKE","NASHVILLE","SOUTH",36.09155,-86.73477,"MOTOR VEHICLE IN TRANSPORT","37211","2021","February","Winter","06","Saturday","Weekend","No Injuries","No Fatalities"
9.98512501751384e-314,2021-02-28 04:25:00,2,0,0,NA,"Y","SIDESWIPE - OPPOSITE DIRECTION","RAIN","DARK - LIGHTED","ILLINOIS AV & 54TH AVN","NASHVILLE","WEST",36.15752,-86.85226,"MOTOR VEHICLE IN TRANSPORT;PARKED MOTOR VEHICLE","37209","2021","February","Winter","04","Sunday","Weekend","No Injuries","No Fatalities"
9.98512505654502e-314,2021-02-28 06:12:00,1,0,0,NA,"Y","NOT COLLISION W/MOTOR VEHICLE-TRANSPORT","RAIN","DARK - LIGHTED","ROSA L PARKS BLVD & DOMINICAN DR","NASHVILLE","NORTH",36.18855,-86.79852,"UTILITY POLE","37208","2021","February","Winter","06","Sunday","Weekend","No Injuries","No Fatalities"
9.98512507828391e-314,2021-02-28 04:40:00,2,0,0,NA,"Y","Front to Rear","RAIN","DARK - NOT LIGHTED","GAY ST & 3RD AVN","NASHVILLE","CENTRA",36.16893,-86.78036,"MOTOR VEHICLE IN TRANSPORT","37219","2021","February","Winter","04","Sunday","Weekend","No Injuries","No Fatalities"
9.98512508865929e-314,2021-02-28 06:46:00,2,0,0,NA,"Y","SIDESWIPE - SAME DIRECTION","RAIN","DARK - NOT LIGHTED","MM 202 7 I 40","NASHVILLE","WEST",36.14679,-86.87811,"MOTOR VEHICLE IN TRANSPORT","37209","2021","February","Winter","06","Sunday","Weekend","No Injuries","No Fatalities"
9.98512510545752e-314,2021-02-28 07:06:00,1,0,0,NA,"N","NOT COLLISION W/MOTOR VEHICLE-TRANSPORT","RAIN","DARK - LIGHTED","I40 W EXT RAMP & I 40","NASHVILLE","CENTRA",36.15684,-86.78969,"GUARDRAIL FACE","37203","2021","February","Winter","07","Sunday","Weekend","No Injuries","No Fatalities"
9.9851251662276e-314,2021-02-28 08:14:00,1,1,0,NA,"N","NOT COLLISION W/MOTOR VEHICLE-TRANSPORT","RAIN","DARK - LIGHTED","MYATT DR & SPRING BRANCH DR","MADISON","MADISO",36.29274,-86.6953,"DITCH","37115","2021","February","Winter","08","Sunday","Weekend","Injuries","No Fatalities"
9.98512564497721e-314,2021-03-01 00:34:00,2,0,0,NA,"N","ANGLE","RAIN","DARK - LIGHTED","ROSA L PARKS BLVD & JEFFERSON ST","NASHVILLE","CENTRA",36.17294,-86.79119,"MOTOR VEHICLE IN TRANSPORT","37219","2021","March","Spring","00","Monday","Weekday","No Injuries","No Fatalities"
9.98512567313895e-314,2021-03-01 01:05:00,1,0,0,NA,"N","NOT COLLISION W/MOTOR VEHICLE-TRANSPORT","RAIN","DARK - LIGHTED","BREWER DR & BYRNE DR","NASHVILLE","SOUTH",36.05303,-86.71104,"DITCH;WALL;Ran Off Road-Left","37211","2021","March","Spring","01","Monday","Weekday","No Injuries","No Fatalities"
9.98512570080663e-314,2021-03-01 01:59:00,2,0,0,NA,"Y","SIDESWIPE - SAME DIRECTION","RAIN","DARK - LIGHTED","MM 210 7 I 40","NASHVILLE","HERMIT",36.15335,-86.76467,"MOTOR VEHICLE IN TRANSPORT","37210","2021","March","Spring","01","Monday","Weekday","No Injuries","No Fatalities"
9.98512571513453e-314,2021-03-01 02:18:00,2,0,0,NA,"N","ANGLE","RAIN","DARK - LIGHTED","I40 W ENT RAMP & I 40","NASHVILLE","HERMIT",36.15086,-86.77073,"MOTOR VEHICLE IN TRANSPORT","37210","2021","March","Spring","02","Monday","Weekday","No Injuries","No Fatalities"
9.98512572353364e-314,2021-03-01 01:59:00,2,0,0,NA,"Y","ANGLE","RAIN","DARK - NOT LIGHTED","4TH AVS & I40 E EXT RAMP","NASHVILLE","SOUTH",36.1505,-86.77036,"MOTOR VEHICLE IN TRANSPORT","37210","2021","March","Spring","01","Monday","Weekday","No Injuries","No Fatalities"
9.98512572501584e-314,2021-03-01 02:23:00,2,0,0,NA,"Y","Front to Rear","RAIN","DARK - LIGHTED","S 5TH ST & SHELBY AV","NASHVILLE","EAST",36.1676,-86.76222,"MOTOR VEHICLE IN TRANSPORT","37206","2021","March","Spring","02","Monday","Weekday","No Injuries","No Fatalities"
9.98512573736748e-314,2021-03-01 02:25:00,2,0,0,NA,"Y","SIDESWIPE - SAME DIRECTION","RAIN","DARK - LIGHTED","TUSCULUM RD & SHACKLETT LANE CT","ANTIOCH","SOUTH",36.05285,-86.67466,"MOTOR VEHICLE IN TRANSPORT","37013","2021","March","Spring","02","Monday","Weekday","No Injuries","No Fatalities"
9.98512574873099e-314,2021-03-01 03:27:00,2,3,0,NA,"Y","ANGLE","RAIN","DARK - LIGHTED","WEDGEWOOD AV & HILLSIDE AV","NASHVILLE","MIDTOW",36.13474,-86.78408,"MOTOR VEHICLE IN TRANSPORT","37203","2021","March","Spring","03","Monday","Weekday","Injuries","No Fatalities"
9.98512575317758e-314,2021-03-01 03:33:00,1,1,0,NA,"N","NOT COLLISION W/MOTOR VEHICLE-TRANSPORT","RAIN","DARK - LIGHTED","MM 210 6 I 40","NASHVILLE","HERMIT",36.1527,-86.76564,"CONCRETE TRAFFIC BARRIER","37210","2021","March","Spring","03","Monday","Weekday","Injuries","No Fatalities"
9.98512575614198e-314,2021-02-28 06:00:00,2,0,0,NA,"Y","ANGLE","RAIN","DARK - NOT LIGHTED","EWING DR & RICH ACRES DR","NASHVILLE","EAST",36.23004,-86.76283,"MOTOR VEHICLE IN TRANSPORT","37207","2021","February","Winter","06","Sunday","Weekend","No Injuries","No Fatalities"
9.98512575910637e-314,2021-02-28 06:00:00,1,0,0,NA,"N","NOT COLLISION W/MOTOR VEHICLE-TRANSPORT","RAIN","DARK - LIGHTED","LEBANON PKE & FAIRWAY DR","NASHVILLE","HERMIT",36.16921,-86.68115,"UTILITY POLE","37214","2021","February","Winter","06","Sunday","Weekend","No Injuries","No Fatalities"
9.98512576799955e-314,2021-03-01 04:08:00,2,3,0,NA,"N","SIDESWIPE - OPPOSITE DIRECTION","RAIN","DARK - LIGHTED","MOOREWOOD DR & CRISLYNNDALE DR","NASHVILLE","MADISO",36.23688,-86.77343,"MOTOR VEHICLE IN TRANSPORT","37207","2021","March","Spring","04","Monday","Weekday","Injuries","No Fatalities"
9.98512576948175e-314,2021-02-28 06:00:00,2,1,0,NA,"Y","NOT COLLISION W/MOTOR VEHICLE-TRANSPORT","RAIN","DARK - LIGHTED","WILCLAY DR & COUGAR DR","NASHVILLE","WEST",36.14361,-86.87741,"MOTOR VEHICLE IN TRANSPORT;PEDESTRIAN","37209","2021","February","Winter","06","Sunday","Weekend","Injuries","No Fatalities"
9.98512577145801e-314,2021-02-28 06:00:00,1,0,0,NA,"Y","NOT COLLISION W/MOTOR VEHICLE-TRANSPORT","RAIN","DARK - LIGHTED","MM 48 7 I 24","NASHVILLE","CENTRA",36.16935,-86.76645,"GUARDRAIL END;Ran Off Road-Right","37213","2021","February","Winter","06","Sunday","Weekend","No Injuries","No Fatalities"
9.98512577541054e-314,2021-03-01 04:35:00,2,3,0,NA,"N","SIDESWIPE - OPPOSITE DIRECTION","RAIN","DARK - LIGHTED","MYATT DR & MYATT CENTER LN","MADISON","MADISO",36.2755,-86.68949,"MOTOR VEHICLE IN TRANSPORT","37115","2021","March","Spring","04","Monday","Weekday","Injuries","No Fatalities"
9.98512577639867e-314,2021-03-01 04:40:00,1,1,0,NA,"N","NOT COLLISION W/MOTOR VEHICLE-TRANSPORT","RAIN","DARK - LIGHTED","MM 5 6 I 440","NASHVILLE","MIDTOW",36.12193,-86.76199,"CONCRETE TRAFFIC BARRIER","37211","2021","March","Spring","04","Monday","Weekday","Injuries","No Fatalities"
9.98512579220877e-314,2021-03-01 05:05:00,2,1,0,NA,"Y","Front to Rear","RAIN","DARK - LIGHTED","MURFREESBORO PKE & KERMIT DR","NASHVILLE","HERMIT",36.12182,-86.70483,"MOTOR VEHICLE IN TRANSPORT","37217","2021","March","Spring","05","Monday","Weekday","Injuries","No Fatalities"
9.98512580011382e-314,2021-03-01 05:15:00,1,0,0,NA,"N","NOT COLLISION W/MOTOR VEHICLE-TRANSPORT","RAIN","DARK - LIGHTED","MM 54 3 I 24","NASHVILLE","SOUTH",36.10262,-86.71389,"GUARDRAIL FACE","37211","2021","March","Spring","05","Monday","Weekday","No Injuries","No Fatalities"
9.98512580604261e-314,2021-03-01 04:46:00,1,0,0,NA,"N","NOT COLLISION W/MOTOR VEHICLE-TRANSPORT","RAIN","DARK - LIGHTED","GALLATIN PKEN & RIVERGATE PKWY","MADISON","MADISO",36.29841,-86.69793,"PAVED SURFACE-IRREGULAR","37115","2021","March","Spring","04","Monday","Weekday","No Injuries","No Fatalities"
9.98512583074589e-314,2021-03-01 06:15:00,1,0,0,NA,"N","NOT COLLISION W/MOTOR VEHICLE-TRANSPORT","RAIN","DARK - LIGHTED","MM 209 0 I 40","NASHVILLE","CENTRA",36.15685,-86.78991,"WALL;Ran Off Road-Right","37203","2021","March","Spring","06","Monday","Weekday","No Injuries","No Fatalities"
9.98512584754412e-314,2021-03-01 05:06:00,1,0,0,NA,"N","NOT COLLISION W/MOTOR VEHICLE-TRANSPORT","RAIN","DARK - NOT LIGHTED","CANE RIDGE RD & PRESTON RD","ANTIOCH","SOUTH",36.03738,-86.65781,"CURB","37013","2021","March","Spring","05","Monday","Weekday","No Injuries","No Fatalities"
9.98512587768213e-314,2021-03-01 07:15:00,1,1,0,NA,"N","NOT COLLISION W/MOTOR VEHICLE-TRANSPORT","RAIN","DARK - LIGHTED","I24 E ENT RAMP & I 24","NASHVILLE","CENTRA",36.11026,-86.72234,"GUARDRAIL FACE","37213","2021","March","Spring","07","Monday","Weekday","Injuries","No Fatalities"
9.98512591424298e-314,2021-02-28 06:00:00,1,0,0,NA,"Y","UNKNOWN","RAIN","DARK - LIGHTED","ED TEMPLE BLVD & BUCHANAN ST","NASHVILLE","NORTH",36.17853,-86.82447,"UNKNOWN MOST HARMFUL EVENT","37208","2021","February","Winter","06","Sunday","Weekend","No Injuries","No Fatalities"
9.98512594685132e-314,2021-03-01 09:06:00,2,1,0,NA,"Y","SIDESWIPE - SAME DIRECTION","RAIN","DARK - NOT LIGHTED","MM 53 3 I 24","NASHVILLE","SOUTH",36.11446,-86.72455,"MOTOR VEHICLE IN TRANSPORT;CONCRETE TRAFFIC BARRIER","37210","2021","March","Spring","09","Monday","Weekday","Injuries","No Fatalities"
9.98512600416293e-314,2021-03-01 06:00:00,1,0,0,NA,"N","NOT COLLISION W/MOTOR VEHICLE-TRANSPORT","RAIN","DARK - LIGHTED","BELL RD & BRITTANY PARK DR","ANTIOCH","SOUTH",36.04632,-86.67703,"SHRUBBERY","37013","2021","March","Spring","06","Monday","Weekday","No Injuries","No Fatalities"
9.98512605159323e-314,2021-03-01 12:45:00,2,0,0,NA,"N","Front to Rear","RAIN","DAYLIGHT","MM 52 1 I 24","NASHVILLE","SOUTH",36.13057,-86.72694,"MOTOR VEHICLE IN TRANSPORT","37217","2021","March","Spring","12","Monday","Weekday","No Injuries","No Fatalities"
9.98514330732998e-314,2021-03-17 05:00:00,1,1,0,NA,"N","NOT COLLISION W/MOTOR VEHICLE-TRANSPORT","RAIN","DARK - LIGHTED","MM 201 0 I 40","NASHVILLE","WEST",36.12927,-86.89989,"DITCH;Ran Off Road-Right;Cross Center Line;EMBANKMENT EARTH","37209","2021","March","Spring","05","Wednesday","Weekday","Injuries","No Fatalities"
9.9851433157291e-314,2021-03-17 05:00:00,2,0,0,NA,"N","ANGLE","RAIN","DARK - LIGHTED","I40 E EXT RAMP & I 40","NASHVILLE","HERMIT",36.12856,-86.9005,"MOTOR VEHICLE IN TRANSPORT","37214","2021","March","Spring","05","Wednesday","Weekday","No Injuries","No Fatalities"
9.98514333055107e-314,2021-03-18 04:18:00,1,0,0,NA,"N","NOT COLLISION W/MOTOR VEHICLE-TRANSPORT","RAIN","DARK - LIGHTED","MM 201 0 I 40","NASHVILLE","WEST",36.12979,-86.89942,"CONCRETE TRAFFIC BARRIER","37209","2021","March","Spring","04","Thursday","Weekday","No Injuries","No Fatalities"
9.98514333697392e-314,2021-03-18 04:15:00,1,1,0,NA,"N","NOT COLLISION W/MOTOR VEHICLE-TRANSPORT","RAIN","DARK - LIGHTED","BAPTIST WORLD CENTER DR & GOOCH ST","NASHVILLE","NORTH",36.20631,-86.79097,"SHRUBBERY","37207","2021","March","Spring","04","Thursday","Weekday","Injuries","No Fatalities"
9.985143360195e-314,2021-03-18 04:41:00,1,0,0,NA,"N","NOT COLLISION W/MOTOR VEHICLE-TRANSPORT","RAIN","DARK - NOT LIGHTED","DUE WEST AVN & DUE WEST AV N PVTDR","MADISON","MADISO",36.25535,-86.75273,"CULVERT;DITCH","37115","2021","March","Spring","04","Thursday","Weekday","No Injuries","No Fatalities"
9.98514336118314e-314,2021-03-18 04:58:00,2,1,0,NA,"N","ANGLE","RAIN","DARK - LIGHTED","I24 E EXT RAMP & I 24","NASHVILLE","NORTH",36.17595,-86.77241,"MOTOR VEHICLE IN TRANSPORT-OTHER ROADWAY;GUARDRAIL FACE;Ran Off Road-Right;Ran Off Road-Left","37207","2021","March","Spring","04","Thursday","Weekday","Injuries","No Fatalities"
9.98514338242796e-314,2021-03-18 05:27:00,1,0,0,NA,"N","NOT COLLISION W/MOTOR VEHICLE-TRANSPORT","RAIN","DARK - LIGHTED","LINBAR DR & LUNA DR","NASHVILLE","SOUTH",36.08002,-86.69756,"UTILITY POLE","37211","2021","March","Spring","05","Thursday","Weekday","No Injuries","No Fatalities"
9.98514341256596e-314,2021-03-18 06:07:00,1,1,0,NA,"N","NOT COLLISION W/MOTOR VEHICLE-TRANSPORT","RAIN","DARK - NOT LIGHTED","ANTIOCH PIKE & DUMAS DR","NASHVILLE","SOUTH",36.10092,-86.72413,"UTILITY POLE","37211","2021","March","Spring","06","Thursday","Weekday","Injuries","No Fatalities"
9.98514342837606e-314,2021-03-18 06:30:00,2,1,0,NA,"N","ANGLE","RAIN","DARK - LIGHTED","BRILEY PKWYN & BRILEY PKWYS","NASHVILLE","SOUTH",36.16105,-86.69136,"MOTOR VEHICLE IN TRANSPORT;PARKED MOTOR VEHICLE","37211","2021","March","Spring","06","Thursday","Weekday","Injuries","No Fatalities"
9.9851434407277e-314,2021-03-18 06:55:00,1,0,0,NA,"Y","UNKNOWN","RAIN","DARK - LIGHTED","MM 209 1 I 40","NASHVILLE","CENTRA",36.15585,-86.78924,"UNKNOWN MOST HARMFUL EVENT","37203","2021","March","Spring","06","Thursday","Weekday","No Injuries","No Fatalities"
9.98514344122177e-314,2021-03-18 06:39:00,2,0,0,NA,"Y","HEAD-ON","RAIN","DARK - LIGHTED","PLUS PARK BLVD & MURFREESBORO PKE","NASHVILLE","SOUTH",36.13354,-86.72293,"PARKED MOTOR VEHICLE;Motor Vehicle-In-Motion Outside Trafficw","37217","2021","March","Spring","06","Thursday","Weekday","No Injuries","No Fatalities"
9.98514351730788e-314,2021-03-18 09:15:00,1,0,0,NA,"N","NOT COLLISION W/MOTOR VEHICLE-TRANSPORT","RAIN","DARK - LIGHTED","HOBSON & OLD HICKORY","ANTIOCH","SOUTH",36.03908,-86.61035,"DITCH;TREE","37013","2021","March","Spring","09","Thursday","Weekday","No Injuries","No Fatalities"
9.98514437648804e-314,2021-03-19 03:49:00,1,1,0,NA,"N","NOT COLLISION W/MOTOR VEHICLE-TRANSPORT","RAIN","DARK - NOT LIGHTED","MM 60 6 I 24","ANTIOCH","SOUTH",36.03366,-86.64226,"WALL","37013","2021","March","Spring","03","Friday","Weekday","Injuries","No Fatalities"
9.98514446097326e-314,2021-03-19 05:11:00,1,0,0,NA,"N","NOT COLLISION W/MOTOR VEHICLE-TRANSPORT","RAIN","DARK - LIGHTED","ROBINSON RD & ELLISTON ST","OLD HICKORY","HERMIT",36.25386,-86.64988,"OTHER OBJECT (NOT FIXED)","37138","2021","March","Spring","05","Friday","Weekday","No Injuries","No Fatalities"
9.98514466452831e-314,2021-03-19 10:30:00,2,1,0,NA,"N","Front to Rear","RAIN","DARK - NOT LIGHTED","FIRESTONE & J P HENNESSY","ANTIOCH","SOUTH",36.0116,-86.60966,"MOTOR VEHICLE IN TRANSPORT","37013","2021","March","Spring","10","Friday","Weekday","Injuries","No Fatalities"
9.9851446833028e-314,2021-03-19 11:40:00,1,0,0,NA,"N","NOT COLLISION W/MOTOR VEHICLE-TRANSPORT","RAIN","DAWN","OCALA DR & NOLENSVILLE PKE","NASHVILLE","SOUTH",36.05151,-86.71436,"OTHER POST, POLE, SUPP.;FIRE HYDRANT;Ran Off Road-Right","37211","2021","March","Spring","11","Friday","Weekday","No Injuries","No Fatalities"
9.98514469071379e-314,2021-03-19 11:50:00,2,1,0,NA,"N","ANGLE","RAIN","DAYLIGHT","I24 E ENT RAMP & I 24","NASHVILLE","CENTRA",36.01344,-86.62069,"MOTOR VEHICLE IN TRANSPORT","37213","2021","March","Spring","11","Friday","Weekday","Injuries","No Fatalities"
9.98514469516038e-314,2021-03-19 12:00:00,1,1,0,NA,"N","NOT COLLISION W/MOTOR VEHICLE-TRANSPORT","RAIN","DAWN","CHARLOTTE AV & 15TH AVN","NASHVILLE","NORTH",36.16021,-86.79487,"MOTOR VEHICLE IN TRANSPORT;PEDESTRIAN","37203","2021","March","Spring","12","Friday","Weekday","Injuries","No Fatalities"
9.9851530908179e-314,2021-03-27 05:00:00,1,0,0,NA,"Y","NOT COLLISION W/MOTOR VEHICLE-TRANSPORT","RAIN","DAYLIGHT","BELLE VALLEY DR & OLD HICKORY BLVD","NASHVILLE","WEST",36.10589,-86.9222,"CURB","37221","2021","March","Spring","05","Saturday","Weekend","No Injuries","No Fatalities"
9.98515311552118e-314,2021-03-27 05:00:00,2,1,0,NA,"Y","Front to Rear","RAIN","DAYLIGHT","MM 48 9 I 24","NASHVILLE","CENTRA",36.16675,-86.76486,"MOTOR VEHICLE IN TRANSPORT","37213","2021","March","Spring","05","Saturday","Weekend","Injuries","No Fatalities"
9.98515333982698e-314,2021-03-27 05:00:00,2,0,0,NA,"N","ANGLE","RAIN","DARK - NOT LIGHTED","5TH AVS & BROADWAY","NASHVILLE","CENTRA",36.15999,-86.77812,"MOTOR VEHICLE IN TRANSPORT","37203","2021","March","Spring","05","Saturday","Weekend","No Injuries","No Fatalities"
9.98515335069643e-314,2021-03-28 01:06:00,1,0,0,NA,"Y","NOT COLLISION W/MOTOR VEHICLE-TRANSPORT","RAIN","DARK - NOT LIGHTED","UNA ANTIOCH PKE & PICCADILLY ROW","ANTIOCH","SOUTH",36.08234,-86.65175,"SHRUBBERY","37013","2021","March","Spring","01","Sunday","Weekend","No Injuries","No Fatalities"
9.9851533813285e-314,2021-03-28 01:30:00,3,0,0,NA,"N","Front to Rear","RAIN","DARK - LIGHTED","OPRY MILLS DR & BRILEY PKWYS","NASHVILLE","HERMIT",36.19721,-86.688,"MOTOR VEHICLE IN TRANSPORT","37214","2021","March","Spring","01","Sunday","Weekend","No Injuries","No Fatalities"
9.98515338379883e-314,2021-03-28 01:32:00,2,0,0,NA,"Y","Front to Rear","RAIN","DARK - LIGHTED","MM 210 2 I 40","NASHVILLE","MIDTOW",36.14916,-86.77387,"MOTOR VEHICLE IN TRANSPORT","37203","2021","March","Spring","01","Sunday","Weekend","No Injuries","No Fatalities"
9.98515338775135e-314,2021-03-28 01:54:00,1,0,0,NA,"N","NOT COLLISION W/MOTOR VEHICLE-TRANSPORT","RAIN","DARK - NOT LIGHTED","BRILEY PKWY N EXT RAMP & BRILEY PKWYN","NASHVILLE","HERMIT",36.1647,-86.68848,"CONCRETE TRAFFIC BARRIER","37214","2021","March","Spring","01","Sunday","Weekend","No Injuries","No Fatalities"
9.98515340306739e-314,2021-03-28 02:00:00,2,0,0,NA,"Y","SIDESWIPE - OPPOSITE DIRECTION","RAIN","DARK - LIGHTED","16TH AVS & BROADWAY","NASHVILLE","MIDTOW",36.15427,-86.79289,"MOTOR VEHICLE IN TRANSPORT","37203","2021","March","Spring","02","Sunday","Weekend","No Injuries","No Fatalities"
9.98515342925287e-314,2021-03-28 02:31:00,2,1,0,NA,"N","HEAD-ON","RAIN","DARK - LIGHTED","COWAN ST & SPRING ST","NASHVILLE","CENTRA",36.17688,-86.77618,"MOTOR VEHICLE IN TRANSPORT","37213","2021","March","Spring","02","Sunday","Weekend","Injuries","No Fatalities"
9.98515345049769e-314,2021-03-28 03:18:00,2,0,0,NA,"N","Front to Rear","RAIN","DARK - NOT LIGHTED","ABBOTT MARTIN RD & ESTES RD","NASHVILLE","WEST",36.10962,-86.83739,"MOTOR VEHICLE IN TRANSPORT","37215","2021","March","Spring","03","Sunday","Weekend","No Injuries","No Fatalities"
9.98515345939087e-314,2021-03-28 03:40:00,1,0,0,NA,"N","NOT COLLISION W/MOTOR VEHICLE-TRANSPORT","RAIN","DARK - LIGHTED","ROSA L PARKS BLVD & HARRISON ST","NASHVILLE","CENTRA",36.16978,-86.78915,"","37219","2021","March","Spring","03","Sunday","Weekend","No Injuries","No Fatalities"
9.98515346877812e-314,2021-03-28 03:45:00,2,0,0,NA,"N","SIDESWIPE - SAME DIRECTION","RAIN","DARK - LIGHTED","MM 1 6 I 440","NASHVILLE","MIDTOW",36.15253,-86.82251,"MOTOR VEHICLE IN TRANSPORT","37209","2021","March","Spring","03","Sunday","Weekend","No Injuries","No Fatalities"
9.98515347964756e-314,2021-03-28 03:45:00,1,0,0,NA,"N","NOT COLLISION W/MOTOR VEHICLE-TRANSPORT","RAIN","DARK - NOT LIGHTED","7TH AVN & ROSA L PARKS BLVD","NASHVILLE","CENTRA",36.17045,-86.78806,"","37219","2021","March","Spring","03","Sunday","Weekend","No Injuries","No Fatalities"
9.98515351274996e-314,2021-03-28 04:34:00,2,0,0,NA,"N","NOT COLLISION W/MOTOR VEHICLE-TRANSPORT","RAIN","DARK - LIGHTED","DIVISION ST & LYLE AV","NASHVILLE","MIDTOW",36.14987,-86.79682,"OTHER OBJECT (NOT FIXED)","37212","2021","March","Spring","04","Sunday","Weekend","No Injuries","No Fatalities"
9.98515353547698e-314,2021-03-28 04:45:00,1,0,0,NA,"N","NOT COLLISION W/MOTOR VEHICLE-TRANSPORT","RAIN","Dark-Unknown Lighting","HARDING PKE & LYNNWOOD BLVD","NASHVILLE","WEST",36.12227,-86.85138,"","37205","2021","March","Spring","04","Sunday","Weekend","No Injuries","No Fatalities"