"Accident.Number","Date.and.Time","Number.of.Motor.Vehicles","Number.of.Injuries","Number.of.Fatalities","Property.Damage","Hit.and.Run","Collision.Type.Description","Weather.Description","Illumination.Description","Street.Address","City","Precinct","Latitude","Longitude","HarmfulDescriptions","Zip.Code","Year","Month","Season","Hour","Weekday","DayType","Accident","Fatality_category"
9.9851535409117e-314,2021-03-28 05:15:00,2,0,0,NA,"Y","ANGLE","RAIN","DARK - LIGHTED","I24 E ENT RAMP & I 24","NASHVILLE","CENTRA",36.12228,-86.72769,"MOTOR VEHICLE IN TRANSPORT","37213","2021","March","Spring","05","Sunday","Weekend","No Injuries","No Fatalities"
9.98515355029895e-314,2021-03-28 02:37:00,2,0,0,NA,"N","ANGLE","RAIN","DARK - LIGHTED","3RD AVS & SHELBY ST PEDESTRIAN BRIDGE GR","NASHVILLE","CENTRA",36.16002,-86.77497,"MOTOR VEHICLE IN TRANSPORT","37201","2021","March","Spring","02","Sunday","Weekend","No Injuries","No Fatalities"
9.98515356166246e-314,2021-03-28 05:00:00,2,0,0,NA,"N","Front to Rear","RAIN","DARK - LIGHTED","MM 205 3 I 40","NASHVILLE","WEST",36.15437,-86.83273,"MOTOR VEHICLE IN TRANSPORT","37209","2021","March","Spring","05","Sunday","Weekend","No Injuries","No Fatalities"
9.98515356413279e-314,2021-03-28 03:40:00,1,0,0,NA,"N","NOT COLLISION W/MOTOR VEHICLE-TRANSPORT","RAIN","DARK - NOT LIGHTED","7TH AVN & ROSA L PARKS BLVD","NASHVILLE","CENTRA",36.17045,-86.78806,"","37219","2021","March","Spring","03","Sunday","Weekend","No Injuries","No Fatalities"
9.9851535740141e-314,2021-03-28 05:55:00,1,0,0,NA,"N","NOT COLLISION W/MOTOR VEHICLE-TRANSPORT","RAIN","DARK - LIGHTED","BURRUS ST & HORSESHOE DR","NASHVILLE","EAST",36.21882,-86.73168,"UTILITY POLE","37216","2021","March","Spring","05","Sunday","Weekend","No Injuries","No Fatalities"
9.98515358685981e-314,2021-03-28 06:25:00,2,0,0,NA,"Y","ANGLE","RAIN","DARK - LIGHTED","BRILEY PKWYS & BRILEY PKWYN","NASHVILLE","NORTH",36.17609,-86.69327,"MOTOR VEHICLE IN TRANSPORT","37218","2021","March","Spring","06","Sunday","Weekend","No Injuries","No Fatalities"
9.98515359427079e-314,2021-03-28 06:25:00,1,0,0,NA,"N","NOT COLLISION W/MOTOR VEHICLE-TRANSPORT","RAIN","DARK - NOT LIGHTED","OLD HICKORY BLVD & LAWING DR","NASHVILLE","MADISO",36.27538,-86.76517,"DITCH;MAIL BOX","37207","2021","March","Spring","06","Sunday","Weekend","No Injuries","No Fatalities"
9.98515367134503e-314,2021-03-28 08:00:00,2,1,0,NA,"N","ANGLE","RAIN","DARK - LIGHTED","MURFREESBORO PKE & PARKS RETREAT DR","ANTIOCH","SOUTH",36.03165,-86.59419,"MOTOR VEHICLE IN TRANSPORT","37013","2021","March","Spring","08","Sunday","Weekend","Injuries","No Fatalities"
9.98515367282723e-314,2021-03-28 08:40:00,3,0,0,NA,"N","ANGLE","RAIN","DARK - LIGHTED","PEBBLE CREEK DR & MOUNTAIN LAUREL DR","ANTIOCH","SOUTH",36.07171,-86.65781,"PARKED MOTOR VEHICLE","37013","2021","March","Spring","08","Sunday","Weekend","No Injuries","No Fatalities"
9.98515370395337e-314,2021-03-28 05:02:00,2,0,0,NA,"N","Front to Rear","RAIN","DARK - NOT LIGHTED","MM 51 5 I 24","NASHVILLE","HERMIT",36.1407,-86.72948,"MOTOR VEHICLE IN TRANSPORT","37210","2021","March","Spring","05","Sunday","Weekend","No Injuries","No Fatalities"
9.98515371531688e-314,2021-03-28 10:14:00,2,0,0,NA,"N","SIDESWIPE - SAME DIRECTION","RAIN","DARK - NOT LIGHTED","MAIN ST & JAMES ROBERTSON PKWY","NASHVILLE","CENTRA",36.17139,-86.7696,"MOTOR VEHICLE IN TRANSPORT","37213","2021","March","Spring","10","Sunday","Weekend","No Injuries","No Fatalities"
9.98515373557357e-314,2021-03-28 10:54:00,1,0,0,NA,"N","NOT COLLISION W/MOTOR VEHICLE-TRANSPORT","RAIN","DARK - NOT LIGHTED","MM 201 0 I 40","NASHVILLE","WEST",36.13017,-86.89908,"GUARDRAIL FACE","37209","2021","March","Spring","10","Sunday","Weekend","No Injuries","No Fatalities"
9.98515373606763e-314,2021-03-28 05:00:00,1,0,0,NA,"Y","UNKNOWN","RAIN","Dark-Unknown Lighting","NOLENSVILLE PKE & TIMMONS ST","NASHVILLE","MIDTOW",36.10807,-86.74377,"UNKNOWN MOST HARMFUL EVENT","37211","2021","March","Spring","05","Sunday","Weekend","No Injuries","No Fatalities"
9.98515374397268e-314,2021-03-28 05:00:00,1,0,0,NA,"N","NOT COLLISION W/MOTOR VEHICLE-TRANSPORT","RAIN","DARK - NOT LIGHTED","I40 E EXT RAMP & I 40","NASHVILLE","HERMIT",36.1293,-86.89966,"GUARDRAIL FACE","37214","2021","March","Spring","05","Sunday","Weekend","No Injuries","No Fatalities"
9.98515377262849e-314,2021-03-28 05:00:00,1,0,0,NA,"N","NOT COLLISION W/MOTOR VEHICLE-TRANSPORT","RAIN","DARK - LIGHTED","3105 MURFREESBORO PKE","ANTIOCH","SOUTH",36.06439,-86.62789,"DITCH","37013","2021","March","Spring","05","Sunday","Weekend","No Injuries","No Fatalities"
9.98515386995942e-314,2021-03-28 05:01:00,1,0,0,NA,"N","NOT COLLISION W/MOTOR VEHICLE-TRANSPORT","RAIN","DARK - LIGHTED","MM 55 3 I 24","NASHVILLE","SOUTH",36.09083,-86.70396,"Ran Off Road-Right;EMBANKMENT EARTH","37211","2021","March","Spring","05","Sunday","Weekend","No Injuries","No Fatalities"
9.98515609572516e-314,2021-03-31 02:10:00,2,1,0,NA,"N","ANGLE","RAIN","DARK - LIGHTED","CHARLOTTE AV & GEORGE L DAVIS BLVD","NASHVILLE","CENTRA",36.16126,-86.79254,"MOTOR VEHICLE IN TRANSPORT","37203","2021","March","Spring","02","Wednesday","Weekday","Injuries","No Fatalities"
9.98515624443892e-314,2021-03-31 06:30:00,1,0,0,NA,"Y","NOT COLLISION W/MOTOR VEHICLE-TRANSPORT","RAIN","DARK - LIGHTED","BERKLEY DR & BARRY DR","MADISON","MADISO",36.24616,-86.71751,"CULVERT;Ran Off Road-Left","37115","2021","March","Spring","06","Wednesday","Weekday","No Injuries","No Fatalities"
9.9851562533321e-314,2021-03-31 06:44:00,1,0,0,NA,"N","NOT COLLISION W/MOTOR VEHICLE-TRANSPORT","RAIN","DARK - LIGHTED","MM 92 2 I 65","MADISON","MADISO",36.26363,-86.73792,"","37115","2021","March","Spring","06","Wednesday","Weekday","No Injuries","No Fatalities"
9.98515626271935e-314,2021-03-31 05:00:00,1,1,0,NA,"N","NOT COLLISION W/MOTOR VEHICLE-TRANSPORT","RAIN","DARK - LIGHTED","MM 56 8 I 24","NASHVILLE","SOUTH",36.07212,-86.69165,"CONCRETE TRAFFIC BARRIER","37211","2021","March","Spring","05","Wednesday","Weekday","Injuries","No Fatalities"
9.98515626617781e-314,2021-03-31 07:08:00,1,0,0,NA,"N","NOT COLLISION W/MOTOR VEHICLE-TRANSPORT","RAIN","DARK - LIGHTED","MM 55 4 I 24","NASHVILLE","SOUTH",36.08971,-86.70305,"CONCRETE TRAFFIC BARRIER","37211","2021","March","Spring","07","Wednesday","Weekday","No Injuries","No Fatalities"
9.98515064815735e-314,2021-03-25 10:47:00,2,0,0,NA,"Y","ANGLE","RAIN","DARK - LIGHTED","OLD HICKORY BLVD & HICKORY PLZ","NASHVILLE","MIDTOW",36.04528,-86.7172,"MOTOR VEHICLE IN TRANSPORT","37211","2021","March","Spring","10","Thursday","Weekday","No Injuries","No Fatalities"
9.98515064914548e-314,2021-03-25 10:45:00,2,0,0,NA,"N","Front to Rear","RAIN","DARK - LIGHTED","MM 86 9 I 65","NASHVILLE","NORTH",36.20075,-86.77675,"MOTOR VEHICLE IN TRANSPORT","37207","2021","March","Spring","10","Thursday","Weekday","No Injuries","No Fatalities"
9.98515065112174e-314,2021-03-25 10:45:00,1,0,0,NA,"N","NOT COLLISION W/MOTOR VEHICLE-TRANSPORT","RAIN","DARK - NOT LIGHTED","MM 48 1 I 24","NASHVILLE","EAST",36.1739,-86.77026,"CONCRETE TRAFFIC BARRIER","37206","2021","March","Spring","10","Thursday","Weekday","No Injuries","No Fatalities"
9.98515066742591e-314,2021-03-25 11:35:00,2,0,0,NA,"N","OTHER","RAIN","DAWN","BARKHILL PL & PRESERVE BLVD","ANTIOCH","SOUTH",36.03222,-86.61842,"MOTOR VEHICLE IN TRANSPORT-OTHER ROADWAY","37013","2021","March","Spring","11","Thursday","Weekday","No Injuries","No Fatalities"
9.98515068373007e-314,2021-03-25 12:00:00,2,0,0,NA,"N","SIDESWIPE - SAME DIRECTION","RAIN","DAYLIGHT","ROSA L PARKS BLVD & JAMES ROBERTSON PKWY","NASHVILLE","CENTRA",36.16651,-86.78737,"MOTOR VEHICLE IN TRANSPORT","37219","2021","March","Spring","12","Thursday","Weekday","No Injuries","No Fatalities"
9.98515069064699e-314,2021-03-25 12:10:00,2,0,0,NA,"Y","SIDESWIPE - SAME DIRECTION","RAIN","DAYLIGHT","W TRINITY LN & BRICK CHURCH PKE","NASHVILLE","NORTH",36.20662,-86.7779,"MOTOR VEHICLE IN TRANSPORT","37207","2021","March","Spring","12","Thursday","Weekday","No Injuries","No Fatalities"
9.98515069212919e-314,2021-03-25 12:15:00,1,1,0,NA,"N","NOT COLLISION W/MOTOR VEHICLE-TRANSPORT","RAIN","DAYLIGHT","BRILEY PKWYW & BUENA VISTA PKE","NASHVILLE","NORTH",36.23207,-86.82683,"GUARDRAIL FACE","37218","2021","March","Spring","12","Thursday","Weekday","Injuries","No Fatalities"
9.98515069459952e-314,2021-03-25 12:06:00,2,0,0,NA,"Y","Front to Rear","RAIN","DAWN","OLD HICKORY BLVD & LOGISTICS WAY","ANTIOCH","SOUTH",36.03022,-86.61263,"MOTOR VEHICLE IN TRANSPORT","37013","2021","March","Spring","12","Thursday","Weekday","No Injuries","No Fatalities"
9.98515073313664e-314,2021-03-25 11:55:00,1,0,0,NA,"N","NOT COLLISION W/MOTOR VEHICLE-TRANSPORT","RAIN","DAYLIGHT","BRILEY PKWYW & BUENA VISTA PKE","NASHVILLE","NORTH",36.2315,-86.82777,"CONCRETE TRAFFIC BARRIER","37218","2021","March","Spring","11","Thursday","Weekday","No Injuries","No Fatalities"
9.98515130427652e-314,2021-03-26 00:15:00,1,1,0,NA,"N","NOT COLLISION W/MOTOR VEHICLE-TRANSPORT","RAIN","DARK - LIGHTED","OLD HICKORY BLVD & CROSSHILL WAY","HERMITAGE","HERMIT",36.167,-86.59921,"BUILDING","37076","2021","March","Spring","00","Friday","Weekday","Injuries","No Fatalities"
9.98515132255695e-314,2021-03-26 00:33:00,2,2,0,NA,"N","Front to Rear","RAIN","DARK - LIGHTED","NOLENSVILLE PKE & CRAIGHEAD ST","NASHVILLE","SOUTH",36.13239,-86.75751,"MOTOR VEHICLE IN TRANSPORT","37210","2021","March","Spring","00","Friday","Weekday","Injuries","No Fatalities"
9.98515132305102e-314,2021-03-26 00:46:00,1,0,0,NA,"N","NOT COLLISION W/MOTOR VEHICLE-TRANSPORT","RAIN","DARK - NOT LIGHTED","MONROE ST & DOWNTOWN GRNWY","NASHVILLE","CENTRA",36.17875,-86.78419,"","37208","2021","March","Spring","00","Friday","Weekday","No Injuries","No Fatalities"
9.98515132453322e-314,2021-03-26 00:48:00,2,0,0,NA,"N","HEAD-ON","RAIN","DARK - LIGHTED","WEST END AV & 21ST AVN","NASHVILLE","MIDTOW",36.1507,-86.80076,"MOTOR VEHICLE IN TRANSPORT","37240","2021","March","Spring","00","Friday","Weekday","No Injuries","No Fatalities"
9.98515132996794e-314,2021-03-26 01:01:00,2,0,0,NA,"N","Front to Rear","RAIN","DARK - LIGHTED","MM 6 9 I 440","NASHVILLE","SOUTH",36.12455,-86.7381,"MOTOR VEHICLE IN TRANSPORT","37210","2021","March","Spring","01","Friday","Weekday","No Injuries","No Fatalities"
9.9851513319442e-314,2021-03-26 01:00:00,2,0,0,NA,"Y","HEAD-ON","RAIN","DARK - LIGHTED","0 MURFREESBORO PKE","NASHVILLE","HERMIT",36.07927,-86.64428,"MOTOR VEHICLE IN TRANSPORT","37217","2021","March","Spring","01","Friday","Weekday","No Injuries","No Fatalities"
9.98515133490859e-314,2021-03-26 01:10:00,2,0,0,NA,"N","Front to Rear","RAIN","DARK - LIGHTED","MM 211 6 I 40","NASHVILLE","HERMIT",36.15064,-86.74947,"MOTOR VEHICLE IN TRANSPORT","37210","2021","March","Spring","01","Friday","Weekday","No Injuries","No Fatalities"
9.98515133737892e-314,2021-03-26 01:15:00,1,1,0,NA,"N","NOT COLLISION W/MOTOR VEHICLE-TRANSPORT","RAIN","DARK - NOT LIGHTED","CANE RIDGE RD & CANE SPRINGS RD","ANTIOCH","SOUTH",36.01433,-86.64158,"TREE","37013","2021","March","Spring","01","Friday","Weekday","Injuries","No Fatalities"
9.98515133886112e-314,2021-03-26 00:50:00,2,0,0,NA,"N","SIDESWIPE - SAME DIRECTION","RAIN","DARK - LIGHTED","8TH AVS & LAFAYETTE ST","NASHVILLE","CENTRA",36.15456,-86.77921,"MOTOR VEHICLE IN TRANSPORT","37203","2021","March","Spring","00","Friday","Weekday","No Injuries","No Fatalities"
9.98515134726024e-314,2021-03-26 01:15:00,2,0,0,NA,"N","SIDESWIPE - SAME DIRECTION","RAIN","DARK - LIGHTED","MM 7 0 I 440","NASHVILLE","SOUTH",36.12454,-86.73624,"MOTOR VEHICLE IN TRANSPORT","37210","2021","March","Spring","01","Friday","Weekday","No Injuries","No Fatalities"
9.98515134874243e-314,2021-03-26 00:47:00,2,0,0,NA,"Y","Front to Rear","RAIN","DARK - LIGHTED","CLARKSVILLE PKE & CLIFF DR","NASHVILLE","NORTH",36.19257,-86.82946,"MOTOR VEHICLE IN TRANSPORT","37218","2021","March","Spring","00","Friday","Weekday","No Injuries","No Fatalities"
9.98515135121276e-314,2021-03-26 00:15:00,2,0,0,NA,"N","Front to Rear","RAIN","DARK - LIGHTED","I65 S EXT RAMP & I 65","MADISON","MADISO",36.08265,-86.76518,"MOTOR VEHICLE IN TRANSPORT","37115","2021","March","Spring","00","Friday","Weekday","No Injuries","No Fatalities"
9.98515135763561e-314,2021-03-26 01:43:00,2,0,0,NA,"N","SIDESWIPE - SAME DIRECTION","RAIN","DARK - LIGHTED","MM 52 1 I 24","NASHVILLE","SOUTH",36.13029,-86.727,"MOTOR VEHICLE IN TRANSPORT;GUARDRAIL END","37217","2021","March","Spring","01","Friday","Weekday","No Injuries","No Fatalities"
9.98515135911781e-314,2021-03-25 05:00:00,2,0,0,NA,"N","SIDESWIPE - SAME DIRECTION","RAIN","DARK - LIGHTED","MURFREESBORO PKE & MARTWAY DR","ANTIOCH","SOUTH",36.0787,-86.64355,"MOTOR VEHICLE IN TRANSPORT","37013","2021","March","Spring","05","Thursday","Weekday","No Injuries","No Fatalities"
9.98515136850506e-314,2021-03-26 01:45:00,2,0,0,NA,"N","Front to Rear","RAIN","DARK - LIGHTED","I24 W ENT RAMP & I 40","NASHVILLE","HERMIT",36.15433,-86.75804,"MOTOR VEHICLE IN TRANSPORT","37217","2021","March","Spring","01","Friday","Weekday","No Injuries","No Fatalities"
9.98515141642943e-314,2021-03-25 05:00:00,2,0,0,NA,"N","ANGLE","RAIN","DARK - LIGHTED","MM 51 6 I 24","NASHVILLE","HERMIT",36.14082,-86.73002,"MOTOR VEHICLE IN TRANSPORT;BRIDGE RAIL","37210","2021","March","Spring","05","Thursday","Weekday","No Injuries","No Fatalities"
9.98515170249343e-314,2021-03-26 09:44:00,1,1,0,NA,"N","NOT COLLISION W/MOTOR VEHICLE-TRANSPORT","RAIN","Dark-Unknown Lighting","UNA ANTIOCH PKE & CHADFIELD CT","ANTIOCH","SOUTH",36.06103,-86.66579,"Ran Off Road-Right;EMBANKMENT EARTH","37013","2021","March","Spring","09","Friday","Weekday","Injuries","No Fatalities"
9.98515285267826e-314,2021-03-27 11:16:00,1,0,0,NA,"N","NOT COLLISION W/MOTOR VEHICLE-TRANSPORT","RAIN","DAWN","MM 89 6 I 65","NASHVILLE","MADISO",36.23588,-86.7637,"CONCRETE TRAFFIC BARRIER","37207","2021","March","Spring","11","Saturday","Weekend","No Injuries","No Fatalities"
9.98515285317232e-314,2021-03-27 11:36:00,2,0,0,NA,"Y","SIDESWIPE - SAME DIRECTION","RAIN","DAWN","MM 92 9 I 65","MADISON","MADISO",36.27416,-86.73576,"MOTOR VEHICLE IN TRANSPORT","37115","2021","March","Spring","11","Saturday","Weekend","No Injuries","No Fatalities"
9.9851528665121e-314,2021-03-27 12:07:00,1,0,0,NA,"N","NOT COLLISION W/MOTOR VEHICLE-TRANSPORT","RAIN","DARK - NOT LIGHTED","MM 57 6 I 24","ANTIOCH","SOUTH",36.06284,-86.68285,"CONCRETE TRAFFIC BARRIER","37013","2021","March","Spring","12","Saturday","Weekend","No Injuries","No Fatalities"
9.98515287392308e-314,2021-03-27 12:00:00,2,0,0,NA,"Y","ANGLE","RAIN","DARK - LIGHTED","MM 56 2 I 24","NASHVILLE","SOUTH",36.07919,-86.6957,"MOTOR VEHICLE IN TRANSPORT","37211","2021","March","Spring","12","Saturday","Weekend","No Injuries","No Fatalities"
9.98515289319164e-314,2021-03-27 05:00:00,1,0,0,NA,"Y","UNKNOWN","RAIN","DAWN","DELAWARE AV & N DUPONT AV","MADISON","MADISO",36.26804,-86.7034,"TREE;UNKNOWN MOST HARMFUL EVENT","37115","2021","March","Spring","05","Saturday","Weekend","No Injuries","No Fatalities"
9.98516422853975e-314,2021-04-08 05:44:00,2,0,0,NA,"N","SIDESWIPE - SAME DIRECTION","RAIN","DARK - LIGHTED","GALLATIN PKEN & EDENWOLD RD","MADISON","MADISO",36.28725,-86.70523,"MOTOR VEHICLE IN TRANSPORT;PARKED MOTOR VEHICLE","37115","2021","April","Spring","05","Thursday","Weekday","No Injuries","No Fatalities"
9.98516430759026e-314,2021-04-08 05:00:00,5,0,0,NA,"Y","UNKNOWN","RAIN","DARK - LIGHTED","HICKORY LAKE APTS PVTDR & APACHE TRL","NASHVILLE","SOUTH",36.06728,-86.69107,"PARKED MOTOR VEHICLE","37211","2021","April","Spring","05","Thursday","Weekday","No Injuries","No Fatalities"
9.98516431500124e-314,2021-04-08 07:30:00,1,0,0,NA,"N","NOT COLLISION W/MOTOR VEHICLE-TRANSPORT","RAIN","DARK - LIGHTED","14TH AVS & MCGAVOCK ST","NASHVILLE","MIDTOW",36.15445,-86.78896,"GUARDRAIL END","37203","2021","April","Spring","07","Thursday","Weekday","No Injuries","No Fatalities"
9.98516443654139e-314,2021-04-08 11:20:00,3,0,0,NA,"N","Front to Rear","RAIN","DAWN","I24 W ENT RAMP & I 40","NASHVILLE","HERMIT",36.15429,-86.75798,"MOTOR VEHICLE IN TRANSPORT","37217","2021","April","Spring","11","Thursday","Weekday","No Injuries","No Fatalities"
9.98516445037523e-314,2021-04-08 08:31:00,1,0,0,NA,"Y","NOT COLLISION W/MOTOR VEHICLE-TRANSPORT","RAIN","DARK - LIGHTED","BAPTIST WORLD CENTER DR & SEMINARY ST","NASHVILLE","NORTH",36.20011,-86.78608,"EMBANKMENT EARTH","37207","2021","April","Spring","08","Thursday","Weekday","No Injuries","No Fatalities"
9.98516657732783e-314,2021-04-10 12:42:00,1,0,0,NA,"N","NOT COLLISION W/MOTOR VEHICLE-TRANSPORT","RAIN","DAYLIGHT","MM 210 3 I 40","NASHVILLE","MIDTOW",36.15025,-86.7714,"GUARDRAIL FACE","37203","2021","April","Spring","12","Saturday","Weekend","No Injuries","No Fatalities"
9.98516664303856e-314,2021-04-10 05:00:00,1,0,0,NA,"N","NOT COLLISION W/MOTOR VEHICLE-TRANSPORT","RAIN","DAYLIGHT","MM 51 5 I 24","NASHVILLE","HERMIT",36.14031,-86.72842,"CONCRETE TRAFFIC BARRIER","37210","2021","April","Spring","05","Saturday","Weekend","No Injuries","No Fatalities"
9.98517903618122e-314,2021-04-23 11:45:00,3,0,0,NA,"Y","ANGLE","RAIN","DAYLIGHT","MM 93 8 I 65","MADISON","MADISO",36.28575,-86.72802,"MOTOR VEHICLE IN TRANSPORT","37115","2021","April","Spring","11","Friday","Weekday","No Injuries","No Fatalities"
9.9851790480388e-314,2021-04-23 12:17:00,1,0,0,NA,"N","NOT COLLISION W/MOTOR VEHICLE-TRANSPORT","RAIN","DAYLIGHT","I40 E ENT RAMP & BRILEY PKWYN","NASHVILLE","HERMIT",36.14262,-86.69821,"","37217","2021","April","Spring","12","Friday","Weekday","No Injuries","No Fatalities"
9.98517906780143e-314,2021-04-23 12:44:00,3,1,0,NA,"N","Front to Rear","RAIN","DAYLIGHT","CLEVELAND ST & MCFERRIN AV","NASHVILLE","EAST",36.18434,-86.75474,"MOTOR VEHICLE IN TRANSPORT","37206","2021","April","Spring","12","Friday","Weekday","Injuries","No Fatalities"
9.98517999219825e-314,2021-04-24 07:50:00,2,0,0,NA,"Y","Front to Rear","RAIN","DARK - LIGHTED","CHURCH ST & 14TH AVN","NASHVILLE","MIDTOW",36.15773,-86.792,"MOTOR VEHICLE IN TRANSPORT","37203","2021","April","Spring","07","Saturday","Weekend","No Injuries","No Fatalities"
9.98518001097274e-314,2021-04-24 08:50:00,1,1,0,NA,"N","NOT COLLISION W/MOTOR VEHICLE-TRANSPORT","RAIN","DARK - LIGHTED","MM 86 9 I 65","NASHVILLE","NORTH",36.20257,-86.77685,"","37207","2021","April","Spring","08","Saturday","Weekend","Injuries","No Fatalities"
9.98518002332439e-314,2021-04-24 09:19:00,1,0,0,NA,"N","NOT COLLISION W/MOTOR VEHICLE-TRANSPORT","RAIN","DARK - NOT LIGHTED","CASCADE DR & SHASTA DR","HERMITAGE","HERMIT",36.22147,-86.59023,"BUILDING","37076","2021","April","Spring","09","Saturday","Weekend","No Injuries","No Fatalities"
9.98518004308701e-314,2021-04-24 10:15:00,1,0,0,NA,"N","NOT COLLISION W/MOTOR VEHICLE-TRANSPORT","RAIN","DARK - LIGHTED","LEBANON PKE & SPRING PLACE DR","NASHVILLE","HERMIT",36.17495,-86.64658,"DITCH","37214","2021","April","Spring","10","Saturday","Weekend","No Injuries","No Fatalities"
9.98518007964787e-314,2021-04-24 11:44:00,1,0,0,NA,"N","NOT COLLISION W/MOTOR VEHICLE-TRANSPORT","RAIN","DAYLIGHT","MM 209 8 I 40","NASHVILLE","CENTRA",36.14831,-86.77976,"GUARDRAIL FACE","37203","2021","April","Spring","11","Saturday","Weekend","No Injuries","No Fatalities"
9.98518008360039e-314,2021-04-24 11:54:00,1,0,0,NA,"N","NOT COLLISION W/MOTOR VEHICLE-TRANSPORT","RAIN","DAWN","MM 86 1 I 65","NASHVILLE","NORTH",36.19187,-86.78329,"BRIDGE RAIL","37228","2021","April","Spring","11","Saturday","Weekend","No Injuries","No Fatalities"
9.98518009101138e-314,2021-04-24 12:04:00,3,1,0,NA,"N","SIDESWIPE - SAME DIRECTION","RAIN","DAYLIGHT","I24 W ENT RAMP & I 24","NASHVILLE","EAST",36.16549,-86.76401,"MOTOR VEHICLE IN TRANSPORT","37206","2021","April","Spring","12","Saturday","Weekend","Injuries","No Fatalities"
9.98518009446984e-314,2021-04-24 11:39:00,2,0,0,NA,"N","SIDESWIPE - SAME DIRECTION","RAIN","DAYLIGHT","MM 87 8 I 65","NASHVILLE","EAST",36.21277,-86.77571,"MOTOR VEHICLE IN TRANSPORT","37207","2021","April","Spring","11","Saturday","Weekend","No Injuries","No Fatalities"
9.98518011670279e-314,2021-04-24 12:43:00,1,0,0,NA,"N","NOT COLLISION W/MOTOR VEHICLE-TRANSPORT","RAIN","DAYLIGHT","ELLINGTON PKWYS & SLAYDON DR","NASHVILLE","EAST",36.21152,-86.74894,"TREE","37207","2021","April","Spring","12","Saturday","Weekend","No Injuries","No Fatalities"
9.98518015276958e-314,2021-04-24 12:56:00,1,0,0,NA,"N","NOT COLLISION W/MOTOR VEHICLE-TRANSPORT","RAIN","DAYLIGHT","BRILEY PKWYW & DOVERSIDE DR","NASHVILLE","MADISO",36.23949,-86.77612,"CONCRETE TRAFFIC BARRIER","37207","2021","April","Spring","12","Saturday","Weekend","No Injuries","No Fatalities"
9.9851803207519e-314,2021-04-24 05:00:00,2,0,0,NA,"Y","Front to Rear","RAIN","DAYLIGHT","JUAREZ DR & LEBANON PKE","HERMITAGE","HERMIT",36.19288,-86.62383,"MOTOR VEHICLE IN TRANSPORT","37076","2021","April","Spring","05","Saturday","Weekend","No Injuries","No Fatalities"
9.98518052134256e-314,2021-04-25 00:43:00,2,1,0,NA,"N","ANGLE","RAIN","DAYLIGHT","DICKERSON PKE & BELL GRIMES LN","MADISON","MADISO",36.26877,-86.75594,"MOTOR VEHICLE IN TRANSPORT","37115","2021","April","Spring","00","Sunday","Weekend","Injuries","No Fatalities"
9.985180532212e-314,2021-04-25 01:49:00,2,1,0,NA,"N","ANGLE","RAIN","DARK - LIGHTED","I24 W EXT RAMP & I 24","NASHVILLE","SOUTH",36.01514,-86.62027,"MOTOR VEHICLE IN TRANSPORT","37211","2021","April","Spring","01","Sunday","Weekend","Injuries","No Fatalities"
9.98518053814079e-314,2021-04-24 05:00:00,2,1,0,NA,"N","SIDESWIPE - SAME DIRECTION","RAIN","DARK - LIGHTED","BRILEY PKWYW & BRILEY PKWYE","NASHVILLE","NORTH",36.23674,-86.72837,"MOTOR VEHICLE IN TRANSPORT","37218","2021","April","Spring","05","Saturday","Weekend","Injuries","No Fatalities"
9.98518434145813e-314,2021-04-29 00:35:00,3,3,0,NA,"N","Front to Rear","RAIN","DARK - NOT LIGHTED","MYATT DR & SPRING BRANCH DR","MADISON","MADISO",36.2938,-86.69641,"MOTOR VEHICLE IN TRANSPORT","37115","2021","April","Spring","00","Thursday","Weekday","Injuries","No Fatalities"
9.98518483552378e-314,2021-04-29 12:40:00,2,0,0,NA,"Y","SIDESWIPE - SAME DIRECTION","RAIN","DAYLIGHT","WEST END AV & ORLEANS DR","NASHVILLE","MIDTOW",36.13919,-86.81927,"MOTOR VEHICLE IN TRANSPORT","37212","2021","April","Spring","12","Thursday","Weekday","No Injuries","No Fatalities"
9.98518483997037e-314,2021-04-29 12:55:00,2,0,0,NA,"N","ANGLE","RAIN","DAYLIGHT","HAYES ST & 20TH AVN","NASHVILLE","MIDTOW",36.15244,-86.79994,"MOTOR VEHICLE IN TRANSPORT","37203","2021","April","Spring","12","Thursday","Weekday","No Injuries","No Fatalities"
9.98518485281607e-314,2021-04-29 12:57:00,2,0,0,NA,"N","ANGLE","RAIN","DAYLIGHT","HAYWOOD LN & EZELL RD","NASHVILLE","SOUTH",36.06953,-86.69336,"MOTOR VEHICLE IN TRANSPORT","37211","2021","April","Spring","12","Thursday","Weekday","No Injuries","No Fatalities"
9.98518496645117e-314,2021-04-29 05:00:00,2,0,0,NA,"N","ANGLE","RAIN","DAYLIGHT","ANDERSON LN & PIERCE RD","MADISON","MADISO",36.27341,-86.70974,"MOTOR VEHICLE IN TRANSPORT","37115","2021","April","Spring","05","Thursday","Weekday","No Injuries","No Fatalities"
9.98518517593501e-314,2021-04-29 05:00:00,3,1,0,NA,"N","SIDESWIPE - OPPOSITE DIRECTION","RAIN","DAYLIGHT","GALLATIN PKES & LAKEWOOD DR","MADISON","MADISO",36.24328,-86.72294,"MOTOR VEHICLE IN TRANSPORT","37115","2021","April","Spring","05","Thursday","Weekday","Injuries","No Fatalities"
9.9851853572571e-314,2021-04-30 00:05:00,1,0,0,NA,"N","NOT COLLISION W/MOTOR VEHICLE-TRANSPORT","RAIN","DAYLIGHT","MM 3 9 I 440","NASHVILLE","MIDTOW",36.11631,-86.79111,"WALL","37204","2021","April","Spring","00","Friday","Weekday","No Injuries","No Fatalities"