"Accident.Number","Date.and.Time","Number.of.Motor.Vehicles","Number.of.Injuries","Number.of.Fatalities","Property.Damage","Hit.and.Run","Collision.Type.Description","Weather.Description","Illumination.Description","Street.Address","City","Precinct","Latitude","Longitude","HarmfulDescriptions","Zip.Code","Year","Month","Season","Hour","Weekday","DayType","Accident","Fatality_category"
9.98518536812654e-314,2021-04-30 00:18:00,2,0,0,NA,"N","Front to Rear","RAIN","DAWN","MM 52 1 I 24","NASHVILLE","SOUTH",36.13481,-86.72676,"MOTOR VEHICLE IN TRANSPORT","37217","2021","April","Spring","00","Friday","Weekday","No Injuries","No Fatalities"
9.98518538146631e-314,2021-04-30 00:42:00,3,0,0,NA,"N","Front to Rear","RAIN","DARK - LIGHTED","BELL RD & DODSON CHAPEL RD","HERMITAGE","HERMIT",36.15911,-86.61529,"MOTOR VEHICLE IN TRANSPORT","37076","2021","April","Spring","00","Friday","Weekday","No Injuries","No Fatalities"
9.98518543284914e-314,2021-04-30 02:01:00,1,2,0,NA,"N","NOT COLLISION W/MOTOR VEHICLE-TRANSPORT","RAIN","DARK - NOT LIGHTED","CHARLOTTE PKE & HIGHWAY 70S","NASHVILLE","WEST",36.0935,-86.97501,"","37221","2021","April","Spring","02","Friday","Weekday","Injuries","No Fatalities"
9.98519440853973e-314,2021-05-09 05:00:00,2,1,0,NA,"N","Front to Rear","RAIN","DAYLIGHT","STATE RT 45 & OLD HICKORY BLVDW","MADISON","MADISO",36.26307,-86.71192,"MOTOR VEHICLE IN TRANSPORT","37115","2021","May","Spring","05","Sunday","Weekend","Injuries","No Fatalities"
9.98519441792698e-314,2021-05-09 05:00:00,2,1,0,NA,"N","ANGLE","RAIN","DAYLIGHT","MM 220 5 I 40","HERMITAGE","HERMIT",36.16922,-86.60582,"MOTOR VEHICLE IN TRANSPORT","37076","2021","May","Spring","05","Sunday","Weekend","Injuries","No Fatalities"
9.98519442780829e-314,2021-05-09 05:00:00,2,0,0,NA,"N","SIDESWIPE - SAME DIRECTION","RAIN","DAYLIGHT","MYATT DR & GALLATIN PKEN","MADISON","MADISO",36.29664,-86.69897,"MOTOR VEHICLE IN TRANSPORT","37115","2021","May","Spring","05","Sunday","Weekend","No Injuries","No Fatalities"
9.98519450587066e-314,2021-05-09 05:00:00,1,1,0,NA,"N","NOT COLLISION W/MOTOR VEHICLE-TRANSPORT","RAIN","DAYLIGHT","JOHN HAGAR RD & EARHART RD","MOUNT JULIET","HERMIT",36.15939,-86.56495,"CULVERT","37122","2021","May","Spring","05","Sunday","Weekend","Injuries","No Fatalities"
9.98519456417041e-314,2021-05-10 00:51:00,1,1,0,NA,"N","NOT COLLISION W/MOTOR VEHICLE-TRANSPORT","RAIN","DARK - LIGHTED","GALLATIN PKEN & ONE MILE PKWY","MADISON","MADISO",36.27935,-86.70883,"","37115","2021","May","Spring","00","Monday","Weekday","Injuries","No Fatalities"
9.98519459134402e-314,2021-05-10 01:42:00,1,1,0,NA,"N","NOT COLLISION W/MOTOR VEHICLE-TRANSPORT","RAIN","DARK - LIGHTED","MM 213 0 I 40","NASHVILLE","HERMIT",36.14052,-86.73165,"GUARDRAIL FACE","37210","2021","May","Spring","01","Monday","Weekday","Injuries","No Fatalities"
9.98519459677874e-314,2021-05-10 00:10:00,2,0,0,NA,"N","ANGLE","RAIN","DARK - LIGHTED","N 1ST ST & SPRING ST","NASHVILLE","CENTRA",36.1768,-86.77458,"MOTOR VEHICLE IN TRANSPORT","37213","2021","May","Spring","00","Monday","Weekday","No Injuries","No Fatalities"
9.98519464223278e-314,2021-05-10 03:00:00,1,0,0,NA,"N","NOT COLLISION W/MOTOR VEHICLE-TRANSPORT","RAIN","DARK - NOT LIGHTED","MM 195 3 I 40","NASHVILLE","WEST",36.07426,-86.97234,"GUARDRAIL FACE","37221","2021","May","Spring","03","Monday","Weekday","No Injuries","No Fatalities"
9.98519465310222e-314,2021-05-10 04:07:00,2,0,0,NA,"N","ANGLE","RAIN","DARK - LIGHTED","EZELL RD & HAYWOOD LN","NASHVILLE","SOUTH",36.06999,-86.69387,"MOTOR VEHICLE IN TRANSPORT","37211","2021","May","Spring","04","Monday","Weekday","No Injuries","No Fatalities"
9.98519467582924e-314,2021-05-09 05:00:00,4,1,0,NA,"N","UNKNOWN","RAIN","DARK - LIGHTED","MM 58 5 I 24","ANTIOCH","SOUTH",36.05319,-86.67255,"MOTOR VEHICLE IN TRANSPORT;PARKED MOTOR VEHICLE;UNKNOWN MOST HARMFUL EVENT","37013","2021","May","Spring","05","Sunday","Weekend","Injuries","No Fatalities"
9.98519467780551e-314,2021-05-10 04:35:00,2,1,0,NA,"N","SIDESWIPE - SAME DIRECTION","RAIN","DARK - LIGHTED","MM 58 3 I 24","ANTIOCH","SOUTH",36.05505,-86.67476,"MOTOR VEHICLE IN TRANSPORT","37013","2021","May","Spring","04","Monday","Weekday","Injuries","No Fatalities"
9.98519471041384e-314,2021-05-10 05:11:00,3,0,0,NA,"N","Front to Rear","RAIN","Dark-Unknown Lighting","0 I 24","NASHVILLE","SOUTH",36.06234,-86.68233,"MOTOR VEHICLE IN TRANSPORT","37211","2021","May","Spring","05","Monday","Weekday","No Injuries","No Fatalities"
9.98519663726986e-314,2021-05-12 06:36:00,2,0,0,NA,"N","Front to Rear","RAIN","DARK - NOT LIGHTED","BLUE HOLE RD & TUSCULUM RD","ANTIOCH","SOUTH",36.05261,-86.67311,"MOTOR VEHICLE IN TRANSPORT","37013","2021","May","Spring","06","Wednesday","Weekday","No Injuries","No Fatalities"
9.98518798568633e-314,2021-05-03 00:02:00,2,0,0,NA,"Y","SIDESWIPE - OPPOSITE DIRECTION","RAIN","DAYLIGHT","SHIHMEN DR & SHIHMEN CT","ANTIOCH","SOUTH",36.05368,-86.68384,"PARKED MOTOR VEHICLE","37013","2021","May","Spring","00","Monday","Weekday","No Injuries","No Fatalities"
9.98518801829467e-314,2021-05-03 01:00:00,2,0,0,NA,"N","Front to Rear","RAIN","DARK - LIGHTED","I65 N EXT RAMP & I 65","NASHVILLE","EAST",36.13411,-86.77473,"MOTOR VEHICLE IN TRANSPORT","37207","2021","May","Spring","01","Monday","Weekday","No Injuries","No Fatalities"
9.98518802471752e-314,2021-05-03 01:15:00,2,0,0,NA,"Y","ANGLE","RAIN","DARK - NOT LIGHTED","OLD HICKORY BLVD & I24 E ENT RAMP","ANTIOCH","SOUTH",36.0124,-86.62092,"MOTOR VEHICLE IN TRANSPORT","37013","2021","May","Spring","01","Monday","Weekday","No Injuries","No Fatalities"
9.98518802867004e-314,2021-05-03 01:37:00,3,4,0,NA,"N","NOT COLLISION W/MOTOR VEHICLE-TRANSPORT","RAIN","DARK - NOT LIGHTED","BRILEY PKWYN & BRILEY PKWYS","NASHVILLE","SOUTH",36.18621,-86.86265,"MOTOR VEHICLE IN TRANSPORT;PARKED MOTOR VEHICLE;CONCRETE TRAFFIC BARRIER","37211","2021","May","Spring","01","Monday","Weekday","Injuries","No Fatalities"
9.98518804102169e-314,2021-05-03 01:52:00,2,0,0,NA,"N","HEAD-ON","RAIN","DARK - LIGHTED","LEBANON PKE & BLUEFIELD AV","NASHVILLE","HERMIT",36.16954,-86.6716,"MOTOR VEHICLE IN TRANSPORT","37214","2021","May","Spring","01","Monday","Weekday","No Injuries","No Fatalities"
9.98518804448015e-314,2021-05-02 05:00:00,2,0,0,NA,"N","ANGLE","RAIN","DARK - LIGHTED","6000 CHARLOTTE PKE","NASHVILLE","WEST",36.13571,-86.88544,"MOTOR VEHICLE IN TRANSPORT","37209","2021","May","Spring","05","Sunday","Weekend","No Injuries","No Fatalities"
9.98518813094163e-314,2021-05-03 04:38:00,1,0,0,NA,"N","NOT COLLISION W/MOTOR VEHICLE-TRANSPORT","RAIN","DARK - LIGHTED","HARDING PL & ANTIOCH PKE","NASHVILLE","SOUTH",36.08742,-86.69223,"OTHER OBJECT (NOT FIXED)","37211","2021","May","Spring","04","Monday","Weekday","No Injuries","No Fatalities"
9.98518814131701e-314,2021-05-03 01:03:00,2,0,0,NA,"Y","Front to Rear","RAIN","DARK - LIGHTED","I40 E EXT RAMP & OLD HICKORY BLVD","HERMITAGE","HERMIT",36.17792,-86.605,"MOTOR VEHICLE IN TRANSPORT","37076","2021","May","Spring","01","Monday","Weekday","No Injuries","No Fatalities"
9.98518814526954e-314,2021-05-03 04:45:00,1,0,0,NA,"Y","NOT COLLISION W/MOTOR VEHICLE-TRANSPORT","RAIN","DARK - LIGHTED","I40 W ENT RAMP & I 24","NASHVILLE","CENTRA",36.15663,-86.76053,"OTHER OBJECT (NOT FIXED)","37210","2021","May","Spring","04","Monday","Weekday","No Injuries","No Fatalities"
9.98518815070426e-314,2021-05-03 05:01:00,1,0,0,NA,"Y","UNKNOWN","RAIN","DARK - NOT LIGHTED","I40 E EXT RAMP & I 40","NASHVILLE","HERMIT",36.16933,-86.60658,"UNKNOWN MOST HARMFUL EVENT","37214","2021","May","Spring","05","Monday","Weekday","No Injuries","No Fatalities"
9.98518819121764e-314,2021-05-03 05:00:00,1,0,0,NA,"Y","NOT COLLISION W/MOTOR VEHICLE-TRANSPORT","RAIN","DARK - LIGHTED","GALLATIN PKES & E PALESTINE AV","MADISON","MADISO",36.24889,-86.71976,"OTHER OBJECT (NOT FIXED)","37115","2021","May","Spring","05","Monday","Weekday","No Injuries","No Fatalities"
9.98518819269984e-314,2021-05-03 05:00:00,1,0,0,NA,"N","NOT COLLISION W/MOTOR VEHICLE-TRANSPORT","RAIN","DARK - LIGHTED","HARDING PL & ANTIOCH PKE","NASHVILLE","SOUTH",36.08817,-86.69065,"OTHER OBJECT (NOT FIXED)","37211","2021","May","Spring","05","Monday","Weekday","No Injuries","No Fatalities"
9.98518819813456e-314,2021-05-03 03:00:00,1,0,0,NA,"N","NOT COLLISION W/MOTOR VEHICLE-TRANSPORT","RAIN","DARK - LIGHTED","GRAY AV & PIMA RD","MADISON","MADISO",36.26588,-86.72169,"SHRUBBERY","37115","2021","May","Spring","03","Monday","Weekday","No Injuries","No Fatalities"
9.98518824803519e-314,2021-05-03 07:20:00,1,1,0,NA,"N","NOT COLLISION W/MOTOR VEHICLE-TRANSPORT","RAIN","DARK - LIGHTED","MM 55 4 I 24","NASHVILLE","SOUTH",36.08954,-86.70265,"EMBANKMENT EARTH","37211","2021","May","Spring","07","Monday","Weekday","Injuries","No Fatalities"
9.98518829151297e-314,2021-05-03 09:05:00,2,0,0,NA,"Y","Rear to Side","RAIN","DARK - LIGHTED","10TH AVN & BUCHANAN ST","NASHVILLE","NORTH",36.18005,-86.80275,"PARKED MOTOR VEHICLE","37208","2021","May","Spring","09","Monday","Weekday","No Injuries","No Fatalities"
9.98518830337054e-314,2021-05-03 09:45:00,1,0,0,NA,"N","NOT COLLISION W/MOTOR VEHICLE-TRANSPORT","RAIN","DARK - LIGHTED","MM 3 7 I 440","NASHVILLE","MIDTOW",36.1162,-86.79396,"GUARDRAIL FACE","37215","2021","May","Spring","09","Monday","Weekday","No Injuries","No Fatalities"
9.98518832313317e-314,2021-05-03 10:00:00,2,0,0,NA,"Y","ANGLE","RAIN","Dark-Unknown Lighting","ELM HILL PKE & MCGAVOCK PKE","NASHVILLE","HERMIT",36.15251,-86.6824,"PARKED MOTOR VEHICLE","37214","2021","May","Spring","10","Monday","Weekday","No Injuries","No Fatalities"
9.98518833449668e-314,2021-05-03 06:00:00,1,0,0,NA,"Y","NOT COLLISION W/MOTOR VEHICLE-TRANSPORT","RAIN","DARK - NOT LIGHTED","TWIN HILLS DR & PAULA DR","MADISON","MADISO",36.2982,-86.68839,"DITCH","37115","2021","May","Spring","06","Monday","Weekday","No Injuries","No Fatalities"
9.98518834190766e-314,2021-05-03 11:15:00,1,0,0,NA,"N","NOT COLLISION W/MOTOR VEHICLE-TRANSPORT","RAIN","DAYLIGHT","MM 86 3 I 65","NASHVILLE","CENTRA",36.1921,-86.78057,"CONCRETE TRAFFIC BARRIER","37207","2021","May","Spring","11","Monday","Weekday","No Injuries","No Fatalities"
9.98518834388393e-314,2021-05-03 11:30:00,2,0,0,NA,"N","ANGLE","RAIN","DAYLIGHT","MM 207 3 I 40","NASHVILLE","NORTH",36.1702,-86.80615,"MOTOR VEHICLE IN TRANSPORT","37208","2021","May","Spring","11","Monday","Weekday","No Injuries","No Fatalities"
9.98518834684832e-314,2021-05-03 11:40:00,4,0,0,NA,"N","SIDESWIPE - SAME DIRECTION","RAIN","DAYLIGHT","MM 86 8 I 65","NASHVILLE","NORTH",36.1986,-86.77602,"MOTOR VEHICLE IN TRANSPORT;MOTOR VEHICLE IN TRANSPORT-OTHER ROADWAY;UTILITY POLE;Ran Off Road-Left;Cross Median","37207","2021","May","Spring","11","Monday","Weekday","No Injuries","No Fatalities"
9.98518835524744e-314,2021-05-03 12:00:00,2,0,0,NA,"N","SIDESWIPE - SAME DIRECTION","RAIN","DAYLIGHT","BRILEY PKWYN & BRILEY PKWYS","NASHVILLE","SOUTH",36.16163,-86.867,"MOTOR VEHICLE IN TRANSPORT","37211","2021","May","Spring","12","Monday","Weekday","No Injuries","No Fatalities"
9.98518838538544e-314,2021-05-03 12:34:00,2,1,0,NA,"N","Front to Rear","RAIN","DAYLIGHT","LEBANON PKE & EDDINGS LN","NASHVILLE","HERMIT",36.16716,-86.66026,"MOTOR VEHICLE IN TRANSPORT","37214","2021","May","Spring","12","Monday","Weekday","Injuries","No Fatalities"
9.98518931768731e-314,2021-05-04 11:27:00,1,1,0,NA,"N","NOT COLLISION W/MOTOR VEHICLE-TRANSPORT","RAIN","DAWN","MM 90 2 I 65","MADISON","MADISO",36.23908,-86.75415,"CONCRETE TRAFFIC BARRIER","37115","2021","May","Spring","11","Tuesday","Weekday","Injuries","No Fatalities"
9.98518933053302e-314,2021-05-04 11:20:00,1,0,0,NA,"N","NOT COLLISION W/MOTOR VEHICLE-TRANSPORT","RAIN","DAYLIGHT","MM 87 4 I 65","NASHVILLE","EAST",36.20764,-86.77633,"CONCRETE TRAFFIC BARRIER","37207","2021","May","Spring","11","Tuesday","Weekday","No Injuries","No Fatalities"
9.98518933596774e-314,2021-05-04 11:53:00,2,0,0,NA,"Y","OTHER","RAIN","DAYLIGHT","MM 3 3 I 440","NASHVILLE","MIDTOW",36.11628,-86.79852,"MOTOR VEHICLE IN TRANSPORT","37215","2021","May","Spring","11","Tuesday","Weekday","No Injuries","No Fatalities"
9.98518934535499e-314,2021-05-04 11:41:00,1,0,0,NA,"N","NOT COLLISION W/MOTOR VEHICLE-TRANSPORT","RAIN","DAWN","BRILEY PKWYE & BRILEY PKWYW","NASHVILLE","MADISO",36.23997,-86.76978,"CONCRETE TRAFFIC BARRIER","37207","2021","May","Spring","11","Tuesday","Weekday","No Injuries","No Fatalities"
9.98518935078971e-314,2021-05-04 12:11:00,2,0,0,NA,"N","OTHER","RAIN","DAYLIGHT","OLD HICKORY BLVD & BRENTWOOD COMMONS WAY","BRENTWOOD","MIDTOW",36.04114,-86.77621,"MOTOR VEHICLE IN TRANSPORT","37027","2021","May","Spring","12","Tuesday","Weekday","No Injuries","No Fatalities"
9.98518935227191e-314,2021-05-04 12:15:00,1,0,0,NA,"N","NOT COLLISION W/MOTOR VEHICLE-TRANSPORT","RAIN","DAWN","MM 58 6 I 24","ANTIOCH","SOUTH",36.05175,-86.67027,"WALL","37013","2021","May","Spring","12","Tuesday","Weekday","No Injuries","No Fatalities"
9.9851893582007e-314,2021-05-04 12:16:00,2,0,0,NA,"N","Front to Rear","RAIN","DAYLIGHT","MM 56 1 I 24","NASHVILLE","SOUTH",36.08042,-86.69645,"MOTOR VEHICLE IN TRANSPORT","37211","2021","May","Spring","12","Tuesday","Weekday","No Injuries","No Fatalities"
9.98518936511762e-314,2021-05-04 11:30:00,1,0,0,NA,"N","NOT COLLISION W/MOTOR VEHICLE-TRANSPORT","RAIN","OTHER","MM 198 7 I 40","NASHVILLE","WEST",36.10545,-86.93042,"CONCRETE TRAFFIC BARRIER","37221","2021","May","Spring","11","Tuesday","Weekday","No Injuries","No Fatalities"
9.98518937648113e-314,2021-05-04 12:45:00,2,2,0,NA,"N","NOT COLLISION W/MOTOR VEHICLE-TRANSPORT","RAIN","DAYLIGHT","MM 53 8 I 24","NASHVILLE","SOUTH",36.1087,-86.72115,"MOTOR VEHICLE IN TRANSPORT;CONCRETE TRAFFIC BARRIER","37211","2021","May","Spring","12","Tuesday","Weekday","Injuries","No Fatalities"
9.98518938586837e-314,2021-05-04 12:40:00,2,0,0,NA,"N","SIDESWIPE - SAME DIRECTION","RAIN","DAYLIGHT","MM 87 7 I 65","NASHVILLE","EAST",36.21167,-86.77567,"MOTOR VEHICLE IN TRANSPORT","37207","2021","May","Spring","12","Tuesday","Weekday","No Injuries","No Fatalities"
9.98518943082835e-314,2021-05-04 12:00:00,2,0,0,NA,"Y","SIDESWIPE - SAME DIRECTION","RAIN","DAYLIGHT","BEN ALLEN RD & DICKERSON PKE","NASHVILLE","EAST",36.22522,-86.75986,"MOTOR VEHICLE IN TRANSPORT","37207","2021","May","Spring","12","Tuesday","Weekday","No Injuries","No Fatalities"
9.98518944861471e-314,2021-05-04 12:35:00,2,0,0,NA,"Y","Front to Rear","RAIN","DAYLIGHT","MM 43 7 I 24","NASHVILLE","NORTH",36.23503,-86.78563,"MOTOR VEHICLE IN TRANSPORT","37207","2021","May","Spring","12","Tuesday","Weekday","No Injuries","No Fatalities"
9.98518950592633e-314,2021-05-04 12:45:00,2,0,0,NA,"Y","NOT COLLISION W/MOTOR VEHICLE-TRANSPORT","RAIN","DAYLIGHT","BRILEY PKWYW & BUENA VISTA PKE","NASHVILLE","NORTH",36.2323,-86.82637,"MOTOR VEHICLE IN TRANSPORT;CONCRETE TRAFFIC BARRIER;Equip Failure","37218","2021","May","Spring","12","Tuesday","Weekday","No Injuries","No Fatalities"
9.98518951531357e-314,2021-05-04 05:00:00,2,0,0,NA,"Y","UNKNOWN","RAIN","DARK - LIGHTED","CREEKWOOD DR & SKYLINE VILLAGE PVTDR","NASHVILLE","MADISO",36.23257,-86.76985,"PARKED MOTOR VEHICLE;UNKNOWN MOST HARMFUL EVENT","37207","2021","May","Spring","05","Tuesday","Weekday","No Injuries","No Fatalities"
9.98518989426192e-314,2021-05-05 01:08:00,3,1,0,NA,"N","ANGLE","RAIN","DARK - LIGHTED","OLD HICKORY BLVD & SEVEN SPRINGS WAY","BRENTWOOD","MIDTOW",36.04028,-86.76837,"MOTOR VEHICLE IN TRANSPORT","37027","2021","May","Spring","01","Wednesday","Weekday","Injuries","No Fatalities"
9.98518990414324e-314,2021-05-05 01:31:00,2,1,0,NA,"Y","Front to Rear","RAIN","DARK - NOT LIGHTED","GALLATIN PKEN & PIERCE RD","MADISON","MADISO",36.2778,-86.70947,"MOTOR VEHICLE IN TRANSPORT","37115","2021","May","Spring","01","Wednesday","Weekday","Injuries","No Fatalities"
9.98518996540738e-314,2021-05-05 00:30:00,1,0,0,NA,"Y","NOT COLLISION W/MOTOR VEHICLE-TRANSPORT","RAIN","DARK - LIGHTED","MM 210 3 I 40","NASHVILLE","MIDTOW",36.15031,-86.77125,"GUARDRAIL FACE","37203","2021","May","Spring","00","Wednesday","Weekday","No Injuries","No Fatalities"
9.98518997380649e-314,2021-05-05 04:12:00,2,1,0,NA,"Y","NOT COLLISION W/MOTOR VEHICLE-TRANSPORT","RAIN","DARK - LIGHTED","MM 209 5 I 40","NASHVILLE","CENTRA",36.15073,-86.78537,"MOTOR VEHICLE IN TRANSPORT;LUMINAIRE/LIGHT SUPPORT;WALL","37203","2021","May","Spring","04","Wednesday","Weekday","Injuries","No Fatalities"
9.98518997430056e-314,2021-05-05 03:09:00,2,0,0,NA,"N","ANGLE","RAIN","DARK - NOT LIGHTED","BELLEVUE RD & SUNVALLEY WEST","NASHVILLE","WEST",36.06256,-86.92544,"MOTOR VEHICLE IN TRANSPORT","37221","2021","May","Spring","03","Wednesday","Weekday","No Injuries","No Fatalities"
9.98518997924121e-314,2021-05-05 04:22:00,1,0,0,NA,"N","NOT COLLISION W/MOTOR VEHICLE-TRANSPORT","RAIN","DARK - LIGHTED","BROADMOOR DR & DICKERSON PKE","NASHVILLE","EAST",36.22947,-86.75785,"EMBANKMENT ROCK/STONE/CONCRETE","37207","2021","May","Spring","04","Wednesday","Weekday","No Injuries","No Fatalities"
9.98518998714627e-314,2021-05-05 04:30:00,1,0,0,NA,"Y","NOT COLLISION W/MOTOR VEHICLE-TRANSPORT","RAIN","DARK - LIGHTED","US HWY 431 & -UNKNOWN RAMP/ROAD -","NASHVILLE","EAST",36.20643,-86.77641,"CONCRETE TRAFFIC BARRIER","37207","2021","May","Spring","04","Wednesday","Weekday","No Injuries","No Fatalities"
9.98518999752164e-314,2021-05-05 04:56:00,2,0,0,NA,"N","SIDESWIPE - SAME DIRECTION","RAIN","DARK - NOT LIGHTED","MM 54 3 I 24","NASHVILLE","SOUTH",36.10343,-86.71492,"MOTOR VEHICLE IN TRANSPORT;GUARDRAIL FACE","37211","2021","May","Spring","04","Wednesday","Weekday","No Injuries","No Fatalities"
9.98519000493263e-314,2021-05-05 05:12:00,3,0,0,NA,"Y","ANGLE","RAIN","DARK - LIGHTED","DAVIS AV & LITTON AV","NASHVILLE","EAST",36.20242,-86.73712,"MOTOR VEHICLE IN TRANSPORT-OTHER ROADWAY;PARKED MOTOR VEHICLE","37216","2021","May","Spring","05","Wednesday","Weekday","No Injuries","No Fatalities"
9.98519020206482e-314,2021-05-05 10:53:00,2,0,0,NA,"N","ANGLE","RAIN","DAWN","COUNTRY WAY RD & SEBETHA CT","ANTIOCH","SOUTH",36.07364,-86.59778,"MOTOR VEHICLE IN TRANSPORT","37013","2021","May","Spring","10","Wednesday","Weekday","No Injuries","No Fatalities"
9.98519030384234e-314,2021-05-05 12:51:00,2,0,0,NA,"N","SIDESWIPE - OPPOSITE DIRECTION","RAIN","DAYLIGHT","WALLACE RD & LARGO DR","NASHVILLE","SOUTH",36.08459,-86.70201,"MOTOR VEHICLE IN TRANSPORT","37211","2021","May","Spring","12","Wednesday","Weekday","No Injuries","No Fatalities"
9.98519041401898e-314,2021-05-05 05:00:00,2,0,0,NA,"Y","SIDESWIPE - SAME DIRECTION","RAIN","DAYLIGHT","BARELLA DR & APACHE TRL","ANTIOCH","SOUTH",36.06156,-86.68295,"MOTOR VEHICLE IN TRANSPORT;PARKED MOTOR VEHICLE","37013","2021","May","Spring","05","Wednesday","Weekday","No Injuries","No Fatalities"
9.98519202664925e-314,2021-05-07 02:19:00,1,0,0,NA,"N","NOT COLLISION W/MOTOR VEHICLE-TRANSPORT","RAIN","DARK - NOT LIGHTED","MM 38 5 I 24","WHITES CREEK","NORTH",36.30381,-86.81354,"TREE;Ran Off Road-Right","37189","2021","May","Spring","02","Friday","Weekday","No Injuries","No Fatalities"
9.98517458662602e-314,2021-04-19 02:00:00,1,0,0,NA,"N","NOT COLLISION W/MOTOR VEHICLE-TRANSPORT","RAIN","DARK - NOT LIGHTED","MCGAVOCK PKE & CURREY RD","NASHVILLE","SOUTH",36.10392,-86.69179,"GUARDRAIL FACE","37217","2021","April","Spring","02","Monday","Weekday","No Injuries","No Fatalities"
9.9851766765237e-314,2021-04-21 05:54:00,1,0,0,NA,"N","NOT COLLISION W/MOTOR VEHICLE-TRANSPORT","RAIN","DARK - LIGHTED","BRILEY PKWY W EXT RAMP & BRILEY PKWYW","NASHVILLE","NORTH",36.23443,-86.72143,"CONCRETE TRAFFIC BARRIER","37218","2021","April","Spring","05","Wednesday","Weekday","No Injuries","No Fatalities"
9.98517668442875e-314,2021-04-21 06:07:00,1,1,0,NA,"N","NOT COLLISION W/MOTOR VEHICLE-TRANSPORT","RAIN","DARK - LIGHTED","PEABODY ST & RUTLEDGE ST","NASHVILLE","CENTRA",36.15736,-86.77072,"BUILDING;Other Traffic Barrier","37210","2021","April","Spring","06","Wednesday","Weekday","Injuries","No Fatalities"
9.98517669628633e-314,2021-04-21 06:20:00,2,1,0,NA,"N","SIDESWIPE - SAME DIRECTION","RAIN","DARK - LIGHTED","MM 48 0 I 24","NASHVILLE","CENTRA",36.17548,-86.77181,"MOTOR VEHICLE IN TRANSPORT","37213","2021","April","Spring","06","Wednesday","Weekday","Injuries","No Fatalities"
9.98521212326346e-314,2021-05-28 05:51:00,4,0,0,NA,"N","HEAD-ON","RAIN","DARK - LIGHTED","ELLISTON PL & 22ND AVN","NASHVILLE","MIDTOW",36.1514,-86.80404,"MOTOR VEHICLE IN TRANSPORT-OTHER ROADWAY;PARKED MOTOR VEHICLE","37203","2021","May","Spring","05","Friday","Weekday","No Injuries","No Fatalities"
9.98521213759137e-314,2021-05-28 06:10:00,1,0,0,NA,"N","NOT COLLISION W/MOTOR VEHICLE-TRANSPORT","RAIN","DARK - LIGHTED","MM 54 8 I 24","NASHVILLE","SOUTH",36.09706,-86.70902,"GUARDRAIL FACE","37211","2021","May","Spring","06","Friday","Weekday","No Injuries","No Fatalities"
9.9852121543896e-314,2021-05-28 05:37:00,1,0,0,NA,"Y","NOT COLLISION W/MOTOR VEHICLE-TRANSPORT","RAIN","DARK - NOT LIGHTED","UNA ANTIOCH PKE & RICHARDS RD","ANTIOCH","SOUTH",36.06723,-86.66167,"EMBANKMENT ROCK/STONE/CONCRETE","37013","2021","May","Spring","05","Friday","Weekday","No Injuries","No Fatalities"
9.9852121687175e-314,2021-05-28 07:00:00,1,1,0,NA,"N","NOT COLLISION W/MOTOR VEHICLE-TRANSPORT","RAIN","DARK - NOT LIGHTED","MM 212 3 I 40","NASHVILLE","HERMIT",36.14476,-86.74,"","37210","2021","May","Spring","07","Friday","Weekday","Injuries","No Fatalities"
9.98521217316409e-314,2021-05-28 07:00:00,2,0,0,NA,"Y","ANGLE","RAIN","DARK - LIGHTED","MOVING CENTER CT & GALLATIN PKES","MADISON","MADISO",36.25086,-86.71863,"MOTOR VEHICLE IN TRANSPORT","37115","2021","May","Spring","07","Friday","Weekday","No Injuries","No Fatalities"
9.98521219292672e-314,2021-05-28 07:20:00,1,0,0,NA,"N","NOT COLLISION W/MOTOR VEHICLE-TRANSPORT","RAIN","DARK - LIGHTED","MM 6 8 I 440","NASHVILLE","SOUTH",36.12419,-86.74088,"GUARDRAIL FACE","37210","2021","May","Spring","07","Friday","Weekday","No Injuries","No Fatalities"
9.98521219589111e-314,2021-05-28 07:25:00,1,0,0,NA,"N","NOT COLLISION W/MOTOR VEHICLE-TRANSPORT","RAIN","DARK - NOT LIGHTED","BRILEY PKWYS & BRILEY PKWYN","NASHVILLE","NORTH",36.16762,-86.86961,"OTHER OBJECT (NOT FIXED);FENCE","37218","2021","May","Spring","07","Friday","Weekday","No Injuries","No Fatalities"
9.98521221861813e-314,2021-05-28 05:00:00,1,1,0,NA,"N","NOT COLLISION W/MOTOR VEHICLE-TRANSPORT","RAIN","DARK - NOT LIGHTED","GRAYS POINT RD & LITTLE MARROWBONE RD","JOELTON","NORTH",36.27197,-86.92597,"TREE","37080","2021","May","Spring","05","Friday","Weekday","Injuries","No Fatalities"
9.98521230112709e-314,2021-05-28 11:45:00,1,0,0,NA,"N","NOT COLLISION W/MOTOR VEHICLE-TRANSPORT","RAIN","DAYLIGHT","I40 E EXT RAMP & I 40","NASHVILLE","HERMIT",36.16696,-86.81634,"H-WAY TRAFFIC SIGNAL POST","37214","2021","May","Spring","11","Friday","Weekday","No Injuries","No Fatalities"
9.98521231051434e-314,2021-05-28 12:05:00,1,0,0,NA,"N","NOT COLLISION W/MOTOR VEHICLE-TRANSPORT","RAIN","DAYLIGHT","I40 E EXT RAMP & I 40","NASHVILLE","HERMIT",36.17007,-86.60643,"GUARDRAIL FACE","37214","2021","May","Spring","12","Friday","Weekday","No Injuries","No Fatalities"
9.98521231644313e-314,2021-05-28 12:10:00,6,1,0,NA,"N","NOT COLLISION W/MOTOR VEHICLE-TRANSPORT","RAIN","DAYLIGHT","MM 200 7 I 40","NASHVILLE","WEST",36.1265,-86.90295,"MOTOR VEHICLE IN TRANSPORT;OTHER OBJECT (NOT FIXED)","37205","2021","May","Spring","12","Friday","Weekday","Injuries","No Fatalities"
9.985212345593e-314,2021-05-28 12:03:00,2,0,0,NA,"Y","OTHER","RAIN","DAYLIGHT","W TRINITY LN & SCRUGGS LN","NASHVILLE","NORTH",36.20678,-86.78101,"MOTOR VEHICLE IN TRANSPORT-OTHER ROADWAY","37207","2021","May","Spring","12","Friday","Weekday","No Injuries","No Fatalities"