"Accident.Number","Date.and.Time","Number.of.Motor.Vehicles","Number.of.Injuries","Number.of.Fatalities","Property.Damage","Hit.and.Run","Collision.Type.Description","Weather.Description","Illumination.Description","Street.Address","City","Precinct","Latitude","Longitude","HarmfulDescriptions","Zip.Code","Year","Month","Season","Hour","Weekday","DayType","Accident","Fatality_category"
9.98521294835309e-314,2021-05-29 02:11:00,2,0,0,NA,"N","ANGLE","RAIN","DARK - NOT LIGHTED","GALLATIN PKEN & RIVERGATE PKWY","MADISON","MADISO",36.29692,-86.69915,"MOTOR VEHICLE IN TRANSPORT","37115","2021","May","Spring","02","Saturday","Weekend","No Injuries","No Fatalities"
9.98521301455789e-314,2021-05-29 04:00:00,2,0,0,NA,"Y","ANGLE","RAIN","DARK - LIGHTED","ELLINGTON PKWY N ENT RAMP & E TRINITY LN","NASHVILLE","EAST",36.20468,-86.74969,"MOTOR VEHICLE IN TRANSPORT","37216","2021","May","Spring","04","Saturday","Weekend","No Injuries","No Fatalities"
9.98521322502985e-314,2021-05-29 09:08:00,1,0,0,NA,"N","NOT COLLISION W/MOTOR VEHICLE-TRANSPORT","RAIN","DARK - NOT LIGHTED","RIVER ROAD PKE & OLD CHARLOTTE PKE","NASHVILLE","WEST",36.12546,-86.92719,"DITCH","37221","2021","May","Spring","09","Saturday","Weekend","No Injuries","No Fatalities"
9.98521646708862e-314,2021-06-02 10:20:00,2,0,0,NA,"Y","ANGLE","RAIN","DARK - LIGHTED","NOLENSVILLE PKE & OCALA DR","NASHVILLE","MIDTOW",36.05151,-86.71436,"MOTOR VEHICLE IN TRANSPORT","37211","2021","June","Summer","10","Wednesday","Weekday","No Injuries","No Fatalities"
9.98521625266413e-314,2021-06-01 05:00:00,2,1,0,NA,"Y","ANGLE","RAIN","DARK - LIGHTED","S 5TH ST & SHELBY AV","NASHVILLE","EAST",36.16744,-86.76213,"MOTOR VEHICLE IN TRANSPORT","37206","2021","June","Summer","05","Tuesday","Weekday","Injuries","No Fatalities"
9.98521625661665e-314,2021-06-02 04:08:00,2,0,0,NA,"N","SIDESWIPE - SAME DIRECTION","RAIN","DARK - LIGHTED","BRILEY PKWY & I40 W EXT RAMP","NASHVILLE","WEST",36.153,-86.85761,"MOTOR VEHICLE IN TRANSPORT","37209","2021","June","Summer","04","Wednesday","Weekday","No Injuries","No Fatalities"
9.9852162976241e-314,2021-06-02 05:22:00,2,0,0,NA,"Y","UNKNOWN","RAIN","DARK - LIGHTED","MM 86 3 I 65","NASHVILLE","CENTRA",36.19187,-86.78048,"MOTOR VEHICLE IN TRANSPORT","37207","2021","June","Summer","05","Wednesday","Weekday","No Injuries","No Fatalities"
9.98521630651728e-314,2021-06-02 05:30:00,1,0,0,NA,"N","NOT COLLISION W/MOTOR VEHICLE-TRANSPORT","RAIN","DARK - LIGHTED","I65 S EXT RAMP & I 65","MADISON","MADISO",36.26651,-86.73926,"CONCRETE TRAFFIC BARRIER","37115","2021","June","Summer","05","Wednesday","Weekday","No Injuries","No Fatalities"
9.98521634900693e-314,2021-06-02 05:58:00,2,0,0,NA,"Y","ANGLE","RAIN","DARK - NOT LIGHTED","TUSCULUM RD & SHACKLETT LANE CT","ANTIOCH","SOUTH",36.05285,-86.67466,"MOTOR VEHICLE IN TRANSPORT","37013","2021","June","Summer","05","Wednesday","Weekday","No Injuries","No Fatalities"
9.98521640434228e-314,2021-06-02 09:20:00,1,0,0,NA,"N","NOT COLLISION W/MOTOR VEHICLE-TRANSPORT","RAIN","DARK - LIGHTED","MM 200 9 I 40","NASHVILLE","WEST",36.12882,-86.9003,"","37209","2021","June","Summer","09","Wednesday","Weekday","No Injuries","No Fatalities"
9.98521640878887e-314,2021-06-02 09:14:00,1,0,0,NA,"Y","NOT COLLISION W/MOTOR VEHICLE-TRANSPORT","RAIN","DARK - LIGHTED","0 BELL RD","ANTIOCH","SOUTH",36.04558,-86.68513,"WALL","37013","2021","June","Summer","09","Wednesday","Weekday","No Injuries","No Fatalities"
9.98521643398622e-314,2021-06-02 10:30:00,2,0,0,NA,"N","SIDESWIPE - SAME DIRECTION","RAIN","DAWN","MM 59 1 I 24","ANTIOCH","SOUTH",36.04763,-86.66322,"MOTOR VEHICLE IN TRANSPORT","37013","2021","June","Summer","10","Wednesday","Weekday","No Injuries","No Fatalities"
9.98521644337347e-314,2021-06-02 10:39:00,2,0,0,NA,"N","SIDESWIPE - SAME DIRECTION","RAIN","DAYLIGHT","MM 202 5 I 40","NASHVILLE","WEST",36.14495,-86.88061,"MOTOR VEHICLE IN TRANSPORT","37209","2021","June","Summer","10","Wednesday","Weekday","No Injuries","No Fatalities"
9.98521644880819e-314,2021-06-02 11:00:00,1,0,0,NA,"N","NOT COLLISION W/MOTOR VEHICLE-TRANSPORT","RAIN","DAYLIGHT","MM 77 4 I 65","NASHVILLE","MIDTOW",36.07718,-86.76652,"CONCRETE TRAFFIC BARRIER","37220","2021","June","Summer","11","Wednesday","Weekday","No Injuries","No Fatalities"
9.98521646066577e-314,2021-06-02 11:30:00,2,0,0,NA,"N","Front to Rear","RAIN","DAYLIGHT","MM 86 9 I 65","NASHVILLE","NORTH",36.20016,-86.77666,"MOTOR VEHICLE IN TRANSPORT","37207","2021","June","Summer","11","Wednesday","Weekday","No Injuries","No Fatalities"
9.98521646264203e-314,2021-06-02 11:35:00,2,0,0,NA,"N","ANGLE","RAIN","DAYLIGHT","S 5TH ST & WOODLAND ST","NASHVILLE","EAST",36.17184,-86.76477,"MOTOR VEHICLE IN TRANSPORT","37206","2021","June","Summer","11","Wednesday","Weekday","No Injuries","No Fatalities"
9.98521646807675e-314,2021-06-02 10:56:00,1,0,0,NA,"N","NOT COLLISION W/MOTOR VEHICLE-TRANSPORT","RAIN","DAYLIGHT","MM 211 1 I 40","NASHVILLE","HERMIT",36.15359,-86.75729,"CONCRETE TRAFFIC BARRIER;Ran Off Road-Left","37210","2021","June","Summer","10","Wednesday","Weekday","No Injuries","No Fatalities"
9.98521648932157e-314,2021-06-02 06:30:00,1,0,0,NA,"Y","NOT COLLISION W/MOTOR VEHICLE-TRANSPORT","RAIN","DARK - LIGHTED","CONCORD HILLS DR & NOLENSVILLE PKE","ANTIOCH","SOUTH",35.99974,-86.69314,"CURB","37013","2021","June","Summer","06","Wednesday","Weekday","No Injuries","No Fatalities"
9.98521650019102e-314,2021-06-02 12:42:00,2,1,0,NA,"N","ANGLE","RAIN","DAYLIGHT","MM 74 8 I 65","BRENTWOOD","MIDTOW",36.04219,-86.78203,"MOTOR VEHICLE IN TRANSPORT","37027","2021","June","Summer","12","Wednesday","Weekday","Injuries","No Fatalities"
9.98521651106046e-314,2021-06-02 12:48:00,1,0,0,NA,"N","NOT COLLISION W/MOTOR VEHICLE-TRANSPORT","RAIN","DAYLIGHT","MM 3 3 I 440","NASHVILLE","MIDTOW",36.11625,-86.79844,"WALL","37215","2021","June","Summer","12","Wednesday","Weekday","No Injuries","No Fatalities"
9.98521660987359e-314,2021-06-02 05:00:00,2,1,0,NA,"N","Front to Rear","RAIN","DAYLIGHT","MYATT DR & GALLATIN PKEN","MADISON","MADISO",36.29691,-86.69916,"MOTOR VEHICLE IN TRANSPORT","37115","2021","June","Summer","05","Wednesday","Weekday","Injuries","No Fatalities"
9.98520071281737e-314,2021-05-16 05:00:00,1,0,0,NA,"N","NOT COLLISION W/MOTOR VEHICLE-TRANSPORT","RAIN","DARK - LIGHTED","MM 201 6 I 40","NASHVILLE","WEST",36.13619,-86.89238,"GUARDRAIL FACE","37209","2021","May","Spring","05","Sunday","Weekend","No Injuries","No Fatalities"
9.9852008259584e-314,2021-05-16 08:23:00,1,1,0,NA,"N","NOT COLLISION W/MOTOR VEHICLE-TRANSPORT","RAIN","DARK - NOT LIGHTED","GLENROSE AV & EVELYN DR","NASHVILLE","SOUTH",36.12441,-86.73832,"GUARDRAIL FACE","37210","2021","May","Spring","08","Sunday","Weekend","Injuries","No Fatalities"
9.98520085066169e-314,2021-05-16 09:16:00,1,0,0,NA,"N","NOT COLLISION W/MOTOR VEHICLE-TRANSPORT","RAIN","DARK - LIGHTED","MURFREESBORO PKE & MOUNTAIN SPRINGS RD","ANTIOCH","SOUTH",36.04784,-86.61205,"CULVERT;CURB;SHRUBBERY","37013","2021","May","Spring","09","Sunday","Weekend","No Injuries","No Fatalities"
9.98520085560234e-314,2021-05-16 05:00:00,1,0,0,NA,"Y","UNKNOWN","RAIN","DARK - LIGHTED","I24 E EXT RAMP & I 24","NASHVILLE","NORTH",36.11155,-86.72324,"UNKNOWN MOST HARMFUL EVENT","37207","2021","May","Spring","05","Sunday","Weekend","No Injuries","No Fatalities"
9.98522009501266e-314,2021-06-06 05:05:00,1,0,0,NA,"N","NOT COLLISION W/MOTOR VEHICLE-TRANSPORT","RAIN","DARK - LIGHTED","MAIN ST & N 8TH ST","NASHVILLE","EAST",36.17539,-86.75869,"CONCRETE TRAFFIC BARRIER","37206","2021","June","Summer","05","Sunday","Weekend","No Injuries","No Fatalities"
9.98522009649485e-314,2021-06-06 05:00:00,2,1,0,NA,"N","SIDESWIPE - SAME DIRECTION","RAIN","DARK - LIGHTED","US HWY 431 & BRICK CHURCH PIKE","NASHVILLE","NORTH",36.20661,-86.7779,"MOTOR VEHICLE IN TRANSPORT","37207","2021","June","Summer","05","Sunday","Weekend","Injuries","No Fatalities"
9.98520088771661e-314,2021-05-16 10:57:00,1,0,0,NA,"N","NOT COLLISION W/MOTOR VEHICLE-TRANSPORT","RAIN","DAYLIGHT","COUNTRY WAY RD & SEBETHA CT","ANTIOCH","SOUTH",36.07364,-86.59778,"BUILDING;CURB","37013","2021","May","Spring","10","Sunday","Weekend","No Injuries","No Fatalities"
9.98522009797705e-314,2021-06-06 05:09:00,2,1,0,NA,"N","Front to Rear","RAIN","DARK - NOT LIGHTED","BRICK CHURCH PKE & WESTCHESTER DR","NASHVILLE","MADISO",36.25308,-86.777,"MOTOR VEHICLE IN TRANSPORT;DITCH","37207","2021","June","Summer","05","Sunday","Weekend","Injuries","No Fatalities"
9.98522011032869e-314,2021-06-06 05:10:00,1,1,0,NA,"N","NOT COLLISION W/MOTOR VEHICLE-TRANSPORT","RAIN","DARK - NOT LIGHTED","CLARKSVILLE PKE & OLD CLARKSVILLE PKE","JOELTON","NORTH",36.31912,-86.89232,"DITCH","37080","2021","June","Summer","05","Sunday","Weekend","Injuries","No Fatalities"
9.98522012416253e-314,2021-06-06 05:47:00,3,1,0,NA,"N","Front to Rear","RAIN","DARK - LIGHTED","I24 W ENT RAMP & I 24","NASHVILLE","EAST",36.04561,-86.65848,"MOTOR VEHICLE IN TRANSPORT","37206","2021","June","Summer","05","Sunday","Weekend","Injuries","No Fatalities"
9.98522015133614e-314,2021-06-06 06:35:00,2,0,0,NA,"N","Front to Rear","RAIN","DARK - LIGHTED","MM 59 3 I 24","ANTIOCH","SOUTH",36.04634,-86.66103,"MOTOR VEHICLE IN TRANSPORT","37013","2021","June","Summer","06","Sunday","Weekend","No Injuries","No Fatalities"
9.98522017406316e-314,2021-06-06 07:10:00,1,1,0,NA,"N","NOT COLLISION W/MOTOR VEHICLE-TRANSPORT","RAIN","DARK - NOT LIGHTED","MM 191 6 I 40","NASHVILLE","WEST",36.07872,-87.03621,"GUARDRAIL FACE","37221","2021","June","Summer","07","Sunday","Weekend","Injuries","No Fatalities"
9.9852201864148e-314,2021-06-06 07:35:00,2,1,0,NA,"Y","Front to Rear","RAIN","DARK - LIGHTED","BRICK CHURCH PKE & MOOREWOOD DR","NASHVILLE","MADISO",36.23373,-86.78134,"MOTOR VEHICLE IN TRANSPORT","37207","2021","June","Summer","07","Sunday","Weekend","Injuries","No Fatalities"
9.98522020123677e-314,2021-06-06 05:00:00,2,3,0,NA,"Y","NOT COLLISION W/MOTOR VEHICLE-TRANSPORT","RAIN","DARK - NOT LIGHTED","MM 77 0 I 65","NASHVILLE","MIDTOW",36.07075,-86.76997,"MOTOR VEHICLE IN TRANSPORT;CONCRETE TRAFFIC BARRIER","37220","2021","June","Summer","05","Sunday","Weekend","Injuries","No Fatalities"
9.9852202022249e-314,2021-06-06 07:53:00,2,2,0,NA,"N","ANGLE","RAIN","DARK - LIGHTED","NOLENSVILLE PKE & SWISS AV","ANTIOCH","SOUTH",36.04245,-86.71294,"MOTOR VEHICLE IN TRANSPORT","37013","2021","June","Summer","07","Sunday","Weekend","Injuries","No Fatalities"
9.9852202037071e-314,2021-06-06 08:19:00,1,1,0,NA,"N","NOT COLLISION W/MOTOR VEHICLE-TRANSPORT","RAIN","DARK - NOT LIGHTED","MT VIEW RD & OLD FRANKLIN RD","ANTIOCH","SOUTH",36.04355,-86.63079,"TREE","37013","2021","June","Summer","08","Sunday","Weekend","Injuries","No Fatalities"
9.98522021358841e-314,2021-06-06 08:45:00,2,1,0,NA,"N","Front to Rear","RAIN","DARK - LIGHTED","MM 77 2 I 65","NASHVILLE","MIDTOW",36.07416,-86.76902,"MOTOR VEHICLE IN TRANSPORT;PARKED MOTOR VEHICLE","37220","2021","June","Summer","08","Sunday","Weekend","Injuries","No Fatalities"
9.985220218035e-314,2021-06-06 08:56:00,1,2,0,NA,"N","NOT COLLISION W/MOTOR VEHICLE-TRANSPORT","RAIN","DARK - LIGHTED","MM 91 8 I 65","MADISON","MADISO",36.25798,-86.73845,"CONCRETE TRAFFIC BARRIER","37115","2021","June","Summer","08","Sunday","Weekend","Injuries","No Fatalities"
9.98522022495192e-314,2021-06-06 09:20:00,1,0,0,NA,"N","NOT COLLISION W/MOTOR VEHICLE-TRANSPORT","RAIN","DARK - LIGHTED","BELL RD & MURFREESBORO PKE","ANTIOCH","SOUTH",36.07117,-86.63644,"BUILDING","37013","2021","June","Summer","09","Sunday","Weekend","No Injuries","No Fatalities"
9.98522023779763e-314,2021-06-06 05:00:00,1,0,0,NA,"Y","NOT COLLISION W/MOTOR VEHICLE-TRANSPORT","RAIN","DAWN","MAUDINA AV & OCEOLA AV","NASHVILLE","WEST",36.14459,-86.85976,"DITCH","37209","2021","June","Summer","05","Sunday","Weekend","No Injuries","No Fatalities"
9.98521084511564e-314,2021-05-27 02:00:00,1,1,0,NA,"Y","NOT COLLISION W/MOTOR VEHICLE-TRANSPORT","RAIN","DARK - LIGHTED","DICKERSON PKE & OAK VALLEY DR","NASHVILLE","EAST",36.23188,-86.75886,"PEDESTRIAN","37207","2021","May","Spring","02","Thursday","Weekday","Injuries","No Fatalities"
9.98522037070129e-314,2021-06-06 05:00:00,1,2,0,NA,"N","NOT COLLISION W/MOTOR VEHICLE-TRANSPORT","RAIN","DAYLIGHT","SMITH SPRINGS RD & UNA RECREATION RD","NASHVILLE","HERMIT",36.09654,-86.64439,"CURB;DITCH;Ran Off Road-Left","37217","2021","June","Summer","05","Sunday","Weekend","Injuries","No Fatalities"
9.98522048285419e-314,2021-06-06 05:00:00,2,0,0,NA,"N","ANGLE","RAIN","DAYLIGHT","8000 OLD CHARLOTTE PKE","NASHVILLE","WEST",36.11802,-86.95672,"MOTOR VEHICLE IN TRANSPORT","37221","2021","June","Summer","05","Sunday","Weekend","No Injuries","No Fatalities"
9.98522258263318e-314,2021-06-09 03:19:00,2,1,0,NA,"N","ANGLE","RAIN","DARK - LIGHTED","4TH AVS & I40 E EXT RAMP","NASHVILLE","SOUTH",36.15048,-86.77035,"MOTOR VEHICLE IN TRANSPORT","37210","2021","June","Summer","03","Wednesday","Weekday","Injuries","No Fatalities"
9.98522272146563e-314,2021-06-09 08:00:00,2,0,0,NA,"Y","ANGLE","RAIN","DARK - LIGHTED","DOUGLAS AV & DICKERSON PKE","NASHVILLE","EAST",36.1944,-86.77235,"MOTOR VEHICLE IN TRANSPORT","37207","2021","June","Summer","08","Wednesday","Weekday","No Injuries","No Fatalities"
9.98522275506209e-314,2021-06-09 05:00:00,1,1,0,NA,"N","NOT COLLISION W/MOTOR VEHICLE-TRANSPORT","RAIN","DARK - LIGHTED","MM 88 5 I 65","NASHVILLE","NORTH",36.22422,-86.77454,"LUMINAIRE/LIGHT SUPPORT;Ran Off Road-Left","37207","2021","June","Summer","05","Wednesday","Weekday","Injuries","No Fatalities"
9.9852232525862e-314,2021-06-09 05:00:00,1,1,0,NA,"N","NOT COLLISION W/MOTOR VEHICLE-TRANSPORT","RAIN","DAYLIGHT","GRANDVIEW AV & CENTRAL AV","NASHVILLE","MIDTOW",36.11418,-86.74835,"MOTOR VEHICLE IN TRANSPORT","37211","2021","June","Summer","05","Wednesday","Weekday","Injuries","No Fatalities"
9.98522478468377e-314,2021-06-11 04:20:00,3,0,0,NA,"N","NOT COLLISION W/MOTOR VEHICLE-TRANSPORT","RAIN","DARK - LIGHTED","MM 47 7 I 24","NASHVILLE","EAST",36.17969,-86.77394,"MOTOR VEHICLE IN TRANSPORT;WALL","37207","2021","June","Summer","04","Friday","Weekday","No Injuries","No Fatalities"
9.98522496897025e-314,2021-06-11 05:00:00,1,1,0,NA,"N","NOT COLLISION W/MOTOR VEHICLE-TRANSPORT","RAIN","DARK - LIGHTED","MM 87 3 I 65","NASHVILLE","EAST",36.20628,-86.7765,"CONCRETE TRAFFIC BARRIER;Ran Off Road-Left","37207","2021","June","Summer","05","Friday","Weekday","Injuries","No Fatalities"
9.98522498675662e-314,2021-06-11 09:11:00,1,1,0,NA,"N","NOT COLLISION W/MOTOR VEHICLE-TRANSPORT","RAIN","DARK - LIGHTED","BUENA VISTA PKE & KINGS LN","NASHVILLE","NORTH",36.22008,-86.82118,"DITCH","37207","2021","June","Summer","09","Friday","Weekday","Injuries","No Fatalities"
9.98522498873288e-314,2021-06-11 09:15:00,2,0,0,NA,"Y","HEAD-ON","RAIN","DARK - LIGHTED","I65 S ENT RAMP & I65 S EXT RAMP","NASHVILLE","MIDTOW",36.13424,-86.77637,"MOTOR VEHICLE IN TRANSPORT","37204","2021","June","Summer","09","Friday","Weekday","No Injuries","No Fatalities"
9.98522499367354e-314,2021-06-11 09:25:00,1,0,0,NA,"N","NOT COLLISION W/MOTOR VEHICLE-TRANSPORT","RAIN","DARK - LIGHTED","MM 91 0 I 65","MADISON","MADISO",36.24746,-86.7433,"CONCRETE TRAFFIC BARRIER","37115","2021","June","Summer","09","Friday","Weekday","No Injuries","No Fatalities"
9.98522499515573e-314,2021-06-11 09:26:00,1,1,0,NA,"N","NOT COLLISION W/MOTOR VEHICLE-TRANSPORT","RAIN","DARK - LIGHTED","NOLENSVILLE PKE & WELSHWOOD DR","NASHVILLE","MIDTOW",36.08147,-86.72692,"OTHER OBJECT (NOT FIXED);CURB","37211","2021","June","Summer","09","Friday","Weekday","Injuries","No Fatalities"
9.98522505938427e-314,2021-06-11 08:00:00,2,0,0,NA,"Y","SIDESWIPE - SAME DIRECTION","RAIN","DARK - LIGHTED","HANCOCK ST & MERIDIAN ST","NASHVILLE","EAST",36.18381,-86.76837,"PARKED MOTOR VEHICLE","37207","2021","June","Summer","08","Friday","Weekday","No Injuries","No Fatalities"
9.98522678811996e-314,2021-06-13 12:04:00,1,0,0,NA,"N","NOT COLLISION W/MOTOR VEHICLE-TRANSPORT","RAIN","DAYLIGHT","MCCRORY LN & NATCHEZ POINTE DR","NASHVILLE","WEST",36.04701,-86.98251,"GUARDRAIL FACE","37221","2021","June","Summer","12","Sunday","Weekend","No Injuries","No Fatalities"
9.98523442291639e-314,2021-06-22 02:30:00,2,1,0,NA,"N","ANGLE","RAIN","DARK - LIGHTED","UTAH AV & 42ND AVN","NASHVILLE","WEST",36.14436,-86.83686,"MOTOR VEHICLE IN TRANSPORT","37209","2021","June","Summer","02","Tuesday","Weekday","Injuries","No Fatalities"
9.98523443971462e-314,2021-06-22 03:19:00,2,0,0,NA,"N","ANGLE","RAIN","DARK - LIGHTED","BRILEY PKWYN & BRILEY PKWYS","NASHVILLE","SOUTH",36.10945,-86.72805,"MOTOR VEHICLE IN TRANSPORT","37211","2021","June","Summer","03","Tuesday","Weekday","No Injuries","No Fatalities"
9.98524342182806e-314,2021-07-01 05:00:00,2,1,0,NA,"N","SIDESWIPE - SAME DIRECTION","RAIN","DAYLIGHT","MM 213 4 I 40","NASHVILLE","HERMIT",36.14032,-86.72179,"MOTOR VEHICLE IN TRANSPORT","37217","2021","July","Summer","05","Thursday","Weekday","Injuries","No Fatalities"
9.98524356263677e-314,2021-07-02 00:07:00,1,0,0,NA,"N","NOT COLLISION W/MOTOR VEHICLE-TRANSPORT","RAIN","DAYLIGHT","MCGAVOCK PKE EB ENT RAMP & BRILEY PKWYS","NASHVILLE","HERMIT",36.21708,-86.69296,"FENCE","37214","2021","July","Summer","00","Friday","Weekday","No Injuries","No Fatalities"
9.98524356461303e-314,2021-07-02 00:14:00,1,1,0,NA,"N","NOT COLLISION W/MOTOR VEHICLE-TRANSPORT","RAIN","DAYLIGHT","HICKORY HOLLOW PKWY & UNA ANTIOCH PKE","ANTIOCH","SOUTH",36.05434,-86.66729,"","37013","2021","July","Summer","00","Friday","Weekday","Injuries","No Fatalities"
9.98524358585785e-314,2021-07-02 00:32:00,2,0,0,NA,"Y","ANGLE","RAIN","DAYLIGHT","LAFAYETTE ST & 4TH AVS","NASHVILLE","CENTRA",36.15185,-86.77141,"MOTOR VEHICLE IN TRANSPORT","37210","2021","July","Summer","00","Friday","Weekday","No Injuries","No Fatalities"
9.98524362044245e-314,2021-07-02 00:55:00,1,0,0,NA,"N","NOT COLLISION W/MOTOR VEHICLE-TRANSPORT","RAIN","DARK - LIGHTED","STATE HWY 255 & CITATION DR","NASHVILLE","SOUTH",36.10036,-86.67233,"EMBANKMENT EARTH","37217","2021","July","Summer","00","Friday","Weekday","No Injuries","No Fatalities"
9.98524362785343e-314,2021-07-02 00:57:00,1,0,0,NA,"N","NOT COLLISION W/MOTOR VEHICLE-TRANSPORT","RAIN","DARK - NOT LIGHTED","PETTUS RD & OLD HICKORY BLVD","ANTIOCH","SOUTH",35.99774,-86.67296,"EMBANKMENT ROCK/STONE/CONCRETE","37013","2021","July","Summer","00","Friday","Weekday","No Injuries","No Fatalities"
9.98524368220066e-314,2021-07-02 03:02:00,2,0,0,NA,"N","NOT COLLISION W/MOTOR VEHICLE-TRANSPORT","RAIN","DARK - NOT LIGHTED","I40 E ENT RAMP & I 40","NASHVILLE","WEST",36.13219,-86.89567,"","37205","2021","July","Summer","03","Friday","Weekday","No Injuries","No Fatalities"
9.98524369356416e-314,2021-07-02 03:25:00,1,1,0,NA,"N","NOT COLLISION W/MOTOR VEHICLE-TRANSPORT","RAIN","DARK - NOT LIGHTED","MM 198 4 I 40","NASHVILLE","WEST",36.10328,-86.9328,"CONCRETE TRAFFIC BARRIER;Ran Off Road-Left","37221","2021","July","Summer","03","Friday","Weekday","Injuries","No Fatalities"
9.985243707398e-314,2021-07-02 03:50:00,1,1,0,NA,"N","NOT COLLISION W/MOTOR VEHICLE-TRANSPORT","RAIN","DARK - NOT LIGHTED","HIGHWAY 100 & CHAFFIN DR","NASHVILLE","WEST",36.04109,-86.96133,"DITCH;TREE","37221","2021","July","Summer","03","Friday","Weekday","Injuries","No Fatalities"
9.98524374544106e-314,2021-07-02 04:57:00,1,0,0,NA,"N","NOT COLLISION W/MOTOR VEHICLE-TRANSPORT","RAIN","DARK - NOT LIGHTED","MM 200 6 I 40","NASHVILLE","WEST",36.12579,-86.90473,"CONCRETE TRAFFIC BARRIER","37209","2021","July","Summer","04","Friday","Weekday","No Injuries","No Fatalities"
9.98524379929421e-314,2021-07-02 01:50:00,2,0,0,NA,"N","HEAD-ON","RAIN","DUSK","REGENCY DR & ESTERBROOK DR","NASHVILLE","WEST",36.082,-86.94282,"PARKED MOTOR VEHICLE","37221","2021","July","Summer","01","Friday","Weekday","No Injuries","No Fatalities"
9.98526323386046e-314,2021-07-25 05:00:00,2,0,0,NA,"N","Front to Rear","RAIN","DARK - NOT LIGHTED","JOHN HAGAR RD & EARHART RD","MOUNT JULIET","HERMIT",36.15938,-86.56505,"MOTOR VEHICLE IN TRANSPORT","37122","2021","July","Summer","05","Sunday","Weekend","No Injuries","No Fatalities"
9.98526408908809e-314,2021-07-27 02:32:00,1,1,0,NA,"Y","NOT COLLISION W/MOTOR VEHICLE-TRANSPORT","RAIN","DARK - LIGHTED","HAYWOOD LN & LOCUSTWOOD DR","NASHVILLE","SOUTH",36.06906,-86.70315,"GUARDRAIL FACE","37211","2021","July","Summer","02","Tuesday","Weekday","Injuries","No Fatalities"
9.98525116383673e-314,2021-07-11 10:00:00,2,0,0,NA,"Y","ANGLE","RAIN","DARK - LIGHTED","CHARLOTTE AV & 51ST AVN","NASHVILLE","WEST",36.15197,-86.84857,"MOTOR VEHICLE IN TRANSPORT","37209","2021","July","Summer","10","Sunday","Weekend","No Injuries","No Fatalities"
9.98525117520024e-314,2021-07-11 10:30:00,1,0,0,NA,"N","NOT COLLISION W/MOTOR VEHICLE-TRANSPORT","RAIN","DAYLIGHT","MM 203 9 I 40","NASHVILLE","WEST",36.1523,-86.85835,"GUARDRAIL FACE;Ran Off Road-Right;EMBANKMENT EARTH","37209","2021","July","Summer","10","Sunday","Weekend","No Injuries","No Fatalities"
9.98525118557562e-314,2021-07-11 11:40:00,2,0,0,NA,"N","SIDESWIPE - SAME DIRECTION","RAIN","DAWN","MM 53 0 I 24","NASHVILLE","SOUTH",36.11853,-86.7263,"MOTOR VEHICLE IN TRANSPORT","37210","2021","July","Summer","11","Sunday","Weekend","No Injuries","No Fatalities"
9.98525119199847e-314,2021-07-11 12:00:00,1,1,0,NA,"N","NOT COLLISION W/MOTOR VEHICLE-TRANSPORT","RAIN","DAYLIGHT","MM 200 8 I 40","NASHVILLE","WEST",36.12812,-86.90094,"CONCRETE TRAFFIC BARRIER","37209","2021","July","Summer","12","Sunday","Weekend","Injuries","No Fatalities"
9.98525119249254e-314,2021-07-11 12:01:00,1,1,0,NA,"N","NOT COLLISION W/MOTOR VEHICLE-TRANSPORT","RAIN","DAYLIGHT","GREENLAND AV & ADDINE ST","NASHVILLE","EAST",36.21862,-86.71581,"OTHER OBJECT (NOT FIXED)","37216","2021","July","Summer","12","Sunday","Weekend","Injuries","No Fatalities"
9.9852511944688e-314,2021-07-11 12:07:00,1,1,0,NA,"N","NOT COLLISION W/MOTOR VEHICLE-TRANSPORT","RAIN","DAYLIGHT","ANDREW JACKSON PKWY & ALBANY DR","HERMITAGE","HERMIT",36.2112,-86.59932,"UTILITY POLE;Ran Off Road-Right","37076","2021","July","Summer","12","Sunday","Weekend","Injuries","No Fatalities"
9.98525119545693e-314,2021-07-11 12:08:00,1,0,0,NA,"N","NOT COLLISION W/MOTOR VEHICLE-TRANSPORT","RAIN","DAYLIGHT","MM 48 8 I 24","NASHVILLE","CENTRA",36.16772,-86.76566,"CONCRETE TRAFFIC BARRIER","37213","2021","July","Summer","12","Sunday","Weekend","No Injuries","No Fatalities"
9.98525119693913e-314,2021-07-11 12:13:00,2,1,0,NA,"N","ANGLE","RAIN","DAYLIGHT","MM 91 2 I 65","MADISON","MADISO",36.24989,-86.74137,"MOTOR VEHICLE IN TRANSPORT;GUARDRAIL FACE;CONCRETE TRAFFIC BARRIER;EMBANKMENT EARTH","37115","2021","July","Summer","12","Sunday","Weekend","Injuries","No Fatalities"
9.98525124239317e-314,2021-07-11 12:40:00,2,0,0,NA,"N","SIDESWIPE - SAME DIRECTION","RAIN","DAYLIGHT","MM 211 7 I 40","NASHVILLE","HERMIT",36.14956,-86.74775,"MOTOR VEHICLE IN TRANSPORT","37210","2021","July","Summer","12","Sunday","Weekend","No Injuries","No Fatalities"
9.98525129031754e-314,2021-07-11 05:00:00,2,0,0,NA,"N","ANGLE","RAIN","DAYLIGHT","4TH AVS & PEABODY ST","NASHVILLE","CENTRA",36.15596,-86.77392,"MOTOR VEHICLE IN TRANSPORT","37201","2021","July","Summer","05","Sunday","Weekend","No Injuries","No Fatalities"
9.98525581991138e-314,2021-07-16 05:00:00,2,1,0,NA,"N","HEAD-ON","RAIN","DAYLIGHT","NOLENSVILLE PKE & VERITAS ST","NASHVILLE","SOUTH",36.09774,-86.73848,"MOTOR VEHICLE IN TRANSPORT","37211","2021","July","Summer","05","Friday","Weekday","Injuries","No Fatalities"
9.98525136492145e-314,2021-07-11 05:00:00,1,0,0,NA,"N","NOT COLLISION W/MOTOR VEHICLE-TRANSPORT","RAIN","DAYLIGHT","MM 92 0 I 65","MADISON","MADISO",36.26057,-86.73826,"CONCRETE TRAFFIC BARRIER","37115","2021","July","Summer","05","Sunday","Weekend","No Injuries","No Fatalities"