"Accident.Number","Date.and.Time","Number.of.Motor.Vehicles","Number.of.Injuries","Number.of.Fatalities","Property.Damage","Hit.and.Run","Collision.Type.Description","Weather.Description","Illumination.Description","Street.Address","City","Precinct","Latitude","Longitude","HarmfulDescriptions","Zip.Code","Year","Month","Season","Hour","Weekday","DayType","Accident","Fatality_category"
9.98525137332056e-314,2021-07-11 05:00:00,1,0,0,NA,"N","NOT COLLISION W/MOTOR VEHICLE-TRANSPORT","RAIN","DAYLIGHT","MM 91 0 I 65","MADISON","MADISO",36.24819,-86.74263,"CONCRETE TRAFFIC BARRIER","37115","2021","July","Summer","05","Sunday","Weekend","No Injuries","No Fatalities"
9.98525142816185e-314,2021-07-11 05:00:00,2,0,0,NA,"N","SIDESWIPE - OPPOSITE DIRECTION","RAIN","DAYLIGHT","OLD HICKORY BLVDW & E MARTHONA RD","MADISON","MADISO",36.26416,-86.72717,"MOTOR VEHICLE IN TRANSPORT","37115","2021","July","Summer","05","Sunday","Weekend","No Injuries","No Fatalities"
9.98525598295304e-314,2021-07-17 02:01:00,2,0,0,NA,"Y","Front to Rear","RAIN","DARK - LIGHTED","MILLWOOD DR & MURFREESBORO PKE","NASHVILLE","HERMIT",36.13106,-86.71394,"MOTOR VEHICLE IN TRANSPORT","37217","2021","July","Summer","02","Saturday","Weekend","No Injuries","No Fatalities"
9.98525176363242e-314,2021-07-12 05:00:00,2,2,0,NA,"N","HEAD-ON","RAIN","DAYLIGHT","I24 W ENT RAMP & I 24","NASHVILLE","EAST",36.04561,-86.65849,"MOTOR VEHICLE IN TRANSPORT","37206","2021","July","Summer","05","Monday","Weekday","Injuries","No Fatalities"
9.98525657929027e-314,2021-07-18 00:27:00,1,2,0,NA,"N","NOT COLLISION W/MOTOR VEHICLE-TRANSPORT","RAIN","DAYLIGHT","MM 217 0 I 40","NASHVILLE","HERMIT",36.14083,-86.65925,"GUARDRAIL FACE","37214","2021","July","Summer","00","Sunday","Weekend","Injuries","No Fatalities"
9.98525666673989e-314,2021-07-18 03:00:00,1,1,0,NA,"N","NOT COLLISION W/MOTOR VEHICLE-TRANSPORT","RAIN","DARK - NOT LIGHTED","MM 91 8 I 65","MADISON","MADISO",36.259,-86.73828,"CONCRETE TRAFFIC BARRIER","37115","2021","July","Summer","03","Sunday","Weekend","Injuries","No Fatalities"
9.98525668502032e-314,2021-07-18 03:43:00,3,1,0,NA,"Y","HEAD-ON","RAIN","DARK - LIGHTED","OLD HICKORY BLVD & RACHELS LN","OLD HICKORY","HERMIT",36.21156,-86.62278,"MOTOR VEHICLE IN TRANSPORT","37138","2021","July","Summer","03","Sunday","Weekend","Injuries","No Fatalities"
9.98525668847878e-314,2021-07-18 03:34:00,2,0,0,NA,"N","ANGLE","RAIN","DARK - LIGHTED","RIVERGATE MARKETPLACE PVTDR & GALLATIN P","MADISON","MADISO",36.30275,-86.69185,"MOTOR VEHICLE IN TRANSPORT","37115","2021","July","Summer","03","Sunday","Weekend","No Injuries","No Fatalities"
9.98525673442689e-314,2021-07-17 05:00:00,1,1,0,NA,"N","NOT COLLISION W/MOTOR VEHICLE-TRANSPORT","RAIN","DARK - LIGHTED","MM 89 6 I 65","NASHVILLE","MADISO",36.2361,-86.76318,"WALL","37207","2021","July","Summer","05","Saturday","Weekend","Injuries","No Fatalities"
9.9852482246402e-314,2021-07-07 05:00:00,1,0,0,NA,"Y","NOT COLLISION W/MOTOR VEHICLE-TRANSPORT","RAIN","DAYLIGHT","HICKORY HOLLOW PKWY & MT VIEW RD","ANTIOCH","SOUTH",36.05437,-86.66728,"UTILITY POLE","37013","2021","July","Summer","05","Wednesday","Weekday","No Injuries","No Fatalities"
9.98524830122038e-314,2021-07-07 05:00:00,2,0,0,NA,"Y","ANGLE","RAIN","DAYLIGHT","MM 212 3 I 40","NASHVILLE","HERMIT",36.1448,-86.73976,"MOTOR VEHICLE IN TRANSPORT","37210","2021","July","Summer","05","Wednesday","Weekday","No Injuries","No Fatalities"
9.98524836841331e-314,2021-07-07 05:00:00,2,0,0,NA,"N","Front to Rear","RAIN","DAYLIGHT","OLD HICKORY BLVD & COPPERFIELD WAY","BRENTWOOD","MIDTOW",36.0417,-86.74862,"MOTOR VEHICLE IN TRANSPORT","37027","2021","July","Summer","05","Wednesday","Weekday","No Injuries","No Fatalities"
9.98525733768104e-314,2021-07-19 00:57:00,1,0,0,NA,"N","NOT COLLISION W/MOTOR VEHICLE-TRANSPORT","RAIN","DARK - LIGHTED","MM 46 0 I 24","NASHVILLE","CENTRA",36.18754,-86.7761,"GUARDRAIL FACE","37207","2021","July","Summer","00","Monday","Weekday","No Injuries","No Fatalities"
9.98524848797719e-314,2021-07-08 00:14:00,2,0,0,NA,"N","Front to Rear","RAIN","DAYLIGHT","HARDING PL & MCGAVOCK PKE","NASHVILLE","SOUTH",36.09187,-86.68514,"MOTOR VEHICLE IN TRANSPORT","37211","2021","July","Summer","00","Thursday","Weekday","No Injuries","No Fatalities"
9.98528335913048e-314,2021-08-19 01:17:00,1,0,0,NA,"N","NOT COLLISION W/MOTOR VEHICLE-TRANSPORT","RAIN","DARK - LIGHTED","RECOVERY RD & HARDING PL","NASHVILLE","SOUTH",36.08001,-86.72018,"CURB","37211","2021","August","Summer","01","Thursday","Weekday","No Injuries","No Fatalities"
9.98528342187681e-314,2021-08-19 05:10:00,1,1,0,NA,"N","NOT COLLISION W/MOTOR VEHICLE-TRANSPORT","RAIN","DARK - NOT LIGHTED","MM 75 8 I 65","NASHVILLE","MIDTOW",36.05422,-86.77546,"TREE","37027","2021","August","Summer","05","Thursday","Weekday","Injuries","No Fatalities"
9.98528552017361e-314,2021-08-21 05:00:00,1,0,0,NA,"Y","NOT COLLISION W/MOTOR VEHICLE-TRANSPORT","RAIN","DARK - LIGHTED","MM 85 5 I 65","NASHVILLE","CENTRA",36.18894,-86.79262,"WALL","37208","2021","August","Summer","05","Saturday","Weekend","No Injuries","No Fatalities"
9.98528553351338e-314,2021-08-21 05:00:00,1,0,0,NA,"N","NOT COLLISION W/MOTOR VEHICLE-TRANSPORT","RAIN","DAYLIGHT","MM 212 7 I 40","NASHVILLE","HERMIT",36.14178,-86.73346,"CONCRETE TRAFFIC BARRIER","37210","2021","August","Summer","05","Saturday","Weekend","No Injuries","No Fatalities"
9.98528553647778e-314,2021-08-21 11:15:00,2,0,0,NA,"Y","ANGLE","RAIN","DAWN","CHURCH ST & 5TH AVN","NASHVILLE","CENTRA",36.16317,-86.78019,"MOTOR VEHICLE IN TRANSPORT-OTHER ROADWAY","37219","2021","August","Summer","11","Saturday","Weekend","No Injuries","No Fatalities"
9.98528555179381e-314,2021-08-21 11:58:00,2,0,0,NA,"N","SIDESWIPE - OPPOSITE DIRECTION","RAIN","DAYLIGHT","WALLACE RD & LARGO DR","NASHVILLE","SOUTH",36.08459,-86.70201,"MOTOR VEHICLE IN TRANSPORT","37211","2021","August","Summer","11","Saturday","Weekend","No Injuries","No Fatalities"
9.98528555327601e-314,2021-08-21 12:31:00,1,0,0,NA,"N","NOT COLLISION W/MOTOR VEHICLE-TRANSPORT","RAIN","DAYLIGHT","MM 211 6 I 40","NASHVILLE","HERMIT",36.15091,-86.75008,"CONCRETE TRAFFIC BARRIER","37210","2021","August","Summer","12","Saturday","Weekend","No Injuries","No Fatalities"
9.98528555377007e-314,2021-08-21 05:00:00,1,0,0,NA,"Y","NOT COLLISION W/MOTOR VEHICLE-TRANSPORT","RAIN","UNKNOWN","I65 S EXT RAMP & I 65","MADISON","MADISO",36.03996,-86.78318,"H-WAY TRAFFIC SIGNAL POST;SHRUBBERY;Ran Off Road-Left","37115","2021","August","Summer","05","Saturday","Weekend","No Injuries","No Fatalities"
9.98528556068699e-314,2021-08-21 12:45:00,1,0,0,NA,"Y","NOT COLLISION W/MOTOR VEHICLE-TRANSPORT","RAIN","DAYLIGHT","W TRINITY LN & I65 N ENT RAMP","NASHVILLE","EAST",36.20627,-86.77348,"CONCRETE TRAFFIC BARRIER","37207","2021","August","Summer","12","Saturday","Weekend","No Injuries","No Fatalities"
9.98528588232373e-314,2021-08-22 00:03:00,2,1,0,NA,"N","Front to Rear","RAIN","DARK - LIGHTED","MM 59 0 I 24","ANTIOCH","SOUTH",36.04818,-86.66415,"MOTOR VEHICLE IN TRANSPORT","37013","2021","August","Summer","00","Sunday","Weekend","Injuries","No Fatalities"
9.98528589368724e-314,2021-08-22 00:20:00,3,1,0,NA,"N","ANGLE","RAIN","DARK - LIGHTED","MM 212 5 I 40","NASHVILLE","HERMIT",36.14256,-86.7361,"MOTOR VEHICLE IN TRANSPORT","37210","2021","August","Summer","00","Sunday","Weekend","Injuries","No Fatalities"
9.9852858956635e-314,2021-08-22 00:23:00,2,0,0,NA,"N","Front to Rear","RAIN","DARK - NOT LIGHTED","13TH AVS & I40 W EXT RAMP","NASHVILLE","CENTRA",36.15529,-86.78841,"MOTOR VEHICLE IN TRANSPORT","37203","2021","August","Summer","00","Sunday","Weekend","No Injuries","No Fatalities"
9.98528590554481e-314,2021-08-22 00:41:00,2,1,0,NA,"N","ANGLE","RAIN","DARK - LIGHTED","STEWARTS FERRY PKE & PERCY PRIEST DR","NASHVILLE","HERMIT",36.1539,-86.62564,"MOTOR VEHICLE IN TRANSPORT","37214","2021","August","Summer","00","Sunday","Weekend","Injuries","No Fatalities"
9.98528591048547e-314,2021-08-22 00:50:00,2,0,0,NA,"N","Front to Rear","RAIN","DARK - LIGHTED","MM 212 0 I 40","NASHVILLE","HERMIT",36.1473,-86.74375,"MOTOR VEHICLE IN TRANSPORT","37210","2021","August","Summer","00","Sunday","Weekend","No Injuries","No Fatalities"
9.98528591641426e-314,2021-08-22 00:15:00,2,0,0,NA,"N","SIDESWIPE - SAME DIRECTION","RAIN","DARK - LIGHTED","MM 91 0 I 65","MADISON","MADISO",36.24841,-86.74266,"MOTOR VEHICLE IN TRANSPORT","37115","2021","August","Summer","00","Sunday","Weekend","No Injuries","No Fatalities"
9.98528592036678e-314,2021-08-22 01:08:00,2,1,0,NA,"N","Front to Rear","RAIN","DARK - LIGHTED","GALLATIN PKEN & RIVERCHASE BLVD","MADISON","MADISO",36.30854,-86.68177,"MOTOR VEHICLE IN TRANSPORT","37115","2021","August","Summer","01","Sunday","Weekend","Injuries","No Fatalities"
9.98528592382524e-314,2021-08-22 01:08:00,2,0,0,NA,"N","Front to Rear","RAIN","DARK - LIGHTED","DIVISION ST & BROADWAY","NASHVILLE","MIDTOW",36.14952,-86.7974,"MOTOR VEHICLE IN TRANSPORT","37212","2021","August","Summer","01","Sunday","Weekend","No Injuries","No Fatalities"
9.98528593370656e-314,2021-08-22 01:03:00,2,0,0,NA,"Y","Front to Rear","RAIN","DARK - LIGHTED","MM 212 1 I 40","NASHVILLE","HERMIT",36.14671,-86.74284,"MOTOR VEHICLE IN TRANSPORT","37210","2021","August","Summer","01","Sunday","Weekend","No Injuries","No Fatalities"
9.98528593716502e-314,2021-08-22 01:32:00,2,0,0,NA,"N","ANGLE","RAIN","DARK - LIGHTED","HAYWOOD LN & HOPEDALE DR","NASHVILLE","SOUTH",36.06876,-86.71628,"MOTOR VEHICLE IN TRANSPORT","37211","2021","August","Summer","01","Sunday","Weekend","No Injuries","No Fatalities"
9.98528594951666e-314,2021-08-22 02:00:00,1,0,0,NA,"Y","NOT COLLISION W/MOTOR VEHICLE-TRANSPORT","RAIN","DARK - LIGHTED","5TH AVN & CHURCH ST","NASHVILLE","CENTRA",36.16309,-86.78013,"OTHER TYPE NON-MOTORIST","37219","2021","August","Summer","02","Sunday","Weekend","No Injuries","No Fatalities"
9.98528599694696e-314,2021-08-22 02:09:00,2,0,0,NA,"N","Front to Rear","RAIN","DARK - LIGHTED","THOMPSON LN & SIDCO DR","NASHVILLE","MIDTOW",36.11116,-86.75523,"MOTOR VEHICLE IN TRANSPORT","37204","2021","August","Summer","02","Sunday","Weekend","No Injuries","No Fatalities"
9.98528601670958e-314,2021-08-22 03:40:00,4,1,0,NA,"Y","ANGLE","RAIN","DARK - NOT LIGHTED","MICHIGAN AV & 48TH AVN","NASHVILLE","WEST",36.15885,-86.84506,"MOTOR VEHICLE IN TRANSPORT;PARKED MOTOR VEHICLE","37209","2021","August","Summer","03","Sunday","Weekend","Injuries","No Fatalities"
9.98528603548408e-314,2021-08-21 05:00:00,1,0,0,NA,"Y","UNKNOWN","RAIN","DARK - NOT LIGHTED","I24 W ENT RAMP & I 24","NASHVILLE","EAST",36.07062,-86.69008,"UNKNOWN MOST HARMFUL EVENT","37206","2021","August","Summer","05","Saturday","Weekend","No Injuries","No Fatalities"
9.98528605524671e-314,2021-08-22 02:46:00,2,0,0,NA,"N","ANGLE","RAIN","DARK - LIGHTED","HAMILTON CHURCH RD & HAMILTON CROSSINGS","ANTIOCH","SOUTH",36.06266,-86.6308,"MOTOR VEHICLE IN TRANSPORT","37013","2021","August","Summer","02","Sunday","Weekend","No Injuries","No Fatalities"
9.98528618271564e-314,2021-08-22 05:00:00,2,0,0,NA,"N","ANGLE","RAIN","DARK - LIGHTED","BOWFIELD DR & DOWDY DR","ANTIOCH","SOUTH",36.06806,-86.66905,"MOTOR VEHICLE IN TRANSPORT-OTHER ROADWAY","37013","2021","August","Summer","05","Sunday","Weekend","No Injuries","No Fatalities"
9.98527565368266e-314,2021-08-21 11:48:00,1,0,0,NA,"N","NOT COLLISION W/MOTOR VEHICLE-TRANSPORT","RAIN","DAYLIGHT","MM 78 2 I 65","NASHVILLE","MIDTOW",36.08764,-86.76281,"CONCRETE TRAFFIC BARRIER","37204","2021","August","Summer","11","Saturday","Weekend","No Injuries","No Fatalities"
9.98527901283499e-314,2021-08-13 05:00:00,2,0,0,NA,"N","SIDESWIPE - SAME DIRECTION","RAIN","DARK - LIGHTED","MM 56 4 I 24","NASHVILLE","SOUTH",36.07692,-86.6943,"MOTOR VEHICLE IN TRANSPORT","37211","2021","August","Summer","05","Friday","Weekday","No Injuries","No Fatalities"
9.98527933793018e-314,2021-08-14 02:00:00,2,0,0,NA,"N","ANGLE","RAIN","DARK - NOT LIGHTED","OLD HICKORY BLVD & ROCKY LN","NASHVILLE","WEST",36.10784,-86.92238,"MOTOR VEHICLE IN TRANSPORT","37221","2021","August","Summer","02","Saturday","Weekend","No Injuries","No Fatalities"
9.98528001924671e-314,2021-08-15 00:49:00,2,1,0,NA,"N","Front to Rear","RAIN","DARK - NOT LIGHTED","EDMONDSON PKE & SEVEN MILE CREEK GRNWY","NASHVILLE","MIDTOW",36.0585,-86.74159,"MOTOR VEHICLE IN TRANSPORT","37211","2021","August","Summer","00","Sunday","Weekend","Injuries","No Fatalities"
9.98528056568331e-314,2021-08-15 05:00:00,1,0,0,NA,"N","NOT COLLISION W/MOTOR VEHICLE-TRANSPORT","RAIN","DAYLIGHT","MM 221 5 I 40","HERMITAGE","HERMIT",36.16978,-86.58786,"CONCRETE TRAFFIC BARRIER","37076","2021","August","Summer","05","Sunday","Weekend","No Injuries","No Fatalities"
9.9852805874222e-314,2021-08-15 05:00:00,2,2,0,NA,"N","ANGLE","RAIN","DAYLIGHT","WEST END AV & WILSON BLVDN","NASHVILLE","WEST",36.13165,-86.83356,"MOTOR VEHICLE IN TRANSPORT","37205","2021","August","Summer","05","Sunday","Weekend","Injuries","No Fatalities"
9.98528069315225e-314,2021-08-16 01:07:00,1,1,0,NA,"N","NOT COLLISION W/MOTOR VEHICLE-TRANSPORT","RAIN","DARK - LIGHTED","SMITH SPRINGS RD & UNA RECREATION RD","NASHVILLE","HERMIT",36.09643,-86.64406,"UTILITY POLE","37217","2021","August","Summer","01","Monday","Weekday","Injuries","No Fatalities"
9.98528071242081e-314,2021-08-15 05:00:00,1,1,0,NA,"N","NOT COLLISION W/MOTOR VEHICLE-TRANSPORT","RAIN","DARK - LIGHTED","ANTIOCH PKE & CHEROKEE HILLS DR","ANTIOCH","SOUTH",36.07953,-86.6847,"MAIL BOX","37013","2021","August","Summer","05","Sunday","Weekend","Injuries","No Fatalities"
9.98528071390301e-314,2021-08-16 01:45:00,2,0,0,NA,"N","Front to Rear","RAIN","DARK - LIGHTED","MM 59 6 I 24","ANTIOCH","SOUTH",36.04384,-86.65621,"MOTOR VEHICLE IN TRANSPORT","37013","2021","August","Summer","01","Monday","Weekday","No Injuries","No Fatalities"
9.98528120451019e-314,2021-08-16 05:00:00,2,0,0,NA,"N","ANGLE","RAIN","DAYLIGHT","MM 198 4 I 40","NASHVILLE","WEST",36.10291,-86.93311,"MOTOR VEHICLE IN TRANSPORT","37221","2021","August","Summer","05","Monday","Weekday","No Injuries","No Fatalities"
9.98528128948949e-314,2021-08-16 05:00:00,1,1,0,NA,"N","NOT COLLISION W/MOTOR VEHICLE-TRANSPORT","RAIN","DAYLIGHT","ELLINGTON PKWYS & SLAYDON DR","NASHVILLE","EAST",36.21209,-86.74882,"TREE","37207","2021","August","Summer","05","Monday","Weekday","Injuries","No Fatalities"
9.98528321140485e-314,2021-08-19 00:05:00,2,2,0,NA,"N","ANGLE","RAIN","DARK - LIGHTED","MURFREESBORO PKE & HOBSON PKE","ANTIOCH","SOUTH",36.0412,-86.605,"MOTOR VEHICLE IN TRANSPORT","37013","2021","August","Summer","00","Thursday","Weekday","Injuries","No Fatalities"
9.98528321832177e-314,2021-08-19 00:15:00,3,0,0,NA,"Y","Front to Rear","RAIN","DUSK","MM 89 5 I 65","NASHVILLE","MADISO",36.23558,-86.76393,"MOTOR VEHICLE IN TRANSPORT","37207","2021","August","Summer","00","Thursday","Weekday","No Injuries","No Fatalities"
9.98528322474462e-314,2021-08-19 00:24:00,1,0,0,NA,"N","NOT COLLISION W/MOTOR VEHICLE-TRANSPORT","RAIN","DARK - LIGHTED","MM 86 8 I 65","NASHVILLE","NORTH",36.19992,-86.77631,"CONCRETE TRAFFIC BARRIER","37207","2021","August","Summer","00","Thursday","Weekday","No Injuries","No Fatalities"
9.98528322523869e-314,2021-08-19 00:25:00,1,1,0,NA,"N","NOT COLLISION W/MOTOR VEHICLE-TRANSPORT","RAIN","DARK - LIGHTED","MM 208 3 I 40","NASHVILLE","NORTH",36.16185,-86.79332,"CONCRETE TRAFFIC BARRIER","37203","2021","August","Summer","00","Thursday","Weekday","Injuries","No Fatalities"
9.98528329193755e-314,2021-08-19 02:08:00,2,0,0,NA,"N","ANGLE","RAIN","DARK - LIGHTED","GALLATIN PKES & NEELYS BEND RD","MADISON","MADISO",36.25619,-86.71438,"MOTOR VEHICLE IN TRANSPORT","37115","2021","August","Summer","02","Thursday","Weekday","No Injuries","No Fatalities"
9.98528332899247e-314,2021-08-19 03:22:00,2,1,0,NA,"Y","SIDESWIPE - SAME DIRECTION","RAIN","DARK - LIGHTED","OLD HICKORY BLVD & BRENTWOOD EAST DR","NASHVILLE","MIDTOW",36.04527,-86.71425,"MOTOR VEHICLE IN TRANSPORT","37211","2021","August","Summer","03","Thursday","Weekday","Injuries","No Fatalities"
9.98528334480257e-314,2021-08-19 03:50:00,2,2,0,NA,"N","Front to Rear","RAIN","DARK - LIGHTED","DOVERSIDE DR & DICKERSON PKE","NASHVILLE","MADISO",36.24389,-86.75658,"MOTOR VEHICLE IN TRANSPORT","37207","2021","August","Summer","03","Thursday","Weekday","Injuries","No Fatalities"
9.98526849911805e-314,2021-08-01 01:24:00,2,0,0,NA,"Y","Front to Rear","RAIN","Dark-Unknown Lighting","I40 E ENT RAMP & I 40","NASHVILLE","WEST",36.14771,-86.77653,"MOTOR VEHICLE IN TRANSPORT","37205","2021","August","Summer","01","Sunday","Weekend","No Injuries","No Fatalities"
9.98526850356464e-314,2021-08-01 01:43:00,2,0,0,NA,"N","Front to Rear","RAIN","DARK - NOT LIGHTED","MM 39 4 I 24","WHITES CREEK","NORTH",36.28969,-86.80962,"MOTOR VEHICLE IN TRANSPORT","37189","2021","August","Summer","01","Sunday","Weekend","No Injuries","No Fatalities"
9.98526852233913e-314,2021-07-31 05:00:00,1,0,0,NA,"N","NOT COLLISION W/MOTOR VEHICLE-TRANSPORT","RAIN","DARK - LIGHTED","MM 81 4 I 65","NASHVILLE","MIDTOW",36.13404,-86.77552,"GUARDRAIL FACE;CONCRETE TRAFFIC BARRIER","37203","2021","July","Summer","05","Saturday","Weekend","No Injuries","No Fatalities"
9.98526853320858e-314,2021-08-01 02:17:00,2,1,0,NA,"Y","Front to Rear","RAIN","DARK - NOT LIGHTED","I24 W EXT RAMP & I 24","NASHVILLE","SOUTH",36.06719,-86.68696,"MOTOR VEHICLE IN TRANSPORT","37211","2021","August","Summer","02","Sunday","Weekend","Injuries","No Fatalities"
9.98526853913736e-314,2021-08-01 02:20:00,1,0,0,NA,"Y","NOT COLLISION W/MOTOR VEHICLE-TRANSPORT","RAIN","DARK - NOT LIGHTED","EMMITT AV & GALLAVISTA AV","MADISON","MADISO",36.25104,-86.7111,"DITCH","37115","2021","August","Summer","02","Sunday","Weekend","No Injuries","No Fatalities"
9.98526854803054e-314,2021-08-01 00:31:00,2,0,0,NA,"N","Front to Rear","RAIN","DARK - NOT LIGHTED","MM 211 1 I 40","NASHVILLE","HERMIT",36.15399,-86.75742,"MOTOR VEHICLE IN TRANSPORT","37210","2021","August","Summer","00","Sunday","Weekend","No Injuries","No Fatalities"
9.98526855494746e-314,2021-08-01 02:40:00,1,1,0,NA,"N","NOT COLLISION W/MOTOR VEHICLE-TRANSPORT","RAIN","DARK - LIGHTED","S 2ND ST & RUSSELL ST","NASHVILLE","CENTRA",36.16717,-86.76997,"MOTOR VEHICLE IN TRANSPORT;PEDESTRIAN","37213","2021","August","Summer","02","Sunday","Weekend","Injuries","No Fatalities"
9.98526856976943e-314,2021-07-31 05:00:00,2,0,0,NA,"N","ANGLE","RAIN","DARK - NOT LIGHTED","MM 51 3 I 24","NASHVILLE","SOUTH",36.13977,-86.72762,"MOTOR VEHICLE IN TRANSPORT;GUARDRAIL FACE","37210","2021","July","Summer","05","Saturday","Weekend","No Injuries","No Fatalities"
9.98526857372196e-314,2021-07-31 05:00:00,2,5,0,NA,"N","ANGLE","RAIN","DARK - LIGHTED","S 6TH ST & WOODLAND ST","NASHVILLE","EAST",36.17259,-86.7628,"MOTOR VEHICLE IN TRANSPORT","37206","2021","July","Summer","05","Saturday","Weekend","Injuries","No Fatalities"
9.98526857668635e-314,2021-08-01 03:25:00,2,2,0,NA,"N","ANGLE","RAIN","DARK - LIGHTED","BRILEY PKWYS & BRILEY PKWY S EXT RAMP","NASHVILLE","HERMIT",36.19874,-86.68844,"MOTOR VEHICLE IN TRANSPORT","37210","2021","August","Summer","03","Sunday","Weekend","Injuries","No Fatalities"
9.98526858113294e-314,2021-08-01 03:34:00,2,0,0,NA,"N","ANGLE","RAIN","DARK - NOT LIGHTED","LANNIE BOSWELL AV & ELM HILL PKE","NASHVILLE","HERMIT",36.14441,-86.7417,"MOTOR VEHICLE IN TRANSPORT","37210","2021","August","Summer","03","Sunday","Weekend","No Injuries","No Fatalities"
9.98526858162701e-314,2021-08-01 02:50:00,2,1,0,NA,"N","Front to Rear","RAIN","DARK - NOT LIGHTED","MM 39 8 I 24","WHITES CREEK","NORTH",36.28544,-86.80711,"MOTOR VEHICLE IN TRANSPORT","37189","2021","August","Summer","02","Sunday","Weekend","Injuries","No Fatalities"
9.98526858953206e-314,2021-08-01 03:48:00,1,0,0,NA,"N","NOT COLLISION W/MOTOR VEHICLE-TRANSPORT","RAIN","DARK - LIGHTED","I40 W EXT RAMP & I 40","NASHVILLE","CENTRA",36.14389,-86.68934,"CONCRETE TRAFFIC BARRIER","37203","2021","August","Summer","03","Sunday","Weekend","No Injuries","No Fatalities"
9.98526859496678e-314,2021-08-01 03:55:00,2,1,0,NA,"N","Front to Rear","RAIN","DARK - LIGHTED","MM 87 4 I 65","NASHVILLE","EAST",36.2083,-86.77625,"MOTOR VEHICLE IN TRANSPORT","37207","2021","August","Summer","03","Sunday","Weekend","Injuries","No Fatalities"
9.98526859694304e-314,2021-08-01 03:14:00,2,0,0,NA,"Y","Front to Rear","RAIN","DARK - LIGHTED","NOLENSVILLE PKE & HICKORYVIEW DR","NASHVILLE","SOUTH",36.0488,-86.71367,"MOTOR VEHICLE IN TRANSPORT","37211","2021","August","Summer","03","Sunday","Weekend","No Injuries","No Fatalities"
9.98526859793117e-314,2021-08-01 01:55:00,2,0,0,NA,"N","SIDESWIPE - SAME DIRECTION","RAIN","DARK - LIGHTED","STATE RT 45 & GALLATIN PKEN","MADISON","MADISO",36.26307,-86.71192,"MOTOR VEHICLE IN TRANSPORT","37115","2021","August","Summer","01","Sunday","Weekend","No Injuries","No Fatalities"
9.98526861324721e-314,2021-08-01 04:15:00,1,0,0,NA,"N","NOT COLLISION W/MOTOR VEHICLE-TRANSPORT","RAIN","DARK - LIGHTED","0 I 440","NASHVILLE","SOUTH",36.11627,-86.79207,"WALL","37210","2021","August","Summer","04","Sunday","Weekend","No Injuries","No Fatalities"
9.98526861670567e-314,2021-08-01 03:58:00,2,0,0,NA,"N","Front to Rear","RAIN","DARK - LIGHTED","MM 87 4 I 65","NASHVILLE","EAST",36.2083,-86.77625,"MOTOR VEHICLE IN TRANSPORT","37207","2021","August","Summer","03","Sunday","Weekend","No Injuries","No Fatalities"
9.98526862016413e-314,2021-08-01 04:20:00,1,0,0,NA,"N","NOT COLLISION W/MOTOR VEHICLE-TRANSPORT","RAIN","DARK - NOT LIGHTED","5900 PETTUS RD","ANTIOCH","SOUTH",36.01434,-86.6643,"DITCH","37013","2021","August","Summer","04","Sunday","Weekend","No Injuries","No Fatalities"
9.98526862312852e-314,2021-07-31 05:00:00,1,0,0,NA,"N","NOT COLLISION W/MOTOR VEHICLE-TRANSPORT","RAIN","DARK - LIGHTED","BROADMOOR DR & WALTON LN","NASHVILLE","EAST",36.231,-86.75106,"OTHER POST, POLE, SUPP.","37207","2021","July","Summer","05","Saturday","Weekend","No Injuries","No Fatalities"
9.98526862461072e-314,2021-08-01 04:31:00,2,2,0,NA,"N","ANGLE","RAIN","DARK - LIGHTED","MURFREESBORO PKE & EZELL PKE","NASHVILLE","SOUTH",36.10562,-86.6718,"MOTOR VEHICLE IN TRANSPORT","37217","2021","August","Summer","04","Sunday","Weekend","Injuries","No Fatalities"
9.98526863004544e-314,2021-08-01 04:38:00,1,1,0,NA,"N","NOT COLLISION W/MOTOR VEHICLE-TRANSPORT","RAIN","DARK - LIGHTED","EAST LAKE DR & LAKEFORD DR","NASHVILLE","HERMIT",36.13936,-86.63868,"","37214","2021","August","Summer","04","Sunday","Weekend","Injuries","No Fatalities"
9.9852686349861e-314,2021-07-31 05:00:00,2,1,0,NA,"Y","Front to Rear","RAIN","DARK - LIGHTED","DICKERSON PKE & WHITES CREEK PKE","NASHVILLE","EAST",36.1892,-86.77309,"MOTOR VEHICLE IN TRANSPORT","37207","2021","July","Summer","05","Saturday","Weekend","Injuries","No Fatalities"
9.98526863992675e-314,2021-08-01 03:25:00,2,0,0,NA,"Y","Front to Rear","RAIN","DARK - LIGHTED","NASHBORO VILLAGE PVTDR & NASHBORO VILLAG","NASHVILLE","HERMIT",36.09018,-86.64404,"MOTOR VEHICLE IN TRANSPORT","37217","2021","August","Summer","03","Sunday","Weekend","No Injuries","No Fatalities"
9.98526864387928e-314,2021-08-01 04:55:00,1,0,0,NA,"N","NOT COLLISION W/MOTOR VEHICLE-TRANSPORT","RAIN","DARK - LIGHTED","BRILEY PKWY S ENT RAMP & LEBANON PKE","NASHVILLE","HERMIT",36.16802,-86.69081,"UTILITY POLE","37214","2021","August","Summer","04","Sunday","Weekend","No Injuries","No Fatalities"
9.98526864733774e-314,2021-08-01 05:00:00,1,0,0,NA,"N","NOT COLLISION W/MOTOR VEHICLE-TRANSPORT","RAIN","DARK - LIGHTED","MM 5 0 I440","NASHVILLE","MIDTOW",36.1196,-86.766345,"WALL","37204","2021","August","Summer","05","Sunday","Weekend","No Injuries","No Fatalities"