"Accident.Number","Date.and.Time","Number.of.Motor.Vehicles","Number.of.Injuries","Number.of.Fatalities","Property.Damage","Hit.and.Run","Collision.Type.Description","Weather.Description","Illumination.Description","Street.Address","City","Precinct","Latitude","Longitude","HarmfulDescriptions","Zip.Code","Year","Month","Season","Hour","Weekday","DayType","Accident","Fatality_category"
9.98526866561817e-314,2021-08-01 04:40:00,2,0,0,NA,"Y","SIDESWIPE - SAME DIRECTION","RAIN","DARK - LIGHTED","SHELBY AV & S 5TH ST","NASHVILLE","EAST",36.16762,-86.76217,"MOTOR VEHICLE IN TRANSPORT","37206","2021","August","Summer","04","Sunday","Weekend","No Injuries","No Fatalities"
9.98526867599355e-314,2021-08-01 05:28:00,1,0,0,NA,"N","NOT COLLISION W/MOTOR VEHICLE-TRANSPORT","RAIN","DARK - LIGHTED","MM 211 6 I 40","NASHVILLE","HERMIT",36.15038,-86.74893,"CONCRETE TRAFFIC BARRIER","37210","2021","August","Summer","05","Sunday","Weekend","No Injuries","No Fatalities"
9.98526868142827e-314,2021-08-01 05:38:00,2,0,0,NA,"Y","ANGLE","RAIN","DARK - LIGHTED","HAYWOOD LN & EZELL RD","NASHVILLE","SOUTH",36.06959,-86.69391,"MOTOR VEHICLE IN TRANSPORT","37211","2021","August","Summer","05","Sunday","Weekend","No Injuries","No Fatalities"
9.98526871453067e-314,2021-08-01 06:29:00,1,0,0,NA,"N","NOT COLLISION W/MOTOR VEHICLE-TRANSPORT","RAIN","DARK - LIGHTED","MM 1 7 I 440","NASHVILLE","NORTH",36.13352,-86.81911,"CONCRETE TRAFFIC BARRIER","37209","2021","August","Summer","06","Sunday","Weekend","No Injuries","No Fatalities"
9.98526873873988e-314,2021-08-01 05:00:00,1,0,0,NA,"N","NOT COLLISION W/MOTOR VEHICLE-TRANSPORT","RAIN","DARK - LIGHTED","MM 211 6 I 40","NASHVILLE","HERMIT",36.15068,-86.74995,"CONCRETE TRAFFIC BARRIER","37210","2021","August","Summer","05","Sunday","Weekend","No Injuries","No Fatalities"
9.98526874664493e-314,2021-08-01 05:00:00,2,0,0,NA,"N","Front to Rear","RAIN","DARK - LIGHTED","DEMONBREUN ST & 14TH AVS","NASHVILLE","MIDTOW",36.15325,-86.78911,"MOTOR VEHICLE IN TRANSPORT","37203","2021","August","Summer","05","Sunday","Weekend","No Injuries","No Fatalities"
9.9852687930871e-314,2021-08-01 05:20:00,2,0,0,NA,"Y","ANGLE","RAIN","DARK - LIGHTED","2ND AVS & MIDDLETON ST","NASHVILLE","CENTRA",36.15447,-86.77036,"MOTOR VEHICLE IN TRANSPORT-OTHER ROADWAY","37210","2021","August","Summer","05","Sunday","Weekend","No Injuries","No Fatalities"
9.98526879506337e-314,2021-08-01 09:30:00,2,2,0,NA,"N","Front to Rear","RAIN","DARK - LIGHTED","MM 204 7 I 40","NASHVILLE","WEST",36.15378,-86.84246,"MOTOR VEHICLE IN TRANSPORT","37209","2021","August","Summer","09","Sunday","Weekend","Injuries","No Fatalities"
9.98526884397587e-314,2021-08-01 12:15:00,2,6,0,NA,"N","Front to Rear","RAIN","DAYLIGHT","MM 202 0 I 40","NASHVILLE","WEST",36.14011,-86.8874,"MOTOR VEHICLE IN TRANSPORT","37209","2021","August","Summer","12","Sunday","Weekend","Injuries","No Fatalities"
9.98526884842246e-314,2021-08-01 12:23:00,2,0,0,NA,"Y","ANGLE","RAIN","DAYLIGHT","MM 210 3 I 40","NASHVILLE","MIDTOW",36.15029,-86.77132,"MOTOR VEHICLE IN TRANSPORT","37203","2021","August","Summer","12","Sunday","Weekend","No Injuries","No Fatalities"
9.98527377524508e-314,2021-08-07 08:59:00,2,1,0,NA,"N","Front to Rear","RAIN","DARK - LIGHTED","MM 85 6 I 65","NASHVILLE","NORTH",36.18946,-86.79177,"PARKED MOTOR VEHICLE;CONCRETE TRAFFIC BARRIER","37208","2021","August","Summer","08","Saturday","Weekend","Injuries","No Fatalities"
9.98527510823419e-314,2021-08-09 07:56:00,1,0,0,NA,"Y","NOT COLLISION W/MOTOR VEHICLE-TRANSPORT","RAIN","DARK - LIGHTED","I 24 & UNKNOWN RAMP","NASHVILLE","HERMIT",36.13937,-86.72696,"CONCRETE TRAFFIC BARRIER","37210","2021","August","Summer","07","Monday","Weekday","No Injuries","No Fatalities"
9.98527511169265e-314,2021-08-09 05:00:00,2,2,0,NA,"N","SIDESWIPE - SAME DIRECTION","RAIN","DARK - NOT LIGHTED","MM 42 2 I 24","WHITES CREEK","NORTH",36.25556,-86.78677,"MOTOR VEHICLE IN TRANSPORT","37189","2021","August","Summer","05","Monday","Weekday","Injuries","No Fatalities"
9.9852751181155e-314,2021-08-09 07:05:00,2,0,0,NA,"Y","Front to Rear","RAIN","DARK - LIGHTED","SYLVAN ST & S 6TH ST","NASHVILLE","EAST",36.16748,-86.75905,"PARKED MOTOR VEHICLE","37206","2021","August","Summer","07","Monday","Weekday","No Injuries","No Fatalities"
9.98527512750275e-314,2021-08-09 08:40:00,2,1,0,NA,"N","SIDESWIPE - SAME DIRECTION","RAIN","DARK - LIGHTED","MM 87 2 I 65","NASHVILLE","EAST",36.20509,-86.77663,"MOTOR VEHICLE IN TRANSPORT","37207","2021","August","Summer","08","Monday","Weekday","Injuries","No Fatalities"
9.98527513293747e-314,2021-08-09 08:56:00,2,0,0,NA,"N","Front to Rear","RAIN","DARK - LIGHTED","BRILEY PKWYS & MUSIC VALLEY DR","NASHVILLE","HERMIT",36.23032,-86.69947,"MOTOR VEHICLE IN TRANSPORT","37214","2021","August","Summer","08","Monday","Weekday","No Injuries","No Fatalities"
9.98529246871285e-314,2021-08-30 02:15:00,3,0,0,NA,"Y","Front to Rear","RAIN","DARK - NOT LIGHTED","GEORGE L DAVIS BLVD & I40 W EXT RAMP","NASHVILLE","CENTRA",36.15787,-86.79015,"MOTOR VEHICLE IN TRANSPORT","37203","2021","August","Summer","02","Monday","Weekday","No Injuries","No Fatalities"
9.98529248254669e-314,2021-08-30 02:48:00,3,2,0,NA,"Y","Front to Rear","RAIN","DARK - LIGHTED","BLUE HOLE RD & TIMBERLAKE WAY","ANTIOCH","SOUTH",36.05076,-86.67322,"MOTOR VEHICLE IN TRANSPORT","37013","2021","August","Summer","02","Monday","Weekday","Injuries","No Fatalities"
9.98529251317876e-314,2021-08-30 04:00:00,5,0,0,NA,"Y","SIDESWIPE - OPPOSITE DIRECTION","RAIN","DARK - LIGHTED","RIDGEFALLS WAY & CANOE RIDGE PT","ANTIOCH","SOUTH",36.03331,-86.67858,"PARKED MOTOR VEHICLE","37013","2021","August","Summer","04","Monday","Weekday","No Injuries","No Fatalities"
9.98529257394884e-314,2021-08-30 06:00:00,1,0,0,NA,"Y","NOT COLLISION W/MOTOR VEHICLE-TRANSPORT","RAIN","DARK - NOT LIGHTED","BRICK CHURCH PKE & HUNTERS LN","NASHVILLE","MADISO",36.28908,-86.78016,"DITCH","37207","2021","August","Summer","06","Monday","Weekday","No Injuries","No Fatalities"
9.98529309123557e-314,2021-08-30 05:00:00,1,0,0,NA,"N","NOT COLLISION W/MOTOR VEHICLE-TRANSPORT","RAIN","DAYLIGHT","MM 200 6 I 40","NASHVILLE","WEST",36.12587,-86.90458,"CONCRETE TRAFFIC BARRIER","37209","2021","August","Summer","05","Monday","Weekday","No Injuries","No Fatalities"
9.98529323698493e-314,2021-08-31 00:42:00,1,1,0,NA,"N","NOT COLLISION W/MOTOR VEHICLE-TRANSPORT","RAIN","DARK - NOT LIGHTED","EDMONDSON PKE & BANBURY STA","BRENTWOOD","MIDTOW",36.025,-86.7424,"GUARDRAIL FACE","37027","2021","August","Summer","00","Tuesday","Weekday","Injuries","No Fatalities"
9.98529327749832e-314,2021-08-31 01:47:00,2,0,0,NA,"N","Front to Rear","RAIN","DARK - NOT LIGHTED","OVERHILL DR & HILLSBORO PKE","NASHVILLE","MIDTOW",36.10094,-86.81873,"MOTOR VEHICLE IN TRANSPORT","37215","2021","August","Summer","01","Tuesday","Weekday","No Injuries","No Fatalities"
9.98529329676688e-314,2021-08-31 02:30:00,1,2,0,NA,"Y","NOT COLLISION W/MOTOR VEHICLE-TRANSPORT","RAIN","DARK - NOT LIGHTED","CHEYENNE BLVD & NEELY MEADOWS PVTDR","MADISON","MADISO",36.25728,-86.67754,"UTILITY POLE;Ran Off Road-Right","37115","2021","August","Summer","02","Tuesday","Weekday","Injuries","No Fatalities"
9.9852933022016e-314,2021-08-31 02:30:00,2,1,0,NA,"N","Front to Rear","RAIN","DARK - LIGHTED","I65 N EXT RAMP & I 65","NASHVILLE","EAST",36.18253,-86.79769,"MOTOR VEHICLE IN TRANSPORT","37207","2021","August","Summer","02","Tuesday","Weekday","Injuries","No Fatalities"
9.98529332789301e-314,2021-08-31 03:45:00,1,0,0,NA,"Y","NOT COLLISION W/MOTOR VEHICLE-TRANSPORT","RAIN","DARK - LIGHTED","I65 N ENT RAMP & I 65","NASHVILLE","EAST",36.24458,-86.74634,"CONCRETE TRAFFIC BARRIER","37207","2021","August","Summer","03","Tuesday","Weekday","No Injuries","No Fatalities"
9.98529333036334e-314,2021-08-31 03:50:00,1,0,0,NA,"Y","NOT COLLISION W/MOTOR VEHICLE-TRANSPORT","RAIN","DARK - LIGHTED","11TH AVN & BUCHANAN ST","NASHVILLE","NORTH",36.1803,-86.80481,"OTHER POST, POLE, SUPP.","37208","2021","August","Summer","03","Tuesday","Weekday","No Injuries","No Fatalities"
9.98529333629213e-314,2021-08-31 04:05:00,2,1,0,NA,"N","ANGLE","RAIN","DARK - LIGHTED","101 GALLATIN PKEN","MADISON","MADISO",36.26311,-86.71193,"MOTOR VEHICLE IN TRANSPORT","37115","2021","August","Summer","04","Tuesday","Weekday","Injuries","No Fatalities"
9.98529336741826e-314,2021-08-31 04:14:00,1,0,0,NA,"N","NOT COLLISION W/MOTOR VEHICLE-TRANSPORT","RAIN","DARK - LIGHTED","8TH AVS & ROSA L PARKS BLVD","NASHVILLE","CENTRA",36.15889,-86.78211,"PAVED SURFACE-IRREGULAR","37203","2021","August","Summer","04","Tuesday","Weekday","No Injuries","No Fatalities"
9.98529337631145e-314,2021-08-31 05:29:00,1,0,0,NA,"N","NOT COLLISION W/MOTOR VEHICLE-TRANSPORT","RAIN","DARK - LIGHTED","EASTLAND AV & GALLATIN AV","NASHVILLE","EAST",36.1838,-86.74818,"FIRE HYDRANT","37206","2021","August","Summer","05","Tuesday","Weekday","No Injuries","No Fatalities"
9.9852933797699e-314,2021-08-31 05:00:00,1,0,0,NA,"Y","NOT COLLISION W/MOTOR VEHICLE-TRANSPORT","RAIN","DARK - LIGHTED","SOUTHLAKE DR & BRILEY PKWYN","NASHVILLE","SOUTH",36.10886,-86.72839,"UTILITY POLE","37211","2021","August","Summer","05","Tuesday","Weekday","No Injuries","No Fatalities"
9.98529338965122e-314,2021-08-31 05:00:00,2,0,0,NA,"N","Front to Rear","RAIN","DARK - LIGHTED","NORTH GRAFTON CT & OLIVE CIR","NASHVILLE","SOUTH",36.0894,-86.6543,"PARKED MOTOR VEHICLE","37217","2021","August","Summer","05","Tuesday","Weekday","No Injuries","No Fatalities"
9.98529344301031e-314,2021-08-31 05:32:00,1,0,0,NA,"N","NOT COLLISION W/MOTOR VEHICLE-TRANSPORT","RAIN","DARK - LIGHTED","BRILEY PKWY N EXT RAMP & MURFREESBORO PK","NASHVILLE","SOUTH",36.11749,-86.69941,"TREE","37217","2021","August","Summer","05","Tuesday","Weekday","No Injuries","No Fatalities"
9.98529352057861e-314,2021-08-31 09:10:00,1,0,0,NA,"N","NOT COLLISION W/MOTOR VEHICLE-TRANSPORT","RAIN","DARK - LIGHTED","MM 205 1 I 40","NASHVILLE","WEST",36.15415,-86.83575,"CONCRETE TRAFFIC BARRIER","37209","2021","August","Summer","09","Tuesday","Weekday","No Injuries","No Fatalities"
9.98529353194212e-314,2021-08-31 10:05:00,2,0,0,NA,"N","Front to Rear","RAIN","DARK - LIGHTED","ROSA L PARKS BLVD & DOMINICAN DR","NASHVILLE","NORTH",36.18788,-86.79848,"MOTOR VEHICLE IN TRANSPORT","37208","2021","August","Summer","10","Tuesday","Weekday","No Injuries","No Fatalities"
9.98529353243619e-314,2021-08-31 10:10:00,1,0,0,NA,"N","NOT COLLISION W/MOTOR VEHICLE-TRANSPORT","RAIN","DARK - NOT LIGHTED","MM 58 0 I 24","ANTIOCH","SOUTH",36.05884,-86.6784,"DITCH;Other Traffic Barrier;SHRUBBERY","37013","2021","August","Summer","10","Tuesday","Weekday","No Injuries","No Fatalities"
9.98529353935311e-314,2021-08-31 10:00:00,1,0,0,NA,"N","NOT COLLISION W/MOTOR VEHICLE-TRANSPORT","RAIN","DARK - LIGHTED","BRILEY PKWY S EXT RAMP & BRILEY PKWYS","NASHVILLE","HERMIT",36.14698,-86.69434,"WALL","37214","2021","August","Summer","10","Tuesday","Weekday","No Injuries","No Fatalities"
9.98529354330563e-314,2021-08-31 10:39:00,2,0,0,NA,"N","Front to Rear","RAIN","DARK - NOT LIGHTED","MM 58 5 I 24","ANTIOCH","SOUTH",36.05282,-86.67166,"MOTOR VEHICLE IN TRANSPORT","37013","2021","August","Summer","10","Tuesday","Weekday","No Injuries","No Fatalities"
9.98529355219882e-314,2021-08-31 10:51:00,1,0,0,NA,"N","NOT COLLISION W/MOTOR VEHICLE-TRANSPORT","RAIN","DARK - LIGHTED","MM 48 8 I 24","NASHVILLE","CENTRA",36.16879,-86.76611,"WALL","37213","2021","August","Summer","10","Tuesday","Weekday","No Injuries","No Fatalities"
9.98529355615134e-314,2021-08-31 05:00:00,2,0,0,NA,"N","SIDESWIPE - SAME DIRECTION","RAIN","DUSK","MM 87 0 I 65","NASHVILLE","EAST",36.20222,-86.77685,"MOTOR VEHICLE IN TRANSPORT","37207","2021","August","Summer","05","Tuesday","Weekday","No Injuries","No Fatalities"
9.98529355664541e-314,2021-08-31 11:16:00,0,1,1,NA,"N","ANGLE","RAIN","DAYLIGHT","MM 57 8 I 24","ANTIOCH","SOUTH",36.06004,-86.67994,"MOTOR VEHICLE IN TRANSPORT;WALL;Ran Off Road-Left","37013","2021","August","Summer","11","Tuesday","Weekday","Injuries","With Fatalities"
9.98529359814692e-314,2021-08-31 11:20:00,1,1,0,NA,"N","NOT COLLISION W/MOTOR VEHICLE-TRANSPORT","RAIN","DAYLIGHT","MM 198 4 I 40","NASHVILLE","WEST",36.10264,-86.93333,"DITCH","37221","2021","August","Summer","11","Tuesday","Weekday","Injuries","No Fatalities"
9.98529360753417e-314,2021-08-31 12:30:00,2,1,0,NA,"N","SIDESWIPE - SAME DIRECTION","RAIN","DAYLIGHT","MM 87 6 I 65","NASHVILLE","EAST",36.21096,-86.77591,"MOTOR VEHICLE IN TRANSPORT","37207","2021","August","Summer","12","Tuesday","Weekday","Injuries","No Fatalities"
9.98529361198076e-314,2021-08-31 12:15:00,2,0,0,NA,"N","Front to Rear","RAIN","DAYLIGHT","MM 86 8 I 65","NASHVILLE","NORTH",36.19939,-86.77654,"MOTOR VEHICLE IN TRANSPORT;TREE","37207","2021","August","Summer","12","Tuesday","Weekday","No Injuries","No Fatalities"
9.98529361543922e-314,2021-08-31 12:40:00,1,0,0,NA,"N","NOT COLLISION W/MOTOR VEHICLE-TRANSPORT","RAIN","DAYLIGHT","MM 53 6 I 24","NASHVILLE","SOUTH",36.11059,-86.72241,"CONCRETE TRAFFIC BARRIER","37211","2021","August","Summer","12","Tuesday","Weekday","No Injuries","No Fatalities"
9.98529361790955e-314,2021-08-31 12:55:00,1,0,0,NA,"N","NOT COLLISION W/MOTOR VEHICLE-TRANSPORT","RAIN","DAYLIGHT","BRILEY PKWYW & BRILEY PKWYE","NASHVILLE","NORTH",36.23198,-86.82698,"CONCRETE TRAFFIC BARRIER","37218","2021","August","Summer","12","Tuesday","Weekday","No Injuries","No Fatalities"
9.98529363075525e-314,2021-08-31 12:59:00,1,1,0,NA,"N","NOT COLLISION W/MOTOR VEHICLE-TRANSPORT","RAIN","DAYLIGHT","MM 196 0 I 40","NASHVILLE","WEST",36.07928,-86.96072,"CONCRETE TRAFFIC BARRIER","37221","2021","August","Summer","12","Tuesday","Weekday","Injuries","No Fatalities"
9.98529369201939e-314,2021-08-31 05:00:00,1,0,0,NA,"Y","UNKNOWN","RAIN","UNKNOWN","HICKORY HIGHLANDS DR & RURAL HILL RD","ANTIOCH","SOUTH",36.06155,-86.64402,"UNKNOWN MOST HARMFUL EVENT","37013","2021","August","Summer","05","Tuesday","Weekday","No Injuries","No Fatalities"
9.98529372561586e-314,2021-08-31 05:00:00,1,0,0,NA,"N","NOT COLLISION W/MOTOR VEHICLE-TRANSPORT","RAIN","DAYLIGHT","MURFREESBORO PKE & BRILEY PKWY N ENT RAM","NASHVILLE","SOUTH",36.11738,-86.69913,"DITCH","37217","2021","August","Summer","05","Tuesday","Weekday","No Injuries","No Fatalities"
9.98529408183719e-314,2021-08-31 05:00:00,2,0,0,NA,"N","SIDESWIPE - SAME DIRECTION","RAIN","DARK - LIGHTED","MM 211 5 I 40","NASHVILLE","HERMIT",36.15135,-86.7511,"MOTOR VEHICLE IN TRANSPORT;CONCRETE TRAFFIC BARRIER","37210","2021","August","Summer","05","Tuesday","Weekday","No Injuries","No Fatalities"
9.98529409912948e-314,2021-09-01 00:17:00,1,0,0,NA,"Y","UNKNOWN","RAIN","DARK - LIGHTED","JAMES ROBERTSON PKWY ENT RAMP & I 24","NASHVILLE","EAST",36.17369,-86.76789,"UNKNOWN MOST HARMFUL EVENT","37206","2021","September","Fall","00","Wednesday","Weekday","No Injuries","No Fatalities"
9.98529411543365e-314,2021-08-31 05:00:00,2,0,0,NA,"Y","REAR-TO-REAR","RAIN","UNKNOWN","CAMBRIDGE APTS PVTDR & BELL RD","ANTIOCH","SOUTH",36.059,-86.63943,"PARKED MOTOR VEHICLE","37013","2021","August","Summer","05","Tuesday","Weekday","No Injuries","No Fatalities"
9.98529413223188e-314,2021-09-01 01:00:00,1,1,0,NA,"N","NOT COLLISION W/MOTOR VEHICLE-TRANSPORT","RAIN","DARK - LIGHTED","I24E & I24 W ENT RAMP","NASHVILLE","HERMIT",36.13866,-86.72733,"CONCRETE TRAFFIC BARRIER","37210","2021","September","Fall","01","Wednesday","Weekday","Injuries","No Fatalities"
9.98529415199451e-314,2021-09-01 01:37:00,1,1,0,NA,"N","NOT COLLISION W/MOTOR VEHICLE-TRANSPORT","RAIN","DARK - NOT LIGHTED","SHUTE LN & WILLOW BOUGH LN","OLD HICKORY","HERMIT",36.23093,-86.61069,"","37138","2021","September","Fall","01","Wednesday","Weekday","Injuries","No Fatalities"
9.9852941549589e-314,2021-09-01 01:20:00,2,0,0,NA,"Y","ANGLE","RAIN","DARK - NOT LIGHTED","BRENTWOOD PL & BRENTWOOD TER","NASHVILLE","MIDTOW",36.04797,-86.74083,"MOTOR VEHICLE IN TRANSPORT","37211","2021","September","Fall","01","Wednesday","Weekday","No Injuries","No Fatalities"
9.98529419695448e-314,2021-09-01 02:51:00,1,0,0,NA,"Y","UNKNOWN","RAIN","DARK - LIGHTED","I40 W ENT RAMP & I 40","NASHVILLE","HERMIT",36.17062,-86.60653,"UNKNOWN MOST HARMFUL EVENT","37210","2021","September","Fall","02","Wednesday","Weekday","No Injuries","No Fatalities"
9.98529420436547e-314,2021-09-01 03:12:00,1,1,0,NA,"N","NOT COLLISION W/MOTOR VEHICLE-TRANSPORT","RAIN","DARK - LIGHTED","BRILEY PKWYE & I24 W EXT RAMP","NASHVILLE","MADISO",36.23813,-86.78295,"EMBANKMENT EARTH","37207","2021","September","Fall","03","Wednesday","Weekday","Injuries","No Fatalities"
9.98530085350093e-314,2021-09-08 05:00:00,2,1,0,NA,"N","ANGLE","RAIN","DAYLIGHT","BLACKMAN RD & SHADESCREST DR","NASHVILLE","MIDTOW",36.07419,-86.73777,"MOTOR VEHICLE IN TRANSPORT","37211","2021","September","Fall","05","Wednesday","Weekday","Injuries","No Fatalities"
9.98530714592099e-314,2021-09-16 02:51:00,2,1,0,NA,"Y","ANGLE","RAIN","DARK - LIGHTED","OLD HICKORY BLVD & HIGHWAY 70S","NASHVILLE","WEST",36.07448,-86.92094,"MOTOR VEHICLE IN TRANSPORT","37221","2021","September","Fall","02","Thursday","Weekday","Injuries","No Fatalities"
9.98530646509853e-314,2021-09-15 11:42:00,2,1,0,NA,"N","Front to Rear","RAIN","DAYLIGHT","MM 36 0 I 24","WHITES CREEK","NORTH",36.31985,-86.84946,"MOTOR VEHICLE IN TRANSPORT","37189","2021","September","Fall","11","Wednesday","Weekday","Injuries","No Fatalities"
9.98530647646204e-314,2021-09-15 11:30:00,2,0,0,NA,"N","SIDESWIPE - SAME DIRECTION","RAIN","DAYLIGHT","MM 86 3 I 65","NASHVILLE","CENTRA",36.19216,-86.78009,"MOTOR VEHICLE IN TRANSPORT","37207","2021","September","Fall","11","Wednesday","Weekday","No Injuries","No Fatalities"
9.98530649622467e-314,2021-09-15 12:21:00,1,1,0,NA,"N","NOT COLLISION W/MOTOR VEHICLE-TRANSPORT","RAIN","DAYLIGHT","MM 2 4 I 440 E","NASHVILLE","WEST",36.125,-86.81372,"CONCRETE TRAFFIC BARRIER","37215","2021","September","Fall","12","Wednesday","Weekday","Injuries","No Fatalities"
9.98530649770687e-314,2021-09-15 12:22:00,2,0,0,NA,"N","ANGLE","RAIN","DAYLIGHT","MM 217 6 I 40","NASHVILLE","HERMIT",36.14348,-86.64888,"MOTOR VEHICLE IN TRANSPORT","37214","2021","September","Fall","12","Wednesday","Weekday","No Injuries","No Fatalities"
9.98530651154071e-314,2021-09-15 12:49:00,2,0,0,NA,"N","Front to Rear","RAIN","DAYLIGHT","HARDING PL & NOLENSVILLE PKE","NASHVILLE","SOUTH",36.0796,-86.72632,"MOTOR VEHICLE IN TRANSPORT","37211","2021","September","Fall","12","Wednesday","Weekday","No Injuries","No Fatalities"
9.98530651895169e-314,2021-09-15 12:55:00,2,1,0,NA,"N","SIDESWIPE - SAME DIRECTION","RAIN","DAYLIGHT","ANDREW JACKSON PKWY & OLD HICKORY BLVD","HERMITAGE","HERMIT",36.18491,-86.60985,"MOTOR VEHICLE IN TRANSPORT","37076","2021","September","Fall","12","Wednesday","Weekday","Injuries","No Fatalities"
9.9853087407649e-314,2021-09-17 05:00:00,2,0,0,NA,"N","ANGLE","RAIN","DAYLIGHT","NEELYS BEND RD & NIX PASS","MADISON","MADISO",36.24424,-86.67814,"MOTOR VEHICLE IN TRANSPORT","37115","2021","September","Fall","05","Friday","Weekday","No Injuries","No Fatalities"
9.98529008879864e-314,2021-08-27 00:28:00,2,1,0,NA,"N","NOT COLLISION W/MOTOR VEHICLE-TRANSPORT","RAIN","DARK - LIGHTED","MM 85 5 I 65","NASHVILLE","CENTRA",36.18894,-86.79292,"MOTOR VEHICLE IN TRANSPORT;CONCRETE TRAFFIC BARRIER","37208","2021","August","Summer","00","Friday","Weekday","Injuries","No Fatalities"
9.9852900922571e-314,2021-08-27 00:33:00,2,1,0,NA,"N","ANGLE","RAIN","DARK - LIGHTED","WEST END AV & I440 W EXT RAMP","NASHVILLE","MIDTOW",36.13786,-86.82064,"MOTOR VEHICLE IN TRANSPORT;CONCRETE TRAFFIC BARRIER","37212","2021","August","Summer","00","Friday","Weekday","Injuries","No Fatalities"
9.98529009522149e-314,2021-08-27 00:29:00,1,1,0,NA,"N","NOT COLLISION W/MOTOR VEHICLE-TRANSPORT","RAIN","DARK - NOT LIGHTED","MM 209 7 I 40","NASHVILLE","CENTRA",36.14905,-86.78041,"CONCRETE TRAFFIC BARRIER","37203","2021","August","Summer","00","Friday","Weekday","Injuries","No Fatalities"
9.98530889837184e-314,2021-09-18 00:01:00,2,0,0,NA,"N","Front to Rear","RAIN","DARK - LIGHTED","MM 54 2 I 24","NASHVILLE","SOUTH",36.10416,-86.71602,"MOTOR VEHICLE IN TRANSPORT","37211","2021","September","Fall","00","Saturday","Weekend","No Injuries","No Fatalities"
9.98530890973535e-314,2021-09-18 00:15:00,3,1,0,NA,"Y","Front to Rear","RAIN","DARK - NOT LIGHTED","MM 58 4 I 24","ANTIOCH","SOUTH",36.05408,-86.67368,"MOTOR VEHICLE IN TRANSPORT","37013","2021","September","Fall","00","Saturday","Weekend","Injuries","No Fatalities"
9.9852901238773e-314,2021-08-27 00:40:00,3,0,0,NA,"Y","HEAD-ON","RAIN","DARK - LIGHTED","TWIN OAKS PVTDR & TWIN OAKS CT","NASHVILLE","SOUTH",36.10224,-86.71874,"PARKED MOTOR VEHICLE","37211","2021","August","Summer","00","Friday","Weekday","No Injuries","No Fatalities"
9.98529013128828e-314,2021-08-27 01:30:00,2,0,0,NA,"Y","Front to Rear","RAIN","DARK - LIGHTED","MM 85 0 I 65","NASHVILLE","NORTH",36.18285,-86.79924,"MOTOR VEHICLE IN TRANSPORT","37208","2021","August","Summer","01","Friday","Weekday","No Injuries","No Fatalities"
9.98530973630718e-314,2021-09-18 05:00:00,2,1,0,NA,"N","SIDESWIPE - SAME DIRECTION","RAIN","DARK - LIGHTED","WEST END AV & ORLEANS DR","NASHVILLE","MIDTOW",36.13913,-86.81933,"MOTOR VEHICLE IN TRANSPORT","37212","2021","September","Fall","05","Saturday","Weekend","Injuries","No Fatalities"
9.98530985438887e-314,2021-09-19 06:00:00,1,0,0,NA,"N","NOT COLLISION W/MOTOR VEHICLE-TRANSPORT","RAIN","DARK - NOT LIGHTED","BURRUS ST & MCMAHAN AV","NASHVILLE","EAST",36.22417,-86.72975,"FENCE","37216","2021","September","Fall","06","Sunday","Weekend","No Injuries","No Fatalities"
9.98530990577169e-314,2021-09-19 08:05:00,2,0,0,NA,"Y","SIDESWIPE - SAME DIRECTION","RAIN","DARK - LIGHTED","WOODLAND ST & MCFERRIN AV","NASHVILLE","EAST",36.17548,-86.75519,"PARKED MOTOR VEHICLE","37206","2021","September","Fall","08","Sunday","Weekend","No Injuries","No Fatalities"
9.98530991318268e-314,2021-09-19 08:00:00,2,0,0,NA,"N","ANGLE","RAIN","DARK - LIGHTED","MURFREESBORO PKE & EDGE O LAKE DR","ANTIOCH","SOUTH",36.07949,-86.6446,"MOTOR VEHICLE IN TRANSPORT","37013","2021","September","Fall","08","Sunday","Weekend","No Injuries","No Fatalities"
9.9853099976679e-314,2021-09-19 07:20:00,2,0,0,NA,"Y","SIDESWIPE - OPPOSITE DIRECTION","RAIN","DARK - LIGHTED","FIRELIGHT TRL & FIRELIGHT CT","ANTIOCH","SOUTH",36.03031,-86.58411,"MOTOR VEHICLE IN TRANSPORT;PARKED MOTOR VEHICLE","37013","2021","September","Fall","07","Sunday","Weekend","No Injuries","No Fatalities"
9.98531003175843e-314,2021-09-19 12:46:00,2,0,0,NA,"N","ANGLE","RAIN","DAYLIGHT","2ND AVS & PEABODY ST","NASHVILLE","CENTRA",36.1573,-86.77221,"MOTOR VEHICLE IN TRANSPORT","37201","2021","September","Fall","12","Sunday","Weekend","No Injuries","No Fatalities"
9.98531009450477e-314,2021-09-19 05:00:00,3,0,0,NA,"Y","ANGLE","RAIN","DARK - NOT LIGHTED","ANTIOCH CT & ANTIOCH PKE","NASHVILLE","SOUTH",36.0811,-86.68698,"PARKED MOTOR VEHICLE","37211","2021","September","Fall","05","Sunday","Weekend","No Injuries","No Fatalities"
9.98531019628229e-314,2021-09-19 05:00:00,2,1,0,NA,"N","ANGLE","RAIN","DAYLIGHT","MYATT DR & E OLD HICKORY BLVD","MADISON","MADISO",36.2631,-86.69049,"MOTOR VEHICLE IN TRANSPORT","37115","2021","September","Fall","05","Sunday","Weekend","Injuries","No Fatalities"
9.98531037315779e-314,2021-09-20 01:44:00,2,1,0,NA,"Y","Front to Rear","RAIN","DARK - LIGHTED","NOLENSVILLE PKE & NORTHCREST DR","NASHVILLE","SOUTH",36.06667,-86.71794,"MOTOR VEHICLE IN TRANSPORT","37211","2021","September","Fall","01","Monday","Weekday","Injuries","No Fatalities"