"Accident.Number","Date.and.Time","Number.of.Motor.Vehicles","Number.of.Injuries","Number.of.Fatalities","Property.Damage","Hit.and.Run","Collision.Type.Description","Weather.Description","Illumination.Description","Street.Address","City","Precinct","Latitude","Longitude","HarmfulDescriptions","Zip.Code","Year","Month","Season","Hour","Weekday","DayType","Accident","Fatality_category"
9.98531038649757e-314,2021-09-20 02:05:00,2,0,0,NA,"N","Front to Rear","RAIN","DARK - LIGHTED","BELL RD & OLD HICKORY BLVD","ANTIOCH","SOUTH",36.0453,-86.70168,"MOTOR VEHICLE IN TRANSPORT","37013","2021","September","Fall","02","Monday","Weekday","No Injuries","No Fatalities"
9.9853104018136e-314,2021-09-20 02:03:00,1,0,0,NA,"N","NOT COLLISION W/MOTOR VEHICLE-TRANSPORT","RAIN","DARK - LIGHTED","MM 86 5 I 65","NASHVILLE","NORTH",36.19409,-86.77638,"","37207","2021","September","Fall","02","Monday","Weekday","No Injuries","No Fatalities"
9.98531042602282e-314,2021-09-19 05:00:00,2,0,0,NA,"Y","Front to Rear","RAIN","UNKNOWN","CREEKVIEW DR & EDGE MOOR DR","NASHVILLE","HERMIT",36.07587,-86.6249,"MOTOR VEHICLE IN TRANSPORT","37217","2021","September","Fall","05","Sunday","Weekend","No Injuries","No Fatalities"
9.98531044479731e-314,2021-09-20 02:25:00,2,0,0,NA,"Y","HEAD-ON","RAIN","DARK - NOT LIGHTED","MM 46 8 I 24","NASHVILLE","EAST",36.19114,-86.77543,"MOTOR VEHICLE IN TRANSPORT","37207","2021","September","Fall","02","Monday","Weekday","No Injuries","No Fatalities"
9.98531055892648e-314,2021-09-20 07:38:00,1,0,0,NA,"N","NOT COLLISION W/MOTOR VEHICLE-TRANSPORT","RAIN","DARK - LIGHTED","LEBANON PKE & WILOWEN DR","NASHVILLE","HERMIT",36.15868,-86.70524,"FENCE","37210","2021","September","Fall","07","Monday","Weekday","No Injuries","No Fatalities"
9.98531060734491e-314,2021-09-20 09:40:00,2,0,0,NA,"Y","Front to Rear","RAIN","DARK - LIGHTED","BRICK CHURCH PKE & I65 S EXT RAMP","NASHVILLE","NORTH",36.20843,-86.77777,"Motor Vehicle-In-Motion Outside Trafficw","37207","2021","September","Fall","09","Monday","Weekday","No Injuries","No Fatalities"
9.98531064687016e-314,2021-09-20 11:30:00,2,1,0,NA,"N","Front to Rear","RAIN","DAYLIGHT","MM 35 7 I 24","WHITES CREEK","NORTH",36.32139,-86.85557,"MOTOR VEHICLE IN TRANSPORT","37189","2021","September","Fall","11","Monday","Weekday","Injuries","No Fatalities"
9.98531066910312e-314,2021-09-20 12:16:00,2,1,0,NA,"N","Front to Rear","RAIN","DAYLIGHT","BELMONT BLVD & GRANDVIEW DR","NASHVILLE","MIDTOW",36.10892,-86.80056,"MOTOR VEHICLE IN TRANSPORT","37215","2021","September","Fall","12","Monday","Weekday","Injuries","No Fatalities"
9.98531067058531e-314,2021-09-20 12:15:00,1,1,0,NA,"N","NOT COLLISION W/MOTOR VEHICLE-TRANSPORT","RAIN","DAYLIGHT","MM 56 1 I 24","NASHVILLE","SOUTH",36.08105,-86.69684,"GUARDRAIL FACE","37211","2021","September","Fall","12","Monday","Weekday","Injuries","No Fatalities"
9.98531067256157e-314,2021-09-20 12:13:00,2,1,0,NA,"Y","ANGLE","RAIN","DAYLIGHT","BRICK CHURCH PKE & I65 S EXT RAMP","NASHVILLE","NORTH",36.20791,-86.77773,"MOTOR VEHICLE IN TRANSPORT","37207","2021","September","Fall","12","Monday","Weekday","Injuries","No Fatalities"
9.9853106765141e-314,2021-09-20 12:25:00,2,0,0,NA,"N","Front to Rear","RAIN","DAYLIGHT","MM 91 7 I 65","MADISON","MADISO",36.25627,-86.73851,"MOTOR VEHICLE IN TRANSPORT","37115","2021","September","Fall","12","Monday","Weekday","No Injuries","No Fatalities"
9.98531068837168e-314,2021-09-20 12:52:00,2,0,0,NA,"N","SIDESWIPE - SAME DIRECTION","RAIN","DAYLIGHT","ELLINGTON PKWYS & ELLINGTON PKWYN","NASHVILLE","EAST",36.21425,-86.74838,"MOTOR VEHICLE IN TRANSPORT","37206","2021","September","Fall","12","Monday","Weekday","No Injuries","No Fatalities"
9.98531070467584e-314,2021-09-20 12:30:00,1,0,0,NA,"N","NOT COLLISION W/MOTOR VEHICLE-TRANSPORT","RAIN","DAYLIGHT","BEACON DR & HARDING PL","NASHVILLE","WEST",36.09266,-86.84558,"H-WAY TRAFFIC SIGNAL POST;CULVERT","37215","2021","September","Fall","12","Monday","Weekday","No Injuries","No Fatalities"
9.98531074864768e-314,2021-09-20 12:24:00,3,0,0,NA,"Y","ANGLE","RAIN","DAYLIGHT","WOODMONT BLVD & HILLSBORO PKE","NASHVILLE","WEST",36.11395,-86.81088,"MOTOR VEHICLE IN TRANSPORT","37215","2021","September","Fall","12","Monday","Weekday","No Injuries","No Fatalities"
9.98532935515991e-314,2021-10-12 05:40:00,2,0,0,NA,"N","ANGLE","RAIN","DARK - LIGHTED","28TH AVN & CHARLOTTE AV","NASHVILLE","MIDTOW",36.15396,-86.81822,"MOTOR VEHICLE IN TRANSPORT","37209","2021","October","Fall","05","Tuesday","Weekday","No Injuries","No Fatalities"
9.9853293739344e-314,2021-10-12 06:17:00,2,0,0,NA,"N","SIDESWIPE - SAME DIRECTION","RAIN","DARK - LIGHTED","I24 W ENT RAMP & I 24","NASHVILLE","EAST",36.15733,-86.7598,"MOTOR VEHICLE IN TRANSPORT","37206","2021","October","Fall","06","Tuesday","Weekday","No Injuries","No Fatalities"
9.98532940901306e-314,2021-10-12 07:30:00,1,2,0,NA,"N","NOT COLLISION W/MOTOR VEHICLE-TRANSPORT","RAIN","DARK - LIGHTED","4TH AVS & HUMPHREYS ST","NASHVILLE","SOUTH",36.14115,-86.7642,"UTILITY POLE","37210","2021","October","Fall","07","Tuesday","Weekday","Injuries","No Fatalities"
9.98532422181785e-314,2021-10-05 05:00:00,2,2,0,NA,"N","SIDESWIPE - OPPOSITE DIRECTION","RAIN","DAYLIGHT","OLD HICKORY BLVD & STONE BROOK DR","BRENTWOOD","MIDTOW",36.04093,-86.77932,"MOTOR VEHICLE IN TRANSPORT","37027","2021","October","Fall","05","Tuesday","Weekday","Injuries","No Fatalities"
9.98532430185648e-314,2021-10-05 05:00:00,2,0,0,NA,"N","SIDESWIPE - OPPOSITE DIRECTION","RAIN","DAYLIGHT","MONTCHANIN RD & OLD HICKORY BLVD","OLD HICKORY","HERMIT",36.23452,-86.6259,"MOTOR VEHICLE IN TRANSPORT","37138","2021","October","Fall","05","Tuesday","Weekday","No Injuries","No Fatalities"
9.98531096751877e-314,2021-09-20 05:00:00,2,0,0,NA,"N","ANGLE","RAIN","DAYLIGHT","I40 W ENT RAMP & I 40","NASHVILLE","HERMIT",36.148,-86.77779,"MOTOR VEHICLE IN TRANSPORT","37210","2021","September","Fall","05","Monday","Weekday","No Injuries","No Fatalities"
9.98532167886197e-314,2021-10-02 10:47:00,1,0,0,NA,"N","NOT COLLISION W/MOTOR VEHICLE-TRANSPORT","RAIN","DARK - LIGHTED","I40 E ENT RAMP & I 40","NASHVILLE","WEST",36.15303,-86.8525,"CONCRETE TRAFFIC BARRIER","37205","2021","October","Fall","10","Saturday","Weekend","No Injuries","No Fatalities"
9.98532205879845e-314,2021-10-02 05:00:00,1,0,0,NA,"N","NOT COLLISION W/MOTOR VEHICLE-TRANSPORT","RAIN","Dark-Unknown Lighting","000000 I 440","NASHVILLE","SOUTH",36.124,-86.747,"CONCRETE TRAFFIC BARRIER","37210","2021","October","Fall","05","Saturday","Weekend","No Injuries","No Fatalities"
9.98532206225691e-314,2021-10-03 00:49:00,1,1,0,NA,"Y","NOT COLLISION W/MOTOR VEHICLE-TRANSPORT","RAIN","DARK - LIGHTED","10TH AVS & BROADWAY","NASHVILLE","CENTRA",36.15795,-86.78431,"PEDESTRIAN","37203","2021","October","Fall","00","Sunday","Weekend","Injuries","No Fatalities"
9.98532209733557e-314,2021-10-03 01:43:00,2,0,0,NA,"N","SIDESWIPE - SAME DIRECTION","RAIN","DARK - LIGHTED","WEST END AV & LYLE AV","NASHVILLE","MIDTOW",36.15179,-86.79849,"MOTOR VEHICLE IN TRANSPORT","37203","2021","October","Fall","01","Sunday","Weekend","No Injuries","No Fatalities"
9.98532210128809e-314,2021-10-02 05:00:00,2,1,0,NA,"N","Front to Rear","RAIN","DARK - LIGHTED","NOLENSVILLE PKE & NORTHCREST DR","NASHVILLE","SOUTH",36.06667,-86.71794,"MOTOR VEHICLE IN TRANSPORT","37211","2021","October","Fall","05","Saturday","Weekend","Injuries","No Fatalities"
9.98532210425249e-314,2021-10-03 02:10:00,1,1,0,NA,"N","UNKNOWN","RAIN","DARK - LIGHTED","DICKERSON PKE & DELLWAY DR","NASHVILLE","EAST",36.21465,-86.76416,"UNKNOWN MOST HARMFUL EVENT","37207","2021","October","Fall","02","Sunday","Weekend","Injuries","No Fatalities"
9.98532212599138e-314,2021-10-03 02:53:00,0,1,1,NA,"N","ANGLE","RAIN","DARK - LIGHTED","WHITES CREEK PKE & PARMLEY LN","NASHVILLE","NORTH",36.24533,-86.82354,"MOTOR VEHICLE IN TRANSPORT;FENCE","37207","2021","October","Fall","02","Sunday","Weekend","Injuries","With Fatalities"
9.98532214031928e-314,2021-10-03 03:35:00,2,0,0,NA,"Y","SIDESWIPE - SAME DIRECTION","RAIN","DARK - LIGHTED","GALLATIN PKES & LAKEWOOD DR","MADISON","MADISO",36.24217,-86.72318,"MOTOR VEHICLE IN TRANSPORT","37115","2021","October","Fall","03","Sunday","Weekend","No Injuries","No Fatalities"
9.98532214377774e-314,2021-10-03 03:43:00,1,0,0,NA,"N","NOT COLLISION W/MOTOR VEHICLE-TRANSPORT","RAIN","DARK - LIGHTED","MM 91 7 I 65","MADISON","MADISO",36.2576,-86.73827,"CONCRETE TRAFFIC BARRIER","37115","2021","October","Fall","03","Sunday","Weekend","No Injuries","No Fatalities"
9.98532215217686e-314,2021-10-03 03:40:00,1,0,0,NA,"N","NOT COLLISION W/MOTOR VEHICLE-TRANSPORT","RAIN","DARK - LIGHTED","I65 N EXT RAMP & I 65","NASHVILLE","EAST",36.26147,-86.73812,"CONCRETE TRAFFIC BARRIER","37207","2021","October","Fall","03","Sunday","Weekend","No Injuries","No Fatalities"
9.98532216601069e-314,2021-10-03 04:06:00,2,0,0,NA,"Y","SIDESWIPE - SAME DIRECTION","RAIN","DARK - LIGHTED","MM 88 5 I 65","NASHVILLE","NORTH",36.22468,-86.77453,"MOTOR VEHICLE IN TRANSPORT","37207","2021","October","Fall","04","Sunday","Weekend","No Injuries","No Fatalities"
9.98532216699883e-314,2021-10-03 04:11:00,1,0,0,NA,"N","NOT COLLISION W/MOTOR VEHICLE-TRANSPORT","RAIN","DARK - LIGHTED","MM 48 1 I 24","NASHVILLE","EAST",36.174,-86.77035,"GUARDRAIL FACE","37206","2021","October","Fall","04","Sunday","Weekend","No Injuries","No Fatalities"
9.98532218083266e-314,2021-10-03 04:10:00,2,0,0,NA,"Y","SIDESWIPE - SAME DIRECTION","RAIN","DARK - LIGHTED","15TH AVN & CHURCH ST","NASHVILLE","MIDTOW",36.15761,-86.79284,"MOTOR VEHICLE IN TRANSPORT","37203","2021","October","Fall","04","Sunday","Weekend","No Injuries","No Fatalities"
9.98532219021991e-314,2021-10-03 04:55:00,3,2,0,NA,"N","ANGLE","RAIN","DARK - LIGHTED","HICKS RD & HIGHWAY 70S","NASHVILLE","WEST",36.07391,-86.92627,"MOTOR VEHICLE IN TRANSPORT","37221","2021","October","Fall","04","Sunday","Weekend","Injuries","No Fatalities"
9.98532220504188e-314,2021-10-03 05:28:00,1,0,0,NA,"N","NOT COLLISION W/MOTOR VEHICLE-TRANSPORT","RAIN","DARK - LIGHTED","MM 81 9 I 65","NASHVILLE","MIDTOW",36.1409,-86.77656,"CONCRETE TRAFFIC BARRIER","37203","2021","October","Fall","05","Sunday","Weekend","No Injuries","No Fatalities"
9.98532222035791e-314,2021-10-03 05:15:00,3,0,0,NA,"N","NOT COLLISION W/MOTOR VEHICLE-TRANSPORT","RAIN","DARK - LIGHTED","MM 82 0 I 65","NASHVILLE","MIDTOW",36.14153,-86.77656,"CONCRETE TRAFFIC BARRIER","37203","2021","October","Fall","05","Sunday","Weekend","No Injuries","No Fatalities"
9.98532222233418e-314,2021-10-03 04:55:00,2,1,0,NA,"Y","Front to Rear","RAIN","DARK - LIGHTED","COMMERCE ST & ROSA L PARKS BLVD","NASHVILLE","CENTRA",36.16025,-86.78296,"MOTOR VEHICLE IN TRANSPORT","37203","2021","October","Fall","04","Sunday","Weekend","Injuries","No Fatalities"
9.9853222292511e-314,2021-10-02 05:00:00,2,0,0,NA,"Y","ANGLE","RAIN","DARK - LIGHTED","PLUM NELLY CIR & FOX RIDGE DR","BRENTWOOD","MIDTOW",36.03679,-86.77632,"PARKED MOTOR VEHICLE","37027","2021","October","Fall","05","Saturday","Weekend","No Injuries","No Fatalities"
9.98532223913241e-314,2021-10-03 06:45:00,1,1,0,NA,"N","NOT COLLISION W/MOTOR VEHICLE-TRANSPORT","RAIN","DARK - NOT LIGHTED","BRILEY PKWYN & BRILEY PKWYS","NASHVILLE","SOUTH",36.18849,-86.86269,"CONCRETE TRAFFIC BARRIER","37211","2021","October","Fall","06","Sunday","Weekend","Injuries","No Fatalities"
9.98532224604933e-314,2021-10-03 03:23:00,2,0,0,NA,"Y","SIDESWIPE - SAME DIRECTION","RAIN","DARK - LIGHTED","4TH AVS & ASH ST","NASHVILLE","CENTRA",36.15234,-86.77158,"MOTOR VEHICLE IN TRANSPORT","37210","2021","October","Fall","03","Sunday","Weekend","No Injuries","No Fatalities"
9.98532225098998e-314,2021-10-03 07:00:00,1,1,0,NA,"N","NOT COLLISION W/MOTOR VEHICLE-TRANSPORT","RAIN","DARK - NOT LIGHTED","ED TEMPLE BLVD & DR WALTER S DAVIS BLVD","NASHVILLE","NORTH",36.17619,-86.82445,"WALL","37209","2021","October","Fall","07","Sunday","Weekend","Injuries","No Fatalities"
9.9853222781636e-314,2021-10-03 08:09:00,2,1,0,NA,"Y","ANGLE","RAIN","DARK - NOT LIGHTED","MM 62 9 I 24","ANTIOCH","SOUTH",36.01031,-86.61577,"MOTOR VEHICLE IN TRANSPORT","37013","2021","October","Fall","08","Sunday","Weekend","Injuries","No Fatalities"
9.98532228755084e-314,2021-10-03 08:20:00,1,0,0,NA,"N","NOT COLLISION W/MOTOR VEHICLE-TRANSPORT","RAIN","DARK - LIGHTED","ANDERSON RD & OLD SMITH SPRINGS RD","NASHVILLE","HERMIT",36.08964,-86.60671,"UTILITY POLE","37217","2021","October","Fall","08","Sunday","Weekend","No Injuries","No Fatalities"
9.9853222939737e-314,2021-10-03 08:09:00,2,0,0,NA,"N","SIDESWIPE - SAME DIRECTION","RAIN","DARK - NOT LIGHTED","MM 62 9 I 24","ANTIOCH","SOUTH",36.01031,-86.61577,"MOTOR VEHICLE IN TRANSPORT","37013","2021","October","Fall","08","Sunday","Weekend","No Injuries","No Fatalities"
9.98532231867698e-314,2021-10-03 10:00:00,1,1,0,NA,"N","NOT COLLISION W/MOTOR VEHICLE-TRANSPORT","RAIN","DARK - NOT LIGHTED","I24 W EXT RAMP & I 24","NASHVILLE","SOUTH",36.12926,-86.72675,"WALL","37211","2021","October","Fall","10","Sunday","Weekend","Injuries","No Fatalities"
9.98532233794554e-314,2021-10-03 11:39:00,1,0,0,NA,"N","NOT COLLISION W/MOTOR VEHICLE-TRANSPORT","RAIN","DARK - LIGHTED","NASHBORO BLVD & MURFREESBORO PKE","NASHVILLE","HERMIT",36.08757,-86.64738,"TREE;Ran Off Road-Left","37217","2021","October","Fall","11","Sunday","Weekend","No Injuries","No Fatalities"
9.98532233893367e-314,2021-10-03 11:36:00,1,1,0,NA,"N","NOT COLLISION W/MOTOR VEHICLE-TRANSPORT","RAIN","DARK - NOT LIGHTED","RURAL HILL RD & EVANFIELD CT","ANTIOCH","SOUTH",36.067,-86.64349,"TREE;EMBANKMENT EARTH","37013","2021","October","Fall","11","Sunday","Weekend","Injuries","No Fatalities"
9.98532441697378e-314,2021-10-06 02:20:00,1,1,0,NA,"Y","NOT COLLISION W/MOTOR VEHICLE-TRANSPORT","RAIN","DARK - NOT LIGHTED","OCALA DR & WESSEX DR","NASHVILLE","SOUTH",36.05235,-86.70851,"UTILITY POLE;DITCH;TREE","37211","2021","October","Fall","02","Wednesday","Weekday","Injuries","No Fatalities"
9.9853244856489e-314,2021-10-06 01:08:00,2,0,0,NA,"Y","SIDESWIPE - OPPOSITE DIRECTION","RAIN","DARK - LIGHTED","0 BELL RD","ANTIOCH","SOUTH",36.0453,-86.70168,"MOTOR VEHICLE IN TRANSPORT","37013","2021","October","Fall","01","Wednesday","Weekday","No Injuries","No Fatalities"
9.98532450096494e-314,2021-10-06 05:41:00,1,0,0,NA,"N","NOT COLLISION W/MOTOR VEHICLE-TRANSPORT","RAIN","DARK - LIGHTED","BRILEY PKWYW & I24 W ENT RAMP","NASHVILLE","MADISO",36.23833,-86.78208,"TREE","37207","2021","October","Fall","05","Wednesday","Weekday","No Injuries","No Fatalities"
9.98532451035218e-314,2021-10-06 03:15:00,2,0,0,NA,"Y","Front to Rear","RAIN","DARK - LIGHTED","TUSCULUM RD & BLUE LAKE CIR","ANTIOCH","SOUTH",36.05285,-86.67466,"MOTOR VEHICLE IN TRANSPORT","37013","2021","October","Fall","03","Wednesday","Weekday","No Injuries","No Fatalities"
9.98532452369196e-314,2021-10-06 06:39:00,1,1,0,NA,"N","NOT COLLISION W/MOTOR VEHICLE-TRANSPORT","RAIN","DARK - LIGHTED","EXIT 82B & I 40","NASHVILLE","MIDTOW",36.14774,-86.77653,"","37203","2021","October","Fall","06","Wednesday","Weekday","Injuries","No Fatalities"
9.98532454098425e-314,2021-10-06 06:35:00,1,0,0,NA,"Y","NOT COLLISION W/MOTOR VEHICLE-TRANSPORT","RAIN","DARK - LIGHTED","ROBERTSON AV & NALL AV","NASHVILLE","WEST",36.15737,-86.87234,"DITCH","37209","2021","October","Fall","06","Wednesday","Weekday","No Injuries","No Fatalities"
9.98532456321721e-314,2021-10-06 08:14:00,2,0,0,NA,"Y","Front to Rear","RAIN","DARK - LIGHTED","NOLENSVILLE PKE & BREWER DR","NASHVILLE","MIDTOW",36.05429,-86.71522,"MOTOR VEHICLE IN TRANSPORT","37211","2021","October","Fall","08","Wednesday","Weekday","No Injuries","No Fatalities"
9.98532458001544e-314,2021-10-06 05:00:00,1,0,0,NA,"N","NOT COLLISION W/MOTOR VEHICLE-TRANSPORT","RAIN","DARK - NOT LIGHTED","MM 33 2 I 24","JOELTON","NORTH",36.33062,-86.89767,"TREE;Ran Off Road-Left","37080","2021","October","Fall","05","Wednesday","Weekday","No Injuries","No Fatalities"
9.98532458100357e-314,2021-10-06 09:15:00,1,0,0,NA,"N","NOT COLLISION W/MOTOR VEHICLE-TRANSPORT","RAIN","DARK - LIGHTED","MM 211 5 I 40","NASHVILLE","HERMIT",36.15139,-86.75121,"GUARDRAIL FACE","37210","2021","October","Fall","09","Wednesday","Weekday","No Injuries","No Fatalities"
9.98532459829587e-314,2021-10-06 09:00:00,1,0,0,NA,"N","NOT COLLISION W/MOTOR VEHICLE-TRANSPORT","RAIN","DARK - NOT LIGHTED","HIGHWAY 70 & HARPETH RIV RIVERWALK GRNWY","NASHVILLE","WEST",36.09528,-87.0001,"OTHER OBJECT (NOT FIXED)","37221","2021","October","Fall","09","Wednesday","Weekday","No Injuries","No Fatalities"
9.98532460175433e-314,2021-10-06 05:00:00,1,0,0,NA,"N","NOT COLLISION W/MOTOR VEHICLE-TRANSPORT","RAIN","DARK - NOT LIGHTED","MM 200 6 I 40","NASHVILLE","WEST",36.12574,-86.90482,"CONCRETE TRAFFIC BARRIER","37209","2021","October","Fall","05","Wednesday","Weekday","No Injuries","No Fatalities"
9.98531117305007e-314,2021-09-21 00:20:00,1,0,0,NA,"N","NOT COLLISION W/MOTOR VEHICLE-TRANSPORT","RAIN","DARK - NOT LIGHTED","VADEN DR & MCCALL ST","NASHVILLE","SOUTH",36.09927,-86.71944,"Ran Off Road-Right;EMBANKMENT EARTH","37211","2021","September","Fall","00","Tuesday","Weekday","No Injuries","No Fatalities"
9.98532464029145e-314,2021-10-06 10:44:00,2,1,0,NA,"Y","Front to Rear","RAIN","DARK - LIGHTED","MM 87 0 I 65","NASHVILLE","EAST",36.2015,-86.77684,"MOTOR VEHICLE IN TRANSPORT;UNKNOWN MOST HARMFUL EVENT","37207","2021","October","Fall","10","Wednesday","Weekday","Injuries","No Fatalities"
9.98531117996699e-314,2021-09-21 00:28:00,1,1,0,NA,"N","NOT COLLISION W/MOTOR VEHICLE-TRANSPORT","RAIN","DARK - NOT LIGHTED","BRILEY PKWYW & BRILEY PKWYE","NASHVILLE","NORTH",36.23186,-86.82718,"CONCRETE TRAFFIC BARRIER","37218","2021","September","Fall","00","Tuesday","Weekday","Injuries","No Fatalities"
9.9853246467143e-314,2021-10-06 11:45:00,1,0,0,NA,"Y","NOT COLLISION W/MOTOR VEHICLE-TRANSPORT","RAIN","DAYLIGHT","DR D B TODD JR BLVD & BUCHANAN ST","NASHVILLE","NORTH",36.18027,-86.81113,"UTILITY POLE;Ran Off Road-Right","37208","2021","October","Fall","11","Wednesday","Weekday","No Injuries","No Fatalities"
9.9853111928127e-314,2021-09-21 00:54:00,1,0,0,NA,"N","NOT COLLISION W/MOTOR VEHICLE-TRANSPORT","RAIN","DARK - LIGHTED","MM 88 5 I 65","NASHVILLE","NORTH",36.22414,-86.77454,"GUARDRAIL FACE","37207","2021","September","Fall","00","Tuesday","Weekday","No Injuries","No Fatalities"
9.9853246481965e-314,2021-10-06 11:20:00,2,0,0,NA,"N","SIDESWIPE - SAME DIRECTION","RAIN","DAYLIGHT","MM 60 7 I 24","ANTIOCH","SOUTH",36.03298,-86.64149,"MOTOR VEHICLE IN TRANSPORT","37013","2021","October","Fall","11","Wednesday","Weekday","No Injuries","No Fatalities"
9.98532467092352e-314,2021-10-06 12:10:00,1,1,0,NA,"N","NOT COLLISION W/MOTOR VEHICLE-TRANSPORT","RAIN","DAYLIGHT","ASHLAND CITY HWY & OLD HICKORY BLVD","NASHVILLE","NORTH",36.21147,-86.92206,"CURB;MAIL BOX;TREE","37218","2021","October","Fall","12","Wednesday","Weekday","Injuries","No Fatalities"
9.9853113064478e-314,2021-09-21 02:30:00,1,0,0,NA,"N","NOT COLLISION W/MOTOR VEHICLE-TRANSPORT","RAIN","DARK - NOT LIGHTED","POPLAR CREEK RD & COLD STREAM DR","NASHVILLE","WEST",36.05513,-86.96023,"GUARDRAIL FACE","37221","2021","September","Fall","02","Tuesday","Weekday","No Injuries","No Fatalities"
9.98532469216834e-314,2021-10-06 12:30:00,2,1,0,NA,"N","ANGLE","RAIN","DAYLIGHT","HARDING PKE & VAUGHNS GAP RD","NASHVILLE","WEST",36.09262,-86.88534,"MOTOR VEHICLE IN TRANSPORT","37205","2021","October","Fall","12","Wednesday","Weekday","Injuries","No Fatalities"
9.98532517388235e-314,2021-10-06 05:00:00,1,0,0,NA,"N","NOT COLLISION W/MOTOR VEHICLE-TRANSPORT","RAIN","DARK - NOT LIGHTED","BELL RD & LAKE CHATEAU DR","HERMITAGE","HERMIT",36.16144,-86.59525,"","37076","2021","October","Fall","05","Wednesday","Weekday","No Injuries","No Fatalities"
9.98532518771618e-314,2021-10-07 00:07:00,2,0,0,NA,"N","Front to Rear","RAIN","DARK - LIGHTED","0 I 440","NASHVILLE","SOUTH",36.12165,-86.75917,"MOTOR VEHICLE IN TRANSPORT","37210","2021","October","Fall","00","Thursday","Weekday","No Injuries","No Fatalities"
9.98532519809156e-314,2021-10-07 00:28:00,2,1,0,NA,"N","ANGLE","RAIN","DARK - LIGHTED","RUNDLE AV & I40 E EXT RAMP","NASHVILLE","HERMIT",36.147,-86.74457,"MOTOR VEHICLE IN TRANSPORT","37210","2021","October","Fall","00","Thursday","Weekday","Injuries","No Fatalities"
9.98532520352628e-314,2021-10-07 00:40:00,2,1,0,NA,"Y","Front to Rear","RAIN","DARK - LIGHTED","BRILEY PKWYS & BRILEY PKWYN","NASHVILLE","NORTH",36.15039,-86.691,"MOTOR VEHICLE IN TRANSPORT","37218","2021","October","Fall","00","Thursday","Weekday","Injuries","No Fatalities"
9.98532520994914e-314,2021-10-07 00:04:00,2,0,0,NA,"N","SIDESWIPE - SAME DIRECTION","RAIN","DARK - LIGHTED","KOREAN VETERANS BLVD & 5TH AVS","NASHVILLE","CENTRA",36.15666,-86.77567,"PARKED MOTOR VEHICLE","37203","2021","October","Fall","00","Thursday","Weekday","No Injuries","No Fatalities"
9.98532526973108e-314,2021-10-07 03:08:00,2,1,0,NA,"Y","ANGLE","RAIN","DARK - NOT LIGHTED","HAYWOOD LN & EZELL RD","NASHVILLE","SOUTH",36.06959,-86.69391,"MOTOR VEHICLE IN TRANSPORT","37211","2021","October","Fall","03","Thursday","Weekday","Injuries","No Fatalities"
9.98532527368361e-314,2021-10-07 03:16:00,1,1,0,NA,"N","NOT COLLISION W/MOTOR VEHICLE-TRANSPORT","RAIN","DARK - LIGHTED","I24 W EXT RAMP & I 24","NASHVILLE","SOUTH",36.17299,-86.7685,"Ran Off Road-Left","37211","2021","October","Fall","03","Thursday","Weekday","Injuries","No Fatalities"
9.98532527417767e-314,2021-10-07 03:14:00,1,1,0,NA,"N","NOT COLLISION W/MOTOR VEHICLE-TRANSPORT","RAIN","DARK - NOT LIGHTED","PETTUS RD & OLD HICKORY BLVD","ANTIOCH","SOUTH",36.00769,-86.66698,"GUARDRAIL FACE","37013","2021","October","Fall","03","Thursday","Weekday","Injuries","No Fatalities"
9.985312143395e-314,2021-09-22 00:08:00,1,0,0,NA,"N","NOT COLLISION W/MOTOR VEHICLE-TRANSPORT","RAIN","DARK - NOT LIGHTED","BULL RUN RD & KIRBY HILL RD","NASHVILLE","NORTH",36.2391,-86.94398,"CULVERT;EMBANKMENT EARTH","37218","2021","September","Fall","00","Wednesday","Weekday","No Injuries","No Fatalities"
9.98531221404639e-314,2021-09-22 02:00:00,1,2,0,NA,"N","NOT COLLISION W/MOTOR VEHICLE-TRANSPORT","RAIN","DARK - LIGHTED","CLARKSVILLE PKE & DRY FORK RD","NASHVILLE","NORTH",36.25878,-86.85014,"FENCE;SHRUBBERY;EMBANKMENT ROCK/STONE/CONCRETE","37218","2021","September","Fall","02","Wednesday","Weekday","Injuries","No Fatalities"
9.98531221750485e-314,2021-09-22 02:16:00,2,0,0,NA,"N","NOT COLLISION W/MOTOR VEHICLE-TRANSPORT","RAIN","DARK - NOT LIGHTED","ELLINGTON PKWYS & SLAYDON DR","NASHVILLE","EAST",36.21152,-86.74894,"GUARDRAIL FACE;Ran Off Road-Left","37207","2021","September","Fall","02","Wednesday","Weekday","No Injuries","No Fatalities"
9.98531222293957e-314,2021-09-22 02:25:00,1,3,0,NA,"N","NOT COLLISION W/MOTOR VEHICLE-TRANSPORT","RAIN","DARK - NOT LIGHTED","BRILEY PKWYW & BRILEY PKWYE","NASHVILLE","NORTH",36.23432,-86.80177,"GUARDRAIL FACE","37218","2021","September","Fall","02","Wednesday","Weekday","Injuries","No Fatalities"
9.98531222590397e-314,2021-09-22 02:35:00,2,1,0,NA,"N","Front to Rear","RAIN","DARK - LIGHTED","MERIDIAN ST & MERIDIAN CT","NASHVILLE","EAST",36.1977,-86.76689,"MOTOR VEHICLE IN TRANSPORT;PARKED MOTOR VEHICLE","37207","2021","September","Fall","02","Wednesday","Weekday","Injuries","No Fatalities"
9.98531224171407e-314,2021-09-21 05:00:00,1,1,0,NA,"N","NOT COLLISION W/MOTOR VEHICLE-TRANSPORT","RAIN","DARK - NOT LIGHTED","MM 75 2 I 65","BRENTWOOD","MIDTOW",36.04636,-86.77722,"Ran Off Road-Left;EMBANKMENT EARTH","37027","2021","September","Fall","05","Tuesday","Weekday","Injuries","No Fatalities"