"Accident.Number","Date.and.Time","Number.of.Motor.Vehicles","Number.of.Injuries","Number.of.Fatalities","Property.Damage","Hit.and.Run","Collision.Type.Description","Weather.Description","Illumination.Description","Street.Address","City","Precinct","Latitude","Longitude","HarmfulDescriptions","Zip.Code","Year","Month","Season","Hour","Weekday","DayType","Accident","Fatality_category"
9.98531228123932e-314,2021-09-22 04:32:00,2,0,0,NA,"N","Front to Rear","RAIN","DARK - LIGHTED","I40 E ENT RAMP & I 40","NASHVILLE","WEST",36.15503,-86.62709,"MOTOR VEHICLE IN TRANSPORT","37205","2021","September","Fall","04","Wednesday","Weekday","No Injuries","No Fatalities"
9.98531230297821e-314,2021-09-22 05:00:00,1,1,0,NA,"N","NOT COLLISION W/MOTOR VEHICLE-TRANSPORT","RAIN","DARK - NOT LIGHTED","OLD HICKORY BLVD & 2ND ST","OLD HICKORY","HERMIT",36.21616,-86.62334,"UTILITY POLE","37138","2021","September","Fall","05","Wednesday","Weekday","Injuries","No Fatalities"
9.98531231236545e-314,2021-09-22 04:50:00,1,1,0,NA,"N","NOT COLLISION W/MOTOR VEHICLE-TRANSPORT","RAIN","DARK - LIGHTED","MM 88 4 I 65","NASHVILLE","NORTH",36.22191,-86.7746,"GUARDRAIL END","37207","2021","September","Fall","04","Wednesday","Weekday","Injuries","No Fatalities"
9.98531236572454e-314,2021-09-22 04:21:00,2,1,0,NA,"N","ANGLE","RAIN","DARK - NOT LIGHTED","OLD HICKORY BLVD & HICKORY PLZ","NASHVILLE","MIDTOW",36.04522,-86.71664,"MOTOR VEHICLE IN TRANSPORT","37211","2021","September","Fall","04","Wednesday","Weekday","Injuries","No Fatalities"
9.98531240821419e-314,2021-09-22 09:07:00,2,2,0,NA,"N","ANGLE","RAIN","DARK - LIGHTED","MURFREESBORO PKE & TOWN PARK DR","NASHVILLE","HERMIT",36.10307,-86.66621,"MOTOR VEHICLE IN TRANSPORT","37217","2021","September","Fall","09","Wednesday","Weekday","Injuries","No Fatalities"
9.98531242056583e-314,2021-09-22 09:37:00,1,0,0,NA,"N","NOT COLLISION W/MOTOR VEHICLE-TRANSPORT","RAIN","DARK - NOT LIGHTED","CHARLOTTE PKE & HIGHWAY 70S","NASHVILLE","WEST",36.09384,-86.97435,"OTHER OBJECT (NOT FIXED)","37221","2021","September","Fall","09","Wednesday","Weekday","No Injuries","No Fatalities"
9.98531242402429e-314,2021-09-22 09:45:00,2,1,0,NA,"N","NOT COLLISION W/MOTOR VEHICLE-TRANSPORT","RAIN","DARK - LIGHTED","MM 88 6 I 65","NASHVILLE","EAST",36.22617,-86.77415,"MOTOR VEHICLE IN TRANSPORT;GUARDRAIL END","37207","2021","September","Fall","09","Wednesday","Weekday","Injuries","No Fatalities"
9.98531245465636e-314,2021-09-22 11:00:00,3,0,0,NA,"N","ANGLE","RAIN","DARK - LIGHTED","MM 88 4 I 65","NASHVILLE","NORTH",36.22191,-86.7746,"MOTOR VEHICLE IN TRANSPORT","37207","2021","September","Fall","11","Wednesday","Weekday","No Injuries","No Fatalities"
9.98531245613856e-314,2021-09-22 11:09:00,1,1,0,NA,"N","NOT COLLISION W/MOTOR VEHICLE-TRANSPORT","RAIN","DARK - LIGHTED","OLD HICKORY BLVD & HICKORY PLZ","NASHVILLE","MIDTOW",36.0452,-86.71623,"PEDESTRIAN","37211","2021","September","Fall","11","Wednesday","Weekday","Injuries","No Fatalities"
9.98531245959702e-314,2021-09-22 11:05:00,2,0,0,NA,"N","Front to Rear","RAIN","DAWN","MM 204 2 I 40","NASHVILLE","WEST",36.15338,-86.85267,"MOTOR VEHICLE IN TRANSPORT","37209","2021","September","Fall","11","Wednesday","Weekday","No Injuries","No Fatalities"
9.98531246305548e-314,2021-09-22 11:28:00,2,1,0,NA,"N","ANGLE","RAIN","DAYLIGHT","OLD HICKORY BLVD & ASHLAND CITY HWY","NASHVILLE","NORTH",36.21148,-86.92103,"MOTOR VEHICLE IN TRANSPORT","37218","2021","September","Fall","11","Wednesday","Weekday","Injuries","No Fatalities"
9.98531250850951e-314,2021-09-22 12:25:00,2,1,0,NA,"N","Front to Rear","RAIN","DAYLIGHT","MURFREESBORO PKE & MOUNTAIN SPRINGS RD","ANTIOCH","SOUTH",36.04784,-86.61205,"MOTOR VEHICLE IN TRANSPORT","37013","2021","September","Fall","12","Wednesday","Weekday","Injuries","No Fatalities"
9.98531254309411e-314,2021-09-22 05:00:00,2,2,0,NA,"N","Front to Rear","RAIN","DARK - LIGHTED","ELM HILL PKE & AIRPORT CENTER DR","NASHVILLE","HERMIT",36.14723,-86.66241,"MOTOR VEHICLE IN TRANSPORT","37214","2021","September","Fall","05","Wednesday","Weekday","Injuries","No Fatalities"
9.98534028043353e-314,2021-10-25 09:50:00,2,0,0,NA,"Y","Front to Rear","RAIN","DARK - NOT LIGHTED","MM 85 7 I 65","NASHVILLE","NORTH",36.19058,-86.78963,"MOTOR VEHICLE IN TRANSPORT","37228","2021","October","Fall","09","Monday","Weekday","No Injuries","No Fatalities"
9.98534028142166e-314,2021-10-25 10:05:00,2,0,0,NA,"N","Front to Rear","RAIN","DARK - NOT LIGHTED","OLD HICKORY BLVD & I65 N EXT RAMP","BRENTWOOD","MIDTOW",36.04002,-86.78085,"MOTOR VEHICLE IN TRANSPORT","37027","2021","October","Fall","10","Monday","Weekday","No Injuries","No Fatalities"
9.98534029327924e-314,2021-10-25 10:32:00,2,0,0,NA,"N","SIDESWIPE - SAME DIRECTION","RAIN","DARK - LIGHTED","MM 86 5 I 65","NASHVILLE","NORTH",36.19459,-86.7762,"MOTOR VEHICLE IN TRANSPORT","37207","2021","October","Fall","10","Monday","Weekday","No Injuries","No Fatalities"
9.9853402982199e-314,2021-10-25 10:52:00,1,0,0,NA,"N","NOT COLLISION W/MOTOR VEHICLE-TRANSPORT","RAIN","DARK - LIGHTED","MM 4 0 I 440 W","NASHVILLE","MIDTOW",36.11612,-86.78139,"Ran Off Road-Right","37204","2021","October","Fall","10","Monday","Weekday","No Injuries","No Fatalities"
9.98534029920803e-314,2021-10-25 10:47:00,3,1,0,NA,"N","SIDESWIPE - OPPOSITE DIRECTION","RAIN","DARK - LIGHTED","3441 SKYLINE MEMORIAL CT","MADISON","MADISO",36.24389,-86.75658,"MOTOR VEHICLE IN TRANSPORT","37115","2021","October","Fall","10","Monday","Weekday","Injuries","No Fatalities"
9.98534030513682e-314,2021-10-25 11:00:00,1,0,0,NA,"N","NOT COLLISION W/MOTOR VEHICLE-TRANSPORT","RAIN","DARK - LIGHTED","ROBINSON RD & INDUSTRIAL DR PVTDR","OLD HICKORY","HERMIT",36.2657,-86.6642,"","37138","2021","October","Fall","11","Monday","Weekday","No Injuries","No Fatalities"
9.98534030563088e-314,2021-10-25 11:15:00,2,0,0,NA,"N","SIDESWIPE - OPPOSITE DIRECTION","RAIN","DARK - NOT LIGHTED","25TH AVN & 26TH AVN","NASHVILLE","NORTH",36.19049,-86.81695,"PARKED MOTOR VEHICLE","37208","2021","October","Fall","11","Monday","Weekday","No Injuries","No Fatalities"
9.98534030661901e-314,2021-10-25 05:00:00,1,1,0,NA,"N","NOT COLLISION W/MOTOR VEHICLE-TRANSPORT","RAIN","DARK - LIGHTED","BRILEY PKWY N ENT RAMP & BRILEY PKWYN","NASHVILLE","WEST",36.15798,-86.86225,"CONCRETE TRAFFIC BARRIER","37209","2021","October","Fall","05","Monday","Weekday","Injuries","No Fatalities"
9.98534030711308e-314,2021-10-25 11:15:00,1,0,0,NA,"N","NOT COLLISION W/MOTOR VEHICLE-TRANSPORT","RAIN","DARK - NOT LIGHTED","BRILEY PKWYW & BRILEY PKWYE","NASHVILLE","NORTH",36.23476,-86.7998,"CONCRETE TRAFFIC BARRIER;Ran Off Road-Right","37218","2021","October","Fall","11","Monday","Weekday","No Injuries","No Fatalities"
9.98534031748846e-314,2021-10-25 11:54:00,2,1,0,NA,"Y","ANGLE","RAIN","DARK - LIGHTED","MURFREESBORO PKE & HOBSON PKE","ANTIOCH","SOUTH",36.04268,-86.60641,"MOTOR VEHICLE IN TRANSPORT","37013","2021","October","Fall","11","Monday","Weekday","Injuries","No Fatalities"
9.98534031897065e-314,2021-10-25 11:57:00,2,0,0,NA,"N","OTHER","RAIN","DAYLIGHT","BRILEY PKWYE & BRILEY PKWYW","NASHVILLE","MADISO",36.23967,-86.77492,"MOTOR VEHICLE IN TRANSPORT","37207","2021","October","Fall","11","Monday","Weekday","No Injuries","No Fatalities"
9.98534033033416e-314,2021-10-25 11:38:00,2,0,0,NA,"N","Front to Rear","RAIN","DAWN","MM 86 8 I 65","NASHVILLE","NORTH",36.19901,-86.77648,"MOTOR VEHICLE IN TRANSPORT","37207","2021","October","Fall","11","Monday","Weekday","No Injuries","No Fatalities"
9.98534033626295e-314,2021-10-25 12:25:00,3,0,0,NA,"N","Front to Rear","RAIN","DAYLIGHT","MM 37 4 I 24","WHITES CREEK","NORTH",36.31255,-86.83025,"MOTOR VEHICLE IN TRANSPORT","37189","2021","October","Fall","12","Monday","Weekday","No Injuries","No Fatalities"
9.98534033873328e-314,2021-10-25 12:31:00,1,1,0,NA,"N","NOT COLLISION W/MOTOR VEHICLE-TRANSPORT","RAIN","DAYLIGHT","MM 3 2 I 440 EAST","NASHVILLE","MIDTOW",36.116973,-86.79976,"CONCRETE TRAFFIC BARRIER;Motor Vehicle-In-Motion Outside Trafficw","37215","2021","October","Fall","12","Monday","Weekday","Injuries","No Fatalities"
9.98534034861459e-314,2021-10-25 12:42:00,2,0,0,NA,"N","SIDESWIPE - SAME DIRECTION","RAIN","DAYLIGHT","I40 E EXT RAMP & I 40","NASHVILLE","HERMIT",36.14959,-86.77285,"MOTOR VEHICLE IN TRANSPORT","37214","2021","October","Fall","12","Monday","Weekday","No Injuries","No Fatalities"
9.98534035306118e-314,2021-10-25 12:50:00,3,1,0,NA,"N","Front to Rear","RAIN","DAYLIGHT","MM 79 9 I 65","NASHVILLE","MIDTOW",36.11181,-86.77153,"MOTOR VEHICLE IN TRANSPORT","37204","2021","October","Fall","12","Monday","Weekday","Injuries","No Fatalities"
9.98534035553151e-314,2021-10-25 12:58:00,2,0,0,NA,"N","ANGLE","RAIN","DAYLIGHT","GREENLAND AV & KENNEDY AV","NASHVILLE","EAST",36.21922,-86.71704,"MOTOR VEHICLE IN TRANSPORT","37216","2021","October","Fall","12","Monday","Weekday","No Injuries","No Fatalities"
9.98534406398825e-314,2021-10-29 05:00:00,1,0,0,NA,"N","NOT COLLISION W/MOTOR VEHICLE-TRANSPORT","RAIN","DARK - NOT LIGHTED","OLD HICKORY BLVD & STONE BROOK DR","BRENTWOOD","MIDTOW",36.04128,-86.77797,"BUILDING;CURB","37027","2021","October","Fall","05","Friday","Weekday","No Injuries","No Fatalities"
9.98534043112356e-314,2021-10-25 12:45:00,2,1,0,NA,"Y","SIDESWIPE - OPPOSITE DIRECTION","RAIN","DAYLIGHT","HOBBS RD & ESTES RD","NASHVILLE","WEST",36.10303,-86.8383,"MOTOR VEHICLE IN TRANSPORT","37215","2021","October","Fall","12","Monday","Weekday","Injuries","No Fatalities"
9.98534043161762e-314,2021-10-25 12:15:00,2,2,0,NA,"N","Front to Rear","RAIN","DAYLIGHT","MM 215 2 I 40","NASHVILLE","HERMIT",36.1439,-86.69034,"MOTOR VEHICLE IN TRANSPORT","37214","2021","October","Fall","12","Monday","Weekday","Injuries","No Fatalities"
9.98534410993635e-314,2021-10-29 11:56:00,2,0,0,NA,"N","Front to Rear","RAIN","DARK - LIGHTED","CLARKSVILLE PKE & BUENA VISTA PKE","NASHVILLE","NORTH",36.19366,-86.83122,"MOTOR VEHICLE IN TRANSPORT","37218","2021","October","Fall","11","Friday","Weekday","No Injuries","No Fatalities"
9.98533278842208e-314,2021-10-15 05:00:00,2,0,0,NA,"N","ANGLE","RAIN","DARK - LIGHTED","TUSCULUM RD & NOLENSVILLE PKE","NASHVILLE","SOUTH",36.05907,-86.71622,"MOTOR VEHICLE IN TRANSPORT","37211","2021","October","Fall","05","Friday","Weekday","No Injuries","No Fatalities"
9.9853327923746e-314,2021-10-16 01:05:00,2,0,0,NA,"N","ANGLE","RAIN","DARK - LIGHTED","NOLENSVILLE PKE & HICKORYVIEW DR","NASHVILLE","SOUTH",36.0488,-86.71367,"MOTOR VEHICLE IN TRANSPORT","37211","2021","October","Fall","01","Saturday","Weekend","No Injuries","No Fatalities"
9.98533281312536e-314,2021-10-16 02:45:00,1,0,0,NA,"N","NOT COLLISION W/MOTOR VEHICLE-TRANSPORT","RAIN","DARK - NOT LIGHTED","STEEPLECHASE LN & SADDLE RIDGE TRC","NASHVILLE","WEST",36.08283,-86.96527,"BOULDER;OTHER POST, POLE, SUPP.;Ran Off Road-Left","37221","2021","October","Fall","02","Saturday","Weekend","No Injuries","No Fatalities"
9.98533282448887e-314,2021-10-16 03:20:00,1,1,0,NA,"N","NOT COLLISION W/MOTOR VEHICLE-TRANSPORT","RAIN","DARK - NOT LIGHTED","2000 MURPHY AVE","NASHVILLE","MIDTOW",36.15583,-86.80377,"UTILITY POLE","37203","2021","October","Fall","03","Saturday","Weekend","Injuries","No Fatalities"
9.98533283091173e-314,2021-10-16 03:18:00,2,0,0,NA,"Y","SIDESWIPE - SAME DIRECTION","RAIN","DARK - LIGHTED","RICHARD JONES RD & HILLSBORO PKE","NASHVILLE","MIDTOW",36.1048,-86.8146,"MOTOR VEHICLE IN TRANSPORT","37215","2021","October","Fall","03","Saturday","Weekend","No Injuries","No Fatalities"
9.98533283338205e-314,2021-10-16 03:30:00,1,0,0,NA,"N","NOT COLLISION W/MOTOR VEHICLE-TRANSPORT","RAIN","DARK - NOT LIGHTED","MM 91 3 I 65","MADISON","MADISO",36.25199,-86.73994,"CONCRETE TRAFFIC BARRIER","37115","2021","October","Fall","03","Saturday","Weekend","No Injuries","No Fatalities"
9.98533283782864e-314,2021-10-16 03:48:00,1,0,0,NA,"N","NOT COLLISION W/MOTOR VEHICLE-TRANSPORT","RAIN","DARK - LIGHTED","MM 48 1 I 24","NASHVILLE","EAST",36.17382,-86.77046,"CONCRETE TRAFFIC BARRIER","37206","2021","October","Fall","03","Saturday","Weekend","No Injuries","No Fatalities"
9.9853328442515e-314,2021-10-16 03:52:00,1,0,0,NA,"N","NOT COLLISION W/MOTOR VEHICLE-TRANSPORT","RAIN","DARK - NOT LIGHTED","MM 212 8 I 40","NASHVILLE","HERMIT",36.14095,-86.73285,"Ran Off Road-Right;EMBANKMENT ROCK/STONE/CONCRETE","37210","2021","October","Fall","03","Saturday","Weekend","No Injuries","No Fatalities"
9.98533285018029e-314,2021-10-16 03:33:00,2,0,0,NA,"N","Front to Rear","RAIN","DARK - LIGHTED","CHARLOTTE AV & 5TH AVN","NASHVILLE","CENTRA",36.16584,-86.78193,"MOTOR VEHICLE IN TRANSPORT","37219","2021","October","Fall","03","Saturday","Weekend","No Injuries","No Fatalities"
9.98533285215655e-314,2021-10-16 03:20:00,2,0,0,NA,"Y","Front to Rear","RAIN","DARK - LIGHTED","DICKERSON PKE & GRIZZARD AV","NASHVILLE","EAST",36.20824,-86.7674,"MOTOR VEHICLE IN TRANSPORT","37207","2021","October","Fall","03","Saturday","Weekend","No Injuries","No Fatalities"
9.98533286302599e-314,2021-10-16 03:32:00,1,0,0,NA,"N","NOT COLLISION W/MOTOR VEHICLE-TRANSPORT","RAIN","DARK - NOT LIGHTED","NEELYS BEND RD & NAWAKWA TRL","MADISON","MADISO",36.23509,-86.6704,"DITCH","37115","2021","October","Fall","03","Saturday","Weekend","No Injuries","No Fatalities"
9.98533288180049e-314,2021-10-16 03:26:00,1,1,0,NA,"Y","NOT COLLISION W/MOTOR VEHICLE-TRANSPORT","RAIN","DARK - LIGHTED","MURFREESBORO PKE & FOSTER AV","NASHVILLE","SOUTH",36.14156,-86.7406,"OTHER OBJECT (NOT FIXED)","37210","2021","October","Fall","03","Saturday","Weekend","Injuries","No Fatalities"
9.98533291589102e-314,2021-10-16 05:27:00,1,1,0,NA,"N","NOT COLLISION W/MOTOR VEHICLE-TRANSPORT","RAIN","DARK - NOT LIGHTED","I40 E ENT RAMP & I 40","NASHVILLE","WEST",36.1395,-86.72518,"","37205","2021","October","Fall","05","Saturday","Weekend","Injuries","No Fatalities"
9.98533291885541e-314,2021-10-16 05:30:00,2,0,0,NA,"N","UNKNOWN","RAIN","DARK - LIGHTED","46TH AVN & CHARLOTTE AV","NASHVILLE","WEST",36.15239,-86.84223,"MOTOR VEHICLE IN TRANSPORT","37209","2021","October","Fall","05","Saturday","Weekend","No Injuries","No Fatalities"
9.98533292231387e-314,2021-10-16 05:36:00,2,1,0,NA,"Y","Front to Rear","RAIN","DARK - LIGHTED","MM 58 7 I 24","ANTIOCH","SOUTH",36.0514,-86.66922,"MOTOR VEHICLE IN TRANSPORT","37013","2021","October","Fall","05","Saturday","Weekend","Injuries","No Fatalities"
9.98533292626639e-314,2021-10-16 05:45:00,1,0,0,NA,"N","NOT COLLISION W/MOTOR VEHICLE-TRANSPORT","RAIN","DARK - LIGHTED","MM 57 3 I 24","ANTIOCH","SOUTH",36.06541,-86.68522,"CONCRETE TRAFFIC BARRIER","37013","2021","October","Fall","05","Saturday","Weekend","No Injuries","No Fatalities"
9.98533295047561e-314,2021-10-16 06:20:00,1,0,0,NA,"N","NOT COLLISION W/MOTOR VEHICLE-TRANSPORT","RAIN","DARK - LIGHTED","MM 86 5 I 65","NASHVILLE","NORTH",36.19363,-86.77582,"BRIDGE RAIL","37207","2021","October","Fall","06","Saturday","Weekend","No Injuries","No Fatalities"
9.98533295393407e-314,2021-10-16 06:01:00,2,0,0,NA,"N","ANGLE","RAIN","DARK - LIGHTED","3RD AVS & DEMONBREUN ST","NASHVILLE","CENTRA",36.15956,-86.77464,"MOTOR VEHICLE IN TRANSPORT","37201","2021","October","Fall","06","Saturday","Weekend","No Injuries","No Fatalities"
9.98533297666109e-314,2021-10-16 06:55:00,2,0,0,NA,"Y","Front to Rear","RAIN","DARK - NOT LIGHTED","MM 86 2 I 65","NASHVILLE","CENTRA",36.19183,-86.78171,"MOTOR VEHICLE IN TRANSPORT","37207","2021","October","Fall","06","Saturday","Weekend","No Injuries","No Fatalities"
9.98533297913142e-314,2021-10-16 06:58:00,1,1,0,NA,"N","NOT COLLISION W/MOTOR VEHICLE-TRANSPORT","RAIN","DARK - LIGHTED","NOLENSVILLE PKE & JOYNER AV","NASHVILLE","SOUTH",36.11691,-86.74825,"BUILDING","37210","2021","October","Fall","06","Saturday","Weekend","Injuries","No Fatalities"
9.98533299345932e-314,2021-10-16 05:46:00,2,0,0,NA,"Y","Front to Rear","RAIN","DARK - LIGHTED","MM 51 5 I 24","NASHVILLE","HERMIT",36.14041,-86.73157,"MOTOR VEHICLE IN TRANSPORT","37210","2021","October","Fall","05","Saturday","Weekend","No Injuries","No Fatalities"
9.98534430311602e-314,2021-10-29 05:00:00,2,1,0,NA,"N","Front to Rear","RAIN","DAYLIGHT","MYATT DR & ROOSEVELT AV","MADISON","MADISO",36.26975,-86.68984,"MOTOR VEHICLE IN TRANSPORT","37115","2021","October","Fall","05","Friday","Weekday","Injuries","No Fatalities"
9.98534451210579e-314,2021-10-30 00:44:00,2,0,0,NA,"Y","OTHER","RAIN","DAYLIGHT","28TH AVN & JEFFERSON ST","NASHVILLE","NORTH",36.16703,-86.82055,"MOTOR VEHICLE IN TRANSPORT","37208","2021","October","Fall","00","Saturday","Weekend","No Injuries","No Fatalities"
9.98534452840996e-314,2021-10-30 00:40:00,1,0,0,NA,"N","NOT COLLISION W/MOTOR VEHICLE-TRANSPORT","RAIN","DARK - NOT LIGHTED","MM 76 7 I 65","NASHVILLE","MIDTOW",36.06743,-86.77052,"OTHER OBJECT (NOT FIXED)","37220","2021","October","Fall","00","Saturday","Weekend","No Injuries","No Fatalities"
9.98534457336993e-314,2021-10-30 01:00:00,1,0,0,NA,"Y","NOT COLLISION W/MOTOR VEHICLE-TRANSPORT","RAIN","DARK - NOT LIGHTED","ALTON RD & BROOKFIELD AV","NASHVILLE","WEST",36.09049,-86.86976,"MAIL BOX","37205","2021","October","Fall","01","Saturday","Weekend","No Injuries","No Fatalities"
9.98534460449607e-314,2021-10-30 01:36:00,3,3,0,NA,"N","Front to Rear","RAIN","DARK - LIGHTED","ALBION ST & 29TH AVN","NASHVILLE","NORTH",36.16406,-86.82106,"MOTOR VEHICLE IN TRANSPORT","37209","2021","October","Fall","01","Saturday","Weekend","Injuries","No Fatalities"
9.98534461487144e-314,2021-10-30 02:58:00,2,1,0,NA,"Y","ANGLE","RAIN","DARK - LIGHTED","UNA ANTIOCH PKE & STREAMFIELD PASS","ANTIOCH","SOUTH",36.06812,-86.66199,"MOTOR VEHICLE IN TRANSPORT","37013","2021","October","Fall","02","Saturday","Weekend","Injuries","No Fatalities"
9.98534462425869e-314,2021-10-30 03:15:00,2,0,0,NA,"N","SIDESWIPE - OPPOSITE DIRECTION","RAIN","DARK - LIGHTED","200 WOODLAND ST","NASHVILLE","CENTRA",36.17715,-86.74577,"MOTOR VEHICLE IN TRANSPORT","37213","2021","October","Fall","03","Saturday","Weekend","No Injuries","No Fatalities"
9.98534471566084e-314,2021-10-30 04:56:00,2,0,0,NA,"N","HEAD-ON","RAIN","DARK - LIGHTED","CRESTMOOR RD & GREEN HILLS VILLAGE DR","NASHVILLE","WEST",36.10965,-86.81646,"MOTOR VEHICLE IN TRANSPORT","37215","2021","October","Fall","04","Saturday","Weekend","No Injuries","No Fatalities"
9.98534480656891e-314,2021-10-30 05:00:00,1,1,0,NA,"N","NOT COLLISION W/MOTOR VEHICLE-TRANSPORT","RAIN","DARK - NOT LIGHTED","I65 S ENT RAMP & I 24","NASHVILLE","EAST",36.18946,-86.77562,"DITCH","37207","2021","October","Fall","05","Saturday","Weekend","Injuries","No Fatalities"
9.98534481299177e-314,2021-10-30 07:41:00,1,1,0,NA,"N","NOT COLLISION W/MOTOR VEHICLE-TRANSPORT","RAIN","DARK - LIGHTED","MM 37 8 I 24","WHITES CREEK","NORTH",36.30931,-86.8239,"","37189","2021","October","Fall","07","Saturday","Weekend","Injuries","No Fatalities"
9.98534482979e-314,2021-10-30 08:05:00,2,1,0,NA,"N","Front to Rear","RAIN","DARK - LIGHTED","MM 204 2 I 40","NASHVILLE","WEST",36.15321,-86.85259,"MOTOR VEHICLE IN TRANSPORT","37209","2021","October","Fall","08","Saturday","Weekend","Injuries","No Fatalities"
9.98534484905856e-314,2021-10-30 06:56:00,1,0,0,NA,"N","NOT COLLISION W/MOTOR VEHICLE-TRANSPORT","RAIN","DARK - LIGHTED","MM 211 8 I 40","NASHVILLE","HERMIT",36.14902,-86.74681,"LUMINAIRE/LIGHT SUPPORT","37210","2021","October","Fall","06","Saturday","Weekend","No Injuries","No Fatalities"
9.98534487524404e-314,2021-10-30 10:34:00,1,1,0,NA,"N","NOT COLLISION W/MOTOR VEHICLE-TRANSPORT","RAIN","DARK - LIGHTED","PETWAY AV & GALLATIN AV","NASHVILLE","EAST",36.18663,-86.74717,"UTILITY POLE","37206","2021","October","Fall","10","Saturday","Weekend","Injuries","No Fatalities"
9.98534487820843e-314,2021-10-30 08:30:00,1,1,0,NA,"N","NOT COLLISION W/MOTOR VEHICLE-TRANSPORT","RAIN","DARK - LIGHTED","WESTCHESTER DR & KEMPER DRS","MADISON","MADISO",36.26447,-86.75236,"DITCH;Ran Off Road-Left","37115","2021","October","Fall","08","Saturday","Weekend","Injuries","No Fatalities"
9.98534488067876e-314,2021-10-30 05:00:00,1,2,0,NA,"N","NOT COLLISION W/MOTOR VEHICLE-TRANSPORT","RAIN","DARK - LIGHTED","MM 210 1 I 40","NASHVILLE","CENTRA",36.14931,-86.77348,"GUARDRAIL FACE","37203","2021","October","Fall","05","Saturday","Weekend","Injuries","No Fatalities"
9.98534489895919e-314,2021-10-30 11:36:00,2,0,0,NA,"N","Front to Rear","RAIN","DARK - LIGHTED","MM 53 7 I 24","NASHVILLE","SOUTH",36.10994,-86.72175,"MOTOR VEHICLE IN TRANSPORT","37211","2021","October","Fall","11","Saturday","Weekend","No Injuries","No Fatalities"
9.98534491427523e-314,2021-10-30 09:25:00,1,0,0,NA,"N","NOT COLLISION W/MOTOR VEHICLE-TRANSPORT","RAIN","DARK - LIGHTED","PARKVIEW CIR & GLENWOOD AV","NASHVILLE","MIDTOW",36.10064,-86.79835,"TREE","37204","2021","October","Fall","09","Saturday","Weekend","No Injuries","No Fatalities"
9.98534491773368e-314,2021-10-30 05:00:00,1,0,0,NA,"Y","UNKNOWN","RAIN","UNKNOWN","MM 88 5 I 65","NASHVILLE","NORTH",36.22409,-86.77454,"UNKNOWN MOST HARMFUL EVENT","37207","2021","October","Fall","05","Saturday","Weekend","No Injuries","No Fatalities"
9.98534496911651e-314,2021-10-30 12:00:00,1,0,0,NA,"N","NOT COLLISION W/MOTOR VEHICLE-TRANSPORT","RAIN","DAYLIGHT","MM 88 5 I 65","NASHVILLE","NORTH",36.2237,-86.77454,"OTHER POST, POLE, SUPP.","37207","2021","October","Fall","12","Saturday","Weekend","No Injuries","No Fatalities"
9.98534512672345e-314,2021-10-30 05:00:00,1,1,0,NA,"N","NOT COLLISION W/MOTOR VEHICLE-TRANSPORT","RAIN","DAYLIGHT","MM 3 0 I440","NASHVILLE","MIDTOW",36.11932,-86.80152,"WALL","37212","2021","October","Fall","05","Saturday","Weekend","Injuries","No Fatalities"
9.98534516328431e-314,2021-10-30 05:00:00,2,0,0,NA,"Y","ANGLE","RAIN","DAYLIGHT","DUPONT AV & BIXLER AV","MADISON","MADISO",36.26657,-86.70769,"MOTOR VEHICLE IN TRANSPORT;PARKED MOTOR VEHICLE","37115","2021","October","Fall","05","Saturday","Weekend","No Injuries","No Fatalities"
9.98534523640603e-314,2021-10-31 00:17:00,3,2,0,NA,"Y","Front to Rear","RAIN","DARK - NOT LIGHTED","PIN HOOK RD & HOBSON PKE","ANTIOCH","SOUTH",36.04934,-86.60021,"MOTOR VEHICLE IN TRANSPORT","37013","2021","October","Fall","00","Sunday","Weekend","Injuries","No Fatalities"
9.98534523739416e-314,2021-10-31 00:36:00,2,0,0,NA,"Y","OTHER","RAIN","DARK - LIGHTED","OLD HICKORY BLVD & EDMONDSON PKE","NASHVILLE","MIDTOW",36.04016,-86.7447,"MOTOR VEHICLE IN TRANSPORT","37220","2021","October","Fall","00","Sunday","Weekend","No Injuries","No Fatalities"
9.98534523788822e-314,2021-10-31 00:42:00,1,0,0,NA,"N","NOT COLLISION W/MOTOR VEHICLE-TRANSPORT","RAIN","DARK - NOT LIGHTED","BRICK CHURCH PKE & BELLSHIRE DR","NASHVILLE","MADISO",36.26281,-86.7759,"CULVERT;Ran Off Road-Left","37207","2021","October","Fall","00","Sunday","Weekend","No Injuries","No Fatalities"
9.98534527049656e-314,2021-10-31 01:51:00,2,2,0,NA,"N","SIDESWIPE - SAME DIRECTION","RAIN","DARK - LIGHTED","I440 ENT RAMP & I 65","NASHVILLE","MIDTOW",36.12198,-86.77346,"MOTOR VEHICLE IN TRANSPORT","37204","2021","October","Fall","01","Sunday","Weekend","Injuries","No Fatalities"
9.98534528976512e-314,2021-10-30 05:00:00,2,0,0,NA,"Y","SIDESWIPE - SAME DIRECTION","RAIN","DAYLIGHT","MM 213 2 I 40","NASHVILLE","HERMIT",36.14119,-86.71753,"MOTOR VEHICLE IN TRANSPORT","37210","2021","October","Fall","05","Saturday","Weekend","No Injuries","No Fatalities"
9.98534529767017e-314,2021-10-31 02:48:00,1,0,0,NA,"Y","NOT COLLISION W/MOTOR VEHICLE-TRANSPORT","RAIN","DARK - LIGHTED","NOLENSVILLE PKE & GOINS RD","NASHVILLE","MIDTOW",36.07397,-86.7246,"UTILITY POLE","37211","2021","October","Fall","02","Sunday","Weekend","No Injuries","No Fatalities"