"Accident.Number","Date.and.Time","Number.of.Motor.Vehicles","Number.of.Injuries","Number.of.Fatalities","Property.Damage","Hit.and.Run","Collision.Type.Description","Weather.Description","Illumination.Description","Street.Address","City","Precinct","Latitude","Longitude","HarmfulDescriptions","Zip.Code","Year","Month","Season","Hour","Weekday","DayType","Accident","Fatality_category"
9.98534541525779e-314,2021-10-31 05:11:00,1,0,0,NA,"N","NOT COLLISION W/MOTOR VEHICLE-TRANSPORT","RAIN","DARK - NOT LIGHTED","NOLENSVILLE PKE & SHADOW GLEN DR","ANTIOCH","SOUTH",36.03787,-86.71311,"UTILITY POLE","37013","2021","October","Fall","05","Sunday","Weekend","No Injuries","No Fatalities"
9.98534317318789e-314,2021-10-28 05:00:00,2,0,0,NA,"N","Front to Rear","RAIN","DARK - LIGHTED","MM 48 8 I 24","NASHVILLE","CENTRA",36.16828,-86.766,"MOTOR VEHICLE IN TRANSPORT","37213","2021","October","Fall","05","Thursday","Weekday","No Injuries","No Fatalities"
9.98534319245645e-314,2021-10-28 12:00:00,2,0,0,NA,"N","ANGLE","RAIN","DAWN","GALLATIN PKES & WOODRUFF ST","MADISON","MADISO",36.25989,-86.71305,"MOTOR VEHICLE IN TRANSPORT","37115","2021","October","Fall","12","Thursday","Weekday","No Injuries","No Fatalities"
9.98534319542084e-314,2021-10-28 12:19:00,4,0,0,NA,"N","Front to Rear","RAIN","DAYLIGHT","HARDING PL & BATTERY LN","NASHVILLE","MIDTOW",36.0895,-86.80451,"MOTOR VEHICLE IN TRANSPORT","37215","2021","October","Fall","12","Thursday","Weekday","No Injuries","No Fatalities"
9.98534320134963e-314,2021-10-28 12:00:00,2,0,0,NA,"N","ANGLE","RAIN","DAYLIGHT","BELL RD & MURFREESBORO PKE","ANTIOCH","SOUTH",36.07187,-86.63618,"MOTOR VEHICLE IN TRANSPORT","37013","2021","October","Fall","12","Thursday","Weekday","No Injuries","No Fatalities"
9.98534320283183e-314,2021-10-28 12:33:00,1,1,0,NA,"N","NOT COLLISION W/MOTOR VEHICLE-TRANSPORT","RAIN","DARK - LIGHTED","BRILEY PKWYW & BUENA VISTA PKE","NASHVILLE","NORTH",36.23265,-86.82529,"CONCRETE TRAFFIC BARRIER","37218","2021","October","Fall","12","Thursday","Weekday","Injuries","No Fatalities"
9.98534321073688e-314,2021-10-28 12:46:00,1,0,0,NA,"N","NOT COLLISION W/MOTOR VEHICLE-TRANSPORT","RAIN","DAYLIGHT","CLARKSVILLE PKE & HARPER RD","JOELTON","NORTH",36.32708,-86.91746,"UTILITY POLE","37080","2021","October","Fall","12","Thursday","Weekday","No Injuries","No Fatalities"
9.98534321666567e-314,2021-10-28 12:49:00,2,0,0,NA,"N","Front to Rear","RAIN","DAYLIGHT","OLD HICKORY BLVD & THRIBLE SPRINGS DR","NASHVILLE","MIDTOW",36.03899,-86.73462,"MOTOR VEHICLE IN TRANSPORT","37211","2021","October","Fall","12","Thursday","Weekday","No Injuries","No Fatalities"
9.98534327348322e-314,2021-10-28 12:33:00,2,0,0,NA,"N","SIDESWIPE - SAME DIRECTION","RAIN","DAYLIGHT","MM 86 5 I 65","NASHVILLE","NORTH",36.1949,-86.77616,"MOTOR VEHICLE IN TRANSPORT","37207","2021","October","Fall","12","Thursday","Weekday","No Injuries","No Fatalities"
9.98534355263031e-314,2021-10-28 05:00:00,3,2,0,NA,"N","ANGLE","RAIN","DAYLIGHT","BRILEY PKWYW & MUSIC VALLEY DR","NASHVILLE","HERMIT",36.23576,-86.70929,"MOTOR VEHICLE IN TRANSPORT;CONCRETE TRAFFIC BARRIER","37214","2021","October","Fall","05","Thursday","Weekday","Injuries","No Fatalities"
9.98534687225738e-314,2021-11-02 04:03:00,2,0,0,NA,"N","Front to Rear","RAIN","DARK - NOT LIGHTED","MM 55 4 I 24","NASHVILLE","SOUTH",36.08912,-86.70231,"MOTOR VEHICLE IN TRANSPORT","37211","2021","November","Fall","04","Tuesday","Weekday","No Injuries","No Fatalities"
9.9853469107945e-314,2021-11-02 06:45:00,1,0,0,NA,"N","NOT COLLISION W/MOTOR VEHICLE-TRANSPORT","RAIN","DARK - LIGHTED","HERITAGE DR & OLD HICKORY BLVDW","MADISON","MADISO",36.26469,-86.72424,"TREE","37115","2021","November","Fall","06","Tuesday","Weekday","No Injuries","No Fatalities"
9.9853435857327e-314,2021-10-28 05:00:00,2,0,0,NA,"N","Front to Rear","RAIN","DAYLIGHT","VIETNAM VETERANS BLVDS & VIETNAM VETERAN","GOODLETTSVILLE","MADISO",36.30501,-86.70567,"MOTOR VEHICLE IN TRANSPORT","37072","2021","October","Fall","05","Thursday","Weekday","No Injuries","No Fatalities"
9.98534361438851e-314,2021-10-28 05:00:00,2,0,0,NA,"N","HEAD-ON","RAIN","DARK - LIGHTED","OLD HICKORY BLVDW & HEAD DR","MADISON","MADISO",36.26421,-86.73443,"MOTOR VEHICLE IN TRANSPORT","37115","2021","October","Fall","05","Thursday","Weekday","No Injuries","No Fatalities"
9.98534378731149e-314,2021-10-29 03:00:00,2,0,0,NA,"Y","ANGLE","RAIN","DARK - NOT LIGHTED","MM 34 4 I 24","JOELTON","NORTH",36.32551,-86.87672,"MOTOR VEHICLE IN TRANSPORT","37080","2021","October","Fall","03","Friday","Weekday","No Injuries","No Fatalities"
9.98534380410972e-314,2021-10-29 03:53:00,2,1,0,NA,"Y","SIDESWIPE - SAME DIRECTION","RAIN","DARK - LIGHTED","MM 86 3 I 65","NASHVILLE","CENTRA",36.19208,-86.78069,"MOTOR VEHICLE IN TRANSPORT;GUARDRAIL END;Ran Off Road-Right","37207","2021","October","Fall","03","Friday","Weekday","Injuries","No Fatalities"
9.9853438144851e-314,2021-10-29 04:15:00,1,1,0,NA,"N","NOT COLLISION W/MOTOR VEHICLE-TRANSPORT","RAIN","DARK - NOT LIGHTED","I24 E EXT RAMP & I 24","NASHVILLE","NORTH",36.13598,-86.72734,"EMBANKMENT ROCK/STONE/CONCRETE","37207","2021","October","Fall","04","Friday","Weekday","Injuries","No Fatalities"
9.98534385549255e-314,2021-10-29 05:22:00,2,0,0,NA,"Y","Front to Rear","RAIN","DARK - LIGHTED","MM 86 5 I 65","NASHVILLE","NORTH",36.19501,-86.77557,"MOTOR VEHICLE IN TRANSPORT","37207","2021","October","Fall","05","Friday","Weekday","No Injuries","No Fatalities"
9.98534386586792e-314,2021-10-29 05:30:00,2,0,0,NA,"Y","Front to Rear","RAIN","DARK - LIGHTED","E TRINITY LN & DICKERSON PKE","NASHVILLE","EAST",36.20589,-86.76861,"MOTOR VEHICLE IN TRANSPORT","37207","2021","October","Fall","05","Friday","Weekday","No Injuries","No Fatalities"
9.98534390094659e-314,2021-10-29 06:41:00,3,0,0,NA,"N","SIDESWIPE - SAME DIRECTION","RAIN","DARK - LIGHTED","ROSA L PARKS BLVD & CHEATHAM PL","NASHVILLE","NORTH",36.17793,-86.79456,"PARKED MOTOR VEHICLE;UTILITY POLE","37208","2021","October","Fall","06","Friday","Weekday","No Injuries","No Fatalities"
9.98534391774482e-314,2021-10-29 07:12:00,1,1,0,NA,"N","NOT COLLISION W/MOTOR VEHICLE-TRANSPORT","RAIN","DARK - NOT LIGHTED","MM 60 7 I 24","ANTIOCH","SOUTH",36.03347,-86.64159,"","37013","2021","October","Fall","07","Friday","Weekday","Injuries","No Fatalities"
9.98534392910833e-314,2021-10-29 05:00:00,2,0,0,NA,"N","ANGLE","RAIN","DARK - NOT LIGHTED","12TH AVS & I40 W EXT RAMP","NASHVILLE","MIDTOW",36.14985,-86.7845,"MOTOR VEHICLE IN TRANSPORT","37203","2021","October","Fall","05","Friday","Weekday","No Injuries","No Fatalities"
9.98534393404898e-314,2021-10-29 05:00:00,1,0,0,NA,"Y","NOT COLLISION W/MOTOR VEHICLE-TRANSPORT","RAIN","Dark-Unknown Lighting","BRICK CHURCH PKE & CHESAPEAKE DR","NASHVILLE","MADISO",36.24597,-86.77942,"CULVERT;DITCH","37207","2021","October","Fall","05","Friday","Weekday","No Injuries","No Fatalities"
9.98534397060984e-314,2021-10-29 09:30:00,1,0,0,NA,"Y","NOT COLLISION W/MOTOR VEHICLE-TRANSPORT","RAIN","DARK - NOT LIGHTED","MM 88 8 I 65","NASHVILLE","MADISO",36.22801,-86.77311,"GUARDRAIL FACE","37207","2021","October","Fall","09","Friday","Weekday","No Injuries","No Fatalities"
9.98534397456237e-314,2021-10-29 10:09:00,2,0,0,NA,"N","NOT COLLISION W/MOTOR VEHICLE-TRANSPORT","RAIN","DARK - LIGHTED","I440 W EXT RAMP & I 440","NASHVILLE","SOUTH",36.12389,-86.74792,"MOTOR VEHICLE IN TRANSPORT;CONCRETE TRAFFIC BARRIER","37210","2021","October","Fall","10","Friday","Weekday","No Injuries","No Fatalities"
9.98534398938434e-314,2021-10-29 10:56:00,2,1,0,NA,"N","ANGLE","RAIN","DARK - LIGHTED","WEST END AV & ACKLEN PARK DR","NASHVILLE","MIDTOW",36.14094,-86.81735,"MOTOR VEHICLE IN TRANSPORT;UTILITY POLE","37203","2021","October","Fall","10","Friday","Weekday","Injuries","No Fatalities"
9.98534399185466e-314,2021-10-29 11:04:00,1,0,0,NA,"N","NOT COLLISION W/MOTOR VEHICLE-TRANSPORT","RAIN","DARK - LIGHTED","BRILEY PKWYE & BRILEY PKWYW","NASHVILLE","MADISO",36.23448,-86.70305,"CONCRETE TRAFFIC BARRIER","37207","2021","October","Fall","11","Friday","Weekday","No Injuries","No Fatalities"
9.98534400519444e-314,2021-10-29 11:49:00,2,0,0,NA,"N","ANGLE","RAIN","DARK - LIGHTED","MM 205 4 I 40","NASHVILLE","WEST",36.15484,-86.83086,"MOTOR VEHICLE IN TRANSPORT","37209","2021","October","Fall","11","Friday","Weekday","No Injuries","No Fatalities"
9.98534400964103e-314,2021-10-29 11:44:00,2,1,0,NA,"N","ANGLE","RAIN","DAWN","LINBAR DR & LUNA DR","NASHVILLE","SOUTH",36.08082,-86.69808,"MOTOR VEHICLE IN TRANSPORT","37211","2021","October","Fall","11","Friday","Weekday","Injuries","No Fatalities"
9.98534401902828e-314,2021-10-29 12:08:00,2,0,0,NA,"N","Front to Rear","RAIN","DAYLIGHT","I65 S ENT RAMP & I 65","NASHVILLE","NORTH",36.22074,-86.77476,"MOTOR VEHICLE IN TRANSPORT","37207","2021","October","Fall","12","Friday","Weekday","No Injuries","No Fatalities"
9.98536248571992e-314,2021-11-22 00:07:00,2,0,0,NA,"N","Front to Rear","RAIN","DARK - LIGHTED","MT VIEW RD & DOVE CREEK RD","ANTIOCH","SOUTH",36.06985,-86.59383,"MOTOR VEHICLE IN TRANSPORT","37013","2021","November","Fall","00","Monday","Weekday","No Injuries","No Fatalities"
9.98536248967244e-314,2021-11-22 00:15:00,2,3,0,NA,"N","ANGLE","RAIN","DARK - LIGHTED","NOLENSVILLE PKE & TUSCULUM RD","NASHVILLE","SOUTH",36.05817,-86.71609,"MOTOR VEHICLE IN TRANSPORT","37211","2021","November","Fall","00","Monday","Weekday","Injuries","No Fatalities"
9.98536249362497e-314,2021-11-21 06:00:00,2,3,0,NA,"N","SIDESWIPE - SAME DIRECTION","RAIN","DARK - LIGHTED","N 1ST ST & MAIN ST","NASHVILLE","CENTRA",36.17014,-86.77279,"MOTOR VEHICLE IN TRANSPORT","37213","2021","November","Fall","06","Sunday","Weekend","Injuries","No Fatalities"
9.98536249955376e-314,2021-11-21 06:00:00,1,0,0,NA,"N","NOT COLLISION W/MOTOR VEHICLE-TRANSPORT","RAIN","DARK - NOT LIGHTED","EDMONDSON PKE & BANBURY STA","BRENTWOOD","MIDTOW",36.02515,-86.7425,"GUARDRAIL FACE","37027","2021","November","Fall","06","Sunday","Weekend","No Injuries","No Fatalities"
9.98536250795287e-314,2021-11-22 00:48:00,2,0,0,NA,"Y","ANGLE","RAIN","DARK - LIGHTED","GRIZZARD AV & DICKERSON PKE","NASHVILLE","EAST",36.20861,-86.76989,"PARKED MOTOR VEHICLE;Motor Vehicle-In-Motion Outside Trafficw","37207","2021","November","Fall","00","Monday","Weekday","No Injuries","No Fatalities"
9.98536251486979e-314,2021-11-22 01:10:00,1,0,0,NA,"N","NOT COLLISION W/MOTOR VEHICLE-TRANSPORT","RAIN","DARK - LIGHTED","I40 W EXT RAMP & BRILEY PKWYN","NASHVILLE","HERMIT",36.14631,-86.69432,"UTILITY POLE","37214","2021","November","Fall","01","Monday","Weekday","No Injuries","No Fatalities"
9.98536251635199e-314,2021-11-21 06:00:00,2,0,0,NA,"Y","ANGLE","RAIN","DARK - LIGHTED","GRIZZARD AV & DICKERSON PKE","NASHVILLE","EAST",36.20872,-86.7702,"PARKED MOTOR VEHICLE;Set In Motion By Motor Vehicle","37207","2021","November","Fall","06","Sunday","Weekend","No Injuries","No Fatalities"
9.98536252672737e-314,2021-11-22 01:40:00,1,0,0,NA,"N","NOT COLLISION W/MOTOR VEHICLE-TRANSPORT","RAIN","DARK - LIGHTED","MM 200 6 I 40","NASHVILLE","WEST",36.12625,-86.90383,"CONCRETE TRAFFIC BARRIER","37209","2021","November","Fall","01","Monday","Weekday","No Injuries","No Fatalities"
9.98536255390098e-314,2021-11-22 00:37:00,2,0,0,NA,"Y","SIDESWIPE - SAME DIRECTION","RAIN","DARK - NOT LIGHTED","3208 NEW TOWNE","ANTIOCH","SOUTH",36.073972,-86.608235,"MOTOR VEHICLE IN TRANSPORT;PARKED MOTOR VEHICLE","37013","2021","November","Fall","00","Monday","Weekday","No Injuries","No Fatalities"
9.9853625593357e-314,2021-11-22 03:05:00,1,2,0,NA,"N","NOT COLLISION W/MOTOR VEHICLE-TRANSPORT","RAIN","DARK - LIGHTED","MM 77 2 I 65","NASHVILLE","MIDTOW",36.07421,-86.769,"CONCRETE TRAFFIC BARRIER","37220","2021","November","Fall","03","Monday","Weekday","Injuries","No Fatalities"
9.98536262603456e-314,2021-11-21 06:00:00,2,0,0,NA,"Y","SIDESWIPE - SAME DIRECTION","RAIN","DARK - LIGHTED","NOLENSVILLE PKE & BASS AV","NASHVILLE","MIDTOW",36.0714,-86.7236,"MOTOR VEHICLE IN TRANSPORT","37211","2021","November","Fall","06","Sunday","Weekend","No Injuries","No Fatalities"
9.98536547135862e-314,2021-11-26 00:08:00,0,0,0,NA,"Y","NOT COLLISION W/MOTOR VEHICLE-TRANSPORT","RAIN","DARK - LIGHTED","NOLENSVILLE PKE & NATCHEZ CT","NASHVILLE","SOUTH",36.09356,-86.73634,"FENCE","37211","2021","November","Fall","00","Friday","Weekday","No Injuries","No Fatalities"
9.98536547185268e-314,2021-11-26 00:09:00,0,0,0,NA,"N","SIDESWIPE - OPPOSITE DIRECTION","RAIN","DARK - NOT LIGHTED","LAVERGNE COUCHVILLE PKE & PIN HOOK RD","ANTIOCH","SOUTH",36.0463,-86.5825,"MOTOR VEHICLE IN TRANSPORT","37013","2021","November","Fall","00","Friday","Weekday","No Injuries","No Fatalities"
9.98536547284081e-314,2021-11-26 00:13:00,0,1,0,NA,"Y","Front to Rear","RAIN","DARK - LIGHTED","MURFREESBORO PKE & SMITH SPRINGS RD","NASHVILLE","SOUTH",36.09616,-86.65562,"MOTOR VEHICLE IN TRANSPORT","37217","2021","November","Fall","00","Friday","Weekday","Injuries","No Fatalities"
9.98536547778147e-314,2021-11-26 00:17:00,0,0,0,NA,"N","ANGLE","RAIN","DARK - LIGHTED","OLD HICKORY BLVD & HOBSON PKE","ANTIOCH","SOUTH",36.03589,-86.61116,"MOTOR VEHICLE IN TRANSPORT","37013","2021","November","Fall","00","Friday","Weekday","No Injuries","No Fatalities"
9.98536550199069e-314,2021-11-26 01:15:00,0,0,0,NA,"N","NOT COLLISION W/MOTOR VEHICLE-TRANSPORT","RAIN","DARK - LIGHTED","I40 E EXT RAMP & I 40","NASHVILLE","HERMIT",36.15589,-86.82411,"H-WAY TRAFFIC SIGNAL POST","37214","2021","November","Fall","01","Friday","Weekday","No Injuries","No Fatalities"
9.98536550791948e-314,2021-11-26 01:29:00,0,1,0,NA,"Y","OTHER","RAIN","DARK - LIGHTED","NOLENSVILLE PKE & HICKORYVIEW DR","NASHVILLE","SOUTH",36.0488,-86.71367,"MOTOR VEHICLE IN TRANSPORT","37211","2021","November","Fall","01","Friday","Weekday","Injuries","No Fatalities"
9.985365511872e-314,2021-11-26 01:35:00,0,0,0,NA,"N","NOT COLLISION W/MOTOR VEHICLE-TRANSPORT","RAIN","DARK - NOT LIGHTED","MM 199 0 I 40","NASHVILLE","WEST",36.10849,-86.92639,"CONCRETE TRAFFIC BARRIER","37221","2021","November","Fall","01","Friday","Weekday","No Injuries","No Fatalities"
9.98536551631859e-314,2021-11-26 01:54:00,0,0,0,NA,"Y","SIDESWIPE - SAME DIRECTION","RAIN","DARK - LIGHTED","BRILEY PKWYN & BRILEY PKWYS","NASHVILLE","SOUTH",36.18755,-86.68925,"MOTOR VEHICLE IN TRANSPORT","37211","2021","November","Fall","01","Friday","Weekday","No Injuries","No Fatalities"
9.98536552570584e-314,2021-11-25 06:00:00,0,0,0,NA,"Y","NOT COLLISION W/MOTOR VEHICLE-TRANSPORT","RAIN","DARK - NOT LIGHTED","KNIGHT DR & EWING DR","NASHVILLE","NORTH",36.23162,-86.804,"UTILITY POLE","37207","2021","November","Fall","06","Thursday","Weekday","No Injuries","No Fatalities"
9.9853655291643e-314,2021-11-26 02:15:00,2,0,0,NA,"N","SIDESWIPE - SAME DIRECTION","RAIN","DARK - LIGHTED","BELL RD & BRITTANY PARK DR","ANTIOCH","SOUTH",36.04681,-86.6792,"MOTOR VEHICLE IN TRANSPORT","37013","2021","November","Fall","02","Friday","Weekday","No Injuries","No Fatalities"
9.98536561661392e-314,2021-11-26 04:00:00,1,0,0,NA,"N","NOT COLLISION W/MOTOR VEHICLE-TRANSPORT","RAIN","DARK - LIGHTED","MCMURRAY DR & WILKERSON DR","NASHVILLE","MIDTOW",36.05479,-86.72846,"FENCE","37211","2021","November","Fall","04","Friday","Weekday","No Injuries","No Fatalities"
9.98535494973662e-314,2021-11-12 01:07:00,2,1,0,NA,"N","Front to Rear","RAIN","DARK - NOT LIGHTED","MM 219 8 I 40","HERMITAGE","HERMIT",36.16285,-86.61755,"MOTOR VEHICLE IN TRANSPORT","37076","2021","November","Fall","01","Friday","Weekday","Injuries","No Fatalities"
9.98535994819876e-314,2021-11-18 06:00:00,1,1,0,NA,"N","NOT COLLISION W/MOTOR VEHICLE-TRANSPORT","RAIN","DARK - NOT LIGHTED","MM 86 1 I 65","NASHVILLE","NORTH",36.1919,-86.78271,"CONCRETE TRAFFIC BARRIER","37228","2021","November","Fall","06","Thursday","Weekday","Injuries","No Fatalities"
9.98535997240798e-314,2021-11-18 06:00:00,3,2,0,NA,"N","Front to Rear","RAIN","DAWN","MM 92 8 I 65","MADISON","MADISO",36.27275,-86.73604,"MOTOR VEHICLE IN TRANSPORT","37115","2021","November","Fall","06","Thursday","Weekday","Injuries","No Fatalities"
9.98535997734864e-314,2021-11-18 12:14:00,1,1,0,NA,"N","NOT COLLISION W/MOTOR VEHICLE-TRANSPORT","RAIN","DARK - LIGHTED","I40 E EXT RAMP & I 40","NASHVILLE","HERMIT",36.14189,-86.67713,"CONCRETE TRAFFIC BARRIER","37214","2021","November","Fall","12","Thursday","Weekday","Injuries","No Fatalities"
9.98535997883083e-314,2021-11-18 12:28:00,2,0,0,NA,"Y","Front to Rear","RAIN","DAWN","MM 51 1 I 24","NASHVILLE","SOUTH",36.13305,-86.72714,"MOTOR VEHICLE IN TRANSPORT","37210","2021","November","Fall","12","Thursday","Weekday","No Injuries","No Fatalities"
9.98535998426555e-314,2021-11-18 12:35:00,1,1,0,NA,"N","NOT COLLISION W/MOTOR VEHICLE-TRANSPORT","RAIN","DARK - NOT LIGHTED","PREMIER DR & THUNDERBIRD DR","NASHVILLE","WEST",36.14277,-86.88279,"Ran Off Road-Right","37209","2021","November","Fall","12","Thursday","Weekday","Injuries","No Fatalities"
9.9853600109451e-314,2021-11-18 10:26:00,2,0,0,NA,"N","Front to Rear","RAIN","DARK - LIGHTED","BELL RD & MURFREESBORO PKE","ANTIOCH","SOUTH",36.07182,-86.6362,"MOTOR VEHICLE IN TRANSPORT","37013","2021","November","Fall","10","Thursday","Weekday","No Injuries","No Fatalities"
9.98536001341543e-314,2021-11-18 12:15:00,1,0,0,NA,"N","NOT COLLISION W/MOTOR VEHICLE-TRANSPORT","RAIN","Dark-Unknown Lighting","MM 210 2 I 40","NASHVILLE","MIDTOW",36.14998,-86.77202,"CONCRETE TRAFFIC BARRIER","37203","2021","November","Fall","12","Thursday","Weekday","No Injuries","No Fatalities"
9.98536003070773e-314,2021-11-18 06:00:00,2,1,0,NA,"N","Front to Rear","RAIN","DAYLIGHT","W TRINITY LN & I65 N EXT RAMP","NASHVILLE","EAST",36.20634,-86.77443,"MOTOR VEHICLE IN TRANSPORT","37207","2021","November","Fall","06","Thursday","Weekday","Injuries","No Fatalities"
9.98536236319164e-314,2021-11-21 06:00:00,2,0,0,NA,"N","ANGLE","RAIN","DAYLIGHT","N 2ND ST & HANCOCK ST","NASHVILLE","EAST",36.18543,-86.77112,"MOTOR VEHICLE IN TRANSPORT","37207","2021","November","Fall","06","Sunday","Weekend","No Injuries","No Fatalities"
9.98535581237524e-314,2021-11-13 00:15:00,3,2,0,NA,"N","Front to Rear","RAIN","DARK - NOT LIGHTED","MM 214 4 I 40","NASHVILLE","HERMIT",36.14291,-86.70621,"MOTOR VEHICLE IN TRANSPORT","37210","2021","November","Fall","00","Saturday","Weekend","Injuries","No Fatalities"
9.98535581336337e-314,2021-11-12 06:00:00,2,1,0,NA,"N","Front to Rear","RAIN","DARK - LIGHTED","I 440 & UNKNOWN RAMP","NASHVILLE","SOUTH",36.1184,-86.76759,"MOTOR VEHICLE IN TRANSPORT","37210","2021","November","Fall","06","Friday","Weekday","Injuries","No Fatalities"
9.98535582423282e-314,2021-11-13 00:35:00,2,1,0,NA,"N","Front to Rear","RAIN","DARK - LIGHTED","0 I24 E ENT RAMP","ANTIOCH","SOUTH",36.12518,-86.73328,"MOTOR VEHICLE IN TRANSPORT","37013","2021","November","Fall","00","Saturday","Weekend","Injuries","No Fatalities"
9.98535582867941e-314,2021-11-13 00:44:00,2,0,0,NA,"N","Front to Rear","RAIN","DARK - LIGHTED","HIGHWAY 70S & OLD HICKORY BLVD","NASHVILLE","WEST",36.07439,-86.92125,"MOTOR VEHICLE IN TRANSPORT","37205","2021","November","Fall","00","Saturday","Weekend","No Injuries","No Fatalities"
9.98535584597171e-314,2021-11-12 06:00:00,2,0,0,NA,"N","Front to Rear","RAIN","DARK - LIGHTED","ELM HILL PKE & HENEY DR","NASHVILLE","HERMIT",36.15126,-86.67104,"MOTOR VEHICLE IN TRANSPORT","37214","2021","November","Fall","06","Friday","Weekday","No Injuries","No Fatalities"
9.98535586178181e-314,2021-11-13 01:36:00,2,1,0,NA,"N","Front to Rear","RAIN","DARK - LIGHTED","MM 86 3 I 65","NASHVILLE","CENTRA",36.19187,-86.78048,"MOTOR VEHICLE IN TRANSPORT","37207","2021","November","Fall","01","Saturday","Weekend","Injuries","No Fatalities"
9.98535586227587e-314,2021-11-13 01:38:00,3,1,0,NA,"N","Front to Rear","RAIN","DARK - LIGHTED","ELM HILL PKE & HENEY DR","NASHVILLE","HERMIT",36.15133,-86.67119,"MOTOR VEHICLE IN TRANSPORT","37214","2021","November","Fall","01","Saturday","Weekend","Injuries","No Fatalities"
9.98535594873736e-314,2021-11-13 02:35:00,2,0,0,NA,"Y","SIDESWIPE - SAME DIRECTION","RAIN","DARK - NOT LIGHTED","100 HAYWOOD LN","NASHVILLE","SOUTH",36.07004,-86.68531,"MOTOR VEHICLE IN TRANSPORT","37211","2021","November","Fall","02","Saturday","Weekend","No Injuries","No Fatalities"
9.98535601296589e-314,2021-11-13 04:50:00,2,0,0,NA,"Y","ANGLE","RAIN","DARK - LIGHTED","CHARLOTTE AV & 18TH AVN","NASHVILLE","MIDTOW",36.1581,-86.79987,"MOTOR VEHICLE IN TRANSPORT","37203","2021","November","Fall","04","Saturday","Weekend","No Injuries","No Fatalities"
9.98536995895688e-314,2021-12-01 06:00:00,0,0,0,NA,"N","Front to Rear","RAIN","DARK - LIGHTED","MM 208 3 I 40","NASHVILLE","NORTH",36.16112,-86.79327,"MOTOR VEHICLE IN TRANSPORT","37203","2021","December","Winter","06","Wednesday","Weekday","No Injuries","No Fatalities"
9.98536996142721e-314,2021-12-01 06:00:00,0,0,0,NA,"Y","SIDESWIPE - SAME DIRECTION","RAIN","DARK - NOT LIGHTED","MM 42 6 I 24","WHITES CREEK","NORTH",36.24932,-86.78367,"MOTOR VEHICLE IN TRANSPORT","37189","2021","December","Winter","06","Wednesday","Weekday","No Injuries","No Fatalities"
9.98535480349319e-314,2021-11-11 06:00:00,2,0,0,NA,"N","HEAD-ON","RAIN","DAYLIGHT","CHICKASAW AV & MONTGOMERY AV","NASHVILLE","EAST",36.20041,-86.75491,"PARKED MOTOR VEHICLE;OTHER OBJECT (NOT FIXED);Ran Off Road-Right","37207","2021","November","Fall","06","Thursday","Weekday","No Injuries","No Fatalities"
9.98536999650587e-314,2021-12-02 00:20:00,0,1,0,NA,"N","Front to Rear","RAIN","DARK - LIGHTED","I65 ENT RAMP & I 440","NASHVILLE","MIDTOW",36.11567,-86.78078,"MOTOR VEHICLE IN TRANSPORT","37204","2021","December","Winter","00","Thursday","Weekday","Injuries","No Fatalities"
9.98535484252438e-314,2021-11-11 06:00:00,2,0,0,NA,"N","Front to Rear","RAIN","DAYLIGHT","SAWYER BROWN RD & CHARLOTTE PKE","NASHVILLE","WEST",36.10799,-86.93004,"MOTOR VEHICLE IN TRANSPORT","37221","2021","November","Fall","06","Thursday","Weekday","No Injuries","No Fatalities"
9.98537001873882e-314,2021-12-02 01:30:00,0,0,0,NA,"Y","Front to Rear","RAIN","DARK - LIGHTED","BELL RD & TRAILS CIR","NASHVILLE","HERMIT",36.1499,-86.62545,"MOTOR VEHICLE IN TRANSPORT","37214","2021","December","Winter","01","Thursday","Weekday","No Injuries","No Fatalities"
9.98537005974627e-314,2021-12-02 01:50:00,0,0,0,NA,"Y","ANGLE","RAIN","DARK - LIGHTED","SMITH SPRINGS RD & OLD SMITH SPRINGS RD","NASHVILLE","HERMIT",36.09299,-86.63244,"MOTOR VEHICLE IN TRANSPORT","37217","2021","December","Winter","01","Thursday","Weekday","No Injuries","No Fatalities"
9.9853768057186e-314,2021-12-10 12:20:00,0,1,0,NA,"N","NOT COLLISION W/MOTOR VEHICLE-TRANSPORT","RAIN","DARK - LIGHTED","WHITES CREEK PKE & LAWS RD","WHITES CREEK","NORTH",36.28759,-86.8432,"","37189","2021","December","Winter","12","Friday","Weekday","Injuries","No Fatalities"
9.98537735857806e-314,2021-12-10 06:00:00,0,1,0,NA,"Y","ANGLE","RAIN","DARK - LIGHTED","LINBAR DR & WALLACE RD","NASHVILLE","SOUTH",36.08143,-86.69983,"MOTOR VEHICLE IN TRANSPORT","37211","2021","December","Winter","06","Friday","Weekday","Injuries","No Fatalities"
9.98537739365672e-314,2021-12-11 03:07:00,0,0,0,NA,"N","ANGLE","RAIN","DARK - LIGHTED","BATTERY LN & LEALAND LN","NASHVILLE","MIDTOW",36.08832,-86.79096,"MOTOR VEHICLE IN TRANSPORT-OTHER ROADWAY","37220","2021","December","Winter","03","Saturday","Weekend","No Injuries","No Fatalities"
9.98537742280659e-314,2021-12-11 03:55:00,0,0,0,NA,"N","NOT COLLISION W/MOTOR VEHICLE-TRANSPORT","RAIN","DARK - NOT LIGHTED","RAYON DR & ENSLEY AV","OLD HICKORY","HERMIT",36.2707,-86.66667,"WALL","37138","2021","December","Winter","03","Saturday","Weekend","No Injuries","No Fatalities"