"Accident.Number","Date.and.Time","Number.of.Motor.Vehicles","Number.of.Injuries","Number.of.Fatalities","Property.Damage","Hit.and.Run","Collision.Type.Description","Weather.Description","Illumination.Description","Street.Address","City","Precinct","Latitude","Longitude","HarmfulDescriptions","Zip.Code","Year","Month","Season","Hour","Weekday","DayType","Accident","Fatality_category"
9.98537744306328e-314,2021-12-11 04:35:00,0,1,0,NA,"Y","ANGLE","RAIN","DARK - LIGHTED","RANSOM PL & MURFREESBORO PKE","NASHVILLE","SOUTH",36.08907,-86.64999,"MOTOR VEHICLE IN TRANSPORT;UNKNOWN MOST HARMFUL EVENT","37217","2021","December","Winter","04","Saturday","Weekend","Injuries","No Fatalities"
9.98537753940608e-314,2021-12-11 07:15:00,0,0,0,NA,"N","NOT COLLISION W/MOTOR VEHICLE-TRANSPORT","RAIN","DARK - NOT LIGHTED","EDMONDSON PKE & MT PISGAH RD","NASHVILLE","MIDTOW",36.02491,-86.74237,"GUARDRAIL FACE","37211","2021","December","Winter","07","Saturday","Weekend","No Injuries","No Fatalities"
9.98537759227111e-314,2021-12-11 09:13:00,0,1,0,NA,"N","HEAD-ON","RAIN","DARK - LIGHTED","BELL RD & BRENTRIDGE DR","ANTIOCH","SOUTH",36.04603,-86.68434,"MOTOR VEHICLE IN TRANSPORT","37013","2021","December","Winter","09","Saturday","Weekend","Injuries","No Fatalities"
9.98537759424737e-314,2021-12-11 09:25:00,0,1,0,NA,"N","NOT COLLISION W/MOTOR VEHICLE-TRANSPORT","RAIN","DARK - NOT LIGHTED","MM 3 0 I440","NASHVILLE","MIDTOW",36.116305,-86.79221,"CONCRETE TRAFFIC BARRIER;Ran Off Road-Left","37212","2021","December","Winter","09","Saturday","Weekend","Injuries","No Fatalities"
9.9853775952355e-314,2021-12-11 09:15:00,0,0,0,NA,"N","Front to Rear","RAIN","DARK - LIGHTED","STATE RT 45 & GALLATIN PKEN","MADISON","MADISO",36.26307,-86.71192,"MOTOR VEHICLE IN TRANSPORT","37115","2021","December","Winter","09","Saturday","Weekend","No Injuries","No Fatalities"
9.98537761648032e-314,2021-12-11 10:04:00,0,0,0,NA,"N","NOT COLLISION W/MOTOR VEHICLE-TRANSPORT","RAIN","DARK - NOT LIGHTED","MM 53 7 I 24","NASHVILLE","SOUTH",36.10905,-86.72114,"OTHER FIXED OBJECTS","37211","2021","December","Winter","10","Saturday","Weekend","No Injuries","No Fatalities"
9.98537767527414e-314,2021-12-11 12:00:00,0,0,0,NA,"N","NOT COLLISION W/MOTOR VEHICLE-TRANSPORT","RAIN","DARK - LIGHTED","MCMURRAY DR & NOLENSVILLE PKE","NASHVILLE","MIDTOW",36.06131,-86.71773,"SHRUBBERY","37211","2021","December","Winter","12","Saturday","Weekend","No Injuries","No Fatalities"
9.98537774444333e-314,2021-12-11 06:00:00,0,0,0,NA,"Y","ANGLE","RAIN","DARK - NOT LIGHTED","BRICK CHURCH PKE & AVONDALE CIR","NASHVILLE","NORTH",36.20852,-86.77779,"PARKED MOTOR VEHICLE","37207","2021","December","Winter","06","Saturday","Weekend","No Injuries","No Fatalities"
9.98537777902792e-314,2021-12-11 11:13:00,0,0,0,NA,"N","NOT COLLISION W/MOTOR VEHICLE-TRANSPORT","RAIN","DARK - LIGHTED","RICHARDS RD & APOLLO DR","ANTIOCH","SOUTH",36.06778,-86.66672,"OTHER OBJECT (NOT FIXED)","37013","2021","December","Winter","11","Saturday","Weekend","No Injuries","No Fatalities"
9.98537777952199e-314,2021-12-11 09:00:00,0,0,0,NA,"N","NOT COLLISION W/MOTOR VEHICLE-TRANSPORT","RAIN","Dark-Unknown Lighting","MM 51 2 I 24","NASHVILLE","SOUTH",36.13818,-86.72784,"GUARDRAIL FACE;GUARDRAIL END;Ran Off Road-Right","37210","2021","December","Winter","09","Saturday","Weekend","No Injuries","No Fatalities"
9.98537779137956e-314,2021-12-10 06:00:00,0,0,0,NA,"Y","Front to Rear","RAIN","Dark-Unknown Lighting","ALAMEDA ST & TSU CONNECTOR","NASHVILLE","WEST",36.15903,-86.83359,"MOTOR VEHICLE IN TRANSPORT;PARKED MOTOR VEHICLE","37209","2021","December","Winter","06","Friday","Weekday","No Injuries","No Fatalities"
9.98538226761431e-314,2021-12-17 12:14:00,0,0,0,NA,"N","ANGLE","RAIN","DAYLIGHT","LEWIS ST & LAFAYETTE ST","NASHVILLE","SOUTH",36.14755,-86.75865,"MOTOR VEHICLE IN TRANSPORT","37210","2021","December","Winter","12","Friday","Weekday","No Injuries","No Fatalities"
9.98538226909651e-314,2021-12-17 12:23:00,0,0,0,NA,"N","SIDESWIPE - SAME DIRECTION","RAIN","DAWN","MM 207 7 I 40","NASHVILLE","NORTH",36.17063,-86.79821,"MOTOR VEHICLE IN TRANSPORT","37208","2021","December","Winter","12","Friday","Weekday","No Injuries","No Fatalities"
9.9853822735431e-314,2021-12-17 12:30:00,0,0,0,NA,"N","SIDESWIPE - SAME DIRECTION","RAIN","DAWN","2ND AVS & I40 W EXT RAMP","NASHVILLE","CENTRA",36.15156,-86.7685,"MOTOR VEHICLE IN TRANSPORT","37210","2021","December","Winter","12","Friday","Weekday","No Injuries","No Fatalities"
9.98538256998249e-314,2021-12-17 06:00:00,0,0,0,NA,"Y","SIDESWIPE - OPPOSITE DIRECTION","RAIN","DAYLIGHT","ELMORE AV & GALLATIN PKEN","MADISON","MADISO",36.27995,-86.70856,"MOTOR VEHICLE IN TRANSPORT","37115","2021","December","Winter","06","Friday","Weekday","No Injuries","No Fatalities"
9.98538257492315e-314,2021-12-17 06:00:00,0,0,0,NA,"N","SIDESWIPE - SAME DIRECTION","RAIN","DAYLIGHT","MYATT DR & RIVERGATE STATION PVTDR","MADISON","MADISO",36.29599,-86.69845,"MOTOR VEHICLE IN TRANSPORT","37115","2021","December","Winter","06","Friday","Weekday","No Injuries","No Fatalities"
9.98539027345404e-314,2021-12-29 00:43:00,0,0,0,NA,"Y","ANGLE","RAIN","DARK - LIGHTED","MM 56 7 I 24","NASHVILLE","SOUTH",36.07299,-86.6919,"MOTOR VEHICLE IN TRANSPORT","37211","2021","December","Winter","00","Wednesday","Weekday","No Injuries","No Fatalities"
9.98539028827601e-314,2021-12-29 01:11:00,0,0,0,NA,"N","NOT COLLISION W/MOTOR VEHICLE-TRANSPORT","RAIN","DARK - LIGHTED","MM 88 6 I 65","NASHVILLE","EAST",36.22513,-86.77445,"GUARDRAIL FACE","37207","2021","December","Winter","01","Wednesday","Weekday","No Injuries","No Fatalities"
9.98539034410543e-314,2021-12-29 02:20:00,0,0,0,NA,"Y","ANGLE","RAIN","DARK - LIGHTED","RIVERGATE MARKETPLACE PVTDR & GALLATIN P","MADISON","MADISO",36.30275,-86.69185,"MOTOR VEHICLE IN TRANSPORT","37115","2021","December","Winter","02","Wednesday","Weekday","No Injuries","No Fatalities"
9.98539097305099e-314,2021-12-29 06:00:00,0,0,0,NA,"N","OTHER","RAIN","DARK - LIGHTED","BRILEY PKWYN & BRILEY PKWYS","NASHVILLE","SOUTH",36.1737,-86.6894,"MOTOR VEHICLE IN TRANSPORT;CONCRETE TRAFFIC BARRIER","37211","2021","December","Winter","06","Wednesday","Weekday","No Injuries","No Fatalities"
9.98539097552132e-314,2021-12-30 00:04:00,0,1,0,NA,"Y","NOT COLLISION W/MOTOR VEHICLE-TRANSPORT","RAIN","DARK - NOT LIGHTED","8TH AVS & DREXEL ST","NASHVILLE","CENTRA",36.15281,-86.77933,"PEDESTRIAN","37203","2021","December","Winter","00","Thursday","Weekday","Injuries","No Fatalities"
9.98539098342637e-314,2021-12-30 00:17:00,0,0,0,NA,"N","NOT COLLISION W/MOTOR VEHICLE-TRANSPORT","RAIN","DARK - LIGHTED","MM 51 5 I 24","NASHVILLE","HERMIT",36.14045,-86.73168,"GUARDRAIL FACE","37210","2021","December","Winter","00","Thursday","Weekday","No Injuries","No Fatalities"
9.98539098490857e-314,2021-12-30 00:30:00,0,1,0,NA,"N","Front to Rear","RAIN","DARK - LIGHTED","BRILEY PKWYS & BRILEY PKWYN","NASHVILLE","NORTH",36.10941,-86.72737,"MOTOR VEHICLE IN TRANSPORT","37218","2021","December","Winter","00","Thursday","Weekday","Injuries","No Fatalities"
9.98539098688483e-314,2021-12-30 00:24:00,0,0,0,NA,"N","Front to Rear","RAIN","DARK - LIGHTED","MM 87 2 I 65","NASHVILLE","EAST",36.2051,-86.77663,"MOTOR VEHICLE IN TRANSPORT","37207","2021","December","Winter","00","Thursday","Weekday","No Injuries","No Fatalities"
9.98539099824834e-314,2021-12-30 00:20:00,0,0,0,NA,"N","Front to Rear","RAIN","DARK - LIGHTED","MM 86 9 I 65","NASHVILLE","NORTH",36.20138,-86.77684,"MOTOR VEHICLE IN TRANSPORT","37207","2021","December","Winter","00","Thursday","Weekday","No Injuries","No Fatalities"
9.98539105704215e-314,2021-12-30 02:32:00,0,0,0,NA,"N","NOT COLLISION W/MOTOR VEHICLE-TRANSPORT","RAIN","DARK - NOT LIGHTED","I24 E EXT RAMP & I 24","NASHVILLE","NORTH",36.13584,-86.72782,"EMBANKMENT ROCK/STONE/CONCRETE","37207","2021","December","Winter","02","Thursday","Weekday","No Injuries","No Fatalities"
9.98538266484309e-314,2021-12-18 00:06:00,0,0,0,NA,"N","NOT COLLISION W/MOTOR VEHICLE-TRANSPORT","RAIN","DARK - NOT LIGHTED","MM 41 2 I 24","WHITES CREEK","NORTH",36.26801,-86.79231,"TREE;Ran Off Road-Right;EMBANKMENT EARTH","37189","2021","December","Winter","00","Saturday","Weekend","No Injuries","No Fatalities"
9.98538268015913e-314,2021-12-18 00:35:00,0,0,0,NA,"N","SIDESWIPE - OPPOSITE DIRECTION","RAIN","DARK - NOT LIGHTED","HICKORY HOLLOW PKWY & MT VIEW RD","ANTIOCH","SOUTH",36.05413,-86.66738,"MOTOR VEHICLE IN TRANSPORT;DITCH;Ran Off Road-Right","37013","2021","December","Winter","00","Saturday","Weekend","No Injuries","No Fatalities"
9.98538268114726e-314,2021-12-18 00:36:00,0,0,0,NA,"N","Front to Rear","RAIN","DARK - NOT LIGHTED","HICKORY HOLLOW PKWY & MT VIEW RD","ANTIOCH","SOUTH",36.05376,-86.66746,"MOTOR VEHICLE IN TRANSPORT;GUARDRAIL FACE","37013","2021","December","Winter","00","Saturday","Weekend","No Injuries","No Fatalities"
9.98538268905231e-314,2021-12-18 00:54:00,0,2,0,NA,"N","ANGLE","RAIN","DAYLIGHT","ARDEE AV & GALLATIN PKE","NASHVILLE","EAST",36.21962,-86.72743,"MOTOR VEHICLE IN TRANSPORT","37216","2021","December","Winter","00","Saturday","Weekend","Injuries","No Fatalities"
9.98538269646329e-314,2021-12-18 01:09:00,0,1,0,NA,"N","REAR-TO-REAR","RAIN","DARK - LIGHTED","3500 BELL RD","NASHVILLE","HERMIT",36.05026,-86.64769,"MOTOR VEHICLE IN TRANSPORT","37214","2021","December","Winter","01","Saturday","Weekend","Injuries","No Fatalities"
9.98538272166064e-314,2021-12-18 01:41:00,0,0,0,NA,"N","NOT COLLISION W/MOTOR VEHICLE-TRANSPORT","RAIN","DARK - NOT LIGHTED","OLD HICKORY BLVD & BELL RD","HERMITAGE","HERMIT",36.16002,-86.59701,"GUARDRAIL FACE","37076","2021","December","Winter","01","Saturday","Weekend","No Injuries","No Fatalities"
9.9853827266013e-314,2021-12-18 01:38:00,0,0,0,NA,"Y","Front to Rear","RAIN","DARK - LIGHTED","5800 NOLENSVILLE PKE","ANTIOCH","SOUTH",36.04186,-86.71291,"MOTOR VEHICLE IN TRANSPORT","37013","2021","December","Winter","01","Saturday","Weekend","No Injuries","No Fatalities"
9.98538275328084e-314,2021-12-18 01:52:00,0,0,0,NA,"N","SIDESWIPE - SAME DIRECTION","RAIN","DARK - LIGHTED","4TH AVS & I40 E EXT RAMP","NASHVILLE","SOUTH",36.15048,-86.77035,"MOTOR VEHICLE IN TRANSPORT","37210","2021","December","Winter","01","Saturday","Weekend","No Injuries","No Fatalities"
9.98538277205534e-314,2021-12-18 02:45:00,0,1,0,NA,"Y","HEAD-ON","RAIN","DARK - LIGHTED","LEBANON PKE & CENTRAL PKE","HERMITAGE","HERMIT",36.18706,-86.63107,"MOTOR VEHICLE IN TRANSPORT","37076","2021","December","Winter","02","Saturday","Weekend","Injuries","No Fatalities"
9.98538280812213e-314,2021-12-18 03:41:00,0,0,0,NA,"N","NOT COLLISION W/MOTOR VEHICLE-TRANSPORT","RAIN","DARK - NOT LIGHTED","E OLD HICKORY BLVD & SANDHURST DR","MADISON","MADISO",36.2616,-86.67786,"GUARDRAIL FACE;Ran Off Road-Right","37115","2021","December","Winter","03","Saturday","Weekend","No Injuries","No Fatalities"
9.98538288519637e-314,2021-12-18 05:55:00,0,1,0,NA,"Y","NOT COLLISION W/MOTOR VEHICLE-TRANSPORT","RAIN","DARK - LIGHTED","CHARLOTTE AV & 43RD AVN","NASHVILLE","WEST",36.15233,-86.83825,"PEDESTRIAN","37209","2021","December","Winter","05","Saturday","Weekend","Injuries","No Fatalities"
9.98538288865483e-314,2021-12-18 05:30:00,0,0,0,NA,"Y","SIDESWIPE - SAME DIRECTION","RAIN","DARK - LIGHTED","MM 208 5 I 40","NASHVILLE","CENTRA",36.16442,-86.79406,"MOTOR VEHICLE IN TRANSPORT","37203","2021","December","Winter","05","Saturday","Weekend","No Injuries","No Fatalities"
9.9853829840095e-314,2021-12-18 08:19:00,0,2,0,NA,"N","NOT COLLISION W/MOTOR VEHICLE-TRANSPORT","RAIN","DARK - LIGHTED","DIVISION ST & DEMONBREUN ST","NASHVILLE","MIDTOW",36.15225,-86.79139,"OTHER OBJECT (NOT FIXED);OTHER POST, POLE, SUPP.","37203","2021","December","Winter","08","Saturday","Weekend","Injuries","No Fatalities"
9.98538307639978e-314,2021-12-18 01:30:00,0,0,0,NA,"Y","NOT COLLISION W/MOTOR VEHICLE-TRANSPORT","RAIN","DARK - NOT LIGHTED","627 HERMITAGE WOODS DR","HERMITAGE","HERMIT",36.17983,-86.60322,"DITCH","37076","2021","December","Winter","01","Saturday","Weekend","No Injuries","No Fatalities"
9.98538308875142e-314,2021-12-18 12:45:00,0,0,0,NA,"N","SIDESWIPE - SAME DIRECTION","RAIN","DAYLIGHT","MM 56 2 I 24","NASHVILLE","SOUTH",36.07949,-86.69617,"MOTOR VEHICLE IN TRANSPORT","37211","2021","December","Winter","12","Saturday","Weekend","No Injuries","No Fatalities"
9.98538309171581e-314,2021-12-18 06:00:00,0,1,0,NA,"N","NOT COLLISION W/MOTOR VEHICLE-TRANSPORT","RAIN","DAWN","58 I 24","ANTIOCH","SOUTH",36.06173,-86.68187,"","37013","2021","December","Winter","06","Saturday","Weekend","Injuries","No Fatalities"
9.98538319201114e-314,2021-12-18 06:00:00,0,0,0,NA,"Y","ANGLE","RAIN","DARK - NOT LIGHTED","MALLOW DR & WARRIOR RD","MADISON","MADISO",36.25988,-86.68263,"MOTOR VEHICLE IN TRANSPORT;PARKED MOTOR VEHICLE","37115","2021","December","Winter","06","Saturday","Weekend","No Injuries","No Fatalities"
9.98538339309585e-314,2021-12-19 00:18:00,0,2,0,NA,"N","Front to Rear","RAIN","DARK - LIGHTED","BRILEY PKWY N EXT RAMP & BRILEY PKWYN","NASHVILLE","HERMIT",36.18819,-86.68864,"MOTOR VEHICLE IN TRANSPORT","37214","2021","December","Winter","00","Sunday","Weekend","Injuries","No Fatalities"
9.98538340297717e-314,2021-12-19 00:25:00,0,0,0,NA,"N","SIDESWIPE - SAME DIRECTION","RAIN","DARK - LIGHTED","BRILEY PKWYN & BRILEY PKWYS","NASHVILLE","SOUTH",36.18768,-86.68914,"MOTOR VEHICLE IN TRANSPORT","37211","2021","December","Winter","00","Sunday","Weekend","No Injuries","No Fatalities"
9.98538341384661e-314,2021-12-19 00:30:00,0,0,0,NA,"N","Front to Rear","RAIN","DARK - NOT LIGHTED","MM 38 4 I 24","WHITES CREEK","NORTH",36.30451,-86.81424,"MOTOR VEHICLE IN TRANSPORT","37189","2021","December","Winter","00","Sunday","Weekend","No Injuries","No Fatalities"
9.98538343163298e-314,2021-12-19 01:27:00,0,1,0,NA,"N","ANGLE","RAIN","DARK - LIGHTED","GALLATIN PKE & JOYCE LN","NASHVILLE","EAST",36.23356,-86.72482,"MOTOR VEHICLE IN TRANSPORT","37216","2021","December","Winter","01","Sunday","Weekend","Injuries","No Fatalities"
9.98538345090154e-314,2021-12-19 01:55:00,0,0,0,NA,"Y","ANGLE","RAIN","DARK - LIGHTED","OPRY MILLS DR & OPRYLAND DR","NASHVILLE","HERMIT",36.20471,-86.69017,"MOTOR VEHICLE IN TRANSPORT","37214","2021","December","Winter","01","Sunday","Weekend","No Injuries","No Fatalities"
9.98537309281527e-314,2021-12-06 03:05:00,0,0,0,NA,"N","ANGLE","RAIN","DARK - LIGHTED","W TRINITY LN & BRICK CHURCH PKE","NASHVILLE","NORTH",36.20662,-86.7779,"MOTOR VEHICLE IN TRANSPORT","37207","2021","December","Winter","03","Monday","Weekday","No Injuries","No Fatalities"
9.98537316692512e-314,2021-12-06 05:52:00,0,1,0,NA,"N","NOT COLLISION W/MOTOR VEHICLE-TRANSPORT","RAIN","DARK - NOT LIGHTED","CULBERTSON RD & CALDERWOOD DR","ANTIOCH","SOUTH",36.01373,-86.6822,"GUARDRAIL END","37013","2021","December","Winter","05","Monday","Weekday","Injuries","No Fatalities"
9.98537327463143e-314,2021-12-06 09:30:00,0,0,0,NA,"N","NOT COLLISION W/MOTOR VEHICLE-TRANSPORT","RAIN","DARK - NOT LIGHTED","HILLSBORO PKE & STANFORD DR","NASHVILLE","WEST",36.084,-86.83348,"DEER (ANIMAL)","37215","2021","December","Winter","09","Monday","Weekday","No Injuries","No Fatalities"
9.98537331168635e-314,2021-12-06 11:07:00,0,2,0,NA,"N","Front to Rear","RAIN","DARK - LIGHTED","MM 87 0 I 65","NASHVILLE","EAST",36.20217,-86.77685,"MOTOR VEHICLE IN TRANSPORT","37207","2021","December","Winter","11","Monday","Weekday","Injuries","No Fatalities"
9.98537332156766e-314,2021-12-06 11:30:00,0,0,0,NA,"N","NOT COLLISION W/MOTOR VEHICLE-TRANSPORT","RAIN","DARK - LIGHTED","MM 203 7 I 40","NASHVILLE","WEST",36.15118,-86.86231,"CONCRETE TRAFFIC BARRIER","37209","2021","December","Winter","11","Monday","Weekday","No Injuries","No Fatalities"
9.98537333144898e-314,2021-12-06 12:05:00,0,1,0,NA,"N","Front to Rear","RAIN","DARK - LIGHTED","MM 2 0 I440 W","NASHVILLE","MIDTOW",36.12707,-86.81472,"MOTOR VEHICLE IN TRANSPORT","37212","2021","December","Winter","12","Monday","Weekday","Injuries","No Fatalities"
9.98537333342524e-314,2021-12-06 12:17:00,0,0,0,NA,"Y","Front to Rear","RAIN","DARK - LIGHTED","MM 87 0 I 65","NASHVILLE","EAST",36.20217,-86.77685,"MOTOR VEHICLE IN TRANSPORT","37207","2021","December","Winter","12","Monday","Weekday","No Injuries","No Fatalities"
9.9853733383659e-314,2021-12-06 12:33:00,0,0,0,NA,"N","ANGLE","RAIN","DARK - LIGHTED","WOODLAWN DR & LINMAR AV","NASHVILLE","WEST",36.12613,-86.81397,"MOTOR VEHICLE IN TRANSPORT","37215","2021","December","Winter","12","Monday","Weekday","No Injuries","No Fatalities"
9.98537334676501e-314,2021-12-06 12:47:00,0,0,0,NA,"Y","Front to Rear","RAIN","DAYLIGHT","MM 58 5 I 24","ANTIOCH","SOUTH",36.05325,-86.6723,"MOTOR VEHICLE IN TRANSPORT","37013","2021","December","Winter","12","Monday","Weekday","No Injuries","No Fatalities"
9.98538190447606e-314,2021-12-17 00:35:00,0,1,0,NA,"N","NOT COLLISION W/MOTOR VEHICLE-TRANSPORT","RAIN","DARK - LIGHTED","BRILEY PKWYS & BRILEY PKWYN","NASHVILLE","NORTH",36.17753,-86.69499,"CONCRETE TRAFFIC BARRIER","37218","2021","December","Winter","00","Friday","Weekday","Injuries","No Fatalities"
9.98538191040485e-314,2021-12-17 00:47:00,0,0,0,NA,"N","Front to Rear","RAIN","DARK - LIGHTED","MM 54 6 I 24","NASHVILLE","SOUTH",36.09946,-86.71095,"MOTOR VEHICLE IN TRANSPORT","37211","2021","December","Winter","00","Friday","Weekday","No Injuries","No Fatalities"
9.98538191781584e-314,2021-12-17 01:04:00,0,0,0,NA,"N","NOT COLLISION W/MOTOR VEHICLE-TRANSPORT","RAIN","DARK - LIGHTED","W TRINITY LN & I65 S ENT RAMP","NASHVILLE","NORTH",36.20649,-86.7763,"WALL","37207","2021","December","Winter","01","Friday","Weekday","No Injuries","No Fatalities"
9.98538193016748e-314,2021-12-17 00:07:00,0,1,0,NA,"N","SIDESWIPE - SAME DIRECTION","RAIN","DARK - LIGHTED","BROADWAY & 16TH AVS","NASHVILLE","MIDTOW",36.15472,-86.79184,"MOTOR VEHICLE IN TRANSPORT","37203","2021","December","Winter","00","Friday","Weekday","Injuries","No Fatalities"
9.98538194004879e-314,2021-12-17 01:43:00,0,1,0,NA,"Y","ANGLE","RAIN","DARK - NOT LIGHTED","MM 59 0 I 24","ANTIOCH","SOUTH",36.04893,-86.66493,"MOTOR VEHICLE IN TRANSPORT","37013","2021","December","Winter","01","Friday","Weekday","Injuries","No Fatalities"
9.98538195091823e-314,2021-12-17 01:35:00,0,0,0,NA,"N","NOT COLLISION W/MOTOR VEHICLE-TRANSPORT","RAIN","DARK - LIGHTED","CHICKERING RD & CHICKERING LN","NASHVILLE","WEST",36.07412,-86.86517,"UTILITY POLE;SHRUBBERY;Ran Off Road-Left","37215","2021","December","Winter","01","Friday","Weekday","No Injuries","No Fatalities"
9.98538195684702e-314,2021-12-17 01:18:00,0,0,0,NA,"Y","Front to Rear","RAIN","DARK - NOT LIGHTED","BLUE HOLE RD & TUSCULUM RD","ANTIOCH","SOUTH",36.05261,-86.67311,"MOTOR VEHICLE IN TRANSPORT","37013","2021","December","Winter","01","Friday","Weekday","No Injuries","No Fatalities"
9.98538196969273e-314,2021-12-17 02:29:00,0,0,0,NA,"Y","SIDESWIPE - SAME DIRECTION","RAIN","DARK - LIGHTED","MM 59 0 I 24","ANTIOCH","SOUTH",36.04841,-86.66405,"MOTOR VEHICLE IN TRANSPORT","37013","2021","December","Winter","02","Friday","Weekday","No Injuries","No Fatalities"
9.98538197117493e-314,2021-12-17 02:31:00,0,0,0,NA,"N","ANGLE","RAIN","DARK - NOT LIGHTED","MM 59 0 I 24","ANTIOCH","SOUTH",36.04879,-86.66469,"MOTOR VEHICLE IN TRANSPORT","37013","2021","December","Winter","02","Friday","Weekday","No Injuries","No Fatalities"
9.98538198204437e-314,2021-12-17 02:49:00,0,0,0,NA,"Y","ANGLE","RAIN","DARK - LIGHTED","I24 E EXT RAMP & I 24","NASHVILLE","NORTH",36.16623,-86.76579,"MOTOR VEHICLE IN TRANSPORT","37207","2021","December","Winter","02","Friday","Weekday","No Injuries","No Fatalities"
9.98538199340788e-314,2021-12-17 00:08:00,0,0,0,NA,"Y","Front to Rear","RAIN","DARK - LIGHTED","CHARLOTTE AV & 54TH AVN","NASHVILLE","WEST",36.15118,-86.85361,"MOTOR VEHICLE IN TRANSPORT","37209","2021","December","Winter","00","Friday","Weekday","No Injuries","No Fatalities"
9.98538199834854e-314,2021-12-17 02:09:00,0,0,0,NA,"N","Front to Rear","RAIN","DARK - LIGHTED","MM 59 1 I 24","ANTIOCH","SOUTH",36.04793,-86.66371,"MOTOR VEHICLE IN TRANSPORT","37013","2021","December","Winter","02","Friday","Weekday","No Injuries","No Fatalities"
9.98538200279513e-314,2021-12-17 03:22:00,0,1,0,NA,"N","NOT COLLISION W/MOTOR VEHICLE-TRANSPORT","RAIN","DARK - LIGHTED","BELL RD & BELL RD PVTDR","HERMITAGE","HERMIT",36.15666,-86.6184,"MOTOR VEHICLE IN TRANSPORT;GUARDRAIL FACE;WALL","37076","2021","December","Winter","03","Friday","Weekday","Injuries","No Fatalities"
9.98538201366457e-314,2021-12-17 03:52:00,0,2,0,NA,"N","NOT COLLISION W/MOTOR VEHICLE-TRANSPORT","RAIN","DARK - LIGHTED","ANTIOCH PKE & WINGATE AV","NASHVILLE","SOUTH",36.10121,-86.73509,"UTILITY POLE","37211","2021","December","Winter","03","Friday","Weekday","Injuries","No Fatalities"
9.98538201811116e-314,2021-12-17 03:55:00,0,0,0,NA,"N","ANGLE","RAIN","DARK - LIGHTED","CRUTCHER ST & S 5TH ST","NASHVILLE","EAST",36.16242,-86.7593,"MOTOR VEHICLE IN TRANSPORT","37206","2021","December","Winter","03","Friday","Weekday","No Injuries","No Fatalities"
9.98538203392126e-314,2021-12-17 04:00:00,0,0,0,NA,"Y","SIDESWIPE - OPPOSITE DIRECTION","RAIN","DARK - LIGHTED","GALLATIN PKE & MAYNOR AV","NASHVILLE","EAST",36.20735,-86.73579,"MOTOR VEHICLE IN TRANSPORT","37216","2021","December","Winter","04","Friday","Weekday","No Injuries","No Fatalities"
9.98538203589753e-314,2021-12-16 06:00:00,0,0,0,NA,"N","NOT COLLISION W/MOTOR VEHICLE-TRANSPORT","RAIN","DARK - LIGHTED","I40 W ENT RAMP & I 65","NASHVILLE","MIDTOW",36.14604,-86.77701,"CONCRETE TRAFFIC BARRIER;Motor Vehicle-In-Motion Outside Trafficw","37203","2021","December","Winter","06","Thursday","Weekday","No Injuries","No Fatalities"
9.98538203688566e-314,2021-12-17 02:00:00,0,0,0,NA,"Y","Front to Rear","RAIN","DARK - LIGHTED","OCALA DR & HICKORY PLZ","NASHVILLE","MIDTOW",36.05117,-86.71527,"MOTOR VEHICLE IN TRANSPORT","37211","2021","December","Winter","02","Friday","Weekday","No Injuries","No Fatalities"
9.98538205862455e-314,2021-12-17 05:00:00,0,1,0,NA,"N","ANGLE","RAIN","DARK - LIGHTED","BELL RD & STONES RIVER GRNWY","HERMITAGE","HERMIT",36.15687,-86.61812,"MOTOR VEHICLE IN TRANSPORT","37076","2021","December","Winter","05","Friday","Weekday","Injuries","No Fatalities"
9.98538206801179e-314,2021-12-17 05:22:00,0,0,0,NA,"N","ANGLE","RAIN","DARK - LIGHTED","S 12TH ST & SHELBY AV","NASHVILLE","EAST",36.17038,-86.74953,"MOTOR VEHICLE IN TRANSPORT;PARKED MOTOR VEHICLE","37206","2021","December","Winter","05","Friday","Weekday","No Injuries","No Fatalities"
9.98538206899992e-314,2021-12-17 05:14:00,0,0,0,NA,"Y","NOT COLLISION W/MOTOR VEHICLE-TRANSPORT","RAIN","DARK - LIGHTED","I24E & I440 W ENT RAMP","NASHVILLE","SOUTH",36.12921,-86.72769,"EMBANKMENT EARTH","37210","2021","December","Winter","05","Friday","Weekday","No Injuries","No Fatalities"
9.98538208431596e-314,2021-12-17 05:45:00,0,1,0,NA,"N","ANGLE","RAIN","DARK - LIGHTED","NOLENSVILLE PKE & HAYWOOD LN","NASHVILLE","MIDTOW",36.0682,-86.71911,"MOTOR VEHICLE IN TRANSPORT","37211","2021","December","Winter","05","Friday","Weekday","Injuries","No Fatalities"
9.98538209271507e-314,2021-12-17 05:50:00,0,0,0,NA,"Y","SIDESWIPE - SAME DIRECTION","RAIN","DARK - LIGHTED","MM 86 6 I 65","NASHVILLE","NORTH",36.19628,-86.7756,"MOTOR VEHICLE IN TRANSPORT","37207","2021","December","Winter","05","Friday","Weekday","No Injuries","No Fatalities"
9.98538210012606e-314,2021-12-17 06:00:00,0,0,0,NA,"N","ANGLE","RAIN","DARK - LIGHTED","I24 E EXT RAMP & I 24","NASHVILLE","NORTH",36.18156,-86.77493,"MOTOR VEHICLE IN TRANSPORT","37207","2021","December","Winter","06","Friday","Weekday","No Injuries","No Fatalities"