"Accident.Number","Date.and.Time","Number.of.Motor.Vehicles","Number.of.Injuries","Number.of.Fatalities","Property.Damage","Hit.and.Run","Collision.Type.Description","Weather.Description","Illumination.Description","Street.Address","City","Precinct","Latitude","Longitude","HarmfulDescriptions","Zip.Code","Year","Month","Season","Hour","Weekday","DayType","Accident","Fatality_category"
9.98538211198364e-314,2021-12-17 06:40:00,0,1,0,NA,"Y","ANGLE","RAIN","DARK - NOT LIGHTED","BELL RD & OLD HICKORY BLVD","HERMITAGE","HERMIT",36.16133,-86.5986,"MOTOR VEHICLE IN TRANSPORT","37076","2021","December","Winter","06","Friday","Weekday","Injuries","No Fatalities"
9.98538211544209e-314,2021-12-17 06:49:00,0,0,0,NA,"Y","SIDESWIPE - SAME DIRECTION","RAIN","DARK - LIGHTED","MM 86 7 I 65","NASHVILLE","NORTH",36.19859,-86.77602,"MOTOR VEHICLE IN TRANSPORT","37207","2021","December","Winter","06","Friday","Weekday","No Injuries","No Fatalities"
9.98538212186495e-314,2021-12-17 06:46:00,0,0,0,NA,"N","NOT COLLISION W/MOTOR VEHICLE-TRANSPORT","RAIN","DARK - LIGHTED","BOOKER ST & 25TH AVN","NASHVILLE","NORTH",36.16078,-86.81374,"OTHER OBJECT (NOT FIXED)","37208","2021","December","Winter","06","Friday","Weekday","No Injuries","No Fatalities"
9.98538212235901e-314,2021-12-17 06:00:00,0,0,0,NA,"Y","UNKNOWN","RAIN","DARK - NOT LIGHTED","MCGAVOCK PKE & MAPLECREST DR","NASHVILLE","HERMIT",36.1766,-86.67871,"UNKNOWN MOST HARMFUL EVENT","37214","2021","December","Winter","06","Friday","Weekday","No Injuries","No Fatalities"
9.98538212878187e-314,2021-12-17 07:05:00,0,0,0,NA,"Y","ANGLE","RAIN","DARK - LIGHTED","MICHIGAN AV & 51ST AVN","NASHVILLE","WEST",36.15873,-86.84892,"MOTOR VEHICLE IN TRANSPORT","37209","2021","December","Winter","07","Friday","Weekday","No Injuries","No Fatalities"
9.98538213767505e-314,2021-12-17 07:20:00,0,0,0,NA,"Y","NOT COLLISION W/MOTOR VEHICLE-TRANSPORT","RAIN","DARK - LIGHTED","RADNOR ST & NOLENSVILLE PKE","NASHVILLE","SOUTH",36.10524,-86.74231,"UTILITY POLE","37211","2021","December","Winter","07","Friday","Weekday","No Injuries","No Fatalities"
9.98538213965131e-314,2021-12-17 07:26:00,0,1,0,NA,"N","Front to Rear","RAIN","DARK - LIGHTED","PEBBLE CREEK DR & JOHNSON PASS DR","ANTIOCH","SOUTH",36.07132,-86.65367,"MOTOR VEHICLE IN TRANSPORT;PARKED MOTOR VEHICLE","37013","2021","December","Winter","07","Friday","Weekday","Injuries","No Fatalities"
9.98538216534272e-314,2021-12-17 08:30:00,0,1,0,NA,"N","NOT COLLISION W/MOTOR VEHICLE-TRANSPORT","RAIN","DARK - LIGHTED","JAMES ROBERTSON PKWY & GAY ST","NASHVILLE","CENTRA",36.16831,-86.78195,"UTILITY POLE","37219","2021","December","Winter","08","Friday","Weekday","Injuries","No Fatalities"
9.98538217423591e-314,2021-12-17 08:26:00,0,1,0,NA,"N","NOT COLLISION W/MOTOR VEHICLE-TRANSPORT","RAIN","DARK - LIGHTED","MM 86 5 I 65","NASHVILLE","NORTH",36.1923,-86.7771,"GUARDRAIL FACE","37207","2021","December","Winter","08","Friday","Weekday","Injuries","No Fatalities"
9.98538217670623e-314,2021-12-17 07:08:00,0,0,0,NA,"Y","NOT COLLISION W/MOTOR VEHICLE-TRANSPORT","RAIN","DARK - LIGHTED","RURAL HILL RD & RICE RD","ANTIOCH","SOUTH",36.06922,-86.63969,"EMBANKMENT EARTH","37013","2021","December","Winter","07","Friday","Weekday","No Injuries","No Fatalities"
9.9853821786825e-314,2021-12-17 06:53:00,0,0,0,NA,"Y","NOT COLLISION W/MOTOR VEHICLE-TRANSPORT","RAIN","DARK - LIGHTED","BREWER DR & DELVIN DR","NASHVILLE","SOUTH",36.05685,-86.70268,"TREE","37211","2021","December","Winter","06","Friday","Weekday","No Injuries","No Fatalities"
9.98538219399853e-314,2021-12-17 08:00:00,0,0,0,NA,"Y","SIDESWIPE - SAME DIRECTION","RAIN","DARK - LIGHTED","LINBAR DR & I24 E ENT RAMP","NASHVILLE","SOUTH",36.08146,-86.69893,"MOTOR VEHICLE IN TRANSPORT","37211","2021","December","Winter","08","Friday","Weekday","No Injuries","No Fatalities"
9.98538219498666e-314,2021-12-17 09:15:00,0,0,0,NA,"N","NOT COLLISION W/MOTOR VEHICLE-TRANSPORT","RAIN","DARK - NOT LIGHTED","SHELBY VEIW & BARCLAY","NASHVILLE","EAST",36.16821,-86.72934,"UTILITY POLE","37206","2021","December","Winter","09","Friday","Weekday","No Injuries","No Fatalities"
9.98538219795106e-314,2021-12-17 09:25:00,0,0,0,NA,"N","SIDESWIPE - SAME DIRECTION","RAIN","DARK - LIGHTED","BELL RD & HICKORY HIGHLANDS DR","ANTIOCH","SOUTH",36.06016,-86.6405,"MOTOR VEHICLE IN TRANSPORT","37013","2021","December","Winter","09","Friday","Weekday","No Injuries","No Fatalities"
9.98538219893919e-314,2021-12-17 06:55:00,0,0,0,NA,"Y","SIDESWIPE - SAME DIRECTION","RAIN","DARK - LIGHTED","3RD AVN & BROADWAY","NASHVILLE","CENTRA",36.16172,-86.77609,"MOTOR VEHICLE IN TRANSPORT;PARKED MOTOR VEHICLE","37201","2021","December","Winter","06","Friday","Weekday","No Injuries","No Fatalities"
9.98538221277303e-314,2021-12-17 10:00:00,0,0,0,NA,"N","NOT COLLISION W/MOTOR VEHICLE-TRANSPORT","RAIN","DARK - LIGHTED","BRILEY PKWYS & BRILEY PKWYN","NASHVILLE","NORTH",36.16077,-86.86676,"","37218","2021","December","Winter","10","Friday","Weekday","No Injuries","No Fatalities"
9.98538224933388e-314,2021-12-17 06:00:00,0,0,0,NA,"N","NOT COLLISION W/MOTOR VEHICLE-TRANSPORT","RAIN","DARK - NOT LIGHTED","I40 E ENT RAMP & I 24","NASHVILLE","SOUTH",36.13837,-86.72631,"GUARDRAIL FACE","37217","2021","December","Winter","06","Friday","Weekday","No Injuries","No Fatalities"
9.98538225872113e-314,2021-12-17 12:30:00,0,1,0,NA,"N","ANGLE","RAIN","DARK - LIGHTED","OLD HICKORY BLVD & I40 E ENT RAMP","HERMITAGE","HERMIT",36.16955,-86.60098,"MOTOR VEHICLE IN TRANSPORT","37076","2021","December","Winter","12","Friday","Weekday","Injuries","No Fatalities"
9.98538226168553e-314,2021-12-17 12:41:00,0,0,0,NA,"N","ANGLE","RAIN","DUSK","MM 56 1 I 24","NASHVILLE","SOUTH",36.08078,-86.69695,"MOTOR VEHICLE IN TRANSPORT","37211","2021","December","Winter","12","Friday","Weekday","No Injuries","No Fatalities"
9.98539201058885e-314,2021-12-31 11:20:00,0,0,0,NA,"N","NOT COLLISION W/MOTOR VEHICLE-TRANSPORT","RAIN","DARK - LIGHTED","MM 88 6 I 65","NASHVILLE","EAST",36.22513,-86.77445,"GUARDRAIL FACE","37207","2021","December","Winter","11","Friday","Weekday","No Injuries","No Fatalities"
9.9853925046545e-314,2021-12-31 06:00:00,0,0,0,NA,"Y","ANGLE","RAIN","DARK - LIGHTED","AIRPORT CENTER DR & ROYAL PKWY","NASHVILLE","HERMIT",36.14407,-86.6635,"PARKED MOTOR VEHICLE","37214","2021","December","Winter","06","Friday","Weekday","No Injuries","No Fatalities"
9.9900077329177e-314,2022-01-01 06:00:00,0,1,0,NA,"Y","SIDESWIPE - SAME DIRECTION","RAIN","DAYLIGHT","MADISON ST & DUVAL CT","MADISON","MADISO",36.25849,-86.71389,"MOTOR VEHICLE IN TRANSPORT","37115","2022","January","Winter","06","Saturday","Weekend","Injuries","No Fatalities"
9.99000783321303e-314,2022-01-01 06:00:00,0,1,0,NA,"Y","NOT COLLISION W/MOTOR VEHICLE-TRANSPORT","RAIN","DARK - LIGHTED","CREEKWOOD DR & BRICKDALE LN","NASHVILLE","MADISO",36.23107,-86.77179,"PEDESTRIAN","37207","2022","January","Winter","06","Saturday","Weekend","Injuries","No Fatalities"
9.99000785791631e-314,2022-01-02 00:25:00,0,1,0,NA,"N","NOT COLLISION W/MOTOR VEHICLE-TRANSPORT","RAIN","DARK - NOT LIGHTED","WOODMONT BLVD & ESTES RD","NASHVILLE","WEST",36.11653,-86.83679,"UTILITY POLE","37205","2022","January","Winter","00","Sunday","Weekend","Injuries","No Fatalities"
9.99000790781694e-314,2022-01-02 02:14:00,0,0,0,NA,"N","NOT COLLISION W/MOTOR VEHICLE-TRANSPORT","RAIN","DARK - NOT LIGHTED","BELL RD & WOODLAND POINTE DR","NASHVILLE","HERMIT",36.12273,-86.6305,"CURB;EMBANKMENT EARTH","37214","2022","January","Winter","02","Sunday","Weekend","No Injuries","No Fatalities"
9.99000791918045e-314,2022-01-02 02:33:00,0,2,0,NA,"Y","ANGLE","RAIN","DARK - LIGHTED","MURFREESBORO PKE & PLUS PARK BLVD","NASHVILLE","HERMIT",36.13402,-86.72256,"MOTOR VEHICLE IN TRANSPORT","37217","2022","January","Winter","02","Sunday","Weekend","Injuries","No Fatalities"
9.99000792066264e-314,2022-01-02 01:40:00,0,0,0,NA,"N","SIDESWIPE - SAME DIRECTION","RAIN","DARK - LIGHTED","NOLENSVILLE PKE & TUSCULUM RD","NASHVILLE","SOUTH",36.05882,-86.7162,"MOTOR VEHICLE IN TRANSPORT","37211","2022","January","Winter","01","Sunday","Weekend","No Injuries","No Fatalities"
9.99000792313297e-314,2022-01-02 02:50:00,0,0,0,NA,"N","NOT COLLISION W/MOTOR VEHICLE-TRANSPORT","RAIN","DARK - LIGHTED","MM 55 2 I 24","NASHVILLE","SOUTH",36.09237,-86.70494,"EMBANKMENT EARTH","37211","2022","January","Winter","02","Sunday","Weekend","No Injuries","No Fatalities"
9.9900079256033e-314,2022-01-02 02:47:00,0,0,0,NA,"N","SIDESWIPE - SAME DIRECTION","RAIN","DARK - LIGHTED","0 I 40","NASHVILLE","HERMIT",36.14052,-86.73165,"MOTOR VEHICLE IN TRANSPORT","37210","2022","January","Winter","02","Sunday","Weekend","No Injuries","No Fatalities"
9.99000792609737e-314,2022-01-02 02:55:00,0,0,0,NA,"N","NOT COLLISION W/MOTOR VEHICLE-TRANSPORT","RAIN","DARK - LIGHTED","MM 91 7 I 65","MADISON","MADISO",36.25656,-86.73829,"WALL;Ran Off Road-Left","37115","2022","January","Winter","02","Sunday","Weekend","No Injuries","No Fatalities"
9.9900079270855e-314,2022-01-02 01:50:00,0,0,0,NA,"Y","Front to Rear","RAIN","DARK - LIGHTED","MCALPINE AV & GALLATIN PKE","NASHVILLE","EAST",36.22115,-86.72663,"MOTOR VEHICLE IN TRANSPORT","37216","2022","January","Winter","01","Sunday","Weekend","No Injuries","No Fatalities"
9.99000795129471e-314,2022-01-02 03:40:00,0,1,0,NA,"N","NOT COLLISION W/MOTOR VEHICLE-TRANSPORT","RAIN","DARK - NOT LIGHTED","CATO RD & BRILEY PKWY N ENT RAMP","NASHVILLE","NORTH",36.21458,-86.8671,"UTILITY POLE;MAIL BOX","37218","2022","January","Winter","03","Sunday","Weekend","Injuries","No Fatalities"
9.9900079572235e-314,2022-01-02 01:30:00,0,1,0,NA,"N","HEAD-ON","RAIN","DARK - NOT LIGHTED","OLD HICKORY BLVD & LAKESHORE DR","OLD HICKORY","HERMIT",36.23864,-86.62985,"MOTOR VEHICLE IN TRANSPORT","37138","2022","January","Winter","01","Sunday","Weekend","Injuries","No Fatalities"
9.99000795821163e-314,2022-01-02 03:50:00,0,2,0,NA,"Y","SIDESWIPE - SAME DIRECTION","RAIN","Dark-Unknown Lighting","GALLATIN PKE & GREENFIELD AV","NASHVILLE","EAST",36.21063,-86.73333,"MOTOR VEHICLE IN TRANSPORT","37216","2022","January","Winter","03","Sunday","Weekend","Injuries","No Fatalities"
9.99000796117603e-314,2022-01-02 04:05:00,0,5,0,NA,"N","ANGLE","RAIN","DARK - NOT LIGHTED","ELM HILL PKE & NEILWORTH LN","NASHVILLE","HERMIT",36.14292,-86.6503,"MOTOR VEHICLE IN TRANSPORT;BRIDGE PIER/ABUTMENT;GUARDRAIL FACE;Occupant Struck By Own Vehicle","37214","2022","January","Winter","04","Sunday","Weekend","Injuries","No Fatalities"
9.99000801700545e-314,2022-01-02 05:50:00,0,4,0,NA,"N","ANGLE","RAIN","DARK - LIGHTED","MURFREESBORO PKE & PARKS RETREAT DR","ANTIOCH","SOUTH",36.03359,-86.5964,"MOTOR VEHICLE IN TRANSPORT","37013","2022","January","Winter","05","Sunday","Weekend","Injuries","No Fatalities"
9.99000810791352e-314,2022-01-02 08:20:00,0,0,0,NA,"Y","UNKNOWN","RAIN","DARK - LIGHTED","MM 87 3 I 65","NASHVILLE","EAST",36.20652,-86.77648,"DITCH;Ran Off Road-Right;UNKNOWN MOST HARMFUL EVENT","37207","2022","January","Winter","08","Sunday","Weekend","No Injuries","No Fatalities"
9.99000812866428e-314,2022-01-02 08:28:00,0,1,0,NA,"N","Front to Rear","RAIN","DARK - LIGHTED","BROADWAY & 6TH AVS","NASHVILLE","CENTRA",36.15984,-86.77991,"MOTOR VEHICLE IN TRANSPORT","37203","2022","January","Winter","08","Sunday","Weekend","Injuries","No Fatalities"
9.99000812915835e-314,2022-01-02 09:05:00,0,0,0,NA,"N","SIDESWIPE - SAME DIRECTION","RAIN","DARK - LIGHTED","MM 57 0 I 24","NASHVILLE","SOUTH",36.06939,-86.6893,"MOTOR VEHICLE IN TRANSPORT","37211","2022","January","Winter","09","Sunday","Weekend","No Injuries","No Fatalities"
9.99000816028448e-314,2022-01-02 10:28:00,0,0,0,NA,"Y","UNKNOWN","RAIN","Dark-Unknown Lighting","MURFREESBORO PKE & AIR FREIGHT BLVD","NASHVILLE","SOUTH",36.11131,-86.68526,"UNKNOWN MOST HARMFUL EVENT","37217","2022","January","Winter","10","Sunday","Weekend","No Injuries","No Fatalities"
9.9900081844937e-314,2022-01-02 11:25:00,0,0,0,NA,"Y","NOT COLLISION W/MOTOR VEHICLE-TRANSPORT","RAIN","DARK - LIGHTED","NOLENSVILLE PKE & HICKORYVIEW DR","NASHVILLE","SOUTH",36.0488,-86.71367,"OTHER POST, POLE, SUPP.","37211","2022","January","Winter","11","Sunday","Weekend","No Injuries","No Fatalities"
9.99002047042411e-314,2022-01-19 11:58:00,0,0,0,NA,"N","Front to Rear","RAIN","DARK - LIGHTED","MM 210 6 I 40","NASHVILLE","HERMIT",36.15281,-86.76583,"MOTOR VEHICLE IN TRANSPORT","37210","2022","January","Winter","11","Wednesday","Weekday","No Injuries","No Fatalities"
9.99002047437664e-314,2022-01-19 12:00:00,0,0,0,NA,"N","NOT COLLISION W/MOTOR VEHICLE-TRANSPORT","RAIN","DARK - NOT LIGHTED","COCKRILL BEND BLVD & COCKRILL BEND CIR","NASHVILLE","WEST",36.1832,-86.8984,"DEER (ANIMAL)","37209","2022","January","Winter","12","Wednesday","Weekday","No Injuries","No Fatalities"
9.99002048228169e-314,2022-01-19 12:32:00,0,0,0,NA,"N","ANGLE","RAIN","DAWN","NOLENSVILLE PKE & CONCORD RD","NASHVILLE","MIDTOW",35.99687,-86.68989,"MOTOR VEHICLE IN TRANSPORT;MOTOR VEHICLE IN TRANSPORT-OTHER ROADWAY","37211","2022","January","Winter","12","Wednesday","Weekday","No Injuries","No Fatalities"
9.99002048969267e-314,2022-01-19 10:53:00,0,0,0,NA,"N","NOT COLLISION W/MOTOR VEHICLE-TRANSPORT","RAIN","Dark-Unknown Lighting","MM 58 8 I 24","ANTIOCH","SOUTH",36.05009,-86.66745,"THROWN OR FALLING OBJECT","37013","2022","January","Winter","10","Wednesday","Weekday","No Injuries","No Fatalities"
9.99002049018674e-314,2022-01-19 12:47:00,0,2,0,NA,"N","Front to Rear","RAIN","DARK - LIGHTED","DICKERSON PKE & PINE RIDGE DR","NASHVILLE","EAST",36.22139,-86.76178,"MOTOR VEHICLE IN TRANSPORT","37207","2022","January","Winter","12","Wednesday","Weekday","Injuries","No Fatalities"
9.99002049166894e-314,2022-01-19 12:10:00,0,0,0,NA,"Y","Front to Rear","RAIN","DARK - NOT LIGHTED","MM 212 0 I 40","NASHVILLE","HERMIT",36.14707,-86.74339,"MOTOR VEHICLE IN TRANSPORT","37210","2022","January","Winter","12","Wednesday","Weekday","No Injuries","No Fatalities"
9.99002050056212e-314,2022-01-19 12:56:00,0,0,0,NA,"N","HEAD-ON","RAIN","DAYLIGHT","OLD HICKORY BLVD & TOWNHOMES OF FREDERIC","BRENTWOOD","MIDTOW",36.03968,-86.76204,"MOTOR VEHICLE IN TRANSPORT","37027","2022","January","Winter","12","Wednesday","Weekday","No Injuries","No Fatalities"
9.99002050105618e-314,2022-01-19 12:55:00,0,0,0,NA,"N","ANGLE","RAIN","DAYLIGHT","I24E & I24 W ENT RAMP","NASHVILLE","HERMIT",36.13584,-86.7269,"MOTOR VEHICLE IN TRANSPORT","37210","2022","January","Winter","12","Wednesday","Weekday","No Injuries","No Fatalities"
9.99002050352651e-314,2022-01-19 12:59:00,0,0,0,NA,"N","HEAD-ON","RAIN","DAYLIGHT","OLD HICKORY BLVD & HIGHWAY 70S","NASHVILLE","WEST",36.07448,-86.92094,"MOTOR VEHICLE IN TRANSPORT","37221","2022","January","Winter","12","Wednesday","Weekday","No Injuries","No Fatalities"
9.9900205109375e-314,2022-01-19 12:53:00,0,0,0,NA,"N","ANGLE","RAIN","DAYLIGHT","ROBERTSON AV & BRILEY PKWYS","NASHVILLE","WEST",36.15393,-86.85749,"MOTOR VEHICLE IN TRANSPORT","37209","2022","January","Winter","12","Wednesday","Weekday","No Injuries","No Fatalities"
9.99002082565731e-314,2022-01-19 06:00:00,0,0,0,NA,"Y","Front to Rear","RAIN","DAYLIGHT","OLD HICKORY BLVD & LEBANON PKE","HERMITAGE","HERMIT",36.19841,-86.62026,"MOTOR VEHICLE IN TRANSPORT","37076","2022","January","Winter","06","Wednesday","Weekday","No Injuries","No Fatalities"
9.99002093385769e-314,2022-01-20 00:05:00,0,0,1,NA,"N","NOT COLLISION W/MOTOR VEHICLE-TRANSPORT","RAIN","DARK - LIGHTED","ACKLEN PARK DR & HILLCREST PL","NASHVILLE","MIDTOW",36.14172,-86.81857,"PEDESTRIAN","37203","2022","January","Winter","00","Thursday","Weekday","No Injuries","With Fatalities"
9.99002095757284e-314,2022-01-20 00:10:00,0,1,0,NA,"N","SIDESWIPE - SAME DIRECTION","RAIN","DARK - LIGHTED","OLD HICKORY BLVD & LAKESHORE DR","OLD HICKORY","HERMIT",36.23902,-86.63034,"MOTOR VEHICLE IN TRANSPORT","37138","2022","January","Winter","00","Thursday","Weekday","Injuries","No Fatalities"
9.99002097091261e-314,2022-01-20 00:37:00,0,1,0,NA,"Y","ANGLE","RAIN","DARK - NOT LIGHTED","MURFREESBORO PKE & UNA ANTIOCH PKE","NASHVILLE","HERMIT",36.08526,-86.64785,"MOTOR VEHICLE IN TRANSPORT","37217","2022","January","Winter","00","Thursday","Weekday","Injuries","No Fatalities"
9.99002097338294e-314,2022-01-20 00:40:00,0,3,0,NA,"N","SIDESWIPE - SAME DIRECTION","RAIN","DARK - LIGHTED","CLARKSVILLE PKE & NORTH GATE SHOPPING CT","NASHVILLE","NORTH",36.19949,-86.83874,"MOTOR VEHICLE IN TRANSPORT","37218","2022","January","Winter","00","Thursday","Weekday","Injuries","No Fatalities"
9.99002097486514e-314,2022-01-20 00:45:00,0,1,0,NA,"N","ANGLE","RAIN","DARK - LIGHTED","S 6TH ST & WOODLAND ST","NASHVILLE","EAST",36.17259,-86.7628,"MOTOR VEHICLE IN TRANSPORT","37206","2022","January","Winter","00","Thursday","Weekday","Injuries","No Fatalities"
9.99002100055655e-314,2022-01-20 01:26:00,0,0,0,NA,"Y","ANGLE","RAIN","DARK - LIGHTED","MM 87 2 I 65","NASHVILLE","EAST",36.20605,-86.77653,"MOTOR VEHICLE IN TRANSPORT","37207","2022","January","Winter","01","Thursday","Weekday","No Injuries","No Fatalities"
9.9900210099438e-314,2022-01-20 00:30:00,0,0,0,NA,"Y","SIDESWIPE - SAME DIRECTION","RAIN","DARK - LIGHTED","3300 ANTIOCH PKE","NASHVILLE","SOUTH",36.10126,-86.73937,"PARKED MOTOR VEHICLE","37211","2022","January","Winter","00","Thursday","Weekday","No Injuries","No Fatalities"
9.99002101587259e-314,2022-01-20 01:52:00,0,1,0,NA,"Y","ANGLE","RAIN","DARK - LIGHTED","NOLENSVILLE PKE & FAIRLANE DR","NASHVILLE","SOUTH",36.0644,-86.71719,"Motor Vehicle-In-Motion Outside Trafficw","37211","2022","January","Winter","01","Thursday","Weekday","Injuries","No Fatalities"
9.99002101834292e-314,2022-01-20 02:09:00,0,0,0,NA,"N","ANGLE","RAIN","DARK - LIGHTED","UNION ST & 5TH AVN","NASHVILLE","CENTRA",36.16451,-86.78106,"MOTOR VEHICLE IN TRANSPORT","37219","2022","January","Winter","02","Thursday","Weekday","No Injuries","No Fatalities"
9.99002102180138e-314,2022-01-20 01:55:00,0,0,0,NA,"Y","Front to Rear","RAIN","DARK - LIGHTED","7600 SAWYER BROWN ROAD & HIGHWAY 70 SOUT","NASHVILLE","WEST",36.077293,-86.945505,"PARKED MOTOR VEHICLE","37221","2022","January","Winter","01","Thursday","Weekday","No Injuries","No Fatalities"
9.99002103020049e-314,2022-01-20 01:35:00,0,0,0,NA,"N","ANGLE","RAIN","DARK - LIGHTED","JEFFERSON ST & 17TH AVN","NASHVILLE","NORTH",36.16988,-86.805,"MOTOR VEHICLE IN TRANSPORT","37208","2022","January","Winter","01","Thursday","Weekday","No Injuries","No Fatalities"
9.99002103859961e-314,2022-01-20 02:37:00,0,1,0,NA,"N","NOT COLLISION W/MOTOR VEHICLE-TRANSPORT","RAIN","DARK - LIGHTED","WHITSETT RD & HARTFORD DR","NASHVILLE","SOUTH",36.11483,-86.73517,"OTHER POST, POLE, SUPP.","37210","2022","January","Winter","02","Thursday","Weekday","Injuries","No Fatalities"
9.99002104205807e-314,2022-01-20 03:06:00,0,0,0,NA,"N","ANGLE","RAIN","DARK - LIGHTED","0 EDGE O LAKE DR","NASHVILLE","HERMIT",36.07937,-86.63256,"MOTOR VEHICLE IN TRANSPORT","37217","2022","January","Winter","03","Thursday","Weekday","No Injuries","No Fatalities"
9.99002104502246e-314,2022-01-20 01:50:00,0,0,0,NA,"Y","Front to Rear","RAIN","DARK - LIGHTED","HIGHWAY 70S & SAWYER BROWN RD","NASHVILLE","WEST",36.07689,-86.94522,"MOTOR VEHICLE IN TRANSPORT","37221","2022","January","Winter","01","Thursday","Weekday","No Injuries","No Fatalities"
9.99002106231476e-314,2022-01-20 02:55:00,0,0,0,NA,"N","Front to Rear","RAIN","DARK - LIGHTED","NOLENSVILLE PKE & ALLIED DR","NASHVILLE","MIDTOW",36.09662,-86.73791,"MOTOR VEHICLE IN TRANSPORT","37211","2022","January","Winter","02","Thursday","Weekday","No Injuries","No Fatalities"
9.99002107861892e-314,2022-01-20 03:40:00,0,0,0,NA,"N","NOT COLLISION W/MOTOR VEHICLE-TRANSPORT","RAIN","DARK - LIGHTED","MM 216 2 I 40","NASHVILLE","HERMIT",36.14167,-86.67334,"CONCRETE TRAFFIC BARRIER","37214","2022","January","Winter","03","Thursday","Weekday","No Injuries","No Fatalities"
9.99002108207738e-314,2022-01-20 01:00:00,0,0,0,NA,"Y","OTHER","RAIN","DARK - LIGHTED","CLIFTON AV & BOYD TAYLOR PARK PVTDR","NASHVILLE","WEST",36.15695,-86.83197,"PARKED MOTOR VEHICLE","37209","2022","January","Winter","01","Thursday","Weekday","No Injuries","No Fatalities"
9.99002110431034e-314,2022-01-20 04:33:00,0,0,0,NA,"N","ANGLE","RAIN","DARK - LIGHTED","WHITE BRIDGE PKE & I40 E ENT RAMP","NASHVILLE","WEST",36.15158,-86.85773,"MOTOR VEHICLE IN TRANSPORT","37209","2022","January","Winter","04","Thursday","Weekday","No Injuries","No Fatalities"
9.99002110727473e-314,2022-01-20 04:45:00,0,0,0,NA,"N","NOT COLLISION W/MOTOR VEHICLE-TRANSPORT","RAIN","DARK - LIGHTED","500 CASTLEGATE","NASHVILLE","HERMIT",36.084382,-86.612846,"WALL;Ran Off Road-Right","37217","2022","January","Winter","04","Thursday","Weekday","No Injuries","No Fatalities"
9.99002111715604e-314,2022-01-20 00:54:00,0,0,0,NA,"Y","NOT COLLISION W/MOTOR VEHICLE-TRANSPORT","RAIN","DARK - NOT LIGHTED","WHITES CREEK PKE & TRANHAM RD","WHITES CREEK","NORTH",36.28297,-86.8381,"EMBANKMENT EARTH","37189","2022","January","Winter","00","Thursday","Weekday","No Injuries","No Fatalities"
9.99001287811733e-314,2022-01-09 00:30:00,0,0,0,NA,"Y","NOT COLLISION W/MOTOR VEHICLE-TRANSPORT","RAIN","DARK - NOT LIGHTED","336 STONES RIVER CV","NASHVILLE","HERMIT",36.16163,-86.63101,"OTHER OBJECT (NOT FIXED)","37214","2022","January","Winter","00","Sunday","Weekend","No Injuries","No Fatalities"
9.99001288552832e-314,2022-01-09 07:50:00,0,1,0,NA,"N","NOT COLLISION W/MOTOR VEHICLE-TRANSPORT","RAIN","DARK - LIGHTED","GREENWOOD AV & CHAPEL AV","NASHVILLE","EAST",36.1896,-86.7385,"FIRE HYDRANT","37206","2022","January","Winter","07","Sunday","Weekend","Injuries","No Fatalities"
9.99001293789928e-314,2022-01-09 09:44:00,0,1,0,NA,"N","NOT COLLISION W/MOTOR VEHICLE-TRANSPORT","RAIN","DARK - LIGHTED","MM 88 3 I 65","NASHVILLE","EAST",36.22139,-86.77376,"GUARDRAIL FACE","37207","2022","January","Winter","09","Sunday","Weekend","Injuries","No Fatalities"
9.99001299768122e-314,2022-01-09 12:53:00,0,2,0,NA,"N","NOT COLLISION W/MOTOR VEHICLE-TRANSPORT","RAIN","DARK - LIGHTED","MM 48 1 I 24","NASHVILLE","EAST",36.17468,-86.77119,"MOTOR VEHICLE IN TRANSPORT;CONCRETE TRAFFIC BARRIER","37206","2022","January","Winter","12","Sunday","Weekend","Injuries","No Fatalities"
9.99001300311594e-314,2022-01-09 12:50:00,0,0,0,NA,"N","NOT COLLISION W/MOTOR VEHICLE-TRANSPORT","RAIN","DARK - LIGHTED","I24 E ENT RAMP & I 24","NASHVILLE","CENTRA",36.18859,-86.77633,"GUARDRAIL FACE","37213","2022","January","Winter","12","Sunday","Weekend","No Injuries","No Fatalities"
9.99001800750687e-314,2022-01-16 00:02:00,0,1,0,NA,"N","SIDESWIPE - SAME DIRECTION","RAIN","DARK - NOT LIGHTED","MM 58 2 I 24","ANTIOCH","SOUTH",36.05615,-86.6756,"MOTOR VEHICLE IN TRANSPORT","37013","2022","January","Winter","00","Sunday","Weekend","Injuries","No Fatalities"
9.99001802677543e-314,2022-01-16 00:45:00,0,1,0,NA,"N","NOT COLLISION W/MOTOR VEHICLE-TRANSPORT","RAIN","DARK - LIGHTED","ANDREW JACKSON PKWY & OLD HICKORY BLVD","HERMITAGE","HERMIT",36.1847,-86.60998,"PEDESTRIAN","37076","2022","January","Winter","00","Sunday","Weekend","Injuries","No Fatalities"
9.99001803566861e-314,2022-01-16 01:26:00,0,0,1,NA,"Y","NOT COLLISION W/MOTOR VEHICLE-TRANSPORT","RAIN","DARK - LIGHTED","DICKERSON PKE & SUNSET DR","NASHVILLE","EAST",36.22397,-86.76085,"PEDESTRIAN","37207","2022","January","Winter","01","Sunday","Weekend","No Injuries","With Fatalities"
9.99001804209147e-314,2022-01-16 01:00:00,0,0,0,NA,"N","ANGLE","RAIN","DARK - LIGHTED","MURFREESBORO PKE & PAVILION BLVD","NASHVILLE","HERMIT",36.13334,-86.7215,"MOTOR VEHICLE IN TRANSPORT","37217","2022","January","Winter","01","Sunday","Weekend","No Injuries","No Fatalities"