"Accident.Number","Date.and.Time","Number.of.Motor.Vehicles","Number.of.Injuries","Number.of.Fatalities","Property.Damage","Hit.and.Run","Collision.Type.Description","Weather.Description","Illumination.Description","Street.Address","City","Precinct","Latitude","Longitude","HarmfulDescriptions","Zip.Code","Year","Month","Season","Hour","Weekday","DayType","Accident","Fatality_category"
9.99001805444311e-314,2022-01-16 01:30:00,0,0,0,NA,"Y","SIDESWIPE - SAME DIRECTION","RAIN","DARK - LIGHTED","BRILEY PKWYN & BRILEY PKWYS","NASHVILLE","SOUTH",36.17492,-86.69066,"MOTOR VEHICLE IN TRANSPORT","37211","2022","January","Winter","01","Sunday","Weekend","No Injuries","No Fatalities"
9.99001806778288e-314,2022-01-16 01:45:00,0,0,0,NA,"N","NOT COLLISION W/MOTOR VEHICLE-TRANSPORT","RAIN","DARK - LIGHTED","DICKERSON PKE & BROADMOOR DR","NASHVILLE","EAST",36.22905,-86.75934,"OTHER POST, POLE, SUPP.;CONCRETE TRAFFIC BARRIER;OTHER FIXED OBJECTS","37207","2022","January","Winter","01","Sunday","Weekend","No Injuries","No Fatalities"
9.99001808952177e-314,2022-01-16 02:33:00,0,0,0,NA,"N","SIDESWIPE - SAME DIRECTION","RAIN","DARK - LIGHTED","KOREAN VETERANS BLVD & 5TH AVS","NASHVILLE","CENTRA",36.15657,-86.77587,"MOTOR VEHICLE IN TRANSPORT","37203","2022","January","Winter","02","Sunday","Weekend","No Injuries","No Fatalities"
9.99001809446242e-314,2022-01-16 03:03:00,0,0,0,NA,"N","ANGLE","RAIN","DARK - LIGHTED","PARAGON MILLS RD & DEWAIN DR","NASHVILLE","SOUTH",36.08913,-86.72074,"MOTOR VEHICLE IN TRANSPORT","37211","2022","January","Winter","03","Sunday","Weekend","No Injuries","No Fatalities"
9.99001810681406e-314,2022-01-16 03:30:00,0,1,0,NA,"N","NOT COLLISION W/MOTOR VEHICLE-TRANSPORT","RAIN","DARK - NOT LIGHTED","SHUTE LN & LEBANON PKE","HERMITAGE","HERMIT",36.2156,-86.60485,"DITCH","37076","2022","January","Winter","03","Sunday","Weekend","Injuries","No Fatalities"
9.99001811620131e-314,2022-01-16 03:52:00,0,2,0,NA,"N","Front to Rear","RAIN","DARK - LIGHTED","HARDING PL & SEVEN MILE CREEK HARDING MA","NASHVILLE","SOUTH",36.07982,-86.7255,"MOTOR VEHICLE IN TRANSPORT","37211","2022","January","Winter","03","Sunday","Weekend","Injuries","No Fatalities"
9.99001812756482e-314,2022-01-16 04:06:00,0,0,0,NA,"N","HEAD-ON","RAIN","DARK - LIGHTED","BELL RD & BEECHWOOD TER","ANTIOCH","SOUTH",36.04488,-86.66783,"MOTOR VEHICLE IN TRANSPORT","37013","2022","January","Winter","04","Sunday","Weekend","No Injuries","No Fatalities"
9.99001813299954e-314,2022-01-16 04:45:00,0,0,0,NA,"N","ANGLE","RAIN","DARK - LIGHTED","W TRINITY LN & BAPTIST WORLD CENTER DR","NASHVILLE","NORTH",36.20687,-86.79212,"MOTOR VEHICLE IN TRANSPORT","37207","2022","January","Winter","04","Sunday","Weekend","No Injuries","No Fatalities"
9.99001814831558e-314,2022-01-16 05:16:00,0,0,0,NA,"Y","NOT COLLISION W/MOTOR VEHICLE-TRANSPORT","RAIN","DARK - LIGHTED","CROSSINGS PL & CROSSINGS BLVD","ANTIOCH","SOUTH",36.04438,-86.64776,"EMBANKMENT EARTH","37013","2022","January","Winter","05","Sunday","Weekend","No Injuries","No Fatalities"
9.9900181695604e-314,2022-01-16 05:23:00,0,0,0,NA,"N","Front to Rear","RAIN","DARK - LIGHTED","HIGHWAY 70S & COLEY DAVIS RD","NASHVILLE","WEST",36.07957,-86.95351,"MOTOR VEHICLE IN TRANSPORT","37221","2022","January","Winter","05","Sunday","Weekend","No Injuries","No Fatalities"
9.99001817894765e-314,2022-01-15 06:00:00,0,0,0,NA,"N","ANGLE","RAIN","DARK - NOT LIGHTED","HARDING PL & BINKLEY DR","NASHVILLE","MIDTOW",36.07731,-86.73911,"MOTOR VEHICLE IN TRANSPORT","37211","2022","January","Winter","06","Saturday","Weekend","No Injuries","No Fatalities"
9.99001818487644e-314,2022-01-16 05:59:00,0,0,0,NA,"Y","Front to Rear","RAIN","DARK - LIGHTED","0 21ST AVS","NASHVILLE","MIDTOW",36.14711,-86.79921,"MOTOR VEHICLE IN TRANSPORT","37212","2022","January","Winter","05","Sunday","Weekend","No Injuries","No Fatalities"
9.99001819426368e-314,2022-01-16 06:27:00,0,0,0,NA,"Y","ANGLE","RAIN","DARK - NOT LIGHTED","ELLINGTON PKWYN & ELLINGTON PKWY N EXT R","NASHVILLE","EAST",36.22747,-86.74661,"MOTOR VEHICLE IN TRANSPORT","37216","2022","January","Winter","06","Sunday","Weekend","No Injuries","No Fatalities"
9.99001819722808e-314,2022-01-16 06:25:00,0,0,0,NA,"N","ANGLE","RAIN","DARK - LIGHTED","GALLATIN PKE & E TRINITY LN","NASHVILLE","EAST",36.20355,-86.73853,"MOTOR VEHICLE IN TRANSPORT","37216","2022","January","Winter","06","Sunday","Weekend","No Injuries","No Fatalities"
9.99001820315687e-314,2022-01-16 06:15:00,0,0,0,NA,"Y","Front to Rear","RAIN","DARK - LIGHTED","BROADWAY & I40 W EXT RAMP","NASHVILLE","CENTRA",36.15582,-86.78929,"MOTOR VEHICLE IN TRANSPORT","37203","2022","January","Winter","06","Sunday","Weekend","No Injuries","No Fatalities"
9.99001822291949e-314,2022-01-16 07:17:00,0,1,0,NA,"N","NOT COLLISION W/MOTOR VEHICLE-TRANSPORT","RAIN","DARK - LIGHTED","BELL RD & MT VIEW RD","ANTIOCH","SOUTH",36.04998,-86.6495,"UTILITY POLE;UNKNOWN MOST HARMFUL EVENT","37013","2022","January","Winter","07","Sunday","Weekend","Injuries","No Fatalities"
9.99001823922366e-314,2022-01-16 07:51:00,0,4,0,NA,"N","ANGLE","RAIN","DARK - LIGHTED","MURFREESBORO PKE & NASHBORO BLVD","ANTIOCH","SOUTH",36.08691,-86.64868,"MOTOR VEHICLE IN TRANSPORT","37013","2022","January","Winter","07","Sunday","Weekend","Injuries","No Fatalities"
9.99001826837353e-314,2022-01-16 08:45:00,0,1,0,NA,"N","Front to Rear","RAIN","DARK - LIGHTED","STATE RT 45 & GALLATIN PKEN","MADISON","MADISO",36.26307,-86.71192,"MOTOR VEHICLE IN TRANSPORT","37115","2022","January","Winter","08","Sunday","Weekend","Injuries","No Fatalities"
9.99001827677265e-314,2022-01-16 09:14:00,0,4,0,NA,"N","Front to Rear","RAIN","DARK - LIGHTED","MM 215 9 I 40","NASHVILLE","HERMIT",36.14198,-86.67785,"MOTOR VEHICLE IN TRANSPORT","37217","2022","January","Winter","09","Sunday","Weekend","Injuries","No Fatalities"
9.99001829011242e-314,2022-01-16 10:00:00,0,0,0,NA,"Y","NOT COLLISION W/MOTOR VEHICLE-TRANSPORT","RAIN","DARK - LIGHTED","JUAREZ DR & LEBANON PKE","HERMITAGE","HERMIT",36.19264,-86.62331,"EMBANKMENT ROCK/STONE/CONCRETE","37076","2022","January","Winter","10","Sunday","Weekend","No Injuries","No Fatalities"
9.99001829208868e-314,2022-01-16 06:00:00,0,0,0,NA,"N","NOT COLLISION W/MOTOR VEHICLE-TRANSPORT","RAIN","DARK - LIGHTED","NEELYS BEND RD & LARKIN SPRINGS RD","MADISON","MADISO",36.24965,-86.68678,"EMBANKMENT EARTH;UNKNOWN MOST HARMFUL EVENT","37115","2022","January","Winter","06","Sunday","Weekend","No Injuries","No Fatalities"
9.99001831530977e-314,2022-01-16 10:15:00,0,0,0,NA,"Y","NOT COLLISION W/MOTOR VEHICLE-TRANSPORT","RAIN","DARK - NOT LIGHTED","200 RIVERSIDE DR CNCTR","NASHVILLE","EAST",36.167,-86.72506,"DITCH","37206","2022","January","Winter","10","Sunday","Weekend","No Injuries","No Fatalities"
9.99004392372032e-314,2022-02-17 06:00:00,0,1,0,NA,"N","ANGLE","RAIN","DAYLIGHT","2ND AVS & ELM ST","NASHVILLE","CENTRA",36.15416,-86.77015,"MOTOR VEHICLE IN TRANSPORT","37210","2022","February","Winter","06","Thursday","Weekday","Injuries","No Fatalities"
9.99004412233471e-314,2022-02-17 06:00:00,0,0,0,NA,"N","ANGLE","RAIN","DAYLIGHT","DELLWAY VILLA RD & DICKERSON PKE","NASHVILLE","EAST",36.21357,-86.76452,"MOTOR VEHICLE IN TRANSPORT","37207","2022","February","Winter","06","Thursday","Weekday","No Injuries","No Fatalities"
9.99004421423092e-314,2022-02-18 00:13:00,0,0,0,NA,"Y","SIDESWIPE - SAME DIRECTION","RAIN","DARK - LIGHTED","MYATT DR & ANDERSON LN","MADISON","MADISO",36.27329,-86.68948,"MOTOR VEHICLE IN TRANSPORT","37115","2022","February","Winter","00","Friday","Weekday","No Injuries","No Fatalities"
9.99004424930958e-314,2022-02-18 00:04:00,0,0,0,NA,"Y","ANGLE","RAIN","DARK - NOT LIGHTED","STEWARTS FERRY PKE & BELL RD","NASHVILLE","HERMIT",36.15225,-86.62507,"MOTOR VEHICLE IN TRANSPORT","37214","2022","February","Winter","00","Friday","Weekday","No Injuries","No Fatalities"
9.99004426956627e-314,2022-02-18 01:30:00,0,0,0,NA,"N","NOT COLLISION W/MOTOR VEHICLE-TRANSPORT","RAIN","DARK - LIGHTED","MM 93 4 I 65","MADISON","MADISO",36.28111,-86.7325,"GUARDRAIL END;Ran Off Road-Right","37115","2022","February","Winter","01","Friday","Weekday","No Injuries","No Fatalities"
9.99004427944759e-314,2022-02-18 01:50:00,0,0,0,NA,"N","NOT COLLISION W/MOTOR VEHICLE-TRANSPORT","RAIN","DARK - LIGHTED","0 W TRINITY LN","NASHVILLE","NORTH",36.20746,-86.7845,"","37207","2022","February","Winter","01","Friday","Weekday","No Injuries","No Fatalities"
9.99004433527701e-314,2022-02-18 01:20:00,0,0,0,NA,"Y","Front to Rear","RAIN","DARK - LIGHTED","GALLATIN PKES & MADISON SQ","MADISON","MADISO",36.25316,-86.71685,"MOTOR VEHICLE IN TRANSPORT","37115","2022","February","Winter","01","Friday","Weekday","No Injuries","No Fatalities"
9.99003287196589e-314,2022-02-04 00:15:00,0,1,0,NA,"N","NOT COLLISION W/MOTOR VEHICLE-TRANSPORT","RAIN","DARK - NOT LIGHTED","22ND AVN & BATAVIA ST","NASHVILLE","NORTH",36.16097,-86.81008,"PEDESTRIAN","37208","2022","February","Winter","00","Friday","Weekday","Injuries","No Fatalities"
9.9900330271025e-314,2022-02-04 04:29:00,0,0,0,NA,"N","ANGLE","RAIN","DARK - LIGHTED","MM 47 3 I 24","NASHVILLE","EAST",36.1834,-86.77537,"MOTOR VEHICLE IN TRANSPORT","37207","2022","February","Winter","04","Friday","Weekday","No Injuries","No Fatalities"
9.99003303401942e-314,2022-02-04 04:20:00,0,2,0,NA,"N","ANGLE","RAIN","DARK - LIGHTED","WOODMONT BLVD & LEALAND LN","NASHVILLE","MIDTOW",36.11095,-86.78753,"MOTOR VEHICLE IN TRANSPORT","37204","2022","February","Winter","04","Friday","Weekday","Injuries","No Fatalities"
9.99004735994689e-314,2022-02-22 00:39:00,0,0,0,NA,"N","Front to Rear","RAIN","DARK - LIGHTED","MM 47 4 I 24","NASHVILLE","CENTRA",36.18253,-86.7749,"MOTOR VEHICLE IN TRANSPORT","37207","2022","February","Winter","00","Tuesday","Weekday","No Injuries","No Fatalities"
9.99004741528224e-314,2022-02-22 03:28:00,0,1,0,NA,"N","NOT COLLISION W/MOTOR VEHICLE-TRANSPORT","RAIN","DARK - LIGHTED","MM 211 5 I 40","NASHVILLE","HERMIT",36.1514,-86.75124,"CONCRETE TRAFFIC BARRIER","37210","2022","February","Winter","03","Tuesday","Weekday","Injuries","No Fatalities"
9.99004742961015e-314,2022-02-22 04:08:00,0,0,0,NA,"Y","NOT COLLISION W/MOTOR VEHICLE-TRANSPORT","RAIN","DARK - LIGHTED","OLD TIME VILLAGE PVTDR & OLD HICKORY BLV","MADISON","MADISO",36.26347,-86.71319,"LUMINAIRE/LIGHT SUPPORT","37115","2022","February","Winter","04","Tuesday","Weekday","No Injuries","No Fatalities"
9.99004752101229e-314,2022-02-22 07:09:00,0,1,0,NA,"N","NOT COLLISION W/MOTOR VEHICLE-TRANSPORT","RAIN","DARK - NOT LIGHTED","MM 193 2 I 40","NASHVILLE","WEST",36.07739,-87.00835,"GUARDRAIL FACE","37221","2022","February","Winter","07","Tuesday","Weekday","Injuries","No Fatalities"
9.99004757486545e-314,2022-02-22 09:13:00,0,0,0,NA,"N","NOT COLLISION W/MOTOR VEHICLE-TRANSPORT","RAIN","DARK - LIGHTED","I65 N EXT RAMP & I65 N ENT RAMP","NASHVILLE","EAST",36.20627,-86.77349,"CONCRETE TRAFFIC BARRIER","37207","2022","February","Winter","09","Tuesday","Weekday","No Injuries","No Fatalities"
9.99004764551683e-314,2022-02-22 12:30:00,0,4,0,NA,"N","Front to Rear","RAIN","DAYLIGHT","SHELBY AV & S 4TH ST","NASHVILLE","EAST",36.16701,-86.76373,"MOTOR VEHICLE IN TRANSPORT","37206","2022","February","Winter","12","Tuesday","Weekday","Injuries","No Fatalities"
9.99004765836254e-314,2022-02-22 12:55:00,0,0,0,NA,"N","ANGLE","RAIN","DAYLIGHT","WEST END AV & WHITEHALL","NASHVILLE","WEST",36.13335,-86.82869,"MOTOR VEHICLE IN TRANSPORT","37205","2022","February","Winter","12","Tuesday","Weekday","No Injuries","No Fatalities"
9.99004766379726e-314,2022-02-22 10:00:00,0,0,0,NA,"N","NOT COLLISION W/MOTOR VEHICLE-TRANSPORT","RAIN","DARK - NOT LIGHTED","WOODLAWN DR & ESTES RD","NASHVILLE","WEST",36.12452,-86.83499,"FENCE;EMBANKMENT ROCK/STONE/CONCRETE","37215","2022","February","Winter","10","Tuesday","Weekday","No Injuries","No Fatalities"
9.9900477107335e-314,2022-02-22 10:56:00,0,0,0,NA,"Y","NOT COLLISION W/MOTOR VEHICLE-TRANSPORT","RAIN","DARK - LIGHTED","RICE RD & EDGE O LAKE DR","ANTIOCH","SOUTH",36.07291,-86.64567,"CURB;Ran Off Road-Right;EMBANKMENT EARTH","37013","2022","February","Winter","10","Tuesday","Weekday","No Injuries","No Fatalities"
9.99004800173816e-314,2022-02-22 06:00:00,0,0,0,NA,"Y","SIDESWIPE - SAME DIRECTION","RAIN","DAYLIGHT","OLD HICKORY BLVD & FRIST BLVD","HERMITAGE","HERMIT",36.18092,-86.60656,"MOTOR VEHICLE IN TRANSPORT","37076","2022","February","Winter","06","Tuesday","Weekday","No Injuries","No Fatalities"
9.99004803335836e-314,2022-02-22 06:00:00,0,0,0,NA,"N","ANGLE","RAIN","DAYLIGHT","CHURCH ST & 2ND AVN","NASHVILLE","CENTRA",36.16457,-86.77691,"MOTOR VEHICLE IN TRANSPORT","37201","2022","February","Winter","06","Tuesday","Weekday","No Injuries","No Fatalities"
9.99004807930647e-314,2022-02-22 06:00:00,0,0,0,NA,"N","Front to Rear","RAIN","DARK - LIGHTED","THOMPSON LN & LANDERS AV","NASHVILLE","MIDTOW",36.11112,-86.74816,"MOTOR VEHICLE IN TRANSPORT","37211","2022","February","Winter","06","Tuesday","Weekday","No Injuries","No Fatalities"
9.990048113397e-314,2022-02-23 00:08:00,0,0,0,NA,"N","NOT COLLISION W/MOTOR VEHICLE-TRANSPORT","RAIN","DARK - LIGHTED","LEBANON PKE & BRILEY PKWYN","NASHVILLE","HERMIT",36.16838,-86.68833,"UTILITY POLE","37214","2022","February","Winter","00","Wednesday","Weekday","No Injuries","No Fatalities"
9.99004812624271e-314,2022-02-23 00:21:00,0,0,0,NA,"N","NOT COLLISION W/MOTOR VEHICLE-TRANSPORT","RAIN","DARK - LIGHTED","DIVISION ST & 5TH AVS","NASHVILLE","CENTRA",36.15147,-86.77354,"UTILITY POLE","37203","2022","February","Winter","00","Wednesday","Weekday","No Injuries","No Fatalities"
9.99004812970117e-314,2022-02-23 00:29:00,0,1,0,NA,"N","NOT COLLISION W/MOTOR VEHICLE-TRANSPORT","RAIN","DARK - LIGHTED","CHARLOTTE AV & 20TH AVN","NASHVILLE","MIDTOW",36.15711,-86.80361,"PEDESTRIAN","37203","2022","February","Winter","00","Wednesday","Weekday","Injuries","No Fatalities"
9.99004813612402e-314,2022-02-23 00:34:00,0,0,0,NA,"Y","SIDESWIPE - SAME DIRECTION","RAIN","DARK - NOT LIGHTED","MM 55 5 I 24","NASHVILLE","SOUTH",36.08859,-86.70215,"MOTOR VEHICLE IN TRANSPORT","37211","2022","February","Winter","00","Wednesday","Weekday","No Injuries","No Fatalities"
9.99004815292225e-314,2022-02-23 01:07:00,0,0,0,NA,"N","REAR-TO-REAR","RAIN","DARK - LIGHTED","MM 55 4 I 24","NASHVILLE","SOUTH",36.08916,-86.70234,"PARKED MOTOR VEHICLE","37211","2022","February","Winter","01","Wednesday","Weekday","No Injuries","No Fatalities"
9.99004815440445e-314,2022-02-23 01:08:00,0,0,0,NA,"Y","Rear to Side","RAIN","DARK - NOT LIGHTED","BEVERLY DR & OLD HICKORY BLVDW","MADISON","MADISO",36.26377,-86.72523,"MOTOR VEHICLE IN TRANSPORT;PARKED MOTOR VEHICLE","37115","2022","February","Winter","01","Wednesday","Weekday","No Injuries","No Fatalities"
9.99004815638071e-314,2022-02-23 00:15:00,0,0,0,NA,"Y","Front to Rear","RAIN","DARK - LIGHTED","BELL RD & CANE RIDGE RD","ANTIOCH","SOUTH",36.04478,-86.66168,"MOTOR VEHICLE IN TRANSPORT","37013","2022","February","Winter","00","Wednesday","Weekday","No Injuries","No Fatalities"
9.99004815885104e-314,2022-02-23 01:20:00,0,1,0,NA,"N","NOT COLLISION W/MOTOR VEHICLE-TRANSPORT","RAIN","DARK - LIGHTED","MM 211 6 I 40","NASHVILLE","HERMIT",36.15102,-86.75032,"CONCRETE TRAFFIC BARRIER","37210","2022","February","Winter","01","Wednesday","Weekday","Injuries","No Fatalities"
9.99004817120268e-314,2022-02-23 01:45:00,0,0,0,NA,"Y","NOT COLLISION W/MOTOR VEHICLE-TRANSPORT","RAIN","DARK - LIGHTED","TAMPA DR & HARDING PL","NASHVILLE","SOUTH",36.08267,-86.71049,"FENCE","37211","2022","February","Winter","01","Wednesday","Weekday","No Injuries","No Fatalities"
9.99004818157806e-314,2022-02-23 02:11:00,0,1,0,NA,"N","NOT COLLISION W/MOTOR VEHICLE-TRANSPORT","RAIN","DARK - LIGHTED","20TH AVS & WEST END AV","NASHVILLE","MIDTOW",36.15137,-86.79933,"PEDESTRIAN","37203","2022","February","Winter","02","Wednesday","Weekday","Injuries","No Fatalities"
9.99004818651871e-314,2022-02-23 02:15:00,0,3,0,NA,"N","ANGLE","RAIN","DARK - LIGHTED","I40 W EXT RAMP & I 40","NASHVILLE","CENTRA",36.15147,-86.75135,"MOTOR VEHICLE IN TRANSPORT","37203","2022","February","Winter","02","Wednesday","Weekday","Injuries","No Fatalities"
9.99004818750685e-314,2022-02-23 01:50:00,0,0,0,NA,"N","NOT COLLISION W/MOTOR VEHICLE-TRANSPORT","RAIN","DARK - NOT LIGHTED","GRAYS POINT RD & CRAFT RD","JOELTON","NORTH",36.29181,-86.90869,"UTILITY POLE","37080","2022","February","Winter","01","Wednesday","Weekday","No Injuries","No Fatalities"
9.99004819343563e-314,2022-02-23 02:27:00,0,1,0,NA,"Y","Front to Rear","RAIN","DARK - LIGHTED","GALLATIN PKES & MADISON SQ","MADISON","MADISO",36.25322,-86.7168,"MOTOR VEHICLE IN TRANSPORT","37115","2022","February","Winter","02","Wednesday","Weekday","Injuries","No Fatalities"
9.99004821517452e-314,2022-02-23 03:03:00,0,1,0,NA,"N","HEAD-ON","RAIN","DARK - NOT LIGHTED","BRILEY PKWYE & BRILEY PKWYW","NASHVILLE","MADISO",36.23644,-86.72854,"MOTOR VEHICLE IN TRANSPORT","37207","2022","February","Winter","03","Wednesday","Weekday","Injuries","No Fatalities"
9.99004822011518e-314,2022-02-23 03:09:00,0,0,0,NA,"N","ANGLE","RAIN","DARK - LIGHTED","DEMONBREUN ST & 9TH AVS","NASHVILLE","CENTRA",36.15634,-86.78211,"MOTOR VEHICLE IN TRANSPORT","37203","2022","February","Winter","03","Wednesday","Weekday","No Injuries","No Fatalities"
9.99004824728879e-314,2022-02-23 04:14:00,0,3,0,NA,"N","ANGLE","RAIN","DARK - LIGHTED","ELM HILL PKE & DONELSON PKE","NASHVILLE","HERMIT",36.14881,-86.66628,"MOTOR VEHICLE IN TRANSPORT","37214","2022","February","Winter","04","Wednesday","Weekday","Injuries","No Fatalities"
9.99004826309889e-314,2022-02-23 04:50:00,0,0,0,NA,"N","NOT COLLISION W/MOTOR VEHICLE-TRANSPORT","RAIN","DARK - LIGHTED","BARCLAY DR & CHAPMAN DR","NASHVILLE","EAST",36.18018,-86.72134,"MAIL BOX","37206","2022","February","Winter","04","Wednesday","Weekday","No Injuries","No Fatalities"
9.99004827940306e-314,2022-02-23 05:25:00,0,0,0,NA,"Y","SIDESWIPE - SAME DIRECTION","RAIN","DARK - LIGHTED","SPRING ST & I24 W EXT RAMP","NASHVILLE","EAST",36.17673,-86.77231,"MOTOR VEHICLE IN TRANSPORT","37213","2022","February","Winter","05","Wednesday","Weekday","No Injuries","No Fatalities"
9.99004828137932e-314,2022-02-23 01:34:00,0,0,0,NA,"N","ANGLE","RAIN","DARK - LIGHTED","MM 57 7 I 24","ANTIOCH","SOUTH",36.06185,-86.68182,"MOTOR VEHICLE IN TRANSPORT","37013","2022","February","Winter","01","Wednesday","Weekday","No Injuries","No Fatalities"
9.99004903137097e-314,2022-02-24 00:10:00,0,1,0,NA,"N","Front to Rear","RAIN","DARK - LIGHTED","MM 219 4 I 40","NASHVILLE","HERMIT",36.15968,-86.62267,"MOTOR VEHICLE IN TRANSPORT","37214","2022","February","Winter","00","Thursday","Weekday","Injuries","No Fatalities"
9.9900490323591e-314,2022-02-24 00:10:00,0,1,0,NA,"N","Front to Rear","RAIN","DARK - LIGHTED","MM 47 2 I 24","NASHVILLE","EAST",36.18585,-86.77523,"MOTOR VEHICLE IN TRANSPORT","37207","2022","February","Winter","00","Thursday","Weekday","Injuries","No Fatalities"
9.99004903729976e-314,2022-02-24 00:13:00,0,1,0,NA,"N","Front to Rear","RAIN","DARK - LIGHTED","MM 92 8 I 65","MADISON","MADISO",36.27303,-86.73582,"MOTOR VEHICLE IN TRANSPORT","37115","2022","February","Winter","00","Thursday","Weekday","Injuries","No Fatalities"
9.99004905310986e-314,2022-02-24 00:41:00,0,1,0,NA,"Y","Front to Rear","RAIN","DARK - LIGHTED","GALLATIN PKES & NEELYS BEND RD","MADISON","MADISO",36.25619,-86.71438,"MOTOR VEHICLE IN TRANSPORT","37115","2022","February","Winter","00","Thursday","Weekday","Injuries","No Fatalities"
9.99004905409799e-314,2022-02-24 00:44:00,0,0,0,NA,"N","ANGLE","RAIN","DARK - LIGHTED","LEBANON PKE & BRILEY PKWY N ENT RAMP","NASHVILLE","HERMIT",36.16842,-86.68797,"MOTOR VEHICLE IN TRANSPORT","37214","2022","February","Winter","00","Thursday","Weekday","No Injuries","No Fatalities"
9.99004905755645e-314,2022-02-24 00:44:00,0,0,0,NA,"N","SIDESWIPE - SAME DIRECTION","RAIN","DARK - LIGHTED","I40 W EXT RAMP & I 40","NASHVILLE","CENTRA",36.14415,-86.69204,"MOTOR VEHICLE IN TRANSPORT","37203","2022","February","Winter","00","Thursday","Weekday","No Injuries","No Fatalities"
9.99004906496743e-314,2022-02-24 01:01:00,0,1,0,NA,"N","ANGLE","RAIN","DARK - NOT LIGHTED","NOLENSVILLE PKE & SUGAR VALLEY DR","ANTIOCH","SOUTH",36.01538,-86.70566,"MOTOR VEHICLE IN TRANSPORT","37013","2022","February","Winter","01","Thursday","Weekday","Injuries","No Fatalities"
9.99004908176567e-314,2022-02-24 01:30:00,0,1,0,NA,"N","NOT COLLISION W/MOTOR VEHICLE-TRANSPORT","RAIN","DARK - LIGHTED","MM 221 6 I 40","HERMITAGE","HERMIT",36.16962,-86.58701,"","37076","2022","February","Winter","01","Thursday","Weekday","Injuries","No Fatalities"
9.9900490955995e-314,2022-02-24 01:50:00,0,1,0,NA,"Y","NOT COLLISION W/MOTOR VEHICLE-TRANSPORT","RAIN","DARK - LIGHTED","BELMONT BLVD & PORTLAND AV","NASHVILLE","MIDTOW",36.13254,-86.79548,"MOTOR VEHICLE IN TRANSPORT;PEDESTRIAN","37212","2022","February","Winter","01","Thursday","Weekday","Injuries","No Fatalities"
9.99004910696301e-314,2022-02-24 02:07:00,0,0,0,NA,"N","ANGLE","RAIN","DARK - LIGHTED","I440 W EXT RAMP & I 440","NASHVILLE","SOUTH",36.12388,-86.74795,"MOTOR VEHICLE IN TRANSPORT","37210","2022","February","Winter","02","Thursday","Weekday","No Injuries","No Fatalities"
9.99004913117223e-314,2022-02-24 02:35:00,0,0,0,NA,"N","ANGLE","RAIN","DARK - LIGHTED","BELL RD & ANDERSON RD","NASHVILLE","HERMIT",36.07472,-86.63501,"MOTOR VEHICLE IN TRANSPORT","37217","2022","February","Winter","02","Thursday","Weekday","No Injuries","No Fatalities"
9.99004916229837e-314,2022-02-24 03:41:00,0,3,0,NA,"Y","SIDESWIPE - SAME DIRECTION","RAIN","DARK - LIGHTED","MM 87 3 I 65","NASHVILLE","EAST",36.20718,-86.77639,"MOTOR VEHICLE IN TRANSPORT;GUARDRAIL FACE","37207","2022","February","Winter","03","Thursday","Weekday","Injuries","No Fatalities"
9.99004918206099e-314,2022-02-24 04:14:00,0,1,0,NA,"N","NOT COLLISION W/MOTOR VEHICLE-TRANSPORT","RAIN","DARK - NOT LIGHTED","WHITES CREEK PKE & WHITES CREEK PKE PVTD","JOELTON","NORTH",36.32768,-86.86933,"UTILITY POLE;Ran Off Road-Right","37080","2022","February","Winter","04","Thursday","Weekday","Injuries","No Fatalities"
9.99004918601352e-314,2022-02-24 04:23:00,0,2,0,NA,"N","ANGLE","RAIN","DARK - LIGHTED","CHARLOTTE PKE & RUSSLEO DR","NASHVILLE","WEST",36.14029,-86.87905,"MOTOR VEHICLE IN TRANSPORT","37209","2022","February","Winter","04","Thursday","Weekday","Injuries","No Fatalities"
9.99004921862185e-314,2022-02-24 01:40:00,0,0,0,NA,"Y","ANGLE","RAIN","DARK - LIGHTED","EULALA DR & OLD HICKORY BLVD","NASHVILLE","SOUTH",36.04591,-86.70353,"MOTOR VEHICLE IN TRANSPORT","37211","2022","February","Winter","01","Thursday","Weekday","No Injuries","No Fatalities"
9.99004926506402e-314,2022-02-24 06:39:00,0,0,0,NA,"N","NOT COLLISION W/MOTOR VEHICLE-TRANSPORT","RAIN","DARK - LIGHTED","BUENA VISTA PKE & HUMMINGBIRD DR","NASHVILLE","NORTH",36.21875,-86.82077,"EMBANKMENT EARTH","37218","2022","February","Winter","06","Thursday","Weekday","No Injuries","No Fatalities"
9.99004930607147e-314,2022-02-24 08:00:00,0,0,0,NA,"N","SIDESWIPE - OPPOSITE DIRECTION","RAIN","DARK - LIGHTED","14TH AVN & CHARLOTTE AV","NASHVILLE","MIDTOW",36.16076,-86.79369,"MOTOR VEHICLE IN TRANSPORT","37203","2022","February","Winter","08","Thursday","Weekday","No Injuries","No Fatalities"
9.99004930903586e-314,2022-02-24 08:17:00,0,1,0,NA,"N","NOT COLLISION W/MOTOR VEHICLE-TRANSPORT","RAIN","DARK - NOT LIGHTED","MM 57 6 I 24","ANTIOCH","SOUTH",36.063,-86.68301,"CONCRETE TRAFFIC BARRIER","37013","2022","February","Winter","08","Thursday","Weekday","Injuries","No Fatalities"