"Accident.Number","Date.and.Time","Number.of.Motor.Vehicles","Number.of.Injuries","Number.of.Fatalities","Property.Damage","Hit.and.Run","Collision.Type.Description","Weather.Description","Illumination.Description","Street.Address","City","Precinct","Latitude","Longitude","HarmfulDescriptions","Zip.Code","Year","Month","Season","Hour","Weekday","DayType","Accident","Fatality_category"
9.99004932237563e-314,2022-02-24 06:00:00,0,1,0,NA,"N","NOT COLLISION W/MOTOR VEHICLE-TRANSPORT","RAIN","DARK - LIGHTED","ARLINGTON AV & MURFREESBORO PKE","NASHVILLE","HERMIT",36.13911,-86.73297,"UTILITY POLE","37210","2022","February","Winter","06","Thursday","Weekday","Injuries","No Fatalities"
9.9900493228697e-314,2022-02-24 08:17:00,0,2,0,NA,"N","UNKNOWN","RAIN","DARK - NOT LIGHTED","MM 57 6 I 24","ANTIOCH","SOUTH",36.063,-86.68301,"PARKED MOTOR VEHICLE;CONCRETE TRAFFIC BARRIER","37013","2022","February","Winter","08","Thursday","Weekday","Injuries","No Fatalities"
9.99004934065606e-314,2022-02-24 09:45:00,0,1,0,NA,"N","NOT COLLISION W/MOTOR VEHICLE-TRANSPORT","RAIN","DARK - NOT LIGHTED","MM 86 1 I 65","NASHVILLE","NORTH",36.19188,-86.78311,"BRIDGE RAIL","37228","2022","February","Winter","09","Thursday","Weekday","Injuries","No Fatalities"
9.99004936338308e-314,2022-02-24 10:31:00,0,0,0,NA,"N","NOT COLLISION W/MOTOR VEHICLE-TRANSPORT","RAIN","DARK - NOT LIGHTED","ABBOTT MARTIN RD & WOODMONT LN","NASHVILLE","WEST",36.11001,-86.8421,"THROWN OR FALLING OBJECT","37215","2022","February","Winter","10","Thursday","Weekday","No Injuries","No Fatalities"
9.99004937573472e-314,2022-02-24 11:20:00,0,0,0,NA,"N","Front to Rear","RAIN","DARK - NOT LIGHTED","DIVISION ST & LYLE AV","NASHVILLE","MIDTOW",36.15005,-86.79649,"PARKED MOTOR VEHICLE","37212","2022","February","Winter","11","Thursday","Weekday","No Injuries","No Fatalities"
9.99004938166351e-314,2022-02-24 11:19:00,0,0,0,NA,"N","NOT COLLISION W/MOTOR VEHICLE-TRANSPORT","RAIN","DARK - NOT LIGHTED","MM 209 0 I 40","NASHVILLE","CENTRA",36.15761,-86.79053,"GUARDRAIL END","37203","2022","February","Winter","11","Thursday","Weekday","No Injuries","No Fatalities"
9.99004939599142e-314,2022-02-24 11:51:00,0,0,0,NA,"N","Front to Rear","RAIN","DARK - LIGHTED","MM 209 1 I 40","NASHVILLE","CENTRA",36.15577,-86.78918,"MOTOR VEHICLE IN TRANSPORT","37203","2022","February","Winter","11","Thursday","Weekday","No Injuries","No Fatalities"
9.99004939994394e-314,2022-02-24 12:22:00,0,0,0,NA,"N","ANGLE","RAIN","DARK - LIGHTED","MM 214 4 I 40","NASHVILLE","HERMIT",36.14298,-86.70649,"MOTOR VEHICLE IN TRANSPORT","37210","2022","February","Winter","12","Thursday","Weekday","No Injuries","No Fatalities"
9.99004941278965e-314,2022-02-24 12:00:00,0,0,0,NA,"N","ANGLE","RAIN","DARK - LIGHTED","PINE ST & 11TH AVS","NASHVILLE","CENTRA",36.15291,-86.78373,"MOTOR VEHICLE IN TRANSPORT","37203","2022","February","Winter","12","Thursday","Weekday","No Injuries","No Fatalities"
9.99004941624811e-314,2022-02-24 12:45:00,0,1,0,NA,"Y","Front to Rear","RAIN","DAYLIGHT","MM 217 7 I 40","NASHVILLE","HERMIT",36.14403,-86.64836,"MOTOR VEHICLE IN TRANSPORT","37214","2022","February","Winter","12","Thursday","Weekday","Injuries","No Fatalities"
9.9900494221769e-314,2022-02-24 12:50:00,0,0,0,NA,"N","SIDESWIPE - SAME DIRECTION","RAIN","DAYLIGHT","MM 86 2 I 65","NASHVILLE","CENTRA",36.19187,-86.78097,"MOTOR VEHICLE IN TRANSPORT","37207","2022","February","Winter","12","Thursday","Weekday","No Injuries","No Fatalities"
9.99004980408964e-314,2022-02-24 06:00:00,0,0,0,NA,"N","NOT COLLISION W/MOTOR VEHICLE-TRANSPORT","RAIN","DAYLIGHT","CHANDLER RD & W DIVISION ST","HERMITAGE","HERMIT",36.20025,-86.57995,"DITCH","37076","2022","February","Winter","06","Thursday","Weekday","No Injuries","No Fatalities"
9.99004986090719e-314,2022-02-25 00:18:00,0,1,0,NA,"N","Front to Rear","RAIN","DARK - LIGHTED","CHURCH ST & GEORGE L DAVIS BLVD","NASHVILLE","CENTRA",36.15944,-86.7885,"MOTOR VEHICLE IN TRANSPORT","37203","2022","February","Winter","00","Friday","Weekday","Injuries","No Fatalities"
9.99004986140125e-314,2022-02-25 00:19:00,0,2,0,NA,"N","Front to Rear","RAIN","DARK - LIGHTED","0 MURFREESBORO PKE","NASHVILLE","SOUTH",36.10779,-86.67687,"MOTOR VEHICLE IN TRANSPORT","37217","2022","February","Winter","00","Friday","Weekday","Injuries","No Fatalities"
9.99004986485971e-314,2022-02-25 00:23:00,0,1,0,NA,"N","ANGLE","RAIN","DARK - LIGHTED","MT VIEW RD & RURAL HILL RD","ANTIOCH","SOUTH",36.05221,-86.65315,"MOTOR VEHICLE IN TRANSPORT","37013","2022","February","Winter","00","Friday","Weekday","Injuries","No Fatalities"
9.99004987968168e-314,2022-02-25 00:49:00,0,1,0,NA,"N","Front to Rear","RAIN","DARK - LIGHTED","BELL RD & BLUE HOLE RD","ANTIOCH","SOUTH",36.04585,-86.67486,"MOTOR VEHICLE IN TRANSPORT","37013","2022","February","Winter","00","Friday","Weekday","Injuries","No Fatalities"
9.99004988017575e-314,2022-02-25 00:24:00,0,0,0,NA,"N","HEAD-ON","RAIN","DARK - LIGHTED","OLD HICKORY BLVD & OWEN DR","ANTIOCH","SOUTH",36.0187,-86.61938,"MOTOR VEHICLE IN TRANSPORT","37013","2022","February","Winter","00","Friday","Weekday","No Injuries","No Fatalities"
9.9900499024087e-314,2022-02-25 01:30:00,0,0,0,NA,"N","NOT COLLISION W/MOTOR VEHICLE-TRANSPORT","RAIN","DARK - NOT LIGHTED","MM 209 4 I 40","NASHVILLE","CENTRA",36.15109,-86.78582,"","37203","2022","February","Winter","01","Friday","Weekday","No Injuries","No Fatalities"
9.99004991723067e-314,2022-02-25 01:56:00,0,1,0,NA,"Y","ANGLE","RAIN","DARK - LIGHTED","STATE HWY 45 & US HWY 31E","MADISON","MADISO",36.26306,-86.71193,"MOTOR VEHICLE IN TRANSPORT","37115","2022","February","Winter","01","Friday","Weekday","Injuries","No Fatalities"
9.99005003728862e-314,2022-02-25 02:50:00,0,0,0,NA,"N","NOT COLLISION W/MOTOR VEHICLE-TRANSPORT","RAIN","DARK - LIGHTED","HICKORY HILL LN & BONNACREEK DR","HERMITAGE","HERMIT",36.19387,-86.63598,"DEER (ANIMAL)","37076","2022","February","Winter","02","Friday","Weekday","No Injuries","No Fatalities"
9.99005003926489e-314,2022-02-25 05:32:00,0,0,0,NA,"Y","NOT COLLISION W/MOTOR VEHICLE-TRANSPORT","RAIN","DARK - LIGHTED","ANTIOCH PKE & METROPLEX DR","NASHVILLE","SOUTH",36.09653,-86.70424,"DITCH;MAIL BOX","37211","2022","February","Winter","05","Friday","Weekday","No Injuries","No Fatalities"
9.99005006545037e-314,2022-02-25 06:00:00,0,0,0,NA,"Y","UNKNOWN","RAIN","DARK - LIGHTED","700 CLEVELAND ST","NASHVILLE","EAST",36.18472,-86.75868,"MOTOR VEHICLE IN TRANSPORT","37207","2022","February","Winter","06","Friday","Weekday","No Injuries","No Fatalities"
9.99005012869077e-314,2022-02-25 08:14:00,0,0,0,NA,"Y","ANGLE","RAIN","DARK - NOT LIGHTED","STATE HWY 171 & LONDONVIEW PL","ANTIOCH","SOUTH",36.08078,-86.56801,"MOTOR VEHICLE IN TRANSPORT","37013","2022","February","Winter","08","Friday","Weekday","No Injuries","No Fatalities"
9.9900501944015e-314,2022-02-25 10:41:00,0,1,0,NA,"N","NOT COLLISION W/MOTOR VEHICLE-TRANSPORT","RAIN","DARK - LIGHTED","ROBINSON RD & OLD HICKORY BUSINESS PARK","OLD HICKORY","HERMIT",36.26649,-86.66499,"DITCH","37138","2022","February","Winter","10","Friday","Weekday","Injuries","No Fatalities"
9.99003325733709e-314,2022-02-04 11:38:00,0,0,0,NA,"N","ANGLE","RAIN","DARK - LIGHTED","MM 79 4 I 65","NASHVILLE","MIDTOW",36.10444,-86.76653,"MOTOR VEHICLE IN TRANSPORT;WALL","37204","2022","February","Winter","11","Friday","Weekday","No Injuries","No Fatalities"
9.99003145795001e-314,2022-02-02 06:51:00,0,2,0,NA,"N","HEAD-ON","RAIN","DARK - LIGHTED","RIVER RD & CHARLOTTE PKE","NASHVILLE","WEST",36.12873,-86.90643,"MOTOR VEHICLE IN TRANSPORT","37209","2022","February","Winter","06","Wednesday","Weekday","Injuries","No Fatalities"
9.9900314638788e-314,2022-02-02 07:00:00,0,0,0,NA,"Y","ANGLE","RAIN","DARK - NOT LIGHTED","HAMILTON AV & PILLOW ST","NASHVILLE","MIDTOW",36.13836,-86.76644,"PARKED MOTOR VEHICLE;DITCH","37203","2022","February","Winter","07","Wednesday","Weekday","No Injuries","No Fatalities"
9.99003150982691e-314,2022-02-02 06:00:00,0,0,0,NA,"Y","NOT COLLISION W/MOTOR VEHICLE-TRANSPORT","RAIN","DARK - LIGHTED","I440 W ENT RAMP & I 440","NASHVILLE","SOUTH",36.11544,-86.77293,"WALL","37210","2022","February","Winter","06","Wednesday","Weekday","No Injuries","No Fatalities"
9.99003151476756e-314,2022-02-02 08:55:00,0,0,0,NA,"N","NOT COLLISION W/MOTOR VEHICLE-TRANSPORT","RAIN","DARK - LIGHTED","W TRINITY LN & DAY ST","NASHVILLE","NORTH",36.20721,-86.8044,"OTHER OBJECT (NOT FIXED)","37207","2022","February","Winter","08","Wednesday","Weekday","No Injuries","No Fatalities"
9.9900315444115e-314,2022-02-02 09:25:00,0,0,0,NA,"Y","UNKNOWN","RAIN","DARK - LIGHTED","MURFREESBORO PKE & OLD MURFREESBORO PKE","NASHVILLE","SOUTH",36.10184,-86.66433,"UNKNOWN MOST HARMFUL EVENT","37217","2022","February","Winter","09","Wednesday","Weekday","No Injuries","No Fatalities"
9.99003154539963e-314,2022-02-02 06:00:00,0,1,0,NA,"N","Front to Rear","RAIN","DARK - NOT LIGHTED","US HWY 431 & UNKNOWN RAMP","NASHVILLE","EAST",36.20625,-86.77408,"MOTOR VEHICLE IN TRANSPORT","37207","2022","February","Winter","06","Wednesday","Weekday","Injuries","No Fatalities"
9.99003156664445e-314,2022-02-02 12:09:00,0,0,0,NA,"N","ANGLE","RAIN","DARK - LIGHTED","BRILEY PKWY N EXT RAMP & ELM HILL PKE","NASHVILLE","HERMIT",36.15227,-86.69045,"MOTOR VEHICLE IN TRANSPORT","37214","2022","February","Winter","12","Wednesday","Weekday","No Injuries","No Fatalities"
9.99003165607034e-314,2022-02-02 06:00:00,0,0,0,NA,"Y","NOT COLLISION W/MOTOR VEHICLE-TRANSPORT","RAIN","DAYLIGHT","WILLARD DR & SYFERT LN","NASHVILLE","SOUTH",36.07104,-86.6955,"OTHER FIXED OBJECTS","37211","2022","February","Winter","06","Wednesday","Weekday","No Injuries","No Fatalities"
9.99003170745316e-314,2022-02-02 06:00:00,0,0,0,NA,"Y","HEAD-ON","RAIN","DARK - LIGHTED","VILLAS AT METROCENTER PVTDR & PONDER PL","NASHVILLE","NORTH",36.19069,-86.80478,"PARKED MOTOR VEHICLE","37228","2022","February","Winter","06","Wednesday","Weekday","No Injuries","No Fatalities"
9.99003173956743e-314,2022-02-02 06:00:00,0,0,0,NA,"Y","UNKNOWN","RAIN","UNKNOWN","MURFREESBORO PKE & MT VIEW RD","ANTIOCH","SOUTH",36.05664,-86.62034,"UNKNOWN MOST HARMFUL EVENT","37013","2022","February","Winter","06","Wednesday","Weekday","No Injuries","No Fatalities"
9.99003195893258e-314,2022-02-02 06:00:00,0,0,0,NA,"N","NOT COLLISION W/MOTOR VEHICLE-TRANSPORT","RAIN","DAYLIGHT","PLUS PARK BLVD & MURFREESBORO PKE","NASHVILLE","SOUTH",36.13379,-86.72274,"PARKED MOTOR VEHICLE;FENCE","37217","2022","February","Winter","06","Wednesday","Weekday","No Injuries","No Fatalities"
9.99003202167891e-314,2022-02-03 00:10:00,0,0,0,NA,"Y","NOT COLLISION W/MOTOR VEHICLE-TRANSPORT","RAIN","DARK - LIGHTED","UNA ANTIOCH PKE & PICCADILLY ROW","ANTIOCH","SOUTH",36.08231,-86.65178,"DITCH","37013","2022","February","Winter","00","Thursday","Weekday","No Injuries","No Fatalities"
9.99003202859583e-314,2022-02-03 00:17:00,0,1,0,NA,"N","ANGLE","RAIN","DARK - NOT LIGHTED","ANDREW JACKSON PKWY & TRENTON DR","HERMITAGE","HERMIT",36.21388,-86.59775,"MOTOR VEHICLE IN TRANSPORT;FIRE HYDRANT","37076","2022","February","Winter","00","Thursday","Weekday","Injuries","No Fatalities"
9.99003204786439e-314,2022-02-03 00:42:00,0,0,0,NA,"N","ANGLE","RAIN","DARK - LIGHTED","21ST AVS & BELCOURT AV","NASHVILLE","MIDTOW",36.13711,-86.80081,"MOTOR VEHICLE IN TRANSPORT","37212","2022","February","Winter","00","Thursday","Weekday","No Injuries","No Fatalities"
9.99003207009735e-314,2022-02-03 01:25:00,0,2,0,NA,"N","NOT COLLISION W/MOTOR VEHICLE-TRANSPORT","RAIN","DARK - LIGHTED","BUENA VISTA PKE & MATTIE ST","NASHVILLE","NORTH",36.19944,-86.82582,"UTILITY POLE","37218","2022","February","Winter","01","Thursday","Weekday","Injuries","No Fatalities"
9.99003208146086e-314,2022-02-03 01:40:00,0,1,0,NA,"N","Front to Rear","RAIN","DARK - NOT LIGHTED","MM 58 3 I 24","ANTIOCH","SOUTH",36.05453,-86.67418,"MOTOR VEHICLE IN TRANSPORT","37013","2022","February","Winter","01","Thursday","Weekday","Injuries","No Fatalities"
9.9900320923303e-314,2022-02-03 02:07:00,0,0,0,NA,"Y","SIDESWIPE - SAME DIRECTION","RAIN","DARK - NOT LIGHTED","ELLINGTON PKWYN & I65 N ENT RAMP","NASHVILLE","EAST",36.23256,-86.74724,"MOTOR VEHICLE IN TRANSPORT","37216","2022","February","Winter","02","Thursday","Weekday","No Injuries","No Fatalities"
9.99003215458257e-314,2022-02-03 03:43:00,0,0,0,NA,"Y","SIDESWIPE - SAME DIRECTION","RAIN","DARK - LIGHTED","GALLATIN PKEN & OLD TIME VILLAGE PVTDR","MADISON","MADISO",36.26494,-86.71126,"MOTOR VEHICLE IN TRANSPORT","37115","2022","February","Winter","03","Thursday","Weekday","No Injuries","No Fatalities"
9.99003215754697e-314,2022-02-03 04:06:00,0,0,0,NA,"Y","NOT COLLISION W/MOTOR VEHICLE-TRANSPORT","RAIN","DARK - LIGHTED","I40 E EXT RAMP & I 40","NASHVILLE","HERMIT",36.14424,-86.69708,"GUARDRAIL FACE","37214","2022","February","Winter","04","Thursday","Weekday","No Injuries","No Fatalities"
9.99003221090606e-314,2022-02-03 05:03:00,0,1,0,NA,"N","ANGLE","RAIN","DARK - LIGHTED","FIRESTONE PKWY & OLD HICKORY BLVD","ANTIOCH","SOUTH",36.01685,-86.61988,"MOTOR VEHICLE IN TRANSPORT","37013","2022","February","Winter","05","Thursday","Weekday","Injuries","No Fatalities"
9.9900322202933e-314,2022-02-03 06:00:00,0,0,0,NA,"N","SIDESWIPE - OPPOSITE DIRECTION","RAIN","DAYLIGHT","GALLATIN PKE & MCCHESNEY AV","NASHVILLE","EAST",36.21271,-86.73182,"MOTOR VEHICLE IN TRANSPORT","37216","2022","February","Winter","06","Thursday","Weekday","No Injuries","No Fatalities"
9.99003227859305e-314,2022-02-02 11:41:00,0,0,0,NA,"Y","SIDESWIPE - SAME DIRECTION","RAIN","DARK - LIGHTED","MM 204 6 I 40","NASHVILLE","WEST",36.15382,-86.84529,"MOTOR VEHICLE IN TRANSPORT","37209","2022","February","Winter","11","Wednesday","Weekday","No Injuries","No Fatalities"
9.99003237839431e-314,2022-02-03 06:00:00,0,0,0,NA,"N","NOT COLLISION W/MOTOR VEHICLE-TRANSPORT","RAIN","DARK - LIGHTED","HARDING PL & OVERCREST DR","NASHVILLE","MIDTOW",36.07715,-86.73409,"MAIL BOX","37211","2022","February","Winter","06","Thursday","Weekday","No Injuries","No Fatalities"
9.990032398651e-314,2022-02-03 12:26:00,0,0,0,NA,"N","ANGLE","RAIN","DAYLIGHT","GALLATIN PKE & E TRINITY LN","NASHVILLE","EAST",36.20355,-86.73853,"MOTOR VEHICLE IN TRANSPORT","37216","2022","February","Winter","12","Thursday","Weekday","No Injuries","No Fatalities"
9.99003239963913e-314,2022-02-03 06:00:00,0,0,0,NA,"Y","NOT COLLISION W/MOTOR VEHICLE-TRANSPORT","RAIN","Dark-Unknown Lighting","TIMBERLAKE WAY & BLUE HOLE RD","ANTIOCH","SOUTH",36.05076,-86.67341,"OTHER FIXED OBJECTS","37013","2022","February","Winter","06","Thursday","Weekday","No Injuries","No Fatalities"
9.9900324016154e-314,2022-02-03 12:15:00,0,0,0,NA,"Y","ANGLE","RAIN","DAYLIGHT","BRILEY PKWY N ENT RAMP & I 40","NASHVILLE","WEST",36.15408,-86.84116,"MOTOR VEHICLE IN TRANSPORT","37209","2022","February","Winter","12","Thursday","Weekday","No Injuries","No Fatalities"
9.99003240507386e-314,2022-02-03 12:50:00,0,1,0,NA,"N","NOT COLLISION W/MOTOR VEHICLE-TRANSPORT","RAIN","DAWN","MM 3 4 I440","NASHVILLE","MIDTOW",36.1163,-86.79361,"CONCRETE TRAFFIC BARRIER;Motor Vehicle-In-Motion Outside Trafficw","37215","2022","February","Winter","12","Thursday","Weekday","Injuries","No Fatalities"
9.99003246040921e-314,2022-02-03 06:00:00,0,0,0,NA,"Y","UNKNOWN","RAIN","DAYLIGHT","BRENTRIDGE DR & BELL RD","ANTIOCH","SOUTH",36.04754,-86.6824,"PARKED MOTOR VEHICLE","37013","2022","February","Winter","06","Thursday","Weekday","No Injuries","No Fatalities"
9.99003272275807e-314,2022-02-03 06:00:00,0,0,0,NA,"N","ANGLE","RAIN","DAYLIGHT","I24 E ENT RAMP & I 24","NASHVILLE","CENTRA",36.04462,-86.65946,"MOTOR VEHICLE IN TRANSPORT;GUARDRAIL FACE","37213","2022","February","Winter","06","Thursday","Weekday","No Injuries","No Fatalities"
9.99003273758004e-314,2022-02-03 06:00:00,0,2,0,NA,"N","ANGLE","RAIN","DAYLIGHT","20TH AVS & WEST END AV","NASHVILLE","MIDTOW",36.15137,-86.79933,"MOTOR VEHICLE IN TRANSPORT","37203","2022","February","Winter","06","Thursday","Weekday","Injuries","No Fatalities"
9.99007027273528e-314,2022-03-19 00:46:00,3,0,0,NA,"N","Front to Rear","RAIN","DARK - LIGHTED","MM 86 7 I 65","NASHVILLE","NORTH",36.19862,-86.77642,"MOTOR VEHICLE IN TRANSPORT","37207","2022","March","Spring","00","Saturday","Weekend","No Injuries","No Fatalities"
9.99007028014627e-314,2022-03-19 01:00:00,2,0,0,NA,"N","ANGLE","RAIN","DARK - LIGHTED","HIGHWAY 70S & BELLEVUE CTR PVTDR","NASHVILLE","WEST",36.07745,-86.94714,"MOTOR VEHICLE IN TRANSPORT","37221","2022","March","Spring","01","Saturday","Weekend","No Injuries","No Fatalities"
9.99007028607505e-314,2022-03-19 01:12:00,1,1,0,NA,"N","ANGLE","RAIN","DAYLIGHT","CHARLOTTE PKE & LELLYETT ST","NASHVILLE","WEST",36.14856,-86.86625,"MOTOR VEHICLE IN TRANSPORT","37209","2022","March","Spring","01","Saturday","Weekend","Injuries","No Fatalities"
9.99007030188515e-314,2022-03-19 01:30:00,2,1,0,NA,"N","NOT COLLISION W/MOTOR VEHICLE-TRANSPORT","RAIN","DARK - LIGHTED","QUALYNN DR & VAILVIEW DR","NASHVILLE","MADISO",36.23735,-86.77019,"PARKED MOTOR VEHICLE;UTILITY POLE;Ran Off Road-Left","37207","2022","March","Spring","01","Saturday","Weekend","Injuries","No Fatalities"
9.99007032807063e-314,2022-03-19 01:55:00,2,0,0,NA,"Y","ANGLE","RAIN","DARK - LIGHTED","BUENA VISTA PKE & MOORMANS ARM RD","NASHVILLE","NORTH",36.21475,-86.81767,"MOTOR VEHICLE IN TRANSPORT","37207","2022","March","Spring","01","Saturday","Weekend","No Injuries","No Fatalities"
9.99007404887901e-314,2022-03-23 00:14:00,1,2,0,NA,"N","NOT COLLISION W/MOTOR VEHICLE-TRANSPORT","RAIN","DARK - LIGHTED","MM 86 0 I 65","NASHVILLE","CENTRA",36.18062,-86.80018,"GUARDRAIL FACE","37208","2022","March","Spring","00","Wednesday","Weekday","Injuries","No Fatalities"
9.99007405036121e-314,2022-03-23 00:18:00,0,1,1,NA,"N","NOT COLLISION W/MOTOR VEHICLE-TRANSPORT","RAIN","DARK - NOT LIGHTED","DUE WEST AVN & DUE WEST AV N PVTDR","MADISON","MADISO",36.25532,-86.75255,"TREE;Ran Off Road-Right","37115","2022","March","Spring","00","Wednesday","Weekday","Injuries","With Fatalities"
9.99007405974846e-314,2022-03-23 00:11:00,2,2,0,NA,"N","ANGLE","RAIN","DARK - LIGHTED","BRILEY PKWY S EXT RAMP & BRILEY PKWYS","NASHVILLE","HERMIT",36.14602,-86.69575,"MOTOR VEHICLE IN TRANSPORT","37214","2022","March","Spring","00","Wednesday","Weekday","Injuries","No Fatalities"
9.99007406468911e-314,2022-03-23 00:27:00,1,0,0,NA,"N","NOT COLLISION W/MOTOR VEHICLE-TRANSPORT","RAIN","DARK - LIGHTED","MM 215 9 I 40","NASHVILLE","HERMIT",36.14204,-86.67856,"CONCRETE TRAFFIC BARRIER","37217","2022","March","Spring","00","Wednesday","Weekday","No Injuries","No Fatalities"
9.99007407753482e-314,2022-03-23 00:44:00,1,1,0,NA,"N","NOT COLLISION W/MOTOR VEHICLE-TRANSPORT","RAIN","DARK - NOT LIGHTED","MM 75 0 I 65","BRENTWOOD","MIDTOW",36.04317,-86.78183,"GUARDRAIL FACE;CONCRETE TRAFFIC BARRIER","37027","2022","March","Spring","00","Wednesday","Weekday","Injuries","No Fatalities"
9.9900740849458e-314,2022-03-23 00:41:00,1,0,0,NA,"N","NOT COLLISION W/MOTOR VEHICLE-TRANSPORT","RAIN","DARK - NOT LIGHTED","PATTON AV & CROLEY DR","NASHVILLE","WEST",36.15028,-86.87119,"CULVERT","37209","2022","March","Spring","00","Wednesday","Weekday","No Injuries","No Fatalities"
9.99007411508381e-314,2022-03-23 00:52:00,1,0,0,NA,"N","NOT COLLISION W/MOTOR VEHICLE-TRANSPORT","RAIN","DARK - LIGHTED","MM 211 9 I 40","NASHVILLE","HERMIT",36.14861,-86.74575,"CONCRETE TRAFFIC BARRIER","37210","2022","March","Spring","00","Wednesday","Weekday","No Injuries","No Fatalities"
9.99007411854227e-314,2022-03-23 03:20:00,2,2,0,NA,"N","ANGLE","RAIN","DARK - LIGHTED","MURFREESBORO PKE & RURAL HILL RD","ANTIOCH","SOUTH",36.07448,-86.63865,"MOTOR VEHICLE IN TRANSPORT","37013","2022","March","Spring","03","Wednesday","Weekday","Injuries","No Fatalities"
9.99007414176335e-314,2022-03-23 02:11:00,2,2,0,NA,"N","ANGLE","RAIN","DARK - LIGHTED","CLIFTON AV & 39TH AVN","NASHVILLE","WEST",36.15765,-86.83028,"MOTOR VEHICLE IN TRANSPORT","37209","2022","March","Spring","02","Wednesday","Weekday","Injuries","No Fatalities"
9.99007414275148e-314,2022-03-23 02:09:00,1,0,0,NA,"N","NOT COLLISION W/MOTOR VEHICLE-TRANSPORT","RAIN","DARK - NOT LIGHTED","MM 199 0 I 40","NASHVILLE","WEST",36.10808,-86.92694,"WALL","37221","2022","March","Spring","02","Wednesday","Weekday","No Injuries","No Fatalities"
9.99007416597257e-314,2022-03-23 00:25:00,1,0,0,NA,"N","NOT COLLISION W/MOTOR VEHICLE-TRANSPORT","RAIN","DARK - LIGHTED","I440 E EXT RAMP & I 440","NASHVILLE","WEST",36.12279,-86.80649,"WALL","37205","2022","March","Spring","00","Wednesday","Weekday","No Injuries","No Fatalities"
9.99007418375893e-314,2022-03-23 02:13:00,1,0,0,NA,"N","NOT COLLISION W/MOTOR VEHICLE-TRANSPORT","RAIN","DARK - LIGHTED","MM 212 8 I 40","NASHVILLE","HERMIT",36.14058,-86.73184,"GUARDRAIL FACE","37210","2022","March","Spring","02","Wednesday","Weekday","No Injuries","No Fatalities"
9.99007419956903e-314,2022-03-23 01:25:00,2,0,0,NA,"Y","ANGLE","RAIN","DARK - LIGHTED","1900 19TH AVS","NASHVILLE","MIDTOW",36.15158,-86.79692,"MOTOR VEHICLE IN TRANSPORT","37203","2022","March","Spring","01","Wednesday","Weekday","No Injuries","No Fatalities"
9.99007420203936e-314,2022-03-23 00:22:00,1,0,0,NA,"N","NOT COLLISION W/MOTOR VEHICLE-TRANSPORT","RAIN","DARK - LIGHTED","CROSSINGS PL & CROSSINGS BLVD","ANTIOCH","SOUTH",36.045,-86.64922,"","37013","2022","March","Spring","00","Wednesday","Weekday","No Injuries","No Fatalities"
9.99007420253343e-314,2022-03-23 02:59:00,1,0,0,NA,"N","NOT COLLISION W/MOTOR VEHICLE-TRANSPORT","RAIN","DARK - LIGHTED","I40 E EXT RAMP & I40 W EXT RAMP","NASHVILLE","WEST",36.15522,-86.82338,"DITCH;Ran Off Road-Right","37209","2022","March","Spring","02","Wednesday","Weekday","No Injuries","No Fatalities"
9.99007422031979e-314,2022-03-22 05:00:00,1,1,0,NA,"N","NOT COLLISION W/MOTOR VEHICLE-TRANSPORT","RAIN","DARK - LIGHTED","ESTES RD & ESTESWOOD DR","NASHVILLE","WEST",36.10022,-86.83869,"GUARDRAIL END","37215","2022","March","Spring","05","Tuesday","Weekday","Injuries","No Fatalities"
9.99007422081386e-314,2022-03-23 03:22:00,2,0,0,NA,"N","ANGLE","RAIN","DARK - LIGHTED","I65 S ENT RAMP & OLD HICKORY BLVD","BRENTWOOD","MIDTOW",36.03754,-86.78509,"MOTOR VEHICLE IN TRANSPORT","37027","2022","March","Spring","03","Wednesday","Weekday","No Injuries","No Fatalities"
9.99007423711802e-314,2022-03-23 03:41:00,2,0,0,NA,"N","ANGLE","RAIN","DARK - LIGHTED","MM 202 6 I 40","NASHVILLE","WEST",36.14605,-86.87935,"MOTOR VEHICLE IN TRANSPORT;GUARDRAIL FACE;TREE","37209","2022","March","Spring","03","Wednesday","Weekday","No Injuries","No Fatalities"
9.99007429986436e-314,2022-03-23 01:59:00,2,0,0,NA,"Y","ANGLE","RAIN","DARK - LIGHTED","21ST AVS & SUNSET PL","NASHVILLE","MIDTOW",36.1288,-86.80286,"MOTOR VEHICLE IN TRANSPORT","37212","2022","March","Spring","01","Wednesday","Weekday","No Injuries","No Fatalities"
9.99007431172194e-314,2022-03-23 04:50:00,2,0,0,NA,"Y","ANGLE","RAIN","DARK - LIGHTED","CHARLOTTE AV & GEORGE L DAVIS BLVD","NASHVILLE","CENTRA",36.1612,-86.79268,"MOTOR VEHICLE IN TRANSPORT","37203","2022","March","Spring","04","Wednesday","Weekday","No Injuries","No Fatalities"
9.99007433593115e-314,2022-03-23 05:00:00,2,1,0,NA,"Y","Front to Rear","RAIN","DARK - LIGHTED","GLEN ECHO RD & HILLSBORO PKE","NASHVILLE","WEST",36.10868,-86.81213,"MOTOR VEHICLE IN TRANSPORT","37215","2022","March","Spring","05","Wednesday","Weekday","Injuries","No Fatalities"
9.99006072145822e-314,2022-03-09 00:20:00,0,0,0,NA,"N","ANGLE","RAIN","DARK - NOT LIGHTED","LEBANON PKE & HIGHLAND VIEW DR","HERMITAGE","HERMIT",36.20744,-86.6119,"MOTOR VEHICLE IN TRANSPORT","37076","2022","March","Spring","00","Wednesday","Weekday","No Injuries","No Fatalities"