"Accident.Number","Date.and.Time","Number.of.Motor.Vehicles","Number.of.Injuries","Number.of.Fatalities","Property.Damage","Hit.and.Run","Collision.Type.Description","Weather.Description","Illumination.Description","Street.Address","City","Precinct","Latitude","Longitude","HarmfulDescriptions","Zip.Code","Year","Month","Season","Hour","Weekday","DayType","Accident","Fatality_category"
9.99006072541074e-314,2022-03-09 00:48:00,0,1,0,NA,"N","ANGLE","RAIN","DARK - LIGHTED","MURFREESBORO PKE & MOUNTAIN SPRINGS RD","ANTIOCH","SOUTH",36.04784,-86.61205,"MOTOR VEHICLE IN TRANSPORT","37013","2022","March","Spring","00","Wednesday","Weekday","Injuries","No Fatalities"
9.99006073183359e-314,2022-03-08 06:00:00,0,1,0,NA,"N","ANGLE","RAIN","DARK - LIGHTED","LEBANON PKE & OLD HICKORY BLVD","HERMITAGE","HERMIT",36.19844,-86.62027,"MOTOR VEHICLE IN TRANSPORT","37076","2022","March","Spring","06","Tuesday","Weekday","Injuries","No Fatalities"
9.99006073282173e-314,2022-03-09 00:25:00,0,0,0,NA,"N","ANGLE","RAIN","DARK - LIGHTED","WEDGEWOOD AV & ACKLEN AV","NASHVILLE","MIDTOW",36.13434,-86.78098,"MOTOR VEHICLE IN TRANSPORT","37203","2022","March","Spring","00","Wednesday","Weekday","No Injuries","No Fatalities"
9.99006074813776e-314,2022-03-09 01:25:00,0,2,0,NA,"N","ANGLE","RAIN","DARK - LIGHTED","0 BELL RD","ANTIOCH","SOUTH",36.07472,-86.63501,"MOTOR VEHICLE IN TRANSPORT","37013","2022","March","Spring","01","Wednesday","Weekday","Injuries","No Fatalities"
9.9900607590072e-314,2022-03-09 01:50:00,0,1,0,NA,"Y","NOT COLLISION W/MOTOR VEHICLE-TRANSPORT","RAIN","DARK - LIGHTED","HARDING PL & METROPLEX DR","NASHVILLE","SOUTH",36.08677,-86.69491,"PEDESTRIAN","37211","2022","March","Spring","01","Wednesday","Weekday","Injuries","No Fatalities"
9.99006076592412e-314,2022-03-09 02:03:00,0,0,0,NA,"N","NOT COLLISION W/MOTOR VEHICLE-TRANSPORT","RAIN","DARK - LIGHTED","CLARKSVILLE PKE & FAIRMEADE DR","NASHVILLE","NORTH",36.22254,-86.83792,"THROWN OR FALLING OBJECT","37218","2022","March","Spring","02","Wednesday","Weekday","No Injuries","No Fatalities"
9.99006078272236e-314,2022-03-09 02:26:00,0,0,0,NA,"N","ANGLE","RAIN","DARK - LIGHTED","NOLENSVILLE PKE & PARAGON MILLS RD","NASHVILLE","SOUTH",36.08483,-86.72819,"MOTOR VEHICLE IN TRANSPORT","37211","2022","March","Spring","02","Wednesday","Weekday","No Injuries","No Fatalities"
9.99006081039003e-314,2022-03-09 01:30:00,0,1,0,NA,"N","Front to Rear","RAIN","DARK - LIGHTED","EDGEHILL AV & 17TH AVS","NASHVILLE","MIDTOW",36.1435,-86.79441,"MOTOR VEHICLE IN TRANSPORT","37212","2022","March","Spring","01","Wednesday","Weekday","Injuries","No Fatalities"
9.99006081582475e-314,2022-03-09 00:35:00,0,0,0,NA,"N","ANGLE","RAIN","DAYLIGHT","I440 E EXT RAMP & I 440","NASHVILLE","WEST",36.12174,-86.75064,"MOTOR VEHICLE IN TRANSPORT","37205","2022","March","Spring","00","Wednesday","Weekday","No Injuries","No Fatalities"
9.99006083608145e-314,2022-03-09 03:35:00,0,0,0,NA,"N","ANGLE","RAIN","DARK - LIGHTED","BELL RD & EDGE O LAKE DR","NASHVILLE","HERMIT",36.07937,-86.63257,"MOTOR VEHICLE IN TRANSPORT","37217","2022","March","Spring","03","Wednesday","Weekday","No Injuries","No Fatalities"
9.99005154270665e-314,2022-02-27 05:47:00,0,1,0,NA,"Y","ANGLE","RAIN","DARK - LIGHTED","PARAGON MILLS RD & VALLEY RIDGE DR","NASHVILLE","SOUTH",36.08774,-86.72323,"MOTOR VEHICLE IN TRANSPORT","37211","2022","February","Winter","05","Sunday","Weekend","Injuries","No Fatalities"
9.99006086770165e-314,2022-03-09 05:30:00,0,0,0,NA,"N","ANGLE","RAIN","DARK - LIGHTED","ANDREW JACKSON PKWY & OLD HICKORY BLVD","HERMITAGE","HERMIT",36.18487,-86.60987,"MOTOR VEHICLE IN TRANSPORT","37076","2022","March","Spring","05","Wednesday","Weekday","No Injuries","No Fatalities"
9.99005157333872e-314,2022-02-27 06:00:00,0,0,0,NA,"Y","ANGLE","RAIN","DARK - LIGHTED","NOLENSVILLE PKE & VERITAS ST","NASHVILLE","SOUTH",36.09774,-86.73848,"MOTOR VEHICLE IN TRANSPORT","37211","2022","February","Winter","06","Sunday","Weekend","No Injuries","No Fatalities"
9.99006090525064e-314,2022-03-09 04:38:00,0,1,0,NA,"N","NOT COLLISION W/MOTOR VEHICLE-TRANSPORT","RAIN","DARK - LIGHTED","MM 88 6 I 65","NASHVILLE","EAST",36.22513,-86.77445,"GUARDRAIL FACE","37207","2022","March","Spring","04","Wednesday","Weekday","Injuries","No Fatalities"
9.9900609087091e-314,2022-03-09 04:43:00,0,0,0,NA,"Y","SIDESWIPE - SAME DIRECTION","RAIN","DARK - LIGHTED","MM 88 7 I 65","NASHVILLE","MADISO",36.22719,-86.77359,"MOTOR VEHICLE IN TRANSPORT","37207","2022","March","Spring","04","Wednesday","Weekday","No Injuries","No Fatalities"
9.9900515995242e-314,2022-02-27 07:18:00,0,1,0,NA,"Y","ANGLE","RAIN","DARK - LIGHTED","MM 86 9 I 65","NASHVILLE","NORTH",36.20119,-86.77654,"MOTOR VEHICLE IN TRANSPORT;CONCRETE TRAFFIC BARRIER","37207","2022","February","Winter","07","Sunday","Weekend","Injuries","No Fatalities"
9.99006093291831e-314,2022-03-09 05:01:00,0,0,0,NA,"Y","NOT COLLISION W/MOTOR VEHICLE-TRANSPORT","RAIN","DARK - NOT LIGHTED","CLIFTON AV & 25TH AVN","NASHVILLE","NORTH",36.15824,-86.81344,"UTILITY POLE","37209","2022","March","Spring","05","Wednesday","Weekday","No Injuries","No Fatalities"
9.99005160298266e-314,2022-02-27 07:22:00,0,1,0,NA,"N","NOT COLLISION W/MOTOR VEHICLE-TRANSPORT","RAIN","DARK - LIGHTED","BLUE HOLE RD & ERNA CT","ANTIOCH","SOUTH",36.04138,-86.67769,"WALL","37013","2022","February","Winter","07","Sunday","Weekend","Injuries","No Fatalities"
9.99006094724622e-314,2022-03-09 05:13:00,0,1,0,NA,"N","ANGLE","RAIN","DARK - LIGHTED","CHARLOTTE PKE & CABOT DR","NASHVILLE","WEST",36.13007,-86.90078,"MOTOR VEHICLE IN TRANSPORT","37209","2022","March","Spring","05","Wednesday","Weekday","Injuries","No Fatalities"
9.99005163312066e-314,2022-02-27 07:58:00,0,0,0,NA,"Y","ANGLE","RAIN","DARK - LIGHTED","3RD AVS & SHELBY ST PEDESTRIAN BRIDGE GR","NASHVILLE","CENTRA",36.16031,-86.77517,"MOTOR VEHICLE IN TRANSPORT","37201","2022","February","Winter","07","Sunday","Weekend","No Injuries","No Fatalities"
9.99006095663346e-314,2022-03-09 05:25:00,1,1,0,NA,"N","ANGLE","RAIN","DARK - LIGHTED","GALLATIN PKE & LELAND AV","NASHVILLE","EAST",36.20387,-86.73836,"MOTOR VEHICLE IN TRANSPORT","37216","2022","March","Spring","05","Wednesday","Weekday","Injuries","No Fatalities"
9.99005163904945e-314,2022-02-27 08:41:00,0,0,0,NA,"Y","OTHER","RAIN","DARK - LIGHTED","STATE RT 45 & GALLATIN PKEN","MADISON","MADISO",36.26307,-86.71192,"MOTOR VEHICLE IN TRANSPORT","37115","2022","February","Winter","08","Sunday","Weekend","No Injuries","No Fatalities"
9.99006105594066e-314,2022-03-09 07:38:00,0,1,0,NA,"N","NOT COLLISION W/MOTOR VEHICLE-TRANSPORT","RAIN","DARK - LIGHTED","MM 204 9 I 40","NASHVILLE","WEST",36.15401,-86.83965,"CONCRETE TRAFFIC BARRIER","37209","2022","March","Spring","07","Wednesday","Weekday","Injuries","No Fatalities"
9.99005167264591e-314,2022-02-27 10:16:00,0,0,0,NA,"N","ANGLE","RAIN","DARK - LIGHTED","VILLAGE WAY & VILLAGE PL","NASHVILLE","MIDTOW",36.0471,-86.73306,"PARKED MOTOR VEHICLE;MAIL BOX","37211","2022","February","Winter","10","Sunday","Weekend","No Injuries","No Fatalities"
9.99006114141401e-314,2022-03-09 11:05:00,0,1,0,NA,"N","NOT COLLISION W/MOTOR VEHICLE-TRANSPORT","RAIN","Dark-Unknown Lighting","MM 88 5 I 65","NASHVILLE","NORTH",36.22425,-86.77454,"","37207","2022","March","Spring","11","Wednesday","Weekday","Injuries","No Fatalities"
9.99005167808063e-314,2022-02-27 10:43:00,0,1,0,NA,"N","UNKNOWN","RAIN","DARK - LIGHTED","MM 59 4 I 24","ANTIOCH","SOUTH",36.04522,-86.6591,"MOTOR VEHICLE IN TRANSPORT;UNKNOWN MOST HARMFUL EVENT","37013","2022","February","Winter","10","Sunday","Weekend","Injuries","No Fatalities"
9.99006117402235e-314,2022-03-09 12:14:00,0,0,0,NA,"N","NOT COLLISION W/MOTOR VEHICLE-TRANSPORT","RAIN","DAWN","I40 W ENT RAMP & CENTRAL PKE","HERMITAGE","HERMIT",36.17396,-86.60594,"","37076","2022","March","Spring","12","Wednesday","Weekday","No Injuries","No Fatalities"
9.99005170327798e-314,2022-02-27 12:18:00,0,0,0,NA,"N","NOT COLLISION W/MOTOR VEHICLE-TRANSPORT","RAIN","DAWN","I40 E EXT RAMP & I 40","NASHVILLE","HERMIT",36.16667,-86.61084,"OTHER OBJECT (NOT FIXED)","37214","2022","February","Winter","12","Sunday","Weekend","No Injuries","No Fatalities"
9.99006119427904e-314,2022-03-09 12:45:00,0,0,0,NA,"N","Front to Rear","RAIN","DAYLIGHT","LAFAYETTE ST & LINCOLN ST","NASHVILLE","SOUTH",36.14809,-86.76023,"MOTOR VEHICLE IN TRANSPORT","37210","2022","March","Spring","12","Wednesday","Weekday","No Injuries","No Fatalities"
9.99006655143284e-314,2022-03-15 05:09:00,0,0,0,NA,"Y","SIDESWIPE - SAME DIRECTION","RAIN","DARK - LIGHTED","MM 212 6 I 40","NASHVILLE","HERMIT",36.14235,-86.73498,"MOTOR VEHICLE IN TRANSPORT","37210","2022","March","Spring","05","Tuesday","Weekday","No Injuries","No Fatalities"
9.99006773323786e-314,2022-03-16 11:08:00,2,2,0,NA,"N","ANGLE","RAIN","DARK - LIGHTED","E PALESTINE AV & GALLATIN PKES","MADISON","MADISO",36.24939,-86.71941,"MOTOR VEHICLE IN TRANSPORT","37115","2022","March","Spring","11","Wednesday","Weekday","Injuries","No Fatalities"
9.99006778412662e-314,2022-03-16 12:28:00,2,0,0,NA,"Y","Front to Rear","RAIN","DAYLIGHT","BRILEY PKWYS & BRILEY PKWYN","NASHVILLE","NORTH",36.22358,-86.86866,"MOTOR VEHICLE IN TRANSPORT","37218","2022","March","Spring","12","Wednesday","Weekday","No Injuries","No Fatalities"
9.99006779351387e-314,2022-03-16 12:15:00,2,1,0,NA,"N","SIDESWIPE - SAME DIRECTION","RAIN","DAYLIGHT","I40 E ENT RAMP & CHARLOTTE PKE","NASHVILLE","WEST",36.13204,-86.8951,"MOTOR VEHICLE IN TRANSPORT","37205","2022","March","Spring","12","Wednesday","Weekday","Injuries","No Fatalities"
9.9900590836306e-314,2022-03-07 12:09:00,0,2,0,NA,"N","ANGLE","RAIN","DAWN","MT VIEW RD & BABY RUTH LN","ANTIOCH","SOUTH",36.0433,-86.6408,"MOTOR VEHICLE IN TRANSPORT","37013","2022","March","Spring","12","Monday","Weekday","Injuries","No Fatalities"
9.99005909202972e-314,2022-03-07 12:09:00,0,0,0,NA,"Y","Front to Rear","RAIN","DAYLIGHT","MM 38 0 I 24","WHITES CREEK","NORTH",36.3077,-86.8202,"MOTOR VEHICLE IN TRANSPORT","37189","2022","March","Spring","12","Monday","Weekday","No Injuries","No Fatalities"
9.99005909351191e-314,2022-03-07 12:00:00,0,1,0,NA,"Y","Front to Rear","RAIN","DARK - LIGHTED","28TH AVN & TORBETT ST","NASHVILLE","NORTH",36.15791,-86.81858,"MOTOR VEHICLE IN TRANSPORT","37209","2022","March","Spring","12","Monday","Weekday","Injuries","No Fatalities"
9.9900590994407e-314,2022-03-07 12:24:00,0,0,0,NA,"N","Front to Rear","RAIN","DAYLIGHT","13TH AVS & GEORGE L DAVIS BLVD","NASHVILLE","CENTRA",36.15589,-86.78878,"MOTOR VEHICLE IN TRANSPORT","37203","2022","March","Spring","12","Monday","Weekday","No Injuries","No Fatalities"
9.99005911228641e-314,2022-03-07 12:39:00,0,0,0,NA,"N","Front to Rear","RAIN","DAYLIGHT","MM 37 0 I 24","WHITES CREEK","NORTH",36.31678,-86.83483,"MOTOR VEHICLE IN TRANSPORT","37189","2022","March","Spring","12","Monday","Weekday","No Injuries","No Fatalities"
9.99005913007277e-314,2022-03-07 12:50:00,0,0,0,NA,"N","ANGLE","RAIN","DAYLIGHT","SMITH SPRINGS RD & REYNOLDS RD","NASHVILLE","HERMIT",36.0968,-86.6533,"MOTOR VEHICLE IN TRANSPORT","37217","2022","March","Spring","12","Monday","Weekday","No Injuries","No Fatalities"
9.99006977027052e-314,2022-03-18 12:15:00,1,0,0,NA,"N","NOT COLLISION W/MOTOR VEHICLE-TRANSPORT","RAIN","DAYLIGHT","OLD HICKORY BLVD & OLD LEBANON DIRT RD","HERMITAGE","HERMIT",36.18768,-86.61376,"DEER (ANIMAL)","37076","2022","March","Spring","12","Friday","Weekday","No Injuries","No Fatalities"
9.99006978361029e-314,2022-03-18 12:40:00,2,1,0,NA,"N","Front to Rear","RAIN","DAYLIGHT","MM 211 5 I 40","NASHVILLE","HERMIT",36.15117,-86.75064,"MOTOR VEHICLE IN TRANSPORT","37210","2022","March","Spring","12","Friday","Weekday","Injuries","No Fatalities"
9.99006979151534e-314,2022-03-18 12:49:00,2,1,0,NA,"N","SIDESWIPE - OPPOSITE DIRECTION","RAIN","DAYLIGHT","W HEIMAN ST & ED TEMPLE BLVD","NASHVILLE","NORTH",36.16968,-86.8213,"MOTOR VEHICLE IN TRANSPORT","37209","2022","March","Spring","12","Friday","Weekday","Injuries","No Fatalities"
9.99006980040852e-314,2022-03-18 12:55:00,1,0,0,NA,"N","NOT COLLISION W/MOTOR VEHICLE-TRANSPORT","RAIN","OTHER","MM 200 9 I 40","NASHVILLE","WEST",36.12844,-86.90065,"GUARDRAIL FACE","37209","2022","March","Spring","12","Friday","Weekday","No Injuries","No Fatalities"
9.99005926001204e-314,2022-03-07 06:00:00,0,1,0,NA,"N","NOT COLLISION W/MOTOR VEHICLE-TRANSPORT","RAIN","DAYLIGHT","PETTUS RD & PRESTON RD","ANTIOCH","SOUTH",36.02256,-86.66473,"OTHER POST, POLE, SUPP.","37013","2022","March","Spring","06","Monday","Weekday","Injuries","No Fatalities"
9.99008682689881e-314,2022-04-05 12:40:00,2,0,0,NA,"N","SIDESWIPE - SAME DIRECTION","RAIN","DAYLIGHT","MCMURRAY DR & HASTY DR","NASHVILLE","MIDTOW",36.06132,-86.71934,"MOTOR VEHICLE IN TRANSPORT","37211","2022","April","Spring","12","Tuesday","Weekday","No Injuries","No Fatalities"
9.99008683183947e-314,2022-04-05 12:55:00,2,0,0,NA,"N","ANGLE","RAIN","DAYLIGHT","HARDING PKE & KENNER AV","NASHVILLE","WEST",36.12582,-86.84649,"MOTOR VEHICLE IN TRANSPORT","37205","2022","April","Spring","12","Tuesday","Weekday","No Injuries","No Fatalities"
9.99008683628606e-314,2022-04-05 12:59:00,2,0,0,NA,"N","ANGLE","RAIN","DAYLIGHT","600 HARDING PL","NASHVILLE","MIDTOW",36.07861,-86.74522,"MOTOR VEHICLE IN TRANSPORT","37211","2022","April","Spring","12","Tuesday","Weekday","No Injuries","No Fatalities"
9.99008686148341e-314,2022-04-05 05:00:00,3,1,0,NA,"Y","Front to Rear","RAIN","DAYLIGHT","I40 W EXT RAMP & I 40","NASHVILLE","CENTRA",36.14389,-86.68934,"MOTOR VEHICLE IN TRANSPORT","37203","2022","April","Spring","05","Tuesday","Weekday","Injuries","No Fatalities"
9.99008688668075e-314,2022-04-05 12:28:00,2,0,0,NA,"N","Front to Rear","RAIN","DAYLIGHT","I40 E ENT RAMP & I 40","NASHVILLE","WEST",36.15364,-86.84633,"MOTOR VEHICLE IN TRANSPORT","37205","2022","April","Spring","12","Tuesday","Weekday","No Injuries","No Fatalities"
9.9900869148425e-314,2022-04-05 05:00:00,2,0,0,NA,"Y","ANGLE","RAIN","DAYLIGHT","31ST AVN & HEDRICK ST","NASHVILLE","MIDTOW",36.14398,-86.81649,"MOTOR VEHICLE IN TRANSPORT","37203","2022","April","Spring","05","Tuesday","Weekday","No Injuries","No Fatalities"
9.99008706701471e-314,2022-04-05 05:00:00,2,0,0,NA,"Y","SIDESWIPE - SAME DIRECTION","RAIN","DAYLIGHT","NOLENSVILLE PKE & ELYSIAN FIELDS CT","NASHVILLE","SOUTH",36.08789,-86.73129,"MOTOR VEHICLE IN TRANSPORT","37211","2022","April","Spring","05","Tuesday","Weekday","No Injuries","No Fatalities"
9.99008714655928e-314,2022-04-05 05:00:00,2,1,0,NA,"N","ANGLE","RAIN","DAYLIGHT","24TH AVS & WEST END AV","NASHVILLE","MIDTOW",36.14792,-86.80647,"MOTOR VEHICLE IN TRANSPORT-OTHER ROADWAY","37212","2022","April","Spring","05","Tuesday","Weekday","Injuries","No Fatalities"
9.99008741434286e-314,2022-04-06 00:14:00,2,0,0,NA,"N","NOT COLLISION W/MOTOR VEHICLE-TRANSPORT","RAIN","DARK - LIGHTED","8TH AVS & GLEAVES ST","NASHVILLE","CENTRA",36.1519,-86.77926,"Bridge/Overhead Structure","37203","2022","April","Spring","00","Wednesday","Weekday","No Injuries","No Fatalities"
9.99008743361142e-314,2022-04-06 01:40:00,2,0,0,NA,"Y","ANGLE","RAIN","DAYLIGHT","1800 GALLATIN PKEN","MADISON","MADISO",36.29807,-86.69822,"MOTOR VEHICLE IN TRANSPORT","37115","2022","April","Spring","01","Wednesday","Weekday","No Injuries","No Fatalities"
9.9900878639426e-314,2022-04-06 11:55:00,2,0,0,NA,"Y","SIDESWIPE - SAME DIRECTION","RAIN","DAYLIGHT","PEBBLE CREEK DR & PONDEROSA WAY","ANTIOCH","SOUTH",36.07308,-86.65996,"MOTOR VEHICLE IN TRANSPORT","37013","2022","April","Spring","11","Wednesday","Weekday","No Injuries","No Fatalities"
9.9900884637383e-314,2022-04-07 00:26:00,2,3,0,NA,"N","Front to Rear","RAIN","DARK - LIGHTED","ANTIOCH PKE & METROPLEX DR","NASHVILLE","SOUTH",36.0905,-86.69529,"MOTOR VEHICLE IN TRANSPORT","37211","2022","April","Spring","00","Thursday","Weekday","Injuries","No Fatalities"
9.99008964109673e-314,2022-04-08 01:38:00,2,0,0,NA,"N","ANGLE","RAIN","DARK - LIGHTED","VILLAS OF BAVARIA PVTDR & APACHE TRL","NASHVILLE","SOUTH",36.0649,-86.68851,"MOTOR VEHICLE IN TRANSPORT","37211","2022","April","Spring","01","Friday","Weekday","No Injuries","No Fatalities"
9.99009034019962e-314,2022-04-08 05:00:00,2,0,0,NA,"N","Front to Rear","RAIN","DAYLIGHT","HARDING PL & METROPLEX DR","NASHVILLE","SOUTH",36.08686,-86.69595,"MOTOR VEHICLE IN TRANSPORT","37211","2022","April","Spring","05","Friday","Weekday","No Injuries","No Fatalities"
9.99009067517613e-314,2022-04-09 00:40:00,2,1,0,NA,"Y","ANGLE","RAIN","DARK - LIGHTED","E WEBSTER ST & LIBERTY CIR","MADISON","MADISO",36.25102,-86.71492,"MOTOR VEHICLE IN TRANSPORT","37115","2022","April","Spring","00","Saturday","Weekend","Injuries","No Fatalities"
9.9900818294248e-314,2022-03-31 00:20:00,2,0,0,NA,"N","ANGLE","RAIN","DARK - LIGHTED","NOLENSVILLE PKE & OLD HICKORY BLVD","NASHVILLE","SOUTH",36.04662,-86.71341,"MOTOR VEHICLE IN TRANSPORT","37211","2022","March","Spring","00","Thursday","Weekday","No Injuries","No Fatalities"
9.9900818323892e-314,2022-03-31 00:28:00,3,1,0,NA,"N","Front to Rear","RAIN","DARK - LIGHTED","NOLENSVILLE PKE & BREWER DR","NASHVILLE","SOUTH",36.05309,-86.71485,"MOTOR VEHICLE IN TRANSPORT","37211","2022","March","Spring","00","Thursday","Weekday","Injuries","No Fatalities"
9.99008185610435e-314,2022-03-31 01:04:00,1,0,0,NA,"N","NOT COLLISION W/MOTOR VEHICLE-TRANSPORT","RAIN","DARK - LIGHTED","BRILEY PKWYS & BRILEY PKWYN","NASHVILLE","NORTH",36.18363,-86.6937,"LUMINAIRE/LIGHT SUPPORT","37218","2022","March","Spring","01","Thursday","Weekday","No Injuries","No Fatalities"
9.99008186647973e-314,2022-03-31 01:19:00,2,3,0,NA,"N","ANGLE","RAIN","DARK - LIGHTED","NOLENSVILLE PKE & HAYWOOD LN","NASHVILLE","MIDTOW",36.06861,-86.71961,"MOTOR VEHICLE IN TRANSPORT","37211","2022","March","Spring","01","Thursday","Weekday","Injuries","No Fatalities"
9.99008189513553e-314,2022-03-31 01:50:00,0,1,0,NA,"N","ANGLE","RAIN","DARK - LIGHTED","0 SMITH SPRINGS RD","NASHVILLE","HERMIT",36.09033,-86.6265,"MOTOR VEHICLE IN TRANSPORT","37217","2022","March","Spring","01","Thursday","Weekday","Injuries","No Fatalities"
9.99008189958212e-314,2022-03-31 01:57:00,2,1,0,NA,"Y","ANGLE","RAIN","DARK - NOT LIGHTED","TUCKER RD & HUMMINGBIRD DR","NASHVILLE","NORTH",36.2183,-86.8264,"MOTOR VEHICLE IN TRANSPORT","37218","2022","March","Spring","01","Thursday","Weekday","Injuries","No Fatalities"
9.99008190205245e-314,2022-03-31 02:08:00,2,0,0,NA,"N","ANGLE","RAIN","DARK - LIGHTED","ALABAMA AV & 46TH AVN","NASHVILLE","WEST",36.1533,-86.84226,"MOTOR VEHICLE IN TRANSPORT","37209","2022","March","Spring","02","Thursday","Weekday","No Injuries","No Fatalities"
9.99008190600498e-314,2022-03-31 02:10:00,1,0,0,NA,"N","NOT COLLISION W/MOTOR VEHICLE-TRANSPORT","RAIN","DARK - LIGHTED","MM 87 0 I 65","NASHVILLE","EAST",36.20217,-86.77685,"","37207","2022","March","Spring","02","Thursday","Weekday","No Injuries","No Fatalities"
9.99008190896937e-314,2022-03-31 01:00:00,2,0,0,NA,"Y","SIDESWIPE - SAME DIRECTION","RAIN","DARK - LIGHTED","S 1ST ST & WOODLAND ST","NASHVILLE","CENTRA",36.16928,-86.77235,"MOTOR VEHICLE IN TRANSPORT","37213","2022","March","Spring","01","Thursday","Weekday","No Injuries","No Fatalities"
9.99008192132101e-314,2022-03-31 02:15:00,2,0,0,NA,"Y","Front to Rear","RAIN","DARK - LIGHTED","JONES AV & E TRINITY LN","NASHVILLE","EAST",36.20493,-86.75765,"MOTOR VEHICLE IN TRANSPORT","37207","2022","March","Spring","02","Thursday","Weekday","No Injuries","No Fatalities"
9.99008192379134e-314,2022-03-31 02:15:00,2,0,0,NA,"Y","ANGLE","RAIN","DARK - NOT LIGHTED","INTERSTATE DR & HOWERTON ST","NASHVILLE","CENTRA",36.17252,-86.7713,"PARKED MOTOR VEHICLE","37213","2022","March","Spring","02","Thursday","Weekday","No Injuries","No Fatalities"
9.99008194009551e-314,2022-03-31 02:30:00,2,0,0,NA,"N","SIDESWIPE - SAME DIRECTION","RAIN","DARK - LIGHTED","MM 207 5 I 40","NASHVILLE","NORTH",36.17155,-86.80267,"MOTOR VEHICLE IN TRANSPORT","37208","2022","March","Spring","02","Thursday","Weekday","No Injuries","No Fatalities"
9.99008196776318e-314,2022-03-30 05:00:00,1,0,0,NA,"Y","NOT COLLISION W/MOTOR VEHICLE-TRANSPORT","RAIN","DARK - LIGHTED","I65 S EXT RAMP & ELLINGTON PKWYS","NASHVILLE","EAST",36.23658,-86.74426,"FENCE;Ran Off Road-Right","37216","2022","March","Spring","05","Wednesday","Weekday","No Injuries","No Fatalities"
9.99008196825725e-314,2022-03-31 03:18:00,1,0,0,NA,"N","NOT COLLISION W/MOTOR VEHICLE-TRANSPORT","RAIN","DARK - NOT LIGHTED","100 ARBOR CREEK BLVD","NASHVILLE","HERMIT",36.13459,-86.69964,"OTHER POST, POLE, SUPP.","37217","2022","March","Spring","03","Thursday","Weekday","No Injuries","No Fatalities"
9.99008197665637e-314,2022-03-31 03:29:00,1,0,0,NA,"N","NOT COLLISION W/MOTOR VEHICLE-TRANSPORT","RAIN","DARK - LIGHTED","MM 91 5 I 65","MADISON","MADISO",36.25369,-86.73899,"CONCRETE TRAFFIC BARRIER","37115","2022","March","Spring","03","Thursday","Weekday","No Injuries","No Fatalities"
9.99008197715043e-314,2022-03-31 03:30:00,3,0,0,NA,"N","NOT COLLISION W/MOTOR VEHICLE-TRANSPORT","RAIN","DARK - LIGHTED","MM 53 0 I 24","NASHVILLE","SOUTH",36.11876,-86.72639,"MOTOR VEHICLE IN TRANSPORT;GUARDRAIL END","37210","2022","March","Spring","03","Thursday","Weekday","No Injuries","No Fatalities"
9.99008198060889e-314,2022-03-30 05:00:00,1,0,0,NA,"N","NOT COLLISION W/MOTOR VEHICLE-TRANSPORT","RAIN","DARK - LIGHTED","GALLATIN PKES & LAKEWOOD DR","MADISON","MADISO",36.24395,-86.72274,"DITCH","37115","2022","March","Spring","05","Wednesday","Weekday","No Injuries","No Fatalities"
9.99008198604361e-314,2022-03-31 03:45:00,1,1,0,NA,"N","NOT COLLISION W/MOTOR VEHICLE-TRANSPORT","RAIN","DARK - NOT LIGHTED","MM 59 0 I 24","ANTIOCH","SOUTH",36.04835,-86.66445,"GUARDRAIL FACE","37013","2022","March","Spring","03","Thursday","Weekday","Injuries","No Fatalities"
9.99008199592493e-314,2022-03-30 05:00:00,1,0,0,NA,"N","NOT COLLISION W/MOTOR VEHICLE-TRANSPORT","RAIN","DARK - LIGHTED","MM 91 4 I 65","MADISON","MADISO",36.2533,-86.73917,"CONCRETE TRAFFIC BARRIER","37115","2022","March","Spring","05","Wednesday","Weekday","No Injuries","No Fatalities"
9.9900820408849e-314,2022-03-31 04:50:00,2,2,0,NA,"N","HEAD-ON","RAIN","DARK - LIGHTED","WHITES CREEK PKE & MOORMANS ARM RD","NASHVILLE","NORTH",36.21769,-86.8031,"MOTOR VEHICLE IN TRANSPORT;Cross Median","37207","2022","March","Spring","04","Thursday","Weekday","Injuries","No Fatalities"
9.99008204335523e-314,2022-03-31 04:48:00,2,1,0,NA,"N","SIDESWIPE - SAME DIRECTION","RAIN","DARK - LIGHTED","PADDINGTON WAY & CHESHIRE PASS","ANTIOCH","SOUTH",36.07181,-86.58567,"PARKED MOTOR VEHICLE","37013","2022","March","Spring","04","Thursday","Weekday","Injuries","No Fatalities"
9.99008218317581e-314,2022-03-31 05:00:00,2,0,0,NA,"Y","Front to Rear","RAIN","DAWN","BRILEY PKWYW & BRILEY PKWYE","NASHVILLE","NORTH",36.22827,-86.84917,"MOTOR VEHICLE IN TRANSPORT","37218","2022","March","Spring","05","Thursday","Weekday","No Injuries","No Fatalities"
9.99008219157492e-314,2022-03-31 11:00:00,2,1,0,NA,"N","ANGLE","RAIN","DARK - NOT LIGHTED","HIGHWAY 96 & HIGHWAY 100","NASHVILLE","WEST",36.01747,-87.03094,"MOTOR VEHICLE IN TRANSPORT","37221","2022","March","Spring","11","Thursday","Weekday","Injuries","No Fatalities"
9.99008220442063e-314,2022-03-31 11:16:00,2,0,0,NA,"N","ANGLE","RAIN","DAYLIGHT","DICKERSON PKE & QUEEN AV","NASHVILLE","EAST",36.20836,-86.76732,"MOTOR VEHICLE IN TRANSPORT;OTHER FIXED OBJECTS","37207","2022","March","Spring","11","Thursday","Weekday","No Injuries","No Fatalities"
9.99008223307644e-314,2022-03-31 12:00:00,2,0,0,NA,"N","Front to Rear","RAIN","DAYLIGHT","MM 87 2 I 65","NASHVILLE","EAST",36.20598,-86.77654,"MOTOR VEHICLE IN TRANSPORT","37207","2022","March","Spring","12","Thursday","Weekday","No Injuries","No Fatalities"