"Accident.Number","Date.and.Time","Number.of.Motor.Vehicles","Number.of.Injuries","Number.of.Fatalities","Property.Damage","Hit.and.Run","Collision.Type.Description","Weather.Description","Illumination.Description","Street.Address","City","Precinct","Latitude","Longitude","HarmfulDescriptions","Zip.Code","Year","Month","Season","Hour","Weekday","DayType","Accident","Fatality_category"
9.99008282052049e-314,2022-04-01 00:16:00,2,1,0,NA,"N","ANGLE","RAIN","DARK - NOT LIGHTED","PORTLAND AV & MAGNOLIA BLVD","NASHVILLE","MIDTOW",36.13323,-86.80125,"MOTOR VEHICLE IN TRANSPORT","37212","2022","April","Spring","00","Friday","Weekday","Injuries","No Fatalities"
9.99008282595521e-314,2022-04-01 00:36:00,2,1,0,NA,"N","ANGLE","RAIN","DARK - LIGHTED","BRANDYWINE POINTE BLVD & SHUTE LN","OLD HICKORY","HERMIT",36.23075,-86.60781,"MOTOR VEHICLE IN TRANSPORT","37138","2022","April","Spring","00","Friday","Weekday","Injuries","No Fatalities"
9.99008283880092e-314,2022-04-01 00:36:00,2,0,0,NA,"N","ANGLE","RAIN","DARK - LIGHTED","CHARLOTTE AV & 48TH AVN","NASHVILLE","WEST",36.1521,-86.84478,"MOTOR VEHICLE IN TRANSPORT","37209","2022","April","Spring","00","Friday","Weekday","No Injuries","No Fatalities"
9.99008286795079e-314,2022-04-01 01:35:00,2,1,0,NA,"Y","ANGLE","RAIN","DARK - LIGHTED","MURFREESBORO PKE & SPENCE LN","NASHVILLE","SOUTH",36.1358,-86.72504,"MOTOR VEHICLE IN TRANSPORT","37217","2022","April","Spring","01","Friday","Weekday","Injuries","No Fatalities"
9.99008286844486e-314,2022-04-01 01:30:00,1,1,0,NA,"N","NOT COLLISION W/MOTOR VEHICLE-TRANSPORT","RAIN","DARK - NOT LIGHTED","OLD HICKORY BLVD & PETTUS RD","ANTIOCH","SOUTH",36.00989,-86.66555,"UTILITY POLE;FENCE;EMBANKMENT EARTH","37013","2022","April","Spring","01","Friday","Weekday","Injuries","No Fatalities"
9.99008287733804e-314,2022-04-01 01:26:00,2,1,0,NA,"N","ANGLE","RAIN","DARK - LIGHTED","MURFREESBORO PKE & KERMIT DR","NASHVILLE","HERMIT",36.12182,-86.70483,"MOTOR VEHICLE IN TRANSPORT","37217","2022","April","Spring","01","Friday","Weekday","Injuries","No Fatalities"
9.99008289117188e-314,2022-04-01 00:50:00,2,0,0,NA,"Y","Front to Rear","RAIN","DARK - LIGHTED","GRANDVIEW AV & THOMPSON LN","NASHVILLE","MIDTOW",36.11134,-86.7469,"MOTOR VEHICLE IN TRANSPORT","37211","2022","April","Spring","00","Friday","Weekday","No Injuries","No Fatalities"
9.99008290204132e-314,2022-04-01 02:11:00,2,0,0,NA,"N","Front to Rear","RAIN","DARK - LIGHTED","1700 BROADWAY","NASHVILLE","MIDTOW",36.15348,-86.79379,"MOTOR VEHICLE IN TRANSPORT","37203","2022","April","Spring","02","Friday","Weekday","No Injuries","No Fatalities"
9.99008291883955e-314,2022-04-01 02:00:00,2,0,0,NA,"N","Front to Rear","RAIN","DARK - NOT LIGHTED","MM 42 2 I 24","WHITES CREEK","NORTH",36.2553,-86.78607,"MOTOR VEHICLE IN TRANSPORT","37189","2022","April","Spring","02","Friday","Weekday","No Injuries","No Fatalities"
9.99008297071644e-314,2022-04-01 03:41:00,2,2,0,NA,"N","ANGLE","RAIN","DARK - LIGHTED","HARDING PL & AIRPARK CENTER DR","NASHVILLE","SOUTH",36.09298,-86.68007,"MOTOR VEHICLE IN TRANSPORT","37217","2022","April","Spring","03","Friday","Weekday","Injuries","No Fatalities"
9.99008298207995e-314,2022-04-01 03:08:00,2,0,0,NA,"Y","SIDESWIPE - SAME DIRECTION","RAIN","DARK - LIGHTED","BELL RD & CANE RIDGE RD","ANTIOCH","SOUTH",36.04489,-86.66388,"MOTOR VEHICLE IN TRANSPORT","37013","2022","April","Spring","03","Friday","Weekday","No Injuries","No Fatalities"
9.99007656663754e-314,2022-03-25 10:37:00,2,0,0,NA,"N","Front to Rear","RAIN","DARK - NOT LIGHTED","CHARLOTTE PKE & I40 W EXT RAMP","NASHVILLE","WEST",36.13029,-86.89994,"MOTOR VEHICLE IN TRANSPORT","37209","2022","March","Spring","10","Friday","Weekday","No Injuries","No Fatalities"
9.99009333720183e-314,2022-04-12 00:10:00,1,0,0,NA,"N","NOT COLLISION W/MOTOR VEHICLE-TRANSPORT","RAIN","DARK - NOT LIGHTED","MM 203 0 I 40","NASHVILLE","WEST",36.1492,-86.87409,"GUARDRAIL FACE","37209","2022","April","Spring","00","Tuesday","Weekday","No Injuries","No Fatalities"
9.99009337623301e-314,2022-04-12 00:50:00,1,0,0,NA,"N","NOT COLLISION W/MOTOR VEHICLE-TRANSPORT","RAIN","DARK - NOT LIGHTED","EDMONDSON PKE & BANBURY STA","BRENTWOOD","MIDTOW",36.02505,-86.74243,"GUARDRAIL FACE;DITCH","37027","2022","April","Spring","00","Tuesday","Weekday","No Injuries","No Fatalities"
9.99009346911735e-314,2022-04-12 00:35:00,2,0,0,NA,"N","NOT COLLISION W/MOTOR VEHICLE-TRANSPORT","RAIN","DARK - NOT LIGHTED","OLD HICKORY BLVDW & PEGGY ST","MADISON","MADISO",36.26352,-86.71628,"Cargo Equip Loss/Shift","37115","2022","April","Spring","00","Tuesday","Weekday","No Injuries","No Fatalities"
9.99009352840523e-314,2022-04-11 05:00:00,2,0,0,NA,"Y","Front to Rear","RAIN","DARK - LIGHTED","MM 204 2 I 40","NASHVILLE","WEST",36.15332,-86.85308,"MOTOR VEHICLE IN TRANSPORT","37209","2022","April","Spring","05","Monday","Weekday","No Injuries","No Fatalities"
9.99009353136962e-314,2022-04-12 03:11:00,2,0,0,NA,"Y","ANGLE","RAIN","DARK - LIGHTED","OLD HICKORY BLVD & RIDGELAKE PKWY","NASHVILLE","WEST",36.09965,-86.92433,"MOTOR VEHICLE IN TRANSPORT","37205","2022","April","Spring","03","Tuesday","Weekday","No Injuries","No Fatalities"
9.99009353532215e-314,2022-04-12 00:03:00,0,0,0,NA,"Y","OTHER","RAIN","DUSK","ACKLEN AV & LOVE CIR","NASHVILLE","MIDTOW",36.13758,-86.81848,"PARKED MOTOR VEHICLE;UNKNOWN MOST HARMFUL EVENT","37212","2022","April","Spring","00","Tuesday","Weekday","No Injuries","No Fatalities"
9.99009358225839e-314,2022-04-12 04:30:00,2,1,0,NA,"N","SIDESWIPE - OPPOSITE DIRECTION","RAIN","DARK - LIGHTED","KLINE AV & LONGVIEW AV","NASHVILLE","MIDTOW",36.12122,-86.75305,"MOTOR VEHICLE IN TRANSPORT","37211","2022","April","Spring","04","Tuesday","Weekday","Injuries","No Fatalities"
9.99009358818717e-314,2022-04-12 04:36:00,1,0,0,NA,"Y","NOT COLLISION W/MOTOR VEHICLE-TRANSPORT","RAIN","DARK - LIGHTED","MM 52 4 I 24","NASHVILLE","HERMIT",36.12637,-86.72782,"OVERHEAD SIGN SUPPORT","37210","2022","April","Spring","04","Tuesday","Weekday","No Injuries","No Fatalities"
9.99009360449134e-314,2022-04-12 04:50:00,2,1,0,NA,"Y","Front to Rear","RAIN","DARK - LIGHTED","MM 86 7 I 65","NASHVILLE","NORTH",36.19747,-86.77624,"MOTOR VEHICLE IN TRANSPORT","37207","2022","April","Spring","04","Tuesday","Weekday","Injuries","No Fatalities"
9.9900936064676e-314,2022-04-12 04:50:00,2,0,0,NA,"Y","Front to Rear","RAIN","DARK - LIGHTED","OLD HICKORY BLVD & SHUTE LN","OLD HICKORY","HERMIT",36.23244,-86.62477,"MOTOR VEHICLE IN TRANSPORT","37138","2022","April","Spring","04","Tuesday","Weekday","No Injuries","No Fatalities"
9.99009364006407e-314,2022-04-12 05:33:00,1,1,0,NA,"N","NOT COLLISION W/MOTOR VEHICLE-TRANSPORT","RAIN","DARK - LIGHTED","I24 E EXT RAMP & I 24","NASHVILLE","NORTH",36.17629,-86.77245,"GUARDRAIL FACE","37207","2022","April","Spring","05","Tuesday","Weekday","Injuries","No Fatalities"
9.99009366130889e-314,2022-04-12 06:10:00,2,2,0,NA,"N","Front to Rear","RAIN","DARK - LIGHTED","MM 210 4 I 40","NASHVILLE","SOUTH",36.15142,-86.76864,"MOTOR VEHICLE IN TRANSPORT","37210","2022","April","Spring","06","Tuesday","Weekday","Injuries","No Fatalities"
9.99009366822581e-314,2022-04-12 06:20:00,1,1,0,NA,"N","NOT COLLISION W/MOTOR VEHICLE-TRANSPORT","RAIN","DARK - LIGHTED","MM 91 4 I 65","MADISON","MADISO",36.25253,-86.73958,"CONCRETE TRAFFIC BARRIER","37115","2022","April","Spring","06","Tuesday","Weekday","Injuries","No Fatalities"
9.99009373146621e-314,2022-04-12 07:31:00,1,0,0,NA,"N","NOT COLLISION W/MOTOR VEHICLE-TRANSPORT","RAIN","DARK - LIGHTED","HARDING PKE & BROOKMONT TER","NASHVILLE","WEST",36.08693,-86.89324,"DEER (ANIMAL)","37221","2022","April","Spring","07","Tuesday","Weekday","No Injuries","No Fatalities"
9.99009379816507e-314,2022-04-12 10:40:00,1,0,0,NA,"N","NOT COLLISION W/MOTOR VEHICLE-TRANSPORT","RAIN","DARK - NOT LIGHTED","I24E & I24 E ENT RAMP","NASHVILLE","SOUTH",36.13799,-86.72738,"CONCRETE TRAFFIC BARRIER","37210","2022","April","Spring","10","Tuesday","Weekday","No Injuries","No Fatalities"
9.99009381397517e-314,2022-04-12 11:31:00,1,0,0,NA,"N","NOT COLLISION W/MOTOR VEHICLE-TRANSPORT","RAIN","DARK - NOT LIGHTED","WHITES CREEK PKE & SEYMOUR HOLLOW RD","WHITES CREEK","NORTH",36.29342,-86.85279,"DITCH","37189","2022","April","Spring","11","Tuesday","Weekday","No Injuries","No Fatalities"
9.99009382385649e-314,2022-04-12 11:29:00,3,0,0,NA,"N","SIDESWIPE - SAME DIRECTION","RAIN","DAYLIGHT","0 I40 E EXT RAMP","HERMITAGE","HERMIT",36.156,-86.82636,"MOTOR VEHICLE IN TRANSPORT","37076","2022","April","Spring","11","Tuesday","Weekday","No Injuries","No Fatalities"
9.99009382632682e-314,2022-04-12 10:40:00,2,1,0,NA,"N","SIDESWIPE - OPPOSITE DIRECTION","RAIN","DAWN","WHITES CREEK PKE & COOPERTOWN RD","JOELTON","NORTH",36.37709,-86.89371,"MOTOR VEHICLE IN TRANSPORT","37080","2022","April","Spring","10","Tuesday","Weekday","Injuries","No Fatalities"
9.99009383472593e-314,2022-04-12 11:45:00,2,2,0,NA,"N","SIDESWIPE - SAME DIRECTION","RAIN","DAYLIGHT","MM 59 9 I 24","ANTIOCH","SOUTH",36.04117,-86.65212,"MOTOR VEHICLE IN TRANSPORT","37013","2022","April","Spring","11","Tuesday","Weekday","Injuries","No Fatalities"
9.99009383966659e-314,2022-04-12 11:30:00,2,0,0,NA,"N","Front to Rear","RAIN","DAWN","MM 211 1 I 40","NASHVILLE","HERMIT",36.15405,-86.75757,"MOTOR VEHICLE IN TRANSPORT","37210","2022","April","Spring","11","Tuesday","Weekday","No Injuries","No Fatalities"
9.99009384065472e-314,2022-04-12 11:52:00,2,0,0,NA,"N","ANGLE","RAIN","DAYLIGHT","DAVIDSON RD & POST RD","NASHVILLE","WEST",36.11525,-86.86278,"MOTOR VEHICLE IN TRANSPORT","37205","2022","April","Spring","11","Tuesday","Weekday","No Injuries","No Fatalities"
9.99009384510131e-314,2022-04-12 12:04:00,2,0,0,NA,"N","Front to Rear","RAIN","DAYLIGHT","OLD HICKORY BLVDW & I65 S EXT RAMP","MADISON","MADISO",36.26549,-86.73987,"MOTOR VEHICLE IN TRANSPORT","37115","2022","April","Spring","12","Tuesday","Weekday","No Injuries","No Fatalities"
9.9900938480657e-314,2022-04-12 11:30:00,2,0,0,NA,"N","Front to Rear","RAIN","DUSK","MM 211 1 I 40","NASHVILLE","HERMIT",36.15409,-86.75765,"MOTOR VEHICLE IN TRANSPORT","37210","2022","April","Spring","11","Tuesday","Weekday","No Injuries","No Fatalities"
9.99009759357736e-314,2022-04-16 02:58:00,0,2,0,NA,"N","Front to Rear","RAIN","DARK - LIGHTED","MM 48 3 I 24","NASHVILLE","CENTRA",36.1719,-86.76835,"MOTOR VEHICLE IN TRANSPORT","37213","2022","April","Spring","02","Saturday","Weekend","Injuries","No Fatalities"
9.99009385745295e-314,2022-04-12 12:25:00,1,1,0,NA,"N","NOT COLLISION W/MOTOR VEHICLE-TRANSPORT","RAIN","DAWN","BRILEY PKWYW & BRILEY PKWYE","NASHVILLE","NORTH",36.23161,-86.82759,"CONCRETE TRAFFIC BARRIER","37218","2022","April","Spring","12","Tuesday","Weekday","Injuries","No Fatalities"
9.99009387721558e-314,2022-04-12 12:50:00,1,0,0,NA,"N","NOT COLLISION W/MOTOR VEHICLE-TRANSPORT","RAIN","DAYLIGHT","MM 216 3 I 40","NASHVILLE","HERMIT",36.14148,-86.67034,"GUARDRAIL FACE;Ran Off Road-Right","37214","2022","April","Spring","12","Tuesday","Weekday","No Injuries","No Fatalities"
9.99009761432812e-314,2022-04-16 03:20:00,1,0,0,NA,"N","NOT COLLISION W/MOTOR VEHICLE-TRANSPORT","RAIN","DARK - LIGHTED","TITANS WAY & RUSSELL ST","NASHVILLE","CENTRA",36.16702,-86.77407,"EMBANKMENT ROCK/STONE/CONCRETE","37213","2022","April","Spring","03","Saturday","Weekend","No Injuries","No Fatalities"
9.99009761778658e-314,2022-04-16 03:18:00,0,1,0,NA,"Y","Front to Rear","RAIN","DARK - LIGHTED","SPRING ST & I24 W EXT RAMP","NASHVILLE","EAST",36.17646,-86.76873,"MOTOR VEHICLE IN TRANSPORT","37213","2022","April","Spring","03","Saturday","Weekend","Injuries","No Fatalities"
9.9900976261857e-314,2022-04-16 03:30:00,0,2,0,NA,"N","ANGLE","RAIN","DARK - LIGHTED","2ND AVS & LINDSLEY AV","NASHVILLE","CENTRA",36.15242,-86.76905,"MOTOR VEHICLE IN TRANSPORT","37210","2022","April","Spring","03","Saturday","Weekend","Injuries","No Fatalities"
9.99009766373469e-314,2022-04-16 04:15:00,0,1,0,NA,"N","NOT COLLISION W/MOTOR VEHICLE-TRANSPORT","RAIN","DARK - NOT LIGHTED","E TRINITY LN & GALLATIN PKE","NASHVILLE","EAST",36.2036,-86.7389,"WALL","37216","2022","April","Spring","04","Saturday","Weekend","Injuries","No Fatalities"
9.99009767559226e-314,2022-04-16 04:28:00,0,1,0,NA,"N","NOT COLLISION W/MOTOR VEHICLE-TRANSPORT","RAIN","DARK - LIGHTED","MM 56 1 I 24","NASHVILLE","SOUTH",36.08052,-86.69679,"CONCRETE TRAFFIC BARRIER","37211","2022","April","Spring","04","Saturday","Weekend","Injuries","No Fatalities"
9.99009390735358e-314,2022-04-12 11:55:00,0,0,0,NA,"N","Front to Rear","RAIN","DAYLIGHT","MM 215 4 I 40","NASHVILLE","HERMIT",36.14338,-86.68687,"MOTOR VEHICLE IN TRANSPORT","37217","2022","April","Spring","11","Tuesday","Weekday","No Injuries","No Fatalities"
9.99009767608633e-314,2022-04-16 04:30:00,0,0,0,NA,"Y","Front to Rear","RAIN","DARK - LIGHTED","22ND AVN & CHARLOTTE AV","NASHVILLE","MIDTOW",36.15616,-86.80712,"MOTOR VEHICLE IN TRANSPORT","37203","2022","April","Spring","04","Saturday","Weekend","No Injuries","No Fatalities"
9.99009768497951e-314,2022-04-16 04:35:00,0,0,0,NA,"N","NOT COLLISION W/MOTOR VEHICLE-TRANSPORT","RAIN","DARK - NOT LIGHTED","TREETOP DR & UNA ANTIOCH PKE","ANTIOCH","SOUTH",36.07593,-86.66,"CULVERT","37013","2022","April","Spring","04","Saturday","Weekend","No Injuries","No Fatalities"
9.99009769980148e-314,2022-04-16 04:35:00,0,0,0,NA,"Y","Front to Rear","RAIN","DARK - LIGHTED","I24 W EXT RAMP & I 24","NASHVILLE","SOUTH",36.0456,-86.65847,"MOTOR VEHICLE IN TRANSPORT","37211","2022","April","Spring","04","Saturday","Weekend","No Injuries","No Fatalities"
9.99009771363532e-314,2022-04-16 05:06:00,0,0,0,NA,"Y","Front to Rear","RAIN","DARK - NOT LIGHTED","1ST AVS & MILDRED SHUTE AV","NASHVILLE","SOUTH",36.14826,-86.7646,"MOTOR VEHICLE IN TRANSPORT;PARKED MOTOR VEHICLE","37210","2022","April","Spring","05","Saturday","Weekend","No Injuries","No Fatalities"
9.99009773191575e-314,2022-04-16 05:00:00,0,0,0,NA,"Y","NOT COLLISION W/MOTOR VEHICLE-TRANSPORT","RAIN","DARK - LIGHTED","MM 215 9 I 40","NASHVILLE","HERMIT",36.14199,-86.67791,"GUARDRAIL END","37217","2022","April","Spring","05","Saturday","Weekend","No Injuries","No Fatalities"
9.99009773389201e-314,2022-04-16 03:35:00,0,0,0,NA,"N","NOT COLLISION W/MOTOR VEHICLE-TRANSPORT","RAIN","DARK - NOT LIGHTED","I40 E EXT RAMP & I 40","NASHVILLE","HERMIT",36.12903,-86.89997,"DITCH","37214","2022","April","Spring","03","Saturday","Weekend","No Injuries","No Fatalities"
9.99009775069024e-314,2022-04-16 05:52:00,0,0,0,NA,"N","NOT COLLISION W/MOTOR VEHICLE-TRANSPORT","RAIN","DARK - NOT LIGHTED","MM 59 3 I 24","ANTIOCH","SOUTH",36.04645,-86.66068,"GUARDRAIL FACE","37013","2022","April","Spring","05","Saturday","Weekend","No Injuries","No Fatalities"
9.99009395626608e-314,2022-04-12 12:55:00,2,0,0,NA,"N","Front to Rear","RAIN","DAYLIGHT","I40 E EXT RAMP & I 40","NASHVILLE","HERMIT",36.16641,-86.81707,"MOTOR VEHICLE IN TRANSPORT","37214","2022","April","Spring","12","Tuesday","Weekday","No Injuries","No Fatalities"
9.99009777094693e-314,2022-04-16 06:40:00,0,0,0,NA,"N","NOT COLLISION W/MOTOR VEHICLE-TRANSPORT","RAIN","DARK - LIGHTED","MM 85 7 I 65","NASHVILLE","NORTH",36.1907,-86.78972,"CONCRETE TRAFFIC BARRIER","37228","2022","April","Spring","06","Saturday","Weekend","No Injuries","No Fatalities"
9.99009777638165e-314,2022-04-16 05:00:00,0,0,0,NA,"Y","UNKNOWN","RAIN","DARK - LIGHTED","OLD HICKORY BLVD & GRADY LN","NASHVILLE","NORTH",36.26601,-86.88387,"UNKNOWN MOST HARMFUL EVENT","37218","2022","April","Spring","05","Saturday","Weekend","No Injuries","No Fatalities"
9.99009779219175e-314,2022-04-16 07:00:00,0,1,0,NA,"Y","Front to Rear","RAIN","DARK - NOT LIGHTED","MM 58 0 I 24","ANTIOCH","SOUTH",36.05872,-86.67856,"MOTOR VEHICLE IN TRANSPORT","37013","2022","April","Spring","07","Saturday","Weekend","Injuries","No Fatalities"
9.99009779713241e-314,2022-04-16 07:35:00,0,0,0,NA,"Y","Front to Rear","RAIN","DARK - LIGHTED","2900 GALLATIN PKE","NASHVILLE","EAST",36.20315,-86.73818,"Motor Vehicle-In-Motion Outside Trafficw","37216","2022","April","Spring","07","Saturday","Weekend","No Injuries","No Fatalities"
9.99009780207307e-314,2022-04-16 05:00:00,0,0,0,NA,"N","HEAD-ON","RAIN","DARK - LIGHTED","MM 86 5 I 65","NASHVILLE","NORTH",36.1923,-86.7771,"MOTOR VEHICLE IN TRANSPORT","37207","2022","April","Spring","05","Saturday","Weekend","No Injuries","No Fatalities"
9.99009780256713e-314,2022-04-16 05:00:00,0,0,0,NA,"Y","NOT COLLISION W/MOTOR VEHICLE-TRANSPORT","RAIN","DARK - LIGHTED","NOLENSVILLE PKE & PARAGON MILLS RD","NASHVILLE","SOUTH",36.08484,-86.7282,"UTILITY POLE","37211","2022","April","Spring","05","Saturday","Weekend","No Injuries","No Fatalities"
9.99009549873903e-314,2022-04-14 00:21:00,2,1,0,NA,"N","HEAD-ON","RAIN","DARK - LIGHTED","ROSA L PARKS BLVD & JEFFERSON ST","NASHVILLE","CENTRA",36.17318,-86.79135,"MOTOR VEHICLE IN TRANSPORT","37219","2022","April","Spring","00","Thursday","Weekday","Injuries","No Fatalities"
9.99009910788857e-314,2022-04-18 04:16:00,1,1,0,NA,"N","NOT COLLISION W/MOTOR VEHICLE-TRANSPORT","RAIN","DARK - LIGHTED","EISENHOWER DR & PARAGON MILLS RD","NASHVILLE","SOUTH",36.08639,-86.70167,"UTILITY POLE","37211","2022","April","Spring","04","Monday","Weekday","Injuries","No Fatalities"
9.99009912172241e-314,2022-04-18 04:30:00,1,1,0,NA,"N","NOT COLLISION W/MOTOR VEHICLE-TRANSPORT","RAIN","DARK - NOT LIGHTED","MM 200 8 I 40","NASHVILLE","WEST",36.12779,-86.90124,"EMBANKMENT ROCK/STONE/CONCRETE","37209","2022","April","Spring","04","Monday","Weekday","Injuries","No Fatalities"
9.99009553184142e-314,2022-04-14 01:07:00,1,0,0,NA,"N","NOT COLLISION W/MOTOR VEHICLE-TRANSPORT","RAIN","DARK - NOT LIGHTED","MM 200 8 I 40","NASHVILLE","WEST",36.12786,-86.90117,"EMBANKMENT ROCK/STONE/CONCRETE","37209","2022","April","Spring","01","Thursday","Weekday","No Injuries","No Fatalities"
9.99009916964677e-314,2022-04-18 05:00:00,1,0,0,NA,"Y","NOT COLLISION W/MOTOR VEHICLE-TRANSPORT","RAIN","DARK - NOT LIGHTED","SHUTE LN & SAUNDERSVILLE RD","OLD HICKORY","HERMIT",36.22631,-86.60319,"OTHER FIXED OBJECTS","37138","2022","April","Spring","05","Monday","Weekday","No Injuries","No Fatalities"
9.99009554073461e-314,2022-04-14 01:19:00,1,0,0,NA,"Y","UNKNOWN","RAIN","DARK - LIGHTED","PACKARD DR & VILLAS OF BAVARIA PVTDR","ANTIOCH","SOUTH",36.06479,-86.6862,"FENCE;Ran Off Road-Left;UNKNOWN MOST HARMFUL EVENT","37013","2022","April","Spring","01","Thursday","Weekday","No Injuries","No Fatalities"
9.99009917162304e-314,2022-04-18 05:27:00,1,3,0,NA,"N","NOT COLLISION W/MOTOR VEHICLE-TRANSPORT","RAIN","DARK - LIGHTED","MM 216 0 I 40","NASHVILLE","HERMIT",36.14183,-86.67569,"CONCRETE TRAFFIC BARRIER","37217","2022","April","Spring","05","Monday","Weekday","Injuries","No Fatalities"
9.99009554715746e-314,2022-04-14 01:23:00,1,2,0,NA,"N","NOT COLLISION W/MOTOR VEHICLE-TRANSPORT","RAIN","DARK - NOT LIGHTED","CHEYENNE BLVD & MANZANO RD","MADISON","MADISO",36.2575,-86.6777,"OTHER TYPE NON-MOTORIST;CURB","37115","2022","April","Spring","01","Thursday","Weekday","Injuries","No Fatalities"
9.99009917310523e-314,2022-04-18 04:46:00,1,0,0,NA,"N","NOT COLLISION W/MOTOR VEHICLE-TRANSPORT","RAIN","DARK - NOT LIGHTED","OLD HICKORY BLVD & GOODMORNING DR","NASHVILLE","MADISO",36.27748,-86.7701,"DITCH","37207","2022","April","Spring","04","Monday","Weekday","No Injuries","No Fatalities"
9.99009556346163e-314,2022-04-13 05:00:00,0,0,0,NA,"N","ANGLE","RAIN","DARK - LIGHTED","NOLENSVILLE PKE & PARAGON MILLS RD","NASHVILLE","SOUTH",36.08483,-86.72819,"MOTOR VEHICLE IN TRANSPORT","37211","2022","April","Spring","05","Wednesday","Weekday","No Injuries","No Fatalities"
9.99009558322425e-314,2022-04-14 02:09:00,2,1,0,NA,"Y","ANGLE","RAIN","DARK - NOT LIGHTED","MM 58 4 I 24","ANTIOCH","SOUTH",36.05368,-86.67289,"MOTOR VEHICLE IN TRANSPORT;CONCRETE TRAFFIC BARRIER;Ran Off Road-Left","37013","2022","April","Spring","02","Thursday","Weekday","Injuries","No Fatalities"
9.99009917656369e-314,2022-04-18 05:20:00,2,0,0,NA,"Y","SIDESWIPE - SAME DIRECTION","RAIN","DARK - LIGHTED","BROADWAY & 3RD AVN","NASHVILLE","CENTRA",36.16129,-86.77656,"MOTOR VEHICLE IN TRANSPORT","37201","2022","April","Spring","05","Monday","Weekday","No Injuries","No Fatalities"
9.99009917853996e-314,2022-04-18 05:36:00,1,0,0,NA,"N","NOT COLLISION W/MOTOR VEHICLE-TRANSPORT","RAIN","DARK - LIGHTED","THOMPSON PL & MURFREESBORO PKE","NASHVILLE","HERMIT",36.12689,-86.71093,"OTHER POST, POLE, SUPP.","37217","2022","April","Spring","05","Monday","Weekday","No Injuries","No Fatalities"
9.99009919237379e-314,2022-04-18 05:10:00,3,1,0,NA,"Y","SIDESWIPE - SAME DIRECTION","RAIN","DARK - NOT LIGHTED","4TH AVS & CARNEY ST","NASHVILLE","SOUTH",36.13877,-86.76247,"MOTOR VEHICLE IN TRANSPORT","37210","2022","April","Spring","05","Monday","Weekday","Injuries","No Fatalities"
9.99009559606996e-314,2022-04-14 02:20:00,1,0,0,NA,"Y","NOT COLLISION W/MOTOR VEHICLE-TRANSPORT","RAIN","DARK - LIGHTED","CLARKSVILLE PKE & BUENA VISTA PKE","NASHVILLE","NORTH",36.19316,-86.83041,"BUILDING","37218","2022","April","Spring","02","Thursday","Weekday","No Injuries","No Fatalities"
9.99009559804622e-314,2022-04-14 01:42:00,2,4,0,NA,"N","Front to Rear","RAIN","DARK - NOT LIGHTED","MM 200 5 I 40","NASHVILLE","WEST",36.12524,-86.90546,"MOTOR VEHICLE IN TRANSPORT","37209","2022","April","Spring","01","Thursday","Weekday","Injuries","No Fatalities"
9.99009560051655e-314,2022-04-14 01:20:00,2,0,0,NA,"N","HEAD-ON","RAIN","DARK - LIGHTED","HEADY DR & HIGHWAY 100","NASHVILLE","WEST",36.09889,-86.87189,"MOTOR VEHICLE IN TRANSPORT","37205","2022","April","Spring","01","Thursday","Weekday","No Injuries","No Fatalities"
9.99009924770915e-314,2022-04-18 08:39:00,1,0,0,NA,"N","NOT COLLISION W/MOTOR VEHICLE-TRANSPORT","RAIN","DARK - LIGHTED","MM 216 0 I 40","NASHVILLE","HERMIT",36.14191,-86.67686,"CONCRETE TRAFFIC BARRIER","37217","2022","April","Spring","08","Monday","Weekday","No Injuries","No Fatalities"
9.99009561039786e-314,2022-04-13 05:00:00,0,0,0,NA,"Y","Front to Rear","RAIN","DARK - LIGHTED","HIGHWAY 70S & BELLEVUE CTR PVTDR","NASHVILLE","WEST",36.07854,-86.95081,"MOTOR VEHICLE IN TRANSPORT","37221","2022","April","Spring","05","Wednesday","Weekday","No Injuries","No Fatalities"
9.99009925709639e-314,2022-04-18 05:00:00,1,0,0,NA,"Y","NOT COLLISION W/MOTOR VEHICLE-TRANSPORT","RAIN","DARK - LIGHTED","HARDING PL & ANTIOCH PKE","NASHVILLE","SOUTH",36.08686,-86.69382,"DITCH","37211","2022","April","Spring","05","Monday","Weekday","No Injuries","No Fatalities"
9.99009563905367e-314,2022-04-14 01:10:00,1,0,0,NA,"N","NOT COLLISION W/MOTOR VEHICLE-TRANSPORT","RAIN","DARK - LIGHTED","MM 52 8 I 24","NASHVILLE","SOUTH",36.12136,-86.72727,"GUARDRAIL FACE","37210","2022","April","Spring","01","Thursday","Weekday","No Injuries","No Fatalities"
9.99009564992311e-314,2022-04-13 05:00:00,1,1,0,NA,"N","NOT COLLISION W/MOTOR VEHICLE-TRANSPORT","RAIN","DARK - LIGHTED","GALLATIN PKE & IVERSON AV","NASHVILLE","EAST",36.20815,-86.73514,"UTILITY POLE","37216","2022","April","Spring","05","Wednesday","Weekday","Injuries","No Fatalities"
9.99009925808453e-314,2022-04-18 05:00:00,2,0,0,NA,"Y","Front to Rear","RAIN","DARK - LIGHTED","I24 E ENT RAMP & I 24","NASHVILLE","CENTRA",36.16608,-86.76583,"MOTOR VEHICLE IN TRANSPORT","37213","2022","April","Spring","05","Monday","Weekday","No Injuries","No Fatalities"
9.99009565091125e-314,2022-04-14 03:05:00,1,1,0,NA,"N","NOT COLLISION W/MOTOR VEHICLE-TRANSPORT","RAIN","DARK - NOT LIGHTED","MORTON MILL RD & NORTHRIDGE DR","NASHVILLE","WEST",36.06209,-86.95235,"TREE","37221","2022","April","Spring","03","Thursday","Weekday","Injuries","No Fatalities"