"Accident.Number","Date.and.Time","Number.of.Motor.Vehicles","Number.of.Injuries","Number.of.Fatalities","Property.Damage","Hit.and.Run","Collision.Type.Description","Weather.Description","Illumination.Description","Street.Address","City","Precinct","Latitude","Longitude","HarmfulDescriptions","Zip.Code","Year","Month","Season","Hour","Weekday","DayType","Accident","Fatality_category"
9.99009926648364e-314,2022-04-18 09:30:00,1,1,0,NA,"N","NOT COLLISION W/MOTOR VEHICLE-TRANSPORT","RAIN","DARK - LIGHTED","MM 212 8 I 40","NASHVILLE","HERMIT",36.14063,-86.732,"GUARDRAIL FACE","37210","2022","April","Spring","09","Monday","Weekday","Injuries","No Fatalities"
9.99009927043617e-314,2022-04-18 09:25:00,1,0,0,NA,"N","NOT COLLISION W/MOTOR VEHICLE-TRANSPORT","RAIN","DARK - NOT LIGHTED","POPLAR CREEK RD & COLD STREAM DR","NASHVILLE","WEST",36.05491,-86.95896,"THROWN OR FALLING OBJECT","37221","2022","April","Spring","09","Monday","Weekday","No Injuries","No Fatalities"
9.99009566770948e-314,2022-04-14 02:45:00,1,1,0,NA,"N","NOT COLLISION W/MOTOR VEHICLE-TRANSPORT","RAIN","DARK - NOT LIGHTED","MM 58 8 I 24","ANTIOCH","SOUTH",36.05014,-86.66705,"CONCRETE TRAFFIC BARRIER","37013","2022","April","Spring","02","Thursday","Weekday","Injuries","No Fatalities"
9.99009567561453e-314,2022-04-14 03:31:00,0,0,0,NA,"N","NOT COLLISION W/MOTOR VEHICLE-TRANSPORT","RAIN","DARK - NOT LIGHTED","MM 58 4 I 24","ANTIOCH","SOUTH",36.05368,-86.67289,"CONCRETE TRAFFIC BARRIER","37013","2022","April","Spring","03","Thursday","Weekday","No Injuries","No Fatalities"
9.99009568450771e-314,2022-04-14 02:00:00,1,0,0,NA,"N","NOT COLLISION W/MOTOR VEHICLE-TRANSPORT","RAIN","DARK - LIGHTED","I65 ENT RAMP & I 440","NASHVILLE","MIDTOW",36.11848,-86.76819,"CONCRETE TRAFFIC BARRIER","37204","2022","April","Spring","02","Thursday","Weekday","No Injuries","No Fatalities"
9.9900957205745e-314,2022-04-14 02:10:00,1,0,0,NA,"N","NOT COLLISION W/MOTOR VEHICLE-TRANSPORT","RAIN","DARK - NOT LIGHTED","FRANKLIN LIMESTONE RD & MULLINS RD","ANTIOCH","SOUTH",36.07811,-86.6738,"THROWN OR FALLING OBJECT","37013","2022","April","Spring","02","Thursday","Weekday","No Injuries","No Fatalities"
9.99009935492139e-314,2022-04-18 12:13:00,1,0,0,NA,"N","NOT COLLISION W/MOTOR VEHICLE-TRANSPORT","RAIN","DAYLIGHT","PERIMETER HILL DR & S PERIMETER PARK DR","NASHVILLE","SOUTH",36.08512,-86.69689,"OTHER FIXED OBJECTS","37211","2022","April","Spring","12","Monday","Weekday","No Injuries","No Fatalities"
9.99009574675998e-314,2022-04-14 04:50:00,1,0,0,NA,"N","NOT COLLISION W/MOTOR VEHICLE-TRANSPORT","RAIN","DARK - NOT LIGHTED","NOLENSVILLE PKE & KINHAWK DR","ANTIOCH","SOUTH",36.0296,-86.71254,"DITCH","37013","2022","April","Spring","04","Thursday","Weekday","No Injuries","No Fatalities"
9.99009585891288e-314,2022-04-14 07:50:00,1,0,0,NA,"N","NOT COLLISION W/MOTOR VEHICLE-TRANSPORT","RAIN","DARK - LIGHTED","MM 53 4 I 24","NASHVILLE","SOUTH",36.11241,-86.72348,"GUARDRAIL FACE","37210","2022","April","Spring","07","Thursday","Weekday","No Injuries","No Fatalities"
9.99009589596781e-314,2022-04-14 07:00:00,2,0,0,NA,"N","NOT COLLISION W/MOTOR VEHICLE-TRANSPORT","RAIN","DARK - NOT LIGHTED","OLD HICKORY BLVD & LOGISTICS WAY","ANTIOCH","SOUTH",36.02498,-86.61592,"OTHER OBJECT (NOT FIXED)","37013","2022","April","Spring","07","Thursday","Weekday","No Injuries","No Fatalities"
9.99009590683725e-314,2022-04-14 09:00:00,1,0,0,NA,"N","NOT COLLISION W/MOTOR VEHICLE-TRANSPORT","RAIN","DARK - NOT LIGHTED","OLD HICKORY BLVD & LOGISTICS WAY","ANTIOCH","SOUTH",36.02498,-86.61592,"OTHER OBJECT (NOT FIXED)","37013","2022","April","Spring","09","Thursday","Weekday","No Injuries","No Fatalities"
9.99010264786892e-314,2022-04-21 05:00:00,0,1,0,NA,"N","NOT COLLISION W/MOTOR VEHICLE-TRANSPORT","RAIN","DARK - LIGHTED","MM 207 7 I 40","NASHVILLE","NORTH",36.17133,-86.79848,"","37208","2022","April","Spring","05","Thursday","Weekday","Injuries","No Fatalities"
9.99010266960781e-314,2022-04-21 10:11:00,0,0,0,NA,"N","SIDESWIPE - SAME DIRECTION","RAIN","DARK - LIGHTED","MM 49 8 I 24","NASHVILLE","HERMIT",36.15476,-86.75958,"MOTOR VEHICLE IN TRANSPORT","37210","2022","April","Spring","10","Thursday","Weekday","No Injuries","No Fatalities"
9.99010267998319e-314,2022-04-21 10:30:00,0,0,0,NA,"N","ANGLE","RAIN","DARK - LIGHTED","MM 54 2 I 24","NASHVILLE","SOUTH",36.1037,-86.71531,"MOTOR VEHICLE IN TRANSPORT;GUARDRAIL FACE","37211","2022","April","Spring","10","Thursday","Weekday","No Injuries","No Fatalities"
9.99010269381703e-314,2022-04-21 11:15:00,0,0,0,NA,"N","NOT COLLISION W/MOTOR VEHICLE-TRANSPORT","RAIN","DAYLIGHT","MM 200 9 I 40","NASHVILLE","WEST",36.12844,-86.90065,"","37209","2022","April","Spring","11","Thursday","Weekday","No Injuries","No Fatalities"
9.99010270765086e-314,2022-04-21 11:43:00,0,1,0,NA,"N","NOT COLLISION W/MOTOR VEHICLE-TRANSPORT","RAIN","DAYLIGHT","BRILEY PKWYE & BRILEY PKWYW","NASHVILLE","MADISO",36.23421,-86.71928,"CONCRETE TRAFFIC BARRIER","37207","2022","April","Spring","11","Thursday","Weekday","Injuries","No Fatalities"
9.99010271110932e-314,2022-04-21 11:43:00,0,0,0,NA,"N","NOT COLLISION W/MOTOR VEHICLE-TRANSPORT","RAIN","DAYLIGHT","BRILEY PKWYE & BRILEY PKWYW","NASHVILLE","MADISO",36.23421,-86.71928,"CONCRETE TRAFFIC BARRIER","37207","2022","April","Spring","11","Thursday","Weekday","No Injuries","No Fatalities"
9.99010272593129e-314,2022-04-21 12:00:00,0,1,0,NA,"N","Front to Rear","RAIN","DAYLIGHT","SHUTE LN & WILLOW BOUGH LN","OLD HICKORY","HERMIT",36.23096,-86.61105,"MOTOR VEHICLE IN TRANSPORT","37138","2022","April","Spring","12","Thursday","Weekday","Injuries","No Fatalities"
9.99010272642536e-314,2022-04-21 12:01:00,0,3,0,NA,"N","Front to Rear","RAIN","DAYLIGHT","HIGHWAY 100 & NATCHEZ TRACE PKWY","NASHVILLE","WEST",36.03458,-86.97569,"MOTOR VEHICLE IN TRANSPORT","37221","2022","April","Spring","12","Thursday","Weekday","Injuries","No Fatalities"
9.99010273433041e-314,2022-04-21 12:00:00,0,0,0,NA,"N","ANGLE","RAIN","DAYLIGHT","MASSMAN MANOR DR & MASSMAN DR","NASHVILLE","HERMIT",36.13251,-86.70051,"MOTOR VEHICLE IN TRANSPORT","37217","2022","April","Spring","12","Thursday","Weekday","No Injuries","No Fatalities"
9.99010278571324e-314,2022-04-21 12:25:00,0,0,0,NA,"N","Front to Rear","RAIN","DAYLIGHT","MM 203 2 I 40","NASHVILLE","WEST",36.14989,-86.87064,"MOTOR VEHICLE IN TRANSPORT","37209","2022","April","Spring","12","Thursday","Weekday","No Injuries","No Fatalities"
9.99010633656303e-314,2022-04-25 05:00:00,0,0,0,NA,"N","ANGLE","RAIN","DAYLIGHT","8TH AVS & LAFAYETTE ST","NASHVILLE","CENTRA",36.15462,-86.77917,"MOTOR VEHICLE IN TRANSPORT","37203","2022","April","Spring","05","Monday","Weekday","No Injuries","No Fatalities"
9.99010634051556e-314,2022-04-25 05:00:00,0,2,0,NA,"N","HEAD-ON","RAIN","DAYLIGHT","SKYLINE COMMONS PVTDR & DOVERSIDE DR","NASHVILLE","MADISO",36.24551,-86.75999,"MOTOR VEHICLE IN TRANSPORT","37207","2022","April","Spring","05","Monday","Weekday","Injuries","No Fatalities"
9.99010666758702e-314,2022-04-26 00:10:00,0,0,0,NA,"N","Front to Rear","RAIN","DAYLIGHT","GALLATIN PKE & SPAIN AV","NASHVILLE","EAST",36.20007,-86.74042,"MOTOR VEHICLE IN TRANSPORT","37216","2022","April","Spring","00","Tuesday","Weekday","No Injuries","No Fatalities"
9.99010671896984e-314,2022-04-26 01:23:00,0,0,0,NA,"Y","Front to Rear","RAIN","DARK - LIGHTED","LEBANON PKE & FESSLERS LN","NASHVILLE","HERMIT",36.15432,-86.74213,"MOTOR VEHICLE IN TRANSPORT;UNKNOWN MOST HARMFUL EVENT","37210","2022","April","Spring","01","Tuesday","Weekday","No Injuries","No Fatalities"
9.99010672489863e-314,2022-04-26 00:55:00,0,1,0,NA,"Y","Front to Rear","RAIN","DARK - LIGHTED","DUPONT AV & GALLATIN PKEN","MADISON","MADISO",36.2669,-86.71091,"MOTOR VEHICLE IN TRANSPORT","37115","2022","April","Spring","00","Tuesday","Weekday","Injuries","No Fatalities"
9.99010673033335e-314,2022-04-26 01:41:00,0,3,0,NA,"N","HEAD-ON","RAIN","DARK - NOT LIGHTED","CHARLOTTE PKE & CHARLOTTE PKE PVTDR","NASHVILLE","WEST",36.10004,-86.9565,"MOTOR VEHICLE IN TRANSPORT;Ran Off Road-Left","37209","2022","April","Spring","01","Tuesday","Weekday","Injuries","No Fatalities"
9.99010676392982e-314,2022-04-26 02:10:00,0,1,0,NA,"N","NOT COLLISION W/MOTOR VEHICLE-TRANSPORT","RAIN","DARK - NOT LIGHTED","I40 W EXT RAMP & I 40","NASHVILLE","CENTRA",36.14114,-86.72195,"CONCRETE TRAFFIC BARRIER","37203","2022","April","Spring","02","Tuesday","Weekday","Injuries","No Fatalities"
9.99010676590608e-314,2022-04-26 02:10:00,0,0,0,NA,"N","NOT COLLISION W/MOTOR VEHICLE-TRANSPORT","RAIN","DARK - NOT LIGHTED","CABOT DR & I40 W EXT RAMP","NASHVILLE","WEST",36.13242,-86.89949,"DITCH","37209","2022","April","Spring","02","Tuesday","Weekday","No Injuries","No Fatalities"
9.99010679505595e-314,2022-04-26 02:15:00,0,1,0,NA,"N","NOT COLLISION W/MOTOR VEHICLE-TRANSPORT","RAIN","DARK - NOT LIGHTED","TRAILS END LN & QUAIL RUN","NASHVILLE","HERMIT",36.13702,-86.63374,"UTILITY POLE;Ran Off Road-Right","37214","2022","April","Spring","02","Tuesday","Weekday","Injuries","No Fatalities"
9.99010679703222e-314,2022-04-26 02:33:00,0,0,0,NA,"Y","Front to Rear","RAIN","DARK - LIGHTED","BRAWNER AV & HICKORY ST","MADISON","MADISO",36.26089,-86.71158,"PARKED MOTOR VEHICLE","37115","2022","April","Spring","02","Tuesday","Weekday","No Injuries","No Fatalities"
9.99010679851441e-314,2022-04-26 00:45:00,0,0,0,NA,"N","Front to Rear","RAIN","DARK - LIGHTED","MERRITT ST & ROBINSON RD","OLD HICKORY","HERMIT",36.25578,-86.65407,"MOTOR VEHICLE IN TRANSPORT","37138","2022","April","Spring","00","Tuesday","Weekday","No Injuries","No Fatalities"
9.99010681383045e-314,2022-04-26 00:27:00,0,1,0,NA,"N","Front to Rear","RAIN","DARK - LIGHTED","FRANKLIN PKE & HARDING PL","NASHVILLE","MIDTOW",36.08638,-86.77199,"MOTOR VEHICLE IN TRANSPORT","37220","2022","April","Spring","00","Tuesday","Weekday","Injuries","No Fatalities"
9.99010682519396e-314,2022-04-25 05:00:00,0,1,0,NA,"Y","NOT COLLISION W/MOTOR VEHICLE-TRANSPORT","RAIN","DARK - LIGHTED","S 5TH ST & SHELBY AV","NASHVILLE","EAST",36.1676,-86.76222,"PEDESTRIAN","37206","2022","April","Spring","05","Monday","Weekday","Injuries","No Fatalities"
9.99010683705153e-314,2022-04-26 01:44:00,0,0,0,NA,"Y","SIDESWIPE - OPPOSITE DIRECTION","RAIN","DARK - LIGHTED","MURFREESBORO PKE & MILLWOOD DR","NASHVILLE","HERMIT",36.12972,-86.71499,"PARKED MOTOR VEHICLE","37217","2022","April","Spring","01","Tuesday","Weekday","No Injuries","No Fatalities"
9.99010688991656e-314,2022-04-26 02:12:00,0,0,0,NA,"N","NOT COLLISION W/MOTOR VEHICLE-TRANSPORT","RAIN","DARK - NOT LIGHTED","MM 213 2 I 40","NASHVILLE","HERMIT",36.14123,-86.71723,"CONCRETE TRAFFIC BARRIER","37210","2022","April","Spring","02","Tuesday","Weekday","No Injuries","No Fatalities"
9.99010689584534e-314,2022-04-26 04:07:00,0,0,0,NA,"Y","NOT COLLISION W/MOTOR VEHICLE-TRANSPORT","RAIN","DARK - LIGHTED","BRILEY PKWY & KERMIT DR","NASHVILLE","HERMIT",36.12557,-86.69616,"UTILITY POLE;UNKNOWN MOST HARMFUL EVENT","37217","2022","April","Spring","04","Tuesday","Weekday","No Injuries","No Fatalities"
9.99010698527123e-314,2022-04-26 05:00:00,0,1,0,NA,"N","NOT COLLISION W/MOTOR VEHICLE-TRANSPORT","RAIN","DARK - NOT LIGHTED","BENZING RD & BROOK DR","NASHVILLE","SOUTH",36.04586,-86.69005,"DITCH","37211","2022","April","Spring","05","Tuesday","Weekday","Injuries","No Fatalities"
9.99011654198301e-314,2022-05-06 00:03:00,0,1,0,NA,"N","Front to Rear","RAIN","DAYLIGHT","MURFREESBORO PKE & MT VIEW RD","ANTIOCH","SOUTH",36.05914,-86.62228,"MOTOR VEHICLE IN TRANSPORT","37013","2022","May","Spring","00","Friday","Weekday","Injuries","No Fatalities"
9.99011668723831e-314,2022-05-06 02:34:00,0,2,0,NA,"N","ANGLE","RAIN","DARK - LIGHTED","MM 61 9 I 24","ANTIOCH","SOUTH",36.02171,-86.62846,"MOTOR VEHICLE IN TRANSPORT","37013","2022","May","Spring","02","Friday","Weekday","Injuries","No Fatalities"
9.99011671540006e-314,2022-05-06 02:40:00,0,1,0,NA,"N","Front to Rear","RAIN","DARK - NOT LIGHTED","MM 60 6 I 24","ANTIOCH","SOUTH",36.03396,-86.64214,"MOTOR VEHICLE IN TRANSPORT","37013","2022","May","Spring","02","Friday","Weekday","Injuries","No Fatalities"
9.99011678555738e-314,2022-05-06 04:01:00,0,2,0,NA,"Y","NOT COLLISION W/MOTOR VEHICLE-TRANSPORT","RAIN","DARK - NOT LIGHTED","RICE RD & EDGE O LAKE DR","ANTIOCH","SOUTH",36.07282,-86.64586,"MOTOR VEHICLE IN TRANSPORT;DITCH;SHRUBBERY","37013","2022","May","Spring","04","Friday","Weekday","Injuries","No Fatalities"
9.99011679642682e-314,2022-05-06 04:00:00,0,1,0,NA,"N","OTHER","RAIN","DARK - LIGHTED","MAIN ST & N 7TH ST","NASHVILLE","EAST",36.17487,-86.76006,"MOTOR VEHICLE IN TRANSPORT","37206","2022","May","Spring","04","Friday","Weekday","Injuries","No Fatalities"
9.99011680235561e-314,2022-05-06 03:40:00,0,0,0,NA,"Y","ANGLE","RAIN","DARK - LIGHTED","4TH AVN & CHURCH ST","NASHVILLE","CENTRA",36.16388,-86.7791,"MOTOR VEHICLE IN TRANSPORT","37219","2022","May","Spring","03","Friday","Weekday","No Injuries","No Fatalities"
9.99011687103073e-314,2022-05-06 05:42:00,0,0,0,NA,"N","SIDESWIPE - SAME DIRECTION","RAIN","DARK - LIGHTED","I40 W EXT RAMP & I 40","NASHVILLE","CENTRA",36.1422,-86.6666,"MOTOR VEHICLE IN TRANSPORT","37203","2022","May","Spring","05","Friday","Weekday","No Injuries","No Fatalities"
9.99011691253225e-314,2022-05-06 03:58:00,0,0,0,NA,"N","ANGLE","RAIN","DARK - LIGHTED","EDGE O LAKE DR & MURFREESBORO PKE","NASHVILLE","HERMIT",36.07924,-86.64485,"MOTOR VEHICLE IN TRANSPORT","37217","2022","May","Spring","03","Friday","Weekday","No Injuries","No Fatalities"
9.99011194519625e-314,2022-05-01 05:00:00,0,1,0,NA,"Y","HEAD-ON","RAIN","DARK - LIGHTED","GALLATIN PKES & DUE WEST AVW","MADISON","MADISO",36.24801,-86.72036,"MOTOR VEHICLE IN TRANSPORT","37115","2022","May","Spring","05","Sunday","Weekend","Injuries","No Fatalities"
9.99011194618438e-314,2022-05-01 07:50:00,0,0,0,NA,"N","NOT COLLISION W/MOTOR VEHICLE-TRANSPORT","RAIN","DARK - LIGHTED","2ND AVS & I40 E ENT RAMP","NASHVILLE","HERMIT",36.15151,-86.76847,"GUARDRAIL FACE","37210","2022","May","Spring","07","Sunday","Weekend","No Injuries","No Fatalities"
9.99011195507756e-314,2022-05-01 08:07:00,0,0,0,NA,"Y","Front to Rear","RAIN","DARK - LIGHTED","MURFREESBORO PKE & BROOKSBORO PL","ANTIOCH","SOUTH",36.08344,-86.64713,"MOTOR VEHICLE IN TRANSPORT","37013","2022","May","Spring","08","Sunday","Weekend","No Injuries","No Fatalities"
9.99011195754789e-314,2022-05-01 05:00:00,0,0,0,NA,"N","NOT COLLISION W/MOTOR VEHICLE-TRANSPORT","RAIN","DARK - LIGHTED","BELMONT BLVD & GALE LN","NASHVILLE","MIDTOW",36.11701,-86.79769,"CONCRETE TRAFFIC BARRIER","37212","2022","May","Spring","05","Sunday","Weekend","No Injuries","No Fatalities"
9.99011195804195e-314,2022-05-01 08:15:00,0,1,0,NA,"N","ANGLE","RAIN","DARK - LIGHTED","3RD AVN & JAMES ROBERTSON PKWY","NASHVILLE","CENTRA",36.16715,-86.77961,"MOTOR VEHICLE IN TRANSPORT","37201","2022","May","Spring","08","Sunday","Weekend","Injuries","No Fatalities"
9.99011202523488e-314,2022-05-01 10:49:00,0,0,0,NA,"N","SIDESWIPE - SAME DIRECTION","RAIN","DAYLIGHT","MM 216 0 I 40","NASHVILLE","HERMIT",36.1419,-86.67678,"MOTOR VEHICLE IN TRANSPORT","37217","2022","May","Spring","10","Sunday","Weekend","No Injuries","No Fatalities"
9.99011213985811e-314,2022-05-01 04:08:00,0,0,0,NA,"Y","ANGLE","RAIN","DARK - LIGHTED","0 OLD HICKORY BLVD","HERMITAGE","HERMIT",36.19257,-86.61692,"MOTOR VEHICLE IN TRANSPORT;PARKED MOTOR VEHICLE","37076","2022","May","Spring","04","Sunday","Weekend","No Injuries","No Fatalities"
9.99011735126254e-314,2022-05-06 05:00:00,0,1,0,NA,"N","Front to Rear","RAIN","DAYLIGHT","MM 58 0 I 24","ANTIOCH","SOUTH",36.05808,-86.6776,"MOTOR VEHICLE IN TRANSPORT","37013","2022","May","Spring","05","Friday","Weekday","Injuries","No Fatalities"
9.99011238096214e-314,2022-05-01 05:00:00,0,0,0,NA,"Y","SIDESWIPE - OPPOSITE DIRECTION","RAIN","Dark-Unknown Lighting","ANN ST & ROCK CITY ST","NASHVILLE","EAST",36.19869,-86.72842,"MOTOR VEHICLE IN TRANSPORT;PARKED MOTOR VEHICLE","37216","2022","May","Spring","05","Sunday","Weekend","No Injuries","No Fatalities"
9.99011745600446e-314,2022-05-06 05:00:00,0,0,0,NA,"N","Front to Rear","RAIN","DAYLIGHT","MM 56 7 I 24","NASHVILLE","SOUTH",36.07337,-86.6924,"MOTOR VEHICLE IN TRANSPORT","37211","2022","May","Spring","05","Friday","Weekday","No Injuries","No Fatalities"
9.99011782408336e-314,2022-05-07 05:38:00,0,1,0,NA,"Y","Front to Rear","RAIN","DARK - NOT LIGHTED","RICE RD & EDGE O LAKE DR","ANTIOCH","SOUTH",36.07262,-86.6449,"MOTOR VEHICLE IN TRANSPORT","37013","2022","May","Spring","05","Saturday","Weekend","Injuries","No Fatalities"
9.99011784730445e-314,2022-05-07 05:00:00,0,0,0,NA,"N","SIDESWIPE - SAME DIRECTION","RAIN","DARK - NOT LIGHTED","MM 59 6 I 24","ANTIOCH","SOUTH",36.04349,-86.65561,"MOTOR VEHICLE IN TRANSPORT","37013","2022","May","Spring","05","Saturday","Weekend","No Injuries","No Fatalities"
9.99011787843059e-314,2022-05-07 08:34:00,0,1,0,NA,"N","NOT COLLISION W/MOTOR VEHICLE-TRANSPORT","RAIN","DARK - NOT LIGHTED","RURAL HILL RD & WILLOW POINTE PVTDR","ANTIOCH","SOUTH",36.05416,-86.65291,"DITCH;TREE","37013","2022","May","Spring","08","Saturday","Weekend","Injuries","No Fatalities"
9.99011341553561e-314,2022-05-03 01:04:00,0,0,1,NA,"N","NOT COLLISION W/MOTOR VEHICLE-TRANSPORT","RAIN","DARK - NOT LIGHTED","MM 36 7 I 24","WHITES CREEK","NORTH",36.3184,-86.83983,"PEDESTRIAN","37189","2022","May","Spring","01","Tuesday","Weekday","No Injuries","With Fatalities"
9.99011342591099e-314,2022-05-03 01:15:00,0,0,0,NA,"Y","ANGLE","RAIN","DARK - LIGHTED","OLD HICKORY BLVD & HIGHWAY 70S","NASHVILLE","WEST",36.07448,-86.92094,"MOTOR VEHICLE IN TRANSPORT","37221","2022","May","Spring","01","Tuesday","Weekday","No Injuries","No Fatalities"
9.99011343085164e-314,2022-05-03 01:24:00,0,0,0,NA,"N","ANGLE","RAIN","DARK - NOT LIGHTED","OLD HICKORY BLVD & GAUCHO ROAD PVTDR","NASHVILLE","WEST",36.05392,-86.89869,"MOTOR VEHICLE IN TRANSPORT","37221","2022","May","Spring","01","Tuesday","Weekday","No Injuries","No Fatalities"
9.99011344122702e-314,2022-05-03 01:31:00,0,1,0,NA,"N","ANGLE","RAIN","DARK - LIGHTED","GALLATIN AV & CALVIN AV","NASHVILLE","EAST",36.18156,-86.74932,"MOTOR VEHICLE IN TRANSPORT","37206","2022","May","Spring","01","Tuesday","Weekday","Injuries","No Fatalities"
9.99011346049558e-314,2022-05-03 01:45:00,0,4,0,NA,"N","Front to Rear","RAIN","DARK - LIGHTED","DICKERSON PKE & LORRAINE AV","NASHVILLE","EAST",36.21728,-86.76326,"MOTOR VEHICLE IN TRANSPORT","37207","2022","May","Spring","01","Tuesday","Weekday","Injuries","No Fatalities"
9.99011346840063e-314,2022-05-03 01:35:00,0,4,0,NA,"N","SIDESWIPE - SAME DIRECTION","RAIN","DARK - LIGHTED","GALLATIN AV & PETWAY AV","NASHVILLE","EAST",36.18724,-86.74686,"MOTOR VEHICLE IN TRANSPORT","37206","2022","May","Spring","01","Tuesday","Weekday","Injuries","No Fatalities"
9.99012384526139e-314,2022-05-14 00:25:00,0,1,0,NA,"N","ANGLE","RAIN","DARK - LIGHTED","GREENWOOD AV & GALLATIN AV","NASHVILLE","EAST",36.19079,-86.74529,"MOTOR VEHICLE IN TRANSPORT","37206","2022","May","Spring","00","Saturday","Weekend","Injuries","No Fatalities"
9.99011443479303e-314,2022-05-03 05:00:00,0,1,0,NA,"N","NOT COLLISION W/MOTOR VEHICLE-TRANSPORT","RAIN","DUSK","I40 E EXT RAMP & I 40","NASHVILLE","HERMIT",36.16895,-86.60667,"CONCRETE TRAFFIC BARRIER","37214","2022","May","Spring","05","Tuesday","Weekday","Injuries","No Fatalities"
9.99011453212397e-314,2022-05-04 02:27:00,0,2,0,NA,"N","ANGLE","RAIN","DARK - LIGHTED","MT VIEW RD & HICKORY HOLLOW PKWY","ANTIOCH","SOUTH",36.05667,-86.66767,"MOTOR VEHICLE IN TRANSPORT;DITCH;SHRUBBERY;Ran Off Road-Right","37013","2022","May","Spring","02","Wednesday","Weekday","Injuries","No Fatalities"
9.99012478645645e-314,2022-05-15 05:24:00,0,0,0,NA,"N","NOT COLLISION W/MOTOR VEHICLE-TRANSPORT","RAIN","DARK - LIGHTED","MM 55 3 I 24","NASHVILLE","SOUTH",36.09052,-86.70344,"DITCH;SHRUBBERY","37211","2022","May","Spring","05","Sunday","Weekend","No Injuries","No Fatalities"
9.99012479633776e-314,2022-05-15 05:35:00,0,3,0,NA,"N","ANGLE","RAIN","DARK - NOT LIGHTED","MM 57 0 I 24","NASHVILLE","SOUTH",36.06896,-86.68888,"MOTOR VEHICLE IN TRANSPORT;CONCRETE TRAFFIC BARRIER","37211","2022","May","Spring","05","Sunday","Weekend","Injuries","No Fatalities"
9.99012482696983e-314,2022-05-15 06:15:00,0,2,0,NA,"N","NOT COLLISION W/MOTOR VEHICLE-TRANSPORT","RAIN","DARK - LIGHTED","LAKEVILLA DR & GRIGGS PL","NASHVILLE","HERMIT",36.0789,-86.64113,"CURB","37217","2022","May","Spring","06","Sunday","Weekend","Injuries","No Fatalities"
9.9901248576019e-314,2022-05-15 07:25:00,0,0,0,NA,"Y","ANGLE","RAIN","DARK - LIGHTED","I24 W EXT RAMP & I 24","NASHVILLE","SOUTH",36.06947,-86.68754,"MOTOR VEHICLE IN TRANSPORT","37211","2022","May","Spring","07","Sunday","Weekend","No Injuries","No Fatalities"
9.99012495443877e-314,2022-05-15 04:25:00,0,0,0,NA,"Y","HEAD-ON","RAIN","DARK - LIGHTED","BRICK CHURCH PKE & BRILEY PARK BLVDS","NASHVILLE","MADISO",36.24057,-86.78069,"MOTOR VEHICLE IN TRANSPORT","37207","2022","May","Spring","04","Sunday","Weekend","No Injuries","No Fatalities"
9.99012725876094e-314,2022-05-15 05:33:00,0,0,0,NA,"N","NOT COLLISION W/MOTOR VEHICLE-TRANSPORT","RAIN","DARK - NOT LIGHTED","MM 57 1 I 24","ANTIOCH","SOUTH",36.06841,-86.68833,"CONCRETE TRAFFIC BARRIER","37013","2022","May","Spring","05","Sunday","Weekend","No Injuries","No Fatalities"
9.99013117670151e-314,2022-05-22 00:36:00,0,1,0,NA,"N","NOT COLLISION W/MOTOR VEHICLE-TRANSPORT","RAIN","DUSK","MM 201 8 I 40","NASHVILLE","WEST",36.1381,-86.88982,"EMBANKMENT ROCK/STONE/CONCRETE","37209","2022","May","Spring","00","Sunday","Weekend","Injuries","No Fatalities"
9.99013117818371e-314,2022-05-22 00:30:00,0,0,0,NA,"N","NOT COLLISION W/MOTOR VEHICLE-TRANSPORT","RAIN","DARK - LIGHTED","MM 86 5 I 65","NASHVILLE","NORTH",36.19521,-86.77557,"GUARDRAIL FACE;Ran Off Road-Left","37207","2022","May","Spring","00","Sunday","Weekend","No Injuries","No Fatalities"
9.99013118757095e-314,2022-05-22 01:02:00,0,2,0,NA,"N","NOT COLLISION W/MOTOR VEHICLE-TRANSPORT","RAIN","DARK - LIGHTED","I40 W ENT RAMP & I 40","NASHVILLE","HERMIT",36.14884,-86.77965,"LUMINAIRE/LIGHT SUPPORT","37210","2022","May","Spring","01","Sunday","Weekend","Injuries","No Fatalities"
9.99013119004128e-314,2022-05-21 05:00:00,0,0,0,NA,"N","Front to Rear","RAIN","DARK - LIGHTED","SPRING ST & N 1ST ST","NASHVILLE","CENTRA",36.17691,-86.77458,"MOTOR VEHICLE IN TRANSPORT","37213","2022","May","Spring","05","Saturday","Weekend","No Injuries","No Fatalities"
9.99013119053535e-314,2022-05-22 01:11:00,0,1,0,NA,"N","ANGLE","RAIN","DARK - LIGHTED","BRILEY PKWYS & BRILEY PKWYN","NASHVILLE","NORTH",36.14801,-86.69284,"MOTOR VEHICLE IN TRANSPORT","37218","2022","May","Spring","01","Sunday","Weekend","Injuries","No Fatalities"
9.99013119646414e-314,2022-05-22 01:12:00,0,1,0,NA,"N","NOT COLLISION W/MOTOR VEHICLE-TRANSPORT","RAIN","DARK - LIGHTED","ELLINGTON PKWYS & ELLINGTON PKWYN","NASHVILLE","EAST",36.21397,-86.74844,"TREE","37206","2022","May","Spring","01","Sunday","Weekend","Injuries","No Fatalities"
9.99013120140479e-314,2022-05-21 05:00:00,0,1,0,NA,"N","NOT COLLISION W/MOTOR VEHICLE-TRANSPORT","RAIN","DARK - NOT LIGHTED","EWING LN & BRICK CHURCH PKE","NASHVILLE","MADISO",36.23274,-86.78062,"PEDESTRIAN","37207","2022","May","Spring","05","Saturday","Weekend","Injuries","No Fatalities"
9.99013120239292e-314,2022-05-22 01:48:00,0,0,0,NA,"N","NOT COLLISION W/MOTOR VEHICLE-TRANSPORT","RAIN","DARK - LIGHTED","ROBINSON RD & INDUSTRIAL DR PVTDR","OLD HICKORY","HERMIT",36.26549,-86.66408,"DITCH","37138","2022","May","Spring","01","Sunday","Weekend","No Injuries","No Fatalities"