"Accident.Number","Date.and.Time","Number.of.Motor.Vehicles","Number.of.Injuries","Number.of.Fatalities","Property.Damage","Hit.and.Run","Collision.Type.Description","Weather.Description","Illumination.Description","Street.Address","City","Precinct","Latitude","Longitude","HarmfulDescriptions","Zip.Code","Year","Month","Season","Hour","Weekday","DayType","Accident","Fatality_category"
9.99013121178017e-314,2022-05-22 02:10:00,0,0,0,NA,"N","Front to Rear","RAIN","DARK - LIGHTED","MM 211 2 I 40","NASHVILLE","HERMIT",36.15327,-86.75641,"MOTOR VEHICLE IN TRANSPORT","37210","2022","May","Spring","02","Sunday","Weekend","No Injuries","No Fatalities"
9.9901312127683e-314,2022-05-22 02:16:00,0,1,0,NA,"N","HEAD-ON","RAIN","DARK - LIGHTED","OLD HICKORY BLVD & HIGHWAY 70S","NASHVILLE","WEST",36.07448,-86.92094,"MOTOR VEHICLE IN TRANSPORT","37221","2022","May","Spring","02","Sunday","Weekend","Injuries","No Fatalities"
9.99013122462588e-314,2022-05-22 01:00:00,0,1,0,NA,"N","ANGLE","RAIN","DARK - NOT LIGHTED","GALLATIN AV & MANSFIELD ST","NASHVILLE","EAST",36.18149,-86.74935,"MOTOR VEHICLE IN TRANSPORT","37206","2022","May","Spring","01","Sunday","Weekend","Injuries","No Fatalities"
9.99013123747158e-314,2022-05-22 02:50:00,0,0,0,NA,"N","Front to Rear","RAIN","DARK - LIGHTED","GALLATIN AV & W EASTLAND AV","NASHVILLE","EAST",36.18335,-86.74857,"MOTOR VEHICLE IN TRANSPORT","37206","2022","May","Spring","02","Sunday","Weekend","No Injuries","No Fatalities"
9.99013125377575e-314,2022-05-22 03:03:00,0,1,0,NA,"N","NOT COLLISION W/MOTOR VEHICLE-TRANSPORT","RAIN","DARK - NOT LIGHTED","BRILEY PKWYW & DOVERSIDE DR","NASHVILLE","MADISO",36.23937,-86.77657,"CONCRETE TRAFFIC BARRIER","37207","2022","May","Spring","03","Sunday","Weekend","Injuries","No Fatalities"
9.99013126612739e-314,2022-05-22 03:16:00,0,0,0,NA,"N","Front to Rear","RAIN","DARK - NOT LIGHTED","MONTCHANIN RD & OLD HICKORY BLVD","OLD HICKORY","HERMIT",36.23452,-86.6259,"MOTOR VEHICLE IN TRANSPORT","37138","2022","May","Spring","03","Sunday","Weekend","No Injuries","No Fatalities"
9.99013128243156e-314,2022-05-22 02:19:00,0,0,0,NA,"N","ANGLE","RAIN","DARK - NOT LIGHTED","I40 E EXT RAMP & I 40","NASHVILLE","HERMIT",36.15488,-86.62725,"MOTOR VEHICLE IN TRANSPORT","37214","2022","May","Spring","02","Sunday","Weekend","No Injuries","No Fatalities"
9.99013129922979e-314,2022-05-22 04:02:00,0,0,1,NA,"N","NOT COLLISION W/MOTOR VEHICLE-TRANSPORT","RAIN","DARK - LIGHTED","MM 87 0 I 65","NASHVILLE","EAST",36.20213,-86.77663,"PEDESTRIAN","37207","2022","May","Spring","04","Sunday","Weekend","No Injuries","With Fatalities"
9.9901313436957e-314,2022-05-22 05:00:00,0,1,0,NA,"N","Front to Rear","RAIN","DARK - LIGHTED","MM 85 4 I 65","NASHVILLE","NORTH",36.18793,-86.79436,"MOTOR VEHICLE IN TRANSPORT","37208","2022","May","Spring","05","Sunday","Weekend","Injuries","No Fatalities"
9.99013135357701e-314,2022-05-22 05:25:00,0,0,0,NA,"N","NOT COLLISION W/MOTOR VEHICLE-TRANSPORT","RAIN","DARK - LIGHTED","MM 87 3 I 65","NASHVILLE","EAST",36.20624,-86.77651,"CONCRETE TRAFFIC BARRIER","37207","2022","May","Spring","05","Sunday","Weekend","No Injuries","No Fatalities"
9.99013137185744e-314,2022-05-22 05:40:00,0,1,0,NA,"Y","NOT COLLISION W/MOTOR VEHICLE-TRANSPORT","RAIN","DARK - LIGHTED","COMMERCE ST & 6TH AVN","NASHVILLE","CENTRA",36.16133,-86.7806,"PEDESTRIAN","37203","2022","May","Spring","05","Sunday","Weekend","Injuries","No Fatalities"
9.99013137333964e-314,2022-05-22 04:35:00,0,1,0,NA,"N","SIDESWIPE - SAME DIRECTION","RAIN","DARK - LIGHTED","4TH AVS & PEABODY ST","NASHVILLE","CENTRA",36.15593,-86.7739,"MOTOR VEHICLE IN TRANSPORT","37201","2022","May","Spring","04","Sunday","Weekend","Injuries","No Fatalities"
9.9901313753159e-314,2022-05-22 05:57:00,0,0,0,NA,"Y","NOT COLLISION W/MOTOR VEHICLE-TRANSPORT","RAIN","DARK - LIGHTED","MM 58 9 I 24","ANTIOCH","SOUTH",36.04996,-86.66672,"GUARDRAIL END","37013","2022","May","Spring","05","Sunday","Weekend","No Injuries","No Fatalities"
9.99013137976249e-314,2022-05-22 06:05:00,0,0,0,NA,"N","NOT COLLISION W/MOTOR VEHICLE-TRANSPORT","RAIN","DARK - NOT LIGHTED","I65 N EXT RAMP & I 65","NASHVILLE","EAST",36.07956,-86.76442,"CONCRETE TRAFFIC BARRIER","37207","2022","May","Spring","06","Sunday","Weekend","No Injuries","No Fatalities"
9.99013138025656e-314,2022-05-22 06:03:00,0,0,0,NA,"Y","Front to Rear","RAIN","DARK - LIGHTED","MURFREESBORO PKE & FOOTHILL DR","NASHVILLE","HERMIT",36.13119,-86.71687,"MOTOR VEHICLE IN TRANSPORT","37217","2022","May","Spring","06","Sunday","Weekend","No Injuries","No Fatalities"
9.99013138914974e-314,2022-05-22 05:00:00,0,1,0,NA,"N","REAR-TO-REAR","RAIN","DARK - LIGHTED","MM 86 8 I 65","NASHVILLE","NORTH",36.19994,-86.77631,"MOTOR VEHICLE IN TRANSPORT","37207","2022","May","Spring","05","Sunday","Weekend","Injuries","No Fatalities"
9.99013139162007e-314,2022-05-22 06:20:00,0,0,0,NA,"N","NOT COLLISION W/MOTOR VEHICLE-TRANSPORT","RAIN","DARK - LIGHTED","FAIRFAX AV & I440 W EXT RAMP","NASHVILLE","MIDTOW",36.13695,-86.82021,"GUARDRAIL FACE","37212","2022","May","Spring","06","Sunday","Weekend","No Injuries","No Fatalities"
9.99013139754885e-314,2022-05-22 05:00:00,0,0,0,NA,"Y","ANGLE","RAIN","DARK - LIGHTED","DICKERSON PKE & DICKERSON PKE ENT RAMP","MADISON","MADISO",36.24196,-86.75708,"MOTOR VEHICLE IN TRANSPORT","37115","2022","May","Spring","05","Sunday","Weekend","No Injuries","No Fatalities"
9.99013139804292e-314,2022-05-22 05:00:00,0,0,0,NA,"N","NOT COLLISION W/MOTOR VEHICLE-TRANSPORT","RAIN","DARK - NOT LIGHTED","7032 WHITES CREEK PKE","JOELTON","NORTH",36.30524,-86.86038,"DITCH","37080","2022","May","Spring","05","Sunday","Weekend","No Injuries","No Fatalities"
9.99013140743017e-314,2022-05-22 05:00:00,0,0,0,NA,"Y","UNKNOWN","RAIN","DARK - LIGHTED","SNYDER AV & MAXON AV","NASHVILLE","WEST",36.15277,-86.86125,"UNKNOWN MOST HARMFUL EVENT","37209","2022","May","Spring","05","Sunday","Weekend","No Injuries","No Fatalities"
9.99013141286489e-314,2022-05-22 07:12:00,0,3,0,NA,"N","ANGLE","RAIN","DARK - LIGHTED","W TRINITY LN & BRICK CHURCH PKE","NASHVILLE","NORTH",36.20662,-86.7779,"MOTOR VEHICLE IN TRANSPORT","37207","2022","May","Spring","07","Sunday","Weekend","Injuries","No Fatalities"
9.99013141582928e-314,2022-05-22 07:21:00,0,1,1,NA,"N","NOT COLLISION W/MOTOR VEHICLE-TRANSPORT","RAIN","DARK - LIGHTED","NOLENSVILLE PKE & BASS AV","NASHVILLE","MIDTOW",36.07077,-86.72307,"UTILITY POLE","37211","2022","May","Spring","07","Sunday","Weekend","Injuries","With Fatalities"
9.990131421264e-314,2022-05-22 07:36:00,0,2,0,NA,"N","NOT COLLISION W/MOTOR VEHICLE-TRANSPORT","RAIN","DARK - NOT LIGHTED","NEAL TER & WEDGEWOOD AV","NASHVILLE","MIDTOW",36.13331,-86.76806,"UTILITY POLE","37203","2022","May","Spring","07","Sunday","Weekend","Injuries","No Fatalities"
9.99013142521653e-314,2022-05-22 07:31:00,0,0,0,NA,"Y","ANGLE","RAIN","DARK - LIGHTED","8TH AVS & LAFAYETTE ST","NASHVILLE","CENTRA",36.15448,-86.77942,"MOTOR VEHICLE IN TRANSPORT","37203","2022","May","Spring","07","Sunday","Weekend","No Injuries","No Fatalities"
9.99013142818092e-314,2022-05-22 07:50:00,0,1,0,NA,"N","NOT COLLISION W/MOTOR VEHICLE-TRANSPORT","RAIN","DARK - LIGHTED","LINBAR DR & HARDING PL","NASHVILLE","SOUTH",36.08416,-86.70589,"OTHER OBJECT (NOT FIXED);UTILITY POLE","37211","2022","May","Spring","07","Sunday","Weekend","Injuries","No Fatalities"
9.99013142867499e-314,2022-05-22 07:24:00,0,0,0,NA,"Y","Front to Rear","RAIN","DARK - NOT LIGHTED","WEDGEWOOD AV & BRANSFORD AV","NASHVILLE","MIDTOW",36.13329,-86.76884,"MOTOR VEHICLE IN TRANSPORT","37203","2022","May","Spring","07","Sunday","Weekend","No Injuries","No Fatalities"
9.99013143065125e-314,2022-05-22 08:06:00,0,3,0,NA,"N","ANGLE","RAIN","DARK - LIGHTED","COMMERCE ST & ROSA L PARKS BLVD","NASHVILLE","CENTRA",36.16025,-86.78296,"MOTOR VEHICLE IN TRANSPORT","37203","2022","May","Spring","08","Sunday","Weekend","Injuries","No Fatalities"
9.99013144250883e-314,2022-05-22 08:36:00,0,0,0,NA,"N","NOT COLLISION W/MOTOR VEHICLE-TRANSPORT","RAIN","DARK - LIGHTED","HAYWOOD LN & HOPEDALE DR","NASHVILLE","SOUTH",36.06879,-86.71686,"DITCH","37211","2022","May","Spring","08","Sunday","Weekend","No Injuries","No Fatalities"
9.99013144843761e-314,2022-05-22 05:00:00,0,0,0,NA,"Y","Front to Rear","RAIN","DARK - LIGHTED","MM 47 4 I 24","NASHVILLE","CENTRA",36.18301,-86.77498,"MOTOR VEHICLE IN TRANSPORT","37207","2022","May","Spring","05","Sunday","Weekend","No Injuries","No Fatalities"
9.99013145831893e-314,2022-05-22 08:55:00,0,0,0,NA,"Y","Front to Rear","RAIN","DARK - LIGHTED","MM 47 6 I 24","NASHVILLE","CENTRA",36.18113,-86.7745,"MOTOR VEHICLE IN TRANSPORT","37207","2022","May","Spring","08","Sunday","Weekend","No Injuries","No Fatalities"
9.99013146770617e-314,2022-05-22 05:00:00,0,0,0,NA,"N","NOT COLLISION W/MOTOR VEHICLE-TRANSPORT","RAIN","DARK - LIGHTED","MM 209 4 I 40","NASHVILLE","CENTRA",36.15143,-86.78619,"CONCRETE TRAFFIC BARRIER","37203","2022","May","Spring","05","Sunday","Weekend","No Injuries","No Fatalities"
9.99013147264683e-314,2022-05-22 07:00:00,0,0,0,NA,"N","ANGLE","RAIN","DARK - LIGHTED","W TRINITY LN & BRICK CHURCH PKE","NASHVILLE","NORTH",36.20662,-86.7779,"MOTOR VEHICLE IN TRANSPORT","37207","2022","May","Spring","07","Sunday","Weekend","No Injuries","No Fatalities"
9.99013147412903e-314,2022-05-22 09:40:00,0,1,0,NA,"N","Front to Rear","RAIN","DARK - LIGHTED","EXIT 212 & I 40","NASHVILLE","HERMIT",36.15146,-86.75133,"MOTOR VEHICLE IN TRANSPORT;H-WAY TRAFFIC SIGNAL POST;LUMINAIRE/LIGHT SUPPORT","37210","2022","May","Spring","09","Sunday","Weekend","Injuries","No Fatalities"
9.99013148351628e-314,2022-05-22 10:41:00,0,1,0,NA,"N","Front to Rear","RAIN","DAWN","STATE RT 45 & LARKIN SPRINGS RD","MADISON","MADISO",36.26347,-86.68446,"MOTOR VEHICLE IN TRANSPORT","37115","2022","May","Spring","10","Sunday","Weekend","Injuries","No Fatalities"
9.99013206799593e-314,2022-05-23 05:30:00,0,1,0,NA,"Y","ANGLE","RAIN","DARK - LIGHTED","APACHE TRL & CUMBERLAND LANES PVTDR","NASHVILLE","SOUTH",36.06824,-86.6937,"MOTOR VEHICLE IN TRANSPORT","37211","2022","May","Spring","05","Monday","Weekday","Injuries","No Fatalities"
9.99013210554492e-314,2022-05-23 07:00:00,0,0,0,NA,"Y","NOT COLLISION W/MOTOR VEHICLE-TRANSPORT","RAIN","DARK - NOT LIGHTED","WALLACE RD & FOLEY DR","NASHVILLE","SOUTH",36.07956,-86.71685,"EMBANKMENT EARTH","37211","2022","May","Spring","07","Monday","Weekday","No Injuries","No Fatalities"
9.99013214556424e-314,2022-05-23 05:00:00,0,0,0,NA,"Y","NOT COLLISION W/MOTOR VEHICLE-TRANSPORT","RAIN","DARK - NOT LIGHTED","MM 77 3 I 65","NASHVILLE","MIDTOW",36.07543,-86.76828,"GUARDRAIL FACE","37220","2022","May","Spring","05","Monday","Weekday","No Injuries","No Fatalities"
9.99013216038621e-314,2022-05-23 09:30:00,0,1,0,NA,"N","NOT COLLISION W/MOTOR VEHICLE-TRANSPORT","RAIN","DARK - NOT LIGHTED","RIVER ROAD PKE & OLD RIVER RD","NASHVILLE","WEST",36.19712,-86.96956,"","37209","2022","May","Spring","09","Monday","Weekday","Injuries","No Fatalities"
9.99013217224379e-314,2022-05-23 09:29:00,0,0,0,NA,"Y","SIDESWIPE - SAME DIRECTION","RAIN","DARK - NOT LIGHTED","I24 E ENT RAMP & I 24","NASHVILLE","CENTRA",36.01344,-86.62069,"MOTOR VEHICLE IN TRANSPORT","37213","2022","May","Spring","09","Monday","Weekday","No Injuries","No Fatalities"
9.99013221621563e-314,2022-05-23 11:25:00,0,0,0,NA,"N","Front to Rear","RAIN","DAYLIGHT","HARDING PL & TROUSDALE DR","NASHVILLE","MIDTOW",36.08136,-86.75933,"MOTOR VEHICLE IN TRANSPORT","37204","2022","May","Spring","11","Monday","Weekday","No Injuries","No Fatalities"
9.99013222016815e-314,2022-05-23 10:40:00,0,0,0,NA,"Y","Front to Rear","RAIN","DARK - LIGHTED","BELL RD & HARRIS HILLS LN","ANTIOCH","SOUTH",36.04559,-86.68512,"MOTOR VEHICLE IN TRANSPORT","37013","2022","May","Spring","10","Monday","Weekday","No Injuries","No Fatalities"
9.99013223251979e-314,2022-05-23 11:50:00,0,0,0,NA,"N","NOT COLLISION W/MOTOR VEHICLE-TRANSPORT","RAIN","DAYLIGHT","I40 E EXT RAMP & I 40","NASHVILLE","HERMIT",36.14398,-86.69629,"GUARDRAIL FACE","37214","2022","May","Spring","11","Monday","Weekday","No Injuries","No Fatalities"
9.99013374189034e-314,2022-05-24 05:00:00,0,1,0,NA,"N","Front to Rear","RAIN","DAYLIGHT","SHUTE LN & SAUNDERSVILLE RD","OLD HICKORY","HERMIT",36.22651,-86.60316,"MOTOR VEHICLE IN TRANSPORT","37138","2022","May","Spring","05","Tuesday","Weekday","Injuries","No Fatalities"
9.9901339078964e-314,2022-05-25 01:50:00,0,0,0,NA,"Y","ANGLE","RAIN","DARK - LIGHTED","MURFREESBORO PKE & LAVERGNE COUCHVILLE P","ANTIOCH","SOUTH",36.02835,-86.59047,"MOTOR VEHICLE IN TRANSPORT","37013","2022","May","Spring","01","Wednesday","Weekday","No Injuries","No Fatalities"
9.99013396174956e-314,2022-05-25 02:29:00,0,0,0,NA,"N","NOT COLLISION W/MOTOR VEHICLE-TRANSPORT","RAIN","DARK - NOT LIGHTED","MM 51 3 I 24","NASHVILLE","SOUTH",36.13019,-86.72702,"CONCRETE TRAFFIC BARRIER","37210","2022","May","Spring","02","Wednesday","Weekday","No Injuries","No Fatalities"
9.990133972619e-314,2022-05-25 02:35:00,0,5,0,NA,"N","SIDESWIPE - SAME DIRECTION","RAIN","DARK - LIGHTED","MM 49 4 I 24","NASHVILLE","EAST",36.16103,-86.76055,"MOTOR VEHICLE IN TRANSPORT","37206","2022","May","Spring","02","Wednesday","Weekday","Injuries","No Fatalities"
9.99013398299438e-314,2022-05-25 02:40:00,0,0,0,NA,"N","NOT COLLISION W/MOTOR VEHICLE-TRANSPORT","RAIN","DARK - LIGHTED","MM 52 0 I 24","NASHVILLE","SOUTH",36.13376,-86.72676,"GUARDRAIL FACE","37217","2022","May","Spring","02","Wednesday","Weekday","No Injuries","No Fatalities"
9.99013415443516e-314,2022-05-25 05:00:00,0,0,0,NA,"N","NOT COLLISION W/MOTOR VEHICLE-TRANSPORT","RAIN","DARK - NOT LIGHTED","MM 213 6 I 40","NASHVILLE","HERMIT",36.14062,-86.7249,"Ran Off Road-Right;EMBANKMENT ROCK/STONE/CONCRETE","37217","2022","May","Spring","05","Wednesday","Weekday","No Injuries","No Fatalities"
9.99013415542329e-314,2022-05-25 05:00:00,0,0,0,NA,"N","NOT COLLISION W/MOTOR VEHICLE-TRANSPORT","RAIN","DARK - NOT LIGHTED","JONES PKWY & CLOVERLAND DR","BRENTWOOD","MIDTOW",36.032,-86.76864,"OTHER POST, POLE, SUPP.","37027","2022","May","Spring","05","Wednesday","Weekday","No Injuries","No Fatalities"
9.99013416826899e-314,2022-05-25 05:30:00,0,0,0,NA,"N","SIDESWIPE - SAME DIRECTION","RAIN","DARK - LIGHTED","4TH AVS & DEMONBREUN ST","NASHVILLE","CENTRA",36.15899,-86.77589,"MOTOR VEHICLE IN TRANSPORT","37201","2022","May","Spring","05","Wednesday","Weekday","No Injuries","No Fatalities"
9.99013417123339e-314,2022-05-25 05:30:00,0,0,0,NA,"Y","NOT COLLISION W/MOTOR VEHICLE-TRANSPORT","RAIN","DARK - LIGHTED","I24 W EXT RAMP & I 24","NASHVILLE","SOUTH",36.16481,-86.7629,"H-WAY TRAFFIC SIGNAL POST;UTILITY POLE","37211","2022","May","Spring","05","Wednesday","Weekday","No Injuries","No Fatalities"
9.99013417222152e-314,2022-05-25 05:00:00,0,0,0,NA,"Y","NOT COLLISION W/MOTOR VEHICLE-TRANSPORT","RAIN","DARK - LIGHTED","I24 E ENT RAMP & I 65","NASHVILLE","CENTRA",36.19169,-86.77971,"GUARDRAIL FACE;EMBANKMENT EARTH","37207","2022","May","Spring","05","Wednesday","Weekday","No Injuries","No Fatalities"
9.99013418062064e-314,2022-05-25 05:39:00,0,0,0,NA,"N","NOT COLLISION W/MOTOR VEHICLE-TRANSPORT","RAIN","DARK - LIGHTED","MM 91 6 I 65","MADISON","MADISO",36.25609,-86.73852,"CONCRETE TRAFFIC BARRIER","37115","2022","May","Spring","05","Wednesday","Weekday","No Injuries","No Fatalities"
9.9901341811147e-314,2022-05-25 05:50:00,0,0,0,NA,"Y","Front to Rear","RAIN","DARK - LIGHTED","MM 91 6 I 65","MADISON","MADISO",36.2561,-86.73833,"MOTOR VEHICLE IN TRANSPORT","37115","2022","May","Spring","05","Wednesday","Weekday","No Injuries","No Fatalities"
9.99013419396041e-314,2022-05-25 06:25:00,0,0,0,NA,"N","OTHER","RAIN","DARK - LIGHTED","MM 211 8 I 40","NASHVILLE","HERMIT",36.14903,-86.74643,"MOTOR VEHICLE IN TRANSPORT","37210","2022","May","Spring","06","Wednesday","Weekday","No Injuries","No Fatalities"
9.99013419593667e-314,2022-05-25 05:50:00,0,0,0,NA,"Y","SIDESWIPE - SAME DIRECTION","RAIN","DARK - LIGHTED","MM 58 4 I 24","ANTIOCH","SOUTH",36.05365,-86.67283,"MOTOR VEHICLE IN TRANSPORT","37013","2022","May","Spring","05","Wednesday","Weekday","No Injuries","No Fatalities"
9.99013419939513e-314,2022-05-25 06:59:00,0,0,0,NA,"Y","NOT COLLISION W/MOTOR VEHICLE-TRANSPORT","RAIN","DARK - LIGHTED","I24 W ENT RAMP & I 24","NASHVILLE","EAST",36.17557,-86.77127,"LUMINAIRE/LIGHT SUPPORT","37206","2022","May","Spring","06","Wednesday","Weekday","No Injuries","No Fatalities"
9.99013422212215e-314,2022-05-25 07:45:00,0,1,0,NA,"N","ANGLE","RAIN","DARK - LIGHTED","MM 212 0 I 40","NASHVILLE","HERMIT",36.14743,-86.74394,"MOTOR VEHICLE IN TRANSPORT","37210","2022","May","Spring","07","Wednesday","Weekday","Injuries","No Fatalities"
9.99013491727251e-314,2022-05-26 01:12:00,0,0,0,NA,"N","SIDESWIPE - SAME DIRECTION","RAIN","DAYLIGHT","NOLENSVILLE PKE & WALLACE RD","NASHVILLE","SOUTH",36.07827,-86.72593,"MOTOR VEHICLE IN TRANSPORT","37211","2022","May","Spring","01","Thursday","Weekday","No Injuries","No Fatalities"
9.99013493703514e-314,2022-05-26 00:05:00,0,0,0,NA,"N","Front to Rear","RAIN","DAYLIGHT","ANNEX AV & SCHOLARSHIP DR","NASHVILLE","WEST",36.15175,-86.88352,"MOTOR VEHICLE IN TRANSPORT","37209","2022","May","Spring","00","Thursday","Weekday","No Injuries","No Fatalities"
9.99013496618501e-314,2022-05-26 00:30:00,0,0,0,NA,"Y","ANGLE","RAIN","DUSK","MM 86 1 I 65","NASHVILLE","NORTH",36.19191,-86.78269,"MOTOR VEHICLE IN TRANSPORT","37228","2022","May","Spring","00","Thursday","Weekday","No Injuries","No Fatalities"
9.99013497458413e-314,2022-05-26 00:20:00,0,0,0,NA,"N","NOT COLLISION W/MOTOR VEHICLE-TRANSPORT","RAIN","DAYLIGHT","MM 198 7 I 40","NASHVILLE","WEST",36.10527,-86.93066,"CONCRETE TRAFFIC BARRIER","37221","2022","May","Spring","00","Thursday","Weekday","No Injuries","No Fatalities"
9.99013497853665e-314,2022-05-26 00:50:00,0,0,0,NA,"N","Front to Rear","RAIN","DUSK","OLD HICKORY BLVD & GRANDVILLE BLVD","NASHVILLE","MADISO",36.27889,-86.77392,"MOTOR VEHICLE IN TRANSPORT","37207","2022","May","Spring","00","Thursday","Weekday","No Injuries","No Fatalities"
9.99013499434675e-314,2022-05-26 01:10:00,0,0,0,NA,"Y","NOT COLLISION W/MOTOR VEHICLE-TRANSPORT","RAIN","DARK - LIGHTED","MT VIEW RD & HICKORY HOLLOW PKWY","ANTIOCH","SOUTH",36.05644,-86.66607,"WALL","37013","2022","May","Spring","01","Thursday","Weekday","No Injuries","No Fatalities"
9.99013501855597e-314,2022-05-26 02:28:00,0,0,0,NA,"N","Front to Rear","RAIN","DARK - LIGHTED","ASHLAND CITY HWY & WWCR AV","NASHVILLE","NORTH",36.21074,-86.88563,"MOTOR VEHICLE IN TRANSPORT","37218","2022","May","Spring","02","Thursday","Weekday","No Injuries","No Fatalities"
9.99013502991948e-314,2022-05-26 02:01:00,0,0,0,NA,"N","NOT COLLISION W/MOTOR VEHICLE-TRANSPORT","RAIN","DARK - LIGHTED","LINCOYA DR & KNOBDALE RD","NASHVILLE","HERMIT",36.17608,-86.67439,"FIRE HYDRANT","37214","2022","May","Spring","02","Thursday","Weekday","No Injuries","No Fatalities"
9.9901350699388e-314,2022-05-26 02:28:00,0,1,0,NA,"N","NOT COLLISION W/MOTOR VEHICLE-TRANSPORT","RAIN","DARK - LIGHTED","DORSET DR & GRANNY WHITE PKE","NASHVILLE","MIDTOW",36.04327,-86.81597,"UTILITY POLE;MAIL BOX","37027","2022","May","Spring","02","Thursday","Weekday","Injuries","No Fatalities"
9.99013518653829e-314,2022-05-26 04:10:00,0,1,0,NA,"N","Front to Rear","RAIN","DARK - LIGHTED","CHURCH ST & GEORGE L DAVIS BLVD","NASHVILLE","CENTRA",36.15836,-86.7907,"MOTOR VEHICLE IN TRANSPORT","37203","2022","May","Spring","04","Thursday","Weekday","Injuries","No Fatalities"
9.9901353431571e-314,2022-05-26 07:52:00,0,1,0,NA,"N","NOT COLLISION W/MOTOR VEHICLE-TRANSPORT","RAIN","DARK - LIGHTED","OLD HARDING PKE & SOUTH COLONY DR","NASHVILLE","WEST",36.05248,-86.95211,"UTILITY POLE;Ran Off Road-Right","37221","2022","May","Spring","07","Thursday","Weekday","Injuries","No Fatalities"
9.99013537181291e-314,2022-05-26 09:06:00,0,1,0,NA,"N","NOT COLLISION W/MOTOR VEHICLE-TRANSPORT","RAIN","DARK - LIGHTED","MURFREESBORO & LAVERGNE COUCHVILLE","ANTIOCH","SOUTH",36.02921,-86.58986,"DITCH","37013","2022","May","Spring","09","Thursday","Weekday","Injuries","No Fatalities"
9.99013540145685e-314,2022-05-26 10:30:00,0,0,0,NA,"N","NOT COLLISION W/MOTOR VEHICLE-TRANSPORT","RAIN","DARK - NOT LIGHTED","RURAL HILL RD & WILLOW POINTE PVTDR","ANTIOCH","SOUTH",36.05442,-86.65287,"TREE","37013","2022","May","Spring","10","Thursday","Weekday","No Injuries","No Fatalities"
9.99013545036935e-314,2022-05-26 11:55:00,0,0,0,NA,"N","NOT COLLISION W/MOTOR VEHICLE-TRANSPORT","RAIN","OTHER","MM 200 5 I 40","NASHVILLE","WEST",36.12525,-86.9058,"GUARDRAIL FACE","37209","2022","May","Spring","11","Thursday","Weekday","No Injuries","No Fatalities"
9.99013545580407e-314,2022-05-26 12:10:00,0,1,0,NA,"N","SIDESWIPE - SAME DIRECTION","RAIN","DAYLIGHT","BRILEY PKWYW & BUENA VISTA PKE","NASHVILLE","NORTH",36.23217,-86.82665,"MOTOR VEHICLE IN TRANSPORT;GUARDRAIL FACE","37218","2022","May","Spring","12","Thursday","Weekday","Injuries","No Fatalities"
9.99013546914384e-314,2022-05-26 12:24:00,0,0,0,NA,"N","NOT COLLISION W/MOTOR VEHICLE-TRANSPORT","RAIN","DAYLIGHT","I40 E EXT RAMP & I 40","NASHVILLE","HERMIT",36.16952,-86.60654,"CONCRETE TRAFFIC BARRIER;Ran Off Road-Left","37214","2022","May","Spring","12","Thursday","Weekday","No Injuries","No Fatalities"
9.99013547359043e-314,2022-05-26 11:45:00,0,1,0,NA,"N","ANGLE","RAIN","DAYLIGHT","BRILEY PKWYE & BRILEY PKWYW","NASHVILLE","MADISO",36.23423,-86.7189,"MOTOR VEHICLE IN TRANSPORT","37207","2022","May","Spring","11","Thursday","Weekday","Injuries","No Fatalities"
9.99013552349106e-314,2022-05-26 05:00:00,0,0,0,NA,"N","Front to Rear","RAIN","DAYLIGHT","MM 212 2 I 40","NASHVILLE","HERMIT",36.14543,-86.74079,"MOTOR VEHICLE IN TRANSPORT","37210","2022","May","Spring","05","Thursday","Weekday","No Injuries","No Fatalities"
9.99014554857708e-314,2022-06-07 01:48:00,0,0,0,NA,"Y","Front to Rear","RAIN","DARK - LIGHTED","W TRINITY LN & E TRINITY LN","NASHVILLE","EAST",36.20594,-86.76922,"MOTOR VEHICLE IN TRANSPORT","37207","2022","June","Summer","01","Tuesday","Weekday","No Injuries","No Fatalities"
9.99014558266761e-314,2022-06-07 03:00:00,0,1,0,NA,"N","Front to Rear","RAIN","DARK - LIGHTED","BRILEY PKWYN & BRILEY PKWYS","NASHVILLE","SOUTH",36.10945,-86.72805,"MOTOR VEHICLE IN TRANSPORT","37211","2022","June","Summer","03","Tuesday","Weekday","Injuries","No Fatalities"
9.99014559057266e-314,2022-06-07 03:13:00,0,0,0,NA,"N","Front to Rear","RAIN","DARK - LIGHTED","MORRIS GENTRY BLVD & BELL RD","ANTIOCH","SOUTH",36.06656,-86.63665,"MOTOR VEHICLE IN TRANSPORT","37013","2022","June","Summer","03","Tuesday","Weekday","No Injuries","No Fatalities"
9.99014561675814e-314,2022-06-07 03:42:00,0,0,0,NA,"N","NOT COLLISION W/MOTOR VEHICLE-TRANSPORT","RAIN","DARK - LIGHTED","SMITH SPRINGS RD & UNA RECREATION RD","NASHVILLE","HERMIT",36.09665,-86.64478,"GUARDRAIL FACE","37217","2022","June","Summer","03","Tuesday","Weekday","No Injuries","No Fatalities"
9.99014567901041e-314,2022-06-07 04:30:00,0,1,0,NA,"N","NOT COLLISION W/MOTOR VEHICLE-TRANSPORT","RAIN","DARK - LIGHTED","I65 N EXT RAMP & I 65","NASHVILLE","EAST",36.26392,-86.73616,"CONCRETE TRAFFIC BARRIER","37207","2022","June","Summer","04","Tuesday","Weekday","Injuries","No Fatalities"
9.99014575806092e-314,2022-06-07 06:07:00,0,0,0,NA,"N","NOT COLLISION W/MOTOR VEHICLE-TRANSPORT","RAIN","DARK - NOT LIGHTED","DONNA KAY DR & KAY CT","NASHVILLE","SOUTH",36.0938,-86.71015,"MAIL BOX","37211","2022","June","Summer","06","Tuesday","Weekday","No Injuries","No Fatalities"