"Accident.Number","Date.and.Time","Number.of.Motor.Vehicles","Number.of.Injuries","Number.of.Fatalities","Property.Damage","Hit.and.Run","Collision.Type.Description","Weather.Description","Illumination.Description","Street.Address","City","Precinct","Latitude","Longitude","HarmfulDescriptions","Zip.Code","Year","Month","Season","Hour","Weekday","DayType","Accident","Fatality_category"
9.9901457669541e-314,2022-06-07 06:12:00,0,0,0,NA,"Y","ANGLE","RAIN","DARK - LIGHTED","HARDING PL & SHADESCREST DR","NASHVILLE","MIDTOW",36.07715,-86.73758,"PARKED MOTOR VEHICLE","37211","2022","June","Summer","06","Tuesday","Weekday","No Injuries","No Fatalities"
9.99014579066925e-314,2022-06-07 08:20:00,0,0,0,NA,"N","OTHER","RAIN","DARK - NOT LIGHTED","MM 194 8 I 40","NASHVILLE","WEST",36.07576,-86.98092,"MOTOR VEHICLE IN TRANSPORT;OTHER OBJECT (NOT FIXED)","37221","2022","June","Summer","08","Tuesday","Weekday","No Injuries","No Fatalities"
9.99014581932506e-314,2022-06-07 09:42:00,0,0,0,NA,"N","NOT COLLISION W/MOTOR VEHICLE-TRANSPORT","RAIN","Dark-Unknown Lighting","MM 219 3 I 40","NASHVILLE","HERMIT",36.15906,-86.62369,"WALL","37214","2022","June","Summer","09","Tuesday","Weekday","No Injuries","No Fatalities"
9.99014168893626e-314,2022-06-02 05:00:00,0,0,0,NA,"Y","ANGLE","RAIN","DARK - LIGHTED","RURAL HILL RD & HICKORY HIGHLANDS DR","ANTIOCH","SOUTH",36.06221,-86.64482,"MOTOR VEHICLE IN TRANSPORT;PARKED MOTOR VEHICLE","37013","2022","June","Summer","05","Thursday","Weekday","No Injuries","No Fatalities"
9.99014651743981e-314,2022-06-08 01:00:00,0,0,0,NA,"N","ANGLE","RAIN","DARK - LIGHTED","S 5TH ST & SPRING ST","NASHVILLE","EAST",36.17272,-86.76527,"MOTOR VEHICLE IN TRANSPORT","37206","2022","June","Summer","01","Wednesday","Weekday","No Injuries","No Fatalities"
9.99014662069953e-314,2022-06-08 03:05:00,0,2,0,NA,"Y","Front to Rear","RAIN","DARK - NOT LIGHTED","I 40 & UNKNOWN RAMP","NASHVILLE","HERMIT",36.07964,-86.96,"MOTOR VEHICLE IN TRANSPORT","37210","2022","June","Summer","03","Wednesday","Weekday","Injuries","No Fatalities"
9.9901468484638e-314,2022-06-08 08:44:00,0,1,0,NA,"N","NOT COLLISION W/MOTOR VEHICLE-TRANSPORT","RAIN","DARK - NOT LIGHTED","NASHBORO BLVD & FAIRWAY POINTE PVTDR","NASHVILLE","HERMIT",36.08986,-86.63109,"BOULDER;FENCE;OTHER FIXED OBJECTS;Ran Off Road-Right","37217","2022","June","Summer","08","Wednesday","Weekday","Injuries","No Fatalities"
9.99014691862112e-314,2022-06-08 05:00:00,0,0,0,NA,"Y","NOT COLLISION W/MOTOR VEHICLE-TRANSPORT","RAIN","UNKNOWN","RICE RD & EDGE O LAKE DR","ANTIOCH","SOUTH",36.07283,-86.64586,"SHRUBBERY","37013","2022","June","Summer","05","Wednesday","Weekday","No Injuries","No Fatalities"
9.9901469245499e-314,2022-06-08 11:28:00,0,3,0,NA,"N","ANGLE","RAIN","DAYLIGHT","ANTIOCH PKE & LUNA DR","ANTIOCH","SOUTH",36.07657,-86.68188,"MOTOR VEHICLE IN TRANSPORT","37013","2022","June","Summer","11","Wednesday","Weekday","Injuries","No Fatalities"
9.99015480934355e-314,2022-06-17 05:00:00,0,0,0,NA,"N","NOT COLLISION W/MOTOR VEHICLE-TRANSPORT","RAIN","DAYLIGHT","MM 7 0 I440","NASHVILLE","SOUTH",36.12503,-86.73397,"CONCRETE TRAFFIC BARRIER","37210","2022","June","Summer","05","Friday","Weekday","No Injuries","No Fatalities"
9.99016830474666e-314,2022-07-03 05:00:00,0,1,0,NA,"N","SIDESWIPE - SAME DIRECTION","RAIN","DAYLIGHT","SHELBY AV & S 6TH ST","NASHVILLE","EAST",36.16823,-86.76055,"MOTOR VEHICLE IN TRANSPORT","37206","2022","July","Summer","05","Sunday","Weekend","Injuries","No Fatalities"
9.99016832352116e-314,2022-07-03 05:00:00,0,0,0,NA,"Y","SIDESWIPE - SAME DIRECTION","RAIN","DAYLIGHT","MM 203 9 I 40","NASHVILLE","WEST",36.15225,-86.85858,"MOTOR VEHICLE IN TRANSPORT","37209","2022","July","Summer","05","Sunday","Weekend","No Injuries","No Fatalities"
9.99017123900253e-314,2022-07-06 05:00:00,0,0,0,NA,"Y","NOT COLLISION W/MOTOR VEHICLE-TRANSPORT","RAIN","DARK - LIGHTED","DICKERSON PKE & CLEVELAND ST","NASHVILLE","EAST",36.18708,-86.7734,"UTILITY POLE","37207","2022","July","Summer","05","Wednesday","Weekday","No Injuries","No Fatalities"
9.99017152654874e-314,2022-07-07 08:06:00,0,0,0,NA,"Y","HEAD-ON","RAIN","DARK - NOT LIGHTED","EDGE O LAKE DR & PEBBLE CREEK DR","ANTIOCH","SOUTH",36.07127,-86.64576,"MOTOR VEHICLE IN TRANSPORT","37013","2022","July","Summer","08","Thursday","Weekday","No Injuries","No Fatalities"
9.99017192723598e-314,2022-07-07 05:00:00,0,1,0,NA,"N","NOT COLLISION W/MOTOR VEHICLE-TRANSPORT","RAIN","DAYLIGHT","WHITES CREEK PKE & OLD CLARKSVILLE PKE","JOELTON","NORTH",36.31203,-86.86064,"TREE","37080","2022","July","Summer","05","Thursday","Weekday","Injuries","No Fatalities"
9.99017312386297e-314,2022-07-08 05:00:00,0,0,0,NA,"N","SIDESWIPE - SAME DIRECTION","RAIN","DAYLIGHT","YMCA WAY & ROSA L PARKS BLVD EXT RAMP","NASHVILLE","CENTRA",36.16219,-86.78553,"MOTOR VEHICLE IN TRANSPORT","37203","2022","July","Summer","05","Friday","Weekday","No Injuries","No Fatalities"
9.99017313077989e-314,2022-07-09 00:02:00,0,1,0,NA,"N","NOT COLLISION W/MOTOR VEHICLE-TRANSPORT","RAIN","DAYLIGHT","MM 201 4 I 40","NASHVILLE","WEST",36.13496,-86.8944,"CONCRETE TRAFFIC BARRIER","37209","2022","July","Summer","00","Saturday","Weekend","Injuries","No Fatalities"
9.99017313819088e-314,2022-07-09 00:15:00,0,1,0,NA,"N","NOT COLLISION W/MOTOR VEHICLE-TRANSPORT","RAIN","DAYLIGHT","MM 80 5 I 65","NASHVILLE","MIDTOW",36.11992,-86.77366,"CONCRETE TRAFFIC BARRIER","37204","2022","July","Summer","00","Saturday","Weekend","Injuries","No Fatalities"
9.9901731421434e-314,2022-07-09 00:18:00,0,0,0,NA,"N","NOT COLLISION W/MOTOR VEHICLE-TRANSPORT","RAIN","DAYLIGHT","MM 77 3 I 65","NASHVILLE","MIDTOW",36.07568,-86.76782,"CONCRETE TRAFFIC BARRIER","37220","2022","July","Summer","00","Saturday","Weekend","No Injuries","No Fatalities"
9.99017315745944e-314,2022-07-09 00:13:00,0,0,0,NA,"N","Front to Rear","RAIN","DAYLIGHT","MM 86 9 I 65","NASHVILLE","NORTH",36.20127,-86.77683,"MOTOR VEHICLE IN TRANSPORT","37207","2022","July","Summer","00","Saturday","Weekend","No Injuries","No Fatalities"
9.99017316635262e-314,2022-07-09 00:59:00,0,0,0,NA,"N","NOT COLLISION W/MOTOR VEHICLE-TRANSPORT","RAIN","DAYLIGHT","I40 W EXT RAMP & I 40","NASHVILLE","CENTRA",36.15147,-86.75135,"CONCRETE TRAFFIC BARRIER","37203","2022","July","Summer","00","Saturday","Weekend","No Injuries","No Fatalities"
9.99017324836752e-314,2022-07-09 01:56:00,0,0,0,NA,"Y","Front to Rear","RAIN","DARK - LIGHTED","BELL RD & CANE RIDGE RD","ANTIOCH","SOUTH",36.0448,-86.66204,"MOTOR VEHICLE IN TRANSPORT","37013","2022","July","Summer","01","Saturday","Weekend","No Injuries","No Fatalities"
9.99017325528443e-314,2022-07-09 03:01:00,0,1,0,NA,"N","ANGLE","RAIN","DARK - LIGHTED","MURFREESBORO PKE & OLD MURFREESBORO PKE","NASHVILLE","SOUTH",36.09386,-86.6529,"MOTOR VEHICLE IN TRANSPORT;OTHER OBJECT (NOT FIXED)","37217","2022","July","Summer","03","Saturday","Weekend","Injuries","No Fatalities"
9.99017329431562e-314,2022-07-09 03:40:00,0,0,0,NA,"Y","SIDESWIPE - SAME DIRECTION","RAIN","DARK - LIGHTED","LINBAR DR & LUNA DR","NASHVILLE","SOUTH",36.08137,-86.69865,"MOTOR VEHICLE IN TRANSPORT;PARKED MOTOR VEHICLE","37211","2022","July","Summer","03","Saturday","Weekend","No Injuries","No Fatalities"
9.99017347119112e-314,2022-07-09 04:53:00,0,1,0,NA,"N","ANGLE","RAIN","DARK - LIGHTED","HAMILTON CHURCH RD & HOBSON PKE","ANTIOCH","SOUTH",36.0594,-86.59965,"MOTOR VEHICLE IN TRANSPORT","37013","2022","July","Summer","04","Saturday","Weekend","Injuries","No Fatalities"
9.99017348996562e-314,2022-07-09 05:00:00,0,1,0,NA,"N","NOT COLLISION W/MOTOR VEHICLE-TRANSPORT","RAIN","DARK - LIGHTED","MM 40 4 I 24","WHITES CREEK","NORTH",36.27764,-86.80027,"PARKED MOTOR VEHICLE;Ran Off Road-Right","37189","2022","July","Summer","05","Saturday","Weekend","Injuries","No Fatalities"
9.99017349342408e-314,2022-07-09 08:23:00,0,0,0,NA,"N","NOT COLLISION W/MOTOR VEHICLE-TRANSPORT","RAIN","DARK - LIGHTED","MM 46 4 I 24","NASHVILLE","NORTH",36.19468,-86.77617,"OTHER OBJECT (NOT FIXED)","37207","2022","July","Summer","08","Saturday","Weekend","No Injuries","No Fatalities"
9.99017349441221e-314,2022-07-09 08:26:00,0,1,0,NA,"N","NOT COLLISION W/MOTOR VEHICLE-TRANSPORT","RAIN","DARK - LIGHTED","MM 53 4 I 24","NASHVILLE","SOUTH",36.11331,-86.72371,"CONCRETE TRAFFIC BARRIER","37210","2022","July","Summer","08","Saturday","Weekend","Injuries","No Fatalities"
9.99017350231726e-314,2022-07-09 08:54:00,0,3,0,NA,"N","ANGLE","RAIN","DARK - NOT LIGHTED","MM 58 6 I 24","ANTIOCH","SOUTH",36.0519,-86.6701,"MOTOR VEHICLE IN TRANSPORT;GUARDRAIL FACE;CONCRETE TRAFFIC BARRIER","37013","2022","July","Summer","08","Saturday","Weekend","Injuries","No Fatalities"
9.99017350626978e-314,2022-07-09 07:32:00,0,0,0,NA,"Y","UNKNOWN","RAIN","DARK - LIGHTED","ELLISTON PL & 22ND AVN","NASHVILLE","MIDTOW",36.15135,-86.80409,"PARKED MOTOR VEHICLE","37203","2022","July","Summer","07","Saturday","Weekend","No Injuries","No Fatalities"
9.99017350775198e-314,2022-07-09 09:09:00,0,0,0,NA,"N","NOT COLLISION W/MOTOR VEHICLE-TRANSPORT","RAIN","DARK - LIGHTED","MM 211 8 I 40","NASHVILLE","HERMIT",36.14903,-86.74643,"GUARDRAIL FACE","37210","2022","July","Summer","09","Saturday","Weekend","No Injuries","No Fatalities"
9.99017351219857e-314,2022-07-09 05:00:00,0,0,0,NA,"Y","NOT COLLISION W/MOTOR VEHICLE-TRANSPORT","RAIN","DARK - LIGHTED","MYATT DR & MADISON INDUSTRIAL RD","MADISON","MADISO",36.27813,-86.69044,"UTILITY POLE","37115","2022","July","Summer","05","Saturday","Weekend","No Injuries","No Fatalities"
9.9901735289968e-314,2022-07-09 08:40:00,0,0,0,NA,"N","Front to Rear","RAIN","DARK - NOT LIGHTED","MM 55 9 I 24","NASHVILLE","SOUTH",36.08359,-86.69863,"MOTOR VEHICLE IN TRANSPORT","37211","2022","July","Summer","08","Saturday","Weekend","No Injuries","No Fatalities"
9.99017352998493e-314,2022-07-09 05:00:00,0,0,0,NA,"Y","ANGLE","RAIN","DARK - LIGHTED","MURFREESBORO PKE & GLENGARRY DR","NASHVILLE","HERMIT",36.1202,-86.70278,"MOTOR VEHICLE IN TRANSPORT","37217","2022","July","Summer","05","Saturday","Weekend","No Injuries","No Fatalities"
9.99017353788998e-314,2022-07-09 11:00:00,0,1,0,NA,"N","NOT COLLISION W/MOTOR VEHICLE-TRANSPORT","RAIN","DARK - LIGHTED","MM 51 1 I 24","NASHVILLE","SOUTH",36.13552,-86.7271,"WALL","37210","2022","July","Summer","11","Saturday","Weekend","Injuries","No Fatalities"
9.99017354184251e-314,2022-07-09 11:20:00,0,0,0,NA,"N","NOT COLLISION W/MOTOR VEHICLE-TRANSPORT","RAIN","DAYLIGHT","MM 211 8 I 40","NASHVILLE","HERMIT",36.14903,-86.74643,"CONCRETE TRAFFIC BARRIER","37210","2022","July","Summer","11","Saturday","Weekend","No Injuries","No Fatalities"
9.99017355765261e-314,2022-07-09 11:20:00,0,0,0,NA,"Y","ANGLE","RAIN","DAYLIGHT","UNA ANTIOCH PKE & BILLINGSGATE RD","ANTIOCH","SOUTH",36.07501,-86.66254,"MOTOR VEHICLE IN TRANSPORT","37013","2022","July","Summer","11","Saturday","Weekend","No Injuries","No Fatalities"
9.99017356605173e-314,2022-07-09 12:19:00,0,2,0,NA,"N","ANGLE","RAIN","DAYLIGHT","MM 57 8 I 24","ANTIOCH","SOUTH",36.06054,-86.68046,"MOTOR VEHICLE IN TRANSPORT;CONCRETE TRAFFIC BARRIER","37013","2022","July","Summer","12","Saturday","Weekend","Injuries","No Fatalities"
9.99016771878481e-314,2022-07-03 02:14:00,0,0,0,NA,"Y","ANGLE","RAIN","DARK - LIGHTED","APOLLO CTE & APOLLO CTW","ANTIOCH","SOUTH",36.06891,-86.66672,"MOTOR VEHICLE IN TRANSPORT;PARKED MOTOR VEHICLE;Motor Vehicle-In-Motion Outside Trafficw;Ran Off Road-Left","37013","2022","July","Summer","02","Sunday","Weekend","No Injuries","No Fatalities"
9.99016783884276e-314,2022-07-03 04:45:00,0,1,0,NA,"N","NOT COLLISION W/MOTOR VEHICLE-TRANSPORT","RAIN","DARK - LIGHTED","I24 E EXT RAMP & I 24","NASHVILLE","NORTH",36.13655,-86.7272,"EMBANKMENT EARTH","37207","2022","July","Summer","04","Sunday","Weekend","Injuries","No Fatalities"
9.99016786107571e-314,2022-07-03 05:00:00,0,1,0,NA,"Y","Front to Rear","RAIN","DARK - LIGHTED","I40 E EXT RAMP & I 40","NASHVILLE","HERMIT",36.1414,-86.66982,"MOTOR VEHICLE IN TRANSPORT;CONCRETE TRAFFIC BARRIER","37214","2022","July","Summer","05","Sunday","Weekend","Injuries","No Fatalities"
9.99019851587277e-314,2022-08-06 05:00:00,0,0,0,NA,"N","NOT COLLISION W/MOTOR VEHICLE-TRANSPORT","RAIN","DAYLIGHT","MM 220 0 I 40","HERMITAGE","HERMIT",36.16439,-86.61554,"","37076","2022","August","Summer","05","Saturday","Weekend","No Injuries","No Fatalities"
9.9901985529277e-314,2022-08-06 05:00:00,0,0,0,NA,"Y","Front to Rear","RAIN","DAYLIGHT","TRAILS CIR & BELL RD","NASHVILLE","HERMIT",36.14734,-86.62588,"MOTOR VEHICLE IN TRANSPORT","37214","2022","August","Summer","05","Saturday","Weekend","No Injuries","No Fatalities"
9.99019924017301e-314,2022-08-07 05:00:00,0,0,0,NA,"N","Front to Rear","RAIN","DAYLIGHT","I24 E ENT RAMP & I 24","NASHVILLE","CENTRA",36.16909,-86.76657,"MOTOR VEHICLE IN TRANSPORT","37213","2022","August","Summer","05","Sunday","Weekend","No Injuries","No Fatalities"
9.99019930044902e-314,2022-08-07 05:00:00,0,0,0,NA,"Y","SIDESWIPE - SAME DIRECTION","RAIN","DAYLIGHT","6TH AVN & CHARLOTTE AV","NASHVILLE","CENTRA",36.16591,-86.78286,"MOTOR VEHICLE IN TRANSPORT","37219","2022","August","Summer","05","Sunday","Weekend","No Injuries","No Fatalities"
9.99017358729655e-314,2022-07-09 05:00:00,0,0,0,NA,"N","SIDESWIPE - SAME DIRECTION","RAIN","DAYLIGHT","MM 51 4 I 24","NASHVILLE","HERMIT",36.13976,-86.72994,"MOTOR VEHICLE IN TRANSPORT","37210","2022","July","Summer","05","Saturday","Weekend","No Injuries","No Fatalities"
9.99018824968272e-314,2022-07-26 00:40:00,0,1,0,NA,"N","HEAD-ON","RAIN","DARK - LIGHTED","NOLENSVILLE PKE & ANTIOCH PKE","NASHVILLE","SOUTH",36.10179,-86.74055,"MOTOR VEHICLE IN TRANSPORT","37211","2022","July","Summer","00","Tuesday","Weekday","Injuries","No Fatalities"
9.99018828377325e-314,2022-07-26 01:30:00,0,3,0,NA,"N","ANGLE","RAIN","DARK - LIGHTED","BRILEY PKWY & GLASTONBURY RD","NASHVILLE","HERMIT",36.1372,-86.69967,"MOTOR VEHICLE IN TRANSPORT","37217","2022","July","Summer","01","Tuesday","Weekday","Injuries","No Fatalities"
9.99018828673764e-314,2022-07-26 01:35:00,0,1,0,NA,"N","ANGLE","RAIN","DARK - LIGHTED","BROADMOOR DR & DICKERSON PKE","NASHVILLE","EAST",36.22938,-86.75928,"MOTOR VEHICLE IN TRANSPORT","37207","2022","July","Summer","01","Tuesday","Weekday","Injuries","No Fatalities"
9.99018834750772e-314,2022-07-26 01:20:00,0,1,0,NA,"N","Front to Rear","RAIN","DARK - LIGHTED","MURFREESBORO PKE & DONELSON PKE","NASHVILLE","SOUTH",36.10621,-86.67306,"MOTOR VEHICLE IN TRANSPORT","37217","2022","July","Summer","01","Tuesday","Weekday","Injuries","No Fatalities"
9.99018907674861e-314,2022-07-26 05:00:00,0,0,0,NA,"Y","UNKNOWN","RAIN","DAYLIGHT","7620 BELLEVUE CTR PVTDR","NASHVILLE","WEST",36.07862,-86.94934,"MOTOR VEHICLE IN TRANSPORT;PARKED MOTOR VEHICLE","37221","2022","July","Summer","05","Tuesday","Weekday","No Injuries","No Fatalities"
9.99017383729377e-314,2022-07-09 05:00:00,0,0,0,NA,"N","NOT COLLISION W/MOTOR VEHICLE-TRANSPORT","RAIN","DAYLIGHT","MM 6 0 I440 E","NASHVILLE","SOUTH",36.12458,-86.73578,"CONCRETE TRAFFIC BARRIER","37210","2022","July","Summer","05","Saturday","Weekend","No Injuries","No Fatalities"
9.99017390251043e-314,2022-07-10 01:15:00,0,0,0,NA,"N","NOT COLLISION W/MOTOR VEHICLE-TRANSPORT","RAIN","DUSK","MM 221 0 I 40","HERMITAGE","HERMIT",36.17034,-86.5988,"CONCRETE TRAFFIC BARRIER","37076","2022","July","Summer","01","Sunday","Weekend","No Injuries","No Fatalities"
9.99017390745109e-314,2022-07-10 01:33:00,0,1,0,NA,"N","ANGLE","RAIN","DARK - LIGHTED","HIGHWAY 70S & BELLEVUE RD","NASHVILLE","WEST",36.07547,-86.9404,"MOTOR VEHICLE IN TRANSPORT","37221","2022","July","Summer","01","Sunday","Weekend","Injuries","No Fatalities"
9.99019145863909e-314,2022-07-29 08:31:00,0,0,0,NA,"N","NOT COLLISION W/MOTOR VEHICLE-TRANSPORT","RAIN","DARK - LIGHTED","MM 215 8 I 40","NASHVILLE","HERMIT",36.14231,-86.68084,"CONCRETE TRAFFIC BARRIER","37217","2022","July","Summer","08","Friday","Weekday","No Injuries","No Fatalities"
9.99019145962722e-314,2022-07-29 05:00:00,0,0,0,NA,"N","NOT COLLISION W/MOTOR VEHICLE-TRANSPORT","RAIN","DARK - NOT LIGHTED","MM 56 0 I440W","NASHVILLE","MIDTOW",36.121778,-86.76291,"DITCH;WALL","37211","2022","July","Summer","05","Friday","Weekday","No Injuries","No Fatalities"
9.99019146555601e-314,2022-07-29 09:15:00,0,1,0,NA,"N","NOT COLLISION W/MOTOR VEHICLE-TRANSPORT","RAIN","DARK - NOT LIGHTED","BRILEY PKWYW & BRILEY PKWYE","NASHVILLE","NORTH",36.23241,-86.82611,"WALL","37218","2022","July","Summer","09","Friday","Weekday","Injuries","No Fatalities"
9.99019146753227e-314,2022-07-29 09:33:00,0,0,0,NA,"Y","NOT COLLISION W/MOTOR VEHICLE-TRANSPORT","RAIN","DARK - LIGHTED","OLD HICKORY BLVD & PRESERVE BLVD","ANTIOCH","SOUTH",36.03225,-86.612,"","37013","2022","July","Summer","09","Friday","Weekday","No Injuries","No Fatalities"
9.9901914700026e-314,2022-07-29 09:30:00,0,0,0,NA,"N","NOT COLLISION W/MOTOR VEHICLE-TRANSPORT","RAIN","DARK - NOT LIGHTED","MM 77 0 I 65","NASHVILLE","MIDTOW",36.0707,-86.76998,"OTHER OBJECT (NOT FIXED)","37220","2022","July","Summer","09","Friday","Weekday","No Injuries","No Fatalities"
9.99019147642545e-314,2022-07-29 05:00:00,0,0,0,NA,"N","NOT COLLISION W/MOTOR VEHICLE-TRANSPORT","RAIN","Dark-Unknown Lighting","MM 270 0 I 40","NASHVILLE","HERMIT",36.14103,-86.66052,"GUARDRAIL FACE","37214","2022","July","Summer","05","Friday","Weekday","No Injuries","No Fatalities"
9.99019148037798e-314,2022-07-29 10:10:00,0,1,0,NA,"N","NOT COLLISION W/MOTOR VEHICLE-TRANSPORT","RAIN","DARK - LIGHTED","MM 54 0 I 24","NASHVILLE","SOUTH",36.1062,-86.71882,"GUARDRAIL FACE;CONCRETE TRAFFIC BARRIER","37211","2022","July","Summer","10","Friday","Weekday","Injuries","No Fatalities"
9.9901914843305e-314,2022-07-29 10:37:00,0,2,0,NA,"Y","Front to Rear","RAIN","DAYLIGHT","MM 211 1 I 40","NASHVILLE","HERMIT",36.15399,-86.75742,"MOTOR VEHICLE IN TRANSPORT","37210","2022","July","Summer","10","Friday","Weekday","Injuries","No Fatalities"
9.99019150261093e-314,2022-07-29 11:24:00,0,0,0,NA,"N","Front to Rear","RAIN","DAYLIGHT","MURFREESBORO PKE & FESSLERS LN","NASHVILLE","SOUTH",36.1428,-86.74436,"MOTOR VEHICLE IN TRANSPORT","37210","2022","July","Summer","11","Friday","Weekday","No Injuries","No Fatalities"
9.99019155794628e-314,2022-07-29 12:44:00,0,0,0,NA,"N","Front to Rear","RAIN","DAYLIGHT","JAMES ROBERTSON PKWY & ELLINGTON PKWY N","NASHVILLE","EAST",36.1721,-86.76729,"MOTOR VEHICLE IN TRANSPORT","37206","2022","July","Summer","12","Friday","Weekday","No Injuries","No Fatalities"
9.99018114205434e-314,2022-07-18 07:50:00,0,1,0,NA,"N","NOT COLLISION W/MOTOR VEHICLE-TRANSPORT","RAIN","DARK - LIGHTED","MM 86 2 I 65","NASHVILLE","CENTRA",36.19199,-86.78148,"GUARDRAIL FACE","37207","2022","July","Summer","07","Monday","Weekday","Injuries","No Fatalities"
9.99018118553212e-314,2022-07-18 10:40:00,0,0,0,NA,"N","NOT COLLISION W/MOTOR VEHICLE-TRANSPORT","RAIN","DAYLIGHT","MM 208 8 I 40","NASHVILLE","CENTRA",36.16765,-86.79587,"BRIDGE RAIL","37203","2022","July","Summer","10","Monday","Weekday","No Injuries","No Fatalities"
9.99018119393123e-314,2022-07-18 10:54:00,0,2,0,NA,"N","NOT COLLISION W/MOTOR VEHICLE-TRANSPORT","RAIN","DAYLIGHT","I40 W EXT RAMP & I 40","NASHVILLE","CENTRA",36.1442,-86.69233,"MOTOR VEHICLE IN TRANSPORT;CONCRETE TRAFFIC BARRIER","37203","2022","July","Summer","10","Monday","Weekday","Injuries","No Fatalities"
9.99018119887189e-314,2022-07-18 11:14:00,0,0,0,NA,"N","NOT COLLISION W/MOTOR VEHICLE-TRANSPORT","RAIN","DAYLIGHT","MM 220 2 I 40","HERMITAGE","HERMIT",36.16647,-86.61218,"GUARDRAIL FACE","37076","2022","July","Summer","11","Monday","Weekday","No Injuries","No Fatalities"
9.99018119936595e-314,2022-07-18 05:00:00,0,1,0,NA,"N","NOT COLLISION W/MOTOR VEHICLE-TRANSPORT","RAIN","DAYLIGHT","I65 S ENT RAMP & I 65","NASHVILLE","NORTH",36.19212,-86.77977,"GUARDRAIL FACE","37207","2022","July","Summer","05","Monday","Weekday","Injuries","No Fatalities"
9.99018121369386e-314,2022-07-18 11:42:00,0,0,0,NA,"N","NOT COLLISION W/MOTOR VEHICLE-TRANSPORT","RAIN","DAYLIGHT","I65 S EXT RAMP & I65 N EXT RAMP","NASHVILLE","EAST",36.24026,-86.74919,"CONCRETE TRAFFIC BARRIER","37216","2022","July","Summer","11","Monday","Weekday","No Injuries","No Fatalities"
9.99018121418792e-314,2022-07-18 11:47:00,0,0,0,NA,"N","NOT COLLISION W/MOTOR VEHICLE-TRANSPORT","RAIN","DAYLIGHT","I65 S ENT RAMP & I 65","NASHVILLE","NORTH",36.19215,-86.77949,"CONCRETE TRAFFIC BARRIER","37207","2022","July","Summer","11","Monday","Weekday","No Injuries","No Fatalities"
9.9901812230811e-314,2022-07-18 12:00:00,0,0,0,NA,"Y","Front to Rear","RAIN","DAYLIGHT","I65 S EXT RAMP & I 65","MADISON","MADISO",36.24392,-86.74836,"MOTOR VEHICLE IN TRANSPORT","37115","2022","July","Summer","12","Monday","Weekday","No Injuries","No Fatalities"
9.99018122357517e-314,2022-07-18 11:59:00,0,0,0,NA,"N","NOT COLLISION W/MOTOR VEHICLE-TRANSPORT","RAIN","DAYLIGHT","MM 215 5 I 40","NASHVILLE","HERMIT",36.14315,-86.68643,"CONCRETE TRAFFIC BARRIER","37217","2022","July","Summer","11","Monday","Weekday","No Injuries","No Fatalities"
9.99018124926658e-314,2022-07-18 12:30:00,0,0,0,NA,"N","Front to Rear","RAIN","DAYLIGHT","MM 269 6 I 40","NASHVILLE","HERMIT",36.14135,-86.66596,"MOTOR VEHICLE IN TRANSPORT","37214","2022","July","Summer","12","Monday","Weekday","No Injuries","No Fatalities"
9.99018126063009e-314,2022-07-18 12:30:00,0,0,0,NA,"N","ANGLE","RAIN","DAYLIGHT","WARFIELD DR & HILLSBORO PKE","NASHVILLE","MIDTOW",36.10335,-86.81609,"MOTOR VEHICLE IN TRANSPORT","37215","2022","July","Summer","12","Monday","Weekday","No Injuries","No Fatalities"
9.99018129323843e-314,2022-07-18 12:47:00,0,0,0,NA,"N","Front to Rear","RAIN","DAYLIGHT","MM 76 2 I 65","NASHVILLE","MIDTOW",36.05939,-86.77271,"MOTOR VEHICLE IN TRANSPORT","37220","2022","July","Summer","12","Monday","Weekday","No Injuries","No Fatalities"
9.99018129373249e-314,2022-07-18 12:15:00,0,0,0,NA,"Y","SIDESWIPE - SAME DIRECTION","RAIN","DAYLIGHT","MM 213 2 I 40","NASHVILLE","HERMIT",36.14126,-86.71697,"MOTOR VEHICLE IN TRANSPORT","37210","2022","July","Summer","12","Monday","Weekday","No Injuries","No Fatalities"
9.99018130904853e-314,2022-07-18 05:00:00,0,0,0,NA,"N","Front to Rear","RAIN","DAYLIGHT","DR D B TODD JR BLVD & SCOVEL ST","NASHVILLE","NORTH",36.17006,-86.80687,"MOTOR VEHICLE IN TRANSPORT","37208","2022","July","Summer","05","Monday","Weekday","No Injuries","No Fatalities"
9.9902168476845e-314,2022-08-25 05:00:00,0,0,0,NA,"N","Front to Rear","RAIN","DAYLIGHT","APACHE TRL & CUMBERLAND LANES PVTDR","NASHVILLE","SOUTH",36.06804,-86.69357,"MOTOR VEHICLE IN TRANSPORT;Ran Off Road-Right","37211","2022","August","Summer","05","Thursday","Weekday","No Injuries","No Fatalities"
9.99021808334268e-314,2022-08-27 02:25:00,0,1,0,NA,"Y","Front to Rear","RAIN","DAYLIGHT","CLARKSVILLE PKE & BUENA VISTA PKE","NASHVILLE","NORTH",36.19366,-86.83122,"MOTOR VEHICLE IN TRANSPORT","37218","2022","August","Summer","02","Saturday","Weekend","Injuries","No Fatalities"
9.99022055861156e-314,2022-08-29 05:00:00,0,0,0,NA,"N","Front to Rear","RAIN","DAYLIGHT","WHITES CREEK PKE & KNIGHT DR","NASHVILLE","NORTH",36.22926,-86.81189,"MOTOR VEHICLE IN TRANSPORT","37207","2022","August","Summer","05","Monday","Weekday","No Injuries","No Fatalities"
9.99022113370398e-314,2022-08-30 11:45:00,0,0,0,NA,"N","NOT COLLISION W/MOTOR VEHICLE-TRANSPORT","RAIN","DAYLIGHT","HICKS RD & CLUB PKWY","NASHVILLE","WEST",36.0801,-86.92791,"TREE;Ran Off Road-Right;EMBANKMENT EARTH","37221","2022","August","Summer","11","Tuesday","Weekday","No Injuries","No Fatalities"
9.99022114753781e-314,2022-08-30 12:03:00,0,1,0,NA,"N","Front to Rear","RAIN","DAYLIGHT","MM 34 4 I 24","JOELTON","NORTH",36.32532,-86.87807,"MOTOR VEHICLE IN TRANSPORT","37080","2022","August","Summer","12","Tuesday","Weekday","Injuries","No Fatalities"