"Accident.Number","Date.and.Time","Number.of.Motor.Vehicles","Number.of.Injuries","Number.of.Fatalities","Property.Damage","Hit.and.Run","Collision.Type.Description","Weather.Description","Illumination.Description","Street.Address","City","Precinct","Latitude","Longitude","HarmfulDescriptions","Zip.Code","Year","Month","Season","Hour","Weekday","DayType","Accident","Fatality_category"
9.99019981822982e-314,2022-08-08 05:00:00,0,0,0,NA,"Y","Front to Rear","RAIN","DAYLIGHT","MAY DR & FARVIEW DR","MADISON","MADISO",36.27387,-86.69494,"MOTOR VEHICLE IN TRANSPORT;PARKED MOTOR VEHICLE","37115","2022","August","Summer","05","Monday","Weekday","No Injuries","No Fatalities"
9.990201309814e-314,2022-08-09 05:00:00,0,2,0,NA,"N","Front to Rear","RAIN","DAYLIGHT","CENTRAL PKE & LEBANON PKE","HERMITAGE","HERMIT",36.18704,-86.63111,"MOTOR VEHICLE IN TRANSPORT","37076","2022","August","Summer","05","Tuesday","Weekday","Injuries","No Fatalities"
9.99020149706488e-314,2022-08-10 00:48:00,0,1,0,NA,"N","ANGLE","RAIN","DARK - LIGHTED","CHARLOTTE PKE & CABOT DR","NASHVILLE","WEST",36.13007,-86.90078,"MOTOR VEHICLE IN TRANSPORT","37209","2022","August","Summer","00","Wednesday","Weekday","Injuries","No Fatalities"
9.99020151682751e-314,2022-08-10 01:16:00,0,0,0,NA,"N","Front to Rear","RAIN","DARK - LIGHTED","I65 S ENT RAMP & I 65","NASHVILLE","NORTH",36.11262,-86.77289,"MOTOR VEHICLE IN TRANSPORT","37207","2022","August","Summer","01","Wednesday","Weekday","No Injuries","No Fatalities"
9.99020153214354e-314,2022-08-10 01:30:00,0,0,0,NA,"Y","SIDESWIPE - SAME DIRECTION","RAIN","DARK - NOT LIGHTED","MM 47 4 I 24","NASHVILLE","CENTRA",36.18262,-86.77516,"MOTOR VEHICLE IN TRANSPORT","37207","2022","August","Summer","01","Wednesday","Weekday","No Injuries","No Fatalities"
9.99020167245819e-314,2022-08-10 03:52:00,0,3,0,NA,"N","HEAD-ON","RAIN","DARK - LIGHTED","GRANNY WHITE PKE & TRAVELERS RIDGE DR","NASHVILLE","MIDTOW",36.07305,-86.80909,"MOTOR VEHICLE IN TRANSPORT","37220","2022","August","Summer","03","Wednesday","Weekday","Injuries","No Fatalities"
9.99021063826746e-314,2022-08-19 10:46:00,0,0,0,NA,"N","ANGLE","RAIN","DUSK","BELL RD & MILLS RD","HERMITAGE","HERMIT",36.16515,-86.60277,"MOTOR VEHICLE IN TRANSPORT","37076","2022","August","Summer","10","Friday","Weekday","No Injuries","No Fatalities"
9.99021117531682e-314,2022-08-19 05:00:00,0,1,0,NA,"N","Front to Rear","RAIN","DAYLIGHT","E OLD HICKORY BLVD & FOREST PARK RD","MADISON","MADISO",36.26285,-86.70353,"MOTOR VEHICLE IN TRANSPORT","37115","2022","August","Summer","05","Friday","Weekday","Injuries","No Fatalities"
9.99021125337919e-314,2022-08-19 05:00:00,0,2,0,NA,"N","HEAD-ON","RAIN","DARK - NOT LIGHTED","ELM HILL PKE & MCCRORY CREEK RD","NASHVILLE","HERMIT",36.14338,-86.65426,"MOTOR VEHICLE IN TRANSPORT;Ran Off Road-Right;EMBANKMENT EARTH","37214","2022","August","Summer","05","Friday","Weekday","Injuries","No Fatalities"
9.99022479028382e-314,2022-09-03 00:49:00,1,1,0,NA,"Y","ANGLE","RAIN","DARK - NOT LIGHTED","OLD LEBANON PKE & CLIFFDALE RD","NASHVILLE","HERMIT",36.16958,-86.66602,"MOTOR VEHICLE IN TRANSPORT","37214","2022","September","Fall","00","Saturday","Weekend","Injuries","No Fatalities"
9.99022492516374e-314,2022-09-03 02:50:00,0,0,0,NA,"Y","UNKNOWN","RAIN","DARK - LIGHTED","MM 56 8 I 24","NASHVILLE","SOUTH",36.07154,-86.691,"UNKNOWN MOST HARMFUL EVENT","37211","2022","September","Fall","02","Saturday","Weekend","No Injuries","No Fatalities"
9.99022495184329e-314,2022-09-03 04:10:00,0,0,0,NA,"Y","SIDESWIPE - SAME DIRECTION","RAIN","Dark-Unknown Lighting","MM 87 0 I 65","NASHVILLE","EAST",36.20193,-86.77661,"MOTOR VEHICLE IN TRANSPORT","37207","2022","September","Fall","04","Saturday","Weekend","No Injuries","No Fatalities"
9.99022496913558e-314,2022-09-02 05:00:00,0,0,0,NA,"N","NOT COLLISION W/MOTOR VEHICLE-TRANSPORT","RAIN","DARK - LIGHTED","TAYLOR RD & NOLENSVILLE PKE","NASHVILLE","SOUTH",36.06976,-86.72104,"EMBANKMENT EARTH","37211","2022","September","Fall","05","Friday","Weekday","No Injuries","No Fatalities"
9.99022500174392e-314,2022-09-03 05:10:00,0,0,0,NA,"Y","ANGLE","RAIN","DARK - NOT LIGHTED","NED SHELTON RD & BELL RD","NASHVILLE","HERMIT",36.10802,-86.62996,"MOTOR VEHICLE IN TRANSPORT","37217","2022","September","Fall","05","Saturday","Weekend","No Injuries","No Fatalities"
9.99022500569644e-314,2022-09-03 04:23:00,0,0,0,NA,"N","Front to Rear","RAIN","DARK - LIGHTED","51ST AVN & INDIANA AV","NASHVILLE","WEST",36.15651,-86.84882,"MOTOR VEHICLE IN TRANSPORT","37209","2022","September","Fall","04","Saturday","Weekend","No Injuries","No Fatalities"
9.99022501310743e-314,2022-09-03 05:23:00,0,0,0,NA,"N","NOT COLLISION W/MOTOR VEHICLE-TRANSPORT","RAIN","DARK - LIGHTED","MM 212 0 I 40","NASHVILLE","HERMIT",36.14787,-86.74462,"CONCRETE TRAFFIC BARRIER","37210","2022","September","Fall","05","Saturday","Weekend","No Injuries","No Fatalities"
9.99022503039972e-314,2022-09-03 05:40:00,0,1,0,NA,"Y","NOT COLLISION W/MOTOR VEHICLE-TRANSPORT","RAIN","DARK - LIGHTED","CHURCH ST & 16TH AVN","NASHVILLE","MIDTOW",36.15693,-86.79369,"PEDESTRIAN","37203","2022","September","Fall","05","Saturday","Weekend","Injuries","No Fatalities"
9.99022503435225e-314,2022-09-03 05:00:00,0,0,0,NA,"Y","NOT COLLISION W/MOTOR VEHICLE-TRANSPORT","RAIN","UNKNOWN","OHARA DR & HEARTHSIDE WAY","ANTIOCH","SOUTH",36.02384,-86.64915,"CURB","37013","2022","September","Fall","05","Saturday","Weekend","No Injuries","No Fatalities"
9.99022505411488e-314,2022-09-03 05:00:00,0,0,0,NA,"Y","ANGLE","RAIN","DARK - NOT LIGHTED","MCCALL ST & NOLENSVILLE PKE","NASHVILLE","SOUTH",36.09963,-86.73944,"MOTOR VEHICLE IN TRANSPORT","37211","2022","September","Fall","05","Saturday","Weekend","No Injuries","No Fatalities"
9.99022505757334e-314,2022-09-03 06:18:00,0,2,0,NA,"N","Front to Rear","RAIN","DARK - LIGHTED","I40 W EXT RAMP & I 40","NASHVILLE","CENTRA",36.15147,-86.75135,"PARKED MOTOR VEHICLE","37203","2022","September","Fall","06","Saturday","Weekend","Injuries","No Fatalities"
9.99022507338344e-314,2022-09-03 05:44:00,0,2,0,NA,"Y","ANGLE","RAIN","DARK - LIGHTED","BLACKWOOD DR & STEWARTS FERRY PKE","NASHVILLE","HERMIT",36.15224,-86.62507,"MOTOR VEHICLE IN TRANSPORT","37214","2022","September","Fall","05","Saturday","Weekend","Injuries","No Fatalities"
9.99022508030035e-314,2022-09-03 06:47:00,0,0,0,NA,"N","NOT COLLISION W/MOTOR VEHICLE-TRANSPORT","RAIN","DARK - LIGHTED","I65 S ENT RAMP & I 65","NASHVILLE","NORTH",36.19216,-86.77944,"MOTOR VEHICLE IN TRANSPORT;GUARDRAIL FACE;EMBANKMENT EARTH","37207","2022","September","Fall","06","Saturday","Weekend","No Injuries","No Fatalities"
9.99022511340275e-314,2022-09-03 08:40:00,0,0,0,NA,"Y","NOT COLLISION W/MOTOR VEHICLE-TRANSPORT","RAIN","DARK - LIGHTED","MM 55 0 I 24","NASHVILLE","SOUTH",36.09478,-86.70691,"GUARDRAIL FACE","37211","2022","September","Fall","08","Saturday","Weekend","No Injuries","No Fatalities"
9.99022511834341e-314,2022-09-03 05:00:00,0,0,0,NA,"Y","SIDESWIPE - SAME DIRECTION","RAIN","DARK - LIGHTED","ARBOR CREST BLVD & ARBOR KNOLL BLVD","ANTIOCH","SOUTH",36.03987,-86.66959,"MOTOR VEHICLE IN TRANSPORT","37013","2022","September","Fall","05","Saturday","Weekend","No Injuries","No Fatalities"
9.99022512723659e-314,2022-09-03 09:28:00,0,0,0,NA,"Y","Front to Rear","RAIN","DARK - LIGHTED","MM 52 8 I 24","NASHVILLE","SOUTH",36.12171,-86.72738,"MOTOR VEHICLE IN TRANSPORT;CONCRETE TRAFFIC BARRIER","37210","2022","September","Fall","09","Saturday","Weekend","No Injuries","No Fatalities"
9.99022513020099e-314,2022-09-03 09:20:00,0,1,0,NA,"Y","Front to Rear","RAIN","DARK - LIGHTED","MUSIC SQE & DIVISION ST","NASHVILLE","MIDTOW",36.15184,-86.79162,"MOTOR VEHICLE IN TRANSPORT","37203","2022","September","Fall","09","Saturday","Weekend","Injuries","No Fatalities"
9.99022513069505e-314,2022-09-03 10:14:00,0,0,0,NA,"Y","UNKNOWN","RAIN","DARK - LIGHTED","SUMMER PL & S 5TH ST","NASHVILLE","EAST",36.1655,-86.76048,"PARKED MOTOR VEHICLE","37206","2022","September","Fall","10","Saturday","Weekend","No Injuries","No Fatalities"
9.99022513761197e-314,2022-09-03 09:40:00,0,0,0,NA,"Y","SIDESWIPE - SAME DIRECTION","RAIN","Dark-Unknown Lighting","INTERSTATE DR & WOODLAND ST","NASHVILLE","CENTRA",36.17053,-86.76852,"MOTOR VEHICLE IN TRANSPORT","37213","2022","September","Fall","09","Saturday","Weekend","No Injuries","No Fatalities"
9.99022516725591e-314,2022-09-03 09:45:00,0,0,0,NA,"N","NOT COLLISION W/MOTOR VEHICLE-TRANSPORT","RAIN","DARK - LIGHTED","CHARLOTTE PKE & CHARLOTTE ROAD CIR","NASHVILLE","WEST",36.1432,-86.8742,"UTILITY POLE","37209","2022","September","Fall","09","Saturday","Weekend","No Injuries","No Fatalities"
9.99022518207788e-314,2022-09-03 10:30:00,0,0,0,NA,"N","NOT COLLISION W/MOTOR VEHICLE-TRANSPORT","RAIN","DARK - LIGHTED","MM 54 3 I 24","NASHVILLE","SOUTH",36.10305,-86.71442,"GUARDRAIL FACE","37211","2022","September","Fall","10","Saturday","Weekend","No Injuries","No Fatalities"
9.99022541774719e-314,2022-09-03 05:00:00,0,1,0,NA,"N","Front to Rear","RAIN","DAYLIGHT","YOUNGS LN & W TRINITY LN","NASHVILLE","NORTH",36.20609,-86.81102,"MOTOR VEHICLE IN TRANSPORT","37207","2022","September","Fall","05","Saturday","Weekend","Injuries","No Fatalities"
9.99021291788635e-314,2022-08-22 04:00:00,0,0,0,NA,"Y","SIDESWIPE - SAME DIRECTION","RAIN","DARK - LIGHTED","FORREST AV & N 11TH ST","NASHVILLE","EAST",36.17846,-86.74925,"PARKED MOTOR VEHICLE","37206","2022","August","Summer","04","Monday","Weekday","No Injuries","No Fatalities"
9.99022545677838e-314,2022-09-03 05:00:00,0,2,0,NA,"N","Front to Rear","RAIN","DAYLIGHT","MM 87 0 I 65","NASHVILLE","EAST",36.20217,-86.77685,"MOTOR VEHICLE IN TRANSPORT","37207","2022","September","Fall","05","Saturday","Weekend","Injuries","No Fatalities"
9.99022546863595e-314,2022-09-03 05:00:00,0,1,0,NA,"N","SIDESWIPE - SAME DIRECTION","RAIN","DUSK","JAMES ROBERTSON PKWY & INTERSTATE DR","NASHVILLE","CENTRA",36.17143,-86.76904,"MOTOR VEHICLE IN TRANSPORT","37213","2022","September","Fall","05","Saturday","Weekend","Injuries","No Fatalities"
9.99022550470274e-314,2022-09-03 05:00:00,0,0,0,NA,"N","Front to Rear","RAIN","DAYLIGHT","MM 44 0 I 24","NASHVILLE","NORTH",36.23064,-86.78234,"MOTOR VEHICLE IN TRANSPORT","37207","2022","September","Fall","05","Saturday","Weekend","No Injuries","No Fatalities"
9.99022554027547e-314,2022-09-04 01:27:00,0,2,0,NA,"N","Front to Rear","RAIN","DARK - LIGHTED","WHITE BRIDGE PKE & CHARLOTTE PKE","NASHVILLE","WEST",36.14948,-86.85792,"MOTOR VEHICLE IN TRANSPORT","37209","2022","September","Fall","01","Sunday","Weekend","Injuries","No Fatalities"
9.99022559511676e-314,2022-09-04 03:00:00,1,0,1,NA,"Y","NOT COLLISION W/MOTOR VEHICLE-TRANSPORT","RAIN","DARK - LIGHTED","MADISON SQ & GALLATIN PKES","MADISON","MADISO",36.25501,-86.71524,"PEDESTRIAN","37115","2022","September","Fall","03","Sunday","Weekend","No Injuries","With Fatalities"
9.9902256089506e-314,2022-09-04 03:17:00,0,1,0,NA,"N","NOT COLLISION W/MOTOR VEHICLE-TRANSPORT","RAIN","DARK - LIGHTED","SOUTHLAKE DR & HOLBROOK DR","NASHVILLE","SOUTH",36.10374,-86.7294,"DITCH","37211","2022","September","Fall","03","Sunday","Weekend","Injuries","No Fatalities"
9.99022579570741e-314,2022-09-04 10:26:00,2,3,1,NA,"N","HEAD-ON","RAIN","DAWN","HOBSON PKE & DERBYSHIRE DR","ANTIOCH","SOUTH",36.06989,-86.57997,"MOTOR VEHICLE IN TRANSPORT","37013","2022","September","Fall","10","Sunday","Weekend","Injuries","With Fatalities"
9.99024498422896e-314,2022-09-25 02:52:00,0,1,0,NA,"Y","ANGLE","RAIN","DARK - LIGHTED","SHELBY AV & I24 E ENT RAMP","NASHVILLE","CENTRA",36.16576,-86.76684,"MOTOR VEHICLE IN TRANSPORT","37213","2022","September","Fall","02","Sunday","Weekend","Injuries","No Fatalities"
9.99023154514933e-314,2022-09-10 05:00:00,0,0,0,NA,"Y","Front to Rear","RAIN","DAYLIGHT","OLD HICKORY BLVD & SEVEN SPRINGS WAY","BRENTWOOD","MIDTOW",36.04033,-86.76882,"MOTOR VEHICLE IN TRANSPORT","37027","2022","September","Fall","05","Saturday","Weekend","No Injuries","No Fatalities"
9.990232415693e-314,2022-09-12 00:55:00,0,2,0,NA,"N","ANGLE","RAIN","DARK - LIGHTED","DICKERSON PKE & I65 N ENT RAMP","NASHVILLE","EAST",36.23756,-86.75788,"MOTOR VEHICLE IN TRANSPORT","37216","2022","September","Fall","00","Monday","Weekday","Injuries","No Fatalities"
9.99023251944678e-314,2022-09-12 03:48:00,0,1,0,NA,"N","ANGLE","RAIN","DARK - LIGHTED","MURFREESBORO PKE & EZELL PKE","NASHVILLE","SOUTH",36.10562,-86.6718,"MOTOR VEHICLE IN TRANSPORT;PARKED MOTOR VEHICLE;UTILITY POLE","37217","2022","September","Fall","03","Monday","Weekday","Injuries","No Fatalities"
9.9902650660212e-314,2022-10-17 01:40:00,0,1,0,NA,"N","Front to Rear","RAIN","DARK - LIGHTED","EAST THOMPSON LN & THOMPSON PL","NASHVILLE","SOUTH",36.12644,-86.71158,"MOTOR VEHICLE IN TRANSPORT","37217","2022","October","Fall","01","Monday","Weekday","Injuries","No Fatalities"
9.99026507145593e-314,2022-10-17 01:56:00,0,1,0,NA,"Y","SIDESWIPE - SAME DIRECTION","RAIN","Dark-Unknown Lighting","MM 216 0 I 40","NASHVILLE","HERMIT",36.14183,-86.67569,"MOTOR VEHICLE IN TRANSPORT","37217","2022","October","Fall","01","Monday","Weekday","Injuries","No Fatalities"
9.99026507442032e-314,2022-10-17 02:08:00,0,2,0,NA,"N","ANGLE","RAIN","DARK - NOT LIGHTED","4TH AVS & I40 W EXT RAMP","NASHVILLE","CENTRA",36.15091,-86.77064,"MOTOR VEHICLE IN TRANSPORT","37203","2022","October","Fall","02","Monday","Weekday","Injuries","No Fatalities"
9.99026507540845e-314,2022-10-17 02:10:00,0,1,0,NA,"N","ANGLE","RAIN","DARK - LIGHTED","LAFAYETTE ST & ASH ST","NASHVILLE","CENTRA",36.15212,-86.77223,"MOTOR VEHICLE IN TRANSPORT","37210","2022","October","Fall","02","Monday","Weekday","Injuries","No Fatalities"
9.99026508281944e-314,2022-10-17 02:18:00,0,1,0,NA,"N","NOT COLLISION W/MOTOR VEHICLE-TRANSPORT","RAIN","DARK - LIGHTED","MM 87 3 I 65","NASHVILLE","EAST",36.20679,-86.77644,"CONCRETE TRAFFIC BARRIER","37207","2022","October","Fall","02","Monday","Weekday","Injuries","No Fatalities"
9.99026509566514e-314,2022-10-17 01:51:00,0,0,0,NA,"N","NOT COLLISION W/MOTOR VEHICLE-TRANSPORT","RAIN","DARK - NOT LIGHTED","I24 W EXT RAMP & I 24","NASHVILLE","SOUTH",36.10739,-86.71964,"GUARDRAIL FACE","37211","2022","October","Fall","01","Monday","Weekday","No Injuries","No Fatalities"
9.99026510455832e-314,2022-10-17 02:15:00,0,1,0,NA,"Y","Front to Rear","RAIN","DARK - LIGHTED","MM 206 0 I 40","NASHVILLE","NORTH",36.15934,-86.8217,"MOTOR VEHICLE IN TRANSPORT","37209","2022","October","Fall","02","Monday","Weekday","Injuries","No Fatalities"
9.99026512086249e-314,2022-10-17 02:52:00,0,0,0,NA,"N","NOT COLLISION W/MOTOR VEHICLE-TRANSPORT","RAIN","DARK - NOT LIGHTED","MM 200 6 I 40","NASHVILLE","WEST",36.126,-86.90432,"GUARDRAIL FACE","37209","2022","October","Fall","02","Monday","Weekday","No Injuries","No Fatalities"
9.99026513123787e-314,2022-10-17 03:25:00,0,1,0,NA,"N","NOT COLLISION W/MOTOR VEHICLE-TRANSPORT","RAIN","DARK - NOT LIGHTED","KNOB RD & WHITE BRIDGE PKE","NASHVILLE","WEST",36.13785,-86.85771,"PEDESTRIAN","37209","2022","October","Fall","03","Monday","Weekday","Injuries","No Fatalities"
9.99026513272007e-314,2022-10-17 03:25:00,0,1,0,NA,"N","ANGLE","RAIN","DARK - LIGHTED","MYATT DR & GALLATIN PKEN","MADISON","MADISO",36.29691,-86.69916,"MOTOR VEHICLE IN TRANSPORT","37115","2022","October","Fall","03","Monday","Weekday","Injuries","No Fatalities"
9.99026519645453e-314,2022-10-17 03:13:00,0,1,0,NA,"Y","Front to Rear","RAIN","DARK - LIGHTED","MURFREESBORO PKE & HOBSON PKE","ANTIOCH","SOUTH",36.04285,-86.60655,"MOTOR VEHICLE IN TRANSPORT","37013","2022","October","Fall","03","Monday","Weekday","Injuries","No Fatalities"
9.99026521918155e-314,2022-10-17 05:01:00,0,0,0,NA,"N","ANGLE","RAIN","DARK - NOT LIGHTED","HOLT RD & EDMONDSON PKE","NASHVILLE","MIDTOW",36.01559,-86.7406,"MOTOR VEHICLE IN TRANSPORT","37211","2022","October","Fall","05","Monday","Weekday","No Injuries","No Fatalities"
9.99026121873202e-314,2022-10-12 09:49:00,0,0,0,NA,"N","ANGLE","RAIN","DARK - LIGHTED","I24 E ENT RAMP & I 24","NASHVILLE","CENTRA",36.01344,-86.62069,"MOTOR VEHICLE IN TRANSPORT","37213","2022","October","Fall","09","Wednesday","Weekday","No Injuries","No Fatalities"
9.99026123009553e-314,2022-10-12 05:00:00,0,1,0,NA,"N","NOT COLLISION W/MOTOR VEHICLE-TRANSPORT","RAIN","DARK - LIGHTED","31ST AVN & HEDRICK ST","NASHVILLE","MIDTOW",36.1435,-86.81616,"UTILITY POLE","37203","2022","October","Fall","05","Wednesday","Weekday","Injuries","No Fatalities"
9.9902617943185e-314,2022-10-12 05:00:00,0,0,0,NA,"Y","Front to Rear","RAIN","DARK - LIGHTED","MM 212 3 I 40","NASHVILLE","HERMIT",36.14509,-86.74022,"MOTOR VEHICLE IN TRANSPORT","37210","2022","October","Fall","05","Wednesday","Weekday","No Injuries","No Fatalities"
9.99026180815234e-314,2022-10-12 05:00:00,0,1,0,NA,"Y","UNKNOWN","RAIN","DARK - LIGHTED","MM 57 7 I 24","ANTIOCH","SOUTH",36.06142,-86.68108,"Ran Off Road-Right;UNKNOWN MOST HARMFUL EVENT","37013","2022","October","Fall","05","Wednesday","Weekday","Injuries","No Fatalities"
9.99026181062266e-314,2022-10-13 00:10:00,0,0,0,NA,"N","Front to Rear","RAIN","DARK - LIGHTED","PICCADILLY ROW & UNA ANTIOCH PKE","NASHVILLE","SOUTH",36.07743,-86.6579,"MOTOR VEHICLE IN TRANSPORT","37217","2022","October","Fall","00","Thursday","Weekday","No Injuries","No Fatalities"
9.99026181358706e-314,2022-10-13 01:00:00,0,0,0,NA,"N","Front to Rear","RAIN","DARK - LIGHTED","PICCADILLY ROW & UNA ANTIOCH PKE","NASHVILLE","SOUTH",36.07743,-86.6579,"MOTOR VEHICLE IN TRANSPORT","37217","2022","October","Fall","01","Thursday","Weekday","No Injuries","No Fatalities"
9.99026183730221e-314,2022-10-13 02:04:00,0,0,0,NA,"Y","Front to Rear","RAIN","DAYLIGHT","HIGHWAY 70S & OLD HARDING PKE","NASHVILLE","WEST",36.07413,-86.92236,"MOTOR VEHICLE IN TRANSPORT","37221","2022","October","Fall","02","Thursday","Weekday","No Injuries","No Fatalities"
9.99026189411976e-314,2022-10-13 01:17:00,0,0,0,NA,"N","NOT COLLISION W/MOTOR VEHICLE-TRANSPORT","RAIN","DARK - NOT LIGHTED","RICE RD & EDGE O LAKE DR","ANTIOCH","SOUTH",36.07292,-86.64552,"CURB","37013","2022","October","Fall","01","Thursday","Weekday","No Injuries","No Fatalities"
9.99027734849316e-314,2022-10-30 05:47:00,0,0,0,NA,"N","NOT COLLISION W/MOTOR VEHICLE-TRANSPORT","RAIN","DARK - LIGHTED","MCKINNEY AV & 24TH AVN","NASHVILLE","NORTH",36.1878,-86.81526,"UTILITY POLE","37208","2022","October","Fall","05","Sunday","Weekend","No Injuries","No Fatalities"
9.99027736331513e-314,2022-10-30 06:06:00,0,0,0,NA,"N","NOT COLLISION W/MOTOR VEHICLE-TRANSPORT","RAIN","DARK - LIGHTED","I40 E EXT RAMP & I 40","NASHVILLE","HERMIT",36.14185,-86.67691,"WALL","37214","2022","October","Fall","06","Sunday","Weekend","No Injuries","No Fatalities"
9.99027736924392e-314,2022-10-30 05:00:00,0,0,0,NA,"N","NOT COLLISION W/MOTOR VEHICLE-TRANSPORT","RAIN","DARK - LIGHTED","MM 56 0 I 24","NASHVILLE","SOUTH",36.08276,-86.69789,"OTHER OBJECT (NOT FIXED)","37211","2022","October","Fall","05","Sunday","Weekend","No Injuries","No Fatalities"
9.99027737714897e-314,2022-10-30 06:26:00,0,0,0,NA,"N","NOT COLLISION W/MOTOR VEHICLE-TRANSPORT","RAIN","DARK - LIGHTED","I40 E EXT RAMP & I 40","NASHVILLE","HERMIT",36.14185,-86.67691,"GUARDRAIL FACE","37214","2022","October","Fall","06","Sunday","Weekend","No Injuries","No Fatalities"
9.99027737764303e-314,2022-10-30 06:28:00,0,0,0,NA,"N","NOT COLLISION W/MOTOR VEHICLE-TRANSPORT","RAIN","DARK - LIGHTED","MM 58 4 I 24","ANTIOCH","SOUTH",36.05377,-86.67299,"GUARDRAIL FACE","37013","2022","October","Fall","06","Sunday","Weekend","No Injuries","No Fatalities"
9.99027737863116e-314,2022-10-30 06:24:00,0,1,0,NA,"Y","Front to Rear","RAIN","DARK - NOT LIGHTED","GALLATIN AV & CAHAL AV","NASHVILLE","EAST",36.19613,-86.74254,"MOTOR VEHICLE IN TRANSPORT","37206","2022","October","Fall","06","Sunday","Weekend","Injuries","No Fatalities"
9.99027737912523e-314,2022-10-30 06:25:00,0,1,0,NA,"N","HEAD-ON","RAIN","DARK - NOT LIGHTED","I65 S EXT RAMP & I 65","MADISON","MADISO",36.08217,-86.76422,"MOTOR VEHICLE IN TRANSPORT;OTHER TYPE NON-MOTORIST","37115","2022","October","Fall","06","Sunday","Weekend","Injuries","No Fatalities"
9.99027738357182e-314,2022-10-30 06:33:00,0,0,0,NA,"N","NOT COLLISION W/MOTOR VEHICLE-TRANSPORT","RAIN","DARK - LIGHTED","MM 47 4 I 24","NASHVILLE","CENTRA",36.1823,-86.77507,"GUARDRAIL FACE","37207","2022","October","Fall","06","Sunday","Weekend","No Injuries","No Fatalities"
9.99027738851248e-314,2022-10-30 06:45:00,0,1,0,NA,"N","NOT COLLISION W/MOTOR VEHICLE-TRANSPORT","RAIN","DARK - LIGHTED","DEMONBREUN ST & 6TH AVS","NASHVILLE","CENTRA",36.15785,-86.77858,"PEDESTRIAN","37203","2022","October","Fall","06","Sunday","Weekend","Injuries","No Fatalities"
9.9902773954294e-314,2022-10-30 07:00:00,0,1,0,NA,"N","Front to Rear","RAIN","DARK - LIGHTED","MM 54 0 I 24","NASHVILLE","SOUTH",36.1062,-86.71882,"MOTOR VEHICLE IN TRANSPORT","37211","2022","October","Fall","07","Sunday","Weekend","Injuries","No Fatalities"
9.99027739592346e-314,2022-10-30 07:00:00,0,0,0,NA,"N","HEAD-ON","RAIN","DARK - LIGHTED","MURFREESBORO PKE & MILLWOOD DR","NASHVILLE","HERMIT",36.12949,-86.7147,"MOTOR VEHICLE IN TRANSPORT","37217","2022","October","Fall","07","Sunday","Weekend","No Injuries","No Fatalities"
9.99027740185225e-314,2022-10-30 05:00:00,0,1,0,NA,"N","NOT COLLISION W/MOTOR VEHICLE-TRANSPORT","RAIN","DAYLIGHT","0 1440 E","NASHVILLE","WEST",36.12466,-86.81301,"CONCRETE TRAFFIC BARRIER","37215","2022","October","Fall","05","Sunday","Weekend","Injuries","No Fatalities"
9.99027742112081e-314,2022-10-30 08:10:00,0,1,0,NA,"Y","Front to Rear","RAIN","DARK - LIGHTED","MM 211 5 I 40","NASHVILLE","HERMIT",36.15126,-86.75087,"MOTOR VEHICLE IN TRANSPORT","37210","2022","October","Fall","08","Sunday","Weekend","Injuries","No Fatalities"
9.99027742260301e-314,2022-10-30 05:00:00,0,2,0,NA,"N","NOT COLLISION W/MOTOR VEHICLE-TRANSPORT","RAIN","DARK - LIGHTED","DOUGLAS AV & CLINE AV","NASHVILLE","EAST",36.19323,-86.75068,"WALL","37206","2022","October","Fall","05","Sunday","Weekend","Injuries","No Fatalities"
9.99027742507333e-314,2022-10-30 08:19:00,0,0,0,NA,"N","ANGLE","RAIN","DARK - LIGHTED","CHURCH ST & 7TH AVN","NASHVILLE","CENTRA",36.16212,-86.78265,"MOTOR VEHICLE IN TRANSPORT","37219","2022","October","Fall","08","Sunday","Weekend","No Injuries","No Fatalities"
9.9902774255674e-314,2022-10-30 08:18:00,0,1,0,NA,"N","NOT COLLISION W/MOTOR VEHICLE-TRANSPORT","RAIN","DARK - LIGHTED","W TRINITY LN & LUCAS LN","NASHVILLE","EAST",36.20612,-86.77157,"PARKED MOTOR VEHICLE;OTHER FIXED OBJECTS","37207","2022","October","Fall","08","Sunday","Weekend","Injuries","No Fatalities"
9.99027743100212e-314,2022-10-30 05:00:00,0,1,0,NA,"N","NOT COLLISION W/MOTOR VEHICLE-TRANSPORT","RAIN","DARK - NOT LIGHTED","TWIN OAKS PVTDR & ANTIOCH PKE","NASHVILLE","SOUTH",36.10124,-86.71852,"","37211","2022","October","Fall","05","Sunday","Weekend","Injuries","No Fatalities"
9.99027743890717e-314,2022-10-30 08:50:00,0,0,0,NA,"N","UNKNOWN","RAIN","DARK - NOT LIGHTED","MM 90 0 I 65","MADISON","MADISO",36.23844,-86.75544,"UNKNOWN MOST HARMFUL EVENT","37115","2022","October","Fall","08","Sunday","Weekend","No Injuries","No Fatalities"
9.9902774443419e-314,2022-10-30 08:10:00,0,1,0,NA,"N","OTHER","RAIN","DARK - LIGHTED","I40 W EXT RAMP & I 40","NASHVILLE","CENTRA",36.15147,-86.75135,"MOTOR VEHICLE IN TRANSPORT","37203","2022","October","Fall","08","Sunday","Weekend","Injuries","No Fatalities"