"Accident.Number","Date.and.Time","Number.of.Motor.Vehicles","Number.of.Injuries","Number.of.Fatalities","Property.Damage","Hit.and.Run","Collision.Type.Description","Weather.Description","Illumination.Description","Street.Address","City","Precinct","Latitude","Longitude","HarmfulDescriptions","Zip.Code","Year","Month","Season","Hour","Weekday","DayType","Accident","Fatality_category"
9.99027745027068e-314,2022-10-30 07:30:00,0,0,0,NA,"N","OTHER","RAIN","DARK - LIGHTED","5TH AVS & LEA AV","NASHVILLE","CENTRA",36.15411,-86.7743,"MOTOR VEHICLE IN TRANSPORT","37203","2022","October","Fall","07","Sunday","Weekend","No Injuries","No Fatalities"
9.99027745274101e-314,2022-10-30 05:00:00,0,0,0,NA,"Y","ANGLE","RAIN","DARK - LIGHTED","FORREST AV & N 12TH ST","NASHVILLE","EAST",36.17841,-86.74883,"MOTOR VEHICLE IN TRANSPORT","37206","2022","October","Fall","05","Sunday","Weekend","No Injuries","No Fatalities"
9.99027748732561e-314,2022-10-30 10:50:00,0,0,0,NA,"Y","SIDESWIPE - SAME DIRECTION","RAIN","DARK - LIGHTED","MURFREESBORO PKE & PLUS PARK BLVD","NASHVILLE","HERMIT",36.13407,-86.72263,"MOTOR VEHICLE IN TRANSPORT","37217","2022","October","Fall","10","Sunday","Weekend","No Injuries","No Fatalities"
9.99027751449922e-314,2022-10-30 11:16:00,0,1,0,NA,"N","NOT COLLISION W/MOTOR VEHICLE-TRANSPORT","RAIN","DAWN","1175 OLD HICKORY BLVD","NASHVILLE","MADISO",36.2712,-86.76075,"UTILITY POLE;CULVERT;Ran Off Road-Right","37207","2022","October","Fall","11","Sunday","Weekend","Injuries","No Fatalities"
9.99027751499328e-314,2022-10-30 12:22:00,0,0,0,NA,"N","NOT COLLISION W/MOTOR VEHICLE-TRANSPORT","RAIN","DAWN","MM 200 5 I 40","NASHVILLE","WEST",36.12456,-86.90678,"CONCRETE TRAFFIC BARRIER;Set In Motion By Motor Vehicle","37209","2022","October","Fall","12","Sunday","Weekend","No Injuries","No Fatalities"
9.99027752536866e-314,2022-10-30 12:50:00,0,0,0,NA,"Y","ANGLE","RAIN","DAYLIGHT","MORTON AV & NOLENSVILLE PKE","NASHVILLE","MIDTOW",36.10637,-86.74288,"MOTOR VEHICLE IN TRANSPORT","37211","2022","October","Fall","12","Sunday","Weekend","No Injuries","No Fatalities"
9.99027754414316e-314,2022-10-30 05:00:00,0,1,0,NA,"N","NOT COLLISION W/MOTOR VEHICLE-TRANSPORT","RAIN","DAYLIGHT","EATONS CREEK RD & BINKLEY RD","JOELTON","NORTH",36.32291,-86.87314,"","37080","2022","October","Fall","05","Sunday","Weekend","Injuries","No Fatalities"
9.99027755402447e-314,2022-10-30 05:00:00,0,0,0,NA,"N","NOT COLLISION W/MOTOR VEHICLE-TRANSPORT","RAIN","DAYLIGHT","I40 E EXT RAMP & I 40","NASHVILLE","HERMIT",36.16998,-86.60645,"GUARDRAIL FACE;CONCRETE TRAFFIC BARRIER","37214","2022","October","Fall","05","Sunday","Weekend","No Injuries","No Fatalities"
9.99027760343103e-314,2022-10-30 05:00:00,0,3,0,NA,"N","NOT COLLISION W/MOTOR VEHICLE-TRANSPORT","RAIN","DAYLIGHT","MM 86 3 I 65","NASHVILLE","CENTRA",36.19219,-86.77993,"WALL","37207","2022","October","Fall","05","Sunday","Weekend","Injuries","No Fatalities"
9.99027322353908e-314,2022-10-25 05:00:00,0,0,0,NA,"Y","SIDESWIPE - SAME DIRECTION","RAIN","DAYLIGHT","OLD HICKORY BLVD & I65 S EXT RAMP","BRENTWOOD","MIDTOW",36.03854,-86.78335,"MOTOR VEHICLE IN TRANSPORT","37027","2022","October","Fall","05","Tuesday","Weekday","No Injuries","No Fatalities"
9.99027322502128e-314,2022-10-25 05:00:00,0,0,0,NA,"N","ANGLE","RAIN","DAYLIGHT","JONES PKWY & CLOVERLAND DR","BRENTWOOD","MIDTOW",36.03256,-86.7687,"MOTOR VEHICLE IN TRANSPORT","37027","2022","October","Fall","05","Tuesday","Weekday","No Injuries","No Fatalities"
9.99027323095007e-314,2022-10-25 05:00:00,0,0,0,NA,"N","Front to Rear","RAIN","DAYLIGHT","JEFFERSON ST & 11TH AVN","NASHVILLE","NORTH",36.17182,-86.79724,"MOTOR VEHICLE IN TRANSPORT","37208","2022","October","Fall","05","Tuesday","Weekday","No Injuries","No Fatalities"
9.99027792012711e-314,2022-10-31 00:50:00,0,0,0,NA,"N","SIDESWIPE - SAME DIRECTION","RAIN","DARK - NOT LIGHTED","MM 44 2 I 24","NASHVILLE","NORTH",36.2286,-86.78028,"MOTOR VEHICLE IN TRANSPORT","37207","2022","October","Fall","00","Monday","Weekday","No Injuries","No Fatalities"
9.99027794087787e-314,2022-10-31 01:27:00,0,1,0,NA,"Y","ANGLE","RAIN","DARK - LIGHTED","DICKERSON PKE & I65 N EXT RAMP","NASHVILLE","EAST",36.23659,-86.75807,"MOTOR VEHICLE IN TRANSPORT","37216","2022","October","Fall","01","Monday","Weekday","Injuries","No Fatalities"
9.99027797990906e-314,2022-10-31 02:30:00,0,1,0,NA,"N","NOT COLLISION W/MOTOR VEHICLE-TRANSPORT","RAIN","DARK - LIGHTED","DEMONBREUN ST & 6TH AVS","NASHVILLE","CENTRA",36.15785,-86.77858,"PEDESTRIAN","37203","2022","October","Fall","02","Monday","Weekday","Injuries","No Fatalities"
9.99027798336751e-314,2022-10-31 02:30:00,0,1,0,NA,"Y","ANGLE","RAIN","DARK - LIGHTED","BROADMOOR DR & DICKERSON PKE","NASHVILLE","EAST",36.22938,-86.75928,"MOTOR VEHICLE IN TRANSPORT","37207","2022","October","Fall","02","Monday","Weekday","Injuries","No Fatalities"
9.99027801548178e-314,2022-10-31 03:11:00,0,0,0,NA,"N","NOT COLLISION W/MOTOR VEHICLE-TRANSPORT","RAIN","DARK - NOT LIGHTED","MM 86 5 I 65","NASHVILLE","NORTH",36.19577,-86.77557,"GUARDRAIL FACE","37207","2022","October","Fall","03","Monday","Weekday","No Injuries","No Fatalities"
9.9902780238809e-314,2022-10-31 03:20:00,0,1,0,NA,"N","ANGLE","RAIN","DARK - LIGHTED","ORDWAY PL & N 14TH ST","NASHVILLE","EAST",36.18016,-86.74531,"MOTOR VEHICLE IN TRANSPORT","37206","2022","October","Fall","03","Monday","Weekday","Injuries","No Fatalities"
9.99027805945362e-314,2022-10-30 05:00:00,0,1,0,NA,"N","ANGLE","RAIN","DARK - NOT LIGHTED","HICKORY PARK DR & BELL TRACE DR","ANTIOCH","SOUTH",36.03928,-86.67265,"MOTOR VEHICLE IN TRANSPORT-OTHER ROADWAY","37013","2022","October","Fall","05","Sunday","Weekend","Injuries","No Fatalities"
9.99027806291208e-314,2022-10-31 04:00:00,0,0,0,NA,"N","NOT COLLISION W/MOTOR VEHICLE-TRANSPORT","RAIN","DARK - LIGHTED","MM 86 4 I 65","NASHVILLE","EAST",36.19445,-86.77624,"MOTOR VEHICLE IN TRANSPORT;GUARDRAIL FACE","37207","2022","October","Fall","04","Monday","Weekday","No Injuries","No Fatalities"
9.99027806587648e-314,2022-10-31 04:05:00,0,1,0,NA,"Y","Front to Rear","RAIN","DARK - LIGHTED","MM 54 5 I 24","NASHVILLE","SOUTH",36.09999,-86.71138,"MOTOR VEHICLE IN TRANSPORT;GUARDRAIL FACE","37211","2022","October","Fall","04","Monday","Weekday","Injuries","No Fatalities"
9.99027327591004e-314,2022-10-25 05:00:00,0,0,0,NA,"N","Front to Rear","RAIN","DAWN","GALLATIN PKE & E TRINITY LN","NASHVILLE","EAST",36.20305,-86.7388,"MOTOR VEHICLE IN TRANSPORT","37216","2022","October","Fall","05","Tuesday","Weekday","No Injuries","No Fatalities"
9.99027809206196e-314,2022-10-31 04:30:00,0,1,0,NA,"N","NOT COLLISION W/MOTOR VEHICLE-TRANSPORT","RAIN","DARK - LIGHTED","MM 86 4 I 65","NASHVILLE","EAST",36.19192,-86.77812,"GUARDRAIL FACE","37207","2022","October","Fall","04","Monday","Weekday","Injuries","No Fatalities"
9.99027813158721e-314,2022-10-31 04:35:00,0,0,0,NA,"N","SIDESWIPE - SAME DIRECTION","RAIN","DARK - LIGHTED","MM 86 4 I 65","NASHVILLE","EAST",36.19192,-86.77812,"MOTOR VEHICLE IN TRANSPORT","37207","2022","October","Fall","04","Monday","Weekday","No Injuries","No Fatalities"
9.99027813257534e-314,2022-10-31 04:35:00,0,0,0,NA,"N","Front to Rear","RAIN","DARK - LIGHTED","MM 86 4 I 65","NASHVILLE","EAST",36.19192,-86.77812,"MOTOR VEHICLE IN TRANSPORT","37207","2022","October","Fall","04","Monday","Weekday","No Injuries","No Fatalities"
9.99027817358279e-314,2022-10-31 04:37:00,0,0,0,NA,"Y","NOT COLLISION W/MOTOR VEHICLE-TRANSPORT","RAIN","DARK - LIGHTED","100 OKEE TRL","ANTIOCH","SOUTH",36.07739,-86.65789,"TREE","37013","2022","October","Fall","04","Monday","Weekday","No Injuries","No Fatalities"
9.9902782467045e-314,2022-10-31 05:00:00,0,0,0,NA,"Y","SIDESWIPE - OPPOSITE DIRECTION","RAIN","DARK - LIGHTED","N DUPONT AV & N DUPONT AV PVTDR","MADISON","MADISO",36.26745,-86.69911,"MOTOR VEHICLE IN TRANSPORT","37115","2022","October","Fall","05","Monday","Weekday","No Injuries","No Fatalities"
9.99027336879438e-314,2022-10-26 01:08:00,0,1,0,NA,"Y","NOT COLLISION W/MOTOR VEHICLE-TRANSPORT","RAIN","DARK - NOT LIGHTED","2800 LIVE OAK RD","NASHVILLE","SOUTH",36.11147,-86.73195,"WALL","37210","2022","October","Fall","01","Wednesday","Weekday","Injuries","No Fatalities"
9.99027352442506e-314,2022-10-26 05:00:00,0,1,0,NA,"N","NOT COLLISION W/MOTOR VEHICLE-TRANSPORT","RAIN","DARK - NOT LIGHTED","HIGHWAY 70 & HARPETH RIV RIVERWALK GRNWY","NASHVILLE","WEST",36.0931,-86.99746,"","37221","2022","October","Fall","05","Wednesday","Weekday","Injuries","No Fatalities"
9.99027352590726e-314,2022-10-26 04:53:00,0,1,0,NA,"N","SIDESWIPE - OPPOSITE DIRECTION","RAIN","DARK - LIGHTED","I40 E ENT RAMP & I 40","NASHVILLE","WEST",36.16309,-86.81954,"MOTOR VEHICLE IN TRANSPORT","37205","2022","October","Fall","04","Wednesday","Weekday","Injuries","No Fatalities"
9.99027896655815e-314,2022-11-01 01:55:00,0,2,0,NA,"N","NOT COLLISION W/MOTOR VEHICLE-TRANSPORT","RAIN","DARK - LIGHTED","STRATTON AV & N 14TH ST","NASHVILLE","EAST",36.18232,-86.74504,"PEDESTRIAN","37206","2022","November","Fall","01","Tuesday","Weekday","Injuries","No Fatalities"
9.99027901695285e-314,2022-10-31 05:00:00,0,0,0,NA,"N","NOT COLLISION W/MOTOR VEHICLE-TRANSPORT","RAIN","DARK - LIGHTED","BILLINGSGATE RD & CHETOPA CT","NASHVILLE","SOUTH",36.07772,-86.6696,"DITCH","37217","2022","October","Fall","05","Monday","Weekday","No Injuries","No Fatalities"
9.99028026249234e-314,2022-11-02 10:41:00,0,0,0,NA,"N","ANGLE","RAIN","DARK - LIGHTED","PEABODY ST & 2ND AVS","NASHVILLE","CENTRA",36.15681,-86.7719,"MOTOR VEHICLE IN TRANSPORT","37201","2022","November","Fall","10","Wednesday","Weekday","No Injuries","No Fatalities"
9.99028029361847e-314,2022-11-02 11:42:00,0,0,0,NA,"N","Front to Rear","RAIN","DARK - LIGHTED","RICHARDS RD & DELIA DR","ANTIOCH","SOUTH",36.06892,-86.6802,"MOTOR VEHICLE IN TRANSPORT","37013","2022","November","Fall","11","Wednesday","Weekday","No Injuries","No Fatalities"
9.99028030152352e-314,2022-11-02 11:50:00,0,1,0,NA,"N","NOT COLLISION W/MOTOR VEHICLE-TRANSPORT","RAIN","DARK - LIGHTED","I40 E ENT RAMP & I 40","NASHVILLE","WEST",36.15292,-86.85328,"CONCRETE TRAFFIC BARRIER","37205","2022","November","Fall","11","Wednesday","Weekday","Injuries","No Fatalities"
9.99028038452655e-314,2022-11-02 12:25:00,0,2,0,NA,"N","Front to Rear","RAIN","DAYLIGHT","CLARKSVILLE PKE & OLD HICKORY BLVD","NASHVILLE","NORTH",36.27964,-86.87383,"MOTOR VEHICLE IN TRANSPORT","37218","2022","November","Fall","12","Wednesday","Weekday","Injuries","No Fatalities"
9.99028063946443e-314,2022-10-30 07:52:00,0,0,0,NA,"Y","NOT COLLISION W/MOTOR VEHICLE-TRANSPORT","RAIN","DARK - LIGHTED","MICHIGAN AV & 40TH AVN","NASHVILLE","WEST",36.15926,-86.83482,"UTILITY POLE","37209","2022","October","Fall","07","Sunday","Weekend","No Injuries","No Fatalities"
9.99028395563304e-314,2022-11-06 06:49:00,0,0,0,NA,"Y","NOT COLLISION W/MOTOR VEHICLE-TRANSPORT","RAIN","DARK - LIGHTED","I24 W EXT RAMP & I 24","NASHVILLE","SOUTH",36.10868,-86.72025,"GUARDRAIL FACE","37211","2022","November","Fall","06","Sunday","Weekend","No Injuries","No Fatalities"
9.99028396156183e-314,2022-11-06 05:59:00,0,0,0,NA,"Y","NOT COLLISION W/MOTOR VEHICLE-TRANSPORT","RAIN","DARK - LIGHTED","MCMURRAY DR & TUSCULUM RD","NASHVILLE","MIDTOW",36.05819,-86.72258,"FENCE","37211","2022","November","Fall","05","Sunday","Weekend","No Injuries","No Fatalities"
9.99028396946688e-314,2022-11-06 08:20:00,0,0,0,NA,"Y","NOT COLLISION W/MOTOR VEHICLE-TRANSPORT","RAIN","DARK - LIGHTED","EWING DR & HILLHURST DR","NASHVILLE","EAST",36.23034,-86.76988,"","37207","2022","November","Fall","08","Sunday","Weekend","No Injuries","No Fatalities"
9.99028397984226e-314,2022-11-06 08:44:00,0,0,0,NA,"Y","NOT COLLISION W/MOTOR VEHICLE-TRANSPORT","RAIN","DARK - NOT LIGHTED","I65 S ENT RAMP & I 65","NASHVILLE","NORTH",36.20757,-86.77737,"GUARDRAIL FACE","37207","2022","November","Fall","08","Sunday","Weekend","No Injuries","No Fatalities"
9.99028401146246e-314,2022-11-06 05:00:00,0,0,0,NA,"N","ANGLE","RAIN","DARK - LIGHTED","HOPEDALE DR & WALES DR","NASHVILLE","SOUTH",36.07128,-86.7177,"PARKED MOTOR VEHICLE","37211","2022","November","Fall","05","Sunday","Weekend","No Injuries","No Fatalities"
9.99028401343872e-314,2022-11-06 10:31:00,0,1,0,NA,"Y","Front to Rear","RAIN","DARK - LIGHTED","MURFREESBORO PKE & SMITH SPRINGS RD","NASHVILLE","SOUTH",36.09616,-86.65562,"MOTOR VEHICLE IN TRANSPORT","37217","2022","November","Fall","10","Sunday","Weekend","Injuries","No Fatalities"
9.99028401739125e-314,2022-11-06 10:30:00,0,2,0,NA,"Y","NOT COLLISION W/MOTOR VEHICLE-TRANSPORT","RAIN","DARK - LIGHTED","BRILEY PKWY S ENT RAMP & BRILEY PKWYS","NASHVILLE","SOUTH",36.11824,-86.70135,"Ran Off Road-Left;EMBANKMENT ROCK/STONE/CONCRETE","37217","2022","November","Fall","10","Sunday","Weekend","Injuries","No Fatalities"
9.99028402332004e-314,2022-11-06 11:00:00,0,1,0,NA,"N","NOT COLLISION W/MOTOR VEHICLE-TRANSPORT","RAIN","DARK - LIGHTED","I24 W EXT RAMP & I 24","NASHVILLE","SOUTH",36.13361,-86.72635,"EMBANKMENT EARTH","37211","2022","November","Fall","11","Sunday","Weekend","Injuries","No Fatalities"
9.99030122223923e-314,2022-11-24 06:00:00,0,0,0,NA,"N","NOT COLLISION W/MOTOR VEHICLE-TRANSPORT","RAIN","DARK - LIGHTED","ELLINGTON PKWY S EXT RAMP & HART LN","NASHVILLE","EAST",36.21907,-86.7482,"UTILITY POLE;CURB","37207","2022","November","Fall","06","Thursday","Weekday","No Injuries","No Fatalities"
9.99030123755527e-314,2022-11-25 04:27:00,0,0,0,NA,"N","SIDESWIPE - SAME DIRECTION","RAIN","DARK - LIGHTED","MM 54 0 I 24","NASHVILLE","SOUTH",36.10633,-86.71866,"MOTOR VEHICLE IN TRANSPORT;CONCRETE TRAFFIC BARRIER","37211","2022","November","Fall","04","Friday","Weekday","No Injuries","No Fatalities"
9.99030124546032e-314,2022-11-24 06:00:00,0,0,0,NA,"N","SIDESWIPE - SAME DIRECTION","RAIN","DARK - LIGHTED","SHELBY AV & S 7TH ST","NASHVILLE","EAST",36.16955,-86.75714,"PARKED MOTOR VEHICLE","37206","2022","November","Fall","06","Thursday","Weekday","No Injuries","No Fatalities"
9.99030125040097e-314,2022-11-25 04:50:00,0,0,0,NA,"Y","Front to Rear","RAIN","DARK - LIGHTED","DICKERSON PKE & DICKERSON PKE ENT RAMP","MADISON","MADISO",36.24253,-86.75693,"MOTOR VEHICLE IN TRANSPORT","37115","2022","November","Fall","04","Friday","Weekday","No Injuries","No Fatalities"
9.99030127213986e-314,2022-11-24 06:00:00,0,0,0,NA,"Y","NOT COLLISION W/MOTOR VEHICLE-TRANSPORT","RAIN","DAYLIGHT","MM 86 5 I 65","NASHVILLE","NORTH",36.19237,-86.77698,"","37207","2022","November","Fall","06","Thursday","Weekday","No Injuries","No Fatalities"
9.99030129289062e-314,2022-11-25 06:02:00,0,3,0,NA,"Y","SIDESWIPE - SAME DIRECTION","RAIN","DARK - NOT LIGHTED","MM 57 3 I 24","ANTIOCH","SOUTH",36.06616,-86.6863,"MOTOR VEHICLE IN TRANSPORT","37013","2022","November","Fall","06","Friday","Weekday","Injuries","No Fatalities"
9.99030129980754e-314,2022-11-25 06:10:00,0,0,0,NA,"N","Front to Rear","RAIN","DARK - LIGHTED","MM 86 5 I 65","NASHVILLE","NORTH",36.19578,-86.77612,"MOTOR VEHICLE IN TRANSPORT","37207","2022","November","Fall","06","Friday","Weekday","No Injuries","No Fatalities"
9.99030131512357e-314,2022-11-25 06:57:00,0,2,0,NA,"Y","HEAD-ON","RAIN","DARK - NOT LIGHTED","APACHE TRL & VILLAS OF BAVARIA PVTDR","NASHVILLE","SOUTH",36.06696,-86.68825,"MOTOR VEHICLE IN TRANSPORT","37211","2022","November","Fall","06","Friday","Weekday","Injuries","No Fatalities"
9.9903013175939e-314,2022-11-25 07:05:00,0,0,0,NA,"N","NOT COLLISION W/MOTOR VEHICLE-TRANSPORT","RAIN","DARK - LIGHTED","330 10TH AVN","NASHVILLE","CENTRA",36.16319,-86.78716,"OTHER POST, POLE, SUPP.","37203","2022","November","Fall","07","Friday","Weekday","No Injuries","No Fatalities"
9.99030134773191e-314,2022-11-25 09:37:00,0,0,0,NA,"N","NOT COLLISION W/MOTOR VEHICLE-TRANSPORT","RAIN","DARK - LIGHTED","MM 86 6 I 65","NASHVILLE","NORTH",36.1963,-86.7756,"UTILITY POLE","37207","2022","November","Fall","09","Friday","Weekday","No Injuries","No Fatalities"
9.99030249248201e-314,2022-11-26 06:00:00,0,0,0,NA,"N","NOT COLLISION W/MOTOR VEHICLE-TRANSPORT","RAIN","DARK - NOT LIGHTED","RICE RD & EDGE O LAKE DR","ANTIOCH","SOUTH",36.07284,-86.64583,"Ran Off Road-Right","37013","2022","November","Fall","06","Saturday","Weekend","No Injuries","No Fatalities"
9.9903025142209e-314,2022-11-26 06:00:00,0,0,0,NA,"N","ANGLE","RAIN","DARK - NOT LIGHTED","BONNAFAIR DR & BONNAHURST DR","HERMITAGE","HERMIT",36.20528,-86.63339,"MOTOR VEHICLE IN TRANSPORT","37076","2022","November","Fall","06","Saturday","Weekend","No Injuries","No Fatalities"
9.99030253991231e-314,2022-11-27 00:27:00,0,0,0,NA,"N","Front to Rear","RAIN","DARK - NOT LIGHTED","HILLSBORO PKE & BRIDLEWAY TRL","NASHVILLE","WEST",36.05096,-86.85967,"MOTOR VEHICLE IN TRANSPORT","37215","2022","November","Fall","00","Sunday","Weekend","No Injuries","No Fatalities"
9.99030254979362e-314,2022-11-26 06:00:00,0,0,0,NA,"Y","SIDESWIPE - OPPOSITE DIRECTION","RAIN","DARK - NOT LIGHTED","MT VIEW RD & BABY RUTH LN","ANTIOCH","SOUTH",36.0433,-86.6408,"MOTOR VEHICLE IN TRANSPORT","37013","2022","November","Fall","06","Saturday","Weekend","No Injuries","No Fatalities"
9.99030255918087e-314,2022-11-27 01:10:00,0,1,0,NA,"N","NOT COLLISION W/MOTOR VEHICLE-TRANSPORT","RAIN","DARK - LIGHTED","BROADMOOR DR & STANVID DR","NASHVILLE","EAST",36.23009,-86.74216,"DITCH","37216","2022","November","Fall","01","Sunday","Weekend","Injuries","No Fatalities"
9.99030256115713e-314,2022-11-26 06:00:00,0,0,0,NA,"N","Front to Rear","RAIN","DARK - LIGHTED","OLD HICKORY BLVD & I40 E EXT RAMP","HERMITAGE","HERMIT",36.17865,-86.60508,"MOTOR VEHICLE IN TRANSPORT","37076","2022","November","Fall","06","Saturday","Weekend","No Injuries","No Fatalities"
9.99030258734261e-314,2022-11-27 01:54:00,0,0,0,NA,"N","Front to Rear","RAIN","DARK - LIGHTED","MURFREESBORO PIKE & RANSOM PL","NASHVILLE","HERMIT",36.08987,-86.65046,"MOTOR VEHICLE IN TRANSPORT","37217","2022","November","Fall","01","Sunday","Weekend","No Injuries","No Fatalities"
9.99030259425953e-314,2022-11-27 00:39:00,0,0,0,NA,"N","ANGLE","RAIN","DARK - NOT LIGHTED","MCMURRAY DR & ASHMORE DR","NASHVILLE","MIDTOW",36.05359,-86.73842,"MOTOR VEHICLE IN TRANSPORT","37211","2022","November","Fall","00","Sunday","Weekend","No Injuries","No Fatalities"
9.99030260710524e-314,2022-11-27 02:25:00,0,1,0,NA,"N","NOT COLLISION W/MOTOR VEHICLE-TRANSPORT","RAIN","DARK - LIGHTED","HARDING PL & ANTIOCH PKE","NASHVILLE","SOUTH",36.08796,-86.69102,"LUMINAIRE/LIGHT SUPPORT","37211","2022","November","Fall","02","Sunday","Weekend","Injuries","No Fatalities"
9.99030260809337e-314,2022-11-27 02:25:00,0,1,0,NA,"N","Front to Rear","RAIN","DARK - LIGHTED","HAMILTON CHURCH RD & MURFREESBORO PKE","ANTIOCH","SOUTH",36.06469,-86.62859,"MOTOR VEHICLE IN TRANSPORT","37013","2022","November","Fall","02","Sunday","Weekend","Injuries","No Fatalities"
9.99030262093908e-314,2022-11-27 02:54:00,0,1,0,NA,"N","NOT COLLISION W/MOTOR VEHICLE-TRANSPORT","RAIN","DARK - NOT LIGHTED","MM 58 3 I 24","ANTIOCH","SOUTH",36.05426,-86.67389,"MOTOR VEHICLE IN TRANSPORT;GUARDRAIL FACE","37013","2022","November","Fall","02","Sunday","Weekend","Injuries","No Fatalities"
9.99030262143314e-314,2022-11-26 06:00:00,0,2,0,NA,"Y","SIDESWIPE - SAME DIRECTION","RAIN","DARK - LIGHTED","CANE RIDGE RD & BELL HOLLOW APTS PVTDR","ANTIOCH","SOUTH",36.04032,-86.66028,"MOTOR VEHICLE IN TRANSPORT","37013","2022","November","Fall","06","Saturday","Weekend","Injuries","No Fatalities"
9.99030262835006e-314,2022-11-26 06:00:00,0,2,0,NA,"N","ANGLE","RAIN","DARK - LIGHTED","HICKORY HOLLOW PKWY & BELL RD","ANTIOCH","SOUTH",36.04755,-86.65593,"MOTOR VEHICLE IN TRANSPORT","37013","2022","November","Fall","06","Saturday","Weekend","Injuries","No Fatalities"
9.99030265058301e-314,2022-11-27 03:03:00,0,0,0,NA,"N","ANGLE","RAIN","DARK - LIGHTED","LINBAR DR & HARDING PL","NASHVILLE","SOUTH",36.08416,-86.70589,"MOTOR VEHICLE IN TRANSPORT","37211","2022","November","Fall","03","Sunday","Weekend","No Injuries","No Fatalities"
9.99030266244059e-314,2022-11-27 03:40:00,0,0,0,NA,"N","ANGLE","RAIN","DARK - LIGHTED","MM 56 4 I 24","NASHVILLE","SOUTH",36.07688,-86.69455,"MOTOR VEHICLE IN TRANSPORT","37211","2022","November","Fall","03","Sunday","Weekend","No Injuries","No Fatalities"
9.99030267182784e-314,2022-11-27 04:06:00,1,1,1,NA,"N","NOT COLLISION W/MOTOR VEHICLE-TRANSPORT","RAIN","DARK - LIGHTED","OPRY MILLS DR & OPRY MILLS DR","NASHVILLE","HERMIT",36.20513,-86.69597,"PEDESTRIAN","37214","2022","November","Fall","04","Sunday","Weekend","Injuries","With Fatalities"
9.99030267479223e-314,2022-11-27 04:13:00,0,1,0,NA,"N","Front to Rear","RAIN","DARK - LIGHTED","MM 208 1 I 40","NASHVILLE","NORTH",36.15884,-86.7918,"MOTOR VEHICLE IN TRANSPORT","37208","2022","November","Fall","04","Sunday","Weekend","Injuries","No Fatalities"
9.99030269751925e-314,2022-11-26 06:00:00,0,0,0,NA,"N","NOT COLLISION W/MOTOR VEHICLE-TRANSPORT","RAIN","DARK - LIGHTED","BLACKMAN RD & OVERCREST DR","NASHVILLE","MIDTOW",36.07369,-86.73465,"EMBANKMENT EARTH","37211","2022","November","Fall","06","Saturday","Weekend","No Injuries","No Fatalities"
9.99030271728188e-314,2022-11-27 05:02:00,0,2,0,NA,"N","ANGLE","RAIN","DARK - LIGHTED","OLD HICKORY BLVD & I24 W EXT RAMP","ANTIOCH","SOUTH",36.01589,-86.62011,"MOTOR VEHICLE IN TRANSPORT","37013","2022","November","Fall","05","Sunday","Weekend","Injuries","No Fatalities"
9.99030273210385e-314,2022-11-27 05:19:00,0,0,0,NA,"N","NOT COLLISION W/MOTOR VEHICLE-TRANSPORT","RAIN","DARK - LIGHTED","MM 211 7 I 40","NASHVILLE","HERMIT",36.15009,-86.74834,"GUARDRAIL FACE","37210","2022","November","Fall","05","Sunday","Weekend","No Injuries","No Fatalities"
9.9903027528546e-314,2022-11-26 06:00:00,0,1,0,NA,"N","Front to Rear","RAIN","DARK - LIGHTED","E TRINITY LN & DICKERSON PKE","NASHVILLE","EAST",36.20589,-86.76861,"MOTOR VEHICLE IN TRANSPORT","37207","2022","November","Fall","06","Saturday","Weekend","Injuries","No Fatalities"
9.99030275977152e-314,2022-11-27 05:58:00,0,0,0,NA,"N","REAR-TO-REAR","RAIN","DARK - LIGHTED","CATHY JO CT & CATHY JO CIR","NASHVILLE","SOUTH",36.09569,-86.71875,"PARKED MOTOR VEHICLE;Set In Motion By Motor Vehicle","37211","2022","November","Fall","05","Sunday","Weekend","No Injuries","No Fatalities"
9.99030276570031e-314,2022-11-27 05:21:00,0,0,0,NA,"N","ANGLE","RAIN","DARK - LIGHTED","2ND AVS & ASH ST","NASHVILLE","CENTRA",36.15327,-86.76956,"MOTOR VEHICLE IN TRANSPORT","37210","2022","November","Fall","05","Sunday","Weekend","No Injuries","No Fatalities"
9.99030277064097e-314,2022-11-27 06:00:00,0,0,0,NA,"N","NOT COLLISION W/MOTOR VEHICLE-TRANSPORT","RAIN","DARK - LIGHTED","I24 W EXT RAMP & I 24","NASHVILLE","SOUTH",36.17286,-86.76874,"EMBANKMENT EARTH","37211","2022","November","Fall","06","Sunday","Weekend","No Injuries","No Fatalities"
9.99030278151041e-314,2022-11-27 06:35:00,0,1,0,NA,"N","NOT COLLISION W/MOTOR VEHICLE-TRANSPORT","RAIN","DARK - LIGHTED","LAFAYETTE ST & 8TH AVS","NASHVILLE","CENTRA",36.15463,-86.77916,"CURB","37203","2022","November","Fall","06","Sunday","Weekend","Injuries","No Fatalities"
9.99030280077897e-314,2022-11-27 07:09:00,0,0,0,NA,"N","NOT COLLISION W/MOTOR VEHICLE-TRANSPORT","RAIN","DARK - LIGHTED","MM 88 5 I 65","NASHVILLE","NORTH",36.22481,-86.77451,"","37207","2022","November","Fall","07","Sunday","Weekend","No Injuries","No Fatalities"
9.99030283239917e-314,2022-11-27 07:50:00,0,0,0,NA,"Y","Front to Rear","RAIN","DARK - LIGHTED","GALLATIN AV & W EASTLAND AV","NASHVILLE","EAST",36.18334,-86.74858,"MOTOR VEHICLE IN TRANSPORT","37206","2022","November","Fall","07","Sunday","Weekend","No Injuries","No Fatalities"
9.9903028363517e-314,2022-11-27 07:51:00,0,0,0,NA,"Y","UNKNOWN","RAIN","DARK - LIGHTED","BROADWAY & 18TH AVS","NASHVILLE","MIDTOW",36.15188,-86.79552,"PARKED MOTOR VEHICLE;UNKNOWN MOST HARMFUL EVENT","37203","2022","November","Fall","07","Sunday","Weekend","No Injuries","No Fatalities"