"Accident.Number","Date.and.Time","Number.of.Motor.Vehicles","Number.of.Injuries","Number.of.Fatalities","Property.Damage","Hit.and.Run","Collision.Type.Description","Weather.Description","Illumination.Description","Street.Address","City","Precinct","Latitude","Longitude","HarmfulDescriptions","Zip.Code","Year","Month","Season","Hour","Weekday","DayType","Accident","Fatality_category"
9.99030285957278e-314,2022-11-27 08:49:00,0,1,0,NA,"Y","SIDESWIPE - SAME DIRECTION","RAIN","Dark-Unknown Lighting","MM 86 5 I 65","NASHVILLE","NORTH",36.19474,-86.77557,"MOTOR VEHICLE IN TRANSPORT","37207","2022","November","Fall","08","Sunday","Weekend","Injuries","No Fatalities"
9.99030286451344e-314,2022-11-27 06:00:00,0,1,0,NA,"N","NOT COLLISION W/MOTOR VEHICLE-TRANSPORT","RAIN","DARK - LIGHTED","I24 E EXT RAMP & I 24","NASHVILLE","NORTH",36.08837,-86.70208,"OTHER POST, POLE, SUPP.","37207","2022","November","Fall","06","Sunday","Weekend","Injuries","No Fatalities"
9.99030287933541e-314,2022-11-27 09:40:00,0,0,0,NA,"N","NOT COLLISION W/MOTOR VEHICLE-TRANSPORT","RAIN","DARK - LIGHTED","HAMMOND DR & 23RD AVN","NASHVILLE","NORTH",36.17322,-86.81296,"BUILDING","37208","2022","November","Fall","09","Sunday","Weekend","No Injuries","No Fatalities"
9.99030288180574e-314,2022-11-27 09:50:00,0,0,0,NA,"N","NOT COLLISION W/MOTOR VEHICLE-TRANSPORT","RAIN","DARK - LIGHTED","MM 86 5 I 65","NASHVILLE","NORTH",36.1923,-86.7771,"GUARDRAIL FACE","37207","2022","November","Fall","09","Sunday","Weekend","No Injuries","No Fatalities"
9.9903028852642e-314,2022-11-27 08:57:00,0,0,0,NA,"N","NOT COLLISION W/MOTOR VEHICLE-TRANSPORT","RAIN","DARK - LIGHTED","I24 E EXT RAMP & I 24","NASHVILLE","NORTH",36.08837,-86.70208,"OTHER OBJECT (NOT FIXED)","37207","2022","November","Fall","08","Sunday","Weekend","No Injuries","No Fatalities"
9.99030288872266e-314,2022-11-27 09:41:00,0,0,0,NA,"N","NOT COLLISION W/MOTOR VEHICLE-TRANSPORT","RAIN","DARK - LIGHTED","MM 56 5 I 24","NASHVILLE","SOUTH",36.07618,-86.69412,"UTILITY POLE;TREE","37211","2022","November","Fall","09","Sunday","Weekend","No Injuries","No Fatalities"
9.99030328545737e-314,2022-11-28 00:25:00,0,2,0,NA,"N","Front to Rear","RAIN","DARK - NOT LIGHTED","MM 40 8 I 24","WHITES CREEK","NORTH",36.27306,-86.79557,"MOTOR VEHICLE IN TRANSPORT","37189","2022","November","Fall","00","Monday","Weekday","Injuries","No Fatalities"
9.99030332152416e-314,2022-11-28 00:26:00,0,0,0,NA,"N","Front to Rear","RAIN","DARK - LIGHTED","BRILEY PKWY S ENT RAMP & OPRY MILLS DR","NASHVILLE","HERMIT",36.19686,-86.69015,"MOTOR VEHICLE IN TRANSPORT","37214","2022","November","Fall","00","Monday","Weekday","No Injuries","No Fatalities"
9.99030332251229e-314,2022-11-28 02:25:00,0,0,0,NA,"N","NOT COLLISION W/MOTOR VEHICLE-TRANSPORT","RAIN","DARK - NOT LIGHTED","MM 40 4 I 24","WHITES CREEK","NORTH",36.27803,-86.80107,"GUARDRAIL FACE","37189","2022","November","Fall","02","Monday","Weekday","No Injuries","No Fatalities"
9.990303335358e-314,2022-11-28 03:17:00,0,0,0,NA,"N","NOT COLLISION W/MOTOR VEHICLE-TRANSPORT","RAIN","DARK - LIGHTED","MM 88 6 I 65","NASHVILLE","EAST",36.22633,-86.77407,"GUARDRAIL FACE","37207","2022","November","Fall","03","Monday","Weekday","No Injuries","No Fatalities"
9.9903033368402e-314,2022-11-28 02:40:00,0,0,0,NA,"N","NOT COLLISION W/MOTOR VEHICLE-TRANSPORT","RAIN","DARK - LIGHTED","MM 211 0 I 40","NASHVILLE","HERMIT",36.15398,-86.7584,"GUARDRAIL FACE","37210","2022","November","Fall","02","Monday","Weekday","No Injuries","No Fatalities"
9.99030333832239e-314,2022-11-28 03:20:00,0,0,0,NA,"N","SIDESWIPE - SAME DIRECTION","RAIN","DARK - LIGHTED","MM 88 6 I 65","NASHVILLE","EAST",36.22632,-86.77407,"MOTOR VEHICLE IN TRANSPORT","37207","2022","November","Fall","03","Monday","Weekday","No Injuries","No Fatalities"
9.99030335215623e-314,2022-11-28 02:05:00,0,0,0,NA,"Y","SIDESWIPE - OPPOSITE DIRECTION","RAIN","DARK - LIGHTED","WOODLAND ST & S 11TH ST","NASHVILLE","EAST",36.17749,-86.74966,"MOTOR VEHICLE IN TRANSPORT","37206","2022","November","Fall","02","Monday","Weekday","No Injuries","No Fatalities"
9.99030336203754e-314,2022-11-28 03:50:00,0,0,0,NA,"N","ANGLE","RAIN","DARK - LIGHTED","PEBBLE CREEK DR & MOUNTAIN LAUREL DR","ANTIOCH","SOUTH",36.07126,-86.65705,"MOTOR VEHICLE IN TRANSPORT","37013","2022","November","Fall","03","Monday","Weekday","No Injuries","No Fatalities"
9.99030342428982e-314,2022-11-27 06:00:00,0,0,0,NA,"N","NOT COLLISION W/MOTOR VEHICLE-TRANSPORT","RAIN","DARK - LIGHTED","CHARLOTTE AV & 53RD AVN","NASHVILLE","WEST",36.15179,-86.85143,"OTHER POST, POLE, SUPP.","37209","2022","November","Fall","06","Sunday","Weekend","No Injuries","No Fatalities"
9.99030344701684e-314,2022-11-28 05:38:00,0,0,0,NA,"N","NOT COLLISION W/MOTOR VEHICLE-TRANSPORT","RAIN","DARK - NOT LIGHTED","3207 SOUTHLAKE DR","NASHVILLE","SOUTH",36.1035,-86.7297,"Motor Vehicle-In-Motion Outside Trafficw","37211","2022","November","Fall","05","Monday","Weekday","No Injuries","No Fatalities"
9.99030345936848e-314,2022-11-28 05:51:00,0,0,0,NA,"Y","NOT COLLISION W/MOTOR VEHICLE-TRANSPORT","RAIN","DARK - LIGHTED","BROOKRIDGE TRL & WALLACE RD","NASHVILLE","SOUTH",36.07919,-86.7207,"CURB;FENCE;EMBANKMENT EARTH;EMBANKMENT ROCK/STONE/CONCRETE","37211","2022","November","Fall","05","Monday","Weekday","No Injuries","No Fatalities"
9.99030348160143e-314,2022-11-28 06:18:00,0,1,0,NA,"Y","NOT COLLISION W/MOTOR VEHICLE-TRANSPORT","RAIN","DARK - LIGHTED","SOUTHLAKE DR & HOLBROOK DR","NASHVILLE","SOUTH",36.10371,-86.72946,"PEDESTRIAN","37211","2022","November","Fall","06","Monday","Weekday","Injuries","No Fatalities"
9.99030363772617e-314,2022-11-28 11:30:00,0,0,0,NA,"N","Front to Rear","RAIN","DARK - NOT LIGHTED","I24 E EXT RAMP & WHITES CREEK PKE","JOELTON","NORTH",36.32208,-86.86779,"MOTOR VEHICLE IN TRANSPORT","37080","2022","November","Fall","11","Monday","Weekday","No Injuries","No Fatalities"
9.99028405642243e-314,2022-11-06 12:48:00,0,0,0,NA,"N","NOT COLLISION W/MOTOR VEHICLE-TRANSPORT","RAIN","DAYLIGHT","UNA ANTIOCH PKE & BILLINGSGATE RD","ANTIOCH","SOUTH",36.07483,-86.66268,"DITCH;Ran Off Road-Right","37013","2022","November","Fall","12","Sunday","Weekend","No Injuries","No Fatalities"
9.9902847515728e-314,2022-11-07 11:00:00,0,0,0,NA,"N","Front to Rear","RAIN","DARK - LIGHTED","MM 87 0 I 65","NASHVILLE","EAST",36.20178,-86.7766,"MOTOR VEHICLE IN TRANSPORT","37207","2022","November","Fall","11","Monday","Weekday","No Injuries","No Fatalities"
9.99028475503126e-314,2022-11-07 11:01:00,0,0,0,NA,"N","Front to Rear","RAIN","DARK - LIGHTED","MM 87 0 I 65","NASHVILLE","EAST",36.20271,-86.77688,"MOTOR VEHICLE IN TRANSPORT","37207","2022","November","Fall","11","Monday","Weekday","No Injuries","No Fatalities"
9.99028479505057e-314,2022-11-07 11:56:00,0,0,0,NA,"N","Front to Rear","RAIN","DAYLIGHT","SPRING ST & DICKERSON PKE","NASHVILLE","EAST",36.17654,-86.77002,"MOTOR VEHICLE IN TRANSPORT","37213","2022","November","Fall","11","Monday","Weekday","No Injuries","No Fatalities"
9.99028904401513e-314,2022-11-11 08:32:00,0,0,0,NA,"N","NOT COLLISION W/MOTOR VEHICLE-TRANSPORT","RAIN","DARK - LIGHTED","I440 W ENT RAMP & I 24","NASHVILLE","SOUTH",36.12995,-86.72789,"EMBANKMENT EARTH","37217","2022","November","Fall","08","Friday","Weekday","No Injuries","No Fatalities"
9.99028905784897e-314,2022-11-11 09:14:00,0,0,0,NA,"N","Front to Rear","RAIN","DARK - LIGHTED","MURFREESBORO PKE & NASHBORO BLVD","ANTIOCH","SOUTH",36.08691,-86.64868,"MOTOR VEHICLE IN TRANSPORT","37013","2022","November","Fall","09","Friday","Weekday","No Injuries","No Fatalities"
9.9902890588371e-314,2022-11-11 09:18:00,0,0,0,NA,"N","NOT COLLISION W/MOTOR VEHICLE-TRANSPORT","RAIN","DARK - LIGHTED","MM 211 7 I 40","NASHVILLE","HERMIT",36.15026,-86.7487,"CONCRETE TRAFFIC BARRIER","37210","2022","November","Fall","09","Friday","Weekday","No Injuries","No Fatalities"
9.99028906822434e-314,2022-11-11 09:39:00,0,1,0,NA,"N","NOT COLLISION W/MOTOR VEHICLE-TRANSPORT","RAIN","DARK - LIGHTED","LEBANON PKE & OMOHUNDRO DR","NASHVILLE","HERMIT",36.15705,-86.70898,"UTILITY POLE","37210","2022","November","Fall","09","Friday","Weekday","Injuries","No Fatalities"
9.99028906921248e-314,2022-11-11 09:37:00,0,0,0,NA,"N","SIDESWIPE - SAME DIRECTION","RAIN","DARK - LIGHTED","MM 48 3 I 24","NASHVILLE","CENTRA",36.17194,-86.76863,"MOTOR VEHICLE IN TRANSPORT","37213","2022","November","Fall","09","Friday","Weekday","No Injuries","No Fatalities"
9.99028907415313e-314,2022-11-11 10:00:00,0,0,0,NA,"N","NOT COLLISION W/MOTOR VEHICLE-TRANSPORT","RAIN","DARK - NOT LIGHTED","MM 208 3 I 40","NASHVILLE","NORTH",36.16062,-86.79306,"CONCRETE TRAFFIC BARRIER","37203","2022","November","Fall","10","Friday","Weekday","No Injuries","No Fatalities"
9.99028908107005e-314,2022-11-11 10:00:00,0,0,0,NA,"N","NOT COLLISION W/MOTOR VEHICLE-TRANSPORT","RAIN","Dark-Unknown Lighting","DAVIDSON STREET BIKE CNCTR & DAVIDSON ST","NASHVILLE","CENTRA",36.16153,-86.76603,"OTHER OBJECT (NOT FIXED)","37213","2022","November","Fall","10","Friday","Weekday","No Injuries","No Fatalities"
9.99028908946917e-314,2022-11-11 10:35:00,0,0,0,NA,"N","ANGLE","RAIN","DARK - LIGHTED","BELL RD & MT VIEW RD","ANTIOCH","SOUTH",36.04998,-86.6495,"MOTOR VEHICLE IN TRANSPORT","37013","2022","November","Fall","10","Friday","Weekday","No Injuries","No Fatalities"
9.99028909638609e-314,2022-11-11 10:55:00,0,0,0,NA,"N","NOT COLLISION W/MOTOR VEHICLE-TRANSPORT","RAIN","DARK - LIGHTED","MM 53 6 I 24","NASHVILLE","SOUTH",36.11106,-86.72271,"CONCRETE TRAFFIC BARRIER","37211","2022","November","Fall","10","Friday","Weekday","No Injuries","No Fatalities"
9.99028911565465e-314,2022-11-11 12:00:00,0,0,0,NA,"N","NOT COLLISION W/MOTOR VEHICLE-TRANSPORT","RAIN","DARK - LIGHTED","MM 204 1 I 40","NASHVILLE","WEST",36.15319,-86.85389,"CONCRETE TRAFFIC BARRIER","37209","2022","November","Fall","12","Friday","Weekday","No Injuries","No Fatalities"
9.99028911664278e-314,2022-11-11 12:00:00,0,0,0,NA,"N","SIDESWIPE - SAME DIRECTION","RAIN","DAWN","MM 56 8 I 24","NASHVILLE","SOUTH",36.07139,-86.6909,"MOTOR VEHICLE IN TRANSPORT","37211","2022","November","Fall","12","Friday","Weekday","No Injuries","No Fatalities"
9.99028912257157e-314,2022-11-11 12:30:00,0,1,0,NA,"N","NOT COLLISION W/MOTOR VEHICLE-TRANSPORT","RAIN","DAWN","MM 205 3 I 40","NASHVILLE","WEST",36.1543,-86.83309,"CONCRETE TRAFFIC BARRIER","37209","2022","November","Fall","12","Friday","Weekday","Injuries","No Fatalities"
9.99028912306563e-314,2022-11-11 12:36:00,0,1,0,NA,"N","ANGLE","RAIN","DAYLIGHT","MM 216 0 I 40","NASHVILLE","HERMIT",36.14197,-86.67773,"MOTOR VEHICLE IN TRANSPORT","37217","2022","November","Fall","12","Friday","Weekday","Injuries","No Fatalities"
9.99028912652409e-314,2022-11-11 12:30:00,0,0,0,NA,"N","ANGLE","RAIN","OTHER","BRILEY PKWY N ENT RAMP & I 40","NASHVILLE","WEST",36.15391,-86.84924,"MOTOR VEHICLE IN TRANSPORT","37209","2022","November","Fall","12","Friday","Weekday","No Injuries","No Fatalities"
9.99028912701816e-314,2022-11-11 09:30:00,0,0,0,NA,"Y","Front to Rear","RAIN","Dark-Unknown Lighting","MERCER DR & DUTCHMANS DR","HERMITAGE","HERMIT",36.20262,-86.60232,"MOTOR VEHICLE IN TRANSPORT;PARKED MOTOR VEHICLE","37076","2022","November","Fall","09","Friday","Weekday","No Injuries","No Fatalities"
9.99028912850035e-314,2022-11-11 12:34:00,0,0,0,NA,"N","NOT COLLISION W/MOTOR VEHICLE-TRANSPORT","RAIN","DAWN","MM 201 0 I 40","NASHVILLE","WEST",36.1296,-86.89959,"DITCH","37209","2022","November","Fall","12","Friday","Weekday","No Injuries","No Fatalities"
9.9902891364054e-314,2022-11-11 06:00:00,0,1,0,NA,"N","ANGLE","RAIN","DAWN","1800 MYATT DR","MADISON","MADISO",36.29691,-86.69916,"MOTOR VEHICLE IN TRANSPORT","37115","2022","November","Fall","06","Friday","Weekday","Injuries","No Fatalities"
9.99028991851132e-314,2022-11-12 08:21:00,0,0,0,NA,"N","NOT COLLISION W/MOTOR VEHICLE-TRANSPORT","RAIN","DARK - LIGHTED","VICTORY AV & S 1ST ST","NASHVILLE","CENTRA",36.16478,-86.77038,"OTHER FIXED OBJECTS","37213","2022","November","Fall","08","Saturday","Weekend","No Injuries","No Fatalities"
9.99028992444011e-314,2022-11-12 09:39:00,0,0,0,NA,"N","NOT COLLISION W/MOTOR VEHICLE-TRANSPORT","RAIN","DARK - LIGHTED","HIGHWAY 100 & WESTHAVEN DR","NASHVILLE","WEST",36.03483,-86.97166,"GUARDRAIL END;UTILITY POLE","37221","2022","November","Fall","09","Saturday","Weekend","No Injuries","No Fatalities"
9.99028996692975e-314,2022-11-12 11:36:00,0,1,0,NA,"N","Front to Rear","RAIN","DARK - LIGHTED","LINBAR DR & HARDING PL","NASHVILLE","SOUTH",36.08416,-86.70589,"MOTOR VEHICLE IN TRANSPORT","37211","2022","November","Fall","11","Saturday","Weekend","Injuries","No Fatalities"
9.99028997878733e-314,2022-11-12 12:53:00,0,0,0,NA,"N","ANGLE","RAIN","DAYLIGHT","MM 203 0 I 40","NASHVILLE","WEST",36.14904,-86.87451,"MOTOR VEHICLE IN TRANSPORT","37209","2022","November","Fall","12","Saturday","Weekend","No Injuries","No Fatalities"
9.99029232214069e-314,2022-11-15 06:15:00,0,0,0,NA,"N","ANGLE","RAIN","DARK - LIGHTED","W NOCTURNE DR & E NOCTURNE DR","NASHVILLE","NORTH",36.21149,-86.79758,"MOTOR VEHICLE IN TRANSPORT","37207","2022","November","Fall","06","Tuesday","Weekday","No Injuries","No Fatalities"
9.99029234437364e-314,2022-11-15 08:50:00,0,0,0,NA,"Y","ANGLE","RAIN","DARK - LIGHTED","STRATFORD AV & GALLATIN PKE","NASHVILLE","EAST",36.21449,-86.73052,"MOTOR VEHICLE IN TRANSPORT","37216","2022","November","Fall","08","Tuesday","Weekday","No Injuries","No Fatalities"
9.99029235227869e-314,2022-11-15 09:37:00,0,0,0,NA,"N","NOT COLLISION W/MOTOR VEHICLE-TRANSPORT","RAIN","DARK - NOT LIGHTED","MM 212 6 I 40","NASHVILLE","HERMIT",36.14178,-86.73463,"CONCRETE TRAFFIC BARRIER","37210","2022","November","Fall","09","Tuesday","Weekday","No Injuries","No Fatalities"
9.99029238834548e-314,2022-11-15 11:15:00,0,0,0,NA,"N","NOT COLLISION W/MOTOR VEHICLE-TRANSPORT","RAIN","DUSK","MM 88 5 I 65","NASHVILLE","NORTH",36.22483,-86.77451,"GUARDRAIL END","37207","2022","November","Fall","11","Tuesday","Weekday","No Injuries","No Fatalities"
9.99029239575647e-314,2022-11-15 06:00:00,0,0,0,NA,"Y","UNKNOWN","RAIN","DARK - NOT LIGHTED","EASTLAND AV & CHAPEL AV","NASHVILLE","EAST",36.1826,-86.73533,"PARKED MOTOR VEHICLE","37206","2022","November","Fall","06","Tuesday","Weekday","No Injuries","No Fatalities"
9.9902924140369e-314,2022-11-15 12:22:00,0,1,0,NA,"N","NOT COLLISION W/MOTOR VEHICLE-TRANSPORT","RAIN","DAYLIGHT","HARDING PKE & VINE CT","NASHVILLE","WEST",36.1297,-86.8396,"UTILITY POLE;PEDESTRIAN","37205","2022","November","Fall","12","Tuesday","Weekday","Injuries","No Fatalities"
9.99029243478766e-314,2022-11-15 12:45:00,0,1,0,NA,"N","ANGLE","RAIN","DAWN","MCMILLAN CT & ANTIOCH PKE","NASHVILLE","SOUTH",36.10084,-86.72938,"MOTOR VEHICLE IN TRANSPORT","37211","2022","November","Fall","12","Tuesday","Weekday","Injuries","No Fatalities"
9.99031438068958e-314,2022-12-08 06:00:00,0,2,0,NA,"N","ANGLE","RAIN","DAYLIGHT","MM 88 6 I 65","NASHVILLE","EAST",36.22524,-86.77443,"MOTOR VEHICLE IN TRANSPORT","37207","2022","December","Winter","06","Thursday","Weekday","Injuries","No Fatalities"
9.99032018892531e-314,2022-12-14 06:00:00,2,0,0,NA,"N","ANGLE","RAIN","DARK - LIGHTED","LAFAYETTE ST & 8TH AVS","NASHVILLE","CENTRA",36.15463,-86.77916,"MOTOR VEHICLE IN TRANSPORT","37203","2022","December","Winter","06","Wednesday","Weekday","No Injuries","No Fatalities"
9.99032024327253e-314,2022-12-15 00:08:00,2,1,1,NA,"N","NOT COLLISION W/MOTOR VEHICLE-TRANSPORT","RAIN","DARK - LIGHTED","LEBANON PKE & HERMITAGE RD","HERMITAGE","HERMIT",36.19999,-86.61892,"PEDESTRIAN","37076","2022","December","Winter","00","Thursday","Weekday","Injuries","With Fatalities"
9.9903202724224e-314,2022-12-15 00:51:00,2,1,0,NA,"N","ANGLE","RAIN","DARK - NOT LIGHTED","KAREN DR & LAURINDA DR","NASHVILLE","HERMIT",36.13966,-86.7019,"MOTOR VEHICLE IN TRANSPORT","37217","2022","December","Winter","00","Thursday","Weekday","Injuries","No Fatalities"
9.99032031046546e-314,2022-12-15 01:25:00,2,0,0,NA,"N","Front to Rear","RAIN","DARK - LIGHTED","OLD HICKORY BLVDW & HERITAGE DR","MADISON","MADISO",36.2641,-86.72418,"MOTOR VEHICLE IN TRANSPORT","37115","2022","December","Winter","01","Thursday","Weekday","No Injuries","No Fatalities"
9.99032032726369e-314,2022-12-14 06:00:00,2,0,0,NA,"N","ANGLE","RAIN","DARK - LIGHTED","OLD HICKORY BLVD & OLD LEBANON DIRT RD","HERMITAGE","HERMIT",36.19084,-86.61535,"MOTOR VEHICLE IN TRANSPORT","37076","2022","December","Winter","06","Wednesday","Weekday","No Injuries","No Fatalities"
9.99032033566281e-314,2022-12-15 00:50:00,2,0,0,NA,"Y","SIDESWIPE - SAME DIRECTION","RAIN","DARK - LIGHTED","MM 54 9 I 24","NASHVILLE","SOUTH",36.09597,-86.70786,"MOTOR VEHICLE IN TRANSPORT","37211","2022","December","Winter","00","Thursday","Weekday","No Injuries","No Fatalities"
9.99032034850851e-314,2022-12-15 01:54:00,2,2,0,NA,"N","HEAD-ON","RAIN","DARK - LIGHTED","8TH AVS & DEMONBREUN ST","NASHVILLE","CENTRA",36.15687,-86.78084,"MOTOR VEHICLE IN TRANSPORT","37203","2022","December","Winter","01","Thursday","Weekday","Injuries","No Fatalities"
9.9903203559195e-314,2022-12-15 02:29:00,2,0,0,NA,"N","ANGLE","RAIN","DARK - LIGHTED","GALLATIN PKE & NORVEL AV","NASHVILLE","EAST",36.21746,-86.72862,"MOTOR VEHICLE IN TRANSPORT","37216","2022","December","Winter","02","Thursday","Weekday","No Injuries","No Fatalities"
9.99032036086016e-314,2022-12-15 02:14:00,2,0,0,NA,"Y","SIDESWIPE - SAME DIRECTION","RAIN","DARK - LIGHTED","MM 52 0 I 24","NASHVILLE","SOUTH",36.13388,-86.72676,"MOTOR VEHICLE IN TRANSPORT","37217","2022","December","Winter","02","Thursday","Weekday","No Injuries","No Fatalities"
9.99032036925927e-314,2022-12-15 02:47:00,2,2,0,NA,"Y","ANGLE","RAIN","DARK - NOT LIGHTED","NESBITT LN & N GRAYCROFT AV","MADISON","MADISO",36.27298,-86.72977,"MOTOR VEHICLE IN TRANSPORT","37115","2022","December","Winter","02","Thursday","Weekday","Injuries","No Fatalities"
9.9903203702474e-314,2022-12-15 02:45:00,1,1,0,NA,"N","NOT COLLISION W/MOTOR VEHICLE-TRANSPORT","RAIN","DARK - LIGHTED","MM 211 8 I 40","NASHVILLE","HERMIT",36.14903,-86.74643,"UTILITY POLE;CONCRETE TRAFFIC BARRIER","37210","2022","December","Winter","02","Thursday","Weekday","Injuries","No Fatalities"
9.99032037222367e-314,2022-12-15 02:53:00,1,0,0,NA,"N","NOT COLLISION W/MOTOR VEHICLE-TRANSPORT","RAIN","DARK - LIGHTED","BRILEY PKWYS & BRILEY PKWYN","NASHVILLE","NORTH",36.17562,-86.69238,"CONCRETE TRAFFIC BARRIER","37218","2022","December","Winter","02","Thursday","Weekday","No Injuries","No Fatalities"
9.99032037568212e-314,2022-12-15 03:01:00,2,2,0,NA,"N","ANGLE","RAIN","DARK - LIGHTED","2ND AVS & DEMONBREUN ST","NASHVILLE","CENTRA",36.15972,-86.77375,"MOTOR VEHICLE IN TRANSPORT","37201","2022","December","Winter","03","Thursday","Weekday","Injuries","No Fatalities"
9.99032037765839e-314,2022-12-15 02:50:00,2,0,0,NA,"Y","Front to Rear","RAIN","DARK - LIGHTED","COLLINS PARK DR & BELL RD","ANTIOCH","SOUTH",36.04603,-86.65795,"MOTOR VEHICLE IN TRANSPORT","37013","2022","December","Winter","02","Thursday","Weekday","No Injuries","No Fatalities"
9.99032038259904e-314,2022-12-15 03:00:00,1,0,0,NA,"N","NOT COLLISION W/MOTOR VEHICLE-TRANSPORT","RAIN","DARK - NOT LIGHTED","N NEW HOPE RD & MYRA DR","HERMITAGE","HERMIT",36.1791,-86.5823,"DITCH","37076","2022","December","Winter","03","Thursday","Weekday","No Injuries","No Fatalities"
9.99032039297442e-314,2022-12-15 02:42:00,2,0,0,NA,"Y","SIDESWIPE - SAME DIRECTION","RAIN","Dark-Unknown Lighting","BRILEY PKWYN & BRILEY PKWYS","NASHVILLE","SOUTH",36.15404,-86.85742,"MOTOR VEHICLE IN TRANSPORT","37211","2022","December","Winter","02","Thursday","Weekday","No Injuries","No Fatalities"
9.99032042163023e-314,2022-12-15 03:42:00,1,0,0,NA,"N","NOT COLLISION W/MOTOR VEHICLE-TRANSPORT","RAIN","DARK - LIGHTED","HERMITAGE AV & I40 W ENT RAMP","NASHVILLE","CENTRA",36.15484,-86.76256,"UTILITY POLE","37210","2022","December","Winter","03","Thursday","Weekday","No Injuries","No Fatalities"
9.99032042508869e-314,2022-12-15 03:35:00,2,0,0,NA,"N","Front to Rear","RAIN","DARK - NOT LIGHTED","S 11TH ST & HOLLY ST","NASHVILLE","EAST",36.17659,-86.75001,"MOTOR VEHICLE IN TRANSPORT","37206","2022","December","Winter","03","Thursday","Weekday","No Injuries","No Fatalities"
9.99032045325043e-314,2022-12-14 06:00:00,1,0,0,NA,"Y","NOT COLLISION W/MOTOR VEHICLE-TRANSPORT","RAIN","UNKNOWN","JAMES ROBERTSON PKWY ENT RAMP & MAIN ST","NASHVILLE","EAST",36.17293,-86.76659,"UTILITY POLE","37206","2022","December","Winter","06","Wednesday","Weekday","No Injuries","No Fatalities"
9.99032045522669e-314,2022-12-15 02:30:00,2,0,0,NA,"Y","HEAD-ON","RAIN","UNKNOWN","0 CORNELIA ST","NASHVILLE","HERMIT",36.13656,-86.72043,"MOTOR VEHICLE IN TRANSPORT","37217","2022","December","Winter","02","Thursday","Weekday","No Injuries","No Fatalities"
9.99032045819109e-314,2022-12-15 02:45:00,2,0,0,NA,"Y","HEAD-ON","RAIN","DARK - LIGHTED","RICHARDS RD & DELIA DR","ANTIOCH","SOUTH",36.06883,-86.6792,"MOTOR VEHICLE IN TRANSPORT","37013","2022","December","Winter","02","Thursday","Weekday","No Injuries","No Fatalities"
9.9903204695546e-314,2022-12-15 04:00:00,1,0,0,NA,"Y","NOT COLLISION W/MOTOR VEHICLE-TRANSPORT","RAIN","DARK - LIGHTED","ELLINGTON PKWY N ENT RAMP & MAIN ST","NASHVILLE","EAST",36.17218,-86.76592,"UTILITY POLE","37206","2022","December","Winter","04","Thursday","Weekday","No Injuries","No Fatalities"
9.99032050660952e-314,2022-12-15 04:38:00,2,0,0,NA,"Y","UNKNOWN","RAIN","DARK - LIGHTED","BRILEY PKWYS & BROOKVIEW DR","NASHVILLE","HERMIT",36.17866,-86.69561,"MOTOR VEHICLE IN TRANSPORT","37214","2022","December","Winter","04","Thursday","Weekday","No Injuries","No Fatalities"
9.99032052834841e-314,2022-12-15 00:30:00,2,0,0,NA,"Y","ANGLE","RAIN","DARK - LIGHTED","MURFREESBORO PKE & HOBSON PKE","ANTIOCH","SOUTH",36.04285,-86.60655,"MOTOR VEHICLE IN TRANSPORT","37013","2022","December","Winter","00","Thursday","Weekday","No Injuries","No Fatalities"
9.99032056935586e-314,2022-12-15 02:40:00,2,0,0,NA,"Y","HEAD-ON","RAIN","DARK - LIGHTED","FESSLERS LN & MURFREESBORO PKE","NASHVILLE","HERMIT",36.14255,-86.74447,"MOTOR VEHICLE IN TRANSPORT","37210","2022","December","Winter","02","Thursday","Weekday","No Injuries","No Fatalities"
9.99032058467189e-314,2022-12-15 05:57:00,1,0,0,NA,"N","NOT COLLISION W/MOTOR VEHICLE-TRANSPORT","RAIN","DARK - NOT LIGHTED","RADNOR ST & WINGATE AV","NASHVILLE","SOUTH",36.10463,-86.73599,"CULVERT;MAIL BOX","37211","2022","December","Winter","05","Thursday","Weekday","No Injuries","No Fatalities"
9.99032064198351e-314,2022-12-15 07:18:00,1,1,0,NA,"N","NOT COLLISION W/MOTOR VEHICLE-TRANSPORT","RAIN","DARK - NOT LIGHTED","MM 62 8 I 24","ANTIOCH","SOUTH",36.01131,-86.61689,"CONCRETE TRAFFIC BARRIER","37013","2022","December","Winter","07","Thursday","Weekday","Injuries","No Fatalities"
9.99030536695594e-314,2022-11-30 00:24:00,0,1,0,NA,"N","ANGLE","RAIN","DARK - LIGHTED","CHARLOTTE PKE & CABOT DR","NASHVILLE","WEST",36.12991,-86.9014,"MOTOR VEHICLE IN TRANSPORT","37209","2022","November","Fall","00","Wednesday","Weekday","Injuries","No Fatalities"
9.99030536942626e-314,2022-11-30 00:33:00,0,0,0,NA,"N","ANGLE","RAIN","DARK - LIGHTED","HARDING PL & BINKLEY DR","NASHVILLE","MIDTOW",36.07731,-86.73912,"MOTOR VEHICLE IN TRANSPORT","37211","2022","November","Fall","00","Wednesday","Weekday","No Injuries","No Fatalities"
9.99030537239066e-314,2022-11-30 00:39:00,0,0,0,NA,"N","NOT COLLISION W/MOTOR VEHICLE-TRANSPORT","RAIN","DARK - NOT LIGHTED","I40 E EXT RAMP & I 40","NASHVILLE","HERMIT",36.17001,-86.60644,"CONCRETE TRAFFIC BARRIER","37214","2022","November","Fall","00","Wednesday","Weekday","No Injuries","No Fatalities"