"Accident.Number","Date.and.Time","Number.of.Motor.Vehicles","Number.of.Injuries","Number.of.Fatalities","Property.Damage","Hit.and.Run","Collision.Type.Description","Weather.Description","Illumination.Description","Street.Address","City","Precinct","Latitude","Longitude","HarmfulDescriptions","Zip.Code","Year","Month","Season","Hour","Weekday","DayType","Accident","Fatality_category"
9.99030539264735e-314,2022-11-30 01:13:00,0,0,0,NA,"Y","ANGLE","RAIN","DARK - LIGHTED","EWING DR & GWYNNWOOD DR","NASHVILLE","NORTH",36.23151,-86.79245,"MOTOR VEHICLE IN TRANSPORT","37207","2022","November","Fall","01","Wednesday","Weekday","No Injuries","No Fatalities"
9.99030540302273e-314,2022-11-30 01:08:00,0,0,0,NA,"N","NOT COLLISION W/MOTOR VEHICLE-TRANSPORT","RAIN","DARK - NOT LIGHTED","GREER RD & GREER RD PVTDR","GOODLETTSVILLE","MADISO",36.3632,-86.7844,"CULVERT","37072","2022","November","Fall","01","Wednesday","Weekday","No Injuries","No Fatalities"
9.99030546626313e-314,2022-11-30 03:16:00,0,0,0,NA,"N","ANGLE","RAIN","DARK - LIGHTED","LEBANON PKE & MEDICAL DR","NASHVILLE","HERMIT",36.17648,-86.64556,"MOTOR VEHICLE IN TRANSPORT","37214","2022","November","Fall","03","Wednesday","Weekday","No Injuries","No Fatalities"
9.99030546774533e-314,2022-11-30 03:19:00,0,0,0,NA,"N","NOT COLLISION W/MOTOR VEHICLE-TRANSPORT","RAIN","DARK - LIGHTED","SMITH SPRINGS RD & UNA RECREATION RD","NASHVILLE","HERMIT",36.09637,-86.64361,"UTILITY POLE","37217","2022","November","Fall","03","Wednesday","Weekday","No Injuries","No Fatalities"
9.99030547663851e-314,2022-11-30 01:00:00,0,0,0,NA,"N","SIDESWIPE - SAME DIRECTION","RAIN","DARK - LIGHTED","I24 E EXT RAMP & I 24","NASHVILLE","NORTH",36.03865,-86.64799,"MOTOR VEHICLE IN TRANSPORT","37207","2022","November","Fall","01","Wednesday","Weekday","No Injuries","No Fatalities"
9.99030549640113e-314,2022-11-30 03:40:00,0,1,0,NA,"N","NOT COLLISION W/MOTOR VEHICLE-TRANSPORT","RAIN","DARK - LIGHTED","2100 BROADWAY","NASHVILLE","MIDTOW",36.14903,-86.79883,"UTILITY POLE","37203","2022","November","Fall","03","Wednesday","Weekday","Injuries","No Fatalities"
9.99030550776464e-314,2022-11-29 06:00:00,0,0,0,NA,"Y","Front to Rear","RAIN","DAYLIGHT","NOLENSVILLE PKE & RADNOR ST","NASHVILLE","SOUTH",36.10487,-86.74212,"MOTOR VEHICLE IN TRANSPORT","37211","2022","November","Fall","06","Tuesday","Weekday","No Injuries","No Fatalities"
9.99030550825871e-314,2022-11-30 03:53:00,0,0,0,NA,"N","NOT COLLISION W/MOTOR VEHICLE-TRANSPORT","RAIN","DARK - LIGHTED","MM 216 0 I 40","NASHVILLE","HERMIT",36.14197,-86.67771,"WALL","37217","2022","November","Fall","03","Wednesday","Weekday","No Injuries","No Fatalities"
9.99030551715189e-314,2022-11-29 06:00:00,0,0,0,NA,"N","SIDESWIPE - SAME DIRECTION","RAIN","DARK - LIGHTED","MM 94 0 I 65","GOODLETTSVILLE","MADISO",36.28775,-86.72591,"MOTOR VEHICLE IN TRANSPORT","37072","2022","November","Fall","06","Tuesday","Weekday","No Injuries","No Fatalities"
9.99030553889078e-314,2022-11-30 03:04:00,0,0,0,NA,"N","Front to Rear","RAIN","DARK - LIGHTED","ANDERSON RD & OWENDALE DR","NASHVILLE","HERMIT",36.07387,-86.62351,"MOTOR VEHICLE IN TRANSPORT","37217","2022","November","Fall","03","Wednesday","Weekday","No Injuries","No Fatalities"
9.99030556211187e-314,2022-11-30 03:13:00,0,0,0,NA,"Y","ANGLE","RAIN","DARK - LIGHTED","BELL RD & LINCOYA BAY DR","NASHVILLE","HERMIT",36.14551,-86.62619,"MOTOR VEHICLE IN TRANSPORT","37214","2022","November","Fall","03","Wednesday","Weekday","No Injuries","No Fatalities"
9.99030557545164e-314,2022-11-30 04:21:00,0,0,0,NA,"Y","SIDESWIPE - OPPOSITE DIRECTION","RAIN","DARK - LIGHTED","CHARLOTTE AV & GEORGE L DAVIS BLVD","NASHVILLE","CENTRA",36.16113,-86.79284,"MOTOR VEHICLE IN TRANSPORT","37203","2022","November","Fall","04","Wednesday","Weekday","No Injuries","No Fatalities"
9.9903055789101e-314,2022-11-30 04:50:00,0,0,0,NA,"N","NOT COLLISION W/MOTOR VEHICLE-TRANSPORT","RAIN","DARK - LIGHTED","EZELL PKE & ANTIOCH PKE","NASHVILLE","SOUTH",36.08344,-86.68909,"UTILITY POLE;Ran Off Road-Right","37211","2022","November","Fall","04","Wednesday","Weekday","No Injuries","No Fatalities"
9.99030558632108e-314,2022-11-30 04:51:00,0,0,0,NA,"N","NOT COLLISION W/MOTOR VEHICLE-TRANSPORT","RAIN","DARK - NOT LIGHTED","OLD FRANKLIN RD & MT VIEW RD","ANTIOCH","SOUTH",36.04352,-86.6309,"DITCH","37013","2022","November","Fall","04","Wednesday","Weekday","No Injuries","No Fatalities"
9.99030559224987e-314,2022-11-30 05:13:00,1,0,0,NA,"N","NOT COLLISION W/MOTOR VEHICLE-TRANSPORT","RAIN","DARK - LIGHTED","MM 56 0 I 24","NASHVILLE","SOUTH",36.08231,-86.69785,"DITCH","37211","2022","November","Fall","05","Wednesday","Weekday","No Injuries","No Fatalities"
9.9903056248582e-314,2022-11-30 01:10:00,0,0,0,NA,"Y","SIDESWIPE - OPPOSITE DIRECTION","RAIN","DARK - LIGHTED","525 OWENDALE DR","NASHVILLE","HERMIT",36.0794,-86.62183,"MOTOR VEHICLE IN TRANSPORT","37217","2022","November","Fall","01","Wednesday","Weekday","No Injuries","No Fatalities"
9.99030563029292e-314,2022-11-30 05:38:00,0,1,0,NA,"N","OTHER","RAIN","DARK - LIGHTED","MM 47 0 I 24","NASHVILLE","CENTRA",36.1892,-86.77539,"MOTOR VEHICLE IN TRANSPORT","37207","2022","November","Fall","05","Wednesday","Weekday","Injuries","No Fatalities"
9.99030565005555e-314,2022-11-30 06:06:00,0,0,0,NA,"Y","NOT COLLISION W/MOTOR VEHICLE-TRANSPORT","RAIN","DARK - LIGHTED","MM 216 2 I 40","NASHVILLE","HERMIT",36.14181,-86.67241,"CONCRETE TRAFFIC BARRIER","37214","2022","November","Fall","06","Wednesday","Weekday","No Injuries","No Fatalities"
9.99030567080631e-314,2022-11-30 06:34:00,0,0,0,NA,"N","NOT COLLISION W/MOTOR VEHICLE-TRANSPORT","RAIN","DARK - LIGHTED","MM 75 2 I 65","BRENTWOOD","MIDTOW",36.04708,-86.77711,"EMBANKMENT ROCK/STONE/CONCRETE","37027","2022","November","Fall","06","Wednesday","Weekday","No Injuries","No Fatalities"
9.99030568019355e-314,2022-11-30 04:42:00,0,0,0,NA,"Y","SIDESWIPE - SAME DIRECTION","RAIN","DARK - LIGHTED","BELL RD & I24 W ENT RAMP","ANTIOCH","SOUTH",36.04542,-86.65875,"MOTOR VEHICLE IN TRANSPORT","37013","2022","November","Fall","04","Wednesday","Weekday","No Injuries","No Fatalities"
9.99030568661641e-314,2022-11-30 06:00:00,0,1,0,NA,"N","NOT COLLISION W/MOTOR VEHICLE-TRANSPORT","RAIN","DARK - LIGHTED","MM 52 8 I 24","NASHVILLE","SOUTH",36.12057,-86.72701,"BOULDER;Ran Off Road-Right","37210","2022","November","Fall","06","Wednesday","Weekday","Injuries","No Fatalities"
9.99030573552891e-314,2022-11-30 06:00:00,0,0,0,NA,"Y","NOT COLLISION W/MOTOR VEHICLE-TRANSPORT","RAIN","DARK - LIGHTED","ELLISTON ST & DONELSON AV","OLD HICKORY","HERMIT",36.26396,-86.64972,"OTHER FIXED OBJECTS","37138","2022","November","Fall","06","Wednesday","Weekday","No Injuries","No Fatalities"
9.99030577801855e-314,2022-11-30 06:00:00,0,1,0,NA,"N","NOT COLLISION W/MOTOR VEHICLE-TRANSPORT","RAIN","DARK - LIGHTED","MM 62 0 I 24","ANTIOCH","SOUTH",36.02035,-86.62741,"OTHER OBJECT (NOT FIXED)","37013","2022","November","Fall","06","Wednesday","Weekday","Injuries","No Fatalities"
9.99030585311653e-314,2022-11-30 06:00:00,0,2,0,NA,"N","SIDESWIPE - OPPOSITE DIRECTION","RAIN","DAYLIGHT","HOBSON PKE & OLD HICKORY BLVD","ANTIOCH","SOUTH",36.03599,-86.61113,"MOTOR VEHICLE IN TRANSPORT","37013","2022","November","Fall","06","Wednesday","Weekday","Injuries","No Fatalities"
9.99030666783078e-314,2022-12-02 01:30:00,0,0,0,NA,"N","SIDESWIPE - SAME DIRECTION","RAIN","Dark-Unknown Lighting","STONE RUN DR & HOLT CREEK CT","NASHVILLE","MIDTOW",36.01041,-86.7238,"MOTOR VEHICLE IN TRANSPORT;PARKED MOTOR VEHICLE","37211","2022","December","Winter","01","Friday","Weekday","No Injuries","No Fatalities"
9.99030857492417e-314,2022-12-02 06:00:00,0,1,0,NA,"N","NOT COLLISION W/MOTOR VEHICLE-TRANSPORT","RAIN","DARK - LIGHTED","BRILEY PKWYW & BRILEY PKWYE","NASHVILLE","NORTH",36.23498,-86.70335,"CONCRETE TRAFFIC BARRIER","37218","2022","December","Winter","06","Friday","Weekday","Injuries","No Fatalities"
9.99030861939008e-314,2022-12-02 06:00:00,0,0,0,NA,"N","ANGLE","RAIN","DARK - LIGHTED","W TRINITY LN & OLD MATTHEWS RD","NASHVILLE","NORTH",36.20826,-86.78903,"MOTOR VEHICLE IN TRANSPORT","37207","2022","December","Winter","06","Friday","Weekday","No Injuries","No Fatalities"
9.99030862680107e-314,2022-12-03 00:05:00,0,0,0,NA,"Y","Front to Rear","RAIN","DARK - LIGHTED","MURFREESBORO PKE & BRITISH WOODS DR","NASHVILLE","SOUTH",36.09204,-86.65176,"MOTOR VEHICLE IN TRANSPORT","37217","2022","December","Winter","00","Saturday","Weekend","No Injuries","No Fatalities"
9.99030865249248e-314,2022-12-02 06:00:00,0,1,0,NA,"Y","NOT COLLISION W/MOTOR VEHICLE-TRANSPORT","RAIN","DARK - LIGHTED","BROADWAY & 11TH AVN","NASHVILLE","CENTRA",36.15673,-86.78714,"PEDESTRIAN","37203","2022","December","Winter","06","Friday","Weekday","Injuries","No Fatalities"
9.99030868164235e-314,2022-12-02 06:00:00,0,1,0,NA,"Y","NOT COLLISION W/MOTOR VEHICLE-TRANSPORT","RAIN","DARK - NOT LIGHTED","BONNACROFT DR & BONNAOAKS DR","HERMITAGE","HERMIT",36.1987,-86.62621,"PEDESTRIAN","37076","2022","December","Winter","06","Friday","Weekday","Injuries","No Fatalities"
9.9903086910296e-314,2022-12-03 01:25:00,0,0,0,NA,"Y","Front to Rear","RAIN","DARK - LIGHTED","CHARLOTTE PKE & CHARLOTTE ROAD CIR","NASHVILLE","WEST",36.1432,-86.8742,"MOTOR VEHICLE IN TRANSPORT","37209","2022","December","Winter","01","Saturday","Weekend","No Injuries","No Fatalities"
9.9903086925118e-314,2022-12-03 01:40:00,0,0,0,NA,"N","Front to Rear","RAIN","Dark-Unknown Lighting","CHARLOTTE PKE & CEDAR CREST DR","NASHVILLE","WEST",36.11943,-86.91923,"MOTOR VEHICLE IN TRANSPORT","37209","2022","December","Winter","01","Saturday","Weekend","No Injuries","No Fatalities"
9.99030870239311e-314,2022-12-03 02:19:00,0,0,0,NA,"N","ANGLE","RAIN","DAYLIGHT","MAIN ST & N 6TH ST","NASHVILLE","EAST",36.17413,-86.76197,"MOTOR VEHICLE IN TRANSPORT","37206","2022","December","Winter","02","Saturday","Weekend","No Injuries","No Fatalities"
9.99030872017947e-314,2022-12-03 03:14:00,0,1,0,NA,"N","ANGLE","RAIN","DARK - LIGHTED","GALLATIN PKE & IVERSON AV","NASHVILLE","EAST",36.20808,-86.7352,"MOTOR VEHICLE IN TRANSPORT;PARKED MOTOR VEHICLE;FENCE","37216","2022","December","Winter","03","Saturday","Weekend","Injuries","No Fatalities"
9.99030872462606e-314,2022-12-03 02:57:00,0,0,0,NA,"N","Front to Rear","RAIN","DARK - LIGHTED","13TH AVS & MCGAVOCK ST","NASHVILLE","CENTRA",36.15499,-86.78821,"MOTOR VEHICLE IN TRANSPORT","37203","2022","December","Winter","02","Saturday","Weekend","No Injuries","No Fatalities"
9.9903087858902e-314,2022-12-03 03:50:00,0,0,0,NA,"N","Front to Rear","RAIN","DARK - LIGHTED","MM 40 8 I 24","WHITES CREEK","NORTH",36.27374,-86.79624,"MOTOR VEHICLE IN TRANSPORT","37189","2022","December","Winter","03","Saturday","Weekend","No Injuries","No Fatalities"
9.99030881504008e-314,2022-12-03 04:39:00,0,2,0,NA,"N","Front to Rear","RAIN","DARK - NOT LIGHTED","OLD HICKORY BLVD & THE RESERVE PVTDR","NASHVILLE","WEST",36.08787,-86.92073,"MOTOR VEHICLE IN TRANSPORT","37221","2022","December","Winter","04","Saturday","Weekend","Injuries","No Fatalities"
9.99030882245106e-314,2022-12-03 04:40:00,0,0,0,NA,"N","ANGLE","RAIN","DARK - LIGHTED","BELL RD & BLUE HOLE RD","ANTIOCH","SOUTH",36.04595,-86.67533,"MOTOR VEHICLE IN TRANSPORT","37013","2022","December","Winter","04","Saturday","Weekend","No Injuries","No Fatalities"
9.99030882640359e-314,2022-12-03 05:00:00,0,0,0,NA,"N","UNKNOWN","RAIN","DARK - NOT LIGHTED","HARPETH BEND DR & HAMPSHIRE PL","NASHVILLE","WEST",36.0609,-86.92434,"UNKNOWN MOST HARMFUL EVENT","37221","2022","December","Winter","05","Saturday","Weekend","No Injuries","No Fatalities"
9.99030884122556e-314,2022-12-03 03:49:00,0,1,0,NA,"Y","Front to Rear","RAIN","DARK - LIGHTED","I24 E ENT RAMP & I 440","NASHVILLE","SOUTH",36.12516,-86.73323,"MOTOR VEHICLE IN TRANSPORT","37210","2022","December","Winter","03","Saturday","Weekend","Injuries","No Fatalities"
9.99030885752972e-314,2022-12-03 04:50:00,0,0,0,NA,"Y","Front to Rear","RAIN","DARK - LIGHTED","ELLINGTON PKWY N ENT RAMP & ELLINGTON PK","NASHVILLE","EAST",36.17706,-86.76475,"MOTOR VEHICLE IN TRANSPORT","37206","2022","December","Winter","04","Saturday","Weekend","No Injuries","No Fatalities"
9.99030888075081e-314,2022-12-03 05:43:00,0,0,0,NA,"N","ANGLE","RAIN","DARK - LIGHTED","17TH AVE S & US HWY 431","NASHVILLE","MIDTOW",36.15323,-86.79399,"MOTOR VEHICLE IN TRANSPORT","37203","2022","December","Winter","05","Saturday","Weekend","No Injuries","No Fatalities"
9.99030889853717e-314,2022-12-03 05:30:00,0,0,0,NA,"Y","Front to Rear","RAIN","DARK - LIGHTED","S 1ST ST & WOODLAND ST","NASHVILLE","CENTRA",36.16905,-86.77224,"MOTOR VEHICLE IN TRANSPORT","37213","2022","December","Winter","05","Saturday","Weekend","No Injuries","No Fatalities"
9.99030892719298e-314,2022-12-03 06:52:00,0,0,0,NA,"Y","UNKNOWN","RAIN","DARK - NOT LIGHTED","MM 198 7 I 40","NASHVILLE","WEST",36.10616,-86.92947,"UNKNOWN MOST HARMFUL EVENT","37221","2022","December","Winter","06","Saturday","Weekend","No Injuries","No Fatalities"
9.99030897363515e-314,2022-12-03 08:10:00,0,0,0,NA,"N","NOT COLLISION W/MOTOR VEHICLE-TRANSPORT","RAIN","DARK - LIGHTED","MM 219 2 I 40","NASHVILLE","HERMIT",36.15755,-86.62612,"GUARDRAIL END","37214","2022","December","Winter","08","Saturday","Weekend","No Injuries","No Fatalities"
9.99030898549273e-314,2022-12-03 08:40:00,0,1,0,NA,"N","Front to Rear","RAIN","DARK - LIGHTED","MM 59 0 I 24","ANTIOCH","SOUTH",36.04848,-86.66467,"MOTOR VEHICLE IN TRANSPORT","37013","2022","December","Winter","08","Saturday","Weekend","Injuries","No Fatalities"
9.99030898697492e-314,2022-12-03 08:44:00,0,2,0,NA,"N","NOT COLLISION W/MOTOR VEHICLE-TRANSPORT","RAIN","DARK - LIGHTED","PEABODY ST & 7TH AVS","NASHVILLE","CENTRA",36.15431,-86.77779,"UTILITY POLE","37203","2022","December","Winter","08","Saturday","Weekend","Injuries","No Fatalities"
9.99030899537404e-314,2022-12-03 09:01:00,0,0,0,NA,"N","NOT COLLISION W/MOTOR VEHICLE-TRANSPORT","RAIN","DARK - LIGHTED","LINBAR DR & LUNA DR","NASHVILLE","SOUTH",36.08021,-86.69768,"CURB","37211","2022","December","Winter","09","Saturday","Weekend","No Injuries","No Fatalities"
9.9903089958681e-314,2022-12-03 09:00:00,1,2,0,NA,"Y","NOT COLLISION W/MOTOR VEHICLE-TRANSPORT","RAIN","DARK - LIGHTED","HOUSTON ST & PILLOW ST","NASHVILLE","MIDTOW",36.14277,-86.76596,"PEDESTRIAN","37203","2022","December","Winter","09","Saturday","Weekend","Injuries","No Fatalities"
9.9903089988325e-314,2022-12-03 09:22:00,0,0,0,NA,"N","HEAD-ON","RAIN","DARK - LIGHTED","LINBAR DR & LUNA DR","NASHVILLE","SOUTH",36.08081,-86.69807,"MOTOR VEHICLE IN TRANSPORT","37211","2022","December","Winter","09","Saturday","Weekend","No Injuries","No Fatalities"
9.99030900179689e-314,2022-12-03 09:28:00,0,1,0,NA,"N","ANGLE","RAIN","DARK - LIGHTED","STEWARTS FERRY PKE & PERCY PRIEST DR","NASHVILLE","HERMIT",36.1539,-86.62564,"MOTOR VEHICLE IN TRANSPORT","37214","2022","December","Winter","09","Saturday","Weekend","Injuries","No Fatalities"
9.99030901118414e-314,2022-12-03 09:25:00,0,0,0,NA,"Y","SIDESWIPE - SAME DIRECTION","RAIN","DARK - LIGHTED","HARDING PL & ANTIOCH PKE","NASHVILLE","SOUTH",36.0872,-86.69277,"MOTOR VEHICLE IN TRANSPORT","37211","2022","December","Winter","09","Saturday","Weekend","No Injuries","No Fatalities"
9.99030901217227e-314,2022-12-03 10:13:00,0,1,0,NA,"N","NOT COLLISION W/MOTOR VEHICLE-TRANSPORT","RAIN","DARK - LIGHTED","I24 W ENT RAMP & I 24","NASHVILLE","EAST",36.17076,-86.76741,"CONCRETE TRAFFIC BARRIER","37206","2022","December","Winter","10","Saturday","Weekend","Injuries","No Fatalities"
9.99030902353578e-314,2022-12-03 10:30:00,0,0,0,NA,"N","SIDESWIPE - OPPOSITE DIRECTION","RAIN","DARK - LIGHTED","BRILEY PKWY S EXT RAMP & BRILEY PKWYS","NASHVILLE","HERMIT",36.11831,-86.70032,"MOTOR VEHICLE IN TRANSPORT","37214","2022","December","Winter","10","Saturday","Weekend","No Injuries","No Fatalities"
9.99030902501798e-314,2022-12-03 10:33:00,0,0,0,NA,"N","Front to Rear","RAIN","DARK - LIGHTED","MM 211 7 I 40","NASHVILLE","HERMIT",36.15,-86.74817,"MOTOR VEHICLE IN TRANSPORT","37210","2022","December","Winter","10","Saturday","Weekend","No Injuries","No Fatalities"
9.99030903341709e-314,2022-12-03 06:00:00,0,0,0,NA,"N","Front to Rear","RAIN","DARK - LIGHTED","MM 212 1 I 40","NASHVILLE","HERMIT",36.14671,-86.74284,"MOTOR VEHICLE IN TRANSPORT","37210","2022","December","Winter","06","Saturday","Weekend","No Injuries","No Fatalities"
9.99031453977872e-314,2022-12-09 00:55:00,0,1,0,NA,"Y","Front to Rear","RAIN","DARK - NOT LIGHTED","OLD HICKORY BLVD & OLD LEBANON DIRT RD","HERMITAGE","HERMIT",36.19038,-86.61496,"MOTOR VEHICLE IN TRANSPORT","37076","2022","December","Winter","00","Friday","Weekday","Injuries","No Fatalities"
9.99031455015409e-314,2022-12-09 01:00:00,0,0,0,NA,"N","SIDESWIPE - SAME DIRECTION","RAIN","DARK - NOT LIGHTED","MM 38 2 I 24","WHITES CREEK","NORTH",36.30622,-86.81725,"MOTOR VEHICLE IN TRANSPORT","37189","2022","December","Winter","01","Friday","Weekday","No Injuries","No Fatalities"
9.9903110625447e-314,2022-12-04 07:30:00,0,0,0,NA,"Y","NOT COLLISION W/MOTOR VEHICLE-TRANSPORT","RAIN","DARK - LIGHTED","188 ST EDWARDS DR","NASHVILLE","SOUTH",36.11144,-86.73784,"FIRE HYDRANT","37211","2022","December","Winter","07","Sunday","Weekend","No Injuries","No Fatalities"
9.99031119396616e-314,2022-12-06 00:05:00,0,1,0,NA,"N","ANGLE","RAIN","DARK - LIGHTED","CLEVELAND ST & JOSEPH AV","NASHVILLE","EAST",36.18732,-86.77207,"MOTOR VEHICLE IN TRANSPORT","37207","2022","December","Winter","00","Tuesday","Weekday","Injuries","No Fatalities"
9.99031121422285e-314,2022-12-06 00:31:00,0,1,0,NA,"N","NOT COLLISION W/MOTOR VEHICLE-TRANSPORT","RAIN","DARK - NOT LIGHTED","OLD HICKORY BLVD & I40 W EXT RAMP","HERMITAGE","HERMIT",36.17082,-86.60155,"GUARDRAIL FACE","37076","2022","December","Winter","00","Tuesday","Weekday","Injuries","No Fatalities"
9.9903112250923e-314,2022-12-06 00:45:00,0,0,0,NA,"N","SIDESWIPE - SAME DIRECTION","RAIN","DARK - LIGHTED","BRILEY PKWYN & BRILEY PKWYS","NASHVILLE","SOUTH",36.15533,-86.69201,"MOTOR VEHICLE IN TRANSPORT","37211","2022","December","Winter","00","Tuesday","Weekday","No Injuries","No Fatalities"
9.99031126115909e-314,2022-12-06 00:11:00,0,0,0,NA,"N","ANGLE","RAIN","DARK - LIGHTED","HARDING PKE & PAGE RD","NASHVILLE","WEST",36.10013,-86.87121,"MOTOR VEHICLE IN TRANSPORT","37205","2022","December","Winter","00","Tuesday","Weekday","No Injuries","No Fatalities"
9.9903112883327e-314,2022-12-06 01:48:00,2,0,0,NA,"Y","Rear to Side","RAIN","DARK - LIGHTED","MCFERRIN AV & W EASTLAND AV","NASHVILLE","EAST",36.18489,-86.75442,"PARKED MOTOR VEHICLE","37206","2022","December","Winter","01","Tuesday","Weekday","No Injuries","No Fatalities"
9.99031129673182e-314,2022-12-06 02:25:00,0,3,0,NA,"N","Front to Rear","RAIN","DARK - NOT LIGHTED","I40 E EXT RAMP & I 40","NASHVILLE","HERMIT",36.16938,-86.60657,"MOTOR VEHICLE IN TRANSPORT;CONCRETE TRAFFIC BARRIER","37214","2022","December","Winter","02","Tuesday","Weekday","Injuries","No Fatalities"
9.99031131402411e-314,2022-12-05 06:00:00,0,0,0,NA,"N","SIDESWIPE - SAME DIRECTION","RAIN","Dark-Unknown Lighting","BILLINGSGATE RD & EVERSHOLT CT","ANTIOCH","SOUTH",36.07778,-86.66668,"MOTOR VEHICLE IN TRANSPORT;PARKED MOTOR VEHICLE","37013","2022","December","Winter","06","Monday","Weekday","No Injuries","No Fatalities"
9.99031132785795e-314,2022-12-06 03:05:00,0,0,0,NA,"Y","SIDESWIPE - SAME DIRECTION","RAIN","DARK - LIGHTED","MM 209 4 I 40","NASHVILLE","CENTRA",36.15197,-86.78663,"MOTOR VEHICLE IN TRANSPORT","37203","2022","December","Winter","03","Tuesday","Weekday","No Injuries","No Fatalities"
9.99031132835202e-314,2022-12-06 03:20:00,0,0,0,NA,"N","NOT COLLISION W/MOTOR VEHICLE-TRANSPORT","RAIN","DARK - NOT LIGHTED","SHUTE LN & MEADOWGREEN DR","HERMITAGE","HERMIT",36.21731,-86.60457,"DITCH","37076","2022","December","Winter","03","Tuesday","Weekday","No Injuries","No Fatalities"
9.99031133477487e-314,2022-12-06 02:30:00,0,0,0,NA,"Y","SIDESWIPE - SAME DIRECTION","RAIN","DARK - NOT LIGHTED","BRILEY PKWYN & BRILEY PKWYS","NASHVILLE","SOUTH",36.22459,-86.69435,"MOTOR VEHICLE IN TRANSPORT","37211","2022","December","Winter","02","Tuesday","Weekday","No Injuries","No Fatalities"
9.99031135009091e-314,2022-12-06 03:40:00,0,2,0,NA,"N","NOT COLLISION W/MOTOR VEHICLE-TRANSPORT","RAIN","DARK - LIGHTED","18TH AVS & WEST END AV","NASHVILLE","MIDTOW",36.15301,-86.796,"PEDESTRIAN","37203","2022","December","Winter","03","Tuesday","Weekday","Injuries","No Fatalities"
9.99031135058497e-314,2022-12-06 02:44:00,0,0,0,NA,"N","NOT COLLISION W/MOTOR VEHICLE-TRANSPORT","RAIN","DARK - NOT LIGHTED","SMITH SPRINGS RD & UNA RECREATION RD","NASHVILLE","HERMIT",36.09679,-86.64538,"GUARDRAIL FACE","37217","2022","December","Winter","02","Tuesday","Weekday","No Injuries","No Fatalities"
9.99031137726452e-314,2022-12-05 06:00:00,0,0,0,NA,"Y","SIDESWIPE - SAME DIRECTION","RAIN","DARK - LIGHTED","MM 54 0 I 24","NASHVILLE","SOUTH",36.10668,-86.71904,"MOTOR VEHICLE IN TRANSPORT","37211","2022","December","Winter","06","Monday","Weekday","No Injuries","No Fatalities"
9.99031139060429e-314,2022-12-06 04:24:00,0,1,0,NA,"N","NOT COLLISION W/MOTOR VEHICLE-TRANSPORT","RAIN","DARK - NOT LIGHTED","MM 200 6 I 40","NASHVILLE","WEST",36.12589,-86.90454,"GUARDRAIL FACE","37209","2022","December","Winter","04","Tuesday","Weekday","Injuries","No Fatalities"
9.99031145384469e-314,2022-12-06 03:50:00,0,1,0,NA,"N","NOT COLLISION W/MOTOR VEHICLE-TRANSPORT","RAIN","Dark-Unknown Lighting","31ST AVN & PARTHENON AV","NASHVILLE","MIDTOW",36.14905,-86.81672,"","37203","2022","December","Winter","03","Tuesday","Weekday","Injuries","No Fatalities"
9.99031154969343e-314,2022-12-06 06:29:00,0,2,0,NA,"N","ANGLE","RAIN","DARK - LIGHTED","MURFREESBORO PKE & HOBSON PKE","ANTIOCH","SOUTH",36.04285,-86.60655,"MOTOR VEHICLE IN TRANSPORT","37013","2022","December","Winter","06","Tuesday","Weekday","Injuries","No Fatalities"
9.99031157093825e-314,2022-12-06 06:30:00,0,1,0,NA,"N","REAR-TO-REAR","RAIN","DARK - NOT LIGHTED","MM 212 5 I 40","NASHVILLE","HERMIT",36.14273,-86.73587,"MOTOR VEHICLE IN TRANSPORT","37210","2022","December","Winter","06","Tuesday","Weekday","Injuries","No Fatalities"
9.99031158477209e-314,2022-12-06 07:20:00,0,2,0,NA,"N","NOT COLLISION W/MOTOR VEHICLE-TRANSPORT","RAIN","DARK - LIGHTED","MM 92 4 I 65","MADISON","MADISO",36.2674,-86.73698,"GUARDRAIL FACE","37115","2022","December","Winter","07","Tuesday","Weekday","Injuries","No Fatalities"
9.99031158674835e-314,2022-12-06 07:29:00,0,1,0,NA,"N","NOT COLLISION W/MOTOR VEHICLE-TRANSPORT","RAIN","DARK - LIGHTED","MM 55 4 I 24","NASHVILLE","SOUTH",36.09012,-86.70312,"","37211","2022","December","Winter","07","Tuesday","Weekday","Injuries","No Fatalities"
9.99031166431666e-314,2022-12-06 11:30:00,0,0,0,NA,"N","ANGLE","RAIN","DARK - LIGHTED","MM 86 2 I 65","NASHVILLE","CENTRA",36.19195,-86.78194,"MOTOR VEHICLE IN TRANSPORT","37207","2022","December","Winter","11","Tuesday","Weekday","No Injuries","No Fatalities"
9.99031167419797e-314,2022-12-06 11:45:00,0,1,0,NA,"N","ANGLE","RAIN","DARK - LIGHTED","ROSA L PARKS BLVD & ROSA L PARKS AV","NASHVILLE","CENTRA",36.16158,-86.78389,"MOTOR VEHICLE IN TRANSPORT","37203","2022","December","Winter","11","Tuesday","Weekday","Injuries","No Fatalities"
9.9903116909962e-314,2022-12-06 12:30:00,0,2,0,NA,"N","NOT COLLISION W/MOTOR VEHICLE-TRANSPORT","RAIN","DAYLIGHT","BRILEY PKWYW & BRILEY PKWYE","NASHVILLE","NORTH",36.23587,-86.72644,"CONCRETE TRAFFIC BARRIER","37218","2022","December","Winter","12","Tuesday","Weekday","Injuries","No Fatalities"