"Accident.Number","Date.and.Time","Number.of.Motor.Vehicles","Number.of.Injuries","Number.of.Fatalities","Property.Damage","Hit.and.Run","Collision.Type.Description","Weather.Description","Illumination.Description","Street.Address","City","Precinct","Latitude","Longitude","HarmfulDescriptions","Zip.Code","Year","Month","Season","Hour","Weekday","DayType","Accident","Fatality_category"
9.99031169890125e-314,2022-12-06 12:41:00,0,0,0,NA,"N","ANGLE","RAIN","DAYLIGHT","REELFOOT DR & BELL RD","NASHVILLE","HERMIT",36.13628,-86.62996,"MOTOR VEHICLE IN TRANSPORT","37214","2022","December","Winter","12","Tuesday","Weekday","No Injuries","No Fatalities"
9.99031170334784e-314,2022-12-06 12:40:00,0,1,0,NA,"N","NOT COLLISION W/MOTOR VEHICLE-TRANSPORT","RAIN","DAYLIGHT","I24 W ENT RAMP & I 40","NASHVILLE","HERMIT",36.15312,-86.76475,"CONCRETE TRAFFIC BARRIER","37217","2022","December","Winter","12","Tuesday","Weekday","Injuries","No Fatalities"
9.99031171668762e-314,2022-12-06 11:45:00,0,0,0,NA,"N","SIDESWIPE - SAME DIRECTION","RAIN","DAWN","MM 87 0 I 65","NASHVILLE","EAST",36.20271,-86.77686,"MOTOR VEHICLE IN TRANSPORT","37207","2022","December","Winter","11","Tuesday","Weekday","No Injuries","No Fatalities"
9.99031171718168e-314,2022-12-06 12:01:00,0,0,0,NA,"N","SIDESWIPE - SAME DIRECTION","RAIN","DAWN","MM 87 1 I 65","NASHVILLE","EAST",36.20454,-86.77671,"MOTOR VEHICLE IN TRANSPORT","37207","2022","December","Winter","12","Tuesday","Weekday","No Injuries","No Fatalities"
9.99031177548143e-314,2022-12-06 06:00:00,0,1,0,NA,"N","NOT COLLISION W/MOTOR VEHICLE-TRANSPORT","RAIN","DAYLIGHT","BRILEY PKWYN & MUSIC VALLEY DR","NASHVILLE","HERMIT",36.22876,-86.69776,"CONCRETE TRAFFIC BARRIER","37214","2022","December","Winter","06","Tuesday","Weekday","Injuries","No Fatalities"
9.9903123051198e-314,2022-12-07 00:18:00,0,1,0,NA,"Y","ANGLE","RAIN","DARK - LIGHTED","MURFREESBORO PKE & MCGAVOCK PKE","NASHVILLE","SOUTH",36.11652,-86.69759,"MOTOR VEHICLE IN TRANSPORT","37217","2022","December","Winter","00","Wednesday","Weekday","Injuries","No Fatalities"
9.9903123352578e-314,2022-12-07 01:02:00,0,2,0,NA,"N","ANGLE","RAIN","DARK - LIGHTED","0 HARDING PL","NASHVILLE","SOUTH",36.08966,-86.68846,"MOTOR VEHICLE IN TRANSPORT;MOTOR VEHICLE IN TRANSPORT","37211","2022","December","Winter","01","Wednesday","Weekday","Injuries","No Fatalities"
9.99031242221336e-314,2022-12-07 02:30:00,0,0,0,NA,"Y","ANGLE","RAIN","DARK - LIGHTED","MURFREESBORO PKE & PHILFRE CT","NASHVILLE","SOUTH",36.12776,-86.71248,"MOTOR VEHICLE IN TRANSPORT;PARKED MOTOR VEHICLE","37211","2022","December","Winter","02","Wednesday","Weekday","No Injuries","No Fatalities"
9.99031242517775e-314,2022-12-07 02:51:00,0,1,0,NA,"Y","NOT COLLISION W/MOTOR VEHICLE-TRANSPORT","RAIN","DARK - LIGHTED","LEBANON PKE & TYLER DR","HERMITAGE","HERMIT",36.20135,-86.61765,"PEDESTRIAN","37076","2022","December","Winter","02","Wednesday","Weekday","Injuries","No Fatalities"
9.99031244345818e-314,2022-12-07 02:45:00,0,0,0,NA,"Y","HEAD-ON","RAIN","DARK - LIGHTED","GREEN ST & FAIRFIELD AV","NASHVILLE","HERMIT",36.15276,-86.75692,"MOTOR VEHICLE IN TRANSPORT","37210","2022","December","Winter","02","Wednesday","Weekday","No Injuries","No Fatalities"
9.99031245828015e-314,2022-12-07 03:10:00,0,0,0,NA,"Y","Front to Rear","RAIN","DARK - LIGHTED","MURFREESBORO PKE & FOREST VIEW DR","ANTIOCH","SOUTH",36.06711,-86.63093,"MOTOR VEHICLE IN TRANSPORT","37013","2022","December","Winter","03","Wednesday","Weekday","No Injuries","No Fatalities"
9.99031246865553e-314,2022-12-06 06:00:00,0,2,0,NA,"N","NOT COLLISION W/MOTOR VEHICLE-TRANSPORT","RAIN","DARK - NOT LIGHTED","MM 77 2 I 65","NASHVILLE","MIDTOW",36.07403,-86.76908,"GUARDRAIL FACE;WALL","37220","2022","December","Winter","06","Tuesday","Weekday","Injuries","No Fatalities"
9.99031248940629e-314,2022-12-07 02:00:00,0,0,0,NA,"Y","SIDESWIPE - SAME DIRECTION","RAIN","DARK - LIGHTED","MURFREESBORO PKE & MOUNTAIN SPRINGS RD","ANTIOCH","SOUTH",36.04784,-86.61205,"PARKED MOTOR VEHICLE","37013","2022","December","Winter","02","Wednesday","Weekday","No Injuries","No Fatalities"
9.9903124963232e-314,2022-12-06 06:00:00,0,1,0,NA,"N","NOT COLLISION W/MOTOR VEHICLE-TRANSPORT","RAIN","DARK - LIGHTED","BRILEY PKWYN & MUSIC VALLEY DR","NASHVILLE","HERMIT",36.22671,-86.69599,"CONCRETE TRAFFIC BARRIER;Ran Off Road-Left","37214","2022","December","Winter","06","Tuesday","Weekday","Injuries","No Fatalities"
9.99031252547308e-314,2022-12-07 04:04:00,0,0,0,NA,"N","ANGLE","RAIN","DARK - LIGHTED","LEBANON PKE & ANDREW JACKSON PKWY","HERMITAGE","HERMIT",36.21512,-86.59767,"MOTOR VEHICLE IN TRANSPORT","37076","2022","December","Winter","04","Wednesday","Weekday","No Injuries","No Fatalities"
9.99031253584846e-314,2022-12-07 04:55:00,0,1,0,NA,"N","NOT COLLISION W/MOTOR VEHICLE-TRANSPORT","RAIN","DARK - LIGHTED","BRILEY PKWYN & MUSIC VALLEY DR","NASHVILLE","HERMIT",36.22623,-86.69556,"CONCRETE TRAFFIC BARRIER","37214","2022","December","Winter","04","Wednesday","Weekday","Injuries","No Fatalities"
9.99031253733065e-314,2022-12-07 03:20:00,0,0,0,NA,"Y","Front to Rear","RAIN","DARK - NOT LIGHTED","CENTRAL PKE & FRIST BLVD","HERMITAGE","HERMIT",36.1741,-86.60852,"MOTOR VEHICLE IN TRANSPORT","37076","2022","December","Winter","03","Wednesday","Weekday","No Injuries","No Fatalities"
9.99031253881285e-314,2022-12-06 06:00:00,0,0,0,NA,"Y","UNKNOWN","RAIN","DARK - LIGHTED","100 CHURCHILL CRSG","MADISON","MADISO",36.30115,-86.69006,"PARKED MOTOR VEHICLE","37115","2022","December","Winter","06","Tuesday","Weekday","No Injuries","No Fatalities"
9.99031257043305e-314,2022-12-07 06:00:00,0,0,0,NA,"N","SIDESWIPE - OPPOSITE DIRECTION","RAIN","DARK - LIGHTED","NOLENSVILLE PKE & HOLT RD","NASHVILLE","MIDTOW",36.01238,-86.70361,"MOTOR VEHICLE IN TRANSPORT","37211","2022","December","Winter","06","Wednesday","Weekday","No Injuries","No Fatalities"
9.99031260798204e-314,2022-12-07 06:18:00,0,1,0,NA,"Y","NOT COLLISION W/MOTOR VEHICLE-TRANSPORT","RAIN","DARK - LIGHTED","MM 88 7 I 65","NASHVILLE","MADISO",36.2269,-86.77376,"MOTOR VEHICLE IN TRANSPORT;GUARDRAIL FACE","37207","2022","December","Winter","06","Wednesday","Weekday","Injuries","No Fatalities"
9.99031261045237e-314,2022-12-07 06:21:00,0,1,0,NA,"N","NOT COLLISION W/MOTOR VEHICLE-TRANSPORT","RAIN","DARK - LIGHTED","0 SMITH SPRINGS RD","NASHVILLE","HERMIT",36.08913,-86.6145,"DITCH","37217","2022","December","Winter","06","Wednesday","Weekday","Injuries","No Fatalities"
9.99031266479959e-314,2022-12-07 07:45:00,0,0,0,NA,"Y","NOT COLLISION W/MOTOR VEHICLE-TRANSPORT","RAIN","DARK - LIGHTED","MM 48 9 I 24","NASHVILLE","CENTRA",36.16716,-86.76529,"OTHER OBJECT (NOT FIXED);UNKNOWN MOST HARMFUL EVENT","37213","2022","December","Winter","07","Wednesday","Weekday","No Injuries","No Fatalities"
9.99031270185451e-314,2022-12-07 09:23:00,0,0,0,NA,"Y","UNKNOWN","RAIN","DARK - LIGHTED","MM 203 5 I 40","NASHVILLE","WEST",36.15071,-86.86461,"UNKNOWN MOST HARMFUL EVENT","37209","2022","December","Winter","09","Wednesday","Weekday","No Injuries","No Fatalities"
9.99031270679517e-314,2022-12-07 09:50:00,0,1,0,NA,"N","NOT COLLISION W/MOTOR VEHICLE-TRANSPORT","RAIN","DARK - LIGHTED","ARCHER ST & 12TH AVS","NASHVILLE","MIDTOW",36.14538,-86.78625,"OTHER OBJECT (NOT FIXED)","37212","2022","December","Winter","09","Wednesday","Weekday","Injuries","No Fatalities"
9.99031271914681e-314,2022-12-07 10:30:00,0,2,0,NA,"N","NOT COLLISION W/MOTOR VEHICLE-TRANSPORT","RAIN","DARK - NOT LIGHTED","BRILEY PKWYW & DOVERSIDE DR","NASHVILLE","MADISO",36.23948,-86.77619,"MOTOR VEHICLE IN TRANSPORT;CONCRETE TRAFFIC BARRIER;WALL","37207","2022","December","Winter","10","Wednesday","Weekday","Injuries","No Fatalities"
9.99031279177446e-314,2022-12-07 12:55:00,0,0,0,NA,"Y","Front to Rear","RAIN","DAYLIGHT","SMITH SPRINGS RD & BELL RD","NASHVILLE","HERMIT",36.09033,-86.6265,"MOTOR VEHICLE IN TRANSPORT","37217","2022","December","Winter","12","Wednesday","Weekday","No Injuries","No Fatalities"
9.99031326459528e-314,2022-12-07 06:00:00,0,1,0,NA,"N","Front to Rear","RAIN","DAYLIGHT","MM 59 1 I 24","ANTIOCH","SOUTH",36.04763,-86.66322,"MOTOR VEHICLE IN TRANSPORT","37013","2022","December","Winter","06","Wednesday","Weekday","Injuries","No Fatalities"
9.99031346222154e-314,2022-12-08 00:10:00,0,0,0,NA,"Y","UNKNOWN","RAIN","DARK - LIGHTED","PENNOCK AV & GATEWOOD AV","NASHVILLE","EAST",36.19816,-86.76542,"PARKED MOTOR VEHICLE","37207","2022","December","Winter","00","Thursday","Weekday","No Injuries","No Fatalities"
9.99031350619339e-314,2022-12-08 02:20:00,0,0,0,NA,"Y","ANGLE","RAIN","DARK - LIGHTED","S 9TH ST & SHELBY AV","NASHVILLE","EAST",36.17065,-86.75429,"MOTOR VEHICLE IN TRANSPORT","37206","2022","December","Winter","02","Thursday","Weekday","No Injuries","No Fatalities"
9.99031386142658e-314,2022-12-08 06:00:00,0,0,0,NA,"Y","NOT COLLISION W/MOTOR VEHICLE-TRANSPORT","RAIN","DARK - LIGHTED","NOLENSVILLE PKE & YELTON CT","NASHVILLE","SOUTH",36.09151,-86.73515,"OTHER POST, POLE, SUPP.","37211","2022","December","Winter","06","Thursday","Weekday","No Injuries","No Fatalities"
9.99031388958833e-314,2022-12-08 10:40:00,0,0,0,NA,"N","OTHER","RAIN","DARK - LIGHTED","MM 211 7 I 40","NASHVILLE","HERMIT",36.15025,-86.74868,"MOTOR VEHICLE IN TRANSPORT","37210","2022","December","Winter","10","Thursday","Weekday","No Injuries","No Fatalities"
9.99031389551711e-314,2022-12-08 06:00:00,0,0,0,NA,"Y","NOT COLLISION W/MOTOR VEHICLE-TRANSPORT","RAIN","DARK - LIGHTED","MM 78 2 I 65","NASHVILLE","MIDTOW",36.08782,-86.76305,"WALL","37204","2022","December","Winter","06","Thursday","Weekday","No Injuries","No Fatalities"
9.99031391182128e-314,2022-12-08 11:51:00,0,1,0,NA,"N","NOT COLLISION W/MOTOR VEHICLE-TRANSPORT","RAIN","DARK - LIGHTED","CLARKSVILLE PKE & DRY FORK RD","NASHVILLE","NORTH",36.25636,-86.84827,"FENCE;Ran Off Road-Left","37218","2022","December","Winter","11","Thursday","Weekday","Injuries","No Fatalities"
9.990313917256e-314,2022-12-08 12:17:00,0,1,0,NA,"N","NOT COLLISION W/MOTOR VEHICLE-TRANSPORT","RAIN","DAYLIGHT","MM 34 0 I 24","JOELTON","NORTH",36.3262,-86.88453,"TREE;EMBANKMENT EARTH","37080","2022","December","Winter","12","Thursday","Weekday","Injuries","No Fatalities"
9.99031392466699e-314,2022-12-08 11:50:00,0,0,0,NA,"N","SIDESWIPE - SAME DIRECTION","RAIN","DARK - NOT LIGHTED","MM 60 0 I 24","ANTIOCH","SOUTH",36.04013,-86.64973,"MOTOR VEHICLE IN TRANSPORT","37013","2022","December","Winter","11","Thursday","Weekday","No Injuries","No Fatalities"
9.99031392861951e-314,2022-12-08 12:38:00,0,1,0,NA,"N","Front to Rear","RAIN","Dark-Unknown Lighting","MM 86 8 I 65","NASHVILLE","NORTH",36.1996,-86.77657,"MOTOR VEHICLE IN TRANSPORT","37207","2022","December","Winter","12","Thursday","Weekday","Injuries","No Fatalities"
9.9903139345483e-314,2022-12-08 12:45:00,0,0,0,NA,"N","NOT COLLISION W/MOTOR VEHICLE-TRANSPORT","RAIN","DAWN","0 I 440","NASHVILLE","SOUTH",36.12458,-86.73616,"CONCRETE TRAFFIC BARRIER","37210","2022","December","Winter","12","Thursday","Weekday","No Injuries","No Fatalities"
9.99031421468352e-314,2022-12-08 06:00:00,0,0,0,NA,"Y","SIDESWIPE - SAME DIRECTION","RAIN","OTHER","MM 203 2 I 40","NASHVILLE","WEST",36.1502,-86.86976,"MOTOR VEHICLE IN TRANSPORT","37209","2022","December","Winter","06","Thursday","Weekday","No Injuries","No Fatalities"
9.99031504174941e-314,2022-12-09 12:20:00,0,0,0,NA,"N","NOT COLLISION W/MOTOR VEHICLE-TRANSPORT","RAIN","DAYLIGHT","HAMILTON CHURCH RD & OWENDALE DR","ANTIOCH","SOUTH",36.06481,-86.62211,"TREE","37013","2022","December","Winter","12","Friday","Weekday","No Injuries","No Fatalities"
9.99031629124143e-314,2022-12-10 06:00:00,0,0,0,NA,"N","Front to Rear","RAIN","DUSK","MM 214 0 I 40","NASHVILLE","HERMIT",36.14164,-86.71377,"MOTOR VEHICLE IN TRANSPORT","37217","2022","December","Winter","06","Saturday","Weekend","No Injuries","No Fatalities"
9.99031631594471e-314,2022-12-10 06:00:00,1,0,0,NA,"N","NOT COLLISION W/MOTOR VEHICLE-TRANSPORT","RAIN","DUSK","MM 214 0 I 40","NASHVILLE","HERMIT",36.14164,-86.71377,"OTHER OBJECT (NOT FIXED)","37217","2022","December","Winter","06","Saturday","Weekend","No Injuries","No Fatalities"
9.990316694399e-314,2022-12-11 06:20:00,0,0,0,NA,"N","NOT COLLISION W/MOTOR VEHICLE-TRANSPORT","RAIN","DARK - LIGHTED","11TH AVN & BUCHANAN ST","NASHVILLE","NORTH",36.18031,-86.80482,"OTHER OBJECT (NOT FIXED)","37208","2022","December","Winter","06","Sunday","Weekend","No Injuries","No Fatalities"
9.99032741265912e-314,2022-12-22 10:45:00,2,0,0,NA,"Y","ANGLE","RAIN","DARK - LIGHTED","BELL RD & OLD HICKORY BLVD","ANTIOCH","SOUTH",36.0453,-86.70168,"MOTOR VEHICLE IN TRANSPORT","37013","2022","December","Winter","10","Thursday","Weekday","No Injuries","No Fatalities"
9.99032788399774e-314,2022-12-22 06:00:00,2,0,0,NA,"N","SIDESWIPE - SAME DIRECTION","RAIN","DARK - LIGHTED","MM 203 7 I 40","NASHVILLE","WEST",36.15164,-86.86121,"MOTOR VEHICLE IN TRANSPORT","37209","2022","December","Winter","06","Thursday","Weekday","No Injuries","No Fatalities"
9.99032791067729e-314,2022-12-22 06:00:00,2,0,0,NA,"N","Front to Rear","RAIN","DARK - LIGHTED","ANDREW JACKSON PKWY & OLD HICKORY BLVD","HERMITAGE","HERMIT",36.18524,-86.60963,"MOTOR VEHICLE IN TRANSPORT","37076","2022","December","Winter","06","Thursday","Weekday","No Injuries","No Fatalities"
9.99032792105267e-314,2022-12-22 06:00:00,1,1,0,NA,"Y","NOT COLLISION W/MOTOR VEHICLE-TRANSPORT","RAIN","DARK - LIGHTED","LAFAYETTE ST & ASH ST","NASHVILLE","CENTRA",36.15212,-86.77223,"PEDESTRIAN","37210","2022","December","Winter","06","Thursday","Weekday","Injuries","No Fatalities"
9.99032796453044e-314,2022-12-23 00:30:00,2,0,0,NA,"N","ANGLE","RAIN","DARK - LIGHTED","DICKERSON PKE & SUNSET DR","NASHVILLE","EAST",36.22329,-86.76109,"Motor Vehicle-In-Motion Outside Trafficw","37207","2022","December","Winter","00","Friday","Weekday","No Injuries","No Fatalities"
9.99032797737615e-314,2022-12-23 00:30:00,2,1,0,NA,"N","Front to Rear","RAIN","DARK - LIGHTED","TIMBERLAKE WAY & BLUE HOLE RD","ANTIOCH","SOUTH",36.05076,-86.67322,"MOTOR VEHICLE IN TRANSPORT","37013","2022","December","Winter","00","Friday","Weekday","Injuries","No Fatalities"
9.99032829259003e-314,2022-12-22 06:00:00,2,0,0,NA,"Y","ANGLE","RAIN","DARK - LIGHTED","200 SLAYTON DR","MADISON","MADISO",36.28208,-86.71605,"PARKED MOTOR VEHICLE","37115","2022","December","Winter","06","Thursday","Weekday","No Injuries","No Fatalities"
9.9903196469353e-314,2022-12-14 10:27:00,2,1,0,NA,"N","Front to Rear","RAIN","DARK - LIGHTED","MM 211 7 I 40","NASHVILLE","HERMIT",36.14981,-86.74782,"MOTOR VEHICLE IN TRANSPORT","37210","2022","December","Winter","10","Wednesday","Weekday","Injuries","No Fatalities"
9.99031964742936e-314,2022-12-14 06:00:00,1,0,0,NA,"N","NOT COLLISION W/MOTOR VEHICLE-TRANSPORT","RAIN","DARK - LIGHTED","MM 211 8 I 40","NASHVILLE","HERMIT",36.14903,-86.74643,"GUARDRAIL FACE;Ran Off Road-Right","37210","2022","December","Winter","06","Wednesday","Weekday","No Injuries","No Fatalities"
9.99031964841749e-314,2022-12-14 06:00:00,1,0,0,NA,"Y","NOT COLLISION W/MOTOR VEHICLE-TRANSPORT","RAIN","DARK - NOT LIGHTED","FOREST PARK RD & COVENTRY WOODS DR","MADISON","MADISO",36.25785,-86.70398,"CULVERT;Ran Off Road-Right","37115","2022","December","Winter","06","Wednesday","Weekday","No Injuries","No Fatalities"
9.99031966867419e-314,2022-12-14 11:11:00,2,0,0,NA,"N","ANGLE","RAIN","Dark-Unknown Lighting","TYNE BLVD & HILLSBORO PKE","NASHVILLE","MIDTOW",36.07879,-86.837,"MOTOR VEHICLE IN TRANSPORT","37215","2022","December","Winter","11","Wednesday","Weekday","No Injuries","No Fatalities"
9.99031968596648e-314,2022-12-14 12:15:00,2,2,0,NA,"N","ANGLE","RAIN","DAYLIGHT","E PARK DR & EAST PARK DR","NASHVILLE","MIDTOW",36.03669,-86.79086,"MOTOR VEHICLE IN TRANSPORT","37027","2022","December","Winter","12","Wednesday","Weekday","Injuries","No Fatalities"
9.99031969090714e-314,2022-12-14 12:22:00,3,1,0,NA,"N","Front to Rear","RAIN","DAYLIGHT","I440 E EXT RAMP & I 440","NASHVILLE","WEST",36.13709,-86.82227,"MOTOR VEHICLE IN TRANSPORT","37205","2022","December","Winter","12","Wednesday","Weekday","Injuries","No Fatalities"
9.9903196928834e-314,2022-12-14 12:29:00,2,0,0,NA,"N","Front to Rear","RAIN","DAYLIGHT","MM 40 0 I 24","WHITES CREEK","NORTH",36.28245,-86.80562,"MOTOR VEHICLE IN TRANSPORT","37189","2022","December","Winter","12","Wednesday","Weekday","No Injuries","No Fatalities"
9.99495444365654e-314,2023-01-07 10:17:00,1,0,0,NA,"N","NOT COLLISION W/MOTOR VEHICLE-TRANSPORT","RAIN","DARK - LIGHTED","I65 S EXT RAMP & I 65","MADISON","MADISO",36.20886,-86.77632,"MOTOR VEHICLE IN TRANSPORT;GUARDRAIL FACE","37115","2023","January","Winter","10","Saturday","Weekend","No Injuries","No Fatalities"
9.99495451579012e-314,2023-01-07 06:00:00,2,2,0,NA,"N","HEAD-ON","RAIN","DAYLIGHT","ANTIOCH COMMUNITY CTR PVTDR & BLUE HOLE","ANTIOCH","SOUTH",36.05618,-86.67294,"MOTOR VEHICLE IN TRANSPORT","37013","2023","January","Winter","06","Saturday","Weekend","Injuries","No Fatalities"
9.99495454691626e-314,2023-01-07 06:00:00,1,0,0,NA,"N","NOT COLLISION W/MOTOR VEHICLE-TRANSPORT","RAIN","DAYLIGHT","I40 E EXT RAMP & I 40","NASHVILLE","HERMIT",36.1697,-86.60651,"CONCRETE TRAFFIC BARRIER;Ran Off Road-Left","37214","2023","January","Winter","06","Saturday","Weekend","No Injuries","No Fatalities"
9.99495516746271e-314,2023-01-08 05:34:00,2,0,0,NA,"Y","ANGLE","RAIN","DARK - LIGHTED","ANDERSON & MOSSDALE RD","NASHVILLE","HERMIT",36.073718,-86.619331,"MOTOR VEHICLE IN TRANSPORT","37217","2023","January","Winter","05","Sunday","Weekend","No Injuries","No Fatalities"
9.99495850932274e-314,2023-01-11 12:07:00,2,0,0,NA,"N","Front to Rear","RAIN","DARK - LIGHTED","MM 53 9 I 24","NASHVILLE","SOUTH",36.10691,-86.71928,"MOTOR VEHICLE IN TRANSPORT","37211","2023","January","Winter","12","Wednesday","Weekday","No Injuries","No Fatalities"
9.9949603492232e-314,2023-01-12 06:00:00,2,1,0,NA,"Y","ANGLE","RAIN","DARK - LIGHTED","BELL CREST DR & BELL RD","ANTIOCH","SOUTH",36.06332,-86.63739,"MOTOR VEHICLE IN TRANSPORT","37013","2023","January","Winter","06","Thursday","Weekday","Injuries","No Fatalities"
9.99496038776032e-314,2023-01-12 06:00:00,1,0,0,NA,"Y","NOT COLLISION W/MOTOR VEHICLE-TRANSPORT","RAIN","DARK - LIGHTED","MT VIEW & MURFREESBORO","ANTIOCH","SOUTH",36.05506,-86.61793,"TREE;Ran Off Road-Right","37013","2023","January","Winter","06","Thursday","Weekday","No Injuries","No Fatalities"
9.99496039121878e-314,2023-01-12 06:00:00,2,1,0,NA,"N","OTHER","RAIN","DARK - LIGHTED","GRANNY WHITE PKE & MARY HELEN DR","NASHVILLE","MIDTOW",36.06824,-86.81174,"MOTOR VEHICLE IN TRANSPORT","37220","2023","January","Winter","06","Thursday","Weekday","Injuries","No Fatalities"
9.99496041345173e-314,2023-01-13 00:19:00,2,2,0,NA,"N","ANGLE","RAIN","DARK - LIGHTED","ANTIOCH PKE & HARDING PL","NASHVILLE","SOUTH",36.08743,-86.69221,"MOTOR VEHICLE IN TRANSPORT","37211","2023","January","Winter","00","Friday","Weekday","Injuries","No Fatalities"
9.99496045495325e-314,2023-01-13 00:57:00,3,0,0,NA,"Y","Front to Rear","RAIN","DARK - LIGHTED","GLENROSE AV & EVELYN DR","NASHVILLE","SOUTH",36.12452,-86.73851,"MOTOR VEHICLE IN TRANSPORT","37210","2023","January","Winter","00","Friday","Weekday","No Injuries","No Fatalities"
9.99496049497257e-314,2023-01-13 01:35:00,6,0,0,NA,"N","SIDESWIPE - SAME DIRECTION","RAIN","DARK - LIGHTED","ROSA L PARKS BLVD & TAYLOR ST","NASHVILLE","NORTH",36.17637,-86.79353,"MOTOR VEHICLE IN TRANSPORT;PARKED MOTOR VEHICLE","37208","2023","January","Winter","01","Friday","Weekday","No Injuries","No Fatalities"
9.99496052016991e-314,2023-01-13 02:05:00,1,1,0,NA,"N","NOT COLLISION W/MOTOR VEHICLE-TRANSPORT","RAIN","DARK - LIGHTED","NOLENSVILLE PKE & BRENTWOOD HIGHLANDS DR","ANTIOCH","SOUTH",36.03604,-86.71332,"UTILITY POLE","37013","2023","January","Winter","02","Friday","Weekday","Injuries","No Fatalities"
9.99496054931979e-314,2023-01-13 02:35:00,2,0,0,NA,"Y","Front to Rear","RAIN","DARK - NOT LIGHTED","GRAYBAR LN & BELMONT BLVD","NASHVILLE","MIDTOW",36.11029,-86.80035,"MOTOR VEHICLE IN TRANSPORT","37215","2023","January","Winter","02","Friday","Weekday","No Injuries","No Fatalities"
9.99496056117736e-314,2023-01-13 02:51:00,2,1,0,NA,"N","ANGLE","RAIN","DARK - LIGHTED","OLD HICKORY BLVD & VALLEY VIEW RD","BRENTWOOD","MIDTOW",36.04059,-86.77107,"MOTOR VEHICLE IN TRANSPORT","37027","2023","January","Winter","02","Friday","Weekday","Injuries","No Fatalities"
9.9949605908213e-314,2023-01-13 03:20:00,2,0,0,NA,"N","Front to Rear","RAIN","DARK - LIGHTED","S 1ST ST & KOREAN VETERANS BLVD","NASHVILLE","CENTRA",36.16299,-86.76874,"MOTOR VEHICLE IN TRANSPORT","37213","2023","January","Winter","03","Friday","Weekday","No Injuries","No Fatalities"
9.99496103646851e-314,2023-01-13 11:00:00,2,0,0,NA,"Y","SIDESWIPE - OPPOSITE DIRECTION","RAIN","DARK - LIGHTED","13TH AVE S & US HWY 70","NASHVILLE","CENTRA",36.15601,-86.78883,"MOTOR VEHICLE IN TRANSPORT","37203","2023","January","Winter","11","Friday","Weekday","No Injuries","No Fatalities"
9.99496683877546e-314,2023-01-19 04:19:00,2,0,0,NA,"Y","ANGLE","RAIN","DARK - LIGHTED","I40 E EXT RAMP & I 40","NASHVILLE","HERMIT",36.14185,-86.67691,"MOTOR VEHICLE IN TRANSPORT","37214","2023","January","Winter","04","Thursday","Weekday","No Injuries","No Fatalities"
9.99496695488089e-314,2023-01-19 05:58:00,1,1,0,NA,"N","NOT COLLISION W/MOTOR VEHICLE-TRANSPORT","RAIN","DARK - LIGHTED","4TH AVE N & COMMERCE ST","NASHVILLE","CENTRA",36.1624,-86.77808,"PEDESTRIAN","37201","2023","January","Winter","05","Thursday","Weekday","Injuries","No Fatalities"
9.99496701910942e-314,2023-01-19 06:00:00,1,1,0,NA,"N","NOT COLLISION W/MOTOR VEHICLE-TRANSPORT","RAIN","DARK - LIGHTED","BRILEY PKWYW & BRILEY PKWYE","NASHVILLE","NORTH",36.23746,-86.73135,"CONCRETE TRAFFIC BARRIER","37218","2023","January","Winter","06","Thursday","Weekday","Injuries","No Fatalities"
9.9949670452949e-314,2023-01-19 07:39:00,2,1,0,NA,"N","ANGLE","RAIN","DARK - LIGHTED","ALAMEDA ST & PRESTON TAYLOR PL","NASHVILLE","WEST",36.16116,-86.83492,"PARKED MOTOR VEHICLE","37209","2023","January","Winter","07","Thursday","Weekday","Injuries","No Fatalities"
9.99496708284389e-314,2023-01-19 08:50:00,1,1,0,NA,"N","NOT COLLISION W/MOTOR VEHICLE-TRANSPORT","RAIN","DARK - LIGHTED","STRAIGHTWAY AV & GALLATIN AV","NASHVILLE","EAST",36.19364,-86.74388,"UTILITY POLE","37206","2023","January","Winter","08","Thursday","Weekday","Injuries","No Fatalities"
9.99496711149969e-314,2023-01-19 09:40:00,1,0,0,NA,"Y","NOT COLLISION W/MOTOR VEHICLE-TRANSPORT","RAIN","DARK - NOT LIGHTED","BELL RD & HARBOR LIGHTS DR","NASHVILLE","HERMIT",36.10129,-86.62629,"EMBANKMENT ROCK/STONE/CONCRETE","37217","2023","January","Winter","09","Thursday","Weekday","No Injuries","No Fatalities"
9.99497010059685e-314,2023-01-22 04:50:00,1,2,0,NA,"N","NOT COLLISION W/MOTOR VEHICLE-TRANSPORT","RAIN","DARK - LIGHTED","BRILEY PKWYW & BRILEY PKWY W EXT RAMP","MADISON","MADISO",36.23441,-86.72136,"GUARDRAIL FACE","37115","2023","January","Winter","04","Sunday","Weekend","Injuries","No Fatalities"
9.99497015494407e-314,2023-01-22 04:56:00,1,1,0,NA,"N","NOT COLLISION W/MOTOR VEHICLE-TRANSPORT","RAIN","DARK - LIGHTED","BELL RD & HARRIS HILLS LN","ANTIOCH","SOUTH",36.04511,-86.68597,"FENCE;Ran Off Road-Right","37013","2023","January","Winter","04","Sunday","Weekend","Injuries","No Fatalities"
9.99497020978536e-314,2023-01-22 06:55:00,2,0,0,NA,"Y","OTHER","RAIN","DARK - LIGHTED","DEMONBREUN ST & 14TH AVS","NASHVILLE","MIDTOW",36.15335,-86.7889,"MOTOR VEHICLE IN TRANSPORT","37203","2023","January","Winter","06","Sunday","Weekend","No Injuries","No Fatalities"