"Accident.Number","Date.and.Time","Number.of.Motor.Vehicles","Number.of.Injuries","Number.of.Fatalities","Property.Damage","Hit.and.Run","Collision.Type.Description","Weather.Description","Illumination.Description","Street.Address","City","Precinct","Latitude","Longitude","HarmfulDescriptions","Zip.Code","Year","Month","Season","Hour","Weekday","DayType","Accident","Fatality_category"
9.99497021522008e-314,2023-01-22 06:26:00,3,0,0,NA,"N","ANGLE","RAIN","DARK - LIGHTED","LINBAR DR & HARDING PL","NASHVILLE","SOUTH",36.08416,-86.70589,"MOTOR VEHICLE IN TRANSPORT","37211","2023","January","Winter","06","Sunday","Weekend","No Injuries","No Fatalities"
9.99497024733435e-314,2023-01-22 07:35:00,1,0,0,NA,"N","NOT COLLISION W/MOTOR VEHICLE-TRANSPORT","RAIN","DARK - NOT LIGHTED","MM 75 0 I 65","BRENTWOOD","MIDTOW",36.04462,-86.78009,"EMBANKMENT EARTH","37027","2023","January","Winter","07","Sunday","Weekend","No Injuries","No Fatalities"
9.99497027747235e-314,2023-01-22 06:00:00,1,0,0,NA,"Y","NOT COLLISION W/MOTOR VEHICLE-TRANSPORT","RAIN","DARK - LIGHTED","HARDING PL & ANTIOCH PKE","NASHVILLE","SOUTH",36.08688,-86.69373,"RAILWAY TRAIN;UTILITY POLE","37211","2023","January","Winter","06","Sunday","Weekend","No Injuries","No Fatalities"
9.99497027895455e-314,2023-01-22 08:51:00,1,0,0,NA,"Y","UNKNOWN","RAIN","DARK - LIGHTED","THOMPSON LN & ELIZABETH ST","NASHVILLE","MIDTOW",36.11099,-86.7463,"UNKNOWN MOST HARMFUL EVENT","37211","2023","January","Winter","08","Sunday","Weekend","No Injuries","No Fatalities"
9.99497028340114e-314,2023-01-22 08:50:00,2,0,0,NA,"Y","Front to Rear","RAIN","DARK - LIGHTED","GALLATIN PKEN & STATE RT 45","MADISON","MADISO",36.26331,-86.71184,"MOTOR VEHICLE IN TRANSPORT","37115","2023","January","Winter","08","Sunday","Weekend","No Injuries","No Fatalities"
9.99497029970531e-314,2023-01-22 06:00:00,1,0,0,NA,"Y","NOT COLLISION W/MOTOR VEHICLE-TRANSPORT","RAIN","DARK - NOT LIGHTED","MM 210 0 I 40","NASHVILLE","CENTRA",36.1491,-86.77558,"H-WAY TRAFFIC SIGNAL POST;Ran Off Road-Right","37203","2023","January","Winter","06","Sunday","Weekend","No Injuries","No Fatalities"
9.99497030217564e-314,2023-01-22 08:48:00,4,0,0,NA,"Y","OTHER","RAIN","DARK - LIGHTED","BRILEY PKWYS & BRILEY PKWYN","NASHVILLE","NORTH",36.14967,-86.69245,"PARKED MOTOR VEHICLE","37218","2023","January","Winter","08","Sunday","Weekend","No Injuries","No Fatalities"
9.99497030316377e-314,2023-01-22 09:49:00,1,0,0,NA,"Y","NOT COLLISION W/MOTOR VEHICLE-TRANSPORT","RAIN","DARK - NOT LIGHTED","RIVER ROAD PKE & RIVER ROAD PKE PVTDR","NASHVILLE","WEST",36.15692,-86.95143,"MAIL BOX","37209","2023","January","Winter","09","Sunday","Weekend","No Injuries","No Fatalities"
9.9949703056341e-314,2023-01-22 09:53:00,1,1,0,NA,"Y","NOT COLLISION W/MOTOR VEHICLE-TRANSPORT","RAIN","DARK - LIGHTED","13TH AVS & GEORGE L DAVIS BLVD","NASHVILLE","CENTRA",36.15601,-86.78885,"PEDESTRIAN","37203","2023","January","Winter","09","Sunday","Weekend","Injuries","No Fatalities"
9.99497031304508e-314,2023-01-22 09:26:00,2,1,0,NA,"Y","Front to Rear","RAIN","DARK - LIGHTED","COMMERCE ST & 3RD AVN","NASHVILLE","CENTRA",36.16291,-86.77682,"MOTOR VEHICLE IN TRANSPORT","37201","2023","January","Winter","09","Sunday","Weekend","Injuries","No Fatalities"
9.99497031699761e-314,2023-01-22 10:25:00,1,0,0,NA,"N","NOT COLLISION W/MOTOR VEHICLE-TRANSPORT","RAIN","DARK - LIGHTED","DICKERSON PKE & VILLAGE HILLS PVTDR","MADISON","MADISO",36.25886,-86.75783,"UTILITY POLE","37115","2023","January","Winter","10","Sunday","Weekend","No Injuries","No Fatalities"
9.994970319962e-314,2023-01-22 10:45:00,1,1,0,NA,"N","NOT COLLISION W/MOTOR VEHICLE-TRANSPORT","RAIN","DARK - LIGHTED","OLD HICKORY BLVD & PRESERVE BLVD","ANTIOCH","SOUTH",36.03148,-86.61215,"DITCH","37013","2023","January","Winter","10","Sunday","Weekend","Injuries","No Fatalities"
9.99497032243233e-314,2023-01-22 10:55:00,1,1,0,NA,"N","NOT COLLISION W/MOTOR VEHICLE-TRANSPORT","RAIN","DARK - NOT LIGHTED","HIGHWAY 100 & OLD HARDING PKE","NASHVILLE","WEST",36.03377,-86.98376,"OTHER OBJECT (NOT FIXED)","37221","2023","January","Winter","10","Sunday","Weekend","Injuries","No Fatalities"
9.99497032342046e-314,2023-01-22 10:40:00,1,0,0,NA,"Y","NOT COLLISION W/MOTOR VEHICLE-TRANSPORT","RAIN","DARK - LIGHTED","JAMES ROBERTSON PKWY ENT RAMP & I 24","NASHVILLE","EAST",36.17424,-86.76814,"CONCRETE TRAFFIC BARRIER","37206","2023","January","Winter","10","Sunday","Weekend","No Injuries","No Fatalities"
9.99497032687892e-314,2023-01-22 11:17:00,1,0,0,NA,"Y","NOT COLLISION W/MOTOR VEHICLE-TRANSPORT","RAIN","DARK - LIGHTED","MURFREESBORO PKE & PLUS PARK BLVD","NASHVILLE","HERMIT",36.13438,-86.72308,"UTILITY POLE","37217","2023","January","Winter","11","Sunday","Weekend","No Injuries","No Fatalities"
9.99497032885518e-314,2023-01-22 06:00:00,4,2,0,NA,"N","OTHER","RAIN","DAYLIGHT","MM 211 5 I 40","NASHVILLE","HERMIT",36.15121,-86.75074,"MOTOR VEHICLE IN TRANSPORT;CONCRETE TRAFFIC BARRIER","37210","2023","January","Winter","06","Sunday","Weekend","Injuries","No Fatalities"
9.99497033626617e-314,2023-01-22 12:00:00,1,0,0,NA,"N","NOT COLLISION W/MOTOR VEHICLE-TRANSPORT","RAIN","DARK - LIGHTED","MM 49 0 I 24","NASHVILLE","EAST",36.16498,-86.76381,"CONCRETE TRAFFIC BARRIER","37206","2023","January","Winter","12","Sunday","Weekend","No Injuries","No Fatalities"
9.99497034466528e-314,2023-01-22 12:08:00,2,0,0,NA,"N","ANGLE","RAIN","DARK - LIGHTED","STATE RT 45 & GALLATIN PKEN","MADISON","MADISO",36.26307,-86.71192,"MOTOR VEHICLE IN TRANSPORT","37115","2023","January","Winter","12","Sunday","Weekend","No Injuries","No Fatalities"
9.99497037579142e-314,2023-01-22 06:00:00,1,0,0,NA,"Y","NOT COLLISION W/MOTOR VEHICLE-TRANSPORT","RAIN","UNKNOWN","BASSWOOD AV & ROBERTSON AV","NASHVILLE","WEST",36.15967,-86.88223,"UTILITY POLE","37209","2023","January","Winter","06","Sunday","Weekend","No Injuries","No Fatalities"
9.9949704019769e-314,2023-01-22 06:00:00,1,1,0,NA,"N","NOT COLLISION W/MOTOR VEHICLE-TRANSPORT","RAIN","DAYLIGHT","MM 211 1 I 40","NASHVILLE","HERMIT",36.15382,-86.75793,"CONCRETE TRAFFIC BARRIER","37210","2023","January","Winter","06","Sunday","Weekend","Injuries","No Fatalities"
9.99497079722941e-314,2023-01-23 03:30:00,2,1,0,NA,"N","SIDESWIPE - OPPOSITE DIRECTION","RAIN","DARK - LIGHTED","OLD HICKORY BLVD & MURFREESBORO PKE","ANTIOCH","SOUTH",36.04045,-86.60053,"MOTOR VEHICLE IN TRANSPORT","37013","2023","January","Winter","03","Monday","Weekday","Injuries","No Fatalities"
9.99497082687335e-314,2023-01-22 06:00:00,1,0,0,NA,"N","NOT COLLISION W/MOTOR VEHICLE-TRANSPORT","RAIN","DARK - NOT LIGHTED","MM 74 8 I 65","BRENTWOOD","MIDTOW",36.04102,-86.78231,"CONCRETE TRAFFIC BARRIER","37027","2023","January","Winter","06","Sunday","Weekend","No Injuries","No Fatalities"
9.99497088072651e-314,2023-01-23 05:15:00,3,0,0,NA,"Y","HEAD-ON","RAIN","DARK - LIGHTED","WHITES CREEK PKE & MOORMANS ARM RD","NASHVILLE","NORTH",36.21815,-86.80348,"MOTOR VEHICLE IN TRANSPORT","37207","2023","January","Winter","05","Monday","Weekday","No Injuries","No Fatalities"
9.99497095187196e-314,2023-01-22 06:00:00,1,0,0,NA,"Y","NOT COLLISION W/MOTOR VEHICLE-TRANSPORT","RAIN","DARK - LIGHTED","AUCTION WAY & WHITES CREEK PKE","NASHVILLE","EAST",36.19327,-86.77518,"SHRUBBERY","37207","2023","January","Winter","06","Sunday","Weekend","No Injuries","No Fatalities"
9.9949482184294e-314,2023-01-01 12:00:00,2,1,0,NA,"Y","HEAD-ON","RAIN","Dark-Unknown Lighting","EDMONDSON PKE & WHISPERING HILLS DR","NASHVILLE","MIDTOW",36.07231,-86.73279,"MOTOR VEHICLE IN TRANSPORT","37211","2023","January","Winter","12","Sunday","Weekend","Injuries","No Fatalities"
9.99033090422104e-314,2022-12-27 07:30:00,1,1,0,NA,"N","NOT COLLISION W/MOTOR VEHICLE-TRANSPORT","RAIN","DARK - LIGHTED","MM 209 7 I 40","NASHVILLE","CENTRA",36.14848,-86.78095,"DITCH","37203","2022","December","Winter","07","Tuesday","Weekday","Injuries","No Fatalities"
9.99494944568846e-314,2023-01-03 00:35:00,2,1,0,NA,"N","Front to Rear","RAIN","DARK - LIGHTED","BRILEY PKWYE & BRILEY PKWYW","NASHVILLE","MADISO",36.23421,-86.71922,"MOTOR VEHICLE IN TRANSPORT","37207","2023","January","Winter","00","Tuesday","Weekday","Injuries","No Fatalities"
9.99494945458164e-314,2023-01-03 00:20:00,2,0,0,NA,"Y","SIDESWIPE - OPPOSITE DIRECTION","RAIN","DARK - NOT LIGHTED","MOORMANS ARM RD & RINGGOLD DR","NASHVILLE","NORTH",36.21557,-86.81493,"PARKED MOTOR VEHICLE;FENCE","37207","2023","January","Winter","00","Tuesday","Weekday","No Injuries","No Fatalities"
9.99494953116182e-314,2023-01-03 02:50:00,2,1,0,NA,"Y","Front to Rear","RAIN","DARK - NOT LIGHTED","GALLATIN PKEN & EDENWOLD RD","MADISON","MADISO",36.28672,-86.70544,"MOTOR VEHICLE IN TRANSPORT","37115","2023","January","Winter","02","Tuesday","Weekday","Injuries","No Fatalities"
9.99494954845412e-314,2023-01-03 01:00:00,1,0,0,NA,"N","NOT COLLISION W/MOTOR VEHICLE-TRANSPORT","RAIN","DARK - NOT LIGHTED","MATILDA ST & MARYDALE DR","NASHVILLE","MADISO",36.2783,-86.75914,"DITCH","37207","2023","January","Winter","01","Tuesday","Weekday","No Injuries","No Fatalities"
9.99494961811737e-314,2023-01-03 06:01:00,2,0,0,NA,"N","ANGLE","RAIN","DARK - NOT LIGHTED","14TH AVN & CHURCH ST","NASHVILLE","MIDTOW",36.15793,-86.79161,"MOTOR VEHICLE IN TRANSPORT","37203","2023","January","Winter","06","Tuesday","Weekday","No Injuries","No Fatalities"
9.99494962948088e-314,2023-01-03 04:45:00,1,1,0,NA,"N","NOT COLLISION W/MOTOR VEHICLE-TRANSPORT","RAIN","DARK - NOT LIGHTED","MM 208 2 I 40","NASHVILLE","NORTH",36.1595,-86.79236,"WALL","37208","2023","January","Winter","04","Tuesday","Weekday","Injuries","No Fatalities"
9.99494964529098e-314,2023-01-02 06:00:00,1,0,0,NA,"N","NOT COLLISION W/MOTOR VEHICLE-TRANSPORT","RAIN","Dark-Unknown Lighting","WILLARD DR & MARGO LN","NASHVILLE","SOUTH",36.07395,-86.70175,"DITCH;MAIL BOX;Ran Off Road-Right","37211","2023","January","Winter","06","Monday","Weekday","No Injuries","No Fatalities"
9.99494970062634e-314,2023-01-03 06:06:00,1,2,0,NA,"N","NOT COLLISION W/MOTOR VEHICLE-TRANSPORT","RAIN","DARK - NOT LIGHTED","MM 32 5 I 24","JOELTON","NORTH",36.33525,-86.90806,"GUARDRAIL FACE","37080","2023","January","Winter","06","Tuesday","Weekday","Injuries","No Fatalities"
9.994949765843e-314,2023-01-03 07:13:00,2,1,0,NA,"N","ANGLE","RAIN","DARK - LIGHTED","KNIGHTS OF COLUMBUS BLVD & I40 E ENT RAM","NASHVILLE","HERMIT",36.1395,-86.7002,"MOTOR VEHICLE IN TRANSPORT","37217","2023","January","Winter","07","Tuesday","Weekday","Injuries","No Fatalities"
9.99494989726446e-314,2023-01-03 12:47:00,1,1,0,NA,"N","NOT COLLISION W/MOTOR VEHICLE-TRANSPORT","RAIN","DARK - LIGHTED","MM 3 4 I440","NASHVILLE","MIDTOW",36.11647,-86.79878,"CONCRETE TRAFFIC BARRIER;Motor Vehicle-In-Motion Outside Trafficw","37215","2023","January","Winter","12","Tuesday","Weekday","Injuries","No Fatalities"
9.99494991850929e-314,2023-01-03 12:15:00,2,0,0,NA,"Y","SIDESWIPE - SAME DIRECTION","RAIN","DARK - NOT LIGHTED","ANDREW JACKSON PKWY & OLD HICKORY BLVD","HERMITAGE","HERMIT",36.1846,-86.61005,"MOTOR VEHICLE IN TRANSPORT","37076","2023","January","Winter","12","Tuesday","Weekday","No Injuries","No Fatalities"
9.99495001435802e-314,2023-01-03 06:00:00,1,0,0,NA,"N","NOT COLLISION W/MOTOR VEHICLE-TRANSPORT","RAIN","DAYLIGHT","MM 214 1 I 40","NASHVILLE","HERMIT",36.14191,-86.71224,"EMBANKMENT ROCK/STONE/CONCRETE","37210","2023","January","Winter","06","Tuesday","Weekday","No Injuries","No Fatalities"
9.99495023718163e-314,2023-01-03 06:00:00,2,0,0,NA,"N","ANGLE","RAIN","DAYLIGHT","LEBANON PKE & SHUTE LN","HERMITAGE","HERMIT",36.21492,-86.60386,"MOTOR VEHICLE IN TRANSPORT","37076","2023","January","Winter","06","Tuesday","Weekday","No Injuries","No Fatalities"
9.99033323818715e-314,2022-12-29 06:00:00,2,0,0,NA,"N","SIDESWIPE - SAME DIRECTION","RAIN","DAYLIGHT","2ND AVS & ASH ST","NASHVILLE","CENTRA",36.15366,-86.76982,"MOTOR VEHICLE IN TRANSPORT","37210","2022","December","Winter","06","Thursday","Weekday","No Injuries","No Fatalities"
9.99033328364119e-314,2022-12-29 06:00:00,2,0,0,NA,"N","ANGLE","RAIN","DAYLIGHT","LEBANON PKE & BIG HORN DR","HERMITAGE","HERMIT",36.21568,-86.58714,"MOTOR VEHICLE IN TRANSPORT","37076","2022","December","Winter","06","Thursday","Weekday","No Injuries","No Fatalities"
9.9949506027902e-314,2023-01-04 02:06:00,2,0,0,NA,"N","ANGLE","RAIN","DARK - LIGHTED","HAMILTON CHURCH RD & MURFREESBORO PKE","ANTIOCH","SOUTH",36.06479,-86.62848,"MOTOR VEHICLE IN TRANSPORT","37013","2023","January","Winter","02","Wednesday","Weekday","No Injuries","No Fatalities"
9.99495081622656e-314,2023-01-04 06:20:00,2,1,0,NA,"N","HEAD-ON","RAIN","DARK - LIGHTED","MURFREESBORO PKE & FESSLERS LN","NASHVILLE","SOUTH",36.1428,-86.74436,"MOTOR VEHICLE IN TRANSPORT","37210","2023","January","Winter","06","Wednesday","Weekday","Injuries","No Fatalities"
9.99495087600851e-314,2023-01-04 05:01:00,3,0,0,NA,"N","NOT COLLISION W/MOTOR VEHICLE-TRANSPORT","RAIN","DARK - NOT LIGHTED","PIN OAK DR & GRACE FALLS DR","ANTIOCH","SOUTH",36.04996,-86.58974,"MAIL BOX","37013","2023","January","Winter","05","Wednesday","Weekday","No Injuries","No Fatalities"
9.99033342840242e-314,2022-12-29 06:00:00,2,0,0,NA,"N","ANGLE","RAIN","DARK - NOT LIGHTED","MM 213 8 I 40","NASHVILLE","HERMIT",36.14087,-86.72831,"MOTOR VEHICLE IN TRANSPORT","37217","2022","December","Winter","06","Thursday","Weekday","No Injuries","No Fatalities"
9.99033347682086e-314,2022-12-30 02:00:00,4,0,0,NA,"Y","ANGLE","RAIN","DARK - LIGHTED","ARRINGTON ST & MERIDIAN ST","NASHVILLE","EAST",36.18484,-86.76703,"PARKED MOTOR VEHICLE","37207","2022","December","Winter","02","Friday","Weekday","No Injuries","No Fatalities"
9.99033347731492e-314,2022-12-30 02:10:00,1,0,0,NA,"N","NOT COLLISION W/MOTOR VEHICLE-TRANSPORT","RAIN","DARK - NOT LIGHTED","RICE RD & EDGE O LAKE DR","ANTIOCH","SOUTH",36.07289,-86.64539,"CURB","37013","2022","December","Winter","02","Friday","Weekday","No Injuries","No Fatalities"
9.99033364430911e-314,2022-12-30 05:30:00,1,0,0,NA,"N","NOT COLLISION W/MOTOR VEHICLE-TRANSPORT","RAIN","Dark-Unknown Lighting","MM 86 4 I 65","NASHVILLE","EAST",36.19242,-86.7788,"MOTOR VEHICLE IN TRANSPORT;GUARDRAIL FACE","37207","2022","December","Winter","05","Friday","Weekday","No Injuries","No Fatalities"
9.99496418959547e-314,2023-01-16 06:00:00,2,0,0,NA,"N","Rear to Side","RAIN","DARK - LIGHTED","ELYSIAN FIELDS CT & ELYSIAN FIELDS RD","NASHVILLE","SOUTH",36.08721,-86.72911,"MOTOR VEHICLE IN TRANSPORT","37211","2023","January","Winter","06","Monday","Weekday","No Injuries","No Fatalities"
9.99496420738183e-314,2023-01-16 06:00:00,2,0,0,NA,"N","ANGLE","RAIN","DARK - LIGHTED","BRILEY PKWY E EXT RAMP & GALLATIN PKE","NASHVILLE","EAST",36.23459,-86.7247,"MOTOR VEHICLE IN TRANSPORT","37216","2023","January","Winter","06","Monday","Weekday","No Injuries","No Fatalities"
9.99496423356731e-314,2023-01-17 00:17:00,2,0,0,NA,"Y","ANGLE","RAIN","DARK - LIGHTED","OLD HICKORY BLVDW & DOUGLAS ST","MADISON","MADISO",36.26328,-86.71415,"MOTOR VEHICLE IN TRANSPORT","37115","2023","January","Winter","00","Tuesday","Weekday","No Injuries","No Fatalities"
9.99496423751983e-314,2023-01-17 00:11:00,2,0,0,NA,"N","ANGLE","RAIN","DARK - LIGHTED","8TH AVS & DEMONBREUN ST","NASHVILLE","CENTRA",36.15687,-86.78084,"MOTOR VEHICLE IN TRANSPORT","37203","2023","January","Winter","00","Tuesday","Weekday","No Injuries","No Fatalities"
9.99496426074092e-314,2023-01-17 00:36:00,2,1,0,NA,"N","Front to Rear","RAIN","DARK - LIGHTED","MURFREESBORO PKE & PHILFRE CT","NASHVILLE","SOUTH",36.12783,-86.71256,"MOTOR VEHICLE IN TRANSPORT","37211","2023","January","Winter","00","Tuesday","Weekday","Injuries","No Fatalities"
9.99496433485077e-314,2023-01-17 00:48:00,2,1,0,NA,"N","ANGLE","RAIN","DARK - LIGHTED","JUNIOR GILLIAM WAY & 3RD AVN","NASHVILLE","CENTRA",36.17395,-86.78405,"MOTOR VEHICLE IN TRANSPORT","37201","2023","January","Winter","00","Tuesday","Weekday","Injuries","No Fatalities"
9.99496437141162e-314,2023-01-17 03:10:00,1,1,0,NA,"N","NOT COLLISION W/MOTOR VEHICLE-TRANSPORT","RAIN","DARK - LIGHTED","DONELSON PKE & SHACKLETT DR","NASHVILLE","HERMIT",36.14463,-86.66672,"PEDESTRIAN","37214","2023","January","Winter","03","Tuesday","Weekday","Injuries","No Fatalities"
9.99496442328852e-314,2023-01-17 04:04:00,2,0,0,NA,"Y","Front to Rear","RAIN","DARK - NOT LIGHTED","MM 211 7 I 40","NASHVILLE","HERMIT",36.14971,-86.74803,"MOTOR VEHICLE IN TRANSPORT","37210","2023","January","Winter","04","Tuesday","Weekday","No Injuries","No Fatalities"
9.99496445737905e-314,2023-01-17 04:25:00,2,2,0,NA,"N","ANGLE","RAIN","DARK - LIGHTED","BELL RD & BRENTRIDGE CIR","ANTIOCH","SOUTH",36.04697,-86.68012,"MOTOR VEHICLE IN TRANSPORT","37013","2023","January","Winter","04","Tuesday","Weekday","Injuries","No Fatalities"
9.99496458188359e-314,2023-01-17 06:29:00,1,0,0,NA,"N","NOT COLLISION W/MOTOR VEHICLE-TRANSPORT","RAIN","DARK - LIGHTED","HIGHWAY 100 & HARPETH BEND DR","NASHVILLE","WEST",36.06038,-86.91736,"EMBANKMENT EARTH","37221","2023","January","Winter","06","Tuesday","Weekday","No Injuries","No Fatalities"
9.99496459670556e-314,2023-01-17 06:00:00,3,0,0,NA,"Y","ANGLE","RAIN","DARK - NOT LIGHTED","PRESCOTT PL & THOMPSON LN","NASHVILLE","SOUTH",36.11075,-86.73627,"PARKED MOTOR VEHICLE","37211","2023","January","Winter","06","Tuesday","Weekday","No Injuries","No Fatalities"
9.99496460065808e-314,2023-01-17 06:58:00,2,0,0,NA,"N","NOT COLLISION W/MOTOR VEHICLE-TRANSPORT","RAIN","DARK - LIGHTED","MM 48 1 I 24","NASHVILLE","EAST",36.17389,-86.77053,"MOTOR VEHICLE IN TRANSPORT;CONCRETE TRAFFIC BARRIER","37206","2023","January","Winter","06","Tuesday","Weekday","No Injuries","No Fatalities"
9.99496461597412e-314,2023-01-17 06:00:00,4,0,0,NA,"N","Front to Rear","RAIN","DARK - LIGHTED","SHELBY AV & S 6TH ST","NASHVILLE","EAST",36.16885,-86.75896,"PARKED MOTOR VEHICLE","37206","2023","January","Winter","06","Tuesday","Weekday","No Injuries","No Fatalities"
9.99496468909583e-314,2023-01-17 09:45:00,2,1,0,NA,"Y","Front to Rear","RAIN","DARK - LIGHTED","MM 214 5 I 40","NASHVILLE","HERMIT",36.14361,-86.7027,"MOTOR VEHICLE IN TRANSPORT","37217","2023","January","Winter","09","Tuesday","Weekday","Injuries","No Fatalities"
9.99496472911515e-314,2023-01-17 07:43:00,1,0,1,NA,"N","NOT COLLISION W/MOTOR VEHICLE-TRANSPORT","RAIN","DARK - LIGHTED","1325 ELM HILL PKE","NASHVILLE","HERMIT",36.14383,-86.72755,"BUILDING;CURB","37210","2023","January","Winter","07","Tuesday","Weekday","No Injuries","With Fatalities"
9.9903343908423e-314,2022-12-31 01:28:00,2,0,0,NA,"Y","ANGLE","RAIN","DARK - LIGHTED","I40 E ENT RAMP & I 40","NASHVILLE","WEST",36.15469,-86.62641,"MOTOR VEHICLE IN TRANSPORT","37205","2022","December","Winter","01","Saturday","Weekend","No Injuries","No Fatalities"
9.9903344081346e-314,2022-12-31 01:56:00,1,0,0,NA,"N","NOT COLLISION W/MOTOR VEHICLE-TRANSPORT","RAIN","DARK - LIGHTED","FRANKLIN PKE & N CURTISWOOD LN","NASHVILLE","MIDTOW",36.09058,-86.7715,"UTILITY POLE","37204","2022","December","Winter","01","Saturday","Weekend","No Injuries","No Fatalities"
9.99033441258119e-314,2022-12-31 00:45:00,2,0,0,NA,"Y","ANGLE","RAIN","Dark-Unknown Lighting","TEMPLE RD & OLD HARDING PKE","NASHVILLE","WEST",36.04839,-86.95291,"MOTOR VEHICLE IN TRANSPORT","37221","2022","December","Winter","00","Saturday","Weekend","No Injuries","No Fatalities"
9.99033441752185e-314,2022-12-31 02:18:00,2,0,0,NA,"N","ANGLE","RAIN","DARK - LIGHTED","MURFREESBORO PKE & FOOTHILL DR","NASHVILLE","HERMIT",36.13062,-86.71614,"MOTOR VEHICLE IN TRANSPORT","37217","2022","December","Winter","02","Saturday","Weekend","No Injuries","No Fatalities"
9.99033444518952e-314,2022-12-31 03:18:00,1,0,0,NA,"N","NOT COLLISION W/MOTOR VEHICLE-TRANSPORT","RAIN","DARK - LIGHTED","GRACE ST & DICKERSON PKE","NASHVILLE","EAST",36.18317,-86.77375,"FENCE","37207","2022","December","Winter","03","Saturday","Weekend","No Injuries","No Fatalities"
9.99033445309457e-314,2022-12-31 03:13:00,2,0,0,NA,"N","Front to Rear","RAIN","DARK - LIGHTED","LAFAYETTE ST & LINCOLN ST","NASHVILLE","SOUTH",36.14828,-86.76081,"MOTOR VEHICLE IN TRANSPORT","37210","2022","December","Winter","03","Saturday","Weekend","No Injuries","No Fatalities"
9.9903344540827e-314,2022-12-31 02:45:00,2,1,0,NA,"N","ANGLE","RAIN","DARK - LIGHTED","W TRINITY LN & BRICK CHURCH PKE","NASHVILLE","NORTH",36.20662,-86.7779,"MOTOR VEHICLE IN TRANSPORT","37207","2022","December","Winter","02","Saturday","Weekend","Injuries","No Fatalities"
9.99033447582159e-314,2022-12-31 03:53:00,1,0,0,NA,"N","NOT COLLISION W/MOTOR VEHICLE-TRANSPORT","RAIN","DARK - LIGHTED","0 HIGHLAND CIR","MADISON","MADISO",36.27761,-86.72089,"TREE","37115","2022","December","Winter","03","Saturday","Weekend","No Injuries","No Fatalities"
9.99033449558422e-314,2022-12-31 04:04:00,1,0,0,NA,"Y","NOT COLLISION W/MOTOR VEHICLE-TRANSPORT","RAIN","DARK - NOT LIGHTED","0 RASCOE ST","NASHVILLE","SOUTH",36.11609,-86.73693,"BRIDGE RAIL","37210","2022","December","Winter","04","Saturday","Weekend","No Injuries","No Fatalities"
9.99033449953674e-314,2022-12-31 04:18:00,1,0,1,NA,"N","NOT COLLISION W/MOTOR VEHICLE-TRANSPORT","RAIN","DARK - LIGHTED","BROADWAY & 18TH AVS","NASHVILLE","MIDTOW",36.15137,-86.79609,"PEDESTRIAN","37203","2022","December","Winter","04","Saturday","Weekend","No Injuries","With Fatalities"
9.99033451337058e-314,2022-12-31 04:41:00,3,1,0,NA,"Y","ANGLE","RAIN","DARK - LIGHTED","MURFREESBORO PKE & HOBSON PKE","ANTIOCH","SOUTH",36.04285,-86.60655,"MOTOR VEHICLE IN TRANSPORT","37013","2022","December","Winter","04","Saturday","Weekend","Injuries","No Fatalities"
9.99033451732311e-314,2022-12-31 05:00:00,2,0,0,NA,"Y","SIDESWIPE - SAME DIRECTION","RAIN","DARK - LIGHTED","FATHERLAND ST & S 4TH ST","NASHVILLE","EAST",36.1695,-86.76444,"PARKED MOTOR VEHICLE","37206","2022","December","Winter","05","Saturday","Weekend","No Injuries","No Fatalities"
9.99033453659167e-314,2022-12-31 05:10:00,1,0,0,NA,"N","NOT COLLISION W/MOTOR VEHICLE-TRANSPORT","RAIN","DARK - LIGHTED","ROSA L PARKS BLVD & I65 N EXT RAMP","NASHVILLE","NORTH",36.18252,-86.79768,"UTILITY POLE","37208","2022","December","Winter","05","Saturday","Weekend","No Injuries","No Fatalities"
9.99033454597891e-314,2022-12-31 05:24:00,2,2,0,NA,"N","HEAD-ON","RAIN","DARK - NOT LIGHTED","MURFREESBORO PKE & LAKEVILLA DR","ANTIOCH","SOUTH",36.07697,-86.64123,"MOTOR VEHICLE IN TRANSPORT","37013","2022","December","Winter","05","Saturday","Weekend","Injuries","No Fatalities"
9.99033454993144e-314,2022-12-31 05:20:00,2,0,0,NA,"N","SIDESWIPE - OPPOSITE DIRECTION","RAIN","DARK - LIGHTED","CASTLEGATE DR & SMITH SPRINGS RD","NASHVILLE","HERMIT",36.08881,-86.61521,"MOTOR VEHICLE IN TRANSPORT","37217","2022","December","Winter","05","Saturday","Weekend","No Injuries","No Fatalities"
9.99033456228308e-314,2022-12-31 05:48:00,2,2,0,NA,"Y","SIDESWIPE - OPPOSITE DIRECTION","RAIN","DARK - LIGHTED","ROSA L PARKS BLVD & NELSON MERRY ST","NASHVILLE","CENTRA",36.16574,-86.78727,"MOTOR VEHICLE IN TRANSPORT","37219","2022","December","Winter","05","Saturday","Weekend","Injuries","No Fatalities"
9.99033458105757e-314,2022-12-31 06:00:00,2,0,0,NA,"Y","Front to Rear","RAIN","DARK - LIGHTED","STATE RT 45 & GALLATIN PKEN","MADISON","MADISO",36.26306,-86.71188,"MOTOR VEHICLE IN TRANSPORT","37115","2022","December","Winter","06","Saturday","Weekend","No Injuries","No Fatalities"
9.99033458303384e-314,2022-12-31 06:10:00,1,0,0,NA,"N","NOT COLLISION W/MOTOR VEHICLE-TRANSPORT","RAIN","DARK - NOT LIGHTED","12TH AVS & EDGEHILL AV","NASHVILLE","MIDTOW",36.14222,-86.78713,"CURB","37203","2022","December","Winter","06","Saturday","Weekend","No Injuries","No Fatalities"