"Accident.Number","Date.and.Time","Number.of.Motor.Vehicles","Number.of.Injuries","Number.of.Fatalities","Property.Damage","Hit.and.Run","Collision.Type.Description","Weather.Description","Illumination.Description","Street.Address","City","Precinct","Latitude","Longitude","HarmfulDescriptions","Zip.Code","Year","Month","Season","Hour","Weekday","DayType","Accident","Fatality_category"
9.99033458797449e-314,2022-12-31 08:00:00,2,0,0,NA,"Y","SIDESWIPE - OPPOSITE DIRECTION","RAIN","DARK - LIGHTED","DELMAS AV & SPAIN AV","NASHVILLE","EAST",36.20099,-86.74655,"PARKED MOTOR VEHICLE","37216","2022","December","Winter","08","Saturday","Weekend","No Injuries","No Fatalities"
9.99033458995076e-314,2022-12-31 06:19:00,1,1,0,NA,"N","NOT COLLISION W/MOTOR VEHICLE-TRANSPORT","RAIN","DARK - LIGHTED","MM 55 3 I 24","NASHVILLE","SOUTH",36.09051,-86.70343,"GUARDRAIL FACE","37211","2022","December","Winter","06","Saturday","Weekend","Injuries","No Fatalities"
9.99033459637361e-314,2022-12-31 06:45:00,2,0,0,NA,"Y","SIDESWIPE - SAME DIRECTION","RAIN","DARK - LIGHTED","MM 89 4 I 65","NASHVILLE","EAST",36.23438,-86.76629,"MOTOR VEHICLE IN TRANSPORT","37207","2022","December","Winter","06","Saturday","Weekend","No Injuries","No Fatalities"
9.99033460773712e-314,2022-12-31 07:17:00,2,1,0,NA,"Y","SIDESWIPE - SAME DIRECTION","RAIN","DARK - LIGHTED","MM 53 4 I 24","NASHVILLE","SOUTH",36.11325,-86.72393,"MOTOR VEHICLE IN TRANSPORT;CONCRETE TRAFFIC BARRIER","37210","2022","December","Winter","07","Saturday","Weekend","Injuries","No Fatalities"
9.99033460971338e-314,2022-12-31 06:00:00,2,0,0,NA,"N","SIDESWIPE - SAME DIRECTION","RAIN","DARK - NOT LIGHTED","I24 E EXT RAMP & I 24","NASHVILLE","NORTH",36.03865,-86.64799,"MOTOR VEHICLE IN TRANSPORT","37207","2022","December","Winter","06","Saturday","Weekend","No Injuries","No Fatalities"
9.99033461020745e-314,2022-12-31 06:50:00,2,0,0,NA,"Y","Front to Rear","RAIN","DARK - LIGHTED","ROSA L PARKS BLVD & VANTAGE WAY CT","NASHVILLE","NORTH",36.19131,-86.79915,"MOTOR VEHICLE IN TRANSPORT","37228","2022","December","Winter","06","Saturday","Weekend","No Injuries","No Fatalities"
9.99033461465404e-314,2022-12-31 07:20:00,1,0,0,NA,"N","NOT COLLISION W/MOTOR VEHICLE-TRANSPORT","RAIN","DARK - NOT LIGHTED","MURFREESBORO PKE & MOUNTAIN SPRINGS RD","ANTIOCH","SOUTH",36.04784,-86.61205,"UTILITY POLE;Motor Vehicle-In-Motion Outside Trafficw","37013","2022","December","Winter","07","Saturday","Weekend","No Injuries","No Fatalities"
9.99033461910063e-314,2022-12-31 07:30:00,1,1,0,NA,"Y","NOT COLLISION W/MOTOR VEHICLE-TRANSPORT","RAIN","DARK - LIGHTED","PICCADILLY ROW & BISHOPSGATE RD","NASHVILLE","SOUTH",36.07862,-86.66106,"PEDESTRIAN","37217","2022","December","Winter","07","Saturday","Weekend","Injuries","No Fatalities"
9.99033463589886e-314,2022-12-31 06:00:00,1,0,0,NA,"Y","NOT COLLISION W/MOTOR VEHICLE-TRANSPORT","RAIN","DARK - LIGHTED","NOLENSVILLE PKE & APRIL LN","NASHVILLE","SOUTH",36.0569,-86.71586,"SHRUBBERY","37211","2022","December","Winter","06","Saturday","Weekend","No Injuries","No Fatalities"
9.99033463639293e-314,2022-12-31 08:30:00,2,0,0,NA,"N","Front to Rear","RAIN","DARK - LIGHTED","MM 60 3 I 24","ANTIOCH","SOUTH",36.03702,-86.64604,"MOTOR VEHICLE IN TRANSPORT","37013","2022","December","Winter","08","Saturday","Weekend","No Injuries","No Fatalities"
9.99033463935732e-314,2022-12-31 08:31:00,1,0,0,NA,"Y","NOT COLLISION W/MOTOR VEHICLE-TRANSPORT","RAIN","DARK - NOT LIGHTED","MM 200 8 I 40","NASHVILLE","WEST",36.12839,-86.90069,"EMBANKMENT EARTH","37209","2022","December","Winter","08","Saturday","Weekend","No Injuries","No Fatalities"
9.99033465615555e-314,2022-12-31 09:17:00,1,1,0,NA,"N","NOT COLLISION W/MOTOR VEHICLE-TRANSPORT","RAIN","DARK - NOT LIGHTED","MT VIEW RD & SANTI LN","ANTIOCH","SOUTH",36.05054,-86.62542,"UTILITY POLE","37013","2022","December","Winter","09","Saturday","Weekend","Injuries","No Fatalities"
9.99033465862588e-314,2022-12-31 09:23:00,2,1,0,NA,"N","ANGLE","RAIN","DARK - LIGHTED","MM 48 1 I 24","NASHVILLE","EAST",36.17459,-86.77112,"MOTOR VEHICLE IN TRANSPORT","37206","2022","December","Winter","09","Saturday","Weekend","Injuries","No Fatalities"
9.99033468234103e-314,2022-12-30 06:00:00,2,0,0,NA,"N","SIDESWIPE - SAME DIRECTION","RAIN","DARK - LIGHTED","JAMES ROBERTSON PKWY & 3RD AVN","NASHVILLE","CENTRA",36.16705,-86.7798,"MOTOR VEHICLE IN TRANSPORT","37201","2022","December","Winter","06","Friday","Weekday","No Injuries","No Fatalities"
9.9903346986452e-314,2022-12-31 11:15:00,1,0,0,NA,"N","NOT COLLISION W/MOTOR VEHICLE-TRANSPORT","RAIN","DARK - LIGHTED","GALLATIN PKES & GALLATIN PKE NB EXT RAMP","MADISON","MADISO",36.23679,-86.72444,"","37115","2022","December","Winter","11","Saturday","Weekend","No Injuries","No Fatalities"
9.99033472730101e-314,2022-12-31 12:35:00,2,0,0,NA,"N","ANGLE","RAIN","DAYLIGHT","23RD AVN & MURPHY AV","NASHVILLE","MIDTOW",36.15367,-86.80819,"MOTOR VEHICLE IN TRANSPORT","37203","2022","December","Winter","12","Saturday","Weekend","No Injuries","No Fatalities"
9.99498022647226e-314,2023-01-31 06:00:00,2,2,0,NA,"N","ANGLE","RAIN","DARK - LIGHTED","NOLENSVILLE PKE & FAIRLANE DR","NASHVILLE","MIDTOW",36.06405,-86.71713,"MOTOR VEHICLE IN TRANSPORT","37211","2023","January","Winter","06","Tuesday","Weekday","Injuries","No Fatalities"
9.99498022894259e-314,2023-01-31 06:00:00,2,0,0,NA,"Y","Front to Rear","RAIN","DAYLIGHT","BLAKEMORE AV & MEDICAL CENTER DR","NASHVILLE","MIDTOW",36.13763,-86.80112,"MOTOR VEHICLE IN TRANSPORT","37212","2023","January","Winter","06","Tuesday","Weekday","No Injuries","No Fatalities"
9.99498026747971e-314,2023-02-01 00:23:00,1,0,0,NA,"N","NOT COLLISION W/MOTOR VEHICLE-TRANSPORT","RAIN","DARK - NOT LIGHTED","DOVERSIDE DR & BRILEY PKWYW","NASHVILLE","MADISO",36.24209,-86.76169,"GUARDRAIL END","37207","2023","February","Winter","00","Wednesday","Weekday","No Injuries","No Fatalities"
9.99498028823047e-314,2023-02-01 00:36:00,2,0,0,NA,"N","ANGLE","RAIN","DARK - LIGHTED","I40 E ENT RAMP & I 40","NASHVILLE","WEST",36.13192,-86.89555,"MOTOR VEHICLE IN TRANSPORT","37205","2023","February","Winter","00","Wednesday","Weekday","No Injuries","No Fatalities"
9.9949803366489e-314,2023-02-01 01:50:00,2,1,0,NA,"N","ANGLE","RAIN","DARK - LIGHTED","DONELSON PKE & I40 E EXT RAMP","NASHVILLE","HERMIT",36.13997,-86.66636,"MOTOR VEHICLE IN TRANSPORT","37217","2023","February","Winter","01","Wednesday","Weekday","Injuries","No Fatalities"
9.9949803381311e-314,2023-02-01 01:50:00,1,1,0,NA,"N","NOT COLLISION W/MOTOR VEHICLE-TRANSPORT","RAIN","DARK - LIGHTED","MURFREESBORO PKE & LESTER AV","NASHVILLE","HERMIT",36.14553,-86.75253,"","37210","2023","February","Winter","01","Wednesday","Weekday","Injuries","No Fatalities"
9.99498035147087e-314,2023-02-01 02:05:00,1,1,0,NA,"N","NOT COLLISION W/MOTOR VEHICLE-TRANSPORT","RAIN","DARK - NOT LIGHTED","4000 MURFREESBORO PKE","ANTIOCH","SOUTH",36.02602,-86.58788,"OTHER FIXED OBJECTS","37013","2023","February","Winter","02","Wednesday","Weekday","Injuries","No Fatalities"
9.9949803554234e-314,2023-02-01 01:20:00,2,0,0,NA,"N","Front to Rear","RAIN","DARK - LIGHTED","OLD HICKORY BLVD & PINECREST DR","ANTIOCH","SOUTH",36.04558,-86.70592,"MOTOR VEHICLE IN TRANSPORT","37013","2023","February","Winter","01","Wednesday","Weekday","No Injuries","No Fatalities"
9.99498040532403e-314,2023-02-01 02:33:00,2,0,0,NA,"N","ANGLE","RAIN","DARK - LIGHTED","BELL RD & ELM HILL PKE","NASHVILLE","HERMIT",36.14113,-86.62797,"MOTOR VEHICLE IN TRANSPORT","37214","2023","February","Winter","02","Wednesday","Weekday","No Injuries","No Fatalities"
9.99498046411784e-314,2023-02-01 04:32:00,1,1,0,NA,"N","NOT COLLISION W/MOTOR VEHICLE-TRANSPORT","RAIN","DARK - NOT LIGHTED","SHUTE LN & SAUNDERSVILLE RD","OLD HICKORY","HERMIT",36.22878,-86.60298,"DITCH","37138","2023","February","Winter","04","Wednesday","Weekday","Injuries","No Fatalities"
9.99498047301102e-314,2023-02-01 04:39:00,3,2,0,NA,"Y","UNKNOWN","RAIN","DARK - LIGHTED","LEWIS ST & LAFAYETTE ST","NASHVILLE","SOUTH",36.14755,-86.75865,"MOTOR VEHICLE IN TRANSPORT","37210","2023","February","Winter","04","Wednesday","Weekday","Injuries","No Fatalities"
9.99498054860306e-314,2023-02-01 03:35:00,2,0,0,NA,"Y","Front to Rear","RAIN","DARK - LIGHTED","EDGE O LAKE DR & MARTWAY DR","ANTIOCH","SOUTH",36.07914,-86.64496,"Motor Vehicle-In-Motion Outside Trafficw","37013","2023","February","Winter","03","Wednesday","Weekday","No Injuries","No Fatalities"
9.99498055897844e-314,2023-02-01 06:30:00,1,0,0,NA,"N","NOT COLLISION W/MOTOR VEHICLE-TRANSPORT","RAIN","DARK - LIGHTED","HERMITAGE AV & FAIRFIELD AV","NASHVILLE","HERMIT",36.15377,-86.75519,"GUARDRAIL END","37210","2023","February","Winter","06","Wednesday","Weekday","No Injuries","No Fatalities"
9.99498059158678e-314,2023-02-01 07:06:00,2,1,0,NA,"N","SIDESWIPE - SAME DIRECTION","RAIN","DARK - LIGHTED","MM 212 3 I 40","NASHVILLE","HERMIT",36.14444,-86.73913,"MOTOR VEHICLE IN TRANSPORT","37210","2023","February","Winter","07","Wednesday","Weekday","Injuries","No Fatalities"
9.99498072893703e-314,2023-02-01 06:00:00,2,1,0,NA,"N","Front to Rear","RAIN","DARK - LIGHTED","BLAIR BLVD & NATCHEZ TRC","NASHVILLE","MIDTOW",36.13152,-86.81189,"MOTOR VEHICLE IN TRANSPORT","37212","2023","February","Winter","06","Wednesday","Weekday","Injuries","No Fatalities"
9.99498135541226e-314,2023-02-02 00:43:00,3,0,0,NA,"N","Front to Rear","RAIN","DARK - NOT LIGHTED","OLD HICKORY BLVD & CROMWELL DR","NASHVILLE","MIDTOW",36.04559,-86.85474,"MOTOR VEHICLE IN TRANSPORT","37215","2023","February","Winter","00","Thursday","Weekday","No Injuries","No Fatalities"
9.99498144039156e-314,2023-02-02 02:52:00,2,0,0,NA,"N","Front to Rear","RAIN","DAYLIGHT","MM 56 5 I 24","NASHVILLE","SOUTH",36.07524,-86.69355,"MOTOR VEHICLE IN TRANSPORT;UTILITY POLE;Ran Off Road-Right","37211","2023","February","Winter","02","Thursday","Weekday","No Injuries","No Fatalities"
9.9949814655889e-314,2023-02-01 06:00:00,1,1,0,NA,"N","NOT COLLISION W/MOTOR VEHICLE-TRANSPORT","RAIN","DARK - NOT LIGHTED","LINBAR DR & MELMACK DR","NASHVILLE","SOUTH",36.07372,-86.69312,"UTILITY POLE;CURB;Ran Off Road-Right","37211","2023","February","Winter","06","Wednesday","Weekday","Injuries","No Fatalities"
9.99498166864988e-314,2023-02-01 06:00:00,1,1,0,NA,"N","NOT COLLISION W/MOTOR VEHICLE-TRANSPORT","RAIN","DARK - LIGHTED","MM 211 0 I 40","NASHVILLE","HERMIT",36.15442,-86.7585,"GUARDRAIL FACE","37210","2023","February","Winter","06","Wednesday","Weekday","Injuries","No Fatalities"
9.99498172299711e-314,2023-02-02 05:19:00,1,0,0,NA,"Y","NOT COLLISION W/MOTOR VEHICLE-TRANSPORT","RAIN","DARK - LIGHTED","MM 51 1 I 24","NASHVILLE","SOUTH",36.13641,-86.72716,"BOULDER","37210","2023","February","Winter","05","Thursday","Weekday","No Injuries","No Fatalities"
9.99498179908321e-314,2023-02-02 06:00:00,1,0,0,NA,"Y","NOT COLLISION W/MOTOR VEHICLE-TRANSPORT","RAIN","DARK - LIGHTED","MM 51 3 I 24","NASHVILLE","SOUTH",36.13833,-86.72796,"GUARDRAIL FACE","37210","2023","February","Winter","06","Thursday","Weekday","No Injuries","No Fatalities"
9.99498190975392e-314,2023-02-02 12:35:00,2,1,0,NA,"Y","Front to Rear","RAIN","DAYLIGHT","BRILEY PKWYS & BRILEY PKWYN","NASHVILLE","NORTH",36.16977,-86.68871,"MOTOR VEHICLE IN TRANSPORT","37218","2023","February","Winter","12","Thursday","Weekday","Injuries","No Fatalities"
9.99499784139474e-314,2023-02-17 01:00:00,2,2,0,NA,"N","ANGLE","RAIN","DARK - LIGHTED","BELL FORGE LNE & BELL RD","ANTIOCH","SOUTH",36.05073,-86.64691,"MOTOR VEHICLE IN TRANSPORT","37013","2023","February","Winter","01","Friday","Weekday","Injuries","No Fatalities"
9.99499784880572e-314,2023-02-17 00:54:00,2,0,0,NA,"N","SIDESWIPE - SAME DIRECTION","RAIN","Dark-Unknown Lighting","MM 56 8 I 24","NASHVILLE","SOUTH",36.07183,-86.69117,"MOTOR VEHICLE IN TRANSPORT","37211","2023","February","Winter","00","Friday","Weekday","No Injuries","No Fatalities"
9.99499788388438e-314,2023-02-17 01:51:00,2,0,0,NA,"Y","Front to Rear","RAIN","DARK - LIGHTED","HARDING PL & DANBY DR","NASHVILLE","MIDTOW",36.0786,-86.7452,"MOTOR VEHICLE IN TRANSPORT","37211","2023","February","Winter","01","Friday","Weekday","No Injuries","No Fatalities"
9.99497321568075e-314,2023-01-25 05:29:00,2,3,0,NA,"N","HEAD-ON","RAIN","DARK - LIGHTED","KOREAN VETERANS BLVD & 4TH AVS","NASHVILLE","CENTRA",36.15711,-86.77467,"MOTOR VEHICLE IN TRANSPORT","37203","2023","January","Winter","05","Wednesday","Weekday","Injuries","No Fatalities"
9.99497322803239e-314,2023-01-25 05:37:00,1,0,0,NA,"N","NOT COLLISION W/MOTOR VEHICLE-TRANSPORT","RAIN","DARK - LIGHTED","MM 85 3 I 65","NASHVILLE","NORTH",36.18698,-86.7956,"CONCRETE TRAFFIC BARRIER","37208","2023","January","Winter","05","Wednesday","Weekday","No Injuries","No Fatalities"
9.99497324532469e-314,2023-01-25 05:50:00,1,1,0,NA,"N","NOT COLLISION W/MOTOR VEHICLE-TRANSPORT","RAIN","DARK - NOT LIGHTED","MM 59 2 I 24","ANTIOCH","SOUTH",36.04718,-86.66192,"WALL","37013","2023","January","Winter","05","Wednesday","Weekday","Injuries","No Fatalities"
9.99497332091673e-314,2023-01-25 07:28:00,1,0,0,NA,"Y","NOT COLLISION W/MOTOR VEHICLE-TRANSPORT","RAIN","DARK - LIGHTED","MM 53 6 I 24","NASHVILLE","SOUTH",36.11112,-86.72249,"GUARDRAIL FACE;Ran Off Road-Left","37211","2023","January","Winter","07","Wednesday","Weekday","No Injuries","No Fatalities"
9.99497341874173e-314,2023-01-25 11:04:00,2,1,0,NA,"N","ANGLE","RAIN","DARK - LIGHTED","NOLENSVILLE PKE & MCMURRAY DR","NASHVILLE","SOUTH",36.0613,-86.71668,"MOTOR VEHICLE IN TRANSPORT","37211","2023","January","Winter","11","Wednesday","Weekday","Injuries","No Fatalities"
9.99497342368239e-314,2023-01-25 11:29:00,1,1,0,NA,"N","NOT COLLISION W/MOTOR VEHICLE-TRANSPORT","RAIN","DARK - LIGHTED","FOSTER AV & TPS COMPLEX PVTDR","NASHVILLE","SOUTH",36.1335,-86.74145,"UTILITY POLE","37210","2023","January","Winter","11","Wednesday","Weekday","Injuries","No Fatalities"
9.99497344344501e-314,2023-01-25 12:15:00,1,1,0,NA,"N","NOT COLLISION W/MOTOR VEHICLE-TRANSPORT","RAIN","DARK - NOT LIGHTED","BELL RD & NED SHELTON RD","NASHVILLE","HERMIT",36.10803,-86.62996,"DITCH","37217","2023","January","Winter","12","Wednesday","Weekday","Injuries","No Fatalities"
9.9949734478916e-314,2023-01-25 06:00:00,1,0,0,NA,"N","NOT COLLISION W/MOTOR VEHICLE-TRANSPORT","RAIN","DARK - LIGHTED","PEARL ST & DR D B TODD JR BLVD","NASHVILLE","NORTH",36.15931,-86.80091,"WALL;FIRE HYDRANT","37203","2023","January","Winter","06","Wednesday","Weekday","No Injuries","No Fatalities"
9.99497407387278e-314,2023-01-26 00:10:00,4,1,0,NA,"N","Front to Rear","RAIN","DARK - NOT LIGHTED","CHARLOTTE PKE & I40 E EXT RAMP","NASHVILLE","WEST",36.13083,-86.89828,"MOTOR VEHICLE IN TRANSPORT","37205","2023","January","Winter","00","Thursday","Weekday","Injuries","No Fatalities"
9.99497424877201e-314,2023-01-26 03:44:00,1,1,0,NA,"Y","NOT COLLISION W/MOTOR VEHICLE-TRANSPORT","RAIN","DARK - NOT LIGHTED","0 PAYNE RD","ANTIOCH","SOUTH",36.06512,-86.6745,"UTILITY POLE;DITCH","37013","2023","January","Winter","03","Thursday","Weekday","Injuries","No Fatalities"
9.99497432732845e-314,2023-01-26 04:40:00,1,0,0,NA,"N","NOT COLLISION W/MOTOR VEHICLE-TRANSPORT","RAIN","DARK - LIGHTED","TUSCULUM RD & SHIHMEN DR","ANTIOCH","SOUTH",36.0525,-86.68445,"GUARDRAIL FACE;Ran Off Road-Right","37013","2023","January","Winter","04","Thursday","Weekday","No Injuries","No Fatalities"
9.99497465143552e-314,2023-01-26 06:00:00,3,0,0,NA,"N","ANGLE","RAIN","DAYLIGHT","MCCRORY LN & AVONDALE PARK BLVD","NASHVILLE","WEST",36.06657,-86.99784,"MOTOR VEHICLE IN TRANSPORT;GUARDRAIL FACE","37221","2023","January","Winter","06","Thursday","Weekday","No Injuries","No Fatalities"
9.99497734755175e-314,2023-01-29 00:34:00,2,0,0,NA,"Y","SIDESWIPE - SAME DIRECTION","RAIN","DARK - NOT LIGHTED","MM 89 6 I 65","NASHVILLE","MADISO",36.23595,-86.76302,"MOTOR VEHICLE IN TRANSPORT","37207","2023","January","Winter","00","Sunday","Weekend","No Injuries","No Fatalities"
9.9949773999227e-314,2023-01-28 06:00:00,2,0,0,NA,"N","OTHER","RAIN","DARK - NOT LIGHTED","LENORE ST & S 7TH ST","NASHVILLE","EAST",36.16489,-86.7546,"PARKED MOTOR VEHICLE","37206","2023","January","Winter","06","Saturday","Weekend","No Injuries","No Fatalities"
9.99497743549543e-314,2023-01-29 04:11:00,1,0,0,NA,"N","NOT COLLISION W/MOTOR VEHICLE-TRANSPORT","RAIN","DARK - LIGHTED","MM 89 4 I 65","NASHVILLE","EAST",36.23471,-86.7657,"GUARDRAIL FACE","37207","2023","January","Winter","04","Sunday","Weekend","No Injuries","No Fatalities"
9.99497748984265e-314,2023-01-29 04:45:00,2,0,0,NA,"N","ANGLE","RAIN","DARK - LIGHTED","21ST AVS & WEST END AV","NASHVILLE","MIDTOW",36.15049,-86.80123,"MOTOR VEHICLE IN TRANSPORT","37203","2023","January","Winter","04","Sunday","Weekend","No Injuries","No Fatalities"
9.99497750664088e-314,2023-01-29 05:24:00,2,0,0,NA,"N","ANGLE","RAIN","DARK - LIGHTED","I24 E EXT RAMP & I 24","NASHVILLE","NORTH",36.16623,-86.76579,"MOTOR VEHICLE IN TRANSPORT","37207","2023","January","Winter","05","Sunday","Weekend","No Injuries","No Fatalities"
9.99497755703558e-314,2023-01-29 04:35:00,2,0,0,NA,"Y","ANGLE","RAIN","DARK - LIGHTED","MOOREWOOD DR & WILMOTH RD","NASHVILLE","MADISO",36.23572,-86.77487,"PARKED MOTOR VEHICLE;OTHER OBJECT (NOT FIXED)","37207","2023","January","Winter","04","Sunday","Weekend","No Injuries","No Fatalities"
9.99497760545401e-314,2023-01-29 07:45:00,2,0,0,NA,"Y","SIDESWIPE - SAME DIRECTION","RAIN","DARK - NOT LIGHTED","MM 207 6 I 40","NASHVILLE","NORTH",36.17208,-86.80058,"MOTOR VEHICLE IN TRANSPORT","37208","2023","January","Winter","07","Sunday","Weekend","No Injuries","No Fatalities"
9.99497761533533e-314,2023-01-29 08:10:00,2,0,0,NA,"N","ANGLE","RAIN","DARK - LIGHTED","MM 49 8 I 24","NASHVILLE","HERMIT",36.15463,-86.75849,"MOTOR VEHICLE IN TRANSPORT","37210","2023","January","Winter","08","Sunday","Weekend","No Injuries","No Fatalities"
9.99497762818103e-314,2023-01-29 07:00:00,2,0,0,NA,"Y","ANGLE","RAIN","DARK - LIGHTED","CLIFTON AV & 27TH AVN","NASHVILLE","NORTH",36.15857,-86.81682,"MOTOR VEHICLE IN TRANSPORT","37209","2023","January","Winter","07","Sunday","Weekend","No Injuries","No Fatalities"
9.99497763608608e-314,2023-01-29 09:00:00,3,2,0,NA,"N","ANGLE","RAIN","DARK - LIGHTED","CAHAL AV & GALLATIN AV","NASHVILLE","EAST",36.19666,-86.74225,"MOTOR VEHICLE IN TRANSPORT","37206","2023","January","Winter","09","Sunday","Weekend","Injuries","No Fatalities"
9.99497763855641e-314,2023-01-29 09:00:00,2,0,0,NA,"Y","SIDESWIPE - SAME DIRECTION","RAIN","DARK - LIGHTED","MM 205 4 I 40","NASHVILLE","WEST",36.15511,-86.82987,"MOTOR VEHICLE IN TRANSPORT","37209","2023","January","Winter","09","Sunday","Weekend","No Injuries","No Fatalities"
9.99497764695553e-314,2023-01-29 09:15:00,1,0,0,NA,"N","NOT COLLISION W/MOTOR VEHICLE-TRANSPORT","RAIN","DARK - LIGHTED","OLD HARDING PKE & OLD HARDING PKE RAMP","NASHVILLE","WEST",36.07368,-86.92342,"UTILITY POLE","37221","2023","January","Winter","09","Sunday","Weekend","No Injuries","No Fatalities"
9.9949776761054e-314,2023-01-29 09:45:00,1,0,0,NA,"N","NOT COLLISION W/MOTOR VEHICLE-TRANSPORT","RAIN","DARK - LIGHTED","4TH AVS & SYMPHONY PL","NASHVILLE","CENTRA",36.15994,-86.7765,"OTHER POST, POLE, SUPP.","37203","2023","January","Winter","09","Sunday","Weekend","No Injuries","No Fatalities"
9.99497767906979e-314,2023-01-29 11:10:00,1,0,0,NA,"Y","NOT COLLISION W/MOTOR VEHICLE-TRANSPORT","RAIN","DARK - NOT LIGHTED","MM 57 8 I 24","ANTIOCH","SOUTH",36.06075,-86.68068,"EMBANKMENT EARTH","37013","2023","January","Winter","11","Sunday","Weekend","No Injuries","No Fatalities"
9.99497768203419e-314,2023-01-29 11:25:00,1,0,0,NA,"N","NOT COLLISION W/MOTOR VEHICLE-TRANSPORT","RAIN","DARK - LIGHTED","CHARLOTTE PKE & CHARLOTTE ROAD CIR","NASHVILLE","WEST",36.14125,-86.87765,"SHRUBBERY","37209","2023","January","Winter","11","Sunday","Weekend","No Injuries","No Fatalities"
9.99497768549265e-314,2023-01-29 11:29:00,2,0,0,NA,"Y","SIDESWIPE - SAME DIRECTION","RAIN","DARK - LIGHTED","BRILEY PKWY N EXT RAMP & MARRIOTT DR","NASHVILLE","HERMIT",36.14848,-86.69184,"MOTOR VEHICLE IN TRANSPORT","37214","2023","January","Winter","11","Sunday","Weekend","No Injuries","No Fatalities"
9.99497768993924e-314,2023-01-29 11:57:00,1,1,0,NA,"N","NOT COLLISION W/MOTOR VEHICLE-TRANSPORT","RAIN","DARK - LIGHTED","MM 55 3 I 24","NASHVILLE","SOUTH",36.09052,-86.70344,"CONCRETE TRAFFIC BARRIER","37211","2023","January","Winter","11","Sunday","Weekend","Injuries","No Fatalities"
9.99497769389176e-314,2023-01-29 10:50:00,1,1,0,NA,"N","NOT COLLISION W/MOTOR VEHICLE-TRANSPORT","RAIN","DARK - NOT LIGHTED","WHITES CREEK PKE & PARMLEY LN","NASHVILLE","NORTH",36.24445,-86.82278,"OTHER OBJECT (NOT FIXED)","37207","2023","January","Winter","10","Sunday","Weekend","Injuries","No Fatalities"
9.99497811483569e-314,2023-01-30 01:13:00,2,3,0,NA,"N","ANGLE","RAIN","DARK - NOT LIGHTED","BRILEY PKWYS & BRILEY PKWYN","NASHVILLE","NORTH",36.19497,-86.68759,"MOTOR VEHICLE IN TRANSPORT;PARKED MOTOR VEHICLE","37218","2023","January","Winter","01","Monday","Weekday","Injuries","No Fatalities"
9.99497944634261e-314,2023-01-31 06:35:00,2,1,0,NA,"N","ANGLE","RAIN","DARK - LIGHTED","SMITH SPRINGS RD & BELL RD","NASHVILLE","HERMIT",36.09033,-86.6265,"MOTOR VEHICLE IN TRANSPORT","37217","2023","January","Winter","06","Tuesday","Weekday","Injuries","No Fatalities"
9.99497949624324e-314,2023-01-31 08:07:00,1,0,0,NA,"N","NOT COLLISION W/MOTOR VEHICLE-TRANSPORT","RAIN","DARK - LIGHTED","LAVERGNE COUCHVILLE PKE & PIN HOOK RD","ANTIOCH","SOUTH",36.04625,-86.58255,"DITCH","37013","2023","January","Winter","08","Tuesday","Weekday","No Injuries","No Fatalities"
9.99497951946432e-314,2023-01-31 08:25:00,1,0,0,NA,"N","NOT COLLISION W/MOTOR VEHICLE-TRANSPORT","RAIN","DARK - NOT LIGHTED","COUCHVILLE PKE & S MOUNT JULIET RD","HERMITAGE","SOUTH",36.09326,-86.52338,"DITCH;FENCE","37076","2023","January","Winter","08","Tuesday","Weekday","No Injuries","No Fatalities"
9.99497951995839e-314,2023-01-31 08:36:00,2,0,0,NA,"N","Front to Rear","RAIN","DARK - LIGHTED","LINBAR DR & HARDING PL","NASHVILLE","SOUTH",36.08416,-86.70589,"MOTOR VEHICLE IN TRANSPORT","37211","2023","January","Winter","08","Tuesday","Weekday","No Injuries","No Fatalities"
9.99497960049109e-314,2023-01-31 06:00:00,1,0,0,NA,"Y","NOT COLLISION W/MOTOR VEHICLE-TRANSPORT","RAIN","Dark-Unknown Lighting","PAVILION BLVD & PLUS PARK BLVD","NASHVILLE","SOUTH",36.13262,-86.72275,"CURB","37217","2023","January","Winter","06","Tuesday","Weekday","No Injuries","No Fatalities"
9.99497960641988e-314,2023-01-31 12:00:00,3,1,0,NA,"N","ANGLE","RAIN","DARK - LIGHTED","JAMES ROBERTSON PKWY & INTERSTATE DR","NASHVILLE","CENTRA",36.17143,-86.76904,"MOTOR VEHICLE IN TRANSPORT","37213","2023","January","Winter","12","Tuesday","Weekday","Injuries","No Fatalities"
9.99497964792139e-314,2023-01-31 12:33:00,2,0,0,NA,"Y","ANGLE","RAIN","DAWN","MURFREESBORO PKE & FAIRCLOTH LN","NASHVILLE","HERMIT",36.10323,-86.66648,"MOTOR VEHICLE IN TRANSPORT","37217","2023","January","Winter","12","Tuesday","Weekday","No Injuries","No Fatalities"
9.99499802617529e-314,2023-02-17 02:04:00,2,0,0,NA,"Y","Front to Rear","RAIN","DARK - LIGHTED","BELL RD & MURFREESBORO PKE","ANTIOCH","SOUTH",36.07187,-86.63618,"MOTOR VEHICLE IN TRANSPORT","37013","2023","February","Winter","02","Friday","Weekday","No Injuries","No Fatalities"
9.99499805631329e-314,2023-02-17 04:14:00,2,0,0,NA,"N","Front to Rear","RAIN","DARK - LIGHTED","MM 203 7 I 40","NASHVILLE","WEST",36.15139,-86.86143,"MOTOR VEHICLE IN TRANSPORT","37209","2023","February","Winter","04","Friday","Weekday","No Injuries","No Fatalities"