"Accident.Number","Date.and.Time","Number.of.Motor.Vehicles","Number.of.Injuries","Number.of.Fatalities","Property.Damage","Hit.and.Run","Collision.Type.Description","Weather.Description","Illumination.Description","Street.Address","City","Precinct","Latitude","Longitude","HarmfulDescriptions","Zip.Code","Year","Month","Season","Hour","Weekday","DayType","Accident","Fatality_category"
9.99499818625256e-314,2023-02-17 05:50:00,2,0,0,NA,"Y","OTHER","RAIN","DARK - LIGHTED","MASSMAN DR & ELM HILL PKE","NASHVILLE","HERMIT",36.14236,-86.71027,"MOTOR VEHICLE IN TRANSPORT","37210","2023","February","Winter","05","Friday","Weekday","No Injuries","No Fatalities"
9.99498836966224e-314,2023-02-08 10:40:00,1,0,0,NA,"N","NOT COLLISION W/MOTOR VEHICLE-TRANSPORT","RAIN","DARK - LIGHTED","I440 W ENT RAMP & I 24","NASHVILLE","SOUTH",36.12667,-86.72811,"CONCRETE TRAFFIC BARRIER","37217","2023","February","Winter","10","Wednesday","Weekday","No Injuries","No Fatalities"
9.99498839683585e-314,2023-02-08 11:45:00,2,1,0,NA,"N","ANGLE","RAIN","DARK - NOT LIGHTED","OLD HICKORY BLVD & BROKEN BOW DR","ANTIOCH","SOUTH",36.01355,-86.67292,"MOTOR VEHICLE IN TRANSPORT","37013","2023","February","Winter","11","Wednesday","Weekday","Injuries","No Fatalities"
9.99498948032181e-314,2023-02-09 06:20:00,1,0,0,NA,"Y","Front to Rear","RAIN","DARK - LIGHTED","I65 N ENT RAMP & W TRINITY LN","NASHVILLE","EAST",36.20628,-86.77351,"MOTOR VEHICLE IN TRANSPORT","37207","2023","February","Winter","06","Thursday","Weekday","No Injuries","No Fatalities"
9.99498950502509e-314,2023-02-09 06:49:00,2,3,0,NA,"N","OTHER","RAIN","DARK - LIGHTED","STEWARTS FERRY PIKE & -UNKNOWN RAMP/ROAD","NASHVILLE","HERMIT",36.15639,-86.63141,"MOTOR VEHICLE IN TRANSPORT;Ran Off Road-Left","37214","2023","February","Winter","06","Thursday","Weekday","Injuries","No Fatalities"
9.99498951095388e-314,2023-02-09 06:57:00,1,0,0,NA,"N","NOT COLLISION W/MOTOR VEHICLE-TRANSPORT","RAIN","DARK - LIGHTED","MM 48 1 I 24","NASHVILLE","EAST",36.17434,-86.77091,"CONCRETE TRAFFIC BARRIER","37206","2023","February","Winter","06","Thursday","Weekday","No Injuries","No Fatalities"
9.99498952478772e-314,2023-02-09 07:18:00,1,0,0,NA,"Y","NOT COLLISION W/MOTOR VEHICLE-TRANSPORT","RAIN","DARK - LIGHTED","LINCOYA BAY DR & BELL RD","NASHVILLE","HERMIT",36.14547,-86.62587,"TREE","37214","2023","February","Winter","07","Thursday","Weekday","No Injuries","No Fatalities"
9.9949895336809e-314,2023-02-09 07:28:00,1,1,0,NA,"N","NOT COLLISION W/MOTOR VEHICLE-TRANSPORT","RAIN","DARK - NOT LIGHTED","MM 212 4 I 40","NASHVILLE","HERMIT",36.1435,-86.73747,"CONCRETE TRAFFIC BARRIER","37210","2023","February","Winter","07","Thursday","Weekday","Injuries","No Fatalities"
9.99498962458898e-314,2023-02-09 10:45:00,1,0,0,NA,"N","NOT COLLISION W/MOTOR VEHICLE-TRANSPORT","RAIN","DARK - LIGHTED","THOMPSON LN & NOLENSVILLE PKE","NASHVILLE","MIDTOW",36.11094,-86.74522,"UTILITY POLE","37211","2023","February","Winter","10","Thursday","Weekday","No Injuries","No Fatalities"
9.99498962804744e-314,2023-02-09 06:00:00,1,0,0,NA,"Y","NOT COLLISION W/MOTOR VEHICLE-TRANSPORT","RAIN","DARK - NOT LIGHTED","EDMONDSON PKE & CLOVERLAND DR","NASHVILLE","MIDTOW",36.02772,-86.74389,"UTILITY POLE","37211","2023","February","Winter","06","Thursday","Weekday","No Injuries","No Fatalities"
9.99499891104686e-314,2023-02-17 04:45:00,1,0,0,NA,"N","NOT COLLISION W/MOTOR VEHICLE-TRANSPORT","RAIN","DARK - NOT LIGHTED","NEILL AV & MARINA ST","NASHVILLE","EAST",36.18029,-86.7601,"FIRE HYDRANT","37206","2023","February","Winter","04","Friday","Weekday","No Injuries","No Fatalities"
9.99499288838664e-314,2023-02-12 05:26:00,2,1,0,NA,"Y","SIDESWIPE - SAME DIRECTION","RAIN","DARK - LIGHTED","S 5TH ST & SHELBY AV","NASHVILLE","EAST",36.1676,-86.76222,"MOTOR VEHICLE IN TRANSPORT","37206","2023","February","Winter","05","Sunday","Weekend","Injuries","No Fatalities"
9.99500103799946e-314,2023-02-20 06:00:00,2,0,0,NA,"N","Front to Rear","RAIN","DAYLIGHT","MM 211 0 I 40","NASHVILLE","HERMIT",36.15464,-86.75935,"MOTOR VEHICLE IN TRANSPORT","37210","2023","February","Winter","06","Monday","Weekday","No Injuries","No Fatalities"
9.99499557659781e-314,2023-02-15 01:48:00,2,0,0,NA,"Y","ANGLE","RAIN","DARK - LIGHTED","19TH AVN & PATTERSON ST","NASHVILLE","MIDTOW",36.15623,-86.80037,"MOTOR VEHICLE IN TRANSPORT","37203","2023","February","Winter","01","Wednesday","Weekday","No Injuries","No Fatalities"
9.99499559240792e-314,2023-02-15 02:04:00,2,0,0,NA,"Y","Front to Rear","RAIN","DARK - LIGHTED","HILLSBORO PKE & ABBOTT MARTIN RD","NASHVILLE","WEST",36.10585,-86.81387,"MOTOR VEHICLE IN TRANSPORT","37215","2023","February","Winter","02","Wednesday","Weekday","No Injuries","No Fatalities"
9.9949956329213e-314,2023-02-15 02:54:00,1,1,0,NA,"N","NOT COLLISION W/MOTOR VEHICLE-TRANSPORT","RAIN","DARK - LIGHTED","20TH AVS & WEST END AV","NASHVILLE","MIDTOW",36.15135,-86.79932,"PEDESTRIAN","37203","2023","February","Winter","02","Wednesday","Weekday","Injuries","No Fatalities"
9.99499570060829e-314,2023-02-15 03:45:00,1,0,0,NA,"N","NOT COLLISION W/MOTOR VEHICLE-TRANSPORT","RAIN","DARK - LIGHTED","MM 212 3 I 40","NASHVILLE","HERMIT",36.14469,-86.73955,"CONCRETE TRAFFIC BARRIER","37210","2023","February","Winter","03","Wednesday","Weekday","No Injuries","No Fatalities"
9.99499571938279e-314,2023-02-15 04:20:00,1,0,0,NA,"N","NOT COLLISION W/MOTOR VEHICLE-TRANSPORT","RAIN","Dark-Unknown Lighting","MM 41 0 I 24","WHITES CREEK","NORTH",36.27067,-86.79377,"DITCH","37189","2023","February","Winter","04","Wednesday","Weekday","No Injuries","No Fatalities"
9.99499575347332e-314,2023-02-15 04:45:00,1,0,0,NA,"N","NOT COLLISION W/MOTOR VEHICLE-TRANSPORT","RAIN","DARK - NOT LIGHTED","HARDING PKE & BROOKMONT TER","NASHVILLE","WEST",36.0873,-86.89302,"GUARDRAIL FACE","37221","2023","February","Winter","04","Wednesday","Weekday","No Injuries","No Fatalities"
9.99499602767975e-314,2023-02-15 06:00:00,1,0,0,NA,"Y","NOT COLLISION W/MOTOR VEHICLE-TRANSPORT","RAIN","UNKNOWN","RURAL HILL RD & TOOK DR","ANTIOCH","SOUTH",36.05703,-86.64829,"FENCE","37013","2023","February","Winter","06","Wednesday","Weekday","No Injuries","No Fatalities"
9.99499679051711e-314,2023-02-15 06:00:00,2,0,0,NA,"Y","ANGLE","RAIN","DARK - NOT LIGHTED","EDMONDSON PKE & WHISPERING HILLS DR","NASHVILLE","MIDTOW",36.07213,-86.73289,"MOTOR VEHICLE IN TRANSPORT","37211","2023","February","Winter","06","Wednesday","Weekday","No Injuries","No Fatalities"
9.99499682559577e-314,2023-02-16 03:57:00,1,0,0,NA,"Y","NOT COLLISION W/MOTOR VEHICLE-TRANSPORT","RAIN","DARK - LIGHTED","BROOKRIDGE TRL & WALLACE RD","NASHVILLE","SOUTH",36.07959,-86.72096,"CURB;DITCH;TREE","37211","2023","February","Winter","03","Thursday","Weekday","No Injuries","No Fatalities"
9.9949968438762e-314,2023-02-16 04:06:00,1,0,0,NA,"N","NOT COLLISION W/MOTOR VEHICLE-TRANSPORT","RAIN","DARK - NOT LIGHTED","MM 211 7 I 40","NASHVILLE","HERMIT",36.1501,-86.74835,"GUARDRAIL FACE;CONCRETE TRAFFIC BARRIER","37210","2023","February","Winter","04","Thursday","Weekday","No Injuries","No Fatalities"
9.99499701581104e-314,2023-02-16 07:10:00,2,4,0,NA,"N","OTHER","RAIN","DARK - LIGHTED","MM 212 0 I 40","NASHVILLE","HERMIT",36.14742,-86.74394,"MOTOR VEHICLE IN TRANSPORT","37210","2023","February","Winter","07","Thursday","Weekday","Injuries","No Fatalities"
9.9949970854743e-314,2023-02-16 09:13:00,2,1,0,NA,"N","ANGLE","RAIN","DARK - NOT LIGHTED","MM 58 6 I 24","ANTIOCH","SOUTH",36.0519,-86.6701,"MOTOR VEHICLE IN TRANSPORT;CONCRETE TRAFFIC BARRIER","37013","2023","February","Winter","09","Thursday","Weekday","Injuries","No Fatalities"
9.99499709189715e-314,2023-02-16 06:00:00,2,0,0,NA,"N","SIDESWIPE - SAME DIRECTION","RAIN","DARK - NOT LIGHTED","MM 58 6 I 24","ANTIOCH","SOUTH",36.0519,-86.6701,"MOTOR VEHICLE IN TRANSPORT","37013","2023","February","Winter","06","Thursday","Weekday","No Injuries","No Fatalities"
9.9949971170945e-314,2023-02-16 06:00:00,1,0,0,NA,"N","NOT COLLISION W/MOTOR VEHICLE-TRANSPORT","RAIN","DARK - LIGHTED","MURFREESBORO PKE & THOMPSON PL","NASHVILLE","SOUTH",36.1267,-86.71109,"UTILITY POLE","37217","2023","February","Winter","06","Thursday","Weekday","No Injuries","No Fatalities"
9.99499712154109e-314,2023-02-16 06:00:00,1,0,0,NA,"Y","NOT COLLISION W/MOTOR VEHICLE-TRANSPORT","RAIN","DARK - NOT LIGHTED","MM 52 8 I 24","NASHVILLE","SOUTH",36.12067,-86.72705,"WALL","37210","2023","February","Winter","06","Thursday","Weekday","No Injuries","No Fatalities"
9.99499716254854e-314,2023-02-16 12:06:00,2,0,0,NA,"N","ANGLE","RAIN","DARK - NOT LIGHTED","CLIFTON AV & 40TH AVN","NASHVILLE","WEST",36.15709,-86.83432,"MOTOR VEHICLE IN TRANSPORT","37209","2023","February","Winter","12","Thursday","Weekday","No Injuries","No Fatalities"
9.99499717440611e-314,2023-02-16 12:13:00,2,0,0,NA,"N","ANGLE","RAIN","DARK - NOT LIGHTED","FAIRCLOTH LN & OLD MURFREESBORO PKE","NASHVILLE","HERMIT",36.10362,-86.66648,"MOTOR VEHICLE IN TRANSPORT","37217","2023","February","Winter","12","Thursday","Weekday","No Injuries","No Fatalities"
9.99499777518994e-314,2023-02-16 06:00:00,2,1,0,NA,"N","ANGLE","RAIN","DARK - LIGHTED","NOLENSVILLE PKE & HARDING PL","NASHVILLE","MIDTOW",36.08081,-86.72673,"MOTOR VEHICLE IN TRANSPORT","37211","2023","February","Winter","06","Thursday","Weekday","Injuries","No Fatalities"
9.9950039381648e-314,2023-02-23 00:24:00,1,0,0,NA,"N","NOT COLLISION W/MOTOR VEHICLE-TRANSPORT","RAIN","DARK - LIGHTED","LAWNDALE DR & EAST THOMPSON LN","NASHVILLE","SOUTH",36.12545,-86.71343,"DITCH","37211","2023","February","Winter","00","Thursday","Weekday","No Injuries","No Fatalities"
9.99500395397491e-314,2023-02-23 00:46:00,3,3,0,NA,"N","Front to Rear","RAIN","DARK - LIGHTED","LEBANON PKE & OLD HICKORY BLVD","HERMITAGE","HERMIT",36.19844,-86.62027,"MOTOR VEHICLE IN TRANSPORT","37076","2023","February","Winter","00","Thursday","Weekday","Injuries","No Fatalities"
9.99500396237402e-314,2023-02-23 00:54:00,2,1,0,NA,"N","ANGLE","RAIN","DARK - LIGHTED","CHARLOTTE PK & I 40 E ENTRANCE RAMP","NASHVILLE","WEST",36.131979,-86.895597,"MOTOR VEHICLE IN TRANSPORT","37205","2023","February","Winter","00","Thursday","Weekday","Injuries","No Fatalities"
9.9950039870773e-314,2023-02-22 06:00:00,3,2,0,NA,"N","ANGLE","RAIN","DARK - LIGHTED","12TH AVS & BROADWAY","NASHVILLE","CENTRA",36.15658,-86.78748,"MOTOR VEHICLE IN TRANSPORT","37203","2023","February","Winter","06","Wednesday","Weekday","Injuries","No Fatalities"
9.99500399152389e-314,2023-02-23 01:32:00,2,0,0,NA,"Y","Front to Rear","RAIN","DARK - LIGHTED","MM 54 6 I 24","NASHVILLE","SOUTH",36.09941,-86.7109,"MOTOR VEHICLE IN TRANSPORT","37211","2023","February","Winter","01","Thursday","Weekday","No Injuries","No Fatalities"
9.99500399300609e-314,2023-02-23 01:35:00,2,0,0,NA,"Y","Front to Rear","RAIN","DARK - LIGHTED","OLD HICKORY BLVD & HIGHWAY 70S","NASHVILLE","WEST",36.07447,-86.92094,"MOTOR VEHICLE IN TRANSPORT","37221","2023","February","Winter","01","Thursday","Weekday","No Injuries","No Fatalities"
9.99500401029839e-314,2023-02-22 06:00:00,2,2,0,NA,"N","ANGLE","RAIN","DARK - LIGHTED","ANDREW JACKSON PKWY & LEBANON PKE","HERMITAGE","HERMIT",36.21506,-86.59767,"MOTOR VEHICLE IN TRANSPORT","37076","2023","February","Winter","06","Wednesday","Weekday","Injuries","No Fatalities"
9.99500401523905e-314,2023-02-23 01:59:00,2,0,1,NA,"Y","NOT COLLISION W/MOTOR VEHICLE-TRANSPORT","RAIN","DARK - LIGHTED","300 GALLATIN PKEN","MADISON","MADISO",36.26514,-86.71121,"PEDESTRIAN","37115","2023","February","Winter","01","Thursday","Weekday","No Injuries","With Fatalities"
9.99500409428955e-314,2023-02-23 04:00:00,1,0,0,NA,"Y","NOT COLLISION W/MOTOR VEHICLE-TRANSPORT","RAIN","DARK - NOT LIGHTED","BUENA VISTA PKE & MOORMANS ARM RD","NASHVILLE","NORTH",36.21475,-86.81767,"DITCH","37207","2023","February","Winter","04","Thursday","Weekday","No Injuries","No Fatalities"
9.99500409527768e-314,2023-02-23 01:00:00,2,0,0,NA,"N","Front to Rear","RAIN","DARK - LIGHTED","MM 56 6 I 24","NASHVILLE","SOUTH",36.07379,-86.69238,"MOTOR VEHICLE IN TRANSPORT","37211","2023","February","Winter","01","Thursday","Weekday","No Injuries","No Fatalities"
9.99500409774801e-314,2023-02-23 02:11:00,2,0,0,NA,"Y","SIDESWIPE - OPPOSITE DIRECTION","RAIN","DARK - LIGHTED","GREENFIELD AV & GOLF ST","NASHVILLE","EAST",36.20928,-86.72423,"MOTOR VEHICLE IN TRANSPORT","37216","2023","February","Winter","02","Thursday","Weekday","No Injuries","No Fatalities"
9.99500411849877e-314,2023-02-23 03:50:00,1,1,0,NA,"N","NOT COLLISION W/MOTOR VEHICLE-TRANSPORT","RAIN","DARK - LIGHTED","MM 52 1 I 24","NASHVILLE","SOUTH",36.13333,-86.72676,"CONCRETE TRAFFIC BARRIER","37217","2023","February","Winter","03","Thursday","Weekday","Injuries","No Fatalities"
9.99500415357743e-314,2023-02-23 04:26:00,1,0,0,NA,"N","NOT COLLISION W/MOTOR VEHICLE-TRANSPORT","RAIN","DARK - LIGHTED","S 2ND ST & VICTORY AV","NASHVILLE","CENTRA",36.16567,-86.76891,"CURB","37213","2023","February","Winter","04","Thursday","Weekday","No Injuries","No Fatalities"
9.99500416741126e-314,2023-02-23 02:35:00,2,0,0,NA,"Y","ANGLE","RAIN","DARK - NOT LIGHTED","LINBAR DR & WALLACE RD","NASHVILLE","SOUTH",36.08236,-86.70213,"MOTOR VEHICLE IN TRANSPORT","37211","2023","February","Winter","02","Thursday","Weekday","No Injuries","No Fatalities"
9.99500423460419e-314,2023-02-23 05:25:00,2,0,0,NA,"Y","Front to Rear","RAIN","DARK - LIGHTED","MM 5 4 I 440","NASHVILLE","MIDTOW",36.12015,-86.76603,"MOTOR VEHICLE IN TRANSPORT","37204","2023","February","Winter","05","Thursday","Weekday","No Injuries","No Fatalities"
9.99500423608639e-314,2023-02-23 02:37:00,2,0,0,NA,"N","SIDESWIPE - SAME DIRECTION","RAIN","DARK - LIGHTED","MURFREESBORO PKE & EDGE O LAKE DR","ANTIOCH","SOUTH",36.07949,-86.6446,"MOTOR VEHICLE IN TRANSPORT","37013","2023","February","Winter","02","Thursday","Weekday","No Injuries","No Fatalities"
9.99500424399144e-314,2023-02-23 05:32:00,2,0,0,NA,"Y","SIDESWIPE - SAME DIRECTION","RAIN","DARK - LIGHTED","MM 47 7 I 24","NASHVILLE","EAST",36.17877,-86.77354,"MOTOR VEHICLE IN TRANSPORT","37207","2023","February","Winter","05","Thursday","Weekday","No Injuries","No Fatalities"
9.99500426078967e-314,2023-02-23 06:15:00,2,0,0,NA,"Y","Front to Rear","RAIN","DARK - LIGHTED","NOLENSVILLE PKE & HARDING PL","NASHVILLE","MIDTOW",36.08047,-86.72661,"MOTOR VEHICLE IN TRANSPORT","37211","2023","February","Winter","06","Thursday","Weekday","No Injuries","No Fatalities"
9.99500437590697e-314,2023-02-23 08:27:00,3,3,0,NA,"N","ANGLE","RAIN","DARK - LIGHTED","JEFFERSON ST & DR D B TODD JR BLVD","NASHVILLE","NORTH",36.16949,-86.80654,"MOTOR VEHICLE IN TRANSPORT","37208","2023","February","Winter","08","Thursday","Weekday","Injuries","No Fatalities"
9.99500438529421e-314,2023-02-23 08:44:00,1,0,0,NA,"N","NOT COLLISION W/MOTOR VEHICLE-TRANSPORT","RAIN","DARK - NOT LIGHTED","RICE RD & EDGE O LAKE DR","ANTIOCH","SOUTH",36.07292,-86.64559,"CURB","37013","2023","February","Winter","08","Thursday","Weekday","No Injuries","No Fatalities"
9.99500443321858e-314,2023-02-23 10:58:00,1,0,0,NA,"N","NOT COLLISION W/MOTOR VEHICLE-TRANSPORT","RAIN","DARK - LIGHTED","MYATT DR & SPRING BRANCH DR","MADISON","MADISO",36.29313,-86.6957,"UTILITY POLE;DITCH","37115","2023","February","Winter","10","Thursday","Weekday","No Injuries","No Fatalities"
9.99500444902868e-314,2023-02-23 06:00:00,2,0,0,NA,"N","OTHER","RAIN","DARK - LIGHTED","DUE WEST AVW & S GRAYCROFT AV","MADISON","MADISO",36.24919,-86.73446,"MOTOR VEHICLE IN TRANSPORT","37115","2023","February","Winter","06","Thursday","Weekday","No Injuries","No Fatalities"
9.99500515653069e-314,2023-02-24 00:22:00,1,1,0,NA,"N","NOT COLLISION W/MOTOR VEHICLE-TRANSPORT","RAIN","DARK - NOT LIGHTED","EDMONDSON PKE & MT PISGAH RD","NASHVILLE","MIDTOW",36.02488,-86.74237,"DITCH","37211","2023","February","Winter","00","Friday","Weekday","Injuries","No Fatalities"
9.99500699939555e-314,2023-02-25 06:00:00,1,1,0,NA,"N","NOT COLLISION W/MOTOR VEHICLE-TRANSPORT","RAIN","DAYLIGHT","SPRINGFIELD HWY & SPRINGFIELD HWY PVTDR","GOODLETTSVILLE","MADISO",36.38751,-86.7574,"DITCH","37072","2023","February","Winter","06","Saturday","Weekend","Injuries","No Fatalities"
9.99500711500691e-314,2023-02-25 06:00:00,2,0,0,NA,"N","ANGLE","RAIN","DAYLIGHT","MM 47 0 I 24","NASHVILLE","CENTRA",36.18825,-86.77538,"MOTOR VEHICLE IN TRANSPORT","37207","2023","February","Winter","06","Saturday","Weekend","No Injuries","No Fatalities"
9.99500813722873e-314,2023-02-27 00:15:00,2,1,0,NA,"N","SIDESWIPE - SAME DIRECTION","RAIN","DARK - LIGHTED","MM 207 4 I 40","NASHVILLE","NORTH",36.1707,-86.80421,"MOTOR VEHICLE IN TRANSPORT","37208","2023","February","Winter","00","Monday","Weekday","Injuries","No Fatalities"
9.99500814661598e-314,2023-02-27 00:24:00,2,2,0,NA,"N","ANGLE","RAIN","DARK - NOT LIGHTED","STEWARTS FERRY PKE & I40 W EXT RAMP","NASHVILLE","HERMIT",36.15645,-86.63131,"MOTOR VEHICLE IN TRANSPORT","37214","2023","February","Winter","00","Monday","Weekday","Injuries","No Fatalities"
9.99500815550916e-314,2023-02-27 00:44:00,3,2,0,NA,"N","Front to Rear","RAIN","DARK - LIGHTED","CHARLOTTE PKE & OLD CHARLOTTE PKE","NASHVILLE","WEST",36.13273,-86.89319,"MOTOR VEHICLE IN TRANSPORT","37209","2023","February","Winter","00","Monday","Weekday","Injuries","No Fatalities"
9.99500846331205e-314,2023-02-27 07:20:00,1,0,0,NA,"Y","NOT COLLISION W/MOTOR VEHICLE-TRANSPORT","RAIN","DARK - NOT LIGHTED","CHANDLER RD & WAYNEWOOD LN","HERMITAGE","HERMIT",36.19676,-86.59703,"DITCH","37076","2023","February","Winter","07","Monday","Weekday","No Injuries","No Fatalities"
9.99500857694715e-314,2023-02-27 12:52:00,1,0,0,NA,"N","NOT COLLISION W/MOTOR VEHICLE-TRANSPORT","RAIN","DAWN","STATE HWY 155 & EXIT 21A","NASHVILLE","NORTH",36.23056,-86.82922,"GUARDRAIL FACE","37218","2023","February","Winter","12","Monday","Weekday","No Injuries","No Fatalities"
9.9950222502139e-314,2023-03-12 00:42:00,2,0,0,NA,"N","Front to Rear","RAIN","DARK - NOT LIGHTED","OLD LEBANON DIRT RD & TULIP GROVE RD","HERMITAGE","HERMIT",36.18914,-86.59326,"MOTOR VEHICLE IN TRANSPORT","37076","2023","March","Spring","00","Sunday","Weekend","No Injuries","No Fatalities"
9.99502225515456e-314,2023-03-12 00:50:00,2,1,0,NA,"N","Front to Rear","RAIN","DARK - LIGHTED","DIVISION ST & DEMONBREUN ST","NASHVILLE","MIDTOW",36.1522,-86.79137,"MOTOR VEHICLE IN TRANSPORT","37203","2023","March","Spring","00","Sunday","Weekend","Injuries","No Fatalities"
9.99502228430443e-314,2023-03-12 01:40:00,2,0,0,NA,"Y","HEAD-ON","RAIN","DARK - LIGHTED","GALLATIN PKES & GALLATIN PKEN","MADISON","MADISO",36.26302,-86.71194,"MOTOR VEHICLE IN TRANSPORT","37115","2023","March","Spring","01","Sunday","Weekend","No Injuries","No Fatalities"
9.99502233568726e-314,2023-03-12 03:20:00,1,0,0,NA,"N","NOT COLLISION W/MOTOR VEHICLE-TRANSPORT","RAIN","DARK - NOT LIGHTED","LAWNDALE DR & EAST THOMPSON LN","NASHVILLE","SOUTH",36.12545,-86.71343,"DITCH","37211","2023","March","Spring","03","Sunday","Weekend","No Injuries","No Fatalities"
9.99502234062792e-314,2023-03-12 03:28:00,2,1,0,NA,"Y","Front to Rear","RAIN","DARK - LIGHTED","APACHE TRL & PACKARD DR","NASHVILLE","SOUTH",36.06507,-86.68581,"MOTOR VEHICLE IN TRANSPORT","37211","2023","March","Spring","03","Sunday","Weekend","Injuries","No Fatalities"
9.99502234754483e-314,2023-03-12 03:35:00,1,0,0,NA,"Y","NOT COLLISION W/MOTOR VEHICLE-TRANSPORT","RAIN","DARK - LIGHTED","MM 85 5 I 65","NASHVILLE","CENTRA",36.18881,-86.79307,"CONCRETE TRAFFIC BARRIER","37208","2023","March","Spring","03","Sunday","Weekend","No Injuries","No Fatalities"
9.99502235643802e-314,2023-03-12 03:57:00,2,0,0,NA,"Y","ANGLE","RAIN","DARK - LIGHTED","GLADSTONE AV & EDISON ST","NASHVILLE","MIDTOW",36.12712,-86.75782,"MOTOR VEHICLE IN TRANSPORT","37211","2023","March","Spring","03","Sunday","Weekend","No Injuries","No Fatalities"
9.9950223796591e-314,2023-03-11 06:00:00,1,0,0,NA,"Y","NOT COLLISION W/MOTOR VEHICLE-TRANSPORT","RAIN","DARK - NOT LIGHTED","EARHART RD & LEONA PASS","MOUNT JULIET","HERMIT",36.14964,-86.57063,"CURB;CONCRETE TRAFFIC BARRIER","37122","2023","March","Spring","06","Saturday","Weekend","No Injuries","No Fatalities"
9.99502238311756e-314,2023-03-12 04:03:00,2,0,0,NA,"N","ANGLE","RAIN","DARK - LIGHTED","S 5TH ST & SHELBY AV","NASHVILLE","EAST",36.1676,-86.76222,"MOTOR VEHICLE IN TRANSPORT","37206","2023","March","Spring","04","Sunday","Weekend","No Injuries","No Fatalities"
9.99502238558789e-314,2023-03-12 04:35:00,1,1,0,NA,"N","NOT COLLISION W/MOTOR VEHICLE-TRANSPORT","RAIN","DARK - LIGHTED","MM 203 6 I 40","NASHVILLE","WEST",36.15106,-86.86374,"CONCRETE TRAFFIC BARRIER","37209","2023","March","Spring","04","Sunday","Weekend","Injuries","No Fatalities"
9.9950224142437e-314,2023-03-12 05:05:00,1,0,0,NA,"N","NOT COLLISION W/MOTOR VEHICLE-TRANSPORT","RAIN","DARK - LIGHTED","GALLATIN PKE & BRILEY PKWY E EXT RAMP","NASHVILLE","EAST",36.23391,-86.72481,"OTHER OBJECT (NOT FIXED)","37216","2023","March","Spring","05","Sunday","Weekend","No Injuries","No Fatalities"
9.99502241869029e-314,2023-03-12 05:14:00,1,1,0,NA,"N","NOT COLLISION W/MOTOR VEHICLE-TRANSPORT","RAIN","DARK - LIGHTED","MM 211 4 I 40","NASHVILLE","HERMIT",36.15176,-86.7526,"CONCRETE TRAFFIC BARRIER","37210","2023","March","Spring","05","Sunday","Weekend","Injuries","No Fatalities"
9.99502243845291e-314,2023-03-12 05:29:00,2,0,0,NA,"N","SIDESWIPE - SAME DIRECTION","RAIN","DARK - LIGHTED","12TH AVS & DEMONBREUN ST","NASHVILLE","CENTRA",36.15445,-86.7861,"MOTOR VEHICLE IN TRANSPORT","37203","2023","March","Spring","05","Sunday","Weekend","No Injuries","No Fatalities"
9.9950224428995e-314,2023-03-11 06:00:00,2,0,0,NA,"N","ANGLE","RAIN","DARK - LIGHTED","E TRINITY LN & DICKERSON PKE","NASHVILLE","EAST",36.20589,-86.76861,"MOTOR VEHICLE IN TRANSPORT","37207","2023","March","Spring","06","Saturday","Weekend","No Injuries","No Fatalities"
9.99502245080455e-314,2023-03-12 05:56:00,2,2,0,NA,"N","HEAD-ON","RAIN","DARK - LIGHTED","GALLATIN PKE & HAYSBORO AV","NASHVILLE","EAST",36.23149,-86.7249,"MOTOR VEHICLE IN TRANSPORT","37216","2023","March","Spring","05","Sunday","Weekend","Injuries","No Fatalities"
9.99502246612059e-314,2023-03-12 06:00:00,1,1,0,NA,"N","NOT COLLISION W/MOTOR VEHICLE-TRANSPORT","RAIN","DARK - LIGHTED","MM 86 6 I 65","NASHVILLE","NORTH",36.19629,-86.7756,"GUARDRAIL FACE;Ran Off Road-Left","37207","2023","March","Spring","06","Sunday","Weekend","Injuries","No Fatalities"
9.9950224760019e-314,2023-03-12 06:20:00,1,0,0,NA,"N","NOT COLLISION W/MOTOR VEHICLE-TRANSPORT","RAIN","DARK - LIGHTED","WESTBORO DR & BAGLEYSHOP DR","NASHVILLE","WEST",36.15436,-86.87814,"GUARDRAIL FACE","37209","2023","March","Spring","06","Sunday","Weekend","No Injuries","No Fatalities"
9.995022491812e-314,2023-03-12 06:35:00,2,0,0,NA,"N","ANGLE","RAIN","DARK - LIGHTED","CHARLOTTE PKE & OLD HICKORY BLVD","NASHVILLE","WEST",36.11671,-86.92325,"MOTOR VEHICLE IN TRANSPORT","37209","2023","March","Spring","06","Sunday","Weekend","No Injuries","No Fatalities"
9.99502249774079e-314,2023-03-12 06:56:00,1,0,0,NA,"N","NOT COLLISION W/MOTOR VEHICLE-TRANSPORT","RAIN","DARK - LIGHTED","DIVISION ST & 7TH AVS","NASHVILLE","CENTRA",36.14992,-86.77676,"CURB;CONCRETE TRAFFIC BARRIER","37203","2023","March","Spring","06","Sunday","Weekend","No Injuries","No Fatalities"
9.99502251206869e-314,2023-03-12 06:55:00,1,0,0,NA,"N","NOT COLLISION W/MOTOR VEHICLE-TRANSPORT","RAIN","DARK - LIGHTED","FRANKLIN PKE & LAMBERT DR","NASHVILLE","MIDTOW",36.07856,-86.77294,"UTILITY POLE","37220","2023","March","Spring","06","Sunday","Weekend","No Injuries","No Fatalities"