"Accident.Number","Date.and.Time","Number.of.Motor.Vehicles","Number.of.Injuries","Number.of.Fatalities","Property.Damage","Hit.and.Run","Collision.Type.Description","Weather.Description","Illumination.Description","Street.Address","City","Precinct","Latitude","Longitude","HarmfulDescriptions","Zip.Code","Year","Month","Season","Hour","Weekday","DayType","Accident","Fatality_category"
9.99502251700935e-314,2023-03-12 06:28:00,2,0,0,NA,"Y","SIDESWIPE - SAME DIRECTION","RAIN","DARK - NOT LIGHTED","MM 217 0 I 40","NASHVILLE","HERMIT",36.14084,-86.65899,"MOTOR VEHICLE IN TRANSPORT","37214","2023","March","Spring","06","Sunday","Weekend","No Injuries","No Fatalities"
9.99502253133725e-314,2023-03-12 07:44:00,3,2,0,NA,"Y","UNKNOWN","RAIN","DARK - NOT LIGHTED","I24 W EXT RAMP & I 24","NASHVILLE","SOUTH",36.10714,-86.71947,"MOTOR VEHICLE IN TRANSPORT","37211","2023","March","Spring","07","Sunday","Weekend","Injuries","No Fatalities"
9.99502254319483e-314,2023-03-12 07:51:00,2,0,0,NA,"Y","HEAD-ON","RAIN","DARK - LIGHTED","NOLENSVILLE PKE & NORTHCREST DR","NASHVILLE","SOUTH",36.06711,-86.71826,"MOTOR VEHICLE IN TRANSPORT","37211","2023","March","Spring","07","Sunday","Weekend","No Injuries","No Fatalities"
9.99502254961768e-314,2023-03-12 08:00:00,2,0,0,NA,"N","HEAD-ON","RAIN","DARK - LIGHTED","HAYWOOD LN & CHAMBERS DR","NASHVILLE","SOUTH",36.06842,-86.70746,"MOTOR VEHICLE IN TRANSPORT","37211","2023","March","Spring","08","Sunday","Weekend","No Injuries","No Fatalities"
9.99502255011175e-314,2023-03-12 06:00:00,1,0,0,NA,"Y","NOT COLLISION W/MOTOR VEHICLE-TRANSPORT","RAIN","DARK - NOT LIGHTED","HARDING PL & EZELL PKE","NASHVILLE","SOUTH",36.08841,-86.69029,"BRIDGE RAIL","37211","2023","March","Spring","06","Sunday","Weekend","No Injuries","No Fatalities"
9.99502255258208e-314,2023-03-12 08:22:00,2,2,0,NA,"Y","ANGLE","RAIN","DARK - LIGHTED","2ND AVS & I40 E ENT RAMP","NASHVILLE","HERMIT",36.15134,-86.76836,"MOTOR VEHICLE IN TRANSPORT;MOTOR VEHICLE IN TRANSPORT-OTHER ROADWAY","37210","2023","March","Spring","08","Sunday","Weekend","Injuries","No Fatalities"
9.9950225580168e-314,2023-03-12 08:30:00,2,0,0,NA,"N","ANGLE","RAIN","DARK - LIGHTED","I65 S EXT RAMP & I 65","MADISON","MADISO",36.08267,-86.76514,"MOTOR VEHICLE IN TRANSPORT","37115","2023","March","Spring","08","Sunday","Weekend","No Injuries","No Fatalities"
9.99502255999306e-314,2023-03-12 08:47:00,2,1,0,NA,"N","HEAD-ON","RAIN","DARK - LIGHTED","VERNON AV & NASHUA AV","NASHVILLE","WEST",36.15948,-86.86812,"PARKED MOTOR VEHICLE;DITCH;Ran Off Road-Left","37209","2023","March","Spring","08","Sunday","Weekend","Injuries","No Fatalities"
9.99502256690998e-314,2023-03-12 06:00:00,1,1,0,NA,"Y","NOT COLLISION W/MOTOR VEHICLE-TRANSPORT","RAIN","DARK - NOT LIGHTED","OLD MURFREESBORO PIKE & SMITH SPRINGS RD","NASHVILLE","HERMIT",36.09677,-86.65459,"PEDESTRIAN","37217","2023","March","Spring","06","Sunday","Weekend","Injuries","No Fatalities"
9.99502256987438e-314,2023-03-12 09:28:00,2,0,0,NA,"N","Front to Rear","RAIN","DARK - LIGHTED","MURFREESBORO PKE & SMITH SPRINGS RD","NASHVILLE","SOUTH",36.09622,-86.65572,"MOTOR VEHICLE IN TRANSPORT","37217","2023","March","Spring","09","Sunday","Weekend","No Injuries","No Fatalities"
9.99502257926162e-314,2023-03-12 09:26:00,1,0,0,NA,"N","NOT COLLISION W/MOTOR VEHICLE-TRANSPORT","RAIN","DARK - LIGHTED","HIGHWAY 70S & HICKS RD","NASHVILLE","WEST",36.07391,-86.9264,"CURB","37221","2023","March","Spring","09","Sunday","Weekend","No Injuries","No Fatalities"
9.99502258667261e-314,2023-03-12 10:34:00,2,1,0,NA,"N","Front to Rear","RAIN","DARK - LIGHTED","I65 N ENT RAMP & I 65","NASHVILLE","EAST",36.23833,-86.75558,"MOTOR VEHICLE IN TRANSPORT","37207","2023","March","Spring","10","Sunday","Weekend","Injuries","No Fatalities"
9.99502260445897e-314,2023-03-12 08:45:00,2,0,0,NA,"N","ANGLE","RAIN","DARK - NOT LIGHTED","BRILEY PKWYN & I24 W EXT RAMP","NASHVILLE","SOUTH",36.10993,-86.72034,"MOTOR VEHICLE IN TRANSPORT","37211","2023","March","Spring","08","Sunday","Weekend","No Injuries","No Fatalities"
9.99502261582248e-314,2023-03-12 01:51:00,2,0,0,NA,"Y","SIDESWIPE - OPPOSITE DIRECTION","RAIN","DAYLIGHT","TOPEKA DR & BATON ROUGE DR","HERMITAGE","HERMIT",36.20669,-86.60032,"MOTOR VEHICLE IN TRANSPORT","37076","2023","March","Spring","01","Sunday","Weekend","No Injuries","No Fatalities"
9.99502262026907e-314,2023-03-12 06:45:00,2,0,0,NA,"Y","ANGLE","RAIN","DARK - LIGHTED","WALLACE RD & LARGO DR","NASHVILLE","SOUTH",36.08391,-86.702,"MOTOR VEHICLE IN TRANSPORT;UNKNOWN MOST HARMFUL EVENT","37211","2023","March","Spring","06","Sunday","Weekend","No Injuries","No Fatalities"
9.99502263360884e-314,2023-03-12 12:40:00,1,1,0,NA,"N","NOT COLLISION W/MOTOR VEHICLE-TRANSPORT","RAIN","DARK - NOT LIGHTED","COUCHVILLE PKE & COUCHVILLE PIKE","HERMITAGE","SOUTH",36.09237,-86.52207,"TREE","37076","2023","March","Spring","12","Sunday","Weekend","Injuries","No Fatalities"
9.99502266177059e-314,2023-03-12 06:00:00,2,0,0,NA,"Y","HEAD-ON","RAIN","Dark-Unknown Lighting","LINBAR DR & LUNA DR","NASHVILLE","SOUTH",36.08015,-86.69765,"MOTOR VEHICLE IN TRANSPORT","37211","2023","March","Spring","06","Sunday","Weekend","No Injuries","No Fatalities"
9.99502285742058e-314,2023-03-12 05:00:00,2,0,0,NA,"Y","SIDESWIPE - SAME DIRECTION","RAIN","DARK - LIGHTED","5TH AVN & COMMERCE ST","NASHVILLE","CENTRA",36.16187,-86.77934,"MOTOR VEHICLE IN TRANSPORT","37219","2023","March","Spring","05","Sunday","Weekend","No Injuries","No Fatalities"
9.99502739936606e-314,2023-03-17 02:50:00,2,1,0,NA,"N","ANGLE","RAIN","DARK - LIGHTED","GREENFIELD AV & GALLATIN PKE","NASHVILLE","EAST",36.21092,-86.73311,"MOTOR VEHICLE IN TRANSPORT","37216","2023","March","Spring","02","Friday","Weekday","Injuries","No Fatalities"
9.99502747446404e-314,2023-03-17 03:45:00,2,0,0,NA,"N","Front to Rear","RAIN","DARK - LIGHTED","NOLENSVILLE PKE & NORTHCREST DR","NASHVILLE","SOUTH",36.06668,-86.71795,"MOTOR VEHICLE IN TRANSPORT","37211","2023","March","Spring","03","Friday","Weekday","No Injuries","No Fatalities"
9.995027526835e-314,2023-03-17 04:34:00,1,0,0,NA,"Y","NOT COLLISION W/MOTOR VEHICLE-TRANSPORT","RAIN","DARK - LIGHTED","OLD HICKORY BLVD & BARNES RD","ANTIOCH","SOUTH",36.02406,-86.68035,"OTHER POST, POLE, SUPP.","37013","2023","March","Spring","04","Friday","Weekday","No Injuries","No Fatalities"
9.99502753276379e-314,2023-03-17 04:40:00,3,0,0,NA,"N","SIDESWIPE - SAME DIRECTION","RAIN","DARK - LIGHTED","MM 49 0 I 24","NASHVILLE","EAST",36.16633,-86.76457,"MOTOR VEHICLE IN TRANSPORT;CONCRETE TRAFFIC BARRIER","37206","2023","March","Spring","04","Friday","Weekday","No Injuries","No Fatalities"
9.99502754560949e-314,2023-03-18 04:15:00,2,1,0,NA,"N","Front to Rear","RAIN","DARK - LIGHTED","LAFAYETTE ST & CLAIBORNE ST","NASHVILLE","SOUTH",36.1484,-86.76119,"MOTOR VEHICLE IN TRANSPORT","37210","2023","March","Spring","04","Saturday","Weekend","Injuries","No Fatalities"
9.99502756636025e-314,2023-03-17 05:10:00,1,2,0,NA,"N","NOT COLLISION W/MOTOR VEHICLE-TRANSPORT","RAIN","DARK - LIGHTED","MM 211 9 I 40","NASHVILLE","HERMIT",36.14845,-86.74584,"OTHER OBJECT (NOT FIXED);WALL","37210","2023","March","Spring","05","Friday","Weekday","Injuries","No Fatalities"
9.99502758562881e-314,2023-03-17 05:25:00,2,0,0,NA,"N","ANGLE","RAIN","DARK - LIGHTED","I24 W ENT RAMP & I 24","NASHVILLE","EAST",36.15675,-86.7597,"MOTOR VEHICLE IN TRANSPORT","37206","2023","March","Spring","05","Friday","Weekday","No Injuries","No Fatalities"
9.99502759402793e-314,2023-03-17 05:30:00,1,0,0,NA,"N","NOT COLLISION W/MOTOR VEHICLE-TRANSPORT","RAIN","DARK - NOT LIGHTED","MM 59 1 I 24","ANTIOCH","SOUTH",36.04782,-86.66301,"GUARDRAIL END","37013","2023","March","Spring","05","Friday","Weekday","No Injuries","No Fatalities"
9.99502760786177e-314,2023-03-17 05:55:00,2,0,0,NA,"N","ANGLE","RAIN","DARK - LIGHTED","4TH AVS & DEMONBREUN ST","NASHVILLE","CENTRA",36.15899,-86.77589,"MOTOR VEHICLE IN TRANSPORT","37201","2023","March","Spring","05","Friday","Weekday","No Injuries","No Fatalities"
9.99502765282174e-314,2023-03-17 01:57:00,4,0,0,NA,"Y","ANGLE","RAIN","DARK - LIGHTED","PATRICIA DR & THOMPSON PL","NASHVILLE","HERMIT",36.12813,-86.70728,"PARKED MOTOR VEHICLE","37217","2023","March","Spring","01","Friday","Weekday","No Injuries","No Fatalities"
9.99502767011404e-314,2023-03-17 07:25:00,1,0,0,NA,"Y","UNKNOWN","RAIN","DARK - LIGHTED","2600 EDEN ST","NASHVILLE","NORTH",36.16402,-86.81784,"UNKNOWN MOST HARMFUL EVENT","37208","2023","March","Spring","07","Friday","Weekday","No Injuries","No Fatalities"
9.9950276706081e-314,2023-03-17 07:28:00,1,0,0,NA,"N","UNKNOWN","RAIN","DARK - LIGHTED","JAMES ROBERTSON PKWY & 7TH AVN","NASHVILLE","CENTRA",36.16785,-86.78634,"UNKNOWN MOST HARMFUL EVENT","37219","2023","March","Spring","07","Friday","Weekday","No Injuries","No Fatalities"
9.9950276735725e-314,2023-03-17 07:35:00,2,0,0,NA,"N","Front to Rear","RAIN","DARK - LIGHTED","MM 209 2 I 40","NASHVILLE","MIDTOW",36.15455,-86.78857,"MOTOR VEHICLE IN TRANSPORT","37203","2023","March","Spring","07","Friday","Weekday","No Injuries","No Fatalities"
9.99502768098348e-314,2023-03-17 07:18:00,2,0,0,NA,"N","SIDESWIPE - SAME DIRECTION","RAIN","DARK - NOT LIGHTED","MM 54 4 I 24","NASHVILLE","SOUTH",36.1019,-86.7131,"MOTOR VEHICLE IN TRANSPORT","37211","2023","March","Spring","07","Friday","Weekday","No Injuries","No Fatalities"
9.99502768197161e-314,2023-03-17 06:50:00,2,0,0,NA,"Y","Front to Rear","RAIN","DARK - NOT LIGHTED","MM 58 1 I 24","ANTIOCH","SOUTH",36.05659,-86.67606,"MOTOR VEHICLE IN TRANSPORT","37013","2023","March","Spring","06","Friday","Weekday","No Injuries","No Fatalities"
9.99502771112149e-314,2023-03-17 08:51:00,2,0,0,NA,"Y","Rear to Side","RAIN","DARK - LIGHTED","12TH AVS & BROADWAY","NASHVILLE","CENTRA",36.15658,-86.78748,"MOTOR VEHICLE IN TRANSPORT","37203","2023","March","Spring","08","Friday","Weekday","No Injuries","No Fatalities"
9.9950278030177e-314,2023-03-17 12:15:00,1,0,0,NA,"N","NOT COLLISION W/MOTOR VEHICLE-TRANSPORT","RAIN","DAYLIGHT","AMBERWOOD CIR & OLD HICKORY BLVD","NASHVILLE","WEST",36.08503,-86.92013,"WALL","37205","2023","March","Spring","12","Friday","Weekday","No Injuries","No Fatalities"
9.99502782525065e-314,2023-03-17 12:50:00,1,1,0,NA,"N","ANGLE","RAIN","DAYLIGHT","TREVECCA AV & MCCLURKAN AV","NASHVILLE","EAST",36.19551,-86.74439,"MOTOR VEHICLE IN TRANSPORT","37206","2023","March","Spring","12","Friday","Weekday","Injuries","No Fatalities"
9.995011653988e-314,2023-03-01 06:00:00,3,1,0,NA,"N","HEAD-ON","RAIN","DARK - LIGHTED","ALLENWOOD DR & OAKWOOD AV","NASHVILLE","EAST",36.21205,-86.75302,"MOTOR VEHICLE IN TRANSPORT;PARKED MOTOR VEHICLE","37207","2023","March","Spring","06","Wednesday","Weekday","Injuries","No Fatalities"
9.99501169944204e-314,2023-03-02 01:40:00,3,3,0,NA,"N","Front to Rear","RAIN","DARK - LIGHTED","MM 49 7 I 24","NASHVILLE","HERMIT",36.15833,-86.76044,"MOTOR VEHICLE IN TRANSPORT","37210","2023","March","Spring","01","Thursday","Weekday","Injuries","No Fatalities"
9.99501170685302e-314,2023-03-02 01:51:00,2,0,0,NA,"N","SIDESWIPE - SAME DIRECTION","RAIN","DARK - LIGHTED","OLD HICKORY BLVD & FRIST BLVD","HERMITAGE","HERMIT",36.1814,-86.60726,"MOTOR VEHICLE IN TRANSPORT","37076","2023","March","Spring","01","Thursday","Weekday","No Injuries","No Fatalities"
9.99501174786047e-314,2023-03-02 02:35:00,2,1,0,NA,"N","Front to Rear","RAIN","DARK - LIGHTED","MM 213 2 I 40","NASHVILLE","HERMIT",36.14125,-86.71706,"MOTOR VEHICLE IN TRANSPORT","37210","2023","March","Spring","02","Thursday","Weekday","Injuries","No Fatalities"
9.99501175724772e-314,2023-03-02 02:50:00,2,1,0,NA,"N","ANGLE","RAIN","DARK - LIGHTED","HILLSBORO PKE & ABBOTT MARTIN RD","NASHVILLE","WEST",36.10585,-86.81387,"MOTOR VEHICLE IN TRANSPORT","37215","2023","March","Spring","02","Thursday","Weekday","Injuries","No Fatalities"
9.99501177404595e-314,2023-03-02 03:15:00,2,3,0,NA,"N","SIDESWIPE - SAME DIRECTION","RAIN","DARK - NOT LIGHTED","HOBSON PKE & OLD HICKORY BLVD","ANTIOCH","SOUTH",36.03528,-86.6113,"MOTOR VEHICLE IN TRANSPORT","37013","2023","March","Spring","03","Thursday","Weekday","Injuries","No Fatalities"
9.99501177602221e-314,2023-03-02 03:15:00,2,0,0,NA,"N","SIDESWIPE - SAME DIRECTION","RAIN","DARK - LIGHTED","MM 211 7 I 40","NASHVILLE","HERMIT",36.14978,-86.74816,"MOTOR VEHICLE IN TRANSPORT","37210","2023","March","Spring","03","Thursday","Weekday","No Injuries","No Fatalities"
9.99501178540946e-314,2023-03-02 02:13:00,2,0,0,NA,"N","ANGLE","RAIN","DARK - LIGHTED","CENTRAL PKE & SHURGARD WAY","HERMITAGE","HERMIT",36.17419,-86.60423,"MOTOR VEHICLE IN TRANSPORT","37076","2023","March","Spring","02","Thursday","Weekday","No Injuries","No Fatalities"
9.99501180517208e-314,2023-03-02 03:41:00,2,0,0,NA,"N","SIDESWIPE - OPPOSITE DIRECTION","RAIN","DARK - LIGHTED","1107 GARTLAND AV","NASHVILLE","EAST",36.17954,-86.74916,"PARKED MOTOR VEHICLE","37206","2023","March","Spring","03","Thursday","Weekday","No Injuries","No Fatalities"
9.99501184420327e-314,2023-03-02 04:05:00,1,0,0,NA,"N","NOT COLLISION W/MOTOR VEHICLE-TRANSPORT","RAIN","DARK - NOT LIGHTED","I24 E ENT RAMP & I 24","NASHVILLE","CENTRA",36.06744,-86.68822,"H-WAY TRAFFIC SIGNAL POST;Ran Off Road-Right","37213","2023","March","Spring","04","Thursday","Weekday","No Injuries","No Fatalities"
9.99501185655491e-314,2023-03-02 04:15:00,1,0,0,NA,"Y","NOT COLLISION W/MOTOR VEHICLE-TRANSPORT","RAIN","DARK - LIGHTED","ANTIOCH PKE & WINGATE AV","NASHVILLE","SOUTH",36.10128,-86.73566,"CURB;EMBANKMENT EARTH","37211","2023","March","Spring","04","Thursday","Weekday","No Injuries","No Fatalities"
9.99501186149557e-314,2023-03-02 04:20:00,1,0,0,NA,"N","NOT COLLISION W/MOTOR VEHICLE-TRANSPORT","RAIN","DARK - NOT LIGHTED","MM 86 3 I 65","NASHVILLE","CENTRA",36.19209,-86.78063,"GUARDRAIL FACE","37207","2023","March","Spring","04","Thursday","Weekday","No Injuries","No Fatalities"
9.99501187483534e-314,2023-03-02 03:41:00,1,0,0,NA,"N","NOT COLLISION W/MOTOR VEHICLE-TRANSPORT","RAIN","DARK - LIGHTED","SMITH SPRINGS RD & BUTLER RD","NASHVILLE","HERMIT",36.08925,-86.61681,"GUARDRAIL FACE","37217","2023","March","Spring","03","Thursday","Weekday","No Injuries","No Fatalities"
9.99501188076413e-314,2023-03-02 04:33:00,2,0,0,NA,"N","ANGLE","RAIN","DARK - LIGHTED","SMITH SPRINGS RD & BELL RD","NASHVILLE","HERMIT",36.09033,-86.6265,"MOTOR VEHICLE IN TRANSPORT","37217","2023","March","Spring","04","Thursday","Weekday","No Injuries","No Fatalities"
9.99501188916324e-314,2023-03-02 04:37:00,1,0,0,NA,"N","NOT COLLISION W/MOTOR VEHICLE-TRANSPORT","RAIN","DARK - LIGHTED","MM 62 9 I 24","ANTIOCH","SOUTH",36.01021,-86.61565,"GUARDRAIL FACE;CONCRETE TRAFFIC BARRIER","37013","2023","March","Spring","04","Thursday","Weekday","No Injuries","No Fatalities"
9.99501189706829e-314,2023-03-02 04:45:00,2,0,0,NA,"N","OTHER","RAIN","DARK - LIGHTED","KOREAN VETERANS BLVD & 5TH AVS","NASHVILLE","CENTRA",36.15657,-86.77587,"MOTOR VEHICLE IN TRANSPORT","37203","2023","March","Spring","04","Thursday","Weekday","No Injuries","No Fatalities"
9.99501191584279e-314,2023-03-02 04:42:00,1,0,0,NA,"N","NOT COLLISION W/MOTOR VEHICLE-TRANSPORT","RAIN","DARK - LIGHTED","MM 89 9 I 65","NASHVILLE","MADISO",36.23751,-86.75805,"GUARDRAIL END","37207","2023","March","Spring","04","Thursday","Weekday","No Injuries","No Fatalities"
9.99501192671223e-314,2023-03-02 05:02:00,2,0,0,NA,"N","SIDESWIPE - SAME DIRECTION","RAIN","DARK - NOT LIGHTED","MM 54 0 I 24","NASHVILLE","SOUTH",36.10625,-86.71888,"MOTOR VEHICLE IN TRANSPORT","37211","2023","March","Spring","05","Thursday","Weekday","No Injuries","No Fatalities"
9.99501193066476e-314,2023-03-02 05:10:00,2,0,0,NA,"N","ANGLE","RAIN","DARK - LIGHTED","YEAMAN PL & MAIN ST","NASHVILLE","EAST",36.17338,-86.76394,"MOTOR VEHICLE IN TRANSPORT","37206","2023","March","Spring","05","Thursday","Weekday","No Injuries","No Fatalities"
9.99501193214695e-314,2023-03-02 05:19:00,1,1,0,NA,"N","NOT COLLISION W/MOTOR VEHICLE-TRANSPORT","RAIN","DARK - LIGHTED","I65 N ENT RAMP & I 440","NASHVILLE","MIDTOW",36.11973,-86.77304,"TREE","37204","2023","March","Spring","05","Thursday","Weekday","Injuries","No Fatalities"
9.99501193906387e-314,2023-03-02 05:05:00,2,0,0,NA,"Y","ANGLE","RAIN","DARK - NOT LIGHTED","MM 52 0 I 24","NASHVILLE","SOUTH",36.13442,-86.72676,"MOTOR VEHICLE IN TRANSPORT","37217","2023","March","Spring","05","Thursday","Weekday","No Injuries","No Fatalities"
9.99501194894519e-314,2023-03-02 05:33:00,2,0,0,NA,"N","ANGLE","RAIN","DARK - LIGHTED","MM 211 0 I 40","NASHVILLE","HERMIT",36.154,-86.75846,"MOTOR VEHICLE IN TRANSPORT;GUARDRAIL FACE","37210","2023","March","Spring","05","Thursday","Weekday","No Injuries","No Fatalities"
9.9950119746366e-314,2023-03-02 05:00:00,2,0,0,NA,"Y","SIDESWIPE - OPPOSITE DIRECTION","RAIN","DARK - LIGHTED","7080 OLD HICKORY BLVD","WHITES CREEK","NORTH",36.07448,-86.92094,"MOTOR VEHICLE IN TRANSPORT","37189","2023","March","Spring","05","Thursday","Weekday","No Injuries","No Fatalities"
9.99501199736362e-314,2023-03-02 06:19:00,1,0,0,NA,"N","NOT COLLISION W/MOTOR VEHICLE-TRANSPORT","RAIN","DARK - LIGHTED","CHARLOTTE AV & MORROW RD","NASHVILLE","WEST",36.15159,-86.8521,"UTILITY POLE","37209","2023","March","Spring","06","Thursday","Weekday","No Injuries","No Fatalities"
9.99501203540667e-314,2023-03-02 07:20:00,2,0,0,NA,"Y","HEAD-ON","RAIN","DARK - LIGHTED","MURFREESBORO PKE & HOBSON PKE","ANTIOCH","SOUTH",36.04285,-86.60655,"MOTOR VEHICLE IN TRANSPORT","37013","2023","March","Spring","07","Thursday","Weekday","No Injuries","No Fatalities"
9.99501205022864e-314,2023-03-02 07:37:00,2,1,0,NA,"N","Front to Rear","RAIN","DARK - LIGHTED","MM 212 8 I 40","NASHVILLE","HERMIT",36.14063,-86.732,"MOTOR VEHICLE IN TRANSPORT","37210","2023","March","Spring","07","Thursday","Weekday","Injuries","No Fatalities"
9.99501205615743e-314,2023-03-02 07:47:00,2,0,0,NA,"N","OTHER","RAIN","DARK - LIGHTED","MM 211 8 I 40","NASHVILLE","HERMIT",36.14891,-86.74661,"MOTOR VEHICLE IN TRANSPORT","37210","2023","March","Spring","07","Thursday","Weekday","No Injuries","No Fatalities"
9.99501206455655e-314,2023-03-02 06:00:00,1,0,0,NA,"Y","NOT COLLISION W/MOTOR VEHICLE-TRANSPORT","RAIN","DARK - NOT LIGHTED","9006 HIGHWAY 70","NASHVILLE","WEST",36.09718,-87.03208,"H-WAY TRAFFIC SIGNAL POST;UTILITY POLE;MAIL BOX;Ran Off Road-Right;EMBANKMENT EARTH","37221","2023","March","Spring","06","Thursday","Weekday","No Injuries","No Fatalities"
9.99501285852004e-314,2023-03-03 01:00:00,2,1,0,NA,"Y","SIDESWIPE - SAME DIRECTION","RAIN","DARK - LIGHTED","0 MURFREESBORO PKE","ANTIOCH","SOUTH",36.07949,-86.6446,"MOTOR VEHICLE IN TRANSPORT","37013","2023","March","Spring","01","Friday","Weekday","Injuries","No Fatalities"
9.99501293312395e-314,2023-03-03 02:20:00,1,0,0,NA,"N","NOT COLLISION W/MOTOR VEHICLE-TRANSPORT","RAIN","DARK - LIGHTED","MCMURRAY DR & AMALIE DR","NASHVILLE","MIDTOW",36.05452,-86.72525,"EMBANKMENT EARTH","37211","2023","March","Spring","02","Friday","Weekday","No Injuries","No Fatalities"
9.99501294992218e-314,2023-03-03 02:32:00,2,1,0,NA,"Y","Front to Rear","RAIN","DARK - LIGHTED","CAHAL AV & CHESTER AV","NASHVILLE","EAST",36.19608,-86.73615,"MOTOR VEHICLE IN TRANSPORT","37206","2023","March","Spring","02","Friday","Weekday","Injuries","No Fatalities"
9.99501296573229e-314,2023-03-03 02:44:00,1,1,0,NA,"Y","NOT COLLISION W/MOTOR VEHICLE-TRANSPORT","RAIN","DARK - LIGHTED","S 5TH ST & SPRING ST","NASHVILLE","EAST",36.17284,-86.76534,"PEDESTRIAN","37206","2023","March","Spring","02","Friday","Weekday","Injuries","No Fatalities"
9.99501297363734e-314,2023-03-03 02:52:00,1,0,0,NA,"N","NOT COLLISION W/MOTOR VEHICLE-TRANSPORT","RAIN","DARK - NOT LIGHTED","EXIT 221A & I 40","HERMITAGE","HERMIT",36.16748,-86.60775,"GUARDRAIL FACE","37076","2023","March","Spring","02","Friday","Weekday","No Injuries","No Fatalities"
9.99501305120564e-314,2023-03-02 06:00:00,2,0,0,NA,"Y","ANGLE","RAIN","DARK - LIGHTED","MM 212 1 I 40","NASHVILLE","HERMIT",36.14677,-86.74294,"MOTOR VEHICLE IN TRANSPORT","37210","2023","March","Spring","06","Thursday","Weekday","No Injuries","No Fatalities"
9.9950130719564e-314,2023-03-03 03:04:00,2,0,0,NA,"Y","OTHER","RAIN","DARK - LIGHTED","ASHWOOD AV & 21ST AVS","NASHVILLE","MIDTOW",36.12921,-86.80263,"MOTOR VEHICLE IN TRANSPORT","37212","2023","March","Spring","03","Friday","Weekday","No Injuries","No Fatalities"
9.99501307294453e-314,2023-03-03 03:00:00,1,0,0,NA,"Y","NOT COLLISION W/MOTOR VEHICLE-TRANSPORT","RAIN","DARK - LIGHTED","HARDING PL & TRAVELERS INN DR","NASHVILLE","SOUTH",36.08479,-86.70387,"UTILITY POLE","37211","2023","March","Spring","03","Friday","Weekday","No Injuries","No Fatalities"
9.99501318312117e-314,2023-03-03 05:00:00,2,0,0,NA,"Y","HEAD-ON","RAIN","DARK - LIGHTED","MM 86 5 I 65","NASHVILLE","NORTH",36.19463,-86.77618,"MOTOR VEHICLE IN TRANSPORT;GUARDRAIL END","37207","2023","March","Spring","05","Friday","Weekday","No Injuries","No Fatalities"
9.99501325327849e-314,2023-03-03 06:00:00,2,0,0,NA,"Y","SIDESWIPE - SAME DIRECTION","RAIN","DARK - LIGHTED","MM 52 0 I 24","NASHVILLE","SOUTH",36.13442,-86.72676,"MOTOR VEHICLE IN TRANSPORT","37217","2023","March","Spring","06","Friday","Weekday","No Injuries","No Fatalities"
9.99501328144023e-314,2023-03-03 05:00:00,1,0,0,NA,"N","NOT COLLISION W/MOTOR VEHICLE-TRANSPORT","RAIN","DARK - NOT LIGHTED","FAIRWAY POINTE PVTDR & NASHBORO BLVD","NASHVILLE","HERMIT",36.09002,-86.63128,"BOULDER","37217","2023","March","Spring","05","Friday","Weekday","No Injuries","No Fatalities"
9.99501329181561e-314,2023-03-03 07:35:00,1,0,0,NA,"N","NOT COLLISION W/MOTOR VEHICLE-TRANSPORT","RAIN","DARK - LIGHTED","408 BROOK HOLLOW RD","NASHVILLE","WEST",36.10698,-86.88524,"DITCH;MAIL BOX;Ran Off Road-Right;EMBANKMENT ROCK/STONE/CONCRETE","37205","2023","March","Spring","07","Friday","Weekday","No Injuries","No Fatalities"
9.99501330762571e-314,2023-03-03 06:00:00,1,0,0,NA,"Y","NOT COLLISION W/MOTOR VEHICLE-TRANSPORT","RAIN","DARK - LIGHTED","NASHBORO BLVD & FAIRWAY VILLAS PVTDR","NASHVILLE","HERMIT",36.08936,-86.6373,"TREE","37217","2023","March","Spring","06","Friday","Weekday","No Injuries","No Fatalities"
9.99501333035273e-314,2023-03-03 09:00:00,1,0,0,NA,"N","NOT COLLISION W/MOTOR VEHICLE-TRANSPORT","RAIN","DARK - LIGHTED","EASTLAND AV & PRESTON DR","NASHVILLE","EAST",36.18089,-86.71836,"DITCH","37206","2023","March","Spring","09","Friday","Weekday","No Injuries","No Fatalities"
9.99501333825778e-314,2023-03-03 09:40:00,1,1,0,NA,"N","NOT COLLISION W/MOTOR VEHICLE-TRANSPORT","RAIN","DARK - LIGHTED","GLENMONT CT & EAST THOMPSON LN","NASHVILLE","SOUTH",36.11267,-86.72309,"CONCRETE TRAFFIC BARRIER","37210","2023","March","Spring","09","Friday","Weekday","Injuries","No Fatalities"
9.99501334319844e-314,2023-03-03 06:00:00,1,0,0,NA,"N","NOT COLLISION W/MOTOR VEHICLE-TRANSPORT","RAIN","DARK - LIGHTED","MM 212 4 I 40","NASHVILLE","HERMIT",36.14379,-86.73799,"CONCRETE TRAFFIC BARRIER","37210","2023","March","Spring","06","Friday","Weekday","No Injuries","No Fatalities"
9.99501368064528e-314,2023-03-03 06:00:00,1,1,0,NA,"N","NOT COLLISION W/MOTOR VEHICLE-TRANSPORT","RAIN","DAYLIGHT","BRILEY PKWYW & SPEARS RD","NASHVILLE","MADISO",36.23967,-86.77548,"CONCRETE TRAFFIC BARRIER","37207","2023","March","Spring","06","Friday","Weekday","Injuries","No Fatalities"
9.99501371226548e-314,2023-03-03 06:00:00,1,1,0,NA,"N","NOT COLLISION W/MOTOR VEHICLE-TRANSPORT","RAIN","DAYLIGHT","ROSA L PARKS AV & UNION ST","NASHVILLE","CENTRA",36.16307,-86.78484,"CONCRETE TRAFFIC BARRIER","37203","2023","March","Spring","06","Friday","Weekday","Injuries","No Fatalities"