"Accident.Number","Date.and.Time","Number.of.Motor.Vehicles","Number.of.Injuries","Number.of.Fatalities","Property.Damage","Hit.and.Run","Collision.Type.Description","Weather.Description","Illumination.Description","Street.Address","City","Precinct","Latitude","Longitude","HarmfulDescriptions","Zip.Code","Year","Month","Season","Hour","Weekday","DayType","Accident","Fatality_category"
9.99502040290245e-314,2023-03-09 06:00:00,1,1,0,NA,"Y","NOT COLLISION W/MOTOR VEHICLE-TRANSPORT","RAIN","DARK - LIGHTED","W TRINITY LN & E TRINITY LN","NASHVILLE","EAST",36.20591,-86.76893,"PEDESTRIAN","37207","2023","March","Spring","06","Thursday","Weekday","Injuries","No Fatalities"
9.99502049973932e-314,2023-03-10 05:10:00,2,2,0,NA,"N","ANGLE","RAIN","DARK - LIGHTED","20TH AVN & CHURCH ST","NASHVILLE","MIDTOW",36.1534,-86.80084,"MOTOR VEHICLE IN TRANSPORT","37203","2023","March","Spring","05","Friday","Weekday","Injuries","No Fatalities"
9.99502058274235e-314,2023-03-10 06:02:00,2,1,0,NA,"N","Front to Rear","RAIN","DARK - LIGHTED","CHARLOTTE AV & FISK ST","NASHVILLE","NORTH",36.15831,-86.79937,"MOTOR VEHICLE IN TRANSPORT","37203","2023","March","Spring","06","Friday","Weekday","Injuries","No Fatalities"
9.9950321562301e-314,2023-03-21 05:00:00,2,0,0,NA,"N","SIDESWIPE - SAME DIRECTION","RAIN","DAYLIGHT","MELROSE AV & CRUZEN ST","NASHVILLE","MIDTOW",36.11962,-86.75356,"MOTOR VEHICLE IN TRANSPORT","37211","2023","March","Spring","05","Tuesday","Weekday","No Injuries","No Fatalities"
9.99504783984996e-314,2023-04-06 09:09:00,1,0,0,NA,"N","NOT COLLISION W/MOTOR VEHICLE-TRANSPORT","RAIN","DARK - LIGHTED","HERMITAGE AV & 1ST AVS","NASHVILLE","CENTRA",36.15784,-86.77136,"UTILITY POLE","37201","2023","April","Spring","09","Thursday","Weekday","No Injuries","No Fatalities"
9.99504784380249e-314,2023-04-06 09:23:00,1,0,0,NA,"N","NOT COLLISION W/MOTOR VEHICLE-TRANSPORT","RAIN","DARK - LIGHTED","0 I65 S ENT RAMP","NASHVILLE","CENTRA",36.20489,-86.77741,"","37213","2023","April","Spring","09","Thursday","Weekday","No Injuries","No Fatalities"
9.99504784429655e-314,2023-04-06 09:30:00,2,0,0,NA,"N","ANGLE","RAIN","DARK - NOT LIGHTED","MM 58 6 I 24","ANTIOCH","SOUTH",36.0519,-86.6701,"MOTOR VEHICLE IN TRANSPORT","37013","2023","April","Spring","09","Thursday","Weekday","No Injuries","No Fatalities"
9.99504785813039e-314,2023-04-06 10:08:00,1,0,0,NA,"N","NOT COLLISION W/MOTOR VEHICLE-TRANSPORT","RAIN","DARK - LIGHTED","MM 5 6 I440W MM 5.6","NASHVILLE","MIDTOW",36.121778,-86.762911,"GUARDRAIL FACE","37211","2023","April","Spring","10","Thursday","Weekday","No Injuries","No Fatalities"
9.99504786060072e-314,2023-04-06 10:16:00,1,0,0,NA,"N","NOT COLLISION W/MOTOR VEHICLE-TRANSPORT","RAIN","DARK - LIGHTED","MM 208 1 I 40","NASHVILLE","NORTH",36.15851,-86.79152,"CONCRETE TRAFFIC BARRIER","37208","2023","April","Spring","10","Thursday","Weekday","No Injuries","No Fatalities"
9.99504786356511e-314,2023-04-06 10:20:00,1,0,0,NA,"N","NOT COLLISION W/MOTOR VEHICLE-TRANSPORT","RAIN","DARK - LIGHTED","MM 85 6 I 65","NASHVILLE","NORTH",36.18942,-86.79214,"WALL","37208","2023","April","Spring","10","Thursday","Weekday","No Injuries","No Fatalities"
9.99504788036335e-314,2023-04-06 10:07:00,2,0,0,NA,"N","Front to Rear","RAIN","DAYLIGHT","MM 39 0 I 24","WHITES CREEK","NORTH",36.2964,-86.81135,"MOTOR VEHICLE IN TRANSPORT","37189","2023","April","Spring","10","Thursday","Weekday","No Injuries","No Fatalities"
9.99504788480994e-314,2023-04-06 05:00:00,2,1,0,NA,"N","Front to Rear","RAIN","DAYLIGHT","MM 51 5 I 24","NASHVILLE","HERMIT",36.14045,-86.73168,"MOTOR VEHICLE IN TRANSPORT","37210","2023","April","Spring","05","Thursday","Weekday","Injuries","No Fatalities"
9.99504788777433e-314,2023-04-06 10:56:00,1,1,0,NA,"N","NOT COLLISION W/MOTOR VEHICLE-TRANSPORT","RAIN","DARK - NOT LIGHTED","E PALESTINE AV & GALLATIN PKES","MADISON","MADISO",36.24913,-86.71806,"PEDESTRIAN","37115","2023","April","Spring","10","Thursday","Weekday","Injuries","No Fatalities"
9.99504789963191e-314,2023-04-06 08:00:00,1,0,0,NA,"Y","NOT COLLISION W/MOTOR VEHICLE-TRANSPORT","RAIN","DARK - NOT LIGHTED","3921 APACHE TRL","NASHVILLE","SOUTH",36.06839,-86.69408,"OVERHEAD SIGN SUPPORT","37211","2023","April","Spring","08","Thursday","Weekday","No Injuries","No Fatalities"
9.99504790556069e-314,2023-04-06 11:32:00,2,0,0,NA,"N","Front to Rear","RAIN","DAYLIGHT","MM 212 7 I 40","NASHVILLE","HERMIT",36.14132,-86.73372,"MOTOR VEHICLE IN TRANSPORT","37210","2023","April","Spring","11","Thursday","Weekday","No Injuries","No Fatalities"
9.99504791395981e-314,2023-04-06 11:32:00,2,0,0,NA,"Y","SIDESWIPE - SAME DIRECTION","RAIN","Dark-Unknown Lighting","JAMES ROBERTSON PKWY & WOODLAND ST","NASHVILLE","CENTRA",36.16869,-86.77616,"MOTOR VEHICLE IN TRANSPORT","37213","2023","April","Spring","11","Thursday","Weekday","No Injuries","No Fatalities"
9.99504791593607e-314,2023-04-06 11:02:00,2,0,0,NA,"N","ANGLE","RAIN","DAYLIGHT","CHARLOTTE PKE & I40 E ENT RAMP","NASHVILLE","WEST",36.13188,-86.89553,"MOTOR VEHICLE IN TRANSPORT","37205","2023","April","Spring","11","Thursday","Weekday","No Injuries","No Fatalities"
9.99504792334706e-314,2023-04-06 11:45:00,1,1,0,NA,"N","NOT COLLISION W/MOTOR VEHICLE-TRANSPORT","RAIN","DAYLIGHT","BRILEY PKWYE & BRUSH HILL RD","NASHVILLE","EAST",36.23458,-86.71653,"CONCRETE TRAFFIC BARRIER","37216","2023","April","Spring","11","Thursday","Weekday","Injuries","No Fatalities"
9.99504792631145e-314,2023-04-06 11:57:00,2,0,0,NA,"N","ANGLE","RAIN","DAYLIGHT","HARDING PL & FRANKLIN PKE","NASHVILLE","MIDTOW",36.08658,-86.77197,"MOTOR VEHICLE IN TRANSPORT","37204","2023","April","Spring","11","Thursday","Weekday","No Injuries","No Fatalities"
9.99504794607408e-314,2023-04-06 12:21:00,2,0,0,NA,"N","Front to Rear","RAIN","DAYLIGHT","MM 87 1 I 65","NASHVILLE","EAST",36.20392,-86.77678,"MOTOR VEHICLE IN TRANSPORT","37207","2023","April","Spring","12","Thursday","Weekday","No Injuries","No Fatalities"
9.99504794805034e-314,2023-04-06 12:05:00,2,1,0,NA,"N","ANGLE","RAIN","DAYLIGHT","EDMONDSON PKE & GESSNER LN","NASHVILLE","MIDTOW",36.0344,-86.74356,"MOTOR VEHICLE IN TRANSPORT","37211","2023","April","Spring","12","Thursday","Weekday","Injuries","No Fatalities"
9.99505026917074e-314,2023-04-08 05:00:00,2,0,0,NA,"N","Front to Rear","RAIN","DAYLIGHT","MM 214 5 I 40","NASHVILLE","HERMIT",36.14344,-86.70285,"MOTOR VEHICLE IN TRANSPORT","37217","2023","April","Spring","05","Saturday","Weekend","No Injuries","No Fatalities"
9.9950504840893e-314,2023-04-09 00:18:00,2,0,0,NA,"N","ANGLE","RAIN","DARK - LIGHTED","HILLSBORO PKE & ENCLAVE AT HILLSBORO VIL","NASHVILLE","MIDTOW",36.12531,-86.80561,"MOTOR VEHICLE IN TRANSPORT","37212","2023","April","Spring","00","Sunday","Weekend","No Injuries","No Fatalities"
9.99505062983866e-314,2023-04-09 03:35:00,2,1,0,NA,"N","Front to Rear","RAIN","DARK - NOT LIGHTED","EDMONDSON PKE & HOLT RD","BRENTWOOD","MIDTOW",36.01568,-86.74063,"MOTOR VEHICLE IN TRANSPORT","37027","2023","April","Spring","03","Sunday","Weekend","Injuries","No Fatalities"
9.9950506594826e-314,2023-04-09 03:50:00,2,0,0,NA,"Y","UNKNOWN","RAIN","DARK - LIGHTED","DONELSON PKE & NODYNE DR","NASHVILLE","HERMIT",36.15154,-86.66653,"MOTOR VEHICLE IN TRANSPORT","37214","2023","April","Spring","03","Sunday","Weekend","No Injuries","No Fatalities"
9.99505066145887e-314,2023-04-09 04:12:00,2,0,0,NA,"N","Front to Rear","RAIN","DARK - NOT LIGHTED","MM 62 5 I 24","ANTIOCH","SOUTH",36.01444,-86.62076,"MOTOR VEHICLE IN TRANSPORT","37013","2023","April","Spring","04","Sunday","Weekend","No Injuries","No Fatalities"
9.99505070098412e-314,2023-04-09 04:58:00,1,0,0,NA,"N","NOT COLLISION W/MOTOR VEHICLE-TRANSPORT","RAIN","DARK - LIGHTED","BELL RD & HICKORY PARK DR","ANTIOCH","SOUTH",36.04486,-86.67043,"UTILITY POLE","37013","2023","April","Spring","04","Sunday","Weekend","No Injuries","No Fatalities"
9.99505081560735e-314,2023-04-09 07:23:00,2,0,0,NA,"Y","SIDESWIPE - SAME DIRECTION","RAIN","DARK - NOT LIGHTED","I24 E EXT RAMP & I 24","NASHVILLE","NORTH",36.03866,-86.64799,"MOTOR VEHICLE IN TRANSPORT","37207","2023","April","Spring","07","Sunday","Weekend","No Injuries","No Fatalities"
9.99503223577467e-314,2023-03-22 00:54:00,2,1,0,NA,"N","Front to Rear","RAIN","DARK - LIGHTED","UNA ANTIOCH PKE & PICCADILLY ROW","ANTIOCH","SOUTH",36.08217,-86.65195,"MOTOR VEHICLE IN TRANSPORT","37013","2023","March","Spring","00","Wednesday","Weekday","Injuries","No Fatalities"
9.99503227777025e-314,2023-03-22 01:30:00,2,0,0,NA,"N","Front to Rear","RAIN","DARK - LIGHTED","MM 52 5 I 24","NASHVILLE","SOUTH",36.12507,-86.72822,"MOTOR VEHICLE IN TRANSPORT","37217","2023","March","Spring","01","Wednesday","Weekday","No Injuries","No Fatalities"
9.99503227925245e-314,2023-03-22 01:15:00,2,0,0,NA,"Y","Front to Rear","RAIN","DARK - LIGHTED","MM 53 6 I 24","NASHVILLE","SOUTH",36.11003,-86.72207,"MOTOR VEHICLE IN TRANSPORT","37211","2023","March","Spring","01","Wednesday","Weekday","No Injuries","No Fatalities"
9.99503230197947e-314,2023-03-22 01:55:00,1,0,0,NA,"N","NOT COLLISION W/MOTOR VEHICLE-TRANSPORT","RAIN","DARK - LIGHTED","MM 86 2 I 65","NASHVILLE","CENTRA",36.19204,-86.78103,"WALL","37207","2023","March","Spring","01","Wednesday","Weekday","No Injuries","No Fatalities"
9.99503233755219e-314,2023-03-22 02:24:00,1,0,0,NA,"N","NOT COLLISION W/MOTOR VEHICLE-TRANSPORT","RAIN","DARK - LIGHTED","DICKERSON PKE & HANCOCK ST","NASHVILLE","EAST",36.18388,-86.77379,"CURB","37207","2023","March","Spring","02","Wednesday","Weekday","No Injuries","No Fatalities"
9.99503236670207e-314,2023-03-21 05:00:00,1,1,0,NA,"N","NOT COLLISION W/MOTOR VEHICLE-TRANSPORT","RAIN","DARK - LIGHTED","WHITES CREEK PKE & PARMLEY LN","NASHVILLE","NORTH",36.24341,-86.82187,"UTILITY POLE;CURB","37207","2023","March","Spring","05","Tuesday","Weekday","Injuries","No Fatalities"
9.99503237806558e-314,2023-03-22 03:00:00,1,0,0,NA,"Y","NOT COLLISION W/MOTOR VEHICLE-TRANSPORT","RAIN","DARK - NOT LIGHTED","N 14TH ST & CALVIN AV","NASHVILLE","EAST",36.18138,-86.74515,"WALL","37206","2023","March","Spring","03","Wednesday","Weekday","No Injuries","No Fatalities"
9.99503240573325e-314,2023-03-22 03:54:00,1,4,0,NA,"N","NOT COLLISION W/MOTOR VEHICLE-TRANSPORT","RAIN","DARK - LIGHTED","DRAKES BRANCH RD & JUDD DR","NASHVILLE","NORTH",36.22159,-86.85124,"OTHER OBJECT (NOT FIXED)","37218","2023","March","Spring","03","Wednesday","Weekday","Injuries","No Fatalities"
9.99503244180004e-314,2023-03-22 04:34:00,2,1,0,NA,"N","ANGLE","RAIN","DARK - LIGHTED","OLD HICKORY BLVD & I40 W EXT RAMP","HERMITAGE","HERMIT",36.11219,-86.92277,"MOTOR VEHICLE IN TRANSPORT","37076","2023","March","Spring","04","Wednesday","Weekday","Injuries","No Fatalities"
9.9950424189617e-314,2023-04-01 01:18:00,2,0,0,NA,"Y","ANGLE","RAIN","DARK - LIGHTED","DICKERSON PKES & CAMPBELL RD","GOODLETTSVILLE","MADISO",36.29255,-86.73333,"MOTOR VEHICLE IN TRANSPORT","37072","2023","April","Spring","01","Saturday","Weekend","No Injuries","No Fatalities"
9.9950324482229e-314,2023-03-22 04:38:00,1,0,0,NA,"N","NOT COLLISION W/MOTOR VEHICLE-TRANSPORT","RAIN","DARK - LIGHTED","MM 61 8 I 24","ANTIOCH","SOUTH",36.02212,-86.62939,"GUARDRAIL FACE","37013","2023","March","Spring","04","Wednesday","Weekday","No Injuries","No Fatalities"
9.99503244921103e-314,2023-03-22 04:37:00,3,0,0,NA,"Y","HEAD-ON","RAIN","DARK - LIGHTED","BARRY DR & ARGLE AV","MADISON","MADISO",36.24663,-86.71494,"PARKED MOTOR VEHICLE","37115","2023","March","Spring","04","Wednesday","Weekday","No Injuries","No Fatalities"
9.99503248972441e-314,2023-03-22 04:22:00,2,0,0,NA,"N","ANGLE","RAIN","Dark-Unknown Lighting","EWING DR & BRICK CHURCH PKE","NASHVILLE","MADISO",36.2316,-86.78152,"MOTOR VEHICLE IN TRANSPORT","37207","2023","March","Spring","04","Wednesday","Weekday","No Injuries","No Fatalities"
9.995032591996e-314,2023-03-22 08:58:00,1,1,0,NA,"N","NOT COLLISION W/MOTOR VEHICLE-TRANSPORT","RAIN","DARK - LIGHTED","MUSIC VALLEY DR & BRILEY PKWYS","NASHVILLE","HERMIT",36.21968,-86.6938,"UTILITY POLE;Ran Off Road-Left","37214","2023","March","Spring","08","Wednesday","Weekday","Injuries","No Fatalities"
9.99503262756873e-314,2023-03-22 10:11:00,2,0,0,NA,"Y","Front to Rear","RAIN","DARK - LIGHTED","OLD HICKORY BLVD & PLANTATION DR","OLD HICKORY","HERMIT",36.20115,-86.6211,"PARKED MOTOR VEHICLE","37138","2023","March","Spring","10","Wednesday","Weekday","No Injuries","No Fatalities"
9.99503264288476e-314,2023-03-22 10:30:00,2,0,0,NA,"N","SIDESWIPE - SAME DIRECTION","RAIN","DARK - LIGHTED","MM 87 0 I 65","NASHVILLE","EAST",36.20276,-86.77685,"MOTOR VEHICLE IN TRANSPORT","37207","2023","March","Spring","10","Wednesday","Weekday","No Injuries","No Fatalities"
9.99505818459646e-314,2023-04-16 12:43:00,2,0,0,NA,"N","ANGLE","RAIN","DAYLIGHT","MM 88 5 I 65","NASHVILLE","NORTH",36.22325,-86.77455,"MOTOR VEHICLE IN TRANSPORT","37207","2023","April","Spring","12","Sunday","Weekend","No Injuries","No Fatalities"
9.99505819299557e-314,2023-04-16 12:55:00,3,0,0,NA,"Y","SIDESWIPE - SAME DIRECTION","RAIN","DAYLIGHT","MAIN ST & S 6TH ST","NASHVILLE","EAST",36.17356,-86.76341,"MOTOR VEHICLE IN TRANSPORT;PARKED MOTOR VEHICLE","37206","2023","April","Spring","12","Sunday","Weekend","No Injuries","No Fatalities"
9.99505824981312e-314,2023-04-16 05:00:00,3,0,0,NA,"Y","UNKNOWN","RAIN","DAYLIGHT","MM 33 8 I 24","JOELTON","NORTH",36.32683,-86.88926,"MOTOR VEHICLE IN TRANSPORT","37080","2023","April","Spring","05","Sunday","Weekend","No Injuries","No Fatalities"
9.9950426432675e-314,2023-04-01 04:28:00,1,1,0,NA,"N","NOT COLLISION W/MOTOR VEHICLE-TRANSPORT","RAIN","DARK - LIGHTED","MCGAVOCK PKE & SELMA AV","NASHVILLE","HERMIT",36.17512,-86.67894,"THROWN OR FALLING OBJECT","37214","2023","April","Spring","04","Saturday","Weekend","Injuries","No Fatalities"
9.99504273417558e-314,2023-04-01 05:56:00,2,1,0,NA,"Y","ANGLE","RAIN","DARK - NOT LIGHTED","MM 33 9 I 24","JOELTON","NORTH",36.3266,-86.88756,"MOTOR VEHICLE IN TRANSPORT","37080","2023","April","Spring","05","Saturday","Weekend","Injuries","No Fatalities"
9.99504283644717e-314,2023-04-01 08:13:00,2,0,0,NA,"N","SIDESWIPE - SAME DIRECTION","RAIN","DARK - LIGHTED","COMMERCE ST & ROSA L PARKS BLVD","NASHVILLE","CENTRA",36.16025,-86.78296,"MOTOR VEHICLE IN TRANSPORT","37203","2023","April","Spring","08","Saturday","Weekend","No Injuries","No Fatalities"
9.99504289425285e-314,2023-04-01 10:35:00,1,0,0,NA,"Y","NOT COLLISION W/MOTOR VEHICLE-TRANSPORT","RAIN","DARK - NOT LIGHTED","ANTIOCH PKE & BRIDGEWAY DR","NASHVILLE","SOUTH",36.10034,-86.71838,"UTILITY POLE","37211","2023","April","Spring","10","Saturday","Weekend","No Injuries","No Fatalities"
9.99503266808211e-314,2023-03-22 11:33:00,2,0,0,NA,"N","SIDESWIPE - SAME DIRECTION","RAIN","DAWN","I24E & I440 W ENT RAMP","NASHVILLE","SOUTH",36.13002,-86.72733,"MOTOR VEHICLE IN TRANSPORT","37210","2023","March","Spring","11","Wednesday","Weekday","No Injuries","No Fatalities"
9.99503268883287e-314,2023-03-22 12:00:00,2,0,0,NA,"N","SIDESWIPE - SAME DIRECTION","RAIN","DARK - LIGHTED","I40 E ENT RAMP & I 40","NASHVILLE","WEST",36.15278,-86.85426,"MOTOR VEHICLE IN TRANSPORT","37205","2023","March","Spring","12","Wednesday","Weekday","No Injuries","No Fatalities"
9.99503269476166e-314,2023-03-22 12:25:00,2,2,0,NA,"N","ANGLE","RAIN","DAYLIGHT","DICKERSON PKE & OLD HICKORY BLVD","NASHVILLE","MADISO",36.26993,-86.75536,"MOTOR VEHICLE IN TRANSPORT","37207","2023","March","Spring","12","Wednesday","Weekday","Injuries","No Fatalities"
9.99503270167857e-314,2023-03-22 12:30:00,2,0,0,NA,"N","Front to Rear","RAIN","DAYLIGHT","BELL RD & BELL RD PVTDR","HERMITAGE","HERMIT",36.15307,-86.62299,"MOTOR VEHICLE IN TRANSPORT","37076","2023","March","Spring","12","Wednesday","Weekday","No Injuries","No Fatalities"
9.99503270810143e-314,2023-03-22 12:16:00,3,1,0,NA,"N","Front to Rear","RAIN","DAYLIGHT","MM 220 0 I 40","HERMITAGE","HERMIT",36.16436,-86.61559,"MOTOR VEHICLE IN TRANSPORT","37076","2023","March","Spring","12","Wednesday","Weekday","Injuries","No Fatalities"
9.99504308891471e-314,2023-04-01 05:00:00,3,0,0,NA,"Y","ANGLE","RAIN","DARK - NOT LIGHTED","CAMBRIDGE APTS PVTDR & BELL RD","ANTIOCH","SOUTH",36.05859,-86.64097,"PARKED MOTOR VEHICLE","37013","2023","April","Spring","05","Saturday","Weekend","No Injuries","No Fatalities"
9.99503271847681e-314,2023-03-22 12:40:00,2,1,0,NA,"N","ANGLE","RAIN","DAYLIGHT","WHITES CREEK PKE & I24 W ENT RAMP","JOELTON","NORTH",36.32618,-86.86906,"MOTOR VEHICLE IN TRANSPORT","37080","2023","March","Spring","12","Wednesday","Weekday","Injuries","No Fatalities"
9.99503272341746e-314,2023-03-22 12:00:00,3,0,0,NA,"Y","ANGLE","RAIN","DAYLIGHT","I40 E ENT RAMP & I 40","NASHVILLE","WEST",36.15285,-86.85378,"MOTOR VEHICLE IN TRANSPORT","37205","2023","March","Spring","12","Wednesday","Weekday","No Injuries","No Fatalities"
9.99503272638186e-314,2023-03-22 12:41:00,2,0,0,NA,"Y","Front to Rear","RAIN","DAYLIGHT","MM 80 7 I 65","NASHVILLE","MIDTOW",36.12446,-86.77271,"MOTOR VEHICLE IN TRANSPORT","37204","2023","March","Spring","12","Wednesday","Weekday","No Injuries","No Fatalities"
9.99503273972163e-314,2023-03-22 05:00:00,3,0,0,NA,"Y","UNKNOWN","RAIN","UNKNOWN","200 PARAGON MILLS RD","NASHVILLE","SOUTH",36.08695,-86.7025,"UNKNOWN MOST HARMFUL EVENT","37211","2023","March","Spring","05","Wednesday","Weekday","No Injuries","No Fatalities"
9.99503278221127e-314,2023-03-22 12:43:00,2,0,0,NA,"Y","NOT COLLISION W/MOTOR VEHICLE-TRANSPORT","RAIN","DAYLIGHT","CHARLOTTE PKE & WHITE BRIDGE PKE","NASHVILLE","WEST",36.15015,-86.85795,"OTHER POST, POLE, SUPP.","37209","2023","March","Spring","12","Wednesday","Weekday","No Injuries","No Fatalities"
9.99504459976746e-314,2023-04-03 12:43:00,2,0,0,NA,"N","Front to Rear","RAIN","DAYLIGHT","MM 61 3 I 24","ANTIOCH","SOUTH",36.02639,-86.63377,"MOTOR VEHICLE IN TRANSPORT","37013","2023","April","Spring","12","Monday","Weekday","No Injuries","No Fatalities"
9.99503519967448e-314,2023-03-24 05:00:00,3,0,0,NA,"Y","ANGLE","RAIN","DAYLIGHT","MM 49 1 I 24","NASHVILLE","EAST",36.16439,-86.76304,"MOTOR VEHICLE IN TRANSPORT","37206","2023","March","Spring","05","Friday","Weekday","No Injuries","No Fatalities"
9.99503562160654e-314,2023-03-25 02:40:00,2,1,0,NA,"N","Front to Rear","RAIN","DARK - LIGHTED","ANTIOCH PKE & LUNA DR","ANTIOCH","SOUTH",36.0776,-86.68241,"MOTOR VEHICLE IN TRANSPORT","37013","2023","March","Spring","02","Saturday","Weekend","Injuries","No Fatalities"
9.99503567101311e-314,2023-03-25 03:13:00,2,1,0,NA,"N","ANGLE","RAIN","DARK - LIGHTED","BELL RD & HICKORY PARK DR","ANTIOCH","SOUTH",36.04486,-86.67043,"MOTOR VEHICLE IN TRANSPORT","37013","2023","March","Spring","03","Saturday","Weekend","Injuries","No Fatalities"
9.99503567298937e-314,2023-03-24 05:00:00,2,1,0,NA,"N","Front to Rear","RAIN","DARK - LIGHTED","OLD HICKORY BLVD & I65 N ENT RAMP","BRENTWOOD","MIDTOW",36.04012,-86.78074,"MOTOR VEHICLE IN TRANSPORT","37027","2023","March","Spring","05","Friday","Weekday","Injuries","No Fatalities"
9.99503567842409e-314,2023-03-25 03:29:00,2,0,0,NA,"N","ANGLE","RAIN","DARK - LIGHTED","BAPTIST WORLD CENTER DR & US HWY 431","NASHVILLE","NORTH",36.20703,-86.79162,"MOTOR VEHICLE IN TRANSPORT","37207","2023","March","Spring","03","Saturday","Weekend","No Injuries","No Fatalities"
9.99503571202055e-314,2023-03-25 03:57:00,2,0,0,NA,"N","ANGLE","RAIN","DARK - LIGHTED","10TH AVN & 10TH CIRN","NASHVILLE","CENTRA",36.16338,-86.7878,"MOTOR VEHICLE IN TRANSPORT","37219","2023","March","Spring","03","Saturday","Weekend","No Injuries","No Fatalities"
9.99503573919416e-314,2023-03-25 04:12:00,2,0,0,NA,"Y","SIDESWIPE - SAME DIRECTION","RAIN","DARK - NOT LIGHTED","SAMWISE LN & FRODO LN","ANTIOCH","SOUTH",36.06344,-86.64961,"MOTOR VEHICLE IN TRANSPORT","37013","2023","March","Spring","04","Saturday","Weekend","No Injuries","No Fatalities"
9.99503574660515e-314,2023-03-24 05:00:00,1,0,0,NA,"N","NOT COLLISION W/MOTOR VEHICLE-TRANSPORT","RAIN","DARK - NOT LIGHTED","MM 87 1 I 65","NASHVILLE","EAST",36.20428,-86.77674,"CONCRETE TRAFFIC BARRIER","37207","2023","March","Spring","05","Friday","Weekday","No Injuries","No Fatalities"
9.99503579205919e-314,2023-03-25 04:00:00,2,0,0,NA,"N","ANGLE","RAIN","DARK - LIGHTED","FERN AVE & BRICK CHURCH PIKE","NASHVILLE","NORTH",36.19571,-86.77668,"MOTOR VEHICLE IN TRANSPORT","37207","2023","March","Spring","04","Saturday","Weekend","No Injuries","No Fatalities"
9.99503579304732e-314,2023-03-25 04:58:00,2,0,0,NA,"N","ANGLE","RAIN","DARK - LIGHTED","STEWARTS FERRY PKE & PERCY PRIEST DR","NASHVILLE","HERMIT",36.1539,-86.62564,"MOTOR VEHICLE IN TRANSPORT","37214","2023","March","Spring","04","Saturday","Weekend","No Injuries","No Fatalities"
9.99503579452952e-314,2023-03-25 05:00:00,2,1,0,NA,"N","HEAD-ON","RAIN","DARK - LIGHTED","RICHARDS RD & CUMMINGS PARK DR","ANTIOCH","SOUTH",36.06905,-86.68194,"MOTOR VEHICLE IN TRANSPORT","37013","2023","March","Spring","05","Saturday","Weekend","Injuries","No Fatalities"
9.99503579601171e-314,2023-03-25 04:41:00,2,2,0,NA,"N","Front to Rear","RAIN","DARK - NOT LIGHTED","MM 202 5 I 40","NASHVILLE","WEST",36.14488,-86.8807,"MOTOR VEHICLE IN TRANSPORT;CONCRETE TRAFFIC BARRIER","37209","2023","March","Spring","04","Saturday","Weekend","Injuries","No Fatalities"
9.99503580391676e-314,2023-03-25 05:03:00,1,1,0,NA,"N","NOT COLLISION W/MOTOR VEHICLE-TRANSPORT","RAIN","DARK - LIGHTED","10TH AVS & BROADWAY","NASHVILLE","CENTRA",36.15795,-86.78431,"PEDESTRIAN","37203","2023","March","Spring","05","Saturday","Weekend","Injuries","No Fatalities"
9.99503580737522e-314,2023-03-25 05:07:00,1,1,0,NA,"Y","NOT COLLISION W/MOTOR VEHICLE-TRANSPORT","RAIN","DARK - LIGHTED","LAFAYETTE ST & 4TH AVS","NASHVILLE","CENTRA",36.15171,-86.77099,"PEDESTRIAN","37210","2023","March","Spring","05","Saturday","Weekend","Injuries","No Fatalities"
9.99503581280995e-314,2023-03-25 05:00:00,4,2,0,NA,"N","Front to Rear","RAIN","DARK - LIGHTED","MM 212 8 I 40","NASHVILLE","HERMIT",36.14079,-86.73242,"MOTOR VEHICLE IN TRANSPORT","37210","2023","March","Spring","05","Saturday","Weekend","Injuries","No Fatalities"
9.99503582367939e-314,2023-03-25 05:23:00,2,0,0,NA,"Y","SIDESWIPE - OPPOSITE DIRECTION","RAIN","DARK - LIGHTED","STEWARTS FERRY PKE & PERCY PRIEST DR","NASHVILLE","HERMIT",36.1539,-86.62564,"PARKED MOTOR VEHICLE","37214","2023","March","Spring","05","Saturday","Weekend","No Injuries","No Fatalities"
9.99503584393608e-314,2023-03-25 05:15:00,2,0,0,NA,"Y","SIDESWIPE - OPPOSITE DIRECTION","RAIN","DARK - LIGHTED","I24 W ENT RAMP & I 65","NASHVILLE","EAST",36.22345,-86.774,"MOTOR VEHICLE IN TRANSPORT","37207","2023","March","Spring","05","Saturday","Weekend","No Injuries","No Fatalities"
9.99503584492421e-314,2023-03-25 05:38:00,1,1,0,NA,"N","NOT COLLISION W/MOTOR VEHICLE-TRANSPORT","RAIN","DARK - LIGHTED","MM 204 2 I 40","NASHVILLE","WEST",36.15322,-86.85377,"CONCRETE TRAFFIC BARRIER","37209","2023","March","Spring","05","Saturday","Weekend","Injuries","No Fatalities"
9.99503584838267e-314,2023-03-25 05:00:00,2,0,0,NA,"Y","Front to Rear","RAIN","DARK - LIGHTED","MM 212 3 I 40","NASHVILLE","HERMIT",36.14482,-86.74011,"MOTOR VEHICLE IN TRANSPORT","37210","2023","March","Spring","05","Saturday","Weekend","No Injuries","No Fatalities"
9.99503585826399e-314,2023-03-25 05:50:00,1,0,0,NA,"N","NOT COLLISION W/MOTOR VEHICLE-TRANSPORT","RAIN","DARK - LIGHTED","MM 53 6 I 24","NASHVILLE","SOUTH",36.11106,-86.72271,"GUARDRAIL END","37211","2023","March","Spring","05","Saturday","Weekend","No Injuries","No Fatalities"
9.99503586369871e-314,2023-03-25 06:00:00,2,1,0,NA,"Y","Front to Rear","RAIN","DARK - LIGHTED","RAMP & US HWY 41","NASHVILLE","SOUTH",36.07234,-86.63659,"MOTOR VEHICLE IN TRANSPORT","37217","2023","March","Spring","06","Saturday","Weekend","Injuries","No Fatalities"