"Accident.Number","Date.and.Time","Number.of.Motor.Vehicles","Number.of.Injuries","Number.of.Fatalities","Property.Damage","Hit.and.Run","Collision.Type.Description","Weather.Description","Illumination.Description","Street.Address","City","Precinct","Latitude","Longitude","HarmfulDescriptions","Zip.Code","Year","Month","Season","Hour","Weekday","DayType","Accident","Fatality_category"
9.9950358666631e-314,2023-03-25 06:30:00,2,0,0,NA,"N","Front to Rear","RAIN","DARK - LIGHTED","204 I 40","NASHVILLE","WEST",36.1532,-86.85387,"MOTOR VEHICLE IN TRANSPORT","37209","2023","March","Spring","06","Saturday","Weekend","No Injuries","No Fatalities"
9.99503587012156e-314,2023-03-25 06:00:00,2,1,0,NA,"N","Front to Rear","RAIN","DARK - LIGHTED","MM 215 8 I 40","NASHVILLE","HERMIT",36.14211,-86.67919,"MOTOR VEHICLE IN TRANSPORT","37217","2023","March","Spring","06","Saturday","Weekend","Injuries","No Fatalities"
9.99503587950881e-314,2023-03-25 06:21:00,1,1,0,NA,"N","NOT COLLISION W/MOTOR VEHICLE-TRANSPORT","RAIN","DARK - NOT LIGHTED","MM 211 7 I 40","NASHVILLE","HERMIT",36.15,-86.74816,"GUARDRAIL FACE;CONCRETE TRAFFIC BARRIER","37210","2023","March","Spring","06","Saturday","Weekend","Injuries","No Fatalities"
9.99503588593166e-314,2023-03-25 06:25:00,1,0,0,NA,"Y","NOT COLLISION W/MOTOR VEHICLE-TRANSPORT","RAIN","DARK - LIGHTED","MM 3 0 I 40 EAST","NASHVILLE","MIDTOW",36.122564,-86.805124,"GUARDRAIL FACE","37212","2023","March","Spring","06","Saturday","Weekend","No Injuries","No Fatalities"
9.99503589680111e-314,2023-03-24 05:00:00,2,1,0,NA,"Y","Front to Rear","RAIN","DARK - LIGHTED","MM 204 2 I 40","NASHVILLE","WEST",36.15328,-86.85336,"MOTOR VEHICLE IN TRANSPORT;CONCRETE TRAFFIC BARRIER","37209","2023","March","Spring","05","Friday","Weekday","Injuries","No Fatalities"
9.9950359012477e-314,2023-03-25 05:00:00,2,0,0,NA,"N","ANGLE","RAIN","DARK - LIGHTED","US HWY 431 & HAMPTON ST","NASHVILLE","NORTH",36.20669,-86.77906,"MOTOR VEHICLE IN TRANSPORT","37207","2023","March","Spring","05","Saturday","Weekend","No Injuries","No Fatalities"
9.99503591458747e-314,2023-03-25 06:43:00,2,0,0,NA,"Y","ANGLE","RAIN","DARK - LIGHTED","CHURCH ST & 3RD AVN","NASHVILLE","CENTRA",36.16437,-86.7774,"MOTOR VEHICLE IN TRANSPORT","37201","2023","March","Spring","06","Saturday","Weekend","No Injuries","No Fatalities"
9.99503594966613e-314,2023-03-25 08:20:00,1,1,0,NA,"N","NOT COLLISION W/MOTOR VEHICLE-TRANSPORT","RAIN","DARK - LIGHTED","0 DICKERSON PKE","NASHVILLE","EAST",36.21354,-86.76454,"UTILITY POLE","37207","2023","March","Spring","08","Saturday","Weekend","Injuries","No Fatalities"
9.99503595855931e-314,2023-03-25 08:35:00,1,1,0,NA,"N","NOT COLLISION W/MOTOR VEHICLE-TRANSPORT","RAIN","DARK - LIGHTED","0 NOLENSVILLE PKE","ANTIOCH","SOUTH",36.03237,-86.71276,"UTILITY POLE","37013","2023","March","Spring","08","Saturday","Weekend","Injuries","No Fatalities"
9.99503597634567e-314,2023-03-25 08:38:00,2,0,0,NA,"N","SIDESWIPE - SAME DIRECTION","RAIN","DARK - NOT LIGHTED","EZELL RD & WILLARD DR","NASHVILLE","SOUTH",36.07083,-86.69379,"MOTOR VEHICLE IN TRANSPORT","37211","2023","March","Spring","08","Saturday","Weekend","No Injuries","No Fatalities"
9.9950416753929e-314,2023-03-31 07:12:00,2,1,0,NA,"Y","Front to Rear","RAIN","DARK - LIGHTED","MM 214 7 I 40","NASHVILLE","HERMIT",36.14415,-86.69914,"MOTOR VEHICLE IN TRANSPORT;CONCRETE TRAFFIC BARRIER","37217","2023","March","Spring","07","Friday","Weekday","Injuries","No Fatalities"
9.99504170059025e-314,2023-03-31 05:00:00,2,1,0,NA,"Y","Front to Rear","RAIN","DARK - NOT LIGHTED","US HWY 70S & 24TH AVE S","NASHVILLE","MIDTOW",36.14756,-86.80713,"PARKED MOTOR VEHICLE","37240","2023","March","Spring","05","Friday","Weekday","Injuries","No Fatalities"
9.99504170157838e-314,2023-03-31 08:20:00,1,0,0,NA,"Y","NOT COLLISION W/MOTOR VEHICLE-TRANSPORT","RAIN","DARK - NOT LIGHTED","CENTRAL PKE ENT RAMP & I 40","HERMITAGE","HERMIT",36.17133,-86.60613,"GUARDRAIL FACE","37076","2023","March","Spring","08","Friday","Weekday","No Injuries","No Fatalities"
9.99504171936474e-314,2023-03-31 08:58:00,1,0,0,NA,"N","NOT COLLISION W/MOTOR VEHICLE-TRANSPORT","RAIN","DARK - LIGHTED","MOORMANS ARM RD & BUENA VISTA PKE","NASHVILLE","NORTH",36.21525,-86.81605,"DITCH","37207","2023","March","Spring","08","Friday","Weekday","No Injuries","No Fatalities"
9.99504173221045e-314,2023-03-31 09:15:00,2,0,0,NA,"N","ANGLE","RAIN","DARK - LIGHTED","18TH AVN & CHURCH ST","NASHVILLE","MIDTOW",36.15504,-86.79752,"MOTOR VEHICLE IN TRANSPORT","37203","2023","March","Spring","09","Friday","Weekday","No Injuries","No Fatalities"
9.99504178853393e-314,2023-03-31 10:40:00,2,0,0,NA,"N","Front to Rear","RAIN","DARK - LIGHTED","0 I 24","NASHVILLE","SOUTH",36.16275,-86.7612,"MOTOR VEHICLE IN TRANSPORT","37211","2023","March","Spring","10","Friday","Weekday","No Injuries","No Fatalities"
9.9950417905102e-314,2023-03-31 11:45:00,1,0,0,NA,"N","NOT COLLISION W/MOTOR VEHICLE-TRANSPORT","RAIN","DAYLIGHT","MM 77 2 I 65","NASHVILLE","MIDTOW",36.07345,-86.7693,"GUARDRAIL FACE","37220","2023","March","Spring","11","Friday","Weekday","No Injuries","No Fatalities"
9.99504180137964e-314,2023-03-31 11:40:00,2,0,0,NA,"Y","SIDESWIPE - SAME DIRECTION","RAIN","DAYLIGHT","BRILEY PKWYN & BRILEY PKWYS","NASHVILLE","SOUTH",36.21075,-86.69102,"MOTOR VEHICLE IN TRANSPORT","37211","2023","March","Spring","11","Friday","Weekday","No Injuries","No Fatalities"
9.99504185177434e-314,2023-03-31 12:40:00,1,1,0,NA,"N","NOT COLLISION W/MOTOR VEHICLE-TRANSPORT","RAIN","DAYLIGHT","CLAY LICK RD & CLAY LICK RD PVTDR","WHITES CREEK","NORTH",36.31648,-86.8347,"BRIDGE RAIL","37189","2023","March","Spring","12","Friday","Weekday","Injuries","No Fatalities"
9.99504732997422e-314,2023-04-05 05:00:00,2,1,0,NA,"N","Front to Rear","RAIN","DAYLIGHT","MCMURRAY DR & BREWER DR","NASHVILLE","MIDTOW",36.05542,-86.72309,"MOTOR VEHICLE IN TRANSPORT","37211","2023","April","Spring","05","Wednesday","Weekday","Injuries","No Fatalities"
9.99504196046878e-314,2023-03-31 05:00:00,1,0,0,NA,"Y","NOT COLLISION W/MOTOR VEHICLE-TRANSPORT","RAIN","DAYLIGHT","MURPHY RD & PARK DR","NASHVILLE","MIDTOW",36.13944,-86.81993,"TREE","37203","2023","March","Spring","05","Friday","Weekday","No Injuries","No Fatalities"
9.99504736505288e-314,2023-04-05 05:00:00,2,0,0,NA,"N","Front to Rear","RAIN","DAYLIGHT","MM 7 2 I440E","NASHVILLE","SOUTH",36.12546,-86.73261,"MOTOR VEHICLE IN TRANSPORT","37210","2023","April","Spring","05","Wednesday","Weekday","No Injuries","No Fatalities"
9.99504747918204e-314,2023-04-06 00:05:00,2,2,0,NA,"N","Front to Rear","RAIN","DARK - NOT LIGHTED","US HWY 31E & MAPLE ST","MADISON","MADISO",36.26111,-86.71259,"MOTOR VEHICLE IN TRANSPORT","37115","2023","April","Spring","00","Thursday","Weekday","Injuries","No Fatalities"
9.99504755477409e-314,2023-04-06 01:33:00,2,0,0,NA,"Y","Front to Rear","RAIN","DARK - LIGHTED","0 BELL RD","NASHVILLE","HERMIT",36.07937,-86.63257,"MOTOR VEHICLE IN TRANSPORT","37217","2023","April","Spring","01","Thursday","Weekday","No Injuries","No Fatalities"
9.99504757453671e-314,2023-04-06 01:40:00,2,0,0,NA,"Y","SIDESWIPE - SAME DIRECTION","RAIN","DARK - NOT LIGHTED","WEDGEWOOD AV & BEECH AV","NASHVILLE","MIDTOW",36.13428,-86.77991,"MOTOR VEHICLE IN TRANSPORT","37204","2023","April","Spring","01","Thursday","Weekday","No Injuries","No Fatalities"
9.99504757848924e-314,2023-04-05 05:00:00,1,0,0,NA,"N","NOT COLLISION W/MOTOR VEHICLE-TRANSPORT","RAIN","UNKNOWN","PIN HOOK RD & HOBSON PKE","ANTIOCH","SOUTH",36.04942,-86.60093,"MAIL BOX","37013","2023","April","Spring","05","Wednesday","Weekday","No Injuries","No Fatalities"
9.99504758293583e-314,2023-04-06 01:38:00,2,1,0,NA,"Y","ANGLE","RAIN","DARK - LIGHTED","CRUTCHER ST & S 5TH ST","NASHVILLE","EAST",36.16242,-86.75935,"MOTOR VEHICLE IN TRANSPORT","37206","2023","April","Spring","01","Thursday","Weekday","Injuries","No Fatalities"
9.99504760961537e-314,2023-04-06 02:12:00,2,0,0,NA,"Y","SIDESWIPE - OPPOSITE DIRECTION","RAIN","DARK - LIGHTED","OLD HICKORY BLVD & FIRESTONE PKWY","ANTIOCH","SOUTH",36.01632,-86.62001,"MOTOR VEHICLE IN TRANSPORT","37013","2023","April","Spring","02","Thursday","Weekday","No Injuries","No Fatalities"
9.99504763481272e-314,2023-04-05 05:00:00,2,2,0,NA,"Y","ANGLE","RAIN","DARK - LIGHTED","NOLENSVILLE PKE & WALLACE RD","NASHVILLE","SOUTH",36.07649,-86.72537,"MOTOR VEHICLE IN TRANSPORT","37211","2023","April","Spring","05","Wednesday","Weekday","Injuries","No Fatalities"
9.99504765605754e-314,2023-04-06 03:09:00,1,0,0,NA,"N","NOT COLLISION W/MOTOR VEHICLE-TRANSPORT","RAIN","DARK - NOT LIGHTED","EDGE O LAKE DR & RICE RD","ANTIOCH","SOUTH",36.07234,-86.64685,"CURB","37013","2023","April","Spring","03","Thursday","Weekday","No Injuries","No Fatalities"
9.99504766643292e-314,2023-04-06 03:40:00,2,0,0,NA,"N","ANGLE","RAIN","DARK - LIGHTED","ASH GROVE DR & NOLENSVILLE PKE","NASHVILLE","SOUTH",36.04957,-86.71367,"MOTOR VEHICLE IN TRANSPORT","37211","2023","April","Spring","03","Thursday","Weekday","No Injuries","No Fatalities"
9.99504767779643e-314,2023-04-05 05:00:00,2,0,0,NA,"N","SIDESWIPE - SAME DIRECTION","RAIN","DARK - LIGHTED","MM 211 1 I 40","NASHVILLE","HERMIT",36.15392,-86.7582,"MOTOR VEHICLE IN TRANSPORT;GUARDRAIL FACE","37210","2023","April","Spring","05","Wednesday","Weekday","No Injuries","No Fatalities"
9.99504769657093e-314,2023-04-06 01:20:00,1,0,0,NA,"N","NOT COLLISION W/MOTOR VEHICLE-TRANSPORT","RAIN","DARK - NOT LIGHTED","MM 57 0 I 24","NASHVILLE","SOUTH",36.06969,-86.68984,"CONCRETE TRAFFIC BARRIER","37211","2023","April","Spring","01","Thursday","Weekday","No Injuries","No Fatalities"
9.99504771386322e-314,2023-04-06 05:00:00,2,1,0,NA,"N","Front to Rear","RAIN","DARK - LIGHTED","MM 86 5 I 65","NASHVILLE","NORTH",36.19542,-86.77556,"MOTOR VEHICLE IN TRANSPORT;WALL","37207","2023","April","Spring","05","Thursday","Weekday","Injuries","No Fatalities"
9.9950477415309e-314,2023-04-06 05:00:00,2,0,0,NA,"N","Front to Rear","RAIN","DARK - LIGHTED","I40 E ENT RAMP & I 40","NASHVILLE","WEST",36.15442,-86.75916,"MOTOR VEHICLE IN TRANSPORT;GUARDRAIL FACE","37205","2023","April","Spring","05","Thursday","Weekday","No Injuries","No Fatalities"
9.99504776277572e-314,2023-04-06 05:00:00,1,0,0,NA,"Y","NOT COLLISION W/MOTOR VEHICLE-TRANSPORT","RAIN","DARK - LIGHTED","DOUGLAS AV & CLINE AV","NASHVILLE","EAST",36.19327,-86.75113,"CURB","37206","2023","April","Spring","05","Thursday","Weekday","No Injuries","No Fatalities"
9.99504776475198e-314,2023-04-06 05:00:00,1,1,0,NA,"N","NOT COLLISION W/MOTOR VEHICLE-TRANSPORT","RAIN","DARK - LIGHTED","NOLENSVILLE PKE & I440 W ENT RAMP","NASHVILLE","SOUTH",36.12306,-86.75119,"GUARDRAIL FACE","37210","2023","April","Spring","05","Thursday","Weekday","Injuries","No Fatalities"
9.99504778698494e-314,2023-04-06 06:58:00,1,1,0,NA,"N","NOT COLLISION W/MOTOR VEHICLE-TRANSPORT","RAIN","DARK - NOT LIGHTED","MM 211 5 I 40","NASHVILLE","HERMIT",36.1512,-86.75073,"CONCRETE TRAFFIC BARRIER","37210","2023","April","Spring","06","Thursday","Weekday","Injuries","No Fatalities"
9.99504779340779e-314,2023-04-06 07:10:00,3,0,0,NA,"Y","NOT COLLISION W/MOTOR VEHICLE-TRANSPORT","RAIN","DARK - LIGHTED","MM 87 1 I 65","NASHVILLE","EAST",36.20405,-86.77658,"MOTOR VEHICLE IN TRANSPORT;WALL","37207","2023","April","Spring","07","Thursday","Weekday","No Injuries","No Fatalities"
9.99504779587812e-314,2023-04-06 07:10:00,2,0,0,NA,"N","SIDESWIPE - SAME DIRECTION","RAIN","DARK - LIGHTED","GALLATIN AV & DOUGLAS AV","NASHVILLE","EAST",36.19251,-86.74448,"MOTOR VEHICLE IN TRANSPORT","37206","2023","April","Spring","07","Thursday","Weekday","No Injuries","No Fatalities"
9.99504781168822e-314,2023-04-06 07:55:00,2,0,0,NA,"N","SIDESWIPE - SAME DIRECTION","RAIN","Dark-Unknown Lighting","STATE HWY 155 & DOVERSIDE DR","NASHVILLE","MADISO",36.23984,-86.77406,"MOTOR VEHICLE IN TRANSPORT;CONCRETE TRAFFIC BARRIER","37207","2023","April","Spring","07","Thursday","Weekday","No Injuries","No Fatalities"
9.99504781218229e-314,2023-04-06 07:55:00,1,1,0,NA,"N","NOT COLLISION W/MOTOR VEHICLE-TRANSPORT","RAIN","DARK - LIGHTED","0 I440 EAST MM 3","NASHVILLE","MIDTOW",36.11692,-86.79966,"WALL","37215","2023","April","Spring","07","Thursday","Weekday","Injuries","No Fatalities"
9.99504783886183e-314,2023-04-06 09:03:00,2,0,0,NA,"Y","SIDESWIPE - SAME DIRECTION","RAIN","DARK - NOT LIGHTED","MM 58 7 I 24","ANTIOCH","SOUTH",36.05097,-86.66847,"MOTOR VEHICLE IN TRANSPORT","37013","2023","April","Spring","09","Thursday","Weekday","No Injuries","No Fatalities"
9.99503656033127e-314,2023-03-26 03:00:00,1,0,0,NA,"Y","NOT COLLISION W/MOTOR VEHICLE-TRANSPORT","RAIN","DARK - LIGHTED","8171 HIGHWAY 100","NASHVILLE","WEST",36.04417,-86.95774,"BUILDING","37221","2023","March","Spring","03","Sunday","Weekend","No Injuries","No Fatalities"
9.99506415834418e-314,2023-04-22 00:13:00,2,0,0,NA,"N","Front to Rear","RAIN","DARK - LIGHTED","MM 86 2 I 65","NASHVILLE","CENTRA",36.19187,-86.78097,"MOTOR VEHICLE IN TRANSPORT","37207","2023","April","Spring","00","Saturday","Weekend","No Injuries","No Fatalities"
9.99506416279077e-314,2023-04-22 00:04:00,2,0,0,NA,"N","Front to Rear","RAIN","DARK - LIGHTED","CHARLOTTE PKE & AMERICAN RD","NASHVILLE","WEST",36.14494,-86.87214,"MOTOR VEHICLE IN TRANSPORT","37209","2023","April","Spring","00","Saturday","Weekend","No Injuries","No Fatalities"
9.99506418304746e-314,2023-04-22 00:33:00,1,0,0,NA,"N","NOT COLLISION W/MOTOR VEHICLE-TRANSPORT","RAIN","DARK - NOT LIGHTED","I40 E ENT RAMP & I 65","NASHVILLE","NORTH",36.17722,-86.80105,"GUARDRAIL FACE","37208","2023","April","Spring","00","Saturday","Weekend","No Injuries","No Fatalities"
9.99506418650592e-314,2023-04-22 00:15:00,1,0,0,NA,"Y","UNKNOWN","RAIN","DARK - LIGHTED","NEELYS BEND RD & IDLEWILD AV","MADISON","MADISO",36.25564,-86.70738,"UNKNOWN MOST HARMFUL EVENT","37115","2023","April","Spring","00","Saturday","Weekend","No Injuries","No Fatalities"
9.99506418897625e-314,2023-04-22 00:51:00,1,0,0,NA,"N","NOT COLLISION W/MOTOR VEHICLE-TRANSPORT","RAIN","DARK - NOT LIGHTED","COLEY DAVIS RD & HIGHWAY 70S","NASHVILLE","WEST",36.079,-86.95404,"PEDESTRIAN","37221","2023","April","Spring","00","Saturday","Weekend","No Injuries","No Fatalities"
9.99506420824481e-314,2023-04-21 05:00:00,2,2,0,NA,"N","ANGLE","RAIN","DARK - NOT LIGHTED","LEBANON PKE & TYLER DR","HERMITAGE","HERMIT",36.20128,-86.61771,"MOTOR VEHICLE IN TRANSPORT","37076","2023","April","Spring","05","Friday","Weekday","Injuries","No Fatalities"
9.99506420873888e-314,2023-04-22 01:17:00,1,1,0,NA,"N","NOT COLLISION W/MOTOR VEHICLE-TRANSPORT","RAIN","DARK - NOT LIGHTED","NOLENSVILLE PKE & OLD HICKORY BLVD","NASHVILLE","SOUTH",36.04681,-86.71343,"PEDESTRIAN","37211","2023","April","Spring","01","Saturday","Weekend","Injuries","No Fatalities"
9.99506421022107e-314,2023-04-22 00:03:00,2,0,0,NA,"N","ANGLE","RAIN","DARK - LIGHTED","MAIN ST & SPRING ST","NASHVILLE","EAST",36.17287,-86.76526,"MOTOR VEHICLE IN TRANSPORT","37206","2023","April","Spring","00","Saturday","Weekend","No Injuries","No Fatalities"
9.99506421367953e-314,2023-04-22 01:25:00,2,1,0,NA,"Y","ANGLE","RAIN","DARK - NOT LIGHTED","MURFREESBORO PKE & MOUNTAIN SPRINGS RD","ANTIOCH","SOUTH",36.04784,-86.61205,"MOTOR VEHICLE IN TRANSPORT","37013","2023","April","Spring","01","Saturday","Weekend","Injuries","No Fatalities"
9.99506422109052e-314,2023-04-22 01:32:00,2,2,0,NA,"N","ANGLE","RAIN","DARK - LIGHTED","LAFAYETTE ST & 4TH AVS","NASHVILLE","CENTRA",36.1518,-86.77125,"MOTOR VEHICLE IN TRANSPORT","37210","2023","April","Spring","01","Saturday","Weekend","Injuries","No Fatalities"
9.99506422158458e-314,2023-04-22 01:34:00,1,3,0,NA,"N","NOT COLLISION W/MOTOR VEHICLE-TRANSPORT","RAIN","DARK - LIGHTED","1ST AVS & DOWNTOWN GRNWY","NASHVILLE","CENTRA",36.16154,-86.77391,"OTHER POST, POLE, SUPP.","37201","2023","April","Spring","01","Saturday","Weekend","Injuries","No Fatalities"
9.99506422751337e-314,2023-04-22 01:53:00,2,0,0,NA,"N","ANGLE","RAIN","DARK - NOT LIGHTED","HIGHWAY 100 & LONDON WAY","NASHVILLE","WEST",36.05969,-86.91895,"MOTOR VEHICLE IN TRANSPORT","37221","2023","April","Spring","01","Saturday","Weekend","No Injuries","No Fatalities"
9.995064247276e-314,2023-04-22 02:23:00,2,0,0,NA,"N","Front to Rear","RAIN","DARK - LIGHTED","GALLATIN PKEN & NESBITT LN","MADISON","MADISO",36.27278,-86.71016,"MOTOR VEHICLE IN TRANSPORT","37115","2023","April","Spring","02","Saturday","Weekend","No Injuries","No Fatalities"
9.99506424974632e-314,2023-04-22 02:15:00,1,0,0,NA,"N","NOT COLLISION W/MOTOR VEHICLE-TRANSPORT","RAIN","DARK - NOT LIGHTED","MM 198 5 I 40","NASHVILLE","WEST",36.1035,-86.9326,"CONCRETE TRAFFIC BARRIER","37221","2023","April","Spring","02","Saturday","Weekend","No Injuries","No Fatalities"
9.9950642630861e-314,2023-04-22 02:17:00,2,0,0,NA,"N","SIDESWIPE - SAME DIRECTION","RAIN","DARK - LIGHTED","8TH AVS & MCGAVOCK ST","NASHVILLE","CENTRA",36.15821,-86.78166,"MOTOR VEHICLE IN TRANSPORT","37203","2023","April","Spring","02","Saturday","Weekend","No Injuries","No Fatalities"
9.99506428680125e-314,2023-04-22 02:45:00,2,0,0,NA,"Y","SIDESWIPE - OPPOSITE DIRECTION","RAIN","DARK - LIGHTED","LINBAR DR & WALLACE RD","NASHVILLE","SOUTH",36.08236,-86.70213,"MOTOR VEHICLE IN TRANSPORT","37211","2023","April","Spring","02","Saturday","Weekend","No Injuries","No Fatalities"
9.99506431693925e-314,2023-04-22 03:10:00,2,1,0,NA,"N","ANGLE","RAIN","DARK - LIGHTED","CHARLOTTE AV & ROSA L PARKS BLVD","NASHVILLE","CENTRA",36.16387,-86.78662,"MOTOR VEHICLE IN TRANSPORT","37203","2023","April","Spring","03","Saturday","Weekend","Injuries","No Fatalities"
9.99506435300604e-314,2023-04-22 03:40:00,1,0,0,NA,"N","NOT COLLISION W/MOTOR VEHICLE-TRANSPORT","RAIN","DARK - NOT LIGHTED","JEFFERSON ST & 6TH AVE N","NASHVILLE","NORTH",36.173895,-86.7887,"OTHER OBJECT (NOT FIXED)","37208","2023","April","Spring","03","Saturday","Weekend","No Injuries","No Fatalities"
9.99506438660251e-314,2023-04-22 04:38:00,1,0,0,NA,"N","NOT COLLISION W/MOTOR VEHICLE-TRANSPORT","RAIN","DARK - NOT LIGHTED","E ASHLAND DR & PRIEST RD","NASHVILLE","MIDTOW",36.06518,-86.83585,"UTILITY POLE;MAIL BOX","37215","2023","April","Spring","04","Saturday","Weekend","No Injuries","No Fatalities"
9.99506440932953e-314,2023-04-22 05:15:00,2,1,0,NA,"Y","Front to Rear","RAIN","DARK - LIGHTED","MURFREESBORO PKE & BELL RD","ANTIOCH","SOUTH",36.07013,-86.63426,"MOTOR VEHICLE IN TRANSPORT","37013","2023","April","Spring","05","Saturday","Weekend","Injuries","No Fatalities"
9.99508051537552e-314,2023-05-07 05:00:00,1,0,0,NA,"Y","NOT COLLISION W/MOTOR VEHICLE-TRANSPORT","RAIN","DAYLIGHT","LINBAR DR & I24 W EXT RAMP","NASHVILLE","SOUTH",36.08147,-86.69898,"UTILITY POLE;Motor Vehicle-In-Motion Outside Trafficw","37211","2023","May","Spring","05","Sunday","Weekend","No Injuries","No Fatalities"
9.99508054403132e-314,2023-05-07 05:00:00,1,1,0,NA,"N","NOT COLLISION W/MOTOR VEHICLE-TRANSPORT","RAIN","DAYLIGHT","MCMURRAY DR & WHITAKER DR","NASHVILLE","MIDTOW",36.05407,-86.73999,"UTILITY POLE;DITCH","37211","2023","May","Spring","05","Sunday","Weekend","Injuries","No Fatalities"
9.9950805558889e-314,2023-05-07 05:00:00,3,3,0,NA,"N","ANGLE","RAIN","DARK - LIGHTED","GALLATIN PKE & E TRINITY LN","NASHVILLE","EAST",36.20355,-86.73853,"MOTOR VEHICLE IN TRANSPORT","37216","2023","May","Spring","05","Sunday","Weekend","Injuries","No Fatalities"
9.99507018446286e-314,2023-04-27 05:00:00,2,1,0,NA,"N","Front to Rear","RAIN","DAYLIGHT","OLD HICKORY BLVD & LEBANON PKE","HERMITAGE","HERMIT",36.19857,-86.62031,"MOTOR VEHICLE IN TRANSPORT","37076","2023","April","Spring","05","Thursday","Weekday","Injuries","No Fatalities"
9.99508055885329e-314,2023-05-08 00:03:00,1,0,0,NA,"N","NOT COLLISION W/MOTOR VEHICLE-TRANSPORT","RAIN","DARK - LIGHTED","BRILEY PKWYE & BRILEY PKWY E ENT RAMP","NASHVILLE","EAST",36.2342,-86.72,"CONCRETE TRAFFIC BARRIER","37216","2023","May","Spring","00","Monday","Weekday","No Injuries","No Fatalities"
9.99508058405064e-314,2023-05-08 00:56:00,2,1,0,NA,"N","ANGLE","RAIN","DARK - LIGHTED","FESSLERS LN & MURFREESBORO PKE","NASHVILLE","HERMIT",36.14191,-86.74474,"MOTOR VEHICLE IN TRANSPORT","37210","2023","May","Spring","00","Monday","Weekday","Injuries","No Fatalities"
9.99508060381327e-314,2023-05-08 01:20:00,1,0,0,NA,"N","NOT COLLISION W/MOTOR VEHICLE-TRANSPORT","RAIN","DARK - NOT LIGHTED","MM 217 6 I 40","NASHVILLE","HERMIT",36.14307,-86.64967,"CONCRETE TRAFFIC BARRIER","37214","2023","May","Spring","01","Monday","Weekday","No Injuries","No Fatalities"
9.99508061468271e-314,2023-05-08 01:59:00,2,1,0,NA,"N","Front to Rear","RAIN","DARK - NOT LIGHTED","MM 56 0 I 24","NASHVILLE","SOUTH",36.08268,-86.69805,"MOTOR VEHICLE IN TRANSPORT","37211","2023","May","Spring","01","Monday","Weekday","Injuries","No Fatalities"
9.99508062357589e-314,2023-05-08 01:29:00,2,1,0,NA,"N","SIDESWIPE - SAME DIRECTION","RAIN","DARK - NOT LIGHTED","MM 213 5 I 40","NASHVILLE","HERMIT",36.14015,-86.72291,"MOTOR VEHICLE IN TRANSPORT","37210","2023","May","Spring","01","Monday","Weekday","Injuries","No Fatalities"
9.99508062456402e-314,2023-05-08 02:23:00,2,1,0,NA,"N","ANGLE","RAIN","DARK - LIGHTED","I440 E ENT RAMP & I 440","NASHVILLE","MIDTOW",36.12175,-86.80493,"MOTOR VEHICLE IN TRANSPORT","37215","2023","May","Spring","02","Monday","Weekday","Injuries","No Fatalities"
9.99508064284445e-314,2023-05-08 01:45:00,2,0,0,NA,"N","Front to Rear","RAIN","DARK - NOT LIGHTED","I40 E ENT RAMP & I 40","NASHVILLE","WEST",36.1522,-86.75421,"MOTOR VEHICLE IN TRANSPORT","37205","2023","May","Spring","01","Monday","Weekday","No Injuries","No Fatalities"
9.99508064729104e-314,2023-05-08 02:15:00,2,0,0,NA,"Y","Front to Rear","RAIN","DARK - NOT LIGHTED","CHARLOTTE AV & 33RD AVN","NASHVILLE","WEST",36.15286,-86.82353,"MOTOR VEHICLE IN TRANSPORT","37209","2023","May","Spring","02","Monday","Weekday","No Injuries","No Fatalities"
9.99508066211301e-314,2023-05-08 02:55:00,1,0,0,NA,"N","NOT COLLISION W/MOTOR VEHICLE-TRANSPORT","RAIN","DARK - LIGHTED","NOLENSVILLE PKE & OCALA DR","NASHVILLE","SOUTH",36.05208,-86.71453,"DITCH","37211","2023","May","Spring","02","Monday","Weekday","No Injuries","No Fatalities"
9.99508066310114e-314,2023-05-08 02:55:00,1,0,0,NA,"N","NOT COLLISION W/MOTOR VEHICLE-TRANSPORT","RAIN","DARK - LIGHTED","MM 88 6 I 65","NASHVILLE","EAST",36.22513,-86.77445,"GUARDRAIL FACE","37207","2023","May","Spring","02","Monday","Weekday","No Injuries","No Fatalities"
9.9950806838519e-314,2023-05-08 03:20:00,1,0,0,NA,"N","NOT COLLISION W/MOTOR VEHICLE-TRANSPORT","RAIN","DARK - NOT LIGHTED","I440 W EXT RAMP & I 440","NASHVILLE","MIDTOW",36.1206,-86.80257,"CONCRETE TRAFFIC BARRIER","37212","2023","May","Spring","03","Monday","Weekday","No Injuries","No Fatalities"
9.99508069768574e-314,2023-05-08 00:59:00,2,0,0,NA,"Y","Front to Rear","RAIN","DARK - LIGHTED","MM 59 2 I 24","ANTIOCH","SOUTH",36.04665,-86.66155,"MOTOR VEHICLE IN TRANSPORT;Ran Off Road-Right","37013","2023","May","Spring","00","Monday","Weekday","No Injuries","No Fatalities"
9.99508071250771e-314,2023-05-08 04:15:00,2,0,0,NA,"N","ANGLE","RAIN","DARK - LIGHTED","I40 E ENT RAMP & I 40","NASHVILLE","WEST",36.15492,-86.75974,"MOTOR VEHICLE IN TRANSPORT","37205","2023","May","Spring","04","Monday","Weekday","No Injuries","No Fatalities"
9.99508075647955e-314,2023-05-08 05:09:00,2,0,0,NA,"Y","ANGLE","RAIN","DARK - LIGHTED","MURFREESBORO & MT VIEW","ANTIOCH","SOUTH",36.054339,-86.618809,"MOTOR VEHICLE IN TRANSPORT","37013","2023","May","Spring","05","Monday","Weekday","No Injuries","No Fatalities"