"Accident.Number","Date.and.Time","Number.of.Motor.Vehicles","Number.of.Injuries","Number.of.Fatalities","Property.Damage","Hit.and.Run","Collision.Type.Description","Weather.Description","Illumination.Description","Street.Address","City","Precinct","Latitude","Longitude","HarmfulDescriptions","Zip.Code","Year","Month","Season","Hour","Weekday","DayType","Accident","Fatality_category"
9.99507029216917e-314,2023-04-28 00:10:00,1,1,0,NA,"N","NOT COLLISION W/MOTOR VEHICLE-TRANSPORT","RAIN","DAYLIGHT","RECOVERY RD & HARDING PL","NASHVILLE","SOUTH",36.07991,-86.7203,"DITCH","37211","2023","April","Spring","00","Friday","Weekday","Injuries","No Fatalities"
9.99508080143953e-314,2023-05-08 06:20:00,2,1,0,NA,"N","HEAD-ON","RAIN","DARK - LIGHTED","MAIN ST & SPRING ST","NASHVILLE","EAST",36.17287,-86.76528,"MOTOR VEHICLE IN TRANSPORT","37206","2023","May","Spring","06","Monday","Weekday","Injuries","No Fatalities"
9.99507034305793e-314,2023-04-28 01:05:00,2,1,0,NA,"N","ANGLE","RAIN","DARK - LIGHTED","ROOSEVELT AV & MAY DR","MADISON","MADISO",36.26966,-86.69489,"MOTOR VEHICLE IN TRANSPORT","37115","2023","April","Spring","01","Friday","Weekday","Injuries","No Fatalities"
9.99508080489798e-314,2023-05-08 05:00:00,1,1,0,NA,"N","NOT COLLISION W/MOTOR VEHICLE-TRANSPORT","RAIN","DARK - LIGHTED","MCMURRAY DR & HILSON RD","NASHVILLE","MIDTOW",36.05484,-86.72909,"WALL","37211","2023","May","Spring","05","Monday","Weekday","Injuries","No Fatalities"
9.99508082811907e-314,2023-05-08 07:42:00,1,0,0,NA,"Y","NOT COLLISION W/MOTOR VEHICLE-TRANSPORT","RAIN","DARK - LIGHTED","UNION ST & GAY ST","NASHVILLE","CENTRA",36.16715,-86.77689,"Other Traffic Barrier","37201","2023","May","Spring","07","Monday","Weekday","No Injuries","No Fatalities"
9.99507037566627e-314,2023-04-28 01:50:00,1,0,0,NA,"N","NOT COLLISION W/MOTOR VEHICLE-TRANSPORT","RAIN","DARK - NOT LIGHTED","HICKORY HOLLOW PKWY & MT VIEW RD","ANTIOCH","SOUTH",36.05387,-86.66746,"WALL;Ran Off Road-Left","37013","2023","April","Spring","01","Friday","Weekday","No Injuries","No Fatalities"
9.99508085529268e-314,2023-05-08 07:30:00,2,0,0,NA,"Y","SIDESWIPE - SAME DIRECTION","RAIN","DARK - LIGHTED","LEWIS ST & LAFAYETTE ST","NASHVILLE","SOUTH",36.14755,-86.75865,"MOTOR VEHICLE IN TRANSPORT","37210","2023","May","Spring","07","Monday","Weekday","No Injuries","No Fatalities"
9.99508089926452e-314,2023-05-08 05:00:00,3,0,0,NA,"Y","OTHER","RAIN","DARK - LIGHTED","TIMBER VALLEY DR & ELM HILL PKE","NASHVILLE","HERMIT",36.14191,-86.64061,"PARKED MOTOR VEHICLE;Motor Vehicle-In-Motion Outside Trafficw","37214","2023","May","Spring","05","Monday","Weekday","No Injuries","No Fatalities"
9.99508092742626e-314,2023-05-08 05:00:00,2,0,0,NA,"N","Front to Rear","RAIN","DAYLIGHT","ELLINGTON PKWYN & ELLINGTON PKWYS","NASHVILLE","EAST",36.18242,-86.76153,"MOTOR VEHICLE IN TRANSPORT","37216","2023","May","Spring","05","Monday","Weekday","No Injuries","No Fatalities"
9.99508096052866e-314,2023-05-08 09:40:00,1,0,0,NA,"N","NOT COLLISION W/MOTOR VEHICLE-TRANSPORT","RAIN","DARK - NOT LIGHTED","MM 77 1 I 65","NASHVILLE","MIDTOW",36.07307,-86.76916,"CONCRETE TRAFFIC BARRIER","37220","2023","May","Spring","09","Monday","Weekday","No Injuries","No Fatalities"
9.99508099955985e-314,2023-05-08 12:55:00,3,0,0,NA,"N","NOT COLLISION W/MOTOR VEHICLE-TRANSPORT","RAIN","DAYLIGHT","OLD HICKORY BLVD & LEBANON PKE EB EXT RA","HERMITAGE","HERMIT",36.19789,-86.62015,"","37076","2023","May","Spring","12","Monday","Weekday","No Injuries","No Fatalities"
9.99507069631487e-314,2023-04-28 08:28:00,1,0,0,NA,"N","NOT COLLISION W/MOTOR VEHICLE-TRANSPORT","RAIN","DARK - NOT LIGHTED","MM 52 0 I 24","NASHVILLE","SOUTH",36.13442,-86.72676,"CONCRETE TRAFFIC BARRIER","37217","2023","April","Spring","08","Friday","Weekday","No Injuries","No Fatalities"
9.99507070125553e-314,2023-04-28 08:37:00,1,0,0,NA,"N","NOT COLLISION W/MOTOR VEHICLE-TRANSPORT","RAIN","DARK - LIGHTED","I40 E EXT RAMP & I 40","NASHVILLE","HERMIT",36.14185,-86.67691,"WALL","37214","2023","April","Spring","08","Friday","Weekday","No Injuries","No Fatalities"
9.99507070323179e-314,2023-04-28 08:40:00,1,1,0,NA,"N","NOT COLLISION W/MOTOR VEHICLE-TRANSPORT","RAIN","DARK - LIGHTED","MM 89 6 I 65","NASHVILLE","MADISO",36.23613,-86.76308,"CONCRETE TRAFFIC BARRIER","37207","2023","April","Spring","08","Friday","Weekday","Injuries","No Fatalities"
9.99507070471399e-314,2023-04-28 08:50:00,1,0,0,NA,"N","NOT COLLISION W/MOTOR VEHICLE-TRANSPORT","RAIN","DARK - NOT LIGHTED","HOBSON PKE & PADDINGTON WAY","HERMITAGE","HERMIT",36.08258,-86.56664,"WALL","37076","2023","April","Spring","08","Friday","Weekday","No Injuries","No Fatalities"
9.99507070520805e-314,2023-04-28 08:45:00,1,0,0,NA,"N","NOT COLLISION W/MOTOR VEHICLE-TRANSPORT","RAIN","DARK - LIGHTED","MM 49 0 I 24","NASHVILLE","EAST",36.16518,-86.764,"LUMINAIRE/LIGHT SUPPORT","37206","2023","April","Spring","08","Friday","Weekday","No Injuries","No Fatalities"
9.99507070767838e-314,2023-04-28 08:30:00,1,0,0,NA,"N","NOT COLLISION W/MOTOR VEHICLE-TRANSPORT","RAIN","DARK - LIGHTED","MM 215 5 I 40","NASHVILLE","HERMIT",36.14285,-86.68452,"CONCRETE TRAFFIC BARRIER","37217","2023","April","Spring","08","Friday","Weekday","No Injuries","No Fatalities"
9.99507071261904e-314,2023-04-28 09:05:00,2,0,0,NA,"Y","SIDESWIPE - SAME DIRECTION","RAIN","Dark-Unknown Lighting","MM 57 3 I 24","ANTIOCH","SOUTH",36.06575,-86.68558,"MOTOR VEHICLE IN TRANSPORT","37013","2023","April","Spring","09","Friday","Weekday","No Injuries","No Fatalities"
9.99507071360717e-314,2023-04-28 09:00:00,2,1,0,NA,"N","Front to Rear","RAIN","DARK - NOT LIGHTED","MM 51 3 I 24","NASHVILLE","SOUTH",36.13975,-86.7276,"MOTOR VEHICLE IN TRANSPORT","37210","2023","April","Spring","09","Friday","Weekday","Injuries","No Fatalities"
9.99507072398255e-314,2023-04-28 05:00:00,2,0,0,NA,"Y","ANGLE","RAIN","DARK - LIGHTED","OPRY MILLS DR & SHELBY BOTTOMS GRNWY","NASHVILLE","HERMIT",36.20145,-86.69421,"PARKED MOTOR VEHICLE","37214","2023","April","Spring","05","Friday","Weekday","No Injuries","No Fatalities"
9.99507072546474e-314,2023-04-28 10:07:00,2,0,0,NA,"N","ANGLE","RAIN","DARK - LIGHTED","ARBOR CREEK BLVD & BRILEY PKWYN","NASHVILLE","HERMIT",36.13603,-86.69868,"MOTOR VEHICLE IN TRANSPORT","37217","2023","April","Spring","10","Friday","Weekday","No Injuries","No Fatalities"
9.99507072694694e-314,2023-04-28 09:12:00,1,0,0,NA,"N","NOT COLLISION W/MOTOR VEHICLE-TRANSPORT","RAIN","Dark-Unknown Lighting","MM 52 1 I 24","NASHVILLE","SOUTH",36.1367,-86.72677,"GUARDRAIL FACE","37217","2023","April","Spring","09","Friday","Weekday","No Injuries","No Fatalities"
9.99507074078078e-314,2023-04-28 10:42:00,2,0,0,NA,"Y","SIDESWIPE - SAME DIRECTION","RAIN","DAYLIGHT","MM 93 4 I 65","MADISON","MADISO",36.28077,-86.73295,"MOTOR VEHICLE IN TRANSPORT","37115","2023","April","Spring","10","Friday","Weekday","No Injuries","No Fatalities"
9.99507075807308e-314,2023-04-28 11:25:00,1,1,0,NA,"N","NOT COLLISION W/MOTOR VEHICLE-TRANSPORT","RAIN","DAYLIGHT","EXIT 52 & I 24","NASHVILLE","SOUTH",36.13599,-86.72731,"EMBANKMENT ROCK/STONE/CONCRETE","37210","2023","April","Spring","11","Friday","Weekday","Injuries","No Fatalities"
9.99507895610434e-314,2023-05-06 01:00:00,2,0,0,NA,"N","SIDESWIPE - SAME DIRECTION","RAIN","DARK - LIGHTED","MM 269 7 I 40","NASHVILLE","HERMIT",36.14113,-86.66497,"MOTOR VEHICLE IN TRANSPORT","37214","2023","May","Spring","01","Saturday","Weekend","No Injuries","No Fatalities"
9.9950789724085e-314,2023-05-06 00:48:00,2,1,0,NA,"N","Front to Rear","RAIN","DARK - LIGHTED","6TH AVN & JEFFERSON ST","NASHVILLE","CENTRA",36.17388,-86.7887,"MOTOR VEHICLE IN TRANSPORT","37219","2023","May","Spring","00","Saturday","Weekend","Injuries","No Fatalities"
9.99509389269694e-314,2023-05-20 08:20:00,1,1,0,NA,"N","NOT COLLISION W/MOTOR VEHICLE-TRANSPORT","RAIN","DARK - LIGHTED","I40 E EXT RAMP & I 40","NASHVILLE","HERMIT",36.14418,-86.69686,"GUARDRAIL END;DITCH","37214","2023","May","Spring","08","Saturday","Weekend","Injuries","No Fatalities"
9.99509390751891e-314,2023-05-20 05:00:00,2,0,0,NA,"Y","SIDESWIPE - SAME DIRECTION","RAIN","DAYLIGHT","MM 86 8 I 65","NASHVILLE","NORTH",36.19975,-86.77627,"MOTOR VEHICLE IN TRANSPORT","37207","2023","May","Spring","05","Saturday","Weekend","No Injuries","No Fatalities"
9.99509396483053e-314,2023-05-20 12:35:00,1,1,0,NA,"N","NOT COLLISION W/MOTOR VEHICLE-TRANSPORT","RAIN","DARK - NOT LIGHTED","I65 S EXT RAMP & I 65","MADISON","MADISO",36.24181,-86.75029,"CONCRETE TRAFFIC BARRIER","37115","2023","May","Spring","12","Saturday","Weekend","Injuries","No Fatalities"
9.99509396631272e-314,2023-05-20 12:04:00,2,0,0,NA,"N","Front to Rear","RAIN","DAYLIGHT","37TH AVN & DAKOTA AV","NASHVILLE","WEST",36.14916,-86.82802,"PARKED MOTOR VEHICLE","37209","2023","May","Spring","12","Saturday","Weekend","No Injuries","No Fatalities"
9.99509404239883e-314,2023-05-20 05:00:00,1,0,0,NA,"Y","NOT COLLISION W/MOTOR VEHICLE-TRANSPORT","RAIN","DAYLIGHT","UNA ANTIOCH PKE & RANSOM VILLAGE WAY","ANTIOCH","SOUTH",36.08456,-86.64911,"CURB;SHRUBBERY","37013","2023","May","Spring","05","Saturday","Weekend","No Injuries","No Fatalities"
9.99509414368229e-314,2023-05-20 10:00:00,2,0,0,NA,"Y","SIDESWIPE - SAME DIRECTION","RAIN","DARK - LIGHTED","MM 95 1 I 65","GOODLETTSVILLE","MADISO",36.29944,-86.71206,"MOTOR VEHICLE IN TRANSPORT","37072","2023","May","Spring","10","Saturday","Weekend","No Injuries","No Fatalities"
9.99509553003049e-314,2023-05-22 11:55:00,1,1,0,NA,"N","NOT COLLISION W/MOTOR VEHICLE-TRANSPORT","RAIN","DAYLIGHT","COUCHVILLE PKE & COUCHVILLE PIKE","HERMITAGE","SOUTH",36.09067,-86.51949,"TREE","37076","2023","May","Spring","11","Monday","Weekday","Injuries","No Fatalities"
9.99508545553791e-314,2023-05-12 05:18:00,2,0,0,NA,"N","ANGLE","RAIN","DARK - LIGHTED","BELL RD & TRAILS END LN","NASHVILLE","HERMIT",36.13506,-86.62994,"MOTOR VEHICLE IN TRANSPORT","37214","2023","May","Spring","05","Friday","Weekday","No Injuries","No Fatalities"
9.99508558004245e-314,2023-05-12 05:00:00,2,0,0,NA,"Y","ANGLE","RAIN","DARK - LIGHTED","HARBOR LIGHTS DR & BAYVIEW DR","NASHVILLE","HERMIT",36.09399,-86.62656,"MOTOR VEHICLE IN TRANSPORT","37217","2023","May","Spring","05","Friday","Weekday","No Injuries","No Fatalities"
9.99508561709738e-314,2023-05-12 11:23:00,1,0,0,NA,"N","NOT COLLISION W/MOTOR VEHICLE-TRANSPORT","RAIN","DAYLIGHT","MM 200 8 I 40","NASHVILLE","WEST",36.12824,-86.90083,"CONCRETE TRAFFIC BARRIER","37209","2023","May","Spring","11","Friday","Weekday","No Injuries","No Fatalities"
9.9950856210499e-314,2023-05-12 10:48:00,1,0,0,NA,"N","NOT COLLISION W/MOTOR VEHICLE-TRANSPORT","RAIN","DAYLIGHT","BRILEY PKWYN & BRILEY PKWYS","NASHVILLE","SOUTH",36.15744,-86.86029,"CONCRETE TRAFFIC BARRIER","37211","2023","May","Spring","10","Friday","Weekday","No Injuries","No Fatalities"
9.99508563340154e-314,2023-05-12 11:50:00,2,0,0,NA,"N","Front to Rear","RAIN","DAYLIGHT","ANTIOCH PKE & EZELL PKE","NASHVILLE","SOUTH",36.0832,-86.68891,"MOTOR VEHICLE IN TRANSPORT","37211","2023","May","Spring","11","Friday","Weekday","No Injuries","No Fatalities"
9.9950856511879e-314,2023-05-12 12:30:00,2,2,0,NA,"N","ANGLE","RAIN","DAYLIGHT","5TH AVN & JAMES ROBERTSON PKWY","NASHVILLE","CENTRA",36.16886,-86.78384,"MOTOR VEHICLE IN TRANSPORT","37219","2023","May","Spring","12","Friday","Weekday","Injuries","No Fatalities"
9.99508565168197e-314,2023-05-12 12:18:00,2,0,0,NA,"N","Front to Rear","RAIN","DAYLIGHT","UNA ANTIOCH PKE & PICCADILLY ROW","ANTIOCH","SOUTH",36.08217,-86.65195,"MOTOR VEHICLE IN TRANSPORT","37013","2023","May","Spring","12","Friday","Weekday","No Injuries","No Fatalities"
9.99508566057515e-314,2023-05-12 12:25:00,2,1,0,NA,"N","ANGLE","RAIN","DAYLIGHT","BRILEY PKWYE & ELLINGTON PKWYS","NASHVILLE","EAST",36.23876,-86.74179,"MOTOR VEHICLE IN TRANSPORT","37216","2023","May","Spring","12","Friday","Weekday","Injuries","No Fatalities"
9.99508567836152e-314,2023-05-12 12:44:00,2,0,0,NA,"N","ANGLE","RAIN","DAYLIGHT","POST RD & POST PL","NASHVILLE","WEST",36.128,-86.85196,"MOTOR VEHICLE IN TRANSPORT","37205","2023","May","Spring","12","Friday","Weekday","No Injuries","No Fatalities"
9.99508568972503e-314,2023-05-12 12:25:00,2,1,0,NA,"Y","Front to Rear","RAIN","DAYLIGHT","MM 37 4 I 24","WHITES CREEK","NORTH",36.31269,-86.83039,"MOTOR VEHICLE IN TRANSPORT","37189","2023","May","Spring","12","Friday","Weekday","Injuries","No Fatalities"
9.99508570405293e-314,2023-05-12 12:35:00,2,0,0,NA,"N","Front to Rear","RAIN","DAYLIGHT","S 5TH ST & SHELBY AV","NASHVILLE","EAST",36.1676,-86.76222,"MOTOR VEHICLE IN TRANSPORT","37206","2023","May","Spring","12","Friday","Weekday","No Injuries","No Fatalities"
9.99508571047578e-314,2023-05-12 12:51:00,2,0,0,NA,"N","ANGLE","RAIN","DAYLIGHT","CHARLOTTE AV & 4TH AVN","NASHVILLE","CENTRA",36.16635,-86.78069,"MOTOR VEHICLE IN TRANSPORT","37201","2023","May","Spring","12","Friday","Weekday","No Injuries","No Fatalities"
9.99508591551303e-314,2023-05-12 05:00:00,2,2,0,NA,"Y","ANGLE","RAIN","DARK - LIGHTED","DICKERSON PKE & GRACE ST","NASHVILLE","EAST",36.18331,-86.77385,"MOTOR VEHICLE IN TRANSPORT;UTILITY POLE","37207","2023","May","Spring","05","Friday","Weekday","Injuries","No Fatalities"
9.99508596491959e-314,2023-05-12 05:00:00,3,1,0,NA,"N","ANGLE","RAIN","DAYLIGHT","JACKSON DOWNS BLVD & LEBANON PKE","NASHVILLE","HERMIT",36.18521,-86.63646,"MOTOR VEHICLE IN TRANSPORT","37214","2023","May","Spring","05","Friday","Weekday","Injuries","No Fatalities"
9.99508746589102e-314,2023-05-14 12:12:00,2,0,0,NA,"N","SIDESWIPE - SAME DIRECTION","RAIN","DAYLIGHT","MM 48 0 I 24","NASHVILLE","CENTRA",36.17577,-86.77201,"MOTOR VEHICLE IN TRANSPORT","37213","2023","May","Spring","12","Sunday","Weekend","No Injuries","No Fatalities"
9.99508807902649e-314,2023-05-15 05:00:00,1,0,0,NA,"N","NOT COLLISION W/MOTOR VEHICLE-TRANSPORT","RAIN","DARK - NOT LIGHTED","MM 94 0 I 65","GOODLETTSVILLE","MADISO",36.28735,-86.72634,"CONCRETE TRAFFIC BARRIER","37072","2023","May","Spring","05","Monday","Weekday","No Injuries","No Fatalities"
9.99508809335439e-314,2023-05-15 09:10:00,2,0,0,NA,"N","NOT COLLISION W/MOTOR VEHICLE-TRANSPORT","RAIN","DARK - LIGHTED","METROPLEX DR & PARAGON MILLS RD","NASHVILLE","SOUTH",36.09074,-86.70124,"PARKED MOTOR VEHICLE;BUILDING;FENCE;EMBANKMENT EARTH","37211","2023","May","Spring","09","Monday","Weekday","No Injuries","No Fatalities"
9.99508810521197e-314,2023-05-15 09:40:00,2,1,0,NA,"N","SIDESWIPE - SAME DIRECTION","RAIN","DARK - LIGHTED","ANTIOCH PKE & CHEROKEE PL","NASHVILLE","SOUTH",36.07308,-86.68276,"MOTOR VEHICLE IN TRANSPORT;Other Traffic Barrier","37211","2023","May","Spring","09","Monday","Weekday","Injuries","No Fatalities"
9.99508816202952e-314,2023-05-15 05:00:00,1,0,0,NA,"N","NOT COLLISION W/MOTOR VEHICLE-TRANSPORT","RAIN","DAYLIGHT","ELM HILL PKE & WEMBERTON DR","NASHVILLE","HERMIT",36.1425,-86.63103,"UTILITY POLE","37214","2023","May","Spring","05","Monday","Weekday","No Injuries","No Fatalities"
9.99511673137549e-314,2023-06-12 00:15:00,1,0,0,NA,"N","NOT COLLISION W/MOTOR VEHICLE-TRANSPORT","RAIN","DUSK","WHITES CREEK PKE & OLD CLARKSVILLE PKE","JOELTON","NORTH",36.31204,-86.86041,"DITCH","37080","2023","June","Summer","00","Monday","Weekday","No Injuries","No Fatalities"
9.99511675311438e-314,2023-06-12 00:45:00,1,1,0,NA,"N","NOT COLLISION W/MOTOR VEHICLE-TRANSPORT","RAIN","DAYLIGHT","MM 86 5 I 65","NASHVILLE","NORTH",36.19344,-86.7759,"WALL","37207","2023","June","Summer","00","Monday","Weekday","Injuries","No Fatalities"
9.99511676348975e-314,2023-06-12 01:10:00,2,0,0,NA,"N","ANGLE","RAIN","DARK - LIGHTED","CHARLOTTE PKE & OLD HICKORY BLVD","NASHVILLE","WEST",36.1167,-86.92326,"MOTOR VEHICLE IN TRANSPORT","37209","2023","June","Summer","01","Monday","Weekday","No Injuries","No Fatalities"
9.99511684501059e-314,2023-06-11 05:00:00,1,0,0,NA,"N","NOT COLLISION W/MOTOR VEHICLE-TRANSPORT","RAIN","DARK - LIGHTED","I24 W ENT RAMP & I 24","NASHVILLE","EAST",36.23839,-86.78369,"EMBANKMENT EARTH","37206","2023","June","Summer","05","Sunday","Weekend","No Injuries","No Fatalities"
9.99511687020793e-314,2023-06-12 00:31:00,1,0,0,NA,"N","NOT COLLISION W/MOTOR VEHICLE-TRANSPORT","RAIN","DAYLIGHT","OLD BUENA VISTA RD & NOCTURNE FOREST DR","NASHVILLE","NORTH",36.20799,-86.81263,"DITCH","37207","2023","June","Summer","00","Monday","Weekday","No Injuries","No Fatalities"
9.99511701101664e-314,2023-06-12 00:18:00,2,0,0,NA,"Y","SIDESWIPE - SAME DIRECTION","RAIN","DAYLIGHT","HICKORY HOLLOW PKWY & HICKORY HOLLOW MAL","ANTIOCH","SOUTH",36.04846,-86.65809,"MOTOR VEHICLE IN TRANSPORT","37013","2023","June","Summer","00","Monday","Weekday","No Injuries","No Fatalities"
9.99512502476142e-314,2023-06-19 05:00:00,1,0,0,NA,"Y","UNKNOWN","RAIN","DAYLIGHT","MM 86 0 I 65","NASHVILLE","CENTRA",36.1917,-86.78588,"UNKNOWN MOST HARMFUL EVENT","37208","2023","June","Summer","05","Monday","Weekday","No Injuries","No Fatalities"
9.99512426093593e-314,2023-06-19 01:52:00,1,1,0,NA,"N","NOT COLLISION W/MOTOR VEHICLE-TRANSPORT","RAIN","DARK - LIGHTED","BRICK CHURCH PKE & I65 S EXT RAMP","NASHVILLE","NORTH",36.20756,-86.77779,"","37207","2023","June","Summer","01","Monday","Weekday","Injuries","No Fatalities"
9.99512427921636e-314,2023-06-19 02:05:00,2,0,0,NA,"N","SIDESWIPE - OPPOSITE DIRECTION","RAIN","DARK - NOT LIGHTED","OLD HICKORY BLVD & BELLE FOREST CONDOS P","NASHVILLE","WEST",36.07821,-86.91954,"MOTOR VEHICLE IN TRANSPORT","37205","2023","June","Summer","02","Monday","Weekday","No Injuries","No Fatalities"
9.99512428810954e-314,2023-06-19 02:30:00,2,0,0,NA,"Y","Front to Rear","RAIN","DARK - LIGHTED","NOLENSVILLE PKE & BASS AV","NASHVILLE","MIDTOW",36.0714,-86.7236,"MOTOR VEHICLE IN TRANSPORT","37211","2023","June","Summer","02","Monday","Weekday","No Injuries","No Fatalities"
9.99512429700272e-314,2023-06-19 02:37:00,2,1,0,NA,"Y","ANGLE","RAIN","DARK - LIGHTED","2ND AVS & KOREAN VETERANS BLVD","NASHVILLE","CENTRA",36.15798,-86.77264,"MOTOR VEHICLE IN TRANSPORT","37201","2023","June","Summer","02","Monday","Weekday","Injuries","No Fatalities"
9.99512434690335e-314,2023-06-19 03:42:00,2,2,0,NA,"N","HEAD-ON","RAIN","DARK - LIGHTED","RURAL HILL RD & HICKORY HIGHLANDS DR","ANTIOCH","SOUTH",36.05907,-86.6453,"MOTOR VEHICLE IN TRANSPORT-OTHER ROADWAY","37013","2023","June","Summer","03","Monday","Weekday","Injuries","No Fatalities"
9.99512437308883e-314,2023-06-19 04:00:00,3,0,0,NA,"N","ANGLE","RAIN","DARK - LIGHTED","ROSA L PARKS BLVD & ROSA L PARKS AV","NASHVILLE","CENTRA",36.16158,-86.78389,"MOTOR VEHICLE IN TRANSPORT","37203","2023","June","Summer","04","Monday","Weekday","No Injuries","No Fatalities"
9.99512437555916e-314,2023-06-19 04:05:00,2,2,0,NA,"N","ANGLE","RAIN","DARK - LIGHTED","PEABODY ST & 7TH AVS","NASHVILLE","CENTRA",36.15431,-86.77779,"MOTOR VEHICLE IN TRANSPORT","37203","2023","June","Summer","04","Monday","Weekday","Injuries","No Fatalities"
9.99512439433365e-314,2023-06-19 04:20:00,2,0,0,NA,"N","SIDESWIPE - SAME DIRECTION","RAIN","DARK - LIGHTED","WEDGEWOOD AVE & -UNKNOWN RAMP/ROAD -","NASHVILLE","MIDTOW",36.1343,-86.7756,"MOTOR VEHICLE IN TRANSPORT","37204","2023","June","Summer","04","Monday","Weekday","No Injuries","No Fatalities"
9.99512440767343e-314,2023-06-18 05:00:00,1,0,0,NA,"N","NOT COLLISION W/MOTOR VEHICLE-TRANSPORT","RAIN","DARK - NOT LIGHTED","ANTIOCH PKE & DUMAS DR","NASHVILLE","SOUTH",36.10104,-86.72343,"CURB","37211","2023","June","Summer","05","Sunday","Weekend","No Injuries","No Fatalities"
9.99512443632923e-314,2023-06-19 05:40:00,2,0,0,NA,"Y","Front to Rear","RAIN","DARK - LIGHTED","300 4TH AVS","NASHVILLE","CENTRA",36.16045,-86.77683,"MOTOR VEHICLE IN TRANSPORT","37201","2023","June","Summer","05","Monday","Weekday","No Injuries","No Fatalities"
9.99512470361875e-314,2023-06-19 01:10:00,2,0,0,NA,"Y","UNKNOWN","RAIN","UNKNOWN","SKYLINE MEMORIAL CT & OLD DUE WEST AV","MADISON","MADISO",36.2468,-86.74911,"PARKED MOTOR VEHICLE","37115","2023","June","Summer","01","Monday","Weekday","No Injuries","No Fatalities"
9.99512494126432e-314,2023-06-19 05:00:00,3,0,0,NA,"N","SIDESWIPE - SAME DIRECTION","RAIN","DAYLIGHT","NOLENSVILLE PKE & COLLIER AV","NASHVILLE","SOUTH",36.11018,-86.74483,"MOTOR VEHICLE IN TRANSPORT","37211","2023","June","Summer","05","Monday","Weekday","No Injuries","No Fatalities"
9.99512567050522e-314,2023-06-20 12:33:00,2,1,0,NA,"N","ANGLE","RAIN","DAYLIGHT","SMITH SPRINGS RD & UNA RECREATION RD","NASHVILLE","HERMIT",36.09614,-86.63704,"MOTOR VEHICLE IN TRANSPORT","37217","2023","June","Summer","12","Tuesday","Weekday","Injuries","No Fatalities"
9.99513814022805e-314,2023-07-01 01:29:00,1,0,0,NA,"N","NOT COLLISION W/MOTOR VEHICLE-TRANSPORT","RAIN","DARK - LIGHTED","EDMONDSON PKE & W DURRETT DR","NASHVILLE","MIDTOW",36.0694,-86.73578,"UTILITY POLE","37211","2023","July","Summer","01","Saturday","Weekend","No Injuries","No Fatalities"
9.99513814912123e-314,2023-07-01 01:35:00,2,3,0,NA,"N","Front to Rear","RAIN","DARK - NOT LIGHTED","MONTCHANIN RD & OLD HICKORY BLVD","OLD HICKORY","HERMIT",36.23446,-86.6254,"MOTOR VEHICLE IN TRANSPORT","37138","2023","July","Summer","01","Saturday","Weekend","Injuries","No Fatalities"
9.99513816097881e-314,2023-07-01 01:50:00,1,1,0,NA,"N","NOT COLLISION W/MOTOR VEHICLE-TRANSPORT","RAIN","DARK - NOT LIGHTED","MAXWELL RD & SOPHIE DR","ANTIOCH","SOUTH",36.03693,-86.5827,"THROWN OR FALLING OBJECT","37013","2023","July","Summer","01","Saturday","Weekend","Injuries","No Fatalities"
9.99513818963462e-314,2023-07-01 02:25:00,2,0,0,NA,"N","Front to Rear","RAIN","DARK - LIGHTED","BRILEY PKWYE & BRILEY PKWYW","NASHVILLE","MADISO",36.23425,-86.71868,"MOTOR VEHICLE IN TRANSPORT","37207","2023","July","Summer","02","Saturday","Weekend","No Injuries","No Fatalities"
9.99513820099813e-314,2023-07-01 02:33:00,1,0,0,NA,"N","NOT COLLISION W/MOTOR VEHICLE-TRANSPORT","RAIN","DARK - LIGHTED","MM 52 5 I 24","NASHVILLE","SOUTH",36.12515,-86.72786,"GUARDRAIL FACE","37217","2023","July","Summer","02","Saturday","Weekend","No Injuries","No Fatalities"
9.99513820297439e-314,2023-07-01 02:00:00,2,0,0,NA,"Y","Front to Rear","RAIN","DARK - LIGHTED","CHURCH ST & 5TH AVN","NASHVILLE","CENTRA",36.16301,-86.78057,"PARKED MOTOR VEHICLE","37219","2023","July","Summer","02","Saturday","Weekend","No Injuries","No Fatalities"
9.99513823212426e-314,2023-07-01 02:58:00,2,0,0,NA,"N","SIDESWIPE - OPPOSITE DIRECTION","RAIN","DARK - LIGHTED","RIVERSIDE DR & MCGAVOCK PKE","NASHVILLE","EAST",36.20476,-86.72444,"MOTOR VEHICLE IN TRANSPORT","37216","2023","July","Summer","02","Saturday","Weekend","No Injuries","No Fatalities"
9.99513823410053e-314,2023-07-01 02:15:00,2,0,0,NA,"N","ANGLE","RAIN","DARK - LIGHTED","MM 214 3 I 40","NASHVILLE","HERMIT",36.14264,-86.70786,"MOTOR VEHICLE IN TRANSPORT;OTHER OBJECT (NOT FIXED)","37217","2023","July","Summer","02","Saturday","Weekend","No Injuries","No Fatalities"
9.99513824546404e-314,2023-06-30 05:00:00,2,1,0,NA,"N","Front to Rear","RAIN","DARK - LIGHTED","W TRINITY LN & I65 S ENT RAMP","NASHVILLE","NORTH",36.20649,-86.7763,"MOTOR VEHICLE IN TRANSPORT","37207","2023","June","Summer","05","Friday","Weekday","Injuries","No Fatalities"
9.99513829042401e-314,2023-07-01 02:30:00,2,1,0,NA,"N","Front to Rear","RAIN","DARK - LIGHTED","EXIT 1A & I 440","NASHVILLE","WEST",36.13909,-86.8229,"MOTOR VEHICLE IN TRANSPORT","37205","2023","July","Summer","02","Saturday","Weekend","Injuries","No Fatalities"
9.9951382963528e-314,2023-07-01 03:40:00,1,1,0,NA,"N","NOT COLLISION W/MOTOR VEHICLE-TRANSPORT","RAIN","DARK - NOT LIGHTED","BELL RD & ALTA LAKE GRNWY","HERMITAGE","HERMIT",36.16543,-86.60512,"THROWN OR FALLING OBJECT;PEDESTRIAN","37076","2023","July","Summer","03","Saturday","Weekend","Injuries","No Fatalities"