"Accident.Number","Date.and.Time","Number.of.Motor.Vehicles","Number.of.Injuries","Number.of.Fatalities","Property.Damage","Hit.and.Run","Collision.Type.Description","Weather.Description","Illumination.Description","Street.Address","City","Precinct","Latitude","Longitude","HarmfulDescriptions","Zip.Code","Year","Month","Season","Hour","Weekday","DayType","Accident","Fatality_category"
9.99513831907982e-314,2023-07-01 01:50:00,2,1,0,NA,"N","ANGLE","RAIN","DARK - NOT LIGHTED","2ND AVS & LAFAYETTE ST","NASHVILLE","HERMIT",36.15069,-86.76795,"MOTOR VEHICLE IN TRANSPORT","37210","2023","July","Summer","01","Saturday","Weekend","Injuries","No Fatalities"
9.9951387163086e-314,2023-07-01 02:41:00,2,0,0,NA,"Y","Front to Rear","RAIN","DARK - LIGHTED","NOLENSVILLE PKE & I440 E ENT RAMP","NASHVILLE","SOUTH",36.12053,-86.75002,"MOTOR VEHICLE IN TRANSPORT","37210","2023","July","Summer","02","Saturday","Weekend","No Injuries","No Fatalities"
9.99512633057692e-314,2023-06-21 00:15:00,1,0,0,NA,"N","NOT COLLISION W/MOTOR VEHICLE-TRANSPORT","RAIN","DUSK","MM 48 6 I 24","NASHVILLE","EAST",36.17063,-86.76752,"TREE","37206","2023","June","Summer","00","Wednesday","Weekday","No Injuries","No Fatalities"
9.99512655389459e-314,2023-06-21 02:40:00,2,1,0,NA,"N","ANGLE","RAIN","DARK - LIGHTED","BUENA VISTA PKE & CLIFF DR","NASHVILLE","NORTH",36.1969,-86.82827,"MOTOR VEHICLE IN TRANSPORT","37218","2023","June","Summer","02","Wednesday","Weekday","Injuries","No Fatalities"
9.99512657662161e-314,2023-06-21 01:30:00,2,0,0,NA,"N","SIDESWIPE - SAME DIRECTION","RAIN","DAYLIGHT","I40 E EXT RAMP & I40 E ENT RAMP","NASHVILLE","HERMIT",36.15147,-86.8578,"MOTOR VEHICLE IN TRANSPORT","37217","2023","June","Summer","01","Wednesday","Weekday","No Injuries","No Fatalities"
9.99512748323207e-314,2023-06-21 05:00:00,3,1,0,NA,"N","ANGLE","RAIN","DAYLIGHT","HARDING PL & AIRPARK CENTER DR","NASHVILLE","SOUTH",36.09299,-86.68015,"MOTOR VEHICLE IN TRANSPORT","37217","2023","June","Summer","05","Wednesday","Weekday","Injuries","No Fatalities"
9.99513993319228e-314,2023-07-03 01:51:00,2,0,0,NA,"Y","SIDESWIPE - SAME DIRECTION","RAIN","DARK - LIGHTED","MM 87 2 I 65","NASHVILLE","EAST",36.20526,-86.77661,"MOTOR VEHICLE IN TRANSPORT","37207","2023","July","Summer","01","Monday","Weekday","No Injuries","No Fatalities"
9.99513994554392e-314,2023-07-02 05:00:00,2,0,0,NA,"Y","SIDESWIPE - OPPOSITE DIRECTION","RAIN","DARK - LIGHTED","S 15TH ST & FATHERLAND ST","NASHVILLE","EAST",36.17323,-86.74455,"PARKED MOTOR VEHICLE","37206","2023","July","Summer","05","Sunday","Weekend","No Injuries","No Fatalities"
9.99513995246084e-314,2023-07-03 02:11:00,2,0,0,NA,"N","ANGLE","RAIN","DARK - LIGHTED","STATE RT 45 & GALLATIN PKEN","MADISON","MADISO",36.26307,-86.71192,"MOTOR VEHICLE IN TRANSPORT","37115","2023","July","Summer","02","Monday","Weekday","No Injuries","No Fatalities"
9.99513995344897e-314,2023-07-03 01:53:00,2,1,0,NA,"N","ANGLE","RAIN","DARK - LIGHTED","HARDING PKE & WHITE BRIDGE PKE","NASHVILLE","WEST",36.12498,-86.84764,"MOTOR VEHICLE IN TRANSPORT","37205","2023","July","Summer","01","Monday","Weekday","Injuries","No Fatalities"
9.99513996431842e-314,2023-07-03 01:30:00,2,0,0,NA,"Y","ANGLE","RAIN","DARK - LIGHTED","MILLWOOD DR & MURFREESBORO PKE","NASHVILLE","HERMIT",36.13146,-86.71397,"PARKED MOTOR VEHICLE","37217","2023","July","Summer","01","Monday","Weekday","No Injuries","No Fatalities"
9.99513996728281e-314,2023-07-03 02:39:00,1,1,0,NA,"N","NOT COLLISION W/MOTOR VEHICLE-TRANSPORT","RAIN","DARK - LIGHTED","MM 93 5 I 65","MADISON","MADISO",36.28176,-86.73213,"CONCRETE TRAFFIC BARRIER","37115","2023","July","Summer","02","Monday","Weekday","Injuries","No Fatalities"
9.99513997716412e-314,2023-07-03 02:52:00,2,1,0,NA,"N","Front to Rear","RAIN","DARK - NOT LIGHTED","MM 200 8 I 40","NASHVILLE","WEST",36.12827,-86.9008,"PARKED MOTOR VEHICLE","37209","2023","July","Summer","02","Monday","Weekday","Injuries","No Fatalities"
9.99513998210478e-314,2023-07-03 02:45:00,2,0,0,NA,"N","Front to Rear","RAIN","DARK - LIGHTED","I440 W EXT RAMP & I 440","NASHVILLE","SOUTH",36.13457,-86.81965,"MOTOR VEHICLE IN TRANSPORT","37210","2023","July","Summer","02","Monday","Weekday","No Injuries","No Fatalities"
9.99513999099796e-314,2023-07-03 03:06:00,1,0,0,NA,"N","NOT COLLISION W/MOTOR VEHICLE-TRANSPORT","RAIN","DARK - NOT LIGHTED","MM 94 0 I 65","GOODLETTSVILLE","MADISO",36.28745,-86.72623,"CONCRETE TRAFFIC BARRIER","37072","2023","July","Summer","03","Monday","Weekday","No Injuries","No Fatalities"
9.99514000038521e-314,2023-07-03 01:29:00,2,0,0,NA,"Y","SIDESWIPE - SAME DIRECTION","RAIN","DARK - LIGHTED","MM 86 5 I 65","NASHVILLE","NORTH",36.19234,-86.77703,"MOTOR VEHICLE IN TRANSPORT;UNKNOWN MOST HARMFUL EVENT","37207","2023","July","Summer","01","Monday","Weekday","No Injuries","No Fatalities"
9.99512781376199e-314,2023-06-22 01:00:00,1,0,0,NA,"N","NOT COLLISION W/MOTOR VEHICLE-TRANSPORT","RAIN","DARK - NOT LIGHTED","PRESTON RD & OLD FRANKLIN RD","ANTIOCH","SOUTH",36.0345,-86.6605,"EMBANKMENT EARTH","37013","2023","June","Summer","01","Thursday","Weekday","No Injuries","No Fatalities"
9.99512782710176e-314,2023-06-22 00:48:00,2,0,0,NA,"N","Front to Rear","RAIN","DARK - LIGHTED","MURFREESBORO PIKE & RANSOM PL","NASHVILLE","HERMIT",36.08907,-86.64999,"MOTOR VEHICLE IN TRANSPORT","37217","2023","June","Summer","00","Thursday","Weekday","No Injuries","No Fatalities"
9.99514004336892e-314,2023-07-03 04:09:00,1,1,0,NA,"N","NOT COLLISION W/MOTOR VEHICLE-TRANSPORT","RAIN","DARK - NOT LIGHTED","0 I 40","NASHVILLE","HERMIT",36.15384,-86.78791,"WALL","37210","2023","July","Summer","04","Monday","Weekday","Injuries","No Fatalities"
9.995127874038e-314,2023-06-22 01:40:00,2,2,0,NA,"N","SIDESWIPE - SAME DIRECTION","RAIN","DARK - NOT LIGHTED","CANE RIDGE RD & BLAIRFIELD DR","ANTIOCH","SOUTH",36.02409,-86.64609,"MOTOR VEHICLE IN TRANSPORT;OTHER OBJECT (NOT FIXED);Ran Off Road-Right","37013","2023","June","Summer","01","Thursday","Weekday","Injuries","No Fatalities"
9.99512792937335e-314,2023-06-22 02:30:00,1,1,0,NA,"N","NOT COLLISION W/MOTOR VEHICLE-TRANSPORT","RAIN","DARK - LIGHTED","8TH AVS & DREXEL ST","NASHVILLE","CENTRA",36.15278,-86.77932,"PEDESTRIAN","37203","2023","June","Summer","02","Thursday","Weekday","Injuries","No Fatalities"
9.99512793431401e-314,2023-06-22 02:15:00,1,1,0,NA,"N","NOT COLLISION W/MOTOR VEHICLE-TRANSPORT","RAIN","DARK - NOT LIGHTED","LINBAR DR & LUNA DR","NASHVILLE","SOUTH",36.08123,-86.69841,"UTILITY POLE;CURB","37211","2023","June","Summer","02","Thursday","Weekday","Injuries","No Fatalities"
9.99514009228142e-314,2023-07-03 05:10:00,1,1,0,NA,"N","NOT COLLISION W/MOTOR VEHICLE-TRANSPORT","RAIN","DARK - LIGHTED","MM 87 4 I 65","NASHVILLE","EAST",36.20841,-86.77624,"OTHER OBJECT (NOT FIXED)","37207","2023","July","Summer","05","Monday","Weekday","Injuries","No Fatalities"
9.99512797285113e-314,2023-06-21 05:00:00,2,0,0,NA,"Y","Front to Rear","RAIN","DARK - NOT LIGHTED","EWING DR & BRICK CHURCH PKE","NASHVILLE","MADISO",36.2316,-86.78152,"MOTOR VEHICLE IN TRANSPORT","37207","2023","June","Summer","05","Wednesday","Weekday","No Injuries","No Fatalities"
9.99512799607221e-314,2023-06-22 03:17:00,2,1,0,NA,"N","Front to Rear","RAIN","DARK - LIGHTED","ARBOR CREEK BLVD & BRILEY PKWYN","NASHVILLE","HERMIT",36.13603,-86.69868,"MOTOR VEHICLE IN TRANSPORT","37217","2023","June","Summer","03","Thursday","Weekday","Injuries","No Fatalities"
9.99512802868055e-314,2023-06-22 03:38:00,2,2,0,NA,"Y","HEAD-ON","RAIN","DARK - NOT LIGHTED","MURFREESBORO PKE & FOREST VIEW DR","ANTIOCH","SOUTH",36.06943,-86.63348,"MOTOR VEHICLE IN TRANSPORT","37013","2023","June","Summer","03","Thursday","Weekday","Injuries","No Fatalities"
9.99512806573547e-314,2023-06-22 02:37:00,1,1,0,NA,"N","NOT COLLISION W/MOTOR VEHICLE-TRANSPORT","RAIN","DARK - LIGHTED","ANDREW JACKSON PKWY & STONERS GLEN DR","HERMITAGE","HERMIT",36.19183,-86.60657,"PEDESTRIAN","37076","2023","June","Summer","02","Thursday","Weekday","Injuries","No Fatalities"
9.99512806968799e-314,2023-06-22 04:18:00,1,4,0,NA,"N","NOT COLLISION W/MOTOR VEHICLE-TRANSPORT","RAIN","DARK - NOT LIGHTED","BELL RD & DODSON CHAPEL RD","HERMITAGE","HERMIT",36.16331,-86.61313,"GUARDRAIL FACE;DITCH","37076","2023","June","Summer","04","Thursday","Weekday","Injuries","No Fatalities"
9.99512809340315e-314,2023-06-22 04:26:00,2,3,0,NA,"Y","SIDESWIPE - SAME DIRECTION","RAIN","DARK - LIGHTED","RECOVERY RD & HARDING PL","NASHVILLE","SOUTH",36.0804,-86.71793,"MOTOR VEHICLE IN TRANSPORT","37211","2023","June","Summer","04","Thursday","Weekday","Injuries","No Fatalities"
9.9951281946866e-314,2023-06-22 07:03:00,1,1,0,NA,"N","NOT COLLISION W/MOTOR VEHICLE-TRANSPORT","RAIN","DARK - LIGHTED","MURFREESBORO PKE & SWEENEY AV","NASHVILLE","SOUTH",36.09554,-86.65473,"UTILITY POLE;Ran Off Road-Right","37217","2023","June","Summer","07","Thursday","Weekday","Injuries","No Fatalities"
9.99514193860474e-314,2023-07-05 02:14:00,1,1,0,NA,"N","NOT COLLISION W/MOTOR VEHICLE-TRANSPORT","RAIN","DARK - NOT LIGHTED","ROYAL PKWY & PERIMETER PLACE DR","NASHVILLE","HERMIT",36.15007,-86.67602,"CURB;WALL;Cross Center Line","37214","2023","July","Summer","02","Wednesday","Weekday","Injuries","No Fatalities"
9.99514226320587e-314,2023-07-05 10:37:00,1,1,0,NA,"N","NOT COLLISION W/MOTOR VEHICLE-TRANSPORT","RAIN","DAYLIGHT","BARNES RD & COTTAGE GROVE CT","ANTIOCH","SOUTH",36.03118,-86.70093,"SHRUBBERY;Ran Off Road-Left","37013","2023","July","Summer","10","Wednesday","Weekday","Injuries","No Fatalities"
9.99514228395662e-314,2023-07-05 11:33:00,2,0,0,NA,"N","Front to Rear","RAIN","DAYLIGHT","FIRESTONE PKWY & OLD HICKORY BLVD","ANTIOCH","SOUTH",36.01678,-86.61927,"MOTOR VEHICLE IN TRANSPORT","37013","2023","July","Summer","11","Wednesday","Weekday","No Injuries","No Fatalities"
9.99516257720896e-314,2023-07-25 01:18:00,2,0,0,NA,"Y","ANGLE","RAIN","DAYLIGHT","TUSCULUM RD & BREWER DR","NASHVILLE","SOUTH",36.05771,-86.70201,"MOTOR VEHICLE IN TRANSPORT","37211","2023","July","Summer","01","Tuesday","Weekday","No Injuries","No Fatalities"
9.99515668992273e-314,2023-07-19 01:02:00,2,1,0,NA,"N","Front to Rear","RAIN","DARK - NOT LIGHTED","MURFREESBORO PKE & FOREST VIEW DR","ANTIOCH","SOUTH",36.06847,-86.63242,"MOTOR VEHICLE IN TRANSPORT","37013","2023","July","Summer","01","Wednesday","Weekday","Injuries","No Fatalities"
9.99515677934861e-314,2023-07-19 02:30:00,2,0,0,NA,"N","ANGLE","RAIN","DARK - LIGHTED","WEST END AV & 19TH AVN","NASHVILLE","MIDTOW",36.1523,-86.79745,"MOTOR VEHICLE IN TRANSPORT","37203","2023","July","Summer","02","Wednesday","Weekday","No Injuries","No Fatalities"
9.99515682776704e-314,2023-07-19 01:02:00,2,0,0,NA,"Y","Front to Rear","RAIN","DUSK","MOUNTAIN SPRINGS RD & MURFREESBORO PKE","ANTIOCH","SOUTH",36.04519,-86.6092,"MOTOR VEHICLE IN TRANSPORT","37013","2023","July","Summer","01","Wednesday","Weekday","No Injuries","No Fatalities"
9.99515711580731e-314,2023-07-19 09:25:00,1,0,0,NA,"N","NOT COLLISION W/MOTOR VEHICLE-TRANSPORT","RAIN","DARK - NOT LIGHTED","MM 81 6 I 65","NASHVILLE","MIDTOW",36.13733,-86.77567,"CONCRETE TRAFFIC BARRIER","37203","2023","July","Summer","09","Wednesday","Weekday","No Injuries","No Fatalities"
9.99515711827764e-314,2023-07-19 08:13:00,2,0,0,NA,"N","SIDESWIPE - SAME DIRECTION","RAIN","DARK - LIGHTED","MM 215 7 I 40","NASHVILLE","HERMIT",36.14261,-86.68163,"MOTOR VEHICLE IN TRANSPORT","37217","2023","July","Summer","08","Wednesday","Weekday","No Injuries","No Fatalities"
9.99515715039191e-314,2023-07-19 11:12:00,1,0,0,NA,"N","NOT COLLISION W/MOTOR VEHICLE-TRANSPORT","RAIN","DAYLIGHT","NASHBORO BLVD & NASHBORO VILLAGE PVTDR","NASHVILLE","HERMIT",36.08915,-86.64336,"TREE;Ran Off Road-Right;EMBANKMENT EARTH","37217","2023","July","Summer","11","Wednesday","Weekday","No Injuries","No Fatalities"
9.99515716768421e-314,2023-07-19 11:07:00,2,0,0,NA,"N","HEAD-ON","RAIN","DAYLIGHT","OLD HICKORY BLVD & LOGISTICS WAY","ANTIOCH","SOUTH",36.02834,-86.61423,"MOTOR VEHICLE IN TRANSPORT","37013","2023","July","Summer","11","Wednesday","Weekday","No Injuries","No Fatalities"
9.99515720819759e-314,2023-07-19 12:30:00,2,0,0,NA,"Y","SIDESWIPE - SAME DIRECTION","RAIN","UNKNOWN","13TH ST & FULLER ST","OLD HICKORY","HERMIT",36.25753,-86.65245,"PARKED MOTOR VEHICLE","37138","2023","July","Summer","12","Wednesday","Weekday","No Injuries","No Fatalities"
9.99515721462044e-314,2023-07-19 12:42:00,1,0,0,NA,"N","NOT COLLISION W/MOTOR VEHICLE-TRANSPORT","RAIN","DAYLIGHT","BRILEY PKWYW & BRILEY PKWYE","NASHVILLE","NORTH",36.23434,-86.8015,"WALL","37218","2023","July","Summer","12","Wednesday","Weekday","No Injuries","No Fatalities"
9.99515722301956e-314,2023-07-19 12:42:00,1,0,0,NA,"N","NOT COLLISION W/MOTOR VEHICLE-TRANSPORT","RAIN","DAYLIGHT","BRILEY PKWYW & BRILEY PKWYE","NASHVILLE","NORTH",36.2345,-86.80057,"GUARDRAIL FACE;CONCRETE TRAFFIC BARRIER","37218","2023","July","Summer","12","Wednesday","Weekday","No Injuries","No Fatalities"
9.99515722845428e-314,2023-07-19 12:43:00,3,1,0,NA,"N","Front to Rear","RAIN","DARK - LIGHTED","CHARLOTTE PKE & LILLY VALLEY WAY","NASHVILLE","WEST",36.12577,-86.9092,"MOTOR VEHICLE IN TRANSPORT","37209","2023","July","Summer","12","Wednesday","Weekday","Injuries","No Fatalities"
9.99515333521699e-314,2023-07-15 12:40:00,1,0,0,NA,"N","NOT COLLISION W/MOTOR VEHICLE-TRANSPORT","RAIN","DAYLIGHT","MM 216 2 I 40","NASHVILLE","HERMIT",36.14181,-86.67241,"CONCRETE TRAFFIC BARRIER","37214","2023","July","Summer","12","Saturday","Weekend","No Injuries","No Fatalities"
9.99515335646181e-314,2023-07-15 11:54:00,2,0,0,NA,"N","Front to Rear","RAIN","DAYLIGHT","HOBSON PKE & OLD HICKORY BLVD","ANTIOCH","SOUTH",36.03652,-86.61101,"MOTOR VEHICLE IN TRANSPORT","37013","2023","July","Summer","11","Saturday","Weekend","No Injuries","No Fatalities"
9.99516795659571e-314,2023-07-30 02:58:00,1,1,0,NA,"N","NOT COLLISION W/MOTOR VEHICLE-TRANSPORT","RAIN","DARK - LIGHTED","MM 49 1 I 24","NASHVILLE","EAST",36.16409,-86.76297,"GUARDRAIL FACE","37206","2023","July","Summer","02","Sunday","Weekend","Injuries","No Fatalities"
9.99516795906604e-314,2023-07-30 03:00:00,2,1,0,NA,"N","ANGLE","RAIN","DARK - LIGHTED","OLIVIA DR & BART DR","ANTIOCH","SOUTH",36.05727,-86.69085,"PARKED MOTOR VEHICLE","37013","2023","July","Summer","03","Sunday","Weekend","Injuries","No Fatalities"
9.99516796203044e-314,2023-07-30 03:05:00,1,0,0,NA,"N","NOT COLLISION W/MOTOR VEHICLE-TRANSPORT","RAIN","DARK - LIGHTED","MM 48 3 I 24","NASHVILLE","CENTRA",36.17212,-86.76881,"CONCRETE TRAFFIC BARRIER","37213","2023","July","Summer","03","Sunday","Weekend","No Injuries","No Fatalities"
9.99516797092362e-314,2023-07-30 03:21:00,2,0,0,NA,"N","ANGLE","RAIN","DARK - LIGHTED","MURFREESBORO PKE & HAMILTON CHURCH RD","ANTIOCH","SOUTH",36.06482,-86.62851,"MOTOR VEHICLE IN TRANSPORT","37013","2023","July","Summer","03","Sunday","Weekend","No Injuries","No Fatalities"
9.99516797141768e-314,2023-07-29 05:00:00,2,0,0,NA,"Y","Front to Rear","RAIN","UNKNOWN","I65 N ENT RAMP & I 65","NASHVILLE","EAST",36.22664,-86.77814,"MOTOR VEHICLE IN TRANSPORT","37207","2023","July","Summer","05","Saturday","Weekend","No Injuries","No Fatalities"
9.99516797388801e-314,2023-07-29 05:00:00,3,2,0,NA,"Y","ANGLE","RAIN","DARK - LIGHTED","STATE RT 45 & GALLATIN PKEN","MADISON","MADISO",36.26307,-86.71192,"MOTOR VEHICLE IN TRANSPORT","37115","2023","July","Summer","05","Saturday","Weekend","Injuries","No Fatalities"
9.99516797882867e-314,2023-07-30 03:28:00,2,3,0,NA,"N","HEAD-ON","RAIN","DARK - LIGHTED","MURFREESBORO PKE & DONELSON PKE","NASHVILLE","SOUTH",36.10621,-86.67306,"MOTOR VEHICLE IN TRANSPORT","37217","2023","July","Summer","03","Sunday","Weekend","Injuries","No Fatalities"
9.99516799167438e-314,2023-07-30 03:35:00,1,0,0,NA,"N","NOT COLLISION W/MOTOR VEHICLE-TRANSPORT","RAIN","DARK - LIGHTED","MM 43 4 I 24","NASHVILLE","MADISO",36.23734,-86.78582,"CONCRETE TRAFFIC BARRIER","37207","2023","July","Summer","03","Sunday","Weekend","No Injuries","No Fatalities"
9.99516800106162e-314,2023-07-30 03:54:00,2,0,0,NA,"Y","Front to Rear","RAIN","DARK - LIGHTED","MM 48 8 I 24","NASHVILLE","CENTRA",36.16759,-86.76557,"MOTOR VEHICLE IN TRANSPORT","37213","2023","July","Summer","03","Sunday","Weekend","No Injuries","No Fatalities"
9.99516800649634e-314,2023-07-29 05:00:00,1,0,0,NA,"N","NOT COLLISION W/MOTOR VEHICLE-TRANSPORT","RAIN","DARK - LIGHTED","BRILEY PKWYE & BRILEY PKWYW","NASHVILLE","MADISO",36.2342,-86.71981,"CONCRETE TRAFFIC BARRIER","37207","2023","July","Summer","05","Saturday","Weekend","No Injuries","No Fatalities"
9.99516800896667e-314,2023-07-30 04:00:00,2,2,0,NA,"Y","Front to Rear","RAIN","DARK - LIGHTED","MM 47 6 I 24","NASHVILLE","CENTRA",36.181,-86.77464,"MOTOR VEHICLE IN TRANSPORT","37207","2023","July","Summer","04","Sunday","Weekend","Injuries","No Fatalities"
9.99516802131831e-314,2023-07-30 04:15:00,2,1,0,NA,"N","Front to Rear","RAIN","DARK - LIGHTED","MM 47 4 I 24","NASHVILLE","CENTRA",36.18269,-86.77518,"MOTOR VEHICLE IN TRANSPORT","37207","2023","July","Summer","04","Sunday","Weekend","Injuries","No Fatalities"
9.99516802378864e-314,2023-07-30 04:11:00,2,0,0,NA,"N","SIDESWIPE - SAME DIRECTION","RAIN","DARK - LIGHTED","2ND AVS & MIDDLETON ST","NASHVILLE","CENTRA",36.15464,-86.77047,"MOTOR VEHICLE IN TRANSPORT","37210","2023","July","Summer","04","Sunday","Weekend","No Injuries","No Fatalities"
9.99516803317589e-314,2023-07-30 04:04:00,2,1,0,NA,"N","ANGLE","RAIN","DARK - LIGHTED","OLD HICKORY BLVD & NOLENSVILLE PKE","ANTIOCH","SOUTH",36.04537,-86.71326,"MOTOR VEHICLE IN TRANSPORT","37013","2023","July","Summer","04","Sunday","Weekend","Injuries","No Fatalities"
9.99516804108094e-314,2023-07-30 04:36:00,1,0,0,NA,"N","NOT COLLISION W/MOTOR VEHICLE-TRANSPORT","RAIN","DARK - NOT LIGHTED","MM 7 0 I440","NASHVILLE","SOUTH",36.12469,-86.73539,"WALL","37210","2023","July","Summer","04","Sunday","Weekend","No Injuries","No Fatalities"
9.99516805293852e-314,2023-07-29 05:00:00,1,1,0,NA,"N","NOT COLLISION W/MOTOR VEHICLE-TRANSPORT","RAIN","DARK - NOT LIGHTED","I65 S ENT RAMP & I 65","NASHVILLE","NORTH",36.19211,-86.78044,"CONCRETE TRAFFIC BARRIER","37207","2023","July","Summer","05","Saturday","Weekend","Injuries","No Fatalities"
9.99516805442071e-314,2023-07-30 05:01:00,1,1,0,NA,"N","NOT COLLISION W/MOTOR VEHICLE-TRANSPORT","RAIN","DARK - LIGHTED","I40 W EXT RAMP & I 40","NASHVILLE","CENTRA",36.15666,-86.82319,"CONCRETE TRAFFIC BARRIER","37203","2023","July","Summer","05","Sunday","Weekend","Injuries","No Fatalities"
9.99516806479609e-314,2023-07-30 05:10:00,2,2,0,NA,"N","Front to Rear","RAIN","DARK - LIGHTED","MM 43 4 I 24","NASHVILLE","MADISO",36.23824,-86.7859,"MOTOR VEHICLE IN TRANSPORT","37207","2023","July","Summer","05","Sunday","Weekend","Injuries","No Fatalities"
9.99516807368927e-314,2023-07-30 04:57:00,2,0,0,NA,"N","ANGLE","RAIN","DARK - NOT LIGHTED","CHARLOTTE PKE & MIDLAND AV","NASHVILLE","WEST",36.14988,-86.85912,"MOTOR VEHICLE IN TRANSPORT","37209","2023","July","Summer","04","Sunday","Weekend","No Injuries","No Fatalities"
9.99516807665367e-314,2023-07-29 05:00:00,2,0,0,NA,"Y","Front to Rear","RAIN","DARK - NOT LIGHTED","I65 N ENT RAMP & I 440","NASHVILLE","MIDTOW",36.11789,-86.76924,"MOTOR VEHICLE IN TRANSPORT","37204","2023","July","Summer","05","Saturday","Weekend","No Injuries","No Fatalities"
9.99516808159432e-314,2023-07-30 04:58:00,2,2,0,NA,"Y","ANGLE","RAIN","DARK - LIGHTED","8TH AVS & FOGG ST","NASHVILLE","CENTRA",36.15058,-86.77922,"MOTOR VEHICLE IN TRANSPORT","37203","2023","July","Summer","04","Sunday","Weekend","Injuries","No Fatalities"
9.99516808554685e-314,2023-07-30 05:37:00,2,2,0,NA,"Y","ANGLE","RAIN","DARK - LIGHTED","GALLATIN PKEN & CUMBERLAND AV","MADISON","MADISO",36.26803,-86.71076,"MOTOR VEHICLE IN TRANSPORT","37115","2023","July","Summer","05","Sunday","Weekend","Injuries","No Fatalities"
9.99516808702904e-314,2023-07-30 05:41:00,2,0,0,NA,"N","Front to Rear","RAIN","DARK - LIGHTED","LEBANON PKE & FESSLERS LN","NASHVILLE","HERMIT",36.15432,-86.74213,"MOTOR VEHICLE IN TRANSPORT","37210","2023","July","Summer","05","Sunday","Weekend","No Injuries","No Fatalities"
9.99516809444003e-314,2023-07-30 05:00:00,2,1,0,NA,"N","Front to Rear","RAIN","DARK - LIGHTED","HARDING PL & SIDCO DR","NASHVILLE","MIDTOW",36.0821,-86.7617,"MOTOR VEHICLE IN TRANSPORT","37220","2023","July","Summer","05","Sunday","Weekend","Injuries","No Fatalities"
9.99516809740442e-314,2023-07-30 05:57:00,2,1,0,NA,"N","Front to Rear","RAIN","DARK - NOT LIGHTED","I65 S ENT RAMP & I 40","NASHVILLE","CENTRA",36.14833,-86.77682,"MOTOR VEHICLE IN TRANSPORT","37203","2023","July","Summer","05","Sunday","Weekend","Injuries","No Fatalities"
9.99516812704836e-314,2023-07-30 06:25:00,3,0,0,NA,"N","Front to Rear","RAIN","DARK - LIGHTED","MM 48 8 I 24","NASHVILLE","CENTRA",36.16794,-86.7658,"MOTOR VEHICLE IN TRANSPORT","37213","2023","July","Summer","06","Sunday","Weekend","No Injuries","No Fatalities"
9.99516813890594e-314,2023-07-30 07:05:00,2,2,0,NA,"N","ANGLE","RAIN","DARK - LIGHTED","SMITH SPRINGS RD & BELL RD","NASHVILLE","HERMIT",36.09033,-86.6265,"MOTOR VEHICLE IN TRANSPORT","37217","2023","July","Summer","07","Sunday","Weekend","Injuries","No Fatalities"
9.99514632294328e-314,2023-07-09 01:09:00,1,0,0,NA,"N","NOT COLLISION W/MOTOR VEHICLE-TRANSPORT","RAIN","DARK - LIGHTED","MM 7 0 I440","NASHVILLE","SOUTH",36.124,-86.736,"WALL","37210","2023","July","Summer","01","Sunday","Weekend","No Injuries","No Fatalities"
9.99514633233053e-314,2023-07-09 01:25:00,2,0,0,NA,"N","SIDESWIPE - SAME DIRECTION","RAIN","DARK - LIGHTED","LAFAYETTE ST & 2ND AVS","NASHVILLE","HERMIT",36.15057,-86.7676,"MOTOR VEHICLE IN TRANSPORT","37210","2023","July","Summer","01","Sunday","Weekend","No Injuries","No Fatalities"
9.99514633924745e-314,2023-07-09 00:48:00,2,0,0,NA,"Y","ANGLE","RAIN","DAWN","20TH AVN & MURPHY AV","NASHVILLE","MIDTOW",36.15601,-86.80276,"MOTOR VEHICLE IN TRANSPORT","37203","2023","July","Summer","00","Sunday","Weekend","No Injuries","No Fatalities"
9.99516815076351e-314,2023-07-30 05:00:00,2,0,0,NA,"Y","Front to Rear","RAIN","DARK - NOT LIGHTED","BREWER DR & SOUTHCREST DR","NASHVILLE","MIDTOW",36.06112,-86.73189,"PARKED MOTOR VEHICLE;Motor Vehicle-In-Motion Outside Trafficw","37211","2023","July","Summer","05","Sunday","Weekend","No Injuries","No Fatalities"
9.99514634023558e-314,2023-07-09 01:35:00,2,0,0,NA,"N","SIDESWIPE - SAME DIRECTION","RAIN","DARK - LIGHTED","DEMONBREUN ST & 8TH AVS","NASHVILLE","CENTRA",36.15698,-86.7806,"MOTOR VEHICLE IN TRANSPORT","37203","2023","July","Summer","01","Sunday","Weekend","No Injuries","No Fatalities"
9.99514636691512e-314,2023-07-09 02:20:00,1,0,0,NA,"N","NOT COLLISION W/MOTOR VEHICLE-TRANSPORT","RAIN","DARK - LIGHTED","MM 86 5 I 65","NASHVILLE","NORTH",36.1923,-86.7771,"GUARDRAIL FACE","37207","2023","July","Summer","02","Sunday","Weekend","No Injuries","No Fatalities"
9.9951463772905e-314,2023-07-09 02:43:00,1,0,0,NA,"N","NOT COLLISION W/MOTOR VEHICLE-TRANSPORT","RAIN","DARK - NOT LIGHTED","EDMONDSON PKE & EDMONDSON PIKE","NASHVILLE","MIDTOW",36.01406,-86.73857,"GUARDRAIL FACE","37211","2023","July","Summer","02","Sunday","Weekend","No Injuries","No Fatalities"
9.99514642669707e-314,2023-07-09 02:38:00,2,0,0,NA,"Y","ANGLE","RAIN","DARK - LIGHTED","CEDARMONT DR & OLD HICKORY BLVD","ANTIOCH","SOUTH",36.04533,-86.70362,"MOTOR VEHICLE IN TRANSPORT","37013","2023","July","Summer","02","Sunday","Weekend","No Injuries","No Fatalities"