"Accident.Number","Date.and.Time","Number.of.Motor.Vehicles","Number.of.Injuries","Number.of.Fatalities","Property.Damage","Hit.and.Run","Collision.Type.Description","Weather.Description","Illumination.Description","Street.Address","City","Precinct","Latitude","Longitude","HarmfulDescriptions","Zip.Code","Year","Month","Season","Hour","Weekday","DayType","Accident","Fatality_category"
9.99516818238371e-314,2023-07-30 08:20:00,2,0,0,NA,"N","Front to Rear","RAIN","DARK - LIGHTED","MM 212 2 I 40","NASHVILLE","HERMIT",36.14537,-86.74068,"MOTOR VEHICLE IN TRANSPORT","37210","2023","July","Summer","08","Sunday","Weekend","No Injuries","No Fatalities"
9.99514643311992e-314,2023-07-09 02:20:00,2,0,0,NA,"N","Front to Rear","RAIN","DARK - LIGHTED","46TH AVN & DELAWARE AV","NASHVILLE","WEST",36.15445,-86.84233,"MOTOR VEHICLE IN TRANSPORT","37209","2023","July","Summer","02","Sunday","Weekend","No Injuries","No Fatalities"
9.99516820017008e-314,2023-07-30 03:40:00,2,0,0,NA,"N","ANGLE","RAIN","DARK - LIGHTED","CHURCH ST & CAPITOL BLVD","NASHVILLE","CENTRA",36.16237,-86.78207,"MOTOR VEHICLE IN TRANSPORT","37219","2023","July","Summer","03","Sunday","Weekend","No Injuries","No Fatalities"
9.99514644547156e-314,2023-07-09 01:15:00,2,0,0,NA,"Y","Front to Rear","RAIN","DARK - LIGHTED","TUSCULUM RD & NOLENSVILLE PKE","NASHVILLE","SOUTH",36.05907,-86.71622,"MOTOR VEHICLE IN TRANSPORT","37211","2023","July","Summer","01","Sunday","Weekend","No Injuries","No Fatalities"
9.99514644695376e-314,2023-07-08 05:00:00,1,0,0,NA,"Y","NOT COLLISION W/MOTOR VEHICLE-TRANSPORT","RAIN","DARK - NOT LIGHTED","LINBAR DR & I24 W EXT RAMP","NASHVILLE","SOUTH",36.08145,-86.69889,"DITCH","37211","2023","July","Summer","05","Saturday","Weekend","No Injuries","No Fatalities"
9.99516821647424e-314,2023-07-30 04:23:00,2,0,0,NA,"Y","Front to Rear","RAIN","DARK - LIGHTED","CHURCH ST & 3RD AVN","NASHVILLE","CENTRA",36.16432,-86.77751,"MOTOR VEHICLE IN TRANSPORT","37201","2023","July","Summer","04","Sunday","Weekend","No Injuries","No Fatalities"
9.9951464721511e-314,2023-07-09 04:15:00,2,0,0,NA,"N","Front to Rear","RAIN","DARK - LIGHTED","BELL RD & BELL RD PVTDR","HERMITAGE","HERMIT",36.15739,-86.61747,"MOTOR VEHICLE IN TRANSPORT","37076","2023","July","Summer","04","Sunday","Weekend","No Injuries","No Fatalities"
9.99514650722977e-314,2023-07-08 05:00:00,1,0,0,NA,"Y","NOT COLLISION W/MOTOR VEHICLE-TRANSPORT","RAIN","DARK - NOT LIGHTED","0 RICE RD","ANTIOCH","SOUTH",36.07266,-86.64632,"CURB;SHRUBBERY","37013","2023","July","Summer","05","Saturday","Weekend","No Injuries","No Fatalities"
9.99514651266449e-314,2023-07-09 05:00:00,2,0,0,NA,"N","ANGLE","RAIN","DARK - NOT LIGHTED","BAKERTOWN RD & HAYSTACK LN","NASHVILLE","SOUTH",36.07121,-86.68655,"MOTOR VEHICLE IN TRANSPORT","37211","2023","July","Summer","05","Sunday","Weekend","No Injuries","No Fatalities"
9.99514686443923e-314,2023-07-09 03:10:00,2,0,0,NA,"Y","Front to Rear","RAIN","DARK - LIGHTED","GALLATIN PKES & BERKLEY DR","MADISON","MADISO",36.24591,-86.72162,"MOTOR VEHICLE IN TRANSPORT","37115","2023","July","Summer","03","Sunday","Weekend","No Injuries","No Fatalities"
9.99514711048392e-314,2023-07-10 00:30:00,1,0,0,NA,"N","NOT COLLISION W/MOTOR VEHICLE-TRANSPORT","RAIN","DAYLIGHT","I40 W EXT RAMP & I 40","NASHVILLE","CENTRA",36.14114,-86.72195,"GUARDRAIL FACE","37203","2023","July","Summer","00","Monday","Weekday","No Injuries","No Fatalities"
9.99514714655071e-314,2023-07-10 01:10:00,2,2,0,NA,"Y","ANGLE","RAIN","DARK - LIGHTED","MM 55 2 I 24","NASHVILLE","SOUTH",36.09249,-86.70531,"MOTOR VEHICLE IN TRANSPORT;WALL","37211","2023","July","Summer","01","Monday","Weekday","Injuries","No Fatalities"
9.99517933344534e-314,2023-08-09 05:00:00,2,0,0,NA,"N","ANGLE","RAIN","DAYLIGHT","WHITE BRIDGE PKE & WHITE BRIDGE RD PVTDR","NASHVILLE","WEST",36.13035,-86.85601,"MOTOR VEHICLE IN TRANSPORT","37205","2023","August","Summer","05","Wednesday","Weekday","No Injuries","No Fatalities"
9.99517948018284e-314,2023-08-10 00:17:00,2,0,0,NA,"N","Front to Rear","RAIN","DARK - LIGHTED","13TH AVS & MCGAVOCK ST","NASHVILLE","CENTRA",36.15496,-86.78818,"MOTOR VEHICLE IN TRANSPORT","37203","2023","August","Summer","00","Thursday","Weekday","No Injuries","No Fatalities"
9.99517966990405e-314,2023-08-10 01:00:00,2,0,0,NA,"Y","ANGLE","RAIN","DARK - NOT LIGHTED","WHARF AV & CHARLES E DAVIS BLVD","NASHVILLE","SOUTH",36.14884,-86.76247,"MOTOR VEHICLE IN TRANSPORT","37210","2023","August","Summer","01","Thursday","Weekday","No Injuries","No Fatalities"
9.99517983689823e-314,2023-08-10 06:35:00,2,0,0,NA,"N","Front to Rear","RAIN","DARK - LIGHTED","MM 89 8 I 65","NASHVILLE","MADISO",36.23722,-86.7597,"MOTOR VEHICLE IN TRANSPORT","37207","2023","August","Summer","06","Thursday","Weekday","No Injuries","No Fatalities"
9.99517984381515e-314,2023-08-10 06:50:00,1,0,0,NA,"N","NOT COLLISION W/MOTOR VEHICLE-TRANSPORT","RAIN","DARK - LIGHTED","MM 89 2 I 65","NASHVILLE","EAST",36.23275,-86.76866,"CONCRETE TRAFFIC BARRIER","37207","2023","August","Summer","06","Thursday","Weekday","No Injuries","No Fatalities"
9.99518000191616e-314,2023-08-10 11:58:00,2,0,0,NA,"N","Front to Rear","RAIN","DAYLIGHT","MM 90 7 I 65","MADISON","MADISO",36.24507,-86.74643,"MOTOR VEHICLE IN TRANSPORT","37115","2023","August","Summer","11","Thursday","Weekday","No Injuries","No Fatalities"
9.9951840987085e-314,2023-08-14 06:53:00,1,0,0,NA,"Y","NOT COLLISION W/MOTOR VEHICLE-TRANSPORT","RAIN","DARK - NOT LIGHTED","HAROLD DR & RADFORD DR","NASHVILLE","HERMIT",36.13216,-86.70851,"CULVERT;DITCH","37217","2023","August","Summer","06","Monday","Weekday","No Injuries","No Fatalities"
9.99518428645344e-314,2023-08-14 12:35:00,1,1,0,NA,"N","NOT COLLISION W/MOTOR VEHICLE-TRANSPORT","RAIN","DAYLIGHT","GRANNY WHITE PKE & GRANNY WHITE CT","NASHVILLE","MIDTOW",36.09756,-86.80109,"","37215","2023","August","Summer","12","Monday","Weekday","Injuries","No Fatalities"
9.99518428892377e-314,2023-08-14 11:33:00,4,0,0,NA,"N","Front to Rear","RAIN","DAYLIGHT","ELLINGTON PKWY & ELLINGTON PKWYN","NASHVILLE","EAST",36.20014,-86.75162,"MOTOR VEHICLE IN TRANSPORT","37207","2023","August","Summer","11","Monday","Weekday","No Injuries","No Fatalities"
9.99517230091494e-314,2023-08-03 11:23:00,2,0,0,NA,"N","ANGLE","RAIN","DAYLIGHT","TRENTON DR & ANDREW JACKSON PKWY","HERMITAGE","HERMIT",36.21359,-86.59764,"MOTOR VEHICLE IN TRANSPORT","37076","2023","August","Summer","11","Thursday","Weekday","No Injuries","No Fatalities"
9.99517233648766e-314,2023-08-03 12:30:00,2,0,0,NA,"N","ANGLE","RAIN","DAYLIGHT","EDMONDSON PKE & WHISPERING HILLS DR","NASHVILLE","MIDTOW",36.07213,-86.73289,"MOTOR VEHICLE IN TRANSPORT","37211","2023","August","Summer","12","Thursday","Weekday","No Injuries","No Fatalities"
9.99517237255446e-314,2023-08-03 05:00:00,1,2,0,NA,"N","NOT COLLISION W/MOTOR VEHICLE-TRANSPORT","RAIN","DAYLIGHT","1500 DICKERSON PKE","NASHVILLE","EAST",36.20199,-86.76949,"FENCE;EMBANKMENT EARTH","37207","2023","August","Summer","05","Thursday","Weekday","Injuries","No Fatalities"
9.99517240911531e-314,2023-08-03 12:45:00,1,1,0,NA,"N","NOT COLLISION W/MOTOR VEHICLE-TRANSPORT","RAIN","DAYLIGHT","UNA ANTIOCH PKE & CHADFIELD WAY","ANTIOCH","SOUTH",36.06181,-86.66485,"CURB","37013","2023","August","Summer","12","Thursday","Weekday","Injuries","No Fatalities"
9.99517354003158e-314,2023-08-04 12:37:00,2,0,0,NA,"N","SIDESWIPE - SAME DIRECTION","RAIN","DAYLIGHT","INGRAM RD & INGRAM RD PVTDR","WHITES CREEK","MADISO",36.29537,-86.80236,"MOTOR VEHICLE IN TRANSPORT","37189","2023","August","Summer","12","Friday","Weekday","No Injuries","No Fatalities"
9.99517499258458e-314,2023-08-06 00:50:00,1,1,0,NA,"Y","ANGLE","RAIN","DARK - NOT LIGHTED","I40 E ENT RAMP & I 40","NASHVILLE","WEST",36.13189,-86.89553,"MOTOR VEHICLE IN TRANSPORT","37205","2023","August","Summer","00","Sunday","Weekend","Injuries","No Fatalities"
9.99517500048963e-314,2023-08-06 01:04:00,1,1,0,NA,"N","NOT COLLISION W/MOTOR VEHICLE-TRANSPORT","RAIN","DARK - NOT LIGHTED","SONYA DR & I40 W EXT RAMP","NASHVILLE","WEST",36.11331,-86.91918,"TREE","37205","2023","August","Summer","01","Sunday","Weekend","Injuries","No Fatalities"
9.99519833422195e-314,2023-08-27 00:44:00,1,1,0,NA,"N","NOT COLLISION W/MOTOR VEHICLE-TRANSPORT","RAIN","DARK - NOT LIGHTED","BRILEY PKWYN & BRILEY PKWYS","NASHVILLE","SOUTH",36.10945,-86.72805,"","37211","2023","August","Summer","00","Sunday","Weekend","Injuries","No Fatalities"
9.99517501284127e-314,2023-08-06 01:20:00,3,1,0,NA,"N","Front to Rear","RAIN","DARK - LIGHTED","MURFREESBORO PKE & LAVERGNE COUCHVILLE P","ANTIOCH","SOUTH",36.02811,-86.59021,"MOTOR VEHICLE IN TRANSPORT","37013","2023","August","Summer","01","Sunday","Weekend","Injuries","No Fatalities"
9.9951983406448e-314,2023-08-27 00:56:00,2,2,0,NA,"Y","ANGLE","RAIN","DARK - NOT LIGHTED","MM 48 6 I 24","NASHVILLE","EAST",36.17025,-86.76723,"MOTOR VEHICLE IN TRANSPORT;H-WAY TRAFFIC SIGNAL POST;CONCRETE TRAFFIC BARRIER","37206","2023","August","Summer","00","Sunday","Weekend","Injuries","No Fatalities"
9.99519834262106e-314,2023-08-27 00:30:00,2,1,0,NA,"Y","SIDESWIPE - SAME DIRECTION","RAIN","DARK - LIGHTED","CANTERCHASE PVTDR & OLD MURFREESBORO PKE","NASHVILLE","SOUTH",36.09701,-86.66071,"MOTOR VEHICLE IN TRANSPORT;EMBANKMENT ROCK/STONE/CONCRETE","37217","2023","August","Summer","00","Sunday","Weekend","Injuries","No Fatalities"
9.99517504149708e-314,2023-08-06 02:13:00,1,1,0,NA,"Y","NOT COLLISION W/MOTOR VEHICLE-TRANSPORT","RAIN","DARK - LIGHTED","ANDERSON RD & FOREST TRACE DR","ANTIOCH","SOUTH",36.07439,-86.6296,"PEDESTRIAN","37013","2023","August","Summer","02","Sunday","Weekend","Injuries","No Fatalities"
9.99519836139556e-314,2023-08-27 01:39:00,1,1,1,NA,"N","NOT COLLISION W/MOTOR VEHICLE-TRANSPORT","RAIN","DARK - LIGHTED","3000 DICKERSON PIKE","NASHVILLE","EAST",36.22706,-86.75979,"PEDESTRIAN","37207","2023","August","Summer","01","Sunday","Weekend","Injuries","With Fatalities"
9.99517504199114e-314,2023-08-06 02:17:00,2,1,0,NA,"Y","Front to Rear","RAIN","DARK - LIGHTED","MURFREESBORO PKE & EDGE O LAKE DR","ANTIOCH","SOUTH",36.07954,-86.64466,"MOTOR VEHICLE IN TRANSPORT","37013","2023","August","Summer","02","Sunday","Weekend","Injuries","No Fatalities"
9.99519837325313e-314,2023-08-27 02:05:00,2,1,0,NA,"Y","Front to Rear","RAIN","DARK - NOT LIGHTED","SMITH SPRINGS RD & UNA RECREATION RD","NASHVILLE","HERMIT",36.09639,-86.64343,"MOTOR VEHICLE IN TRANSPORT","37217","2023","August","Summer","02","Sunday","Weekend","Injuries","No Fatalities"
9.99517505286059e-314,2023-08-06 02:02:00,2,0,0,NA,"N","SIDESWIPE - SAME DIRECTION","RAIN","DARK - LIGHTED","BELL RD & SMITH SPRINGS RD","NASHVILLE","HERMIT",36.09078,-86.62589,"MOTOR VEHICLE IN TRANSPORT","37217","2023","August","Summer","02","Sunday","Weekend","No Injuries","No Fatalities"
9.99519838412258e-314,2023-08-27 02:22:00,2,0,0,NA,"Y","SIDESWIPE - SAME DIRECTION","RAIN","DARK - LIGHTED","KOREAN VETERANS BLVD & SHELBY AV","NASHVILLE","CENTRA",36.16429,-86.76829,"MOTOR VEHICLE IN TRANSPORT","37213","2023","August","Summer","02","Sunday","Weekend","No Injuries","No Fatalities"
9.99519839005137e-314,2023-08-27 02:37:00,2,0,0,NA,"N","Front to Rear","RAIN","DARK - NOT LIGHTED","SMITH SPRINGS RD & UNA RECREATION RD","NASHVILLE","HERMIT",36.09639,-86.64343,"MOTOR VEHICLE IN TRANSPORT","37217","2023","August","Summer","02","Sunday","Weekend","No Injuries","No Fatalities"
9.99517507015288e-314,2023-08-06 02:40:00,3,0,0,NA,"Y","Front to Rear","RAIN","DARK - LIGHTED","MURFREESBORO PKE & SMITH SPRINGS RD","NASHVILLE","SOUTH",36.09672,-86.6565,"MOTOR VEHICLE IN TRANSPORT","37217","2023","August","Summer","02","Sunday","Weekend","No Injuries","No Fatalities"
9.99517508596298e-314,2023-08-06 02:55:00,2,0,0,NA,"N","ANGLE","RAIN","DARK - NOT LIGHTED","CASS ST & DOMINICAN DR","NASHVILLE","NORTH",36.18661,-86.80407,"MOTOR VEHICLE IN TRANSPORT","37228","2023","August","Summer","02","Sunday","Weekend","No Injuries","No Fatalities"
9.99517510078495e-314,2023-08-05 05:00:00,2,1,0,NA,"N","ANGLE","RAIN","DARK - LIGHTED","NOLENSVILLE PKE & FLORA MAXWELL RD","NASHVILLE","SOUTH",36.07506,-86.72492,"MOTOR VEHICLE IN TRANSPORT","37211","2023","August","Summer","05","Saturday","Weekend","Injuries","No Fatalities"
9.99519841080212e-314,2023-08-27 01:19:00,2,1,0,NA,"N","ANGLE","RAIN","DAYLIGHT","CROSSINGS BLVD & HICKORY HOLLOW PKWY","ANTIOCH","SOUTH",36.04489,-86.65023,"MOTOR VEHICLE IN TRANSPORT","37013","2023","August","Summer","01","Sunday","Weekend","Injuries","No Fatalities"
9.99517510523154e-314,2023-08-06 03:13:00,2,0,0,NA,"Y","SIDESWIPE - OPPOSITE DIRECTION","RAIN","DARK - LIGHTED","GRANADA AV & GALLATIN AV","NASHVILLE","EAST",36.18829,-86.74631,"MOTOR VEHICLE IN TRANSPORT","37206","2023","August","Summer","03","Sunday","Weekend","No Injuries","No Fatalities"
9.99517510720781e-314,2023-08-06 03:20:00,3,1,0,NA,"Y","Front to Rear","RAIN","DARK - LIGHTED","GALLATIN PKES & BERKLEY DR","MADISON","MADISO",36.24715,-86.72088,"MOTOR VEHICLE IN TRANSPORT;UTILITY POLE","37115","2023","August","Summer","03","Sunday","Weekend","Injuries","No Fatalities"
9.99517513240515e-314,2023-08-06 03:50:00,2,1,0,NA,"N","ANGLE","RAIN","DARK - LIGHTED","VANTAGE WAY CT & ROSA L PARKS BLVD","NASHVILLE","NORTH",36.19102,-86.79895,"MOTOR VEHICLE IN TRANSPORT","37228","2023","August","Summer","03","Sunday","Weekend","Injuries","No Fatalities"
9.99517515117965e-314,2023-08-06 04:08:00,2,0,0,NA,"Y","ANGLE","RAIN","DARK - LIGHTED","BART DR & PENNY BRINK DR","ANTIOCH","SOUTH",36.05651,-86.68145,"MOTOR VEHICLE IN TRANSPORT","37013","2023","August","Summer","04","Sunday","Weekend","No Injuries","No Fatalities"
9.99517524653432e-314,2023-08-05 05:00:00,2,0,0,NA,"Y","ANGLE","RAIN","DARK - LIGHTED","DICKERSON PKE & WHITES CREEK PKE","NASHVILLE","EAST",36.18894,-86.77314,"MOTOR VEHICLE IN TRANSPORT","37207","2023","August","Summer","05","Saturday","Weekend","No Injuries","No Fatalities"
9.99517526629694e-314,2023-08-06 06:35:00,1,0,0,NA,"N","NOT COLLISION W/MOTOR VEHICLE-TRANSPORT","RAIN","DARK - LIGHTED","500 BRILEY PKWYS","NASHVILLE","HERMIT",36.13511,-86.69828,"OTHER OBJECT (NOT FIXED);DITCH;Ran Off Road-Right","37217","2023","August","Summer","06","Sunday","Weekend","No Injuries","No Fatalities"
9.99517529100023e-314,2023-08-06 07:30:00,1,0,0,NA,"N","NOT COLLISION W/MOTOR VEHICLE-TRANSPORT","RAIN","DARK - LIGHTED","I40 W EXT RAMP & I40 W ENT RAMP","NASHVILLE","HERMIT",36.14552,-86.69451,"GUARDRAIL FACE","37214","2023","August","Summer","07","Sunday","Weekend","No Injuries","No Fatalities"
9.99517529248242e-314,2023-08-06 05:00:00,2,0,0,NA,"Y","Front to Rear","RAIN","DARK - LIGHTED","CHURCH ST & YMCA WAY","NASHVILLE","CENTRA",36.16107,-86.78504,"MOTOR VEHICLE IN TRANSPORT","37203","2023","August","Summer","05","Sunday","Weekend","No Injuries","No Fatalities"
9.99517529890528e-314,2023-08-06 07:41:00,1,0,0,NA,"N","NOT COLLISION W/MOTOR VEHICLE-TRANSPORT","RAIN","DARK - NOT LIGHTED","MM 80 8 I 65","NASHVILLE","MIDTOW",36.12598,-86.77249,"GUARDRAIL FACE","37204","2023","August","Summer","07","Sunday","Weekend","No Injuries","No Fatalities"
9.99517530236374e-314,2023-08-06 07:45:00,2,0,0,NA,"Y","SIDESWIPE - SAME DIRECTION","RAIN","DARK - LIGHTED","KOREAN VETERANS BLVD & 4TH AVS","NASHVILLE","CENTRA",36.15711,-86.77467,"MOTOR VEHICLE IN TRANSPORT","37203","2023","August","Summer","07","Sunday","Weekend","No Injuries","No Fatalities"
9.99517532558482e-314,2023-08-06 08:24:00,2,0,0,NA,"Y","SIDESWIPE - SAME DIRECTION","RAIN","DARK - LIGHTED","I24 E EXT RAMP & I 24","NASHVILLE","NORTH",36.07194,-86.69156,"MOTOR VEHICLE IN TRANSPORT","37207","2023","August","Summer","08","Sunday","Weekend","No Injuries","No Fatalities"
9.99519920970627e-314,2023-08-28 02:29:00,1,0,0,NA,"N","NOT COLLISION W/MOTOR VEHICLE-TRANSPORT","RAIN","DARK - NOT LIGHTED","BAPTIST WORLD CENTER DR & WEAKLEY AV","NASHVILLE","NORTH",36.19689,-86.78308,"OTHER FIXED OBJECTS","37207","2023","August","Summer","02","Monday","Weekday","No Injuries","No Fatalities"
9.99519948243051e-314,2023-08-28 10:40:00,1,2,0,NA,"N","HEAD-ON","RAIN","DARK - LIGHTED","GALLATIN PKE & JOYCE LN","NASHVILLE","EAST",36.23357,-86.72482,"MOTOR VEHICLE IN TRANSPORT","37216","2023","August","Summer","10","Monday","Weekday","Injuries","No Fatalities"
9.99517605976637e-314,2023-08-07 07:49:00,1,1,0,NA,"N","NOT COLLISION W/MOTOR VEHICLE-TRANSPORT","RAIN","DARK - NOT LIGHTED","BELL RD & LAKERIDGE WAY","NASHVILLE","HERMIT",36.14377,-86.62653,"DITCH","37214","2023","August","Summer","07","Monday","Weekday","Injuries","No Fatalities"
9.99517610126789e-314,2023-08-07 05:00:00,2,0,0,NA,"N","ANGLE","RAIN","DARK - LIGHTED","MM 211 8 I 40","NASHVILLE","HERMIT",36.14893,-86.74626,"MOTOR VEHICLE IN TRANSPORT","37210","2023","August","Summer","05","Monday","Weekday","No Injuries","No Fatalities"
9.99517610719667e-314,2023-08-07 05:00:00,2,2,0,NA,"N","ANGLE","RAIN","DARK - LIGHTED","HAYWOOD LN & EZELL RD","NASHVILLE","SOUTH",36.06959,-86.69391,"MOTOR VEHICLE IN TRANSPORT","37211","2023","August","Summer","05","Monday","Weekday","Injuries","No Fatalities"
9.99522067142386e-314,2023-09-16 12:20:00,2,0,0,NA,"N","ANGLE","RAIN","DAYLIGHT","17TH AVS & BROADWAY","NASHVILLE","MIDTOW",36.15325,-86.79401,"MOTOR VEHICLE IN TRANSPORT","37203","2023","September","Fall","12","Saturday","Weekend","No Injuries","No Fatalities"
9.99522077962424e-314,2023-09-16 05:00:00,1,2,0,NA,"Y","NOT COLLISION W/MOTOR VEHICLE-TRANSPORT","RAIN","DAYLIGHT","1000 JOYCE LN","NASHVILLE","EAST",36.23388,-86.72886,"TREE","37216","2023","September","Fall","05","Saturday","Weekend","Injuries","No Fatalities"
9.99522078901149e-314,2023-09-16 05:00:00,2,5,0,NA,"N","ANGLE","RAIN","DAYLIGHT","BLACKWOOD DR & STEWARTS FERRY PKE","NASHVILLE","HERMIT",36.15224,-86.62507,"MOTOR VEHICLE IN TRANSPORT","37214","2023","September","Fall","05","Saturday","Weekend","Injuries","No Fatalities"
9.99522085472222e-314,2023-09-16 05:00:00,2,0,0,NA,"N","Front to Rear","RAIN","DAYLIGHT","SPRING ST ENT RAMP & ELLINGTON PKWYN","NASHVILLE","EAST",36.17772,-86.76454,"MOTOR VEHICLE IN TRANSPORT","37207","2023","September","Fall","05","Saturday","Weekend","No Injuries","No Fatalities"
9.99522109582625e-314,2023-09-17 01:37:00,2,0,0,NA,"N","ANGLE","RAIN","DARK - LIGHTED","MURFREESBORO PKE & BOROWOOD DR","NASHVILLE","HERMIT",36.09095,-86.6511,"MOTOR VEHICLE IN TRANSPORT","37217","2023","September","Fall","01","Sunday","Weekend","No Injuries","No Fatalities"
9.99520916908156e-314,2023-09-06 08:44:00,1,0,0,NA,"N","NOT COLLISION W/MOTOR VEHICLE-TRANSPORT","RAIN","DARK - NOT LIGHTED","DEVON VALLEY DR & OLD HICKORY BLVD","NASHVILLE","WEST",36.06683,-86.91694,"OTHER FIXED OBJECTS","37221","2023","September","Fall","08","Wednesday","Weekday","No Injuries","No Fatalities"
9.99520919279671e-314,2023-09-06 09:54:00,1,0,0,NA,"N","NOT COLLISION W/MOTOR VEHICLE-TRANSPORT","RAIN","DARK - LIGHTED","I40 E ENT RAMP & I 40","NASHVILLE","WEST",36.15408,-86.75858,"EMBANKMENT EARTH","37205","2023","September","Fall","09","Wednesday","Weekday","No Injuries","No Fatalities"
9.99520921799406e-314,2023-09-06 10:52:00,1,0,0,NA,"N","NOT COLLISION W/MOTOR VEHICLE-TRANSPORT","RAIN","DARK - NOT LIGHTED","OAKWOOD AV & NORTON AV","NASHVILLE","EAST",36.20769,-86.75222,"CURB;DITCH","37207","2023","September","Fall","10","Wednesday","Weekday","No Injuries","No Fatalities"
9.99520922589911e-314,2023-09-06 11:09:00,1,0,0,NA,"N","NOT COLLISION W/MOTOR VEHICLE-TRANSPORT","RAIN","DAWN","BRILEY PKWYW & BRILEY PKWYE","NASHVILLE","NORTH",36.23179,-86.82729,"CONCRETE TRAFFIC BARRIER","37218","2023","September","Fall","11","Wednesday","Weekday","No Injuries","No Fatalities"
9.99520924269734e-314,2023-09-06 11:30:00,2,1,0,NA,"N","SIDESWIPE - SAME DIRECTION","RAIN","DAWN","I24 W ENT RAMP & I 24","NASHVILLE","EAST",36.17866,-86.77349,"MOTOR VEHICLE IN TRANSPORT;EMBANKMENT EARTH","37206","2023","September","Fall","11","Wednesday","Weekday","Injuries","No Fatalities"
9.99520925702525e-314,2023-09-06 11:40:00,2,1,0,NA,"N","Front to Rear","RAIN","DAWN","BRILEY PKWYW & BRILEY PKWYE","NASHVILLE","NORTH",36.23126,-86.82813,"MOTOR VEHICLE IN TRANSPORT","37218","2023","September","Fall","11","Wednesday","Weekday","Injuries","No Fatalities"
9.99520926888282e-314,2023-09-06 11:50:00,2,0,0,NA,"N","NOT COLLISION W/MOTOR VEHICLE-TRANSPORT","RAIN","DAYLIGHT","MM 86 5 I 65","NASHVILLE","NORTH",36.19237,-86.77699,"GUARDRAIL FACE","37207","2023","September","Fall","11","Wednesday","Weekday","No Injuries","No Fatalities"
9.99520930149116e-314,2023-09-06 05:00:00,1,1,0,NA,"N","NOT COLLISION W/MOTOR VEHICLE-TRANSPORT","RAIN","DAYLIGHT","RAMP 216B & DONELSON PIKE","NASHVILLE","HERMIT",36.14057,-86.66681,"PEDESTRIAN","37217","2023","September","Fall","05","Wednesday","Weekday","Injuries","No Fatalities"
9.99520932915883e-314,2023-09-06 12:25:00,2,4,0,NA,"N","ANGLE","RAIN","DAYLIGHT","GALLATIN PKE & CURDWOOD BLVD","NASHVILLE","EAST",36.2192,-86.72767,"MOTOR VEHICLE IN TRANSPORT","37216","2023","September","Fall","12","Wednesday","Weekday","Injuries","No Fatalities"
9.99520945514557e-314,2023-09-06 12:38:00,2,0,0,NA,"Y","ANGLE","RAIN","DAYLIGHT","NOLENSVILLE PKE & FLORA MAXWELL RD","NASHVILLE","SOUTH",36.07562,-86.7251,"MOTOR VEHICLE IN TRANSPORT","37211","2023","September","Fall","12","Wednesday","Weekday","No Injuries","No Fatalities"
9.99524158077606e-314,2023-10-05 05:00:00,2,1,0,NA,"N","SIDESWIPE - SAME DIRECTION","RAIN","DARK - LIGHTED","MM 77 2 I 65","NASHVILLE","MIDTOW",36.07362,-86.76924,"MOTOR VEHICLE IN TRANSPORT","37220","2023","October","Fall","05","Thursday","Weekday","Injuries","No Fatalities"
9.99524159806836e-314,2023-10-06 00:07:00,2,0,0,NA,"N","SIDESWIPE - SAME DIRECTION","RAIN","DARK - LIGHTED","MM 94 2 I 65","GOODLETTSVILLE","MADISO",36.28996,-86.72349,"MOTOR VEHICLE IN TRANSPORT","37072","2023","October","Fall","00","Friday","Weekday","No Injuries","No Fatalities"
9.99524162030131e-314,2023-10-06 00:30:00,2,0,0,NA,"Y","ANGLE","RAIN","DARK - LIGHTED","MURFREESBORO PKE & HAMILTON CHURCH RD","ANTIOCH","SOUTH",36.06498,-86.62867,"MOTOR VEHICLE IN TRANSPORT","37013","2023","October","Fall","00","Friday","Weekday","No Injuries","No Fatalities"
9.99524163759361e-314,2023-10-06 00:41:00,1,0,0,NA,"N","NOT COLLISION W/MOTOR VEHICLE-TRANSPORT","RAIN","DARK - NOT LIGHTED","OLD CHARLOTTE PKE & SEARS RD","NASHVILLE","WEST",36.10799,-87.01768,"DITCH","37221","2023","October","Fall","00","Friday","Weekday","No Injuries","No Fatalities"
9.99524165834437e-314,2023-10-06 01:30:00,2,1,0,NA,"N","Front to Rear","RAIN","DARK - NOT LIGHTED","46TH AVN & DELAWARE AV","NASHVILLE","WEST",36.15445,-86.84233,"MOTOR VEHICLE IN TRANSPORT","37209","2023","October","Fall","01","Friday","Weekday","Injuries","No Fatalities"
9.99524167711886e-314,2023-10-06 01:00:00,2,0,0,NA,"N","Front to Rear","RAIN","DARK - LIGHTED","GALLATIN PKES & GALLATIN PKE","MADISON","MADISO",36.24166,-86.72329,"MOTOR VEHICLE IN TRANSPORT","37115","2023","October","Fall","01","Friday","Weekday","No Injuries","No Fatalities"
9.99524172504323e-314,2023-10-06 02:40:00,2,0,0,NA,"Y","Front to Rear","RAIN","DARK - NOT LIGHTED","STATE RT 45 & LARKIN SPRINGS RD","MADISON","MADISO",36.26358,-86.68406,"MOTOR VEHICLE IN TRANSPORT","37115","2023","October","Fall","02","Friday","Weekday","No Injuries","No Fatalities"
9.99524176209815e-314,2023-10-05 05:00:00,2,0,0,NA,"N","ANGLE","RAIN","DARK - NOT LIGHTED","WHITES CREEK PKE & MORGAN RD","JOELTON","NORTH",36.33531,-86.86969,"MOTOR VEHICLE IN TRANSPORT","37080","2023","October","Fall","05","Thursday","Weekday","No Injuries","No Fatalities"
9.9952417714854e-314,2023-10-06 03:37:00,2,0,0,NA,"N","ANGLE","RAIN","DARK - LIGHTED","WHITE BRIDGE PKE EXT RAMP & I40 W EXT RA","NASHVILLE","WEST",36.153,-86.85763,"MOTOR VEHICLE IN TRANSPORT","37209","2023","October","Fall","03","Friday","Weekday","No Injuries","No Fatalities"