"Accident.Number","Date.and.Time","Number.of.Motor.Vehicles","Number.of.Injuries","Number.of.Fatalities","Property.Damage","Hit.and.Run","Collision.Type.Description","Weather.Description","Illumination.Description","Street.Address","City","Precinct","Latitude","Longitude","HarmfulDescriptions","Zip.Code","Year","Month","Season","Hour","Weekday","DayType","Accident","Fatality_category"
9.99524192217542e-314,2023-10-06 06:57:00,1,1,0,NA,"N","NOT COLLISION W/MOTOR VEHICLE-TRANSPORT","RAIN","DARK - NOT LIGHTED","HIGHWAY 70 & SCENIC VIEW DR","NASHVILLE","WEST",36.09565,-87.03566,"GUARDRAIL FACE;TREE","37221","2023","October","Fall","06","Friday","Weekday","Injuries","No Fatalities"
9.99524193650333e-314,2023-10-06 07:28:00,1,0,0,NA,"N","NOT COLLISION W/MOTOR VEHICLE-TRANSPORT","RAIN","DARK - LIGHTED","MM 48 9 I 24","NASHVILLE","CENTRA",36.16698,-86.76517,"CONCRETE TRAFFIC BARRIER","37213","2023","October","Fall","07","Friday","Weekday","No Injuries","No Fatalities"
9.99524197009979e-314,2023-10-06 08:44:00,2,0,0,NA,"Y","Front to Rear","RAIN","DARK - LIGHTED","MURFREESBORO PKE & EDGE O LAKE DR","ANTIOCH","SOUTH",36.07949,-86.6446,"MOTOR VEHICLE IN TRANSPORT","37013","2023","October","Fall","08","Friday","Weekday","No Injuries","No Fatalities"
9.9952419814633e-314,2023-10-06 08:00:00,1,1,0,NA,"Y","NOT COLLISION W/MOTOR VEHICLE-TRANSPORT","RAIN","DARK - LIGHTED","SMITH SPRINGS PKWY & MT VIEW RD","ANTIOCH","SOUTH",36.07221,-86.58882,"GUARDRAIL FACE","37013","2023","October","Fall","08","Friday","Weekday","Injuries","No Fatalities"
9.99524199233274e-314,2023-10-06 10:08:00,1,0,0,NA,"N","NOT COLLISION W/MOTOR VEHICLE-TRANSPORT","RAIN","DARK - LIGHTED","MCMURRAY DR & AMALIE DR","NASHVILLE","MIDTOW",36.05453,-86.72533,"DITCH","37211","2023","October","Fall","10","Friday","Weekday","No Injuries","No Fatalities"
9.99525051595327e-314,2023-10-15 00:37:00,1,1,0,NA,"N","ANGLE","RAIN","DARK - LIGHTED","N GRAYCROFT AV & SLAYTON CT","MADISON","MADISO",36.28418,-86.7177,"MOTOR VEHICLE IN TRANSPORT","37115","2023","October","Fall","00","Sunday","Weekend","Injuries","No Fatalities"
9.99525069431096e-314,2023-10-15 01:55:00,2,0,0,NA,"Y","ANGLE","RAIN","DARK - LIGHTED","MOSSDALE DR & BELL RD","NASHVILLE","HERMIT",36.08278,-86.6287,"MOTOR VEHICLE IN TRANSPORT","37217","2023","October","Fall","01","Sunday","Weekend","No Injuries","No Fatalities"
9.99525083067308e-314,2023-10-15 07:20:00,1,0,0,NA,"Y","NOT COLLISION W/MOTOR VEHICLE-TRANSPORT","RAIN","DARK - NOT LIGHTED","OLD LEBANON DIRT RD & CHESNEY GLEN DR","HERMITAGE","HERMIT",36.18922,-86.58496,"DITCH","37076","2023","October","Fall","07","Sunday","Weekend","No Injuries","No Fatalities"
9.99525083759e-314,2023-10-15 05:00:00,1,1,0,NA,"N","NOT COLLISION W/MOTOR VEHICLE-TRANSPORT","RAIN","DARK - NOT LIGHTED","BELL RD & DODSON CHAPEL RD","HERMITAGE","HERMIT",36.16189,-86.61347,"SHRUBBERY","37076","2023","October","Fall","05","Sunday","Weekend","Injuries","No Fatalities"
9.99523362039037e-314,2023-09-28 10:00:00,2,0,0,NA,"Y","SIDESWIPE - SAME DIRECTION","RAIN","Dark-Unknown Lighting","GALLATIN PKES & GALLATIN PKEN","MADISON","MADISO",36.26286,-86.71199,"MOTOR VEHICLE IN TRANSPORT","37115","2023","September","Fall","10","Thursday","Weekday","No Injuries","No Fatalities"
9.99523367621979e-314,2023-09-28 12:22:00,4,2,0,NA,"N","ANGLE","RAIN","DAYLIGHT","SMITH SPRINGS & RURAL HILL","NASHVILLE","HERMIT",36.089627,-86.622229,"MOTOR VEHICLE IN TRANSPORT","37217","2023","September","Fall","12","Thursday","Weekday","Injuries","No Fatalities"
9.99523369795868e-314,2023-09-28 05:00:00,2,1,0,NA,"N","Front to Rear","RAIN","DAYLIGHT","MM 91 8 I 65","MADISON","MADISO",36.25874,-86.73845,"MOTOR VEHICLE IN TRANSPORT","37115","2023","September","Fall","05","Thursday","Weekday","Injuries","No Fatalities"
9.99523382493355e-314,2023-09-28 05:00:00,1,1,0,NA,"N","NOT COLLISION W/MOTOR VEHICLE-TRANSPORT","RAIN","DAYLIGHT","BRILEY PKWYN & BRILEY PKWYW","NASHVILLE","HERMIT",36.23124,-86.6999,"CONCRETE TRAFFIC BARRIER","37214","2023","September","Fall","05","Thursday","Weekday","Injuries","No Fatalities"
9.99524979362929e-314,2023-10-14 03:24:00,2,0,0,NA,"N","ANGLE","RAIN","DARK - NOT LIGHTED","MM 40 3 I 24","WHITES CREEK","MADISO",36.27916,-86.80174,"MOTOR VEHICLE IN TRANSPORT","37189","2023","October","Fall","03","Saturday","Weekend","No Injuries","No Fatalities"
9.99523396969479e-314,2023-09-28 05:00:00,1,0,0,NA,"N","NOT COLLISION W/MOTOR VEHICLE-TRANSPORT","RAIN","DAYLIGHT","MM 91 6 I 65","MADISON","MADISO",36.25586,-86.73836,"CONCRETE TRAFFIC BARRIER","37115","2023","September","Fall","05","Thursday","Weekday","No Injuries","No Fatalities"
9.99526661903486e-314,2023-10-29 02:45:00,1,1,0,NA,"N","NOT COLLISION W/MOTOR VEHICLE-TRANSPORT","RAIN","DARK - LIGHTED","I24 E EXT RAMP & HAYWOOD LN","NASHVILLE","SOUTH",36.06894,-86.69041,"","37211","2023","October","Fall","02","Sunday","Weekend","Injuries","No Fatalities"
9.99526683790594e-314,2023-10-29 07:10:00,2,0,0,NA,"Y","Front to Rear","RAIN","DARK - LIGHTED","MM 89 4 I 65","NASHVILLE","EAST",36.23497,-86.76523,"MOTOR VEHICLE IN TRANSPORT","37207","2023","October","Fall","07","Sunday","Weekend","No Injuries","No Fatalities"
9.9952561774515e-314,2023-10-20 00:07:00,1,0,1,NA,"N","NOT COLLISION W/MOTOR VEHICLE-TRANSPORT","RAIN","DARK - NOT LIGHTED","300 HARDING PL","NASHVILLE","SOUTH",36.08687,-86.69663,"PEDESTRIAN","37211","2023","October","Fall","00","Friday","Weekday","No Injuries","With Fatalities"
9.99526761013055e-314,2023-10-30 05:00:00,1,0,1,NA,"N","NOT COLLISION W/MOTOR VEHICLE-TRANSPORT","RAIN","DARK - LIGHTED","GALLATIN RD & RIVERCHASE BLVD","MADISON","MADISO",36.30868,-86.68145,"BUILDING;UTILITY POLE;CURB;Ran Off Road-Left;EMBANKMENT EARTH","37115","2023","October","Fall","05","Monday","Weekday","No Injuries","With Fatalities"
9.99525620660137e-314,2023-10-20 00:36:00,3,0,0,NA,"Y","Front to Rear","RAIN","DARK - LIGHTED","NOLENSVILLE PKE & HICKORYVIEW DR","NASHVILLE","SOUTH",36.0488,-86.71367,"MOTOR VEHICLE IN TRANSPORT","37211","2023","October","Fall","00","Friday","Weekday","No Injuries","No Fatalities"
9.99526769906236e-314,2023-10-30 05:00:00,1,0,0,NA,"N","NOT COLLISION W/MOTOR VEHICLE-TRANSPORT","RAIN","DARK - NOT LIGHTED","MM 211 0 I 40","NASHVILLE","HERMIT",36.15428,-86.75944,"WALL","37210","2023","October","Fall","05","Monday","Weekday","No Injuries","No Fatalities"
9.99526770795554e-314,2023-10-30 10:13:00,2,0,0,NA,"N","Front to Rear","RAIN","DARK - NOT LIGHTED","MM 215 8 I 40","NASHVILLE","HERMIT",36.14223,-86.68021,"MOTOR VEHICLE IN TRANSPORT","37217","2023","October","Fall","10","Monday","Weekday","No Injuries","No Fatalities"
9.99526771339027e-314,2023-10-30 10:20:00,2,0,0,NA,"N","HEAD-ON","RAIN","DARK - LIGHTED","CLARKSVILLE PKE & BUENA VISTA PKE","NASHVILLE","NORTH",36.19366,-86.83122,"MOTOR VEHICLE IN TRANSPORT","37218","2023","October","Fall","10","Monday","Weekday","No Injuries","No Fatalities"
9.99526771388433e-314,2023-10-30 10:13:00,1,0,0,NA,"N","NOT COLLISION W/MOTOR VEHICLE-TRANSPORT","RAIN","DARK - NOT LIGHTED","MM 217 5 I 40","NASHVILLE","HERMIT",36.1427,-86.65099,"OTHER OBJECT (NOT FIXED)","37214","2023","October","Fall","10","Monday","Weekday","No Injuries","No Fatalities"
9.99526771981312e-314,2023-10-30 05:00:00,1,0,1,NA,"Y","NOT COLLISION W/MOTOR VEHICLE-TRANSPORT","RAIN","DARK - LIGHTED","1100 MURFREESBORO PIKE","NASHVILLE","HERMIT",36.1264,-86.7108,"PEDESTRIAN","37217","2023","October","Fall","05","Monday","Weekday","No Injuries","With Fatalities"
9.99525623229279e-314,2023-10-20 01:04:00,2,3,0,NA,"N","Front to Rear","RAIN","DARK - NOT LIGHTED","PIN HOOK RD & HOBSON PKE","ANTIOCH","SOUTH",36.04935,-86.6003,"MOTOR VEHICLE IN TRANSPORT","37013","2023","October","Fall","01","Friday","Weekday","Injuries","No Fatalities"
9.99526772574191e-314,2023-10-30 11:09:00,1,0,0,NA,"N","NOT COLLISION W/MOTOR VEHICLE-TRANSPORT","RAIN","DARK - LIGHTED","I40 E ENT RAMP & I 40","NASHVILLE","WEST",36.15422,-86.75884,"CONCRETE TRAFFIC BARRIER","37205","2023","October","Fall","11","Monday","Weekday","No Injuries","No Fatalities"
9.99525623673938e-314,2023-10-20 01:00:00,2,0,0,NA,"Y","ANGLE","RAIN","DAYLIGHT","CONNECTING ROAD & US HWY 41","NASHVILLE","HERMIT",36.13457,-86.72341,"MOTOR VEHICLE IN TRANSPORT","37217","2023","October","Fall","01","Friday","Weekday","No Injuries","No Fatalities"
9.99526773265883e-314,2023-10-30 05:00:00,1,0,0,NA,"Y","NOT COLLISION W/MOTOR VEHICLE-TRANSPORT","RAIN","DARK - LIGHTED","MM 87 3 I 65","NASHVILLE","EAST",36.20688,-86.77624,"GUARDRAIL FACE","37207","2023","October","Fall","05","Monday","Weekday","No Injuries","No Fatalities"
9.99525626341892e-314,2023-10-20 00:25:00,2,0,0,NA,"N","SIDESWIPE - SAME DIRECTION","RAIN","DARK - LIGHTED","BROADWAY & 9TH AVN","NASHVILLE","CENTRA",36.15861,-86.78277,"MOTOR VEHICLE IN TRANSPORT","37203","2023","October","Fall","00","Friday","Weekday","No Injuries","No Fatalities"
9.99526775933837e-314,2023-10-30 11:53:00,3,0,0,NA,"N","SIDESWIPE - SAME DIRECTION","RAIN","DAYLIGHT","W TRINITY LN & BRICK CHURCH PKE","NASHVILLE","NORTH",36.20662,-86.7779,"MOTOR VEHICLE IN TRANSPORT","37207","2023","October","Fall","11","Monday","Weekday","No Injuries","No Fatalities"
9.99526777465441e-314,2023-10-30 11:59:00,2,1,0,NA,"N","Front to Rear","RAIN","DAYLIGHT","MM 47 2 I 24","NASHVILLE","EAST",36.18555,-86.77521,"MOTOR VEHICLE IN TRANSPORT","37207","2023","October","Fall","11","Monday","Weekday","Injuries","No Fatalities"
9.99526777712473e-314,2023-10-30 12:07:00,3,3,0,NA,"N","Front to Rear","RAIN","DAYLIGHT","MM 82 2 I 65","NASHVILLE","MIDTOW",36.14589,-86.777,"MOTOR VEHICLE IN TRANSPORT","37203","2023","October","Fall","12","Monday","Weekday","Injuries","No Fatalities"
9.99526778255946e-314,2023-10-30 12:17:00,2,1,0,NA,"N","ANGLE","RAIN","DAYLIGHT","BRILEY PKWYN & BRILEY PKWYS","NASHVILLE","SOUTH",36.10945,-86.72805,"MOTOR VEHICLE IN TRANSPORT","37211","2023","October","Fall","12","Monday","Weekday","Injuries","No Fatalities"
9.99526778997044e-314,2023-10-30 11:50:00,2,0,0,NA,"N","Front to Rear","RAIN","DAYLIGHT","MM 49 0 I 24","NASHVILLE","EAST",36.16633,-86.76457,"MOTOR VEHICLE IN TRANSPORT","37206","2023","October","Fall","11","Monday","Weekday","No Injuries","No Fatalities"
9.99526779787549e-314,2023-10-30 12:25:00,2,0,0,NA,"N","SIDESWIPE - SAME DIRECTION","RAIN","DAYLIGHT","MM 86 3 I 65","NASHVILLE","CENTRA",36.19208,-86.78069,"MOTOR VEHICLE IN TRANSPORT","37207","2023","October","Fall","12","Monday","Weekday","No Injuries","No Fatalities"
9.99525644869354e-314,2023-10-20 03:30:00,2,2,0,NA,"N","ANGLE","RAIN","DARK - LIGHTED","MOOREWOOD DR & CREEKWOOD DR","NASHVILLE","MADISO",36.2336,-86.77798,"MOTOR VEHICLE IN TRANSPORT","37207","2023","October","Fall","03","Friday","Weekday","Injuries","No Fatalities"
9.99526779935769e-314,2023-10-30 12:05:00,2,1,0,NA,"Y","ANGLE","RAIN","DAYLIGHT","BLACKMAN RD & OVERCREST DR","NASHVILLE","MIDTOW",36.07396,-86.73497,"MOTOR VEHICLE IN TRANSPORT","37211","2023","October","Fall","12","Monday","Weekday","Injuries","No Fatalities"
9.99526780083989e-314,2023-10-30 12:10:00,2,0,0,NA,"Y","SIDESWIPE - SAME DIRECTION","RAIN","DAYLIGHT","MCGAVOCK PKE & FERNBROOK LN","NASHVILLE","HERMIT",36.18544,-86.67637,"MOTOR VEHICLE IN TRANSPORT;PARKED MOTOR VEHICLE","37214","2023","October","Fall","12","Monday","Weekday","No Injuries","No Fatalities"
9.99525644968167e-314,2023-10-19 05:00:00,2,1,0,NA,"Y","Front to Rear","RAIN","DARK - LIGHTED","DICKERSON PKE & E TRINITY LN","NASHVILLE","EAST",36.20552,-86.7692,"MOTOR VEHICLE IN TRANSPORT","37207","2023","October","Fall","05","Thursday","Weekday","Injuries","No Fatalities"
9.99526780528648e-314,2023-10-30 12:37:00,3,0,0,NA,"N","Front to Rear","RAIN","DAYLIGHT","MM 6 2 I440","NASHVILLE","SOUTH",36.1227,-86.7516,"MOTOR VEHICLE IN TRANSPORT","37210","2023","October","Fall","12","Monday","Weekday","No Injuries","No Fatalities"
9.99526781269746e-314,2023-10-30 12:44:00,1,0,0,NA,"N","NOT COLLISION W/MOTOR VEHICLE-TRANSPORT","RAIN","DAYLIGHT","MM 49 0 I 24","NASHVILLE","EAST",36.16633,-86.76457,"WALL","37206","2023","October","Fall","12","Monday","Weekday","No Injuries","No Fatalities"
9.99526785518711e-314,2023-10-30 12:57:00,2,0,0,NA,"N","Front to Rear","RAIN","DAYLIGHT","MM 77 9 I 65","NASHVILLE","MIDTOW",36.0832,-86.7636,"MOTOR VEHICLE IN TRANSPORT","37204","2023","October","Fall","12","Monday","Weekday","No Injuries","No Fatalities"
9.99526789520642e-314,2023-10-30 12:54:00,2,0,0,NA,"Y","SIDESWIPE - SAME DIRECTION","RAIN","DAYLIGHT","UNKNOWN RAMP  &  ROAD","NASHVILLE","SOUTH",36.19411,-86.77636,"","37211","2023","October","Fall","12","Monday","Weekday","No Injuries","No Fatalities"
9.99526807257599e-314,2023-10-30 12:33:00,3,0,0,NA,"N","Front to Rear","RAIN","DAYLIGHT","I440 W ENT RAMP & I 440","NASHVILLE","SOUTH",36.11534,-86.7728,"MOTOR VEHICLE IN TRANSPORT","37210","2023","October","Fall","12","Monday","Weekday","No Injuries","No Fatalities"
9.99526812000629e-314,2023-10-30 05:00:00,2,0,0,NA,"Y","ANGLE","RAIN","DAYLIGHT","LINDSLEY AV & BERRIEN ST","NASHVILLE","CENTRA",36.15456,-86.76393,"PARKED MOTOR VEHICLE","37210","2023","October","Fall","05","Monday","Weekday","No Injuries","No Fatalities"
9.9952681659544e-314,2023-10-30 05:00:00,1,2,0,NA,"N","NOT COLLISION W/MOTOR VEHICLE-TRANSPORT","RAIN","DAYLIGHT","BELL RD & OLD HICKORY BLVD","HERMITAGE","HERMIT",36.16154,-86.59918,"GUARDRAIL FACE","37076","2023","October","Fall","05","Monday","Weekday","Injuries","No Fatalities"
9.99526820202119e-314,2023-10-30 05:00:00,2,0,0,NA,"N","ANGLE","RAIN","DAYLIGHT","MM 86 5 I 65","NASHVILLE","NORTH",36.19507,-86.77557,"MOTOR VEHICLE IN TRANSPORT","37207","2023","October","Fall","05","Monday","Weekday","No Injuries","No Fatalities"
9.9952686807708e-314,2023-10-31 02:29:00,1,0,0,NA,"N","NOT COLLISION W/MOTOR VEHICLE-TRANSPORT","RAIN","DARK - LIGHTED","MURFREESBORO PKE & RURAL HILL RD","ANTIOCH","SOUTH",36.0752,-86.63933,"DEER (ANIMAL)","37013","2023","October","Fall","02","Tuesday","Weekday","No Injuries","No Fatalities"
9.99528004625692e-314,2023-11-10 00:02:00,2,1,0,NA,"N","Front to Rear","RAIN","DARK - LIGHTED","MURFREESBORO PKE & PHILFRE CT","NASHVILLE","SOUTH",36.12817,-86.71302,"MOTOR VEHICLE IN TRANSPORT","37211","2023","November","Fall","00","Friday","Weekday","Injuries","No Fatalities"
9.99528006256108e-314,2023-11-10 00:18:00,2,1,0,NA,"N","ANGLE","RAIN","DARK - NOT LIGHTED","MM 59 4 I 24","ANTIOCH","SOUTH",36.04563,-86.6593,"MOTOR VEHICLE IN TRANSPORT","37013","2023","November","Fall","00","Friday","Weekday","Injuries","No Fatalities"
9.99528006552548e-314,2023-11-10 00:20:00,2,0,0,NA,"N","SIDESWIPE - SAME DIRECTION","RAIN","DARK - LIGHTED","MM 87 3 I 65","NASHVILLE","EAST",36.20645,-86.77649,"MOTOR VEHICLE IN TRANSPORT","37207","2023","November","Fall","00","Friday","Weekday","No Injuries","No Fatalities"
9.99528006997207e-314,2023-11-10 00:10:00,2,0,0,NA,"N","Front to Rear","RAIN","DARK - LIGHTED","I40 W EXT RAMP & I 40","NASHVILLE","CENTRA",36.15188,-86.75205,"MOTOR VEHICLE IN TRANSPORT","37203","2023","November","Fall","00","Friday","Weekday","No Injuries","No Fatalities"
9.99528008331184e-314,2023-11-10 00:36:00,2,0,0,NA,"Y","ANGLE","RAIN","DARK - NOT LIGHTED","HARDING PL & HARDING PKE","NASHVILLE","WEST",36.10205,-86.86978,"MOTOR VEHICLE IN TRANSPORT","37205","2023","November","Fall","00","Friday","Weekday","No Injuries","No Fatalities"
9.9952800882525e-314,2023-11-10 00:41:00,2,0,0,NA,"N","Front to Rear","RAIN","DARK - LIGHTED","MM 60 4 I 24","ANTIOCH","SOUTH",36.03611,-86.64459,"MOTOR VEHICLE IN TRANSPORT","37013","2023","November","Fall","00","Friday","Weekday","No Injuries","No Fatalities"
9.99528011147358e-314,2023-11-10 01:00:00,2,0,0,NA,"N","Front to Rear","RAIN","DARK - NOT LIGHTED","STATE RT 45 & LARKIN SPRINGS RD","MADISON","MADISO",36.26354,-86.68353,"MOTOR VEHICLE IN TRANSPORT","37115","2023","November","Fall","01","Friday","Weekday","No Injuries","No Fatalities"
9.99528011196765e-314,2023-11-10 01:04:00,3,1,0,NA,"N","Front to Rear","RAIN","DARK - LIGHTED","MM 87 2 I 65","NASHVILLE","EAST",36.20525,-86.77644,"MOTOR VEHICLE IN TRANSPORT","37207","2023","November","Fall","01","Friday","Weekday","Injuries","No Fatalities"
9.99528012283709e-314,2023-11-10 01:20:00,1,1,0,NA,"N","NOT COLLISION W/MOTOR VEHICLE-TRANSPORT","RAIN","DARK - LIGHTED","KNIGHT DR & EWING DR","NASHVILLE","NORTH",36.23162,-86.804,"EMBANKMENT EARTH","37207","2023","November","Fall","01","Friday","Weekday","Injuries","No Fatalities"
9.99528012629555e-314,2023-11-10 00:40:00,2,0,0,NA,"Y","Front to Rear","RAIN","DARK - LIGHTED","MM 60 6 I 24","ANTIOCH","SOUTH",36.0343,-86.64253,"MOTOR VEHICLE IN TRANSPORT","37013","2023","November","Fall","00","Friday","Weekday","No Injuries","No Fatalities"
9.99528012678962e-314,2023-11-10 01:04:00,2,0,0,NA,"N","Front to Rear","RAIN","DARK - LIGHTED","MM 87 0 I 65","NASHVILLE","EAST",36.2015,-86.77657,"MOTOR VEHICLE IN TRANSPORT","37207","2023","November","Fall","01","Friday","Weekday","No Injuries","No Fatalities"
9.99528014309378e-314,2023-11-10 01:09:00,2,0,0,NA,"N","ANGLE","RAIN","DARK - LIGHTED","BLUE HOLE RD & ANTIOCH PKE","ANTIOCH","SOUTH",36.05996,-86.67211,"MOTOR VEHICLE IN TRANSPORT","37013","2023","November","Fall","01","Friday","Weekday","No Injuries","No Fatalities"
9.99528014852851e-314,2023-11-10 01:45:00,1,1,1,NA,"Y","NOT COLLISION W/MOTOR VEHICLE-TRANSPORT","RAIN","DARK - NOT LIGHTED","5200 LINBAR DR","NASHVILLE","SOUTH",36.07583,-86.69453,"PEDESTRIAN","37211","2023","November","Fall","01","Friday","Weekday","Injuries","With Fatalities"
9.99528014902257e-314,2023-11-10 01:40:00,1,1,0,NA,"N","NOT COLLISION W/MOTOR VEHICLE-TRANSPORT","RAIN","DARK - LIGHTED","WEDGEWOOD AV & BEECH AV","NASHVILLE","MIDTOW",36.13428,-86.78057,"UTILITY POLE","37204","2023","November","Fall","01","Friday","Weekday","Injuries","No Fatalities"
9.99528017323179e-314,2023-11-10 01:03:00,2,0,0,NA,"N","Front to Rear","RAIN","DARK - NOT LIGHTED","OLD HICKORY BLVD & WEST MINISTER DR","NASHVILLE","WEST",36.05163,-86.88723,"MOTOR VEHICLE IN TRANSPORT","37215","2023","November","Fall","01","Friday","Weekday","No Injuries","No Fatalities"
9.99528021868583e-314,2023-11-10 02:40:00,3,1,0,NA,"N","ANGLE","RAIN","DARK - NOT LIGHTED","STATE RT 45 & MCARTHUR DR","MADISON","MADISO",36.26415,-86.69147,"MOTOR VEHICLE IN TRANSPORT","37115","2023","November","Fall","02","Friday","Weekday","Injuries","No Fatalities"
9.99528028983128e-314,2023-11-09 06:00:00,2,0,0,NA,"N","ANGLE","RAIN","DARK - LIGHTED","WARFIELD DR & HILLSBORO PKE","NASHVILLE","MIDTOW",36.10312,-86.81578,"MOTOR VEHICLE IN TRANSPORT","37215","2023","November","Fall","06","Thursday","Weekday","No Injuries","No Fatalities"
9.99528031848709e-314,2023-11-10 01:19:00,1,0,0,NA,"N","NOT COLLISION W/MOTOR VEHICLE-TRANSPORT","RAIN","DARK - NOT LIGHTED","DOWNEY DR & SHAWNEE DR","NASHVILLE","WEST",36.1223,-86.90368,"OTHER FIXED OBJECTS;EMBANKMENT EARTH","37205","2023","November","Fall","01","Friday","Weekday","No Injuries","No Fatalities"
9.99528042866373e-314,2023-11-09 06:00:00,2,1,0,NA,"Y","Front to Rear","RAIN","DARK - LIGHTED","MT VIEW & MURFREESBORO","ANTIOCH","SOUTH",36.05414,-86.61894,"MOTOR VEHICLE IN TRANSPORT","37013","2023","November","Fall","06","Thursday","Weekday","Injuries","No Fatalities"
9.99528052846499e-314,2023-11-10 06:17:00,2,0,0,NA,"N","Front to Rear","RAIN","DARK - LIGHTED","MM 211 0 I 40","NASHVILLE","HERMIT",36.15428,-86.75944,"MOTOR VEHICLE IN TRANSPORT","37210","2023","November","Fall","06","Friday","Weekday","No Injuries","No Fatalities"
9.99528053044125e-314,2023-11-10 06:00:00,1,0,0,NA,"N","NOT COLLISION W/MOTOR VEHICLE-TRANSPORT","RAIN","DARK - NOT LIGHTED","I40 E ENT RAMP & I 40","NASHVILLE","WEST",36.15426,-86.7589,"CONCRETE TRAFFIC BARRIER","37205","2023","November","Fall","06","Friday","Weekday","No Injuries","No Fatalities"
9.99528061344428e-314,2023-11-10 06:00:00,1,0,0,NA,"N","NOT COLLISION W/MOTOR VEHICLE-TRANSPORT","RAIN","DARK - LIGHTED","I24 W EXT RAMP & I 24","NASHVILLE","SOUTH",36.23548,-86.78525,"OTHER ANIMAL","37211","2023","November","Fall","06","Friday","Weekday","No Injuries","No Fatalities"
9.99528067174403e-314,2023-11-10 10:15:00,1,1,0,NA,"N","NOT COLLISION W/MOTOR VEHICLE-TRANSPORT","RAIN","DARK - NOT LIGHTED","MM 194 4 I 40","NASHVILLE","WEST",36.07736,-86.9865,"GUARDRAIL FACE","37221","2023","November","Fall","10","Friday","Weekday","Injuries","No Fatalities"
9.99528069990577e-314,2023-11-10 12:10:00,2,2,0,NA,"N","Front to Rear","RAIN","DAYLIGHT","MM 91 2 I 65","MADISON","MADISO",36.25026,-86.74112,"MOTOR VEHICLE IN TRANSPORT","37115","2023","November","Fall","12","Friday","Weekday","Injuries","No Fatalities"
9.99528072609125e-314,2023-11-10 12:57:00,2,2,0,NA,"N","HEAD-ON","RAIN","DAYLIGHT","EDMONDSON PKE & GESSNER LN","NASHVILLE","MIDTOW",36.0344,-86.74356,"MOTOR VEHICLE IN TRANSPORT","37211","2023","November","Fall","12","Friday","Weekday","Injuries","No Fatalities"
9.99528073547849e-314,2023-11-10 11:25:00,2,0,0,NA,"N","SIDESWIPE - SAME DIRECTION","RAIN","DARK - LIGHTED","LEBANON PKE & ANDREW JACKSON PKWY","HERMITAGE","HERMIT",36.21506,-86.59427,"MOTOR VEHICLE IN TRANSPORT","37076","2023","November","Fall","11","Friday","Weekday","No Injuries","No Fatalities"
9.99528073844289e-314,2023-11-10 06:00:00,1,1,0,NA,"N","NOT COLLISION W/MOTOR VEHICLE-TRANSPORT","RAIN","DAYLIGHT","BRICK CHURCH PKE & VALLEY TRL","WHITES CREEK","MADISO",36.27451,-86.77791,"OTHER ANIMAL","37189","2023","November","Fall","06","Friday","Weekday","Injuries","No Fatalities"
9.99527069112391e-314,2023-10-30 08:00:00,1,0,0,NA,"N","NOT COLLISION W/MOTOR VEHICLE-TRANSPORT","RAIN","DARK - LIGHTED","EDMONDSON PKE & SEVEN MILE CREEK GRNWY","NASHVILLE","MIDTOW",36.05849,-86.7416,"OTHER FIXED OBJECTS","37211","2023","October","Fall","08","Monday","Weekday","No Injuries","No Fatalities"
9.99530261023496e-314,2023-12-01 00:55:00,2,0,0,NA,"N","Front to Rear","RAIN","DARK - LIGHTED","MURFREESBORO PKE & RURAL HILL RD","ANTIOCH","SOUTH",36.07333,-86.63756,"MOTOR VEHICLE IN TRANSPORT","37013","2023","December","Winter","00","Friday","Weekday","No Injuries","No Fatalities"
9.9953026744635e-314,2023-12-01 04:10:00,3,2,0,NA,"N","SIDESWIPE - SAME DIRECTION","RAIN","DARK - LIGHTED","S 11TH ST & HOLLY ST","NASHVILLE","EAST",36.17615,-86.75007,"MOTOR VEHICLE IN TRANSPORT;PARKED MOTOR VEHICLE","37206","2023","December","Winter","04","Friday","Weekday","Injuries","No Fatalities"
9.99530269422612e-314,2023-11-30 06:00:00,2,1,0,NA,"N","HEAD-ON","RAIN","DARK - LIGHTED","W TRINITY LN & BRICK CHURCH PKE","NASHVILLE","NORTH",36.20662,-86.7779,"MOTOR VEHICLE IN TRANSPORT","37207","2023","November","Fall","06","Thursday","Weekday","Injuries","No Fatalities"
9.99530271744721e-314,2023-12-01 04:18:00,2,1,0,NA,"N","Front to Rear","RAIN","DARK - LIGHTED","SAWYER BROWN RD & BELLEVUE CTR PVTDR","NASHVILLE","WEST",36.07903,-86.94464,"MOTOR VEHICLE IN TRANSPORT","37221","2023","December","Winter","04","Friday","Weekday","Injuries","No Fatalities"
9.99530272979885e-314,2023-12-01 04:45:00,2,0,0,NA,"N","SIDESWIPE - SAME DIRECTION","RAIN","DARK - LIGHTED","2ND AVS & I40 W EXT RAMP","NASHVILLE","CENTRA",36.15176,-86.76863,"MOTOR VEHICLE IN TRANSPORT","37210","2023","December","Winter","04","Friday","Weekday","No Injuries","No Fatalities"
9.99530291704973e-314,2023-12-01 08:05:00,2,1,0,NA,"Y","ANGLE","RAIN","DARK - LIGHTED","FORREST AV & N 14TH ST","NASHVILLE","EAST",36.17808,-86.74563,"MOTOR VEHICLE IN TRANSPORT","37206","2023","December","Winter","08","Friday","Weekday","Injuries","No Fatalities"