"Accident.Number","Date.and.Time","Number.of.Motor.Vehicles","Number.of.Injuries","Number.of.Fatalities","Property.Damage","Hit.and.Run","Collision.Type.Description","Weather.Description","Illumination.Description","Street.Address","City","Precinct","Latitude","Longitude","HarmfulDescriptions","Zip.Code","Year","Month","Season","Hour","Weekday","DayType","Accident","Fatality_category"
9.99530293137763e-314,2023-12-01 08:22:00,2,1,0,NA,"Y","HEAD-ON","RAIN","DARK - LIGHTED","ANTIOCH PKE & HARDING PL","NASHVILLE","SOUTH",36.08743,-86.69221,"MOTOR VEHICLE IN TRANSPORT","37211","2023","December","Winter","08","Friday","Weekday","Injuries","No Fatalities"
9.99530293977675e-314,2023-12-01 08:36:00,2,0,0,NA,"Y","ANGLE","RAIN","DARK - LIGHTED","ANTIOCH PKE & PERIMETER HILL DR","NASHVILLE","SOUTH",36.08578,-86.69095,"MOTOR VEHICLE IN TRANSPORT-OTHER ROADWAY","37211","2023","December","Winter","08","Friday","Weekday","No Injuries","No Fatalities"
9.99530297337321e-314,2023-12-01 10:05:00,1,1,0,NA,"N","NOT COLLISION W/MOTOR VEHICLE-TRANSPORT","RAIN","DARK - LIGHTED","S 10TH ST & CLEARVIEW AV","NASHVILLE","EAST",36.17753,-86.75151,"UTILITY POLE","37206","2023","December","Winter","10","Friday","Weekday","Injuries","No Fatalities"
9.99530298572485e-314,2023-12-01 10:36:00,2,0,0,NA,"Y","SIDESWIPE - SAME DIRECTION","RAIN","DARK - LIGHTED","MURFREESBORO PKE & DONELSON PKE","NASHVILLE","SOUTH",36.10621,-86.67306,"MOTOR VEHICLE IN TRANSPORT","37217","2023","December","Winter","10","Friday","Weekday","No Injuries","No Fatalities"
9.99530298967738e-314,2023-12-01 10:50:00,1,1,0,NA,"N","NOT COLLISION W/MOTOR VEHICLE-TRANSPORT","RAIN","DARK - LIGHTED","BRILEY PKWYE & BRILEY PKWYW","NASHVILLE","MADISO",36.23424,-86.71886,"CONCRETE TRAFFIC BARRIER","37207","2023","December","Winter","10","Friday","Weekday","Injuries","No Fatalities"
9.99530299955869e-314,2023-12-01 11:20:00,2,0,0,NA,"N","SIDESWIPE - SAME DIRECTION","RAIN","DARK - LIGHTED","MM 88 5 I 65","NASHVILLE","NORTH",36.22491,-86.77449,"MOTOR VEHICLE IN TRANSPORT","37207","2023","December","Winter","11","Friday","Weekday","No Injuries","No Fatalities"
9.99530300202902e-314,2023-12-01 11:25:00,2,0,0,NA,"N","ANGLE","RAIN","DARK - LIGHTED","MM 211 0 I 40","NASHVILLE","HERMIT",36.15428,-86.75943,"MOTOR VEHICLE IN TRANSPORT","37210","2023","December","Winter","11","Friday","Weekday","No Injuries","No Fatalities"
9.99530301141627e-314,2023-12-01 11:50:00,1,1,0,NA,"N","NOT COLLISION W/MOTOR VEHICLE-TRANSPORT","RAIN","DAWN","MM 208 1 I 40","NASHVILLE","NORTH",36.15895,-86.79167,"CONCRETE TRAFFIC BARRIER","37208","2023","December","Winter","11","Friday","Weekday","Injuries","No Fatalities"
9.99530301833319e-314,2023-12-01 12:29:00,2,0,0,NA,"N","SIDESWIPE - SAME DIRECTION","RAIN","DAWN","MM 206 2 I 40","NASHVILLE","NORTH",36.16194,-86.82034,"MOTOR VEHICLE IN TRANSPORT","37209","2023","December","Winter","12","Friday","Weekday","No Injuries","No Fatalities"
9.99530302772043e-314,2023-12-01 12:39:00,3,0,0,NA,"N","Front to Rear","RAIN","DARK - LIGHTED","MM 87 1 I 65","NASHVILLE","EAST",36.20331,-86.77684,"MOTOR VEHICLE IN TRANSPORT","37207","2023","December","Winter","12","Friday","Weekday","No Injuries","No Fatalities"
9.99530302870857e-314,2023-12-01 10:02:00,2,0,0,NA,"N","SIDESWIPE - SAME DIRECTION","RAIN","DARK - LIGHTED","MM 56 5 I 24","NASHVILLE","SOUTH",36.07583,-86.69391,"MOTOR VEHICLE IN TRANSPORT","37211","2023","December","Winter","10","Friday","Weekday","No Injuries","No Fatalities"
9.99530303315516e-314,2023-12-01 12:12:00,1,0,0,NA,"N","NOT COLLISION W/MOTOR VEHICLE-TRANSPORT","RAIN","DAWN","MM 200 2 I-40","NASHVILLE","WEST",36.12087,-86.91106,"GUARDRAIL FACE","37205","2023","December","Winter","12","Friday","Weekday","No Injuries","No Fatalities"
9.99530303710768e-314,2023-12-01 12:30:00,2,0,0,NA,"N","SIDESWIPE - SAME DIRECTION","RAIN","DAYLIGHT","MM 79 8 I 65","NASHVILLE","MIDTOW",36.11087,-86.77133,"MOTOR VEHICLE IN TRANSPORT","37204","2023","December","Winter","12","Friday","Weekday","No Injuries","No Fatalities"
9.99530308651425e-314,2023-12-01 06:00:00,1,0,0,NA,"Y","UNKNOWN","RAIN","DAWN","MM 54 5 I 24","NASHVILLE","SOUTH",36.10054,-86.71183,"UNKNOWN MOST HARMFUL EVENT","37211","2023","December","Winter","06","Friday","Weekday","No Injuries","No Fatalities"
9.99530389777004e-314,2023-12-02 05:16:00,2,2,0,NA,"N","ANGLE","RAIN","DARK - LIGHTED","8TH AVS & SOUTH ST","NASHVILLE","MIDTOW",36.14667,-86.77903,"MOTOR VEHICLE IN TRANSPORT","37203","2023","December","Winter","05","Saturday","Weekend","Injuries","No Fatalities"
9.99530400300602e-314,2023-12-02 06:35:00,1,0,0,NA,"N","NOT COLLISION W/MOTOR VEHICLE-TRANSPORT","RAIN","DARK - LIGHTED","I40 E EXT RAMP & I 40","NASHVILLE","HERMIT",36.16741,-86.60787,"GUARDRAIL FACE","37214","2023","December","Winter","06","Saturday","Weekend","No Injuries","No Fatalities"
9.99530409539629e-314,2023-12-02 06:00:00,1,1,0,NA,"N","NOT COLLISION W/MOTOR VEHICLE-TRANSPORT","RAIN","DARK - LIGHTED","EDMONDSON PKE & BANBURY STA","BRENTWOOD","MIDTOW",36.02523,-86.74256,"TREE","37027","2023","December","Winter","06","Saturday","Weekend","Injuries","No Fatalities"
9.99530409786662e-314,2023-12-02 11:07:00,2,1,0,NA,"Y","Front to Rear","RAIN","DARK - NOT LIGHTED","MM 219 6 I 40","HERMITAGE","HERMIT",36.16112,-86.62034,"MOTOR VEHICLE IN TRANSPORT","37076","2023","December","Winter","11","Saturday","Weekend","Injuries","No Fatalities"
9.99530428462344e-314,2023-12-02 06:00:00,1,1,0,NA,"N","NOT COLLISION W/MOTOR VEHICLE-TRANSPORT","RAIN","DAYLIGHT","MM 211 8 I 40","NASHVILLE","HERMIT",36.14889,-86.74659,"UTILITY POLE;Ran Off Road-Right","37210","2023","December","Winter","06","Saturday","Weekend","Injuries","No Fatalities"
9.99530432711308e-314,2023-12-02 06:00:00,2,0,0,NA,"N","SIDESWIPE - SAME DIRECTION","RAIN","DAYLIGHT","MURFREESBORO PKE & OLD MURFREESBORO PKE","NASHVILLE","SOUTH",36.1045,-86.66903,"MOTOR VEHICLE IN TRANSPORT","37217","2023","December","Winter","06","Saturday","Weekend","No Injuries","No Fatalities"
9.99530445458202e-314,2023-12-03 00:04:00,2,0,0,NA,"N","Front to Rear","RAIN","DARK - LIGHTED","MM 87 2 I 65","NASHVILLE","EAST",36.20572,-86.77656,"MOTOR VEHICLE IN TRANSPORT","37207","2023","December","Winter","00","Sunday","Weekend","No Injuries","No Fatalities"
9.99530445952268e-314,2023-12-03 00:16:00,2,1,0,NA,"N","ANGLE","RAIN","DARK - LIGHTED","ROBINSON RD & MERRITT ST","OLD HICKORY","HERMIT",36.25584,-86.654,"MOTOR VEHICLE IN TRANSPORT","37138","2023","December","Winter","00","Sunday","Weekend","Injuries","No Fatalities"
9.99530447385058e-314,2023-12-03 00:38:00,2,1,0,NA,"N","ANGLE","RAIN","DARK - LIGHTED","STEWARTS FERRY PKE & MCCAMPBELL AV","NASHVILLE","HERMIT",36.16466,-86.6512,"MOTOR VEHICLE IN TRANSPORT","37214","2023","December","Winter","00","Sunday","Weekend","Injuries","No Fatalities"
9.99530449114288e-314,2023-12-03 01:00:00,2,0,0,NA,"N","ANGLE","RAIN","DARK - LIGHTED","OPRY PL & BROADWAY","NASHVILLE","CENTRA",36.16055,-86.77849,"MOTOR VEHICLE IN TRANSPORT","37203","2023","December","Winter","01","Sunday","Weekend","No Injuries","No Fatalities"
9.99530453659692e-314,2023-12-03 02:06:00,1,0,1,NA,"N","NOT COLLISION W/MOTOR VEHICLE-TRANSPORT","RAIN","DARK - LIGHTED","E THOMPSON LN & MURFREESBORO PIKE","NASHVILLE","SOUTH",36.1259,-86.71262,"PEDESTRIAN","37211","2023","December","Winter","02","Sunday","Weekend","No Injuries","With Fatalities"
9.9953045440079e-314,2023-12-03 00:30:00,3,1,0,NA,"Y","SIDESWIPE - SAME DIRECTION","RAIN","DARK - NOT LIGHTED","MM 81 1 I 65","NASHVILLE","MIDTOW",36.13112,-86.77373,"MOTOR VEHICLE IN TRANSPORT","37204","2023","December","Winter","00","Sunday","Weekend","Injuries","No Fatalities"
9.99530455734767e-314,2023-12-03 00:58:00,1,0,0,NA,"N","NOT COLLISION W/MOTOR VEHICLE-TRANSPORT","RAIN","DARK - LIGHTED","CRAIGHEAD ST & DUNN AV","NASHVILLE","MIDTOW",36.13134,-86.75971,"CURB","37211","2023","December","Winter","00","Sunday","Weekend","No Injuries","No Fatalities"
9.99530457266371e-314,2023-12-03 02:36:00,2,0,0,NA,"Y","ANGLE","RAIN","DARK - LIGHTED","MT VIEW RD & CROSSINGS BLVD","ANTIOCH","SOUTH",36.04548,-86.64729,"MOTOR VEHICLE IN TRANSPORT","37013","2023","December","Winter","02","Sunday","Weekend","No Injuries","No Fatalities"
9.99530457760436e-314,2023-12-03 02:14:00,2,0,0,NA,"Y","ANGLE","RAIN","DARK - LIGHTED","KAREN DR & I40 E ENT RAMP","NASHVILLE","HERMIT",36.1395,-86.7002,"MOTOR VEHICLE IN TRANSPORT","37217","2023","December","Winter","02","Sunday","Weekend","No Injuries","No Fatalities"
9.99530459193227e-314,2023-12-03 02:55:00,2,0,0,NA,"Y","ANGLE","RAIN","DARK - LIGHTED","GALLATIN AV & EASTLAND AV","NASHVILLE","EAST",36.18393,-86.74832,"MOTOR VEHICLE IN TRANSPORT","37206","2023","December","Winter","02","Sunday","Weekend","No Injuries","No Fatalities"
9.99530460626017e-314,2023-12-03 03:45:00,1,1,0,NA,"N","NOT COLLISION W/MOTOR VEHICLE-TRANSPORT","RAIN","DARK - NOT LIGHTED","MM 200 4 I 40","NASHVILLE","WEST",36.12452,-86.90727,"CONCRETE TRAFFIC BARRIER","37205","2023","December","Winter","03","Sunday","Weekend","Injuries","No Fatalities"
9.99530460823643e-314,2023-12-02 06:00:00,2,0,0,NA,"N","ANGLE","RAIN","DARK - LIGHTED","EDGEHILL AV & 21ST AVS","NASHVILLE","MIDTOW",36.1441,-86.79985,"MOTOR VEHICLE IN TRANSPORT","37240","2023","December","Winter","06","Saturday","Weekend","No Injuries","No Fatalities"
9.99530461317709e-314,2023-12-02 06:00:00,2,0,0,NA,"Y","SIDESWIPE - SAME DIRECTION","RAIN","DARK - LIGHTED","HARDING PL & I65 S EXT RAMP","NASHVILLE","MIDTOW",36.08288,-86.76597,"MOTOR VEHICLE IN TRANSPORT","37220","2023","December","Winter","06","Saturday","Weekend","No Injuries","No Fatalities"
9.9953047396579e-314,2023-12-03 06:35:00,1,1,0,NA,"N","NOT COLLISION W/MOTOR VEHICLE-TRANSPORT","RAIN","DARK - LIGHTED","MM 56 3 I 24","NASHVILLE","SOUTH",36.07784,-86.69514,"WALL","37211","2023","December","Winter","06","Sunday","Weekend","Injuries","No Fatalities"
9.99530476683151e-314,2023-12-03 07:20:00,2,0,0,NA,"Y","NOT COLLISION W/MOTOR VEHICLE-TRANSPORT","RAIN","DARK - LIGHTED","CONNARE DR & N GRAYCROFT AV","MADISON","MADISO",36.28485,-86.71523,"PARKED MOTOR VEHICLE;FENCE;Ran Off Road-Right","37115","2023","December","Winter","07","Sunday","Weekend","No Injuries","No Fatalities"
9.99530477078403e-314,2023-12-03 07:27:00,2,0,0,NA,"Y","Front to Rear","RAIN","DARK - LIGHTED","MURFREESBORO PKE & BOROWOOD DR","NASHVILLE","HERMIT",36.09071,-86.65095,"MOTOR VEHICLE IN TRANSPORT","37217","2023","December","Winter","07","Sunday","Weekend","No Injuries","No Fatalities"
9.99530477325436e-314,2023-12-03 07:33:00,2,1,0,NA,"Y","SIDESWIPE - OPPOSITE DIRECTION","RAIN","DARK - LIGHTED","DICKERSON PKE & I65 N ENT RAMP","NASHVILLE","EAST",36.23756,-86.75788,"MOTOR VEHICLE IN TRANSPORT","37216","2023","December","Winter","07","Sunday","Weekend","Injuries","No Fatalities"
9.99530482266093e-314,2023-12-03 09:40:00,1,0,0,NA,"Y","NOT COLLISION W/MOTOR VEHICLE-TRANSPORT","RAIN","DARK - LIGHTED","BRILEY PKWY W EXT RAMP & DOVERSIDE CT","NASHVILLE","MADISO",36.23882,-86.77922,"CONCRETE TRAFFIC BARRIER;Ran Off Road-Left","37207","2023","December","Winter","09","Sunday","Weekend","No Injuries","No Fatalities"
9.99530485823365e-314,2023-12-03 11:29:00,4,2,0,NA,"N","ANGLE","RAIN","DAWN","MM 55 4 I-24","NASHVILLE","SOUTH",36.09018,-86.70316,"MOTOR VEHICLE IN TRANSPORT;GUARDRAIL FACE","37211","2023","December","Winter","11","Sunday","Weekend","Injuries","No Fatalities"
9.99530488244287e-314,2023-12-03 08:30:00,1,0,0,NA,"N","NOT COLLISION W/MOTOR VEHICLE-TRANSPORT","RAIN","DARK - NOT LIGHTED","OLD HICKORY BLVD & PETTUS RD","ANTIOCH","SOUTH",36.00754,-86.66454,"GUARDRAIL END","37013","2023","December","Winter","08","Sunday","Weekend","No Injuries","No Fatalities"
9.99530492740284e-314,2023-12-03 08:00:00,2,0,0,NA,"N","SIDESWIPE - OPPOSITE DIRECTION","RAIN","DARK - NOT LIGHTED","MT VIEW RD & OLD FRANKLIN RD","ANTIOCH","SOUTH",36.04388,-86.62992,"MOTOR VEHICLE IN TRANSPORT","37013","2023","December","Winter","08","Sunday","Weekend","No Injuries","No Fatalities"
9.99530563243452e-314,2023-12-04 12:37:00,1,0,0,NA,"Y","NOT COLLISION W/MOTOR VEHICLE-TRANSPORT","RAIN","DARK - NOT LIGHTED","OLD LEBANON DIRT RD & CHESNEY GLEN DR","HERMITAGE","HERMIT",36.18977,-86.58444,"DITCH","37076","2023","December","Winter","12","Monday","Weekday","No Injuries","No Fatalities"
9.99529725308117e-314,2023-11-27 00:19:00,1,0,0,NA,"N","NOT COLLISION W/MOTOR VEHICLE-TRANSPORT","RAIN","DARK - NOT LIGHTED","MM 57 6 I 24","ANTIOCH","SOUTH",36.06299,-86.68301,"WALL","37013","2023","November","Fall","00","Monday","Weekday","No Injuries","No Fatalities"
9.99529725703369e-314,2023-11-27 00:20:00,1,0,0,NA,"N","NOT COLLISION W/MOTOR VEHICLE-TRANSPORT","RAIN","DARK - NOT LIGHTED","RICE RD & EDGE O LAKE DR","ANTIOCH","SOUTH",36.0729,-86.64543,"CURB;DITCH","37013","2023","November","Fall","00","Monday","Weekday","No Injuries","No Fatalities"
9.9952972683972e-314,2023-11-27 00:25:00,1,0,0,NA,"N","NOT COLLISION W/MOTOR VEHICLE-TRANSPORT","RAIN","DARK - NOT LIGHTED","RICE RD & EDGE O LAKE DR","ANTIOCH","SOUTH",36.0729,-86.64543,"CURB;DITCH","37013","2023","November","Fall","00","Monday","Weekday","No Injuries","No Fatalities"
9.99529727086753e-314,2023-11-27 00:30:00,2,2,0,NA,"N","Front to Rear","RAIN","DARK - LIGHTED","RURAL HILL RD & RICE RD","ANTIOCH","SOUTH",36.06868,-86.63984,"MOTOR VEHICLE IN TRANSPORT","37013","2023","November","Fall","00","Monday","Weekday","Injuries","No Fatalities"
9.99529730693432e-314,2023-11-27 01:15:00,2,0,0,NA,"N","Front to Rear","RAIN","DARK - LIGHTED","MM 86 0 I 65","NASHVILLE","CENTRA",36.17789,-86.80097,"MOTOR VEHICLE IN TRANSPORT","37208","2023","November","Fall","01","Monday","Weekday","No Injuries","No Fatalities"
9.99529731088685e-314,2023-11-27 02:02:00,2,1,0,NA,"N","SIDESWIPE - SAME DIRECTION","RAIN","DARK - LIGHTED","MM 77 3 I 65","NASHVILLE","MIDTOW",36.07556,-86.76819,"MOTOR VEHICLE IN TRANSPORT;LUMINAIRE/LIGHT SUPPORT;DITCH;WALL;Ran Off Road-Right","37220","2023","November","Fall","02","Monday","Weekday","Injuries","No Fatalities"
9.99529731681563e-314,2023-11-27 00:16:00,2,1,0,NA,"N","OTHER","RAIN","DAYLIGHT","ELLISTON PL & LOUISE AV","NASHVILLE","MIDTOW",36.15127,-86.80419,"MOTOR VEHICLE IN TRANSPORT","37203","2023","November","Fall","00","Monday","Weekday","Injuries","No Fatalities"
9.99529741266437e-314,2023-11-27 01:30:00,2,0,0,NA,"N","NOT COLLISION W/MOTOR VEHICLE-TRANSPORT","RAIN","DARK - NOT LIGHTED","BELL RD & NED SHELTON RD","NASHVILLE","HERMIT",36.10789,-86.62995,"OTHER POST, POLE, SUPP.;UNKNOWN MOST HARMFUL EVENT","37217","2023","November","Fall","01","Monday","Weekday","No Injuries","No Fatalities"
9.99529190086802e-314,2023-11-21 00:13:00,2,0,0,NA,"N","Front to Rear","RAIN","DARK - LIGHTED","BRILEY PKWYS & BRILEY PKWY S EXT RAMP","NASHVILLE","HERMIT",36.1478,-86.69314,"MOTOR VEHICLE IN TRANSPORT","37210","2023","November","Fall","00","Tuesday","Weekday","No Injuries","No Fatalities"
9.99529194039328e-314,2023-11-21 00:38:00,2,0,0,NA,"Y","SIDESWIPE - SAME DIRECTION","RAIN","DARK - LIGHTED","BROADWAY & I40 W EXT RAMP","NASHVILLE","CENTRA",36.15594,-86.789,"MOTOR VEHICLE IN TRANSPORT","37203","2023","November","Fall","00","Tuesday","Weekday","No Injuries","No Fatalities"
9.9952920594631e-314,2023-11-20 06:00:00,2,0,0,NA,"N","ANGLE","RAIN","DARK - LIGHTED","ANTIOCH PKE & COLBY DR","NASHVILLE","SOUTH",36.10087,-86.72793,"MOTOR VEHICLE IN TRANSPORT","37211","2023","November","Fall","06","Monday","Weekday","No Injuries","No Fatalities"
9.99529206588595e-314,2023-11-21 02:50:00,2,1,0,NA,"Y","SIDESWIPE - SAME DIRECTION","RAIN","DARK - LIGHTED","MM 87 4 I 65","NASHVILLE","EAST",36.2089,-86.776,"MOTOR VEHICLE IN TRANSPORT","37207","2023","November","Fall","02","Tuesday","Weekday","Injuries","No Fatalities"
9.99529207033254e-314,2023-11-21 02:51:00,1,1,0,NA,"N","NOT COLLISION W/MOTOR VEHICLE-TRANSPORT","RAIN","DARK - NOT LIGHTED","GALLATIN PKEN & RIVERGATE PKWY","MADISON","MADISO",36.29767,-86.69855,"PEDESTRIAN","37115","2023","November","Fall","02","Tuesday","Weekday","Injuries","No Fatalities"
9.99529209454176e-314,2023-11-21 02:20:00,1,0,0,NA,"N","NOT COLLISION W/MOTOR VEHICLE-TRANSPORT","RAIN","DARK - NOT LIGHTED","BRILEY PKWYN & BRILEY PKWY N EXT RAMP","NASHVILLE","HERMIT",36.17261,-86.86925,"CONCRETE TRAFFIC BARRIER","37214","2023","November","Fall","02","Tuesday","Weekday","No Injuries","No Fatalities"
9.99529211529251e-314,2023-11-21 03:39:00,2,1,0,NA,"N","ANGLE","RAIN","DARK - LIGHTED","BELL RD & I24 W ENT RAMP","ANTIOCH","SOUTH",36.04526,-86.65903,"MOTOR VEHICLE IN TRANSPORT","37013","2023","November","Fall","03","Tuesday","Weekday","Injuries","No Fatalities"
9.99529214888898e-314,2023-11-21 03:45:00,2,0,0,NA,"N","ANGLE","RAIN","DARK - LIGHTED","NOLENSVILLE PKE & BRENTWOOD EAST DR","NASHVILLE","MIDTOW",36.04458,-86.71317,"MOTOR VEHICLE IN TRANSPORT","37211","2023","November","Fall","03","Tuesday","Weekday","No Injuries","No Fatalities"
9.99529217309819e-314,2023-11-21 04:30:00,2,0,0,NA,"N","SIDESWIPE - SAME DIRECTION","RAIN","DARK - NOT LIGHTED","MM 198 3 I 40","NASHVILLE","WEST",36.10156,-86.9341,"MOTOR VEHICLE IN TRANSPORT","37221","2023","November","Fall","04","Tuesday","Weekday","No Injuries","No Fatalities"
9.99529222596322e-314,2023-11-21 04:07:00,2,1,0,NA,"N","Front to Rear","RAIN","DARK - LIGHTED","E OLD HICKORY BLVD & GALLATIN PKES","MADISON","MADISO",36.26226,-86.71184,"MOTOR VEHICLE IN TRANSPORT","37115","2023","November","Fall","04","Tuesday","Weekday","Injuries","No Fatalities"
9.99529227438165e-314,2023-11-21 06:05:00,1,0,0,NA,"N","NOT COLLISION W/MOTOR VEHICLE-TRANSPORT","RAIN","DARK - LIGHTED","BRICK CHURCH PKE & FERNCO DR","NASHVILLE","NORTH",36.22176,-86.78247,"DEER (ANIMAL)","37207","2023","November","Fall","06","Tuesday","Weekday","No Injuries","No Fatalities"
9.99529232378822e-314,2023-11-21 07:13:00,1,0,0,NA,"N","NOT COLLISION W/MOTOR VEHICLE-TRANSPORT","RAIN","DARK - NOT LIGHTED","MM 215 6 I 40","NASHVILLE","HERMIT",36.14278,-86.68277,"CONCRETE TRAFFIC BARRIER","37214","2023","November","Fall","07","Tuesday","Weekday","No Injuries","No Fatalities"
9.99529233366953e-314,2023-11-21 07:30:00,2,1,0,NA,"N","SIDESWIPE - SAME DIRECTION","RAIN","DARK - LIGHTED","MM 204 3 I 40","NASHVILLE","WEST",36.1535,-86.8518,"MOTOR VEHICLE IN TRANSPORT;CONCRETE TRAFFIC BARRIER","37209","2023","November","Fall","07","Tuesday","Weekday","Injuries","No Fatalities"
9.9952923499737e-314,2023-11-21 08:20:00,1,0,0,NA,"N","NOT COLLISION W/MOTOR VEHICLE-TRANSPORT","RAIN","DARK - NOT LIGHTED","MM 32 9 I 24","JOELTON","NORTH",36.33187,-86.90206,"TREE","37080","2023","November","Fall","08","Tuesday","Weekday","No Injuries","No Fatalities"
9.99529235145589e-314,2023-11-21 08:20:00,1,0,0,NA,"N","NOT COLLISION W/MOTOR VEHICLE-TRANSPORT","RAIN","DARK - NOT LIGHTED","I24 W ENT RAMP & I 24","NASHVILLE","EAST",36.1314,-86.72673,"WALL","37206","2023","November","Fall","08","Tuesday","Weekday","No Injuries","No Fatalities"
9.99529235244402e-314,2023-11-21 07:35:00,2,0,0,NA,"Y","Front to Rear","RAIN","Dark-Unknown Lighting","MM 211 3 I 40","NASHVILLE","HERMIT",36.15238,-86.75381,"MOTOR VEHICLE IN TRANSPORT","37210","2023","November","Fall","07","Tuesday","Weekday","No Injuries","No Fatalities"
9.99529238455829e-314,2023-11-21 10:10:00,1,0,0,NA,"N","NOT COLLISION W/MOTOR VEHICLE-TRANSPORT","RAIN","DARK - LIGHTED","STEWARTS FERRY PKE & MCCRORY CREEK RD","NASHVILLE","HERMIT",36.15748,-86.63589,"DEER (ANIMAL)","37214","2023","November","Fall","10","Tuesday","Weekday","No Injuries","No Fatalities"
9.99529240283872e-314,2023-11-21 11:03:00,2,0,0,NA,"N","Front to Rear","RAIN","DARK - LIGHTED","MM 212 4 I 40","NASHVILLE","HERMIT",36.14349,-86.73781,"MOTOR VEHICLE IN TRANSPORT","37210","2023","November","Fall","11","Tuesday","Weekday","No Injuries","No Fatalities"
9.9952924117319e-314,2023-11-21 11:44:00,1,2,0,NA,"N","NOT COLLISION W/MOTOR VEHICLE-TRANSPORT","RAIN","DARK - NOT LIGHTED","MM 202 3 I 40","NASHVILLE","WEST",36.14333,-86.88302,"GUARDRAIL FACE;CONCRETE TRAFFIC BARRIER","37209","2023","November","Fall","11","Tuesday","Weekday","Injuries","No Fatalities"
9.99529241272003e-314,2023-11-21 06:00:00,2,0,0,NA,"N","ANGLE","RAIN","DARK - LIGHTED","MURFREESBORO PKE & MOUNTAIN SPRINGS RD","ANTIOCH","SOUTH",36.04784,-86.61205,"MOTOR VEHICLE IN TRANSPORT","37013","2023","November","Fall","06","Tuesday","Weekday","No Injuries","No Fatalities"
9.99529241568443e-314,2023-11-21 11:54:00,3,1,0,NA,"N","ANGLE","RAIN","DARK - LIGHTED","RIVERGATE MARKETPLACE PVTDR & GALLATIN P","MADISON","MADISO",36.30275,-86.69185,"MOTOR VEHICLE IN TRANSPORT;MOTOR VEHICLE IN TRANSPORT-OTHER ROADWAY","37115","2023","November","Fall","11","Tuesday","Weekday","Injuries","No Fatalities"
9.99529241667256e-314,2023-11-21 11:49:00,1,0,0,NA,"N","NOT COLLISION W/MOTOR VEHICLE-TRANSPORT","RAIN","DARK - LIGHTED","MM 211 8 I 40","NASHVILLE","HERMIT",36.14894,-86.74627,"GUARDRAIL FACE;Ran Off Road-Right","37210","2023","November","Fall","11","Tuesday","Weekday","No Injuries","No Fatalities"
9.99529245224528e-314,2023-11-21 12:58:00,2,2,0,NA,"N","SIDESWIPE - OPPOSITE DIRECTION","RAIN","DAYLIGHT","CHARLOTTE PKE & FORREST VALLEY DR","NASHVILLE","WEST",36.1067,-86.94265,"MOTOR VEHICLE IN TRANSPORT;Cross Center Line","37221","2023","November","Fall","12","Tuesday","Weekday","Injuries","No Fatalities"
9.99529296656762e-314,2023-11-21 06:00:00,2,0,0,NA,"N","Front to Rear","RAIN","DARK - NOT LIGHTED","TUSCULUM RD & COLEMONT DR","ANTIOCH","SOUTH",36.05694,-86.70001,"MOTOR VEHICLE IN TRANSPORT","37013","2023","November","Fall","06","Tuesday","Weekday","No Injuries","No Fatalities"
9.99529321409451e-314,2023-11-21 06:00:00,2,0,0,NA,"Y","Front to Rear","RAIN","DAYLIGHT","ANTIOCH PKE & SPACE PARK SOUTH DR","NASHVILLE","SOUTH",36.09703,-86.70633,"MOTOR VEHICLE IN TRANSPORT","37211","2023","November","Fall","06","Tuesday","Weekday","No Injuries","No Fatalities"
9.99529347051458e-314,2023-11-22 06:35:00,2,5,0,NA,"N","ANGLE","RAIN","DARK - LIGHTED","ROBERTSON ST & FAIRFIELD AV","NASHVILLE","HERMIT",36.14946,-86.75722,"MOTOR VEHICLE IN TRANSPORT;OTHER POST, POLE, SUPP.;FIRE HYDRANT;Ran Off Road-Left","37210","2023","November","Fall","06","Wednesday","Weekday","Injuries","No Fatalities"
9.99529359699539e-314,2023-11-22 10:50:00,2,0,0,NA,"Y","SIDESWIPE - SAME DIRECTION","RAIN","DARK - LIGHTED","MURFREESBORO PKE & OLD MURFREESBORO PKE","NASHVILLE","SOUTH",36.10422,-86.66838,"MOTOR VEHICLE IN TRANSPORT","37217","2023","November","Fall","10","Wednesday","Weekday","No Injuries","No Fatalities"
9.99529361922834e-314,2023-11-22 11:50:00,4,0,0,NA,"N","HEAD-ON","RAIN","DAYLIGHT","GALLATIN PKEN & NORTHSIDE DR","MADISON","MADISO",36.30619,-86.68677,"PARKED MOTOR VEHICLE;OTHER POST, POLE, SUPP.;Set In Motion By Motor Vehicle;Ran Off Road-Right;EMBANKMENT EARTH","37115","2023","November","Fall","11","Wednesday","Weekday","No Injuries","No Fatalities"
9.99530811363219e-314,2023-12-06 10:52:00,1,0,0,NA,"N","NOT COLLISION W/MOTOR VEHICLE-TRANSPORT","RAIN","DARK - NOT LIGHTED","MM 200 6 I 40","NASHVILLE","WEST",36.12581,-86.9047,"CONCRETE TRAFFIC BARRIER","37209","2023","December","Winter","10","Wednesday","Weekday","No Injuries","No Fatalities"
9.99528667266536e-314,2023-11-16 01:42:00,1,1,0,NA,"N","NOT COLLISION W/MOTOR VEHICLE-TRANSPORT","RAIN","DARK - NOT LIGHTED","ANDREW JACKSON PKWY & WEBER RD","HERMITAGE","HERMIT",36.19621,-86.60851,"MAIL BOX;EMBANKMENT EARTH","37076","2023","November","Fall","01","Thursday","Weekday","Injuries","No Fatalities"