"Accident.Number","Date.and.Time","Number.of.Motor.Vehicles","Number.of.Injuries","Number.of.Fatalities","Property.Damage","Hit.and.Run","Collision.Type.Description","Weather.Description","Illumination.Description","Street.Address","City","Precinct","Latitude","Longitude","HarmfulDescriptions","Zip.Code","Year","Month","Season","Hour","Weekday","DayType","Accident","Fatality_category"
9.99528674381081e-314,2023-11-16 02:30:00,2,3,0,NA,"N","Front to Rear","RAIN","DARK - NOT LIGHTED","MURFREESBORO PKE & HARDING PL","NASHVILLE","HERMIT",36.09939,-86.66059,"MOTOR VEHICLE IN TRANSPORT","37217","2023","November","Fall","02","Thursday","Weekday","Injuries","No Fatalities"
9.99528703728581e-314,2023-11-16 05:17:00,2,0,0,NA,"N","ANGLE","RAIN","DARK - NOT LIGHTED","GLASTONBURY RD & MASSMAN DR","NASHVILLE","HERMIT",36.13409,-86.70197,"MOTOR VEHICLE IN TRANSPORT","37217","2023","November","Fall","05","Thursday","Weekday","No Injuries","No Fatalities"
9.99528748342708e-314,2023-11-16 01:00:00,2,0,0,NA,"Y","Front to Rear","RAIN","DARK - LIGHTED","US HWY 70 & STATE HWY 45","HERMITAGE","HERMIT",36.19844,-86.62024,"MOTOR VEHICLE IN TRANSPORT","37076","2023","November","Fall","01","Thursday","Weekday","No Injuries","No Fatalities"
9.99531158246709e-314,2023-12-09 04:32:00,3,7,0,NA,"N","SIDESWIPE - SAME DIRECTION","RAIN","DARK - LIGHTED","MURFREESBORO PKE & MOUNTAIN SPRINGS RD","ANTIOCH","SOUTH",36.04784,-86.61205,"MOTOR VEHICLE IN TRANSPORT","37013","2023","December","Winter","04","Saturday","Weekend","Injuries","No Fatalities"
9.99531166102353e-314,2023-12-09 06:15:00,1,1,0,NA,"N","NOT COLLISION W/MOTOR VEHICLE-TRANSPORT","RAIN","DARK - NOT LIGHTED","I40 E ENT RAMP & I 40","NASHVILLE","WEST",36.1528,-86.85409,"CONCRETE TRAFFIC BARRIER","37205","2023","December","Winter","06","Saturday","Weekend","Injuries","No Fatalities"
9.99531166250573e-314,2023-12-09 06:00:00,1,0,0,NA,"N","NOT COLLISION W/MOTOR VEHICLE-TRANSPORT","RAIN","DARK - LIGHTED","NOLENSVILLE PKE & HAYWOOD LN","NASHVILLE","MIDTOW",36.0682,-86.71911,"UTILITY POLE","37211","2023","December","Winter","06","Saturday","Weekend","No Injuries","No Fatalities"
9.99531166596419e-314,2023-12-09 06:30:00,2,0,0,NA,"N","Front to Rear","RAIN","DARK - LIGHTED","JAMES ROBERTSON PKWY & PUBLIC SQ","NASHVILLE","CENTRA",36.16789,-86.77796,"MOTOR VEHICLE IN TRANSPORT","37201","2023","December","Winter","06","Saturday","Weekend","No Injuries","No Fatalities"
9.99531166991671e-314,2023-12-09 06:25:00,5,1,0,NA,"Y","Front to Rear","RAIN","DARK - LIGHTED","BELL RD & BLUE HOLE RD","ANTIOCH","SOUTH",36.04574,-86.67435,"MOTOR VEHICLE IN TRANSPORT","37013","2023","December","Winter","06","Saturday","Weekend","Injuries","No Fatalities"
9.99531170845383e-314,2023-12-09 07:26:00,2,0,0,NA,"Y","ANGLE","RAIN","DARK - LIGHTED","6TH AVN & JEFFERSON ST","NASHVILLE","CENTRA",36.17388,-86.7887,"MOTOR VEHICLE IN TRANSPORT","37219","2023","December","Winter","07","Saturday","Weekend","No Injuries","No Fatalities"
9.99531174748502e-314,2023-12-09 06:00:00,2,0,0,NA,"Y","ANGLE","RAIN","DARK - LIGHTED","MURFREESBORO PKE & OLD HICKORY BLVD","ANTIOCH","SOUTH",36.0394,-86.60299,"MOTOR VEHICLE IN TRANSPORT","37013","2023","December","Winter","06","Saturday","Weekend","No Injuries","No Fatalities"
9.99531183394651e-314,2023-12-09 06:00:00,1,1,0,NA,"N","NOT COLLISION W/MOTOR VEHICLE-TRANSPORT","RAIN","DARK - NOT LIGHTED","BRILEY PKWYW & BRILEY PKWYE","NASHVILLE","NORTH",36.23241,-86.82611,"CONCRETE TRAFFIC BARRIER;Ran Off Road-Left","37218","2023","December","Winter","06","Saturday","Weekend","Injuries","No Fatalities"
9.99528912767755e-314,2023-11-18 00:05:00,1,1,0,NA,"N","NOT COLLISION W/MOTOR VEHICLE-TRANSPORT","RAIN","DARK - LIGHTED","OLD HICKORY BLVD & HICKORY SPRINGS RD","NASHVILLE","MIDTOW",36.04125,-86.82176,"DITCH","37215","2023","November","Fall","00","Saturday","Weekend","Injuries","No Fatalities"
9.99528915682743e-314,2023-11-18 00:10:00,3,1,0,NA,"N","Front to Rear","RAIN","DARK - LIGHTED","THOMPSON PL & PATRICIA DR","NASHVILLE","HERMIT",36.1272,-86.70724,"MOTOR VEHICLE IN TRANSPORT","37217","2023","November","Fall","00","Saturday","Weekend","Injuries","No Fatalities"
9.99528918202477e-314,2023-11-18 01:15:00,3,1,0,NA,"Y","Front to Rear","RAIN","DARK - LIGHTED","OLD FRANKLIN RD & CROSSINGS BLVD","ANTIOCH","SOUTH",36.03551,-86.63834,"MOTOR VEHICLE IN TRANSPORT","37013","2023","November","Fall","01","Saturday","Weekend","Injuries","No Fatalities"
9.99528920475179e-314,2023-11-18 01:40:00,2,1,0,NA,"N","ANGLE","RAIN","DARK - LIGHTED","MURFREESBORO PKE & MOUNTAIN SPRINGS RD","ANTIOCH","SOUTH",36.04525,-86.6091,"MOTOR VEHICLE IN TRANSPORT","37013","2023","November","Fall","01","Saturday","Weekend","Injuries","No Fatalities"
9.99528921660937e-314,2023-11-18 01:51:00,1,0,0,NA,"Y","NOT COLLISION W/MOTOR VEHICLE-TRANSPORT","RAIN","DARK - NOT LIGHTED","PACKARD DR & COLEMONT PL","ANTIOCH","SOUTH",36.06392,-86.6916,"UTILITY POLE","37013","2023","November","Fall","01","Saturday","Weekend","No Injuries","No Fatalities"
9.99532851459084e-314,2023-12-26 00:12:00,2,2,0,NA,"Y","HEAD-ON","RAIN","DARK - LIGHTED","ANTIOCH PKE & MCILLWAIN PL","NASHVILLE","SOUTH",36.09778,-86.7093,"MOTOR VEHICLE IN TRANSPORT","37211","2023","December","Winter","00","Tuesday","Weekday","Injuries","No Fatalities"
9.99532851508491e-314,2023-12-26 00:20:00,1,1,0,NA,"N","NOT COLLISION W/MOTOR VEHICLE-TRANSPORT","RAIN","DARK - NOT LIGHTED","BLUE HOLE RD & ERNA CT","ANTIOCH","SOUTH",36.0409,-86.67786,"EMBANKMENT ROCK/STONE/CONCRETE","37013","2023","December","Winter","00","Tuesday","Weekday","Injuries","No Fatalities"
9.99532855955081e-314,2023-12-26 02:53:00,1,0,0,NA,"Y","NOT COLLISION W/MOTOR VEHICLE-TRANSPORT","RAIN","DARK - LIGHTED","DUPONT AV & DELAWARE AV","MADISON","MADISO",36.26604,-86.70263,"OTHER FIXED OBJECTS","37115","2023","December","Winter","02","Tuesday","Weekday","No Injuries","No Fatalities"
9.99532859957013e-314,2023-12-26 04:20:00,1,2,0,NA,"N","NOT COLLISION W/MOTOR VEHICLE-TRANSPORT","RAIN","DARK - LIGHTED","OLD HICKORY BLVD & LAVERGNE COUCHVILLE P","ANTIOCH","SOUTH",36.04343,-86.58538,"TREE;Ran Off Road-Left","37013","2023","December","Winter","04","Tuesday","Weekday","Injuries","No Fatalities"
9.99532869541887e-314,2023-12-26 07:10:00,1,0,0,NA,"N","NOT COLLISION W/MOTOR VEHICLE-TRANSPORT","RAIN","DARK - NOT LIGHTED","I40 W ENT RAMP & I 40","NASHVILLE","HERMIT",36.1488,-86.77946,"CONCRETE TRAFFIC BARRIER","37210","2023","December","Winter","07","Tuesday","Weekday","No Injuries","No Fatalities"
9.99532894640421e-314,2023-12-23 11:49:00,1,0,0,NA,"Y","NOT COLLISION W/MOTOR VEHICLE-TRANSPORT","RAIN","DARK - LIGHTED","LEBANON PIKE & WELLINGTON SQ","NASHVILLE","HERMIT",36.17594,-86.64601,"PEDESTRIAN","37214","2023","December","Winter","11","Saturday","Weekend","No Injuries","No Fatalities"
9.9953301459956e-314,2023-12-28 02:07:00,2,0,0,NA,"N","ANGLE","RAIN","DARK - NOT LIGHTED","EATONS CREEK RD & OLD CLARKSVILLE PKE","JOELTON","NORTH",36.31628,-86.87658,"MOTOR VEHICLE IN TRANSPORT","37080","2023","December","Winter","02","Thursday","Weekday","No Injuries","No Fatalities"
9.99533022208171e-314,2023-12-28 03:28:00,2,2,0,NA,"N","ANGLE","RAIN","DARK - LIGHTED","MURFREESBORO PKE & NASHBORO BLVD","ANTIOCH","SOUTH",36.08691,-86.64868,"MOTOR VEHICLE IN TRANSPORT","37013","2023","December","Winter","03","Thursday","Weekday","Injuries","No Fatalities"
9.99531218028652e-314,2023-12-09 06:00:00,2,0,0,NA,"Y","SIDESWIPE - SAME DIRECTION","RAIN","DARK - LIGHTED","MM 54 0 I 24","NASHVILLE","SOUTH",36.1062,-86.71882,"MOTOR VEHICLE IN TRANSPORT","37211","2023","December","Winter","06","Saturday","Weekend","No Injuries","No Fatalities"
9.99531218819157e-314,2023-12-09 06:00:00,2,0,0,NA,"Y","ANGLE","RAIN","DARK - LIGHTED","700 MAIN ST","NASHVILLE","EAST",36.17526,-86.75868,"PARKED MOTOR VEHICLE","37206","2023","December","Winter","06","Saturday","Weekend","No Injuries","No Fatalities"
9.99531219461443e-314,2023-12-10 00:07:00,1,0,0,NA,"N","NOT COLLISION W/MOTOR VEHICLE-TRANSPORT","RAIN","DARK - LIGHTED","MM 88 6 I 65","NASHVILLE","EAST",36.22513,-86.77445,"GUARDRAIL FACE","37207","2023","December","Winter","00","Sunday","Weekend","No Injuries","No Fatalities"
9.99531220202541e-314,2023-12-09 06:00:00,2,3,0,NA,"N","SIDESWIPE - OPPOSITE DIRECTION","RAIN","DARK - LIGHTED","DRUMMOND DR & EAST THOMPSON LN","NASHVILLE","SOUTH",36.11486,-86.71956,"MOTOR VEHICLE IN TRANSPORT","37211","2023","December","Winter","06","Saturday","Weekend","Injuries","No Fatalities"
9.99531220350761e-314,2023-12-10 00:27:00,1,1,0,NA,"N","NOT COLLISION W/MOTOR VEHICLE-TRANSPORT","RAIN","DARK - LIGHTED","MM 54 6 I 24","NASHVILLE","SOUTH",36.09955,-86.71079,"DITCH","37211","2023","December","Winter","00","Sunday","Weekend","Injuries","No Fatalities"
9.99531221487112e-314,2023-12-10 00:40:00,2,0,0,NA,"N","SIDESWIPE - SAME DIRECTION","RAIN","DARK - LIGHTED","COMMERCE ST & 6TH AVN","NASHVILLE","CENTRA",36.16106,-86.7812,"MOTOR VEHICLE IN TRANSPORT","37203","2023","December","Winter","00","Sunday","Weekend","No Injuries","No Fatalities"
9.99531223710407e-314,2023-12-10 00:25:00,1,0,0,NA,"N","NOT COLLISION W/MOTOR VEHICLE-TRANSPORT","RAIN","DARK - NOT LIGHTED","OLD HICKORY BLVDW & KEMPER DRN","MADISON","MADISO",36.26743,-86.74666,"SHRUBBERY","37115","2023","December","Winter","00","Sunday","Weekend","No Injuries","No Fatalities"
9.99531223908033e-314,2023-12-10 00:02:00,2,1,0,NA,"N","SIDESWIPE - SAME DIRECTION","RAIN","DARK - LIGHTED","I65 S EXT RAMP & I 65","MADISON","MADISO",36.26835,-86.73716,"MOTOR VEHICLE IN TRANSPORT","37115","2023","December","Winter","00","Sunday","Weekend","Injuries","No Fatalities"
9.99531225242011e-314,2023-12-10 01:02:00,2,0,0,NA,"Y","ANGLE","RAIN","DARK - LIGHTED","THOMPSON PL & MURFREESBORO PKE","NASHVILLE","HERMIT",36.12679,-86.71075,"MOTOR VEHICLE IN TRANSPORT","37217","2023","December","Winter","01","Sunday","Weekend","No Injuries","No Fatalities"
9.99531225884296e-314,2023-12-10 02:20:00,4,5,0,NA,"Y","Front to Rear","RAIN","DARK - NOT LIGHTED","MM 92 2 I 65","MADISON","MADISO",36.26421,-86.73762,"MOTOR VEHICLE IN TRANSPORT","37115","2023","December","Winter","02","Sunday","Weekend","Injuries","No Fatalities"
9.99531226378362e-314,2023-12-10 02:27:00,2,0,0,NA,"Y","Front to Rear","RAIN","DARK - LIGHTED","HARDING PKE & WOODLAWN DR","NASHVILLE","WEST",36.12835,-86.84242,"MOTOR VEHICLE IN TRANSPORT","37205","2023","December","Winter","02","Sunday","Weekend","No Injuries","No Fatalities"
9.99531229836821e-314,2023-12-10 02:00:00,2,0,0,NA,"N","ANGLE","RAIN","DARK - LIGHTED","LYLE AV & BROADWAY","NASHVILLE","MIDTOW",36.15031,-86.79725,"MOTOR VEHICLE IN TRANSPORT","37203","2023","December","Winter","02","Sunday","Weekend","No Injuries","No Fatalities"
9.99531232257743e-314,2023-12-09 06:00:00,2,0,0,NA,"N","ANGLE","RAIN","DARK - LIGHTED","DICKERSON PKE & GRIZZARD AV","NASHVILLE","EAST",36.2079,-86.76762,"MOTOR VEHICLE IN TRANSPORT","37207","2023","December","Winter","06","Saturday","Weekend","No Injuries","No Fatalities"
9.99531232504776e-314,2023-12-10 03:50:00,2,2,0,NA,"N","ANGLE","RAIN","DARK - LIGHTED","3700 MURFREESBORO PKE","ANTIOCH","SOUTH",36.04285,-86.60655,"MOTOR VEHICLE IN TRANSPORT","37013","2023","December","Winter","03","Sunday","Weekend","Injuries","No Fatalities"
9.99531235073917e-314,2023-12-10 04:15:00,1,0,0,NA,"Y","NOT COLLISION W/MOTOR VEHICLE-TRANSPORT","RAIN","DARK - NOT LIGHTED","RICE RD & EDGE O LAKE DR","ANTIOCH","SOUTH",36.07292,-86.64565,"DITCH","37013","2023","December","Winter","04","Sunday","Weekend","No Injuries","No Fatalities"
9.99531236803147e-314,2023-12-10 04:34:00,2,1,0,NA,"Y","SIDESWIPE - SAME DIRECTION","RAIN","DARK - NOT LIGHTED","CHARLOTTE PKE & LILLY VALLEY WAY","NASHVILLE","WEST",36.12574,-86.90922,"MOTOR VEHICLE IN TRANSPORT","37209","2023","December","Winter","04","Sunday","Weekend","Injuries","No Fatalities"
9.99531238779409e-314,2023-12-10 02:28:00,2,0,0,NA,"Y","Front to Rear","RAIN","DARK - LIGHTED","NOLENSVILLE PKE & LENOX VILLAGE DR","ANTIOCH","SOUTH",36.02536,-86.71304,"MOTOR VEHICLE IN TRANSPORT","37013","2023","December","Winter","02","Sunday","Weekend","No Injuries","No Fatalities"
9.99531239471101e-314,2023-12-10 05:00:00,3,0,0,NA,"Y","NOT COLLISION W/MOTOR VEHICLE-TRANSPORT","RAIN","DARK - LIGHTED","LINBAR DR & WALLACE RD","NASHVILLE","SOUTH",36.08132,-86.7001,"PARKED MOTOR VEHICLE;EMBANKMENT EARTH","37211","2023","December","Winter","05","Sunday","Weekend","No Injuries","No Fatalities"
9.99531243917692e-314,2023-12-10 05:57:00,2,2,0,NA,"Y","ANGLE","RAIN","DARK - LIGHTED","OLD HICKORY BLVD & NOLENSVILLE PKE","ANTIOCH","SOUTH",36.04537,-86.71326,"MOTOR VEHICLE IN TRANSPORT","37013","2023","December","Winter","05","Sunday","Weekend","Injuries","No Fatalities"
9.99531245004637e-314,2023-12-10 06:00:00,1,1,0,NA,"N","NOT COLLISION W/MOTOR VEHICLE-TRANSPORT","RAIN","DARK - LIGHTED","NOLENSVILLE PKE & ZOO RD","NASHVILLE","MIDTOW",36.09077,-86.73444,"BRIDGE PIER/ABUTMENT;GUARDRAIL FACE","37211","2023","December","Winter","06","Sunday","Weekend","Injuries","No Fatalities"
9.99531245202263e-314,2023-12-10 06:25:00,2,0,0,NA,"N","Front to Rear","RAIN","DARK - LIGHTED","300 COMMERCE ST","NASHVILLE","CENTRA",36.1629,-86.77686,"MOTOR VEHICLE IN TRANSPORT","37201","2023","December","Winter","06","Sunday","Weekend","No Injuries","No Fatalities"
9.99531246931493e-314,2023-12-10 05:37:00,1,0,0,NA,"N","NOT COLLISION W/MOTOR VEHICLE-TRANSPORT","RAIN","DARK - NOT LIGHTED","PIERCE RD & SNOW AV","MADISON","MADISO",36.27944,-86.70203,"GUARDRAIL FACE","37115","2023","December","Winter","05","Sunday","Weekend","No Injuries","No Fatalities"
9.99531247425558e-314,2023-12-10 01:06:00,2,0,0,NA,"Y","ANGLE","RAIN","DARK - LIGHTED","MM 59 2 I 24","ANTIOCH","SOUTH",36.04672,-86.66113,"MOTOR VEHICLE IN TRANSPORT","37013","2023","December","Winter","01","Sunday","Weekend","No Injuries","No Fatalities"
9.99532576659772e-314,2023-12-22 07:51:00,9,1,0,NA,"N","NOT COLLISION W/MOTOR VEHICLE-TRANSPORT","RAIN","DARK - LIGHTED","BRICK CHURCH PIKE & W TRINITY LN","NASHVILLE","NORTH",36.20491,-86.77824,"PARKED MOTOR VEHICLE;OVERHEAD SIGN SUPPORT;CURB","37207","2023","December","Winter","07","Friday","Weekday","Injuries","No Fatalities"
9.99531984126843e-314,2023-12-17 00:31:00,3,1,0,NA,"N","Front to Rear","RAIN","DARK - NOT LIGHTED","ELLINGTON CIR & EDMONDSON PKE","NASHVILLE","MIDTOW",36.06007,-86.74105,"MOTOR VEHICLE IN TRANSPORT","37211","2023","December","Winter","00","Sunday","Weekend","Injuries","No Fatalities"
9.99531984966754e-314,2023-12-17 00:37:00,2,0,0,NA,"N","SIDESWIPE - SAME DIRECTION","RAIN","DARK - NOT LIGHTED","MYATT DR & SPRING BRANCH DR","MADISON","MADISO",36.29292,-86.69549,"MOTOR VEHICLE IN TRANSPORT","37115","2023","December","Winter","00","Sunday","Weekend","No Injuries","No Fatalities"
9.99531990302663e-314,2023-12-17 02:07:00,2,0,0,NA,"Y","ANGLE","RAIN","DARK - NOT LIGHTED","BELL RD & ELM HILL PKE","NASHVILLE","HERMIT",36.14114,-86.62797,"MOTOR VEHICLE IN TRANSPORT","37214","2023","December","Winter","02","Sunday","Weekend","No Injuries","No Fatalities"
9.99531991389608e-314,2023-12-17 01:49:00,2,0,0,NA,"N","Front to Rear","RAIN","DARK - LIGHTED","EAST THOMPSON LN & THOMPSON PL","NASHVILLE","SOUTH",36.12642,-86.71161,"MOTOR VEHICLE IN TRANSPORT","37217","2023","December","Winter","01","Sunday","Weekend","No Injuries","No Fatalities"
9.99531993859936e-314,2023-12-17 03:25:00,2,0,0,NA,"N","ANGLE","RAIN","DARK - LIGHTED","18TH AVS & MAGNOLIA BLVD","NASHVILLE","MIDTOW",36.13554,-86.79717,"MOTOR VEHICLE IN TRANSPORT","37212","2023","December","Winter","03","Sunday","Weekend","No Injuries","No Fatalities"
9.99531994008156e-314,2023-12-16 06:00:00,1,2,0,NA,"N","NOT COLLISION W/MOTOR VEHICLE-TRANSPORT","RAIN","DARK - LIGHTED","BRILEY PKWYE & BRILEY PKWY E ENT RAMP","NASHVILLE","EAST",36.2343,-86.72183,"CONCRETE TRAFFIC BARRIER","37216","2023","December","Winter","06","Saturday","Weekend","Injuries","No Fatalities"
9.99531994551628e-314,2023-12-16 06:00:00,2,0,0,NA,"N","Front to Rear","RAIN","DARK - LIGHTED","OPRY MILLS DR & OPRYLAND DR","NASHVILLE","HERMIT",36.21149,-86.70014,"MOTOR VEHICLE IN TRANSPORT","37214","2023","December","Winter","06","Saturday","Weekend","No Injuries","No Fatalities"
9.99531994749254e-314,2023-12-16 06:00:00,1,0,0,NA,"N","NOT COLLISION W/MOTOR VEHICLE-TRANSPORT","RAIN","DARK - LIGHTED","I440 W ENT RAMP & I 65","NASHVILLE","MIDTOW",36.11468,-86.77229,"CONCRETE TRAFFIC BARRIER","37204","2023","December","Winter","06","Saturday","Weekend","No Injuries","No Fatalities"
9.995319950951e-314,2023-12-17 00:48:00,2,0,0,NA,"N","ANGLE","RAIN","DARK - LIGHTED","MURFREESBORO PKE & WILHAGAN RD","NASHVILLE","SOUTH",36.13271,-86.71993,"MOTOR VEHICLE IN TRANSPORT","37217","2023","December","Winter","00","Sunday","Weekend","No Injuries","No Fatalities"
9.99531996033825e-314,2023-12-17 00:16:00,2,0,0,NA,"Y","ANGLE","RAIN","DARK - LIGHTED","DUE WEST AVN & OLD DUE WEST AV","MADISON","MADISO",36.25152,-86.74305,"MOTOR VEHICLE IN TRANSPORT;CURB;EMBANKMENT EARTH","37115","2023","December","Winter","00","Sunday","Weekend","No Injuries","No Fatalities"
9.99531996132638e-314,2023-12-17 02:50:00,2,0,0,NA,"Y","Front to Rear","RAIN","Dark-Unknown Lighting","MM 211 1 I 40","NASHVILLE","HERMIT",36.15388,-86.75717,"MOTOR VEHICLE IN TRANSPORT","37210","2023","December","Winter","02","Sunday","Weekend","No Injuries","No Fatalities"
9.99532000579229e-314,2023-12-17 04:43:00,1,0,0,NA,"N","NOT COLLISION W/MOTOR VEHICLE-TRANSPORT","RAIN","DARK - LIGHTED","MM 86 2 I 65","NASHVILLE","CENTRA",36.19187,-86.78097,"BRIDGE RAIL","37207","2023","December","Winter","04","Sunday","Weekend","No Injuries","No Fatalities"
9.99532001814393e-314,2023-12-17 05:00:00,2,0,0,NA,"Y","Front to Rear","RAIN","DARK - LIGHTED","EWING DR & RICH ACRES DR","NASHVILLE","EAST",36.23033,-86.76444,"MOTOR VEHICLE IN TRANSPORT","37207","2023","December","Winter","05","Sunday","Weekend","No Injuries","No Fatalities"
9.99532002950744e-314,2023-12-17 04:25:00,2,0,0,NA,"Y","Front to Rear","RAIN","DARK - NOT LIGHTED","MIDDLETON ST & HERMITAGE AV","NASHVILLE","CENTRA",36.15585,-86.76713,"MOTOR VEHICLE IN TRANSPORT","37210","2023","December","Winter","04","Sunday","Weekend","No Injuries","No Fatalities"
9.99532003543623e-314,2023-12-17 05:20:00,1,0,0,NA,"N","NOT COLLISION W/MOTOR VEHICLE-TRANSPORT","RAIN","DARK - NOT LIGHTED","MM 81 2 I 65","NASHVILLE","MIDTOW",36.13203,-86.77432,"GUARDRAIL FACE","37204","2023","December","Winter","05","Sunday","Weekend","No Injuries","No Fatalities"
9.99532003840062e-314,2023-12-17 05:27:00,2,0,0,NA,"N","ANGLE","RAIN","DARK - LIGHTED","BRILEY PKWYN & BRILEY PKWYS","NASHVILLE","SOUTH",36.18745,-86.68934,"MOTOR VEHICLE IN TRANSPORT","37211","2023","December","Winter","05","Sunday","Weekend","No Injuries","No Fatalities"
9.9953200631039e-314,2023-12-17 06:00:00,2,0,0,NA,"N","Front to Rear","RAIN","DARK - LIGHTED","UNION ST & 1ST AVN","NASHVILLE","CENTRA",36.16705,-86.77705,"MOTOR VEHICLE IN TRANSPORT","37201","2023","December","Winter","06","Sunday","Weekend","No Injuries","No Fatalities"
9.99532006409203e-314,2023-12-16 06:00:00,1,1,0,NA,"N","NOT COLLISION W/MOTOR VEHICLE-TRANSPORT","RAIN","DARK - LIGHTED","MM 211 7 I 40","NASHVILLE","HERMIT",36.14979,-86.74778,"CONCRETE TRAFFIC BARRIER","37210","2023","December","Winter","06","Saturday","Weekend","Injuries","No Fatalities"
9.99532007496148e-314,2023-12-17 06:18:00,1,0,0,NA,"N","NOT COLLISION W/MOTOR VEHICLE-TRANSPORT","RAIN","DARK - LIGHTED","MM 217 1 I 40","NASHVILLE","HERMIT",36.14089,-86.658,"WALL","37214","2023","December","Winter","06","Sunday","Weekend","No Injuries","No Fatalities"
9.9953200818784e-314,2023-12-16 06:00:00,2,0,0,NA,"Y","SIDESWIPE - SAME DIRECTION","RAIN","DARK - LIGHTED","HILLSBORO PKE & GREEN HILLS VILLAGE DR","NASHVILLE","MIDTOW",36.1078,-86.81267,"MOTOR VEHICLE IN TRANSPORT","37215","2023","December","Winter","06","Saturday","Weekend","No Injuries","No Fatalities"
9.99532008879532e-314,2023-12-17 06:37:00,1,0,0,NA,"N","NOT COLLISION W/MOTOR VEHICLE-TRANSPORT","RAIN","DARK - LIGHTED","BELL RD & REELFOOT DR","NASHVILLE","HERMIT",36.13623,-86.62979,"DITCH","37214","2023","December","Winter","06","Sunday","Weekend","No Injuries","No Fatalities"
9.9953200947241e-314,2023-12-17 06:00:00,2,0,0,NA,"Y","ANGLE","RAIN","DARK - LIGHTED","MURFREESBORO PKE & NASHBORO BLVD","ANTIOCH","SOUTH",36.08691,-86.64868,"MOTOR VEHICLE IN TRANSPORT","37013","2023","December","Winter","06","Sunday","Weekend","No Injuries","No Fatalities"
9.9953201149808e-314,2023-12-17 05:00:00,3,0,0,NA,"Y","Front to Rear","RAIN","DARK - LIGHTED","LEBANON PKE & OLD LEBANON PKE","NASHVILLE","HERMIT",36.16982,-86.67338,"MOTOR VEHICLE IN TRANSPORT","37214","2023","December","Winter","05","Sunday","Weekend","No Injuries","No Fatalities"
9.99532011794519e-314,2023-12-17 06:30:00,2,0,0,NA,"Y","ANGLE","RAIN","DARK - LIGHTED","5TH AVN & MONROE ST","NASHVILLE","NORTH",36.17677,-86.78904,"MOTOR VEHICLE IN TRANSPORT","37208","2023","December","Winter","06","Sunday","Weekend","No Injuries","No Fatalities"
9.99532013770781e-314,2023-12-17 06:02:00,2,0,0,NA,"N","Front to Rear","RAIN","DARK - NOT LIGHTED","VERITAS ST & KEYSTONE AV","NASHVILLE","MIDTOW",36.09768,-86.74047,"PARKED MOTOR VEHICLE","37211","2023","December","Winter","06","Sunday","Weekend","No Injuries","No Fatalities"
9.99532015401198e-314,2023-12-17 06:00:00,2,0,0,NA,"Y","UNKNOWN","RAIN","DARK - LIGHTED","BELL RD & HICKORY HOLLOW MALL PVTDR PL","ANTIOCH","SOUTH",36.04928,-86.65173,"UTILITY POLE;UNKNOWN MOST HARMFUL EVENT","37013","2023","December","Winter","06","Sunday","Weekend","No Injuries","No Fatalities"
9.99532015895264e-314,2023-12-17 09:15:00,1,0,0,NA,"N","NOT COLLISION W/MOTOR VEHICLE-TRANSPORT","RAIN","DARK - LIGHTED","BROOKRIDGE TRL & WALLACE RD","NASHVILLE","SOUTH",36.07937,-86.72076,"FENCE","37211","2023","December","Winter","09","Sunday","Weekend","No Injuries","No Fatalities"
9.99532016191703e-314,2023-12-17 09:10:00,4,0,0,NA,"Y","HEAD-ON","RAIN","DARK - LIGHTED","VILLAGE CT & EASTSIDE AV","NASHVILLE","EAST",36.16913,-86.74591,"PARKED MOTOR VEHICLE","37206","2023","December","Winter","09","Sunday","Weekend","No Injuries","No Fatalities"
9.99532016883395e-314,2023-12-17 09:35:00,1,0,0,NA,"N","NOT COLLISION W/MOTOR VEHICLE-TRANSPORT","RAIN","Dark-Unknown Lighting","I40 E ENT RAMP & I 40","NASHVILLE","WEST",36.1543,-86.75897,"GUARDRAIL FACE","37205","2023","December","Winter","09","Sunday","Weekend","No Injuries","No Fatalities"
9.99532021033546e-314,2023-12-17 11:49:00,1,0,0,NA,"N","NOT COLLISION W/MOTOR VEHICLE-TRANSPORT","RAIN","DARK - NOT LIGHTED","MM 77 0 I 65","NASHVILLE","MIDTOW",36.07091,-86.76993,"GUARDRAIL FACE","37220","2023","December","Winter","11","Sunday","Weekend","No Injuries","No Fatalities"
9.99532021577019e-314,2023-12-17 12:13:00,2,0,0,NA,"N","Front to Rear","RAIN","DARK - NOT LIGHTED","MM 77 0 I 65","NASHVILLE","MIDTOW",36.07091,-86.76993,"MOTOR VEHICLE IN TRANSPORT","37220","2023","December","Winter","12","Sunday","Weekend","No Injuries","No Fatalities"
9.99532026468269e-314,2023-12-17 06:00:00,1,0,0,NA,"Y","NOT COLLISION W/MOTOR VEHICLE-TRANSPORT","RAIN","UNKNOWN","MCMURRAY DR & TUSCULUM RD","NASHVILLE","MIDTOW",36.05819,-86.72258,"Other Traffic Barrier;FENCE;Down Hill-Run Away","37211","2023","December","Winter","06","Sunday","Weekend","No Injuries","No Fatalities"
9.99532681253469e-314,2023-12-26 11:47:00,1,0,1,NA,"N","NOT COLLISION W/MOTOR VEHICLE-TRANSPORT","RAIN","DARK - LIGHTED","LEBANON PIKE & WELLINGTON SQ","NASHVILLE","HERMIT",36.176,-86.64597,"PEDESTRIAN","37214","2023","December","Winter","11","Tuesday","Weekday","No Injuries","With Fatalities"