"Accident.Number","Date.and.Time","Number.of.Motor.Vehicles","Number.of.Injuries","Number.of.Fatalities","Property.Damage","Hit.and.Run","Collision.Type.Description","Weather.Description","Illumination.Description","Street.Address","City","Precinct","Latitude","Longitude","HarmfulDescriptions","Zip.Code","Year","Month","Season","Hour","Weekday","DayType","Accident","Fatality_category"
9.99989418164691e-314,2024-01-06 04:09:00,1,0,0,NA,"N","NOT COLLISION W/MOTOR VEHICLE-TRANSPORT","RAIN","DARK - LIGHTED","NEELYS BEND RD & IDLEWILD DR","MADISON","MADISO",36.25556,-86.70631,"MAIL BOX","37115","2024","January","Winter","04","Saturday","Weekend","No Injuries","No Fatalities"
9.99989418510537e-314,2024-01-06 04:13:00,2,0,0,NA,"N","ANGLE","RAIN","DARK - LIGHTED","RIVER RD & RIVER RD PVTDR","NASHVILLE","WEST",36.12862,-86.90769,"MOTOR VEHICLE IN TRANSPORT","37209","2024","January","Winter","04","Saturday","Weekend","No Injuries","No Fatalities"
9.99989419844514e-314,2024-01-06 03:01:00,2,0,0,NA,"Y","SIDESWIPE - SAME DIRECTION","RAIN","DARK - LIGHTED","BELL RD & COUCHVILLE PKE","NASHVILLE","HERMIT",36.11205,-86.63025,"MOTOR VEHICLE IN TRANSPORT","37214","2024","January","Winter","03","Saturday","Weekend","No Injuries","No Fatalities"
9.99989422265436e-314,2024-01-06 03:30:00,2,0,0,NA,"N","Front to Rear","RAIN","DARK - LIGHTED","CLARKSVILLE PKE & 26TH AVN","NASHVILLE","NORTH",36.18657,-86.81916,"MOTOR VEHICLE IN TRANSPORT","37208","2024","January","Winter","03","Saturday","Weekend","No Injuries","No Fatalities"
9.99532699435085e-314,2023-12-23 06:00:00,2,2,0,NA,"N","Front to Rear","RAIN","DAYLIGHT","ELM HILL PKE & TIMBER VALLEY DR","NASHVILLE","HERMIT",36.14191,-86.64043,"MOTOR VEHICLE IN TRANSPORT","37214","2023","December","Winter","06","Saturday","Weekend","Injuries","No Fatalities"
9.99532700966688e-314,2023-12-23 06:00:00,1,0,0,NA,"Y","UNKNOWN","RAIN","DAYLIGHT","MM 86 2 I 65","NASHVILLE","CENTRA",36.19208,-86.78073,"UNKNOWN MOST HARMFUL EVENT","37207","2023","December","Winter","06","Saturday","Weekend","No Injuries","No Fatalities"
9.99989430368113e-314,2024-01-06 05:47:00,2,1,0,NA,"N","ANGLE","RAIN","DARK - LIGHTED","COCKRILL ST & 16TH AVN","NASHVILLE","NORTH",36.17521,-86.80547,"MOTOR VEHICLE IN TRANSPORT","37208","2024","January","Winter","05","Saturday","Weekend","Injuries","No Fatalities"
9.99989430516332e-314,2024-01-06 05:30:00,2,0,0,NA,"N","Front to Rear","RAIN","DARK - LIGHTED","OCALA DR & NOLENSVILLE PKE","NASHVILLE","SOUTH",36.05151,-86.71436,"MOTOR VEHICLE IN TRANSPORT","37211","2024","January","Winter","05","Saturday","Weekend","No Injuries","No Fatalities"
9.99989433826572e-314,2024-01-06 06:19:00,2,0,0,NA,"N","ANGLE","RAIN","DARK - LIGHTED","2ND AVS & DEMONBREUN ST","NASHVILLE","CENTRA",36.1599,-86.77386,"MOTOR VEHICLE IN TRANSPORT","37201","2024","January","Winter","06","Saturday","Weekend","No Injuries","No Fatalities"
9.99989442966787e-314,2024-01-06 06:00:00,1,0,0,NA,"N","NOT COLLISION W/MOTOR VEHICLE-TRANSPORT","RAIN","DARK - LIGHTED","BRILEY PKWYN & BRILEY PKWY N ENT RAMP","NASHVILLE","HERMIT",36.16912,-86.6884,"CONCRETE TRAFFIC BARRIER","37214","2024","January","Winter","06","Saturday","Weekend","No Injuries","No Fatalities"
9.999894430656e-314,2024-01-06 08:37:00,3,4,0,NA,"Y","Front to Rear","RAIN","DARK - LIGHTED","MM 54 4 I 24","NASHVILLE","SOUTH",36.10199,-86.71289,"MOTOR VEHICLE IN TRANSPORT","37211","2024","January","Winter","08","Saturday","Weekend","Injuries","No Fatalities"
9.99989443806698e-314,2024-01-06 08:38:00,2,0,0,NA,"Y","SIDESWIPE - SAME DIRECTION","RAIN","DARK - LIGHTED","I24 W ENT RAMP & I 24","NASHVILLE","EAST",36.06963,-86.68727,"MOTOR VEHICLE IN TRANSPORT","37206","2024","January","Winter","08","Saturday","Weekend","No Injuries","No Fatalities"
9.99989444745423e-314,2024-01-06 09:15:00,2,1,0,NA,"Y","ANGLE","RAIN","DARK - NOT LIGHTED","OLD HICKORY BLVD & HICKORY SPRINGS RD","NASHVILLE","MIDTOW",36.04137,-86.82256,"MOTOR VEHICLE IN TRANSPORT;GUARDRAIL FACE","37215","2024","January","Winter","09","Saturday","Weekend","Injuries","No Fatalities"
9.99532707043696e-314,2023-12-23 06:00:00,2,0,0,NA,"N","ANGLE","RAIN","DAYLIGHT","OPRYLAND DR & MUSIC VALLEY DR","NASHVILLE","HERMIT",36.21701,-86.69639,"MOTOR VEHICLE IN TRANSPORT","37214","2023","December","Winter","06","Saturday","Weekend","No Injuries","No Fatalities"
9.99989444844236e-314,2024-01-06 09:19:00,1,1,0,NA,"Y","UNKNOWN","RAIN","DARK - LIGHTED","HARDING PL & CANTERCHASE PVTDR","NASHVILLE","SOUTH",36.0977,-86.66034,"UNKNOWN MOST HARMFUL EVENT","37217","2024","January","Winter","09","Saturday","Weekend","Injuries","No Fatalities"
9.99989445585335e-314,2024-01-06 06:00:00,1,0,0,NA,"N","NOT COLLISION W/MOTOR VEHICLE-TRANSPORT","RAIN","DAYLIGHT","MM 89 3 I 65","NASHVILLE","EAST",36.23362,-86.7675,"CONCRETE TRAFFIC BARRIER","37207","2024","January","Winter","06","Saturday","Weekend","No Injuries","No Fatalities"
9.99989446178213e-314,2024-01-06 10:00:00,1,2,0,NA,"N","NOT COLLISION W/MOTOR VEHICLE-TRANSPORT","RAIN","DARK - NOT LIGHTED","I24 E EXT RAMP & I 24","NASHVILLE","NORTH",36.13655,-86.7272,"WALL","37207","2024","January","Winter","10","Saturday","Weekend","Injuries","No Fatalities"
9.9998944622762e-314,2024-01-06 10:14:00,1,1,0,NA,"N","NOT COLLISION W/MOTOR VEHICLE-TRANSPORT","RAIN","DARK - LIGHTED","MURFREESBORO PIKE & MT VIEW RD","ANTIOCH","SOUTH",36.054045,-86.619875,"FENCE;TREE","37013","2024","January","Winter","10","Saturday","Weekend","Injuries","No Fatalities"
9.99989447116938e-314,2024-01-06 11:04:00,1,0,0,NA,"N","NOT COLLISION W/MOTOR VEHICLE-TRANSPORT","RAIN","DARK - NOT LIGHTED","MM 218 3 I 40","NASHVILLE","HERMIT",36.14973,-86.63917,"CONCRETE TRAFFIC BARRIER","37214","2024","January","Winter","11","Saturday","Weekend","No Injuries","No Fatalities"
9.99989447215751e-314,2024-01-06 11:06:00,1,0,0,NA,"N","NOT COLLISION W/MOTOR VEHICLE-TRANSPORT","RAIN","DARK - LIGHTED","MM 81 4 I 65","NASHVILLE","MIDTOW",36.13428,-86.77538,"OTHER POST, POLE, SUPP.","37203","2024","January","Winter","11","Saturday","Weekend","No Injuries","No Fatalities"
9.99989447363971e-314,2024-01-06 06:00:00,2,0,0,NA,"Y","Front to Rear","RAIN","DARK - LIGHTED","MURFREESBORO PKE & HOBSON PKE","ANTIOCH","SOUTH",36.04285,-86.60655,"MOTOR VEHICLE IN TRANSPORT","37013","2024","January","Winter","06","Saturday","Weekend","No Injuries","No Fatalities"
9.99989447858037e-314,2024-01-06 09:14:00,1,0,0,NA,"Y","NOT COLLISION W/MOTOR VEHICLE-TRANSPORT","RAIN","DARK - LIGHTED","MM 269 6 I 40","NASHVILLE","HERMIT",36.14127,-86.66705,"WALL","37214","2024","January","Winter","09","Saturday","Weekend","No Injuries","No Fatalities"
9.99989448401509e-314,2024-01-06 06:00:00,2,0,0,NA,"N","Front to Rear","RAIN","DARK - NOT LIGHTED","I65 N EXT RAMP & I65 N ENT RAMP","NASHVILLE","EAST",36.13422,-86.77473,"MOTOR VEHICLE IN TRANSPORT","37207","2024","January","Winter","06","Saturday","Weekend","No Injuries","No Fatalities"
9.99989452650473e-314,2024-01-06 12:58:00,1,0,0,NA,"N","NOT COLLISION W/MOTOR VEHICLE-TRANSPORT","RAIN","DAWN","BRILEY PKWY S ENT RAMP & BRILEY PKWYS","NASHVILLE","SOUTH",36.11781,-86.70204,"GUARDRAIL END","37217","2024","January","Winter","12","Saturday","Weekend","No Injuries","No Fatalities"
9.99532718357799e-314,2023-12-24 00:07:00,1,1,0,NA,"N","NOT COLLISION W/MOTOR VEHICLE-TRANSPORT","RAIN","DARK - LIGHTED","2ND AVS & DEMONBREUN ST","NASHVILLE","CENTRA",36.1599,-86.77386,"PEDESTRIAN","37201","2023","December","Winter","00","Sunday","Weekend","Injuries","No Fatalities"
9.99532718506019e-314,2023-12-24 00:14:00,1,0,0,NA,"N","NOT COLLISION W/MOTOR VEHICLE-TRANSPORT","RAIN","DARK - LIGHTED","MM 218 6 I 40","NASHVILLE","HERMIT",36.15278,-86.63381,"THROWN OR FALLING OBJECT","37214","2023","December","Winter","00","Sunday","Weekend","No Injuries","No Fatalities"
9.99532719839996e-314,2023-12-24 00:16:00,1,0,0,NA,"N","NOT COLLISION W/MOTOR VEHICLE-TRANSPORT","RAIN","DARK - LIGHTED","ANTIOCH PKE & MIMOSA DR","NASHVILLE","SOUTH",36.10091,-86.7262,"FIRE HYDRANT","37211","2023","December","Winter","00","Sunday","Weekend","No Injuries","No Fatalities"
9.9953272107516e-314,2023-12-24 00:43:00,2,1,0,NA,"Y","ANGLE","RAIN","DARK - LIGHTED","THOMPSON LN & LANDERS AV","NASHVILLE","MIDTOW",36.11117,-86.74889,"MOTOR VEHICLE IN TRANSPORT","37211","2023","December","Winter","00","Sunday","Weekend","Injuries","No Fatalities"
9.9953272265617e-314,2023-12-24 00:55:00,2,0,0,NA,"N","Front to Rear","RAIN","DARK - LIGHTED","MCGAVOCK PIKE & MUSIC VALLEY DR","NASHVILLE","HERMIT",36.21706,-86.69635,"MOTOR VEHICLE IN TRANSPORT","37214","2023","December","Winter","00","Sunday","Weekend","No Injuries","No Fatalities"
9.99532724731246e-314,2023-12-24 01:15:00,2,0,0,NA,"Y","Front to Rear","RAIN","DARK - LIGHTED","NOLENSVILLE PKE & HARDING PL","NASHVILLE","SOUTH",36.07866,-86.72605,"MOTOR VEHICLE IN TRANSPORT","37211","2023","December","Winter","01","Sunday","Weekend","No Injuries","No Fatalities"
9.99532724978279e-314,2023-12-24 01:23:00,2,0,0,NA,"N","ANGLE","RAIN","DARK - NOT LIGHTED","CHARLOTTE PKE & I40 E ENT RAMP","NASHVILLE","WEST",36.1325,-86.89381,"MOTOR VEHICLE IN TRANSPORT","37205","2023","December","Winter","01","Sunday","Weekend","No Injuries","No Fatalities"
9.99532727745046e-314,2023-12-24 02:00:00,1,0,0,NA,"N","NOT COLLISION W/MOTOR VEHICLE-TRANSPORT","RAIN","DARK - NOT LIGHTED","OLD HICKORY BLVD & BATTLE RD","ANTIOCH","SOUTH",36.00466,-86.62564,"UTILITY POLE","37013","2023","December","Winter","02","Sunday","Weekend","No Injuries","No Fatalities"
9.99532736539415e-314,2023-12-24 04:05:00,2,2,0,NA,"Y","HEAD-ON","RAIN","DARK - LIGHTED","WELCH RD & JONQUIL DR","NASHVILLE","SOUTH",36.08103,-86.71937,"MOTOR VEHICLE IN TRANSPORT","37211","2023","December","Winter","04","Sunday","Weekend","Injuries","No Fatalities"
9.99532739256776e-314,2023-12-23 06:00:00,2,2,0,NA,"Y","Front to Rear","RAIN","DARK - LIGHTED","FRANKLIN LIMESTONE RD & MURFREESBORO PKE","NASHVILLE","SOUTH",36.09442,-86.65339,"MOTOR VEHICLE IN TRANSPORT","37217","2023","December","Winter","06","Saturday","Weekend","Injuries","No Fatalities"
9.99532739652028e-314,2023-12-23 06:00:00,1,1,0,NA,"N","NOT COLLISION W/MOTOR VEHICLE-TRANSPORT","RAIN","DARK - LIGHTED","CHILTON ST & WALLER ST","NASHVILLE","SOUTH",36.1004,-86.73646,"MAIL BOX","37211","2023","December","Winter","06","Saturday","Weekend","Injuries","No Fatalities"
9.99532740096687e-314,2023-12-24 05:05:00,2,1,0,NA,"Y","HEAD-ON","RAIN","DARK - LIGHTED","BELL RD & BLUE HOLE RD","ANTIOCH","SOUTH",36.04557,-86.67358,"MOTOR VEHICLE IN TRANSPORT","37013","2023","December","Winter","05","Sunday","Weekend","Injuries","No Fatalities"
9.99532743703367e-314,2023-12-24 04:30:00,2,0,0,NA,"Y","REAR-TO-REAR","RAIN","DARK - LIGHTED","0 NOLENSVILLE PKE","NASHVILLE","MIDTOW",36.02695,-86.71283,"MOTOR VEHICLE IN TRANSPORT","37211","2023","December","Winter","04","Sunday","Weekend","No Injuries","No Fatalities"
9.99532743950399e-314,2023-12-23 06:00:00,2,0,0,NA,"N","HEAD-ON","RAIN","DARK - NOT LIGHTED","PATRICIA DR & KAREN DR","NASHVILLE","HERMIT",36.13933,-86.7062,"MOTOR VEHICLE IN TRANSPORT;PARKED MOTOR VEHICLE","37217","2023","December","Winter","06","Saturday","Weekend","No Injuries","No Fatalities"
9.9953274711242e-314,2023-12-24 06:00:00,2,0,0,NA,"N","ANGLE","RAIN","DARK - LIGHTED","MURFREESBORO PKE & OLD MURFREESBORO PKE","NASHVILLE","SOUTH",36.1049,-86.66999,"MOTOR VEHICLE IN TRANSPORT","37217","2023","December","Winter","06","Sunday","Weekend","No Injuries","No Fatalities"
9.99532747804112e-314,2023-12-24 06:50:00,1,0,0,NA,"N","NOT COLLISION W/MOTOR VEHICLE-TRANSPORT","RAIN","DARK - LIGHTED","MM 6 0 I440W","NASHVILLE","MIDTOW",36.122923,-86.751634,"CONCRETE TRAFFIC BARRIER","37211","2023","December","Winter","06","Sunday","Weekend","No Injuries","No Fatalities"
9.99989486395157e-314,2024-01-06 06:00:00,2,0,0,NA,"N","ANGLE","RAIN","DARK - LIGHTED","MCGAVOCK PKE & PARK DR","NASHVILLE","HERMIT",36.17128,-86.67957,"MOTOR VEHICLE IN TRANSPORT","37214","2024","January","Winter","06","Saturday","Weekend","No Injuries","No Fatalities"
9.99989486543377e-314,2024-01-07 00:28:00,2,0,0,NA,"Y","SIDESWIPE - SAME DIRECTION","RAIN","DARK - LIGHTED","8TH AVS & LEA AV","NASHVILLE","CENTRA",36.15387,-86.7794,"MOTOR VEHICLE IN TRANSPORT","37203","2024","January","Winter","00","Sunday","Weekend","No Injuries","No Fatalities"
9.99989487877354e-314,2024-01-07 00:39:00,2,1,0,NA,"Y","Front to Rear","RAIN","DARK - LIGHTED","ANTIOCH PKE & ANTIOCH CT","NASHVILLE","SOUTH",36.08119,-86.68682,"MOTOR VEHICLE IN TRANSPORT","37211","2024","January","Winter","00","Sunday","Weekend","Injuries","No Fatalities"
9.99989489063111e-314,2024-01-07 01:16:00,2,1,0,NA,"N","ANGLE","RAIN","DARK - LIGHTED","KOREAN VETERANS BLVD & 4TH AVS","NASHVILLE","CENTRA",36.15711,-86.77467,"MOTOR VEHICLE IN TRANSPORT","37203","2024","January","Winter","01","Sunday","Weekend","Injuries","No Fatalities"
9.99989489606584e-314,2024-01-07 01:00:00,2,0,0,NA,"N","SIDESWIPE - SAME DIRECTION","RAIN","DARK - LIGHTED","DOUGLAS AV & ROSEDALE AV","NASHVILLE","EAST",36.19372,-86.75771,"MOTOR VEHICLE IN TRANSPORT","37207","2024","January","Winter","01","Sunday","Weekend","No Injuries","No Fatalities"
9.99989498499765e-314,2024-01-06 06:00:00,3,1,0,NA,"Y","Front to Rear","RAIN","DARK - LIGHTED","HERMITAGE AV & LEBANON PKE","NASHVILLE","HERMIT",36.15379,-86.74768,"MOTOR VEHICLE IN TRANSPORT","37210","2024","January","Winter","06","Saturday","Weekend","Injuries","No Fatalities"
9.99989500327808e-314,2024-01-06 06:00:00,1,0,0,NA,"Y","UNKNOWN","RAIN","DARK - LIGHTED","ANTIOCH PKE & GLENCLIFF RD","NASHVILLE","SOUTH",36.10126,-86.72133,"UNKNOWN MOST HARMFUL EVENT","37211","2024","January","Winter","06","Saturday","Weekend","No Injuries","No Fatalities"
9.99989500624248e-314,2024-01-07 03:16:00,1,0,0,NA,"N","NOT COLLISION W/MOTOR VEHICLE-TRANSPORT","RAIN","DARK - LIGHTED","RIVERCHASE BLVD & NORTHSIDE MARKETPLACE","MADISON","MADISO",36.30561,-86.68009,"OTHER FIXED OBJECTS","37115","2024","January","Winter","03","Sunday","Weekend","No Injuries","No Fatalities"
9.99989501908818e-314,2024-01-07 03:02:00,2,0,0,NA,"N","ANGLE","RAIN","DARK - LIGHTED","MASSMAN DR & PATRICIA DR","NASHVILLE","HERMIT",36.13492,-86.70478,"MOTOR VEHICLE IN TRANSPORT","37217","2024","January","Winter","03","Sunday","Weekend","No Injuries","No Fatalities"
9.99989502501697e-314,2024-01-07 00:57:00,2,0,0,NA,"Y","ANGLE","RAIN","DARK - LIGHTED","PEBBLE CREEK DR & UNA ANTIOCH PKE","ANTIOCH","SOUTH",36.07407,-86.66313,"MOTOR VEHICLE IN TRANSPORT","37013","2024","January","Winter","00","Sunday","Weekend","No Injuries","No Fatalities"
9.99989503786268e-314,2024-01-07 04:13:00,2,2,0,NA,"N","ANGLE","RAIN","DARK - LIGHTED","WESTWOOD AV & NATCHEZ TRC","NASHVILLE","MIDTOW",36.12727,-86.8124,"MOTOR VEHICLE IN TRANSPORT","37212","2024","January","Winter","04","Sunday","Weekend","Injuries","No Fatalities"
9.99989505960157e-314,2024-01-07 04:54:00,2,0,0,NA,"N","Front to Rear","RAIN","DARK - LIGHTED","OLD HICKORY BLVD & FIRESTONE PKWY","ANTIOCH","SOUTH",36.01633,-86.62001,"MOTOR VEHICLE IN TRANSPORT","37013","2024","January","Winter","04","Sunday","Weekend","No Injuries","No Fatalities"
9.99989507541167e-314,2024-01-07 04:45:00,2,0,0,NA,"Y","SIDESWIPE - SAME DIRECTION","RAIN","DARK - LIGHTED","NOLENSVILLE PKE & MCCLELLAN AV","NASHVILLE","SOUTH",36.10144,-86.74037,"MOTOR VEHICLE IN TRANSPORT","37211","2024","January","Winter","04","Sunday","Weekend","No Injuries","No Fatalities"
9.99989513618174e-314,2024-01-06 06:00:00,2,0,0,NA,"Y","SIDESWIPE - SAME DIRECTION","RAIN","DARK - LIGHTED","I40 W EXT RAMP & I 40","NASHVILLE","CENTRA",36.14108,-86.71851,"MOTOR VEHICLE IN TRANSPORT","37203","2024","January","Winter","06","Saturday","Weekend","No Injuries","No Fatalities"
9.99989514803932e-314,2024-01-07 05:45:00,1,0,0,NA,"N","NOT COLLISION W/MOTOR VEHICLE-TRANSPORT","RAIN","DARK - LIGHTED","LINBAR DR & WALLACE RD","NASHVILLE","SOUTH",36.08139,-86.69993,"","37211","2024","January","Winter","05","Sunday","Weekend","No Injuries","No Fatalities"
9.99989518262391e-314,2024-01-07 07:15:00,2,4,0,NA,"N","ANGLE","RAIN","DARK - LIGHTED","CHARLOTTE PKE & OLD HICKORY BLVD","NASHVILLE","WEST",36.11671,-86.92325,"MOTOR VEHICLE IN TRANSPORT","37209","2024","January","Winter","07","Sunday","Weekend","Injuries","No Fatalities"
9.99989522857202e-314,2024-01-07 08:30:00,1,0,0,NA,"N","NOT COLLISION W/MOTOR VEHICLE-TRANSPORT","RAIN","DARK - LIGHTED","MM 86 7 I 65","NASHVILLE","NORTH",36.19771,-86.77583,"","37207","2024","January","Winter","08","Sunday","Weekend","No Injuries","No Fatalities"
9.99989526365068e-314,2024-01-07 06:00:00,1,0,0,NA,"Y","UNKNOWN","RAIN","DARK - NOT LIGHTED","MM 206 9 I 40","NASHVILLE","NORTH",36.16914,-86.81311,"UNKNOWN MOST HARMFUL EVENT","37208","2024","January","Winter","06","Sunday","Weekend","No Injuries","No Fatalities"
9.99989527501419e-314,2024-01-07 10:19:00,4,1,0,NA,"N","ANGLE","RAIN","DARK - LIGHTED","HIGGINS ST & NOLENSVILLE PKE","NASHVILLE","SOUTH",36.07195,-86.72388,"MOTOR VEHICLE IN TRANSPORT;PARKED MOTOR VEHICLE","37211","2024","January","Winter","10","Sunday","Weekend","Injuries","No Fatalities"
9.9998952863777e-314,2024-01-06 06:00:00,1,0,0,NA,"Y","NOT COLLISION W/MOTOR VEHICLE-TRANSPORT","RAIN","DARK - LIGHTED","25TH AVN & 26TH AVN","NASHVILLE","NORTH",36.19049,-86.81695,"UTILITY POLE","37208","2024","January","Winter","06","Saturday","Weekend","No Injuries","No Fatalities"
9.99989531552757e-314,2024-01-07 12:18:00,2,2,0,NA,"N","ANGLE","RAIN","DARK - LIGHTED","E OLD HICKORY BLVD & MYATT DR","MADISON","MADISO",36.26309,-86.69049,"MOTOR VEHICLE IN TRANSPORT","37115","2024","January","Winter","12","Sunday","Weekend","Injuries","No Fatalities"
9.9953281801084e-314,2023-12-25 06:00:00,3,1,0,NA,"N","ANGLE","RAIN","DARK - LIGHTED","MURFREESBORO PKE & BRILEY PKWYS","NASHVILLE","HERMIT",36.11836,-86.70039,"MOTOR VEHICLE IN TRANSPORT","37217","2023","December","Winter","06","Monday","Weekday","Injuries","No Fatalities"
9.99532818998971e-314,2023-12-25 06:00:00,2,0,0,NA,"N","Front to Rear","RAIN","DARK - LIGHTED","MURFREESBORO PKE & EZELL PKE","NASHVILLE","SOUTH",36.10562,-86.6718,"MOTOR VEHICLE IN TRANSPORT","37217","2023","December","Winter","06","Monday","Weekday","No Injuries","No Fatalities"
9.99532819690663e-314,2023-12-25 08:40:00,2,0,0,NA,"Y","SIDESWIPE - SAME DIRECTION","RAIN","DARK - LIGHTED","MM 207 7 I 40","NASHVILLE","NORTH",36.17173,-86.79878,"MOTOR VEHICLE IN TRANSPORT","37208","2023","December","Winter","08","Monday","Weekday","No Injuries","No Fatalities"
9.99532820332948e-314,2023-12-25 09:00:00,2,0,0,NA,"Y","HEAD-ON","RAIN","DARK - LIGHTED","BELL FORGE LNE & BELL RD","ANTIOCH","SOUTH",36.05073,-86.64691,"MOTOR VEHICLE IN TRANSPORT","37013","2023","December","Winter","09","Monday","Weekday","No Injuries","No Fatalities"
9.9953282117286e-314,2023-12-25 06:00:00,1,0,0,NA,"Y","UNKNOWN","RAIN","DAYLIGHT","MM 82 2 I 65","NASHVILLE","MIDTOW",36.14589,-86.777,"UNKNOWN MOST HARMFUL EVENT","37203","2023","December","Winter","06","Monday","Weekday","No Injuries","No Fatalities"
9.99532822704463e-314,2023-12-25 06:00:00,1,0,0,NA,"N","NOT COLLISION W/MOTOR VEHICLE-TRANSPORT","RAIN","DARK - LIGHTED","LEBANON PKE & BRILEY PKWYN","NASHVILLE","HERMIT",36.16838,-86.68833,"","37214","2023","December","Winter","06","Monday","Weekday","No Injuries","No Fatalities"
9.995328244831e-314,2023-12-25 10:35:00,2,0,0,NA,"N","Front to Rear","RAIN","DARK - LIGHTED","MM 52 7 I 24","NASHVILLE","SOUTH",36.12273,-86.72742,"MOTOR VEHICLE IN TRANSPORT","37210","2023","December","Winter","10","Monday","Weekday","No Injuries","No Fatalities"
9.99532836143049e-314,2023-12-25 06:00:00,2,0,0,NA,"N","ANGLE","RAIN","DAYLIGHT","I40 E EXT RAMP & I 40","NASHVILLE","HERMIT",36.16947,-86.60655,"MOTOR VEHICLE IN TRANSPORT","37214","2023","December","Winter","06","Monday","Weekday","No Injuries","No Fatalities"
9.99532836884147e-314,2023-12-25 06:00:00,2,0,0,NA,"N","SIDESWIPE - SAME DIRECTION","RAIN","DAYLIGHT","MM 86 7 I 65","NASHVILLE","NORTH",36.19788,-86.77586,"MOTOR VEHICLE IN TRANSPORT","37207","2023","December","Winter","06","Monday","Weekday","No Injuries","No Fatalities"
9.9953283742762e-314,2023-12-25 06:00:00,3,0,0,NA,"N","Front to Rear","RAIN","DAYLIGHT","MM 46 0 I 24","NASHVILLE","CENTRA",36.18943,-86.7762,"MOTOR VEHICLE IN TRANSPORT","37207","2023","December","Winter","06","Monday","Weekday","No Injuries","No Fatalities"
9.99532837724059e-314,2023-12-25 06:00:00,1,0,0,NA,"N","NOT COLLISION W/MOTOR VEHICLE-TRANSPORT","RAIN","DAYLIGHT","MM 86 7 I 65","NASHVILLE","NORTH",36.19788,-86.77586,"CONCRETE TRAFFIC BARRIER","37207","2023","December","Winter","06","Monday","Weekday","No Injuries","No Fatalities"
9.9999043366722e-314,2024-01-15 02:00:00,2,0,0,NA,"N","ANGLE","RAIN","DARK - LIGHTED","MURFREESBORO PKE & DONELSON PKE","NASHVILLE","SOUTH",36.10621,-86.67306,"MOTOR VEHICLE IN TRANSPORT","37217","2024","January","Winter","02","Monday","Weekday","No Injuries","No Fatalities"
9.99990786677124e-314,2024-01-19 00:01:00,1,0,0,NA,"N","NOT COLLISION W/MOTOR VEHICLE-TRANSPORT","RAIN","DARK - LIGHTED","ACKLEN AV & 21ST AVS","NASHVILLE","MIDTOW",36.13575,-86.80099,"UTILITY POLE","37212","2024","January","Winter","00","Friday","Weekday","No Injuries","No Fatalities"
9.99990800955621e-314,2024-01-19 00:42:00,2,0,0,NA,"N","Front to Rear","RAIN","DARK - LIGHTED","4100 DRAKES BRANCH RD","NASHVILLE","NORTH",36.2146,-86.8482,"MOTOR VEHICLE IN TRANSPORT","37218","2024","January","Winter","00","Friday","Weekday","No Injuries","No Fatalities"
9.99991440325973e-314,2024-01-25 12:25:00,2,0,0,NA,"N","ANGLE","RAIN","DAWN","0 MURFREESBORO PKE","NASHVILLE","SOUTH",36.09124,-86.65128,"MOTOR VEHICLE IN TRANSPORT","37217","2024","January","Winter","12","Thursday","Weekday","No Injuries","No Fatalities"
9.99989678685506e-314,2024-01-09 00:10:00,2,0,0,NA,"N","ANGLE","RAIN","DARK - LIGHTED","MURPHY RD & PARK DR","NASHVILLE","MIDTOW",36.1394,-86.81956,"MOTOR VEHICLE IN TRANSPORT","37203","2024","January","Winter","00","Tuesday","Weekday","No Injuries","No Fatalities"
9.99989681600494e-314,2024-01-09 01:00:00,1,1,0,NA,"Y","NOT COLLISION W/MOTOR VEHICLE-TRANSPORT","RAIN","DARK - LIGHTED","MURFREESBORO PKE & BELL RD","NASHVILLE","HERMIT",36.07204,-86.63634,"PEDESTRIAN","37217","2024","January","Winter","01","Tuesday","Weekday","Injuries","No Fatalities"
9.99989681995746e-314,2024-01-09 01:09:00,2,0,0,NA,"N","ANGLE","RAIN","DARK - LIGHTED","BRIDGEWAY AV & OLD HICKORY BLVD","OLD HICKORY","HERMIT",36.26714,-86.6687,"MOTOR VEHICLE IN TRANSPORT","37138","2024","January","Winter","01","Tuesday","Weekday","No Injuries","No Fatalities"
9.99989682934471e-314,2024-01-09 01:18:00,2,1,0,NA,"Y","ANGLE","RAIN","DARK - LIGHTED","MURFREESBORO PKE & GLENGARRY DR","NASHVILLE","HERMIT",36.12083,-86.70359,"MOTOR VEHICLE IN TRANSPORT","37217","2024","January","Winter","01","Tuesday","Weekday","Injuries","No Fatalities"
9.99989683280317e-314,2024-01-09 00:43:00,2,1,0,NA,"N","ANGLE","RAIN","DARK - NOT LIGHTED","PRESERVE BLVD & OLD HICKORY BLVD","ANTIOCH","SOUTH",36.03266,-86.61192,"MOTOR VEHICLE IN TRANSPORT","37013","2024","January","Winter","00","Tuesday","Weekday","Injuries","No Fatalities"
9.99989684515481e-314,2024-01-09 01:42:00,1,0,0,NA,"N","NOT COLLISION W/MOTOR VEHICLE-TRANSPORT","RAIN","DAWN","FAIRLANE DR & HURDWOOD DR","NASHVILLE","MIDTOW",36.12272,-86.75962,"CONCRETE TRAFFIC BARRIER","37211","2024","January","Winter","01","Tuesday","Weekday","No Injuries","No Fatalities"
9.99989686343524e-314,2024-01-09 01:56:00,2,1,0,NA,"Y","ANGLE","RAIN","DARK - LIGHTED","MM 220 2 I 40","HERMITAGE","HERMIT",36.1662,-86.61261,"MOTOR VEHICLE IN TRANSPORT;CONCRETE TRAFFIC BARRIER","37076","2024","January","Winter","01","Tuesday","Weekday","Injuries","No Fatalities"