"Accident.Number","Date.and.Time","Number.of.Motor.Vehicles","Number.of.Injuries","Number.of.Fatalities","Property.Damage","Hit.and.Run","Collision.Type.Description","Weather.Description","Illumination.Description","Street.Address","City","Precinct","Latitude","Longitude","HarmfulDescriptions","Zip.Code","Year","Month","Season","Hour","Weekday","DayType","Accident","Fatality_category"
9.99989686639963e-314,2024-01-09 02:00:00,1,2,0,NA,"N","NOT COLLISION W/MOTOR VEHICLE-TRANSPORT","RAIN","DARK - LIGHTED","BRILEY PKWYE & BRILEY PKWYW","NASHVILLE","MADISO",36.23965,-86.77259,"CONCRETE TRAFFIC BARRIER","37207","2024","January","Winter","02","Tuesday","Weekday","Injuries","No Fatalities"
9.99989687134029e-314,2024-01-09 01:59:00,3,0,0,NA,"N","Front to Rear","RAIN","DARK - NOT LIGHTED","RIVER ROAD PKE & RIVER RD","NASHVILLE","WEST",36.13406,-86.92851,"MOTOR VEHICLE IN TRANSPORT","37209","2024","January","Winter","01","Tuesday","Weekday","No Injuries","No Fatalities"
9.99989690049016e-314,2024-01-09 02:18:00,2,1,0,NA,"Y","Front to Rear","RAIN","DARK - LIGHTED","5735 NOLENSVILLE PKE","NASHVILLE","MIDTOW",36.04711,-86.71485,"Motor Vehicle-In-Motion Outside Trafficw","37211","2024","January","Winter","02","Tuesday","Weekday","Injuries","No Fatalities"
9.99989690197236e-314,2024-01-09 02:30:00,2,0,0,NA,"Y","Front to Rear","RAIN","DARK - NOT LIGHTED","WHITES CREEK PKE & DICKERSON PKE","NASHVILLE","EAST",36.18915,-86.77338,"MOTOR VEHICLE IN TRANSPORT","37207","2024","January","Winter","02","Tuesday","Weekday","No Injuries","No Fatalities"
9.99989697460001e-314,2024-01-08 06:00:00,2,1,0,NA,"N","Front to Rear","RAIN","DARK - LIGHTED","HAYWOOD LN & HOPEDALE DR","NASHVILLE","SOUTH",36.06879,-86.71686,"MOTOR VEHICLE IN TRANSPORT","37211","2024","January","Winter","06","Monday","Weekday","Injuries","No Fatalities"
9.99989702746503e-314,2024-01-09 04:10:00,2,0,0,NA,"N","Front to Rear","RAIN","DARK - LIGHTED","MURFREESBORO PKE & MCGAVOCK PKE","NASHVILLE","SOUTH",36.11642,-86.69737,"MOTOR VEHICLE IN TRANSPORT","37217","2024","January","Winter","04","Tuesday","Weekday","No Injuries","No Fatalities"
9.99989709564609e-314,2024-01-09 00:54:00,2,0,0,NA,"Y","SIDESWIPE - SAME DIRECTION","RAIN","DARK - LIGHTED","BELL RD & MURFREESBORO PKE","ANTIOCH","SOUTH",36.07261,-86.63593,"MOTOR VEHICLE IN TRANSPORT","37013","2024","January","Winter","00","Tuesday","Weekday","No Injuries","No Fatalities"
9.99991489584318e-314,2024-01-25 06:00:00,2,0,0,NA,"N","SIDESWIPE - SAME DIRECTION","RAIN","DAYLIGHT","LEA AV & 2ND AVS","NASHVILLE","CENTRA",36.15559,-86.77107,"MOTOR VEHICLE IN TRANSPORT","37210","2024","January","Winter","06","Thursday","Weekday","No Injuries","No Fatalities"
9.99989715098144e-314,2024-01-09 05:05:00,1,0,0,NA,"N","NOT COLLISION W/MOTOR VEHICLE-TRANSPORT","RAIN","DARK - LIGHTED","LARKIN SPRINGS RD & HOSPITAL DR","MADISON","MADISO",36.2524,-86.68604,"BUILDING","37115","2024","January","Winter","05","Tuesday","Weekday","No Injuries","No Fatalities"
9.99989725868775e-314,2024-01-09 07:15:00,1,0,0,NA,"N","NOT COLLISION W/MOTOR VEHICLE-TRANSPORT","RAIN","DARK - LIGHTED","MM 7 0 440 EAST","NASHVILLE","SOUTH",36.12462,-86.73566,"CONCRETE TRAFFIC BARRIER","37210","2024","January","Winter","07","Tuesday","Weekday","No Injuries","No Fatalities"
9.99989727993258e-314,2024-01-09 07:45:00,1,0,0,NA,"N","NOT COLLISION W/MOTOR VEHICLE-TRANSPORT","RAIN","DARK - LIGHTED","I40 E ENT RAMP & I 40","NASHVILLE","WEST",36.15445,-86.75921,"GUARDRAIL FACE","37205","2024","January","Winter","07","Tuesday","Weekday","No Injuries","No Fatalities"
9.99989738072197e-314,2024-01-09 11:34:00,1,1,0,NA,"N","NOT COLLISION W/MOTOR VEHICLE-TRANSPORT","RAIN","DARK - NOT LIGHTED","BRILEY PKWYE & BRILEY PKWYW","NASHVILLE","MADISO",36.23997,-86.76978,"CONCRETE TRAFFIC BARRIER;Ran Off Road-Right","37207","2024","January","Winter","11","Tuesday","Weekday","Injuries","No Fatalities"
9.99989740987184e-314,2024-01-09 11:40:00,1,0,0,NA,"N","NOT COLLISION W/MOTOR VEHICLE-TRANSPORT","RAIN","DAWN","HAMILTON CHURCH RD & HOBSON PKE","ANTIOCH","SOUTH",36.0594,-86.59965,"DITCH","37013","2024","January","Winter","11","Tuesday","Weekday","No Injuries","No Fatalities"
9.99989741777689e-314,2024-01-09 12:00:00,2,0,0,NA,"Y","SIDESWIPE - OPPOSITE DIRECTION","RAIN","DARK - NOT LIGHTED","ANTIOCH PKE & MCILLWAIN PL","NASHVILLE","SOUTH",36.09857,-86.71263,"MOTOR VEHICLE IN TRANSPORT","37211","2024","January","Winter","12","Tuesday","Weekday","No Injuries","No Fatalities"
9.99989742172942e-314,2024-01-09 12:51:00,2,1,0,NA,"N","Front to Rear","RAIN","DARK - LIGHTED","MM 51 2 I 24","NASHVILLE","SOUTH",36.13181,-86.7272,"MOTOR VEHICLE IN TRANSPORT","37210","2024","January","Winter","12","Tuesday","Weekday","Injuries","No Fatalities"
9.99989743259886e-314,2024-01-09 12:57:00,2,0,0,NA,"Y","ANGLE","RAIN","DAYLIGHT","EDMONDSON PKE & MCMURRAY DR","NASHVILLE","MIDTOW",36.0551,-86.74266,"MOTOR VEHICLE IN TRANSPORT","37211","2024","January","Winter","12","Tuesday","Weekday","No Injuries","No Fatalities"
9.99989744989116e-314,2024-01-09 11:45:00,1,0,0,NA,"Y","NOT COLLISION W/MOTOR VEHICLE-TRANSPORT","RAIN","DARK - NOT LIGHTED","800 TULIP GROVE RD","HERMITAGE","HERMIT",36.19555,-86.59218,"WALL","37076","2024","January","Winter","11","Tuesday","Weekday","No Injuries","No Fatalities"
9.99991510137449e-314,2024-01-26 00:28:00,2,0,0,NA,"N","Front to Rear","RAIN","DARK - NOT LIGHTED","I40 W ENT RAMP & I 24","NASHVILLE","CENTRA",36.15676,-86.7605,"MOTOR VEHICLE IN TRANSPORT","37210","2024","January","Winter","00","Friday","Weekday","No Injuries","No Fatalities"
9.99991531629304e-314,2024-01-25 06:00:00,2,0,0,NA,"Y","Front to Rear","RAIN","DARK - NOT LIGHTED","E TRINITY LN & JONES AV","NASHVILLE","EAST",36.20513,-86.7578,"MOTOR VEHICLE IN TRANSPORT","37207","2024","January","Winter","06","Thursday","Weekday","No Injuries","No Fatalities"
9.99991543882132e-314,2024-01-26 04:49:00,2,2,0,NA,"N","SIDESWIPE - SAME DIRECTION","RAIN","DARK - LIGHTED","W TRINITY LN & SCRUGGS LN","NASHVILLE","NORTH",36.20688,-86.78173,"MOTOR VEHICLE IN TRANSPORT","37207","2024","January","Winter","04","Friday","Weekday","Injuries","No Fatalities"
9.99989805660377e-314,2024-01-09 06:00:00,2,0,0,NA,"N","ANGLE","RAIN","DARK - LIGHTED","LAFAYETTE ST & LINCOLN ST","NASHVILLE","SOUTH",36.14811,-86.76029,"MOTOR VEHICLE IN TRANSPORT","37210","2024","January","Winter","06","Tuesday","Weekday","No Injuries","No Fatalities"
9.99989805808597e-314,2024-01-10 00:05:00,2,0,0,NA,"Y","ANGLE","RAIN","DARK - LIGHTED","DONELSON PKE & WOODBERRY DR","NASHVILLE","HERMIT",36.16085,-86.66432,"MOTOR VEHICLE IN TRANSPORT","37214","2024","January","Winter","00","Wednesday","Weekday","No Injuries","No Fatalities"
9.99989812824329e-314,2024-01-10 01:27:00,2,1,0,NA,"N","Front to Rear","RAIN","DARK - LIGHTED","HAMILTON CHURCH RD & MURFREESBORO PIKE","ANTIOCH","SOUTH",36.06364,-86.62944,"MOTOR VEHICLE IN TRANSPORT","37013","2024","January","Winter","01","Wednesday","Weekday","Injuries","No Fatalities"
9.99989819098963e-314,2024-01-10 00:01:00,2,0,0,NA,"Y","SIDESWIPE - SAME DIRECTION","RAIN","DARK - LIGHTED","MM 206 6 I 40","NASHVILLE","NORTH",36.16599,-86.81751,"MOTOR VEHICLE IN TRANSPORT","37208","2024","January","Winter","00","Wednesday","Weekday","No Injuries","No Fatalities"
9.9998982186573e-314,2024-01-10 02:39:00,2,1,0,NA,"N","Front to Rear","RAIN","DARK - LIGHTED","W THOMPSON LN & NOLENSVILLE RD","NASHVILLE","SOUTH",36.11079,-86.74476,"MOTOR VEHICLE IN TRANSPORT","37211","2024","January","Winter","02","Wednesday","Weekday","Injuries","No Fatalities"
9.9998982216217e-314,2024-01-10 02:41:00,2,1,0,NA,"Y","SIDESWIPE - OPPOSITE DIRECTION","RAIN","DARK - NOT LIGHTED","EWING DR & EWING LN","NASHVILLE","NORTH",36.23208,-86.78413,"MOTOR VEHICLE IN TRANSPORT","37207","2024","January","Winter","02","Wednesday","Weekday","Injuries","No Fatalities"
9.99989823940806e-314,2024-01-10 01:25:00,2,0,0,NA,"N","ANGLE","RAIN","DARK - LIGHTED","S 5TH ST & WOODLAND ST","NASHVILLE","EAST",36.17184,-86.76477,"MOTOR VEHICLE IN TRANSPORT","37206","2024","January","Winter","01","Wednesday","Weekday","No Injuries","No Fatalities"
9.99989836094821e-314,2024-01-10 04:32:00,2,1,0,NA,"N","ANGLE","RAIN","DARK - LIGHTED","OLD HICKORY BLVDW & N GRAYCROFT AV","MADISON","MADISO",36.26445,-86.73228,"MOTOR VEHICLE IN TRANSPORT","37115","2024","January","Winter","04","Wednesday","Weekday","Injuries","No Fatalities"
9.99989855561008e-314,2024-01-10 01:35:00,2,0,0,NA,"N","SIDESWIPE - SAME DIRECTION","RAIN","DARK - NOT LIGHTED","VALLEY CREEK LN & VILLAGE SPRING DR","NASHVILLE","MADISO",36.24671,-86.76842,"MOTOR VEHICLE IN TRANSPORT","37207","2024","January","Winter","01","Wednesday","Weekday","No Injuries","No Fatalities"
9.99989856993798e-314,2024-01-10 06:55:00,1,0,0,NA,"N","NOT COLLISION W/MOTOR VEHICLE-TRANSPORT","RAIN","DARK - LIGHTED","W NOCTURNE DR & GARDNER LN","NASHVILLE","NORTH",36.21089,-86.80267,"EMBANKMENT EARTH","37207","2024","January","Winter","06","Wednesday","Weekday","No Injuries","No Fatalities"
9.99991691410134e-314,2024-01-27 06:00:00,1,2,0,NA,"Y","NOT COLLISION W/MOTOR VEHICLE-TRANSPORT","RAIN","DARK - LIGHTED","3901 ELYSIAN FIELDS RD","NASHVILLE","MIDTOW",36.0865,-86.73036,"PEDESTRIAN","37211","2024","January","Winter","06","Saturday","Weekend","Injuries","No Fatalities"
9.99991691854793e-314,2024-01-27 11:20:00,3,1,0,NA,"N","Front to Rear","RAIN","DARK - NOT LIGHTED","MM 58 6 I 24","ANTIOCH","SOUTH",36.05186,-86.67003,"MOTOR VEHICLE IN TRANSPORT","37013","2024","January","Winter","11","Saturday","Weekend","Injuries","No Fatalities"
9.99991692200639e-314,2024-01-27 11:40:00,1,0,0,NA,"N","NOT COLLISION W/MOTOR VEHICLE-TRANSPORT","RAIN","DARK - LIGHTED","NOLENSVILLE PKE & ZOO RD","NASHVILLE","MIDTOW",36.09002,-86.73366,"GUARDRAIL END","37211","2024","January","Winter","11","Saturday","Weekend","No Injuries","No Fatalities"
9.99991692398266e-314,2024-01-27 11:41:00,2,1,0,NA,"Y","Front to Rear","RAIN","DARK - LIGHTED","OLD HICKORY BLVDW & HERITAGE DR","MADISON","MADISO",36.2641,-86.72418,"MOTOR VEHICLE IN TRANSPORT","37115","2024","January","Winter","11","Saturday","Weekend","Injuries","No Fatalities"
9.99991693880463e-314,2024-01-27 11:45:00,1,0,0,NA,"N","NOT COLLISION W/MOTOR VEHICLE-TRANSPORT","RAIN","DARK - NOT LIGHTED","MM 59 2 I 24","ANTIOCH","SOUTH",36.04654,-86.66137,"","37013","2024","January","Winter","11","Saturday","Weekend","No Injuries","No Fatalities"
9.99991719670689e-314,2024-01-27 06:00:00,1,0,0,NA,"N","NOT COLLISION W/MOTOR VEHICLE-TRANSPORT","RAIN","DAYLIGHT","LOCK TWO RD & PENN MEADE DR","NASHVILLE","HERMIT",36.2388,-86.70064,"DITCH;Ran Off Road-Right","37214","2024","January","Winter","06","Saturday","Weekend","No Injuries","No Fatalities"
9.9999173533257e-314,2024-01-28 00:25:00,2,3,0,NA,"N","Front to Rear","RAIN","DARK - LIGHTED","MM 207 6 I 40","NASHVILLE","NORTH",36.17208,-86.80058,"MOTOR VEHICLE IN TRANSPORT","37208","2024","January","Winter","00","Sunday","Weekend","Injuries","No Fatalities"
9.99991738346371e-314,2024-01-28 01:15:00,2,0,0,NA,"N","ANGLE","RAIN","DARK - NOT LIGHTED","DICKERSON PKE & TUCKAHOE DR","MADISON","MADISO",36.26115,-86.75761,"MOTOR VEHICLE IN TRANSPORT","37115","2024","January","Winter","01","Sunday","Weekend","No Injuries","No Fatalities"
9.99991739136876e-314,2024-01-28 01:25:00,2,0,0,NA,"Y","ANGLE","RAIN","DAYLIGHT","VERITAS ST & KEYSTONE AV","NASHVILLE","MIDTOW",36.09783,-86.74224,"MOTOR VEHICLE IN TRANSPORT","37211","2024","January","Winter","01","Sunday","Weekend","No Injuries","No Fatalities"
9.99991742644742e-314,2024-01-28 02:10:00,2,1,0,NA,"N","NOT COLLISION W/MOTOR VEHICLE-TRANSPORT","RAIN","DARK - NOT LIGHTED","I24 W EXT RAMP & I 24","NASHVILLE","SOUTH",36.06719,-86.68696,"MOTOR VEHICLE IN TRANSPORT;GUARDRAIL FACE","37211","2024","January","Winter","02","Sunday","Weekend","Injuries","No Fatalities"
9.99991746597267e-314,2024-01-28 03:18:00,2,0,0,NA,"N","ANGLE","RAIN","DARK - LIGHTED","BROADWAY & 4TH AVN","NASHVILLE","CENTRA",36.16127,-86.7766,"MOTOR VEHICLE IN TRANSPORT","37203","2024","January","Winter","03","Sunday","Weekend","No Injuries","No Fatalities"
9.99991752328428e-314,2024-01-28 03:45:00,1,0,0,NA,"N","NOT COLLISION W/MOTOR VEHICLE-TRANSPORT","RAIN","DARK - NOT LIGHTED","BRILEY PKWYW & BRILEY PKWY W EXT RAMP","MADISON","MADISO",36.22916,-86.83523,"CONCRETE TRAFFIC BARRIER","37115","2024","January","Winter","03","Sunday","Weekend","No Injuries","No Fatalities"
9.99991755292822e-314,2024-01-28 04:11:00,1,0,0,NA,"N","NOT COLLISION W/MOTOR VEHICLE-TRANSPORT","RAIN","DARK - LIGHTED","MM 210 4 I 40","NASHVILLE","SOUTH",36.15109,-86.7694,"PAVED SURFACE-IRREGULAR","37210","2024","January","Winter","04","Sunday","Weekend","No Injuries","No Fatalities"
9.99991762357961e-314,2024-01-28 06:00:00,2,0,0,NA,"Y","SIDESWIPE - SAME DIRECTION","RAIN","DARK - LIGHTED","3RD AVN & COMMERCE ST","NASHVILLE","CENTRA",36.16312,-86.77701,"MOTOR VEHICLE IN TRANSPORT;PARKED MOTOR VEHICLE","37201","2024","January","Winter","06","Sunday","Weekend","No Injuries","No Fatalities"
9.99991768583188e-314,2024-01-28 05:00:00,2,0,0,NA,"Y","SIDESWIPE - SAME DIRECTION","RAIN","DARK - LIGHTED","GALLATIN AV & CALVIN AV","NASHVILLE","EAST",36.18161,-86.7493,"MOTOR VEHICLE IN TRANSPORT","37206","2024","January","Winter","05","Sunday","Weekend","No Injuries","No Fatalities"
9.99991768978441e-314,2024-01-28 06:39:00,2,1,0,NA,"N","ANGLE","RAIN","DARK - LIGHTED","W TRINITY LN & BRICK CHURCH PKE","NASHVILLE","NORTH",36.20662,-86.7779,"MOTOR VEHICLE IN TRANSPORT","37207","2024","January","Winter","06","Sunday","Weekend","Injuries","No Fatalities"
9.99991770905297e-314,2024-01-28 07:07:00,2,0,0,NA,"Y","SIDESWIPE - SAME DIRECTION","RAIN","DARK - LIGHTED","MM 207 7 I 40","NASHVILLE","NORTH",36.17142,-86.79855,"MOTOR VEHICLE IN TRANSPORT","37208","2024","January","Winter","07","Sunday","Weekend","No Injuries","No Fatalities"
9.99991770954703e-314,2024-01-28 06:00:00,1,1,0,NA,"Y","NOT COLLISION W/MOTOR VEHICLE-TRANSPORT","RAIN","DARK - LIGHTED","BROADMOOR DR & GRINSTEAD PL","NASHVILLE","EAST",36.22956,-86.7305,"UTILITY POLE","37216","2024","January","Winter","06","Sunday","Weekend","Injuries","No Fatalities"
9.99991771646395e-314,2024-01-28 07:22:00,2,2,0,NA,"N","ANGLE","RAIN","DARK - LIGHTED","CHARLOTTE AV & GEORGE L DAVIS BLVD","NASHVILLE","CENTRA",36.1612,-86.79268,"MOTOR VEHICLE IN TRANSPORT;OTHER POST, POLE, SUPP.","37203","2024","January","Winter","07","Sunday","Weekend","Injuries","No Fatalities"
9.99991772535713e-314,2024-01-28 07:35:00,1,2,0,NA,"N","NOT COLLISION W/MOTOR VEHICLE-TRANSPORT","RAIN","DARK - LIGHTED","GALLATIN PKES & LAKEWOOD DR","MADISON","MADISO",36.24556,-86.72184,"PEDESTRIAN","37115","2024","January","Winter","07","Sunday","Weekend","Injuries","No Fatalities"
9.99991773672064e-314,2024-01-28 08:00:00,8,0,0,NA,"N","SIDESWIPE - SAME DIRECTION","RAIN","DARK - NOT LIGHTED","ELYSIAN FIELDS CT & NOLENSVILLE PKE","NASHVILLE","SOUTH",36.08741,-86.72939,"PARKED MOTOR VEHICLE","37211","2024","January","Winter","08","Sunday","Weekend","No Injuries","No Fatalities"
9.99991773820284e-314,2024-01-28 08:20:00,1,0,0,NA,"N","NOT COLLISION W/MOTOR VEHICLE-TRANSPORT","RAIN","DARK - LIGHTED","MAIN ST & N 8TH ST","NASHVILLE","EAST",36.17547,-86.75853,"CURB;OTHER FIXED OBJECTS;Ran Off Road-Right","37206","2024","January","Winter","08","Sunday","Weekend","No Injuries","No Fatalities"
9.99991777772809e-314,2024-01-28 09:27:00,1,0,0,NA,"N","NOT COLLISION W/MOTOR VEHICLE-TRANSPORT","RAIN","DARK - LIGHTED","I40 E EXT RAMP & I 40","NASHVILLE","HERMIT",36.14362,-86.70036,"GUARDRAIL FACE","37214","2024","January","Winter","09","Sunday","Weekend","No Injuries","No Fatalities"
9.99991778464501e-314,2024-01-28 07:22:00,1,0,0,NA,"Y","NOT COLLISION W/MOTOR VEHICLE-TRANSPORT","RAIN","DARK - NOT LIGHTED","EMMITT AV & ARGLE AV","MADISON","MADISO",36.25147,-86.71317,"OTHER FIXED OBJECTS","37115","2024","January","Winter","07","Sunday","Weekend","No Injuries","No Fatalities"
9.99991778662127e-314,2024-01-28 09:50:00,3,1,0,NA,"Y","SIDESWIPE - SAME DIRECTION","RAIN","DARK - NOT LIGHTED","MM 57 6 I 24","ANTIOCH","SOUTH",36.063,-86.68301,"MOTOR VEHICLE IN TRANSPORT","37013","2024","January","Winter","09","Sunday","Weekend","Injuries","No Fatalities"
9.9999177905738e-314,2024-01-28 09:56:00,2,3,1,NA,"N","HEAD-ON","RAIN","DARK - LIGHTED","OLD MURFREESBORO PIKE & FAIRCLOTH LN","NASHVILLE","HERMIT",36.1014,-86.66084,"MOTOR VEHICLE IN TRANSPORT","37217","2024","January","Winter","09","Sunday","Weekend","Injuries","With Fatalities"
9.99991781132456e-314,2024-01-28 06:00:00,1,0,0,NA,"N","NOT COLLISION W/MOTOR VEHICLE-TRANSPORT","RAIN","DARK - LIGHTED","MURFREESBORO PKE & OLD MURFREESBORO PKE","NASHVILLE","SOUTH",36.10244,-86.66525,"UTILITY POLE","37217","2024","January","Winter","06","Sunday","Weekend","No Injuries","No Fatalities"
9.99991781873554e-314,2024-01-28 11:06:00,1,0,0,NA,"Y","NOT COLLISION W/MOTOR VEHICLE-TRANSPORT","RAIN","DARK - LIGHTED","MURFREESBORO PKE & THOMPSON PL","NASHVILLE","HERMIT",36.12724,-86.71179,"UTILITY POLE","37217","2024","January","Winter","11","Sunday","Weekend","No Injuries","No Fatalities"
9.99991784788541e-314,2024-01-28 12:00:00,2,0,0,NA,"Y","ANGLE","RAIN","DAYLIGHT","SCOTT AV & DOUGLAS AV","NASHVILLE","EAST",36.19084,-86.73338,"MOTOR VEHICLE IN TRANSPORT;PARKED MOTOR VEHICLE","37206","2024","January","Winter","12","Sunday","Weekend","No Injuries","No Fatalities"
9.99991787604716e-314,2024-01-28 08:50:00,1,0,0,NA,"N","NOT COLLISION W/MOTOR VEHICLE-TRANSPORT","RAIN","DARK - LIGHTED","BELL RD & CANE RIDGE RD","ANTIOCH","SOUTH",36.04491,-86.66425,"CURB","37013","2024","January","Winter","08","Sunday","Weekend","No Injuries","No Fatalities"
9.99991799511698e-314,2024-01-28 06:00:00,2,1,0,NA,"N","Front to Rear","RAIN","DAYLIGHT","I40 W EXT RAMP & I 40","NASHVILLE","CENTRA",36.14114,-86.72195,"MOTOR VEHICLE IN TRANSPORT","37203","2024","January","Winter","06","Sunday","Weekend","Injuries","No Fatalities"
9.99991213302809e-314,2024-01-23 06:00:00,2,0,0,NA,"Y","HEAD-ON","RAIN","DAYLIGHT","VILLAGE TRL & BRICK CHURCH PKE","NASHVILLE","MADISO",36.24762,-86.77794,"MOTOR VEHICLE IN TRANSPORT-OTHER ROADWAY","37207","2024","January","Winter","06","Tuesday","Weekday","No Injuries","No Fatalities"
9.99991846744373e-314,2024-01-29 04:00:00,1,0,0,NA,"Y","NOT COLLISION W/MOTOR VEHICLE-TRANSPORT","RAIN","DARK - LIGHTED","W RICHMOND HILL DR & GWYNNWOOD DR","NASHVILLE","NORTH",36.23621,-86.79246,"UTILITY POLE","37207","2024","January","Winter","04","Monday","Weekday","No Injuries","No Fatalities"
9.99991856773906e-314,2024-01-29 06:45:00,1,0,0,NA,"N","NOT COLLISION W/MOTOR VEHICLE-TRANSPORT","RAIN","DARK - LIGHTED","MM 51 1 I 24","NASHVILLE","SOUTH",36.13582,-86.7271,"Ran Off Road-Left;EMBANKMENT ROCK/STONE/CONCRETE","37210","2024","January","Winter","06","Monday","Weekday","No Injuries","No Fatalities"
9.99991858453729e-314,2024-01-29 07:25:00,2,0,0,NA,"Y","UNKNOWN","RAIN","DARK - LIGHTED","LAFAYETTE ST & FAIRFIELD AV","NASHVILLE","SOUTH",36.1473,-86.75792,"MOTOR VEHICLE IN TRANSPORT","37210","2024","January","Winter","07","Monday","Weekday","No Injuries","No Fatalities"
9.99991867297504e-314,2024-01-29 10:15:00,1,0,0,NA,"N","NOT COLLISION W/MOTOR VEHICLE-TRANSPORT","RAIN","DARK - NOT LIGHTED","HIGHWAY 100 & OLD HICKORY BLVD","NASHVILLE","WEST",36.06073,-86.91615,"CURB","37221","2024","January","Winter","10","Monday","Weekday","No Injuries","No Fatalities"
9.99991869767832e-314,2024-01-29 11:45:00,1,1,0,NA,"N","NOT COLLISION W/MOTOR VEHICLE-TRANSPORT","RAIN","DARK - LIGHTED","CHARLOTTE AV & 37TH AVN","NASHVILLE","WEST",36.15274,-86.82819,"TREE","37209","2024","January","Winter","11","Monday","Weekday","Injuries","No Fatalities"
9.99991870508931e-314,2024-01-29 12:09:00,1,0,0,NA,"N","NOT COLLISION W/MOTOR VEHICLE-TRANSPORT","RAIN","DARK - NOT LIGHTED","BRILEY PKWY E ENT RAMP & I65 N ENT RAMP","NASHVILLE","EAST",36.23699,-86.74263,"GUARDRAIL FACE","37216","2024","January","Winter","12","Monday","Weekday","No Injuries","No Fatalities"
9.99991257077025e-314,2024-01-24 00:10:00,2,0,0,NA,"Y","SIDESWIPE - SAME DIRECTION","RAIN","DARK - LIGHTED","EDMONDSON PKE & OLD HICKORY BLVD","NASHVILLE","MIDTOW",36.03916,-86.74342,"MOTOR VEHICLE IN TRANSPORT","37211","2024","January","Winter","00","Wednesday","Weekday","No Injuries","No Fatalities"
9.99991263697505e-314,2024-01-24 01:54:00,2,1,0,NA,"N","HEAD-ON","RAIN","DARK - LIGHTED","WHITES CREEK PKE & BRILEY PKWY E ENT RAM","NASHVILLE","NORTH",36.23197,-86.81387,"MOTOR VEHICLE IN TRANSPORT","37207","2024","January","Winter","01","Wednesday","Weekday","Injuries","No Fatalities"
9.99991312017125e-314,2024-01-24 11:40:00,2,1,0,NA,"N","ANGLE","RAIN","DARK - LIGHTED","S 1ST ST & WOODLAND ST","NASHVILLE","CENTRA",36.16905,-86.77224,"MOTOR VEHICLE IN TRANSPORT","37213","2024","January","Winter","11","Wednesday","Weekday","Injuries","No Fatalities"
9.99990147356178e-314,2024-06-27 03:00:00,2,0,0,NA,"Y","Front to Rear","RAIN","DARK - LIGHTED","LEA AVE & 3RD AVE S","NASHVILLE","CENTRA",36.15505,-86.77198,"MOTOR VEHICLE IN TRANSPORT","37210","2024","June","Summer","03","Thursday","Weekday","No Injuries","No Fatalities"
9.99991313449915e-314,2024-01-24 12:00:00,2,0,1,NA,"N","ANGLE","RAIN","DAWN","HARDING PL & TAMPA DR","NASHVILLE","SOUTH",36.08267,-86.71052,"MOTOR VEHICLE IN TRANSPORT","37211","2024","January","Winter","12","Wednesday","Weekday","No Injuries","With Fatalities"
9.99991315376771e-314,2024-01-24 12:20:00,2,0,0,NA,"Y","SIDESWIPE - SAME DIRECTION","RAIN","DARK - LIGHTED","THOMPSON LN & NOLENSVILLE PKE","NASHVILLE","SOUTH",36.11082,-86.7435,"MOTOR VEHICLE IN TRANSPORT","37211","2024","January","Winter","12","Wednesday","Weekday","No Injuries","No Fatalities"
9.99991316957781e-314,2024-01-24 12:46:00,2,0,0,NA,"N","Front to Rear","RAIN","DAYLIGHT","SADDLE RIDGE TRC & HIGHWAY 70S","NASHVILLE","WEST",36.08039,-86.96635,"MOTOR VEHICLE IN TRANSPORT","37221","2024","January","Winter","12","Wednesday","Weekday","No Injuries","No Fatalities"
9.99990163363905e-314,2024-01-12 11:50:00,1,0,0,NA,"N","NOT COLLISION W/MOTOR VEHICLE-TRANSPORT","RAIN","DARK - LIGHTED","GALE LN & VAULX LN","NASHVILLE","MIDTOW",36.1176,-86.7795,"DITCH","37204","2024","January","Winter","11","Friday","Weekday","No Injuries","No Fatalities"
9.99990163610938e-314,2024-01-12 11:52:00,2,0,0,NA,"N","SIDESWIPE - SAME DIRECTION","RAIN","DARK - LIGHTED","MM 210 6 I 40","NASHVILLE","HERMIT",36.15281,-86.76583,"MOTOR VEHICLE IN TRANSPORT;WALL","37210","2024","January","Winter","11","Friday","Weekday","No Injuries","No Fatalities"
9.99990164450849e-314,2024-01-12 12:13:00,2,1,0,NA,"N","ANGLE","RAIN","DARK - LIGHTED","LAFAYETTE ST & 8TH AVS","NASHVILLE","CENTRA",36.15463,-86.77916,"MOTOR VEHICLE IN TRANSPORT","37203","2024","January","Winter","12","Friday","Weekday","Injuries","No Fatalities"
9.99990164796695e-314,2024-01-12 12:21:00,2,0,0,NA,"N","Front to Rear","RAIN","DARK - LIGHTED","MM 49 7 I 24","NASHVILLE","HERMIT",36.15873,-86.76045,"MOTOR VEHICLE IN TRANSPORT","37210","2024","January","Winter","12","Friday","Weekday","No Injuries","No Fatalities"
9.99990165834233e-314,2024-01-12 12:30:00,2,1,0,NA,"N","HEAD-ON","RAIN","DAYLIGHT","0 BELL RD","NASHVILLE","HERMIT",36.12294,-86.63048,"MOTOR VEHICLE IN TRANSPORT","37214","2024","January","Winter","12","Friday","Weekday","Injuries","No Fatalities"
9.99990167514056e-314,2024-01-12 12:58:00,2,0,0,NA,"N","Front to Rear","RAIN","DARK - LIGHTED","MM 212 1 I 40","NASHVILLE","HERMIT",36.14642,-86.74239,"MOTOR VEHICLE IN TRANSPORT","37210","2024","January","Winter","12","Friday","Weekday","No Injuries","No Fatalities"