"Accident.Number","Date.and.Time","Number.of.Motor.Vehicles","Number.of.Injuries","Number.of.Fatalities","Property.Damage","Hit.and.Run","Collision.Type.Description","Weather.Description","Illumination.Description","Street.Address","City","Precinct","Latitude","Longitude","HarmfulDescriptions","Zip.Code","Year","Month","Season","Hour","Weekday","DayType","Accident","Fatality_category"
9.99991345070117e-314,2024-01-24 06:00:00,2,0,0,NA,"N","ANGLE","RAIN","DAYLIGHT","I40 E EXT RAMP & I 40","NASHVILLE","HERMIT",36.1663,-86.61178,"MOTOR VEHICLE IN TRANSPORT","37214","2024","January","Winter","06","Wednesday","Weekday","No Injuries","No Fatalities"
9.99992029795695e-314,2024-09-28 07:57:00,1,0,0,NA,"Y","NOT COLLISION W/MOTOR VEHICLE-TRANSPORT","RAIN","DARK - LIGHTED","WILEY ST & GALLATIN PIKE N","MADISON","MADISO",36.26911,-86.70872,"DITCH","37115","2024","September","Fall","07","Saturday","Weekend","No Injuries","No Fatalities"
9.99991383409611e-314,2024-01-25 00:20:00,2,0,0,NA,"N","ANGLE","RAIN","DARK - LIGHTED","OLD HICKORY BLVD & BRENTWOOD BLVD","BRENTWOOD","MIDTOW",36.03772,-86.79475,"MOTOR VEHICLE IN TRANSPORT","37027","2024","January","Winter","00","Thursday","Weekday","No Injuries","No Fatalities"
9.99991384990621e-314,2024-01-25 00:28:00,2,0,0,NA,"Y","SIDESWIPE - SAME DIRECTION","RAIN","DARK - LIGHTED","I40 W EXT RAMP & I 40","NASHVILLE","CENTRA",36.15765,-86.7901,"MOTOR VEHICLE IN TRANSPORT","37203","2024","January","Winter","00","Thursday","Weekday","No Injuries","No Fatalities"
9.99991387955015e-314,2024-01-25 00:58:00,2,1,0,NA,"N","Front to Rear","RAIN","DARK - LIGHTED","OLD SMITH SPRINGS RD & SMITH SPRINGS RD","NASHVILLE","HERMIT",36.09197,-86.63075,"MOTOR VEHICLE IN TRANSPORT","37217","2024","January","Winter","00","Thursday","Weekday","Injuries","No Fatalities"
9.99991388992553e-314,2024-01-25 01:16:00,2,1,0,NA,"N","ANGLE","RAIN","DARK - NOT LIGHTED","I24 W ENT RAMP & I 65","NASHVILLE","EAST",36.22511,-86.7753,"MOTOR VEHICLE IN TRANSPORT;Cargo Equip Loss/Shift","37207","2024","January","Winter","01","Thursday","Weekday","Injuries","No Fatalities"
9.99991393587363e-314,2024-01-25 02:00:00,2,1,0,NA,"Y","Front to Rear","RAIN","DARK - LIGHTED","MM 87 4 I 65","NASHVILLE","EAST",36.20762,-86.77615,"MOTOR VEHICLE IN TRANSPORT","37207","2024","January","Winter","02","Thursday","Weekday","Injuries","No Fatalities"
9.9999139363677e-314,2024-01-25 01:44:00,6,1,0,NA,"N","SIDESWIPE - SAME DIRECTION","RAIN","DARK - LIGHTED","BELMONT BLVD & COMPTON AV","NASHVILLE","MIDTOW",36.13115,-86.79554,"MOTOR VEHICLE IN TRANSPORT","37212","2024","January","Winter","01","Thursday","Weekday","Injuries","No Fatalities"
9.99991398132767e-314,2024-01-25 02:45:00,2,0,0,NA,"N","Front to Rear","RAIN","DARK - LIGHTED","MM 207 3 I 40","NASHVILLE","NORTH",36.17016,-86.80641,"MOTOR VEHICLE IN TRANSPORT","37208","2024","January","Winter","02","Thursday","Weekday","No Injuries","No Fatalities"
9.9999140010903e-314,2024-01-25 02:56:00,1,0,0,NA,"N","NOT COLLISION W/MOTOR VEHICLE-TRANSPORT","RAIN","DARK - LIGHTED","BROADWAY & 6TH AVS","NASHVILLE","CENTRA",36.15984,-86.77991,"FIRE HYDRANT","37203","2024","January","Winter","02","Thursday","Weekday","No Injuries","No Fatalities"
9.99991400751315e-314,2024-01-25 02:00:00,2,0,0,NA,"Y","SIDESWIPE - SAME DIRECTION","RAIN","DARK - LIGHTED","MURFREESBORO PKE & BELL RD","NASHVILLE","HERMIT",36.07302,-86.63727,"MOTOR VEHICLE IN TRANSPORT","37217","2024","January","Winter","02","Thursday","Weekday","No Injuries","No Fatalities"
9.99991401443007e-314,2024-01-24 06:00:00,2,0,0,NA,"Y","SIDESWIPE - SAME DIRECTION","RAIN","DARK - LIGHTED","MM 213 1 I 40","NASHVILLE","HERMIT",36.14136,-86.71638,"MOTOR VEHICLE IN TRANSPORT","37210","2024","January","Winter","06","Wednesday","Weekday","No Injuries","No Fatalities"
9.99991403024017e-314,2024-01-25 02:59:00,2,0,0,NA,"N","SIDESWIPE - SAME DIRECTION","RAIN","DARK - LIGHTED","I24 E ENT RAMP & I 24","NASHVILLE","CENTRA",36.06674,-86.68698,"MOTOR VEHICLE IN TRANSPORT","37213","2024","January","Winter","02","Thursday","Weekday","No Injuries","No Fatalities"
9.99991411867792e-314,2024-01-25 04:30:00,2,0,0,NA,"Y","Front to Rear","RAIN","DARK - LIGHTED","NOLENSVILLE PKE & HAYWOOD LN","NASHVILLE","MIDTOW",36.06821,-86.71912,"MOTOR VEHICLE IN TRANSPORT","37211","2024","January","Winter","04","Thursday","Weekday","No Injuries","No Fatalities"
9.99991414436933e-314,2024-01-25 03:20:00,2,0,0,NA,"Y","Front to Rear","RAIN","DARK - LIGHTED","TUCKAHOE DR & BELLSHIRE TERRACE DR","NASHVILLE","MADISO",36.25761,-86.76387,"MOTOR VEHICLE IN TRANSPORT;PARKED MOTOR VEHICLE","37207","2024","January","Winter","03","Thursday","Weekday","No Injuries","No Fatalities"
9.99994996264646e-314,2024-02-22 06:00:00,2,1,0,NA,"N","Front to Rear","RAIN","DAYLIGHT","I40 E ENT RAMP & I 40","NASHVILLE","WEST",36.11131,-86.92171,"MOTOR VEHICLE IN TRANSPORT","37205","2024","February","Winter","06","Thursday","Weekday","Injuries","No Fatalities"
9.99995727382989e-314,2024-02-28 12:30:00,2,0,0,NA,"N","Front to Rear","RAIN","DAYLIGHT","MM 35 9 I 24","WHITES CREEK","NORTH",36.32079,-86.85241,"MOTOR VEHICLE IN TRANSPORT","37189","2024","February","Winter","12","Wednesday","Weekday","No Injuries","No Fatalities"
9.99995731829579e-314,2024-02-28 06:00:00,1,0,0,NA,"N","NOT COLLISION W/MOTOR VEHICLE-TRANSPORT","RAIN","DAYLIGHT","BRILEY PKWYN & BRILEY PKWYS","NASHVILLE","SOUTH",36.17464,-86.69029,"WALL","37211","2024","February","Winter","06","Wednesday","Weekday","No Injuries","No Fatalities"
9.99995736918456e-314,2024-02-28 06:00:00,1,0,0,NA,"N","NOT COLLISION W/MOTOR VEHICLE-TRANSPORT","RAIN","DAYLIGHT","MM 54 0 I 24","NASHVILLE","SOUTH",36.1062,-86.71882,"CONCRETE TRAFFIC BARRIER","37211","2024","February","Winter","06","Wednesday","Weekday","No Injuries","No Fatalities"
9.99995738499466e-314,2024-02-28 06:00:00,3,3,0,NA,"N","ANGLE","RAIN","DAYLIGHT","MM 212 6 I 40","NASHVILLE","HERMIT",36.14206,-86.73518,"MOTOR VEHICLE IN TRANSPORT","37210","2024","February","Winter","06","Wednesday","Weekday","Injuries","No Fatalities"
9.99995998723841e-314,2024-03-01 09:45:00,1,0,0,NA,"N","NOT COLLISION W/MOTOR VEHICLE-TRANSPORT","RAIN","DARK - LIGHTED","MM 86 5 I 65","NASHVILLE","NORTH",36.1923,-86.7771,"GUARDRAIL FACE","37207","2024","March","Spring","09","Friday","Weekday","No Injuries","No Fatalities"
9.9999600247874e-314,2024-03-01 12:00:00,3,1,0,NA,"N","SIDESWIPE - SAME DIRECTION","RAIN","DAYLIGHT","GALLATIN PKES & MADISON SQ","MADISON","MADISO",36.25366,-86.71646,"MOTOR VEHICLE IN TRANSPORT","37115","2024","March","Spring","12","Friday","Weekday","Injuries","No Fatalities"
9.99996002972806e-314,2024-03-01 06:00:00,1,0,0,NA,"N","NOT COLLISION W/MOTOR VEHICLE-TRANSPORT","RAIN","DARK - LIGHTED","STATE HWY 155 & WALNUT HILL DR","NASHVILLE","HERMIT",36.17308,-86.68901,"CONCRETE TRAFFIC BARRIER","37214","2024","March","Spring","06","Friday","Weekday","No Injuries","No Fatalities"
9.99996005146695e-314,2024-03-01 12:39:00,2,0,0,NA,"N","SIDESWIPE - SAME DIRECTION","RAIN","DAYLIGHT","MM 210 4 I 40","NASHVILLE","SOUTH",36.15116,-86.76923,"MOTOR VEHICLE IN TRANSPORT","37210","2024","March","Spring","12","Friday","Weekday","No Injuries","No Fatalities"
9.999960059372e-314,2024-03-01 06:00:00,1,1,0,NA,"N","NOT COLLISION W/MOTOR VEHICLE-TRANSPORT","RAIN","DAYLIGHT","MM 208 2 I 40","NASHVILLE","NORTH",36.15986,-86.79244,"WALL","37208","2024","March","Spring","06","Friday","Weekday","Injuries","No Fatalities"
9.99996015176227e-314,2024-03-01 06:00:00,2,1,0,NA,"N","ANGLE","RAIN","DAYLIGHT","ELM HILL PKE & FESSLERS LN","NASHVILLE","HERMIT",36.14455,-86.74297,"MOTOR VEHICLE IN TRANSPORT","37210","2024","March","Spring","06","Friday","Weekday","Injuries","No Fatalities"
9.99996065422704e-314,2024-03-02 00:18:00,2,0,0,NA,"N","OTHER","RAIN","DARK - LIGHTED","WEDGEWOOD AV & 12TH AVS","NASHVILLE","MIDTOW",36.13617,-86.78935,"MOTOR VEHICLE IN TRANSPORT","37203","2024","March","Spring","00","Saturday","Weekend","No Injuries","No Fatalities"
9.99996066756681e-314,2024-03-02 00:07:00,3,0,0,NA,"Y","Front to Rear","RAIN","DARK - LIGHTED","GALLATIN PKEN & ALTUS AV","MADISON","MADISO",36.28931,-86.70427,"MOTOR VEHICLE IN TRANSPORT","37115","2024","March","Spring","00","Saturday","Weekend","No Injuries","No Fatalities"
9.99996069819888e-314,2024-03-02 00:19:00,2,0,0,NA,"Y","Front to Rear","RAIN","DAYLIGHT","HAYWOOD LN & EZELL RD","NASHVILLE","SOUTH",36.06955,-86.69354,"MOTOR VEHICLE IN TRANSPORT","37211","2024","March","Spring","00","Saturday","Weekend","No Injuries","No Fatalities"
9.99996072685469e-314,2024-03-02 00:50:00,2,0,0,NA,"N","SIDESWIPE - SAME DIRECTION","RAIN","DARK - LIGHTED","HILLSBORO PKE & HOBBS RD","NASHVILLE","MIDTOW",36.10074,-86.81896,"MOTOR VEHICLE IN TRANSPORT","37215","2024","March","Spring","00","Saturday","Weekend","No Injuries","No Fatalities"
9.9999607352538e-314,2024-03-02 00:11:00,3,0,0,NA,"Y","SIDESWIPE - SAME DIRECTION","RAIN","DARK - LIGHTED","MM 88 4 I 65","NASHVILLE","NORTH",36.22191,-86.7746,"MOTOR VEHICLE IN TRANSPORT","37207","2024","March","Spring","00","Saturday","Weekend","No Injuries","No Fatalities"
9.99996077626125e-314,2024-03-02 01:00:00,2,0,0,NA,"Y","SIDESWIPE - SAME DIRECTION","RAIN","DARK - LIGHTED","81 I 65","NASHVILLE","MIDTOW",36.13851,-86.7758,"MOTOR VEHICLE IN TRANSPORT","37203","2024","March","Spring","01","Saturday","Weekend","No Injuries","No Fatalities"
9.99996082863221e-314,2024-03-02 02:07:00,2,1,0,NA,"N","Front to Rear","RAIN","DARK - LIGHTED","MAIN ST & S 9TH ST","NASHVILLE","EAST",36.17618,-86.75666,"MOTOR VEHICLE IN TRANSPORT","37206","2024","March","Spring","02","Saturday","Weekend","Injuries","No Fatalities"
9.99996082962034e-314,2024-03-02 02:07:00,4,2,0,NA,"N","ANGLE","RAIN","DARK - LIGHTED","NOLENSVILLE PKE & HAYWOOD LN","NASHVILLE","SOUTH",36.0682,-86.7191,"MOTOR VEHICLE IN TRANSPORT;PARKED MOTOR VEHICLE","37211","2024","March","Spring","02","Saturday","Weekend","Injuries","No Fatalities"
9.99996084098385e-314,2024-03-02 02:15:00,2,1,0,NA,"N","Front to Rear","RAIN","DARK - LIGHTED","STONE BROOK DR & OLD HICKORY BLVD","BRENTWOOD","MIDTOW",36.0409,-86.77938,"MOTOR VEHICLE IN TRANSPORT","37027","2024","March","Spring","02","Saturday","Weekend","Injuries","No Fatalities"
9.9999608474067e-314,2024-03-02 02:14:00,2,1,0,NA,"N","ANGLE","RAIN","DARK - NOT LIGHTED","TUSCULUM RD & NOLENSVILLE PKE","NASHVILLE","SOUTH",36.05907,-86.71622,"MOTOR VEHICLE IN TRANSPORT","37211","2024","March","Spring","02","Saturday","Weekend","Injuries","No Fatalities"
9.99996084938297e-314,2024-03-02 02:17:00,2,1,0,NA,"Y","SIDESWIPE - SAME DIRECTION","RAIN","DARK - NOT LIGHTED","MM 48 9 I 24","NASHVILLE","CENTRA",36.16711,-86.76526,"MOTOR VEHICLE IN TRANSPORT","37213","2024","March","Spring","02","Saturday","Weekend","Injuries","No Fatalities"
9.99996087359218e-314,2024-03-02 02:30:00,1,0,0,NA,"N","NOT COLLISION W/MOTOR VEHICLE-TRANSPORT","RAIN","DARK - LIGHTED","24TH AVN & CHARLOTTE AV","NASHVILLE","MIDTOW",36.15487,-86.81044,"FIRE HYDRANT","37203","2024","March","Spring","02","Saturday","Weekend","No Injuries","No Fatalities"
9.99996093930291e-314,2024-03-02 02:18:00,2,0,0,NA,"Y","Front to Rear","RAIN","DARK - NOT LIGHTED","MM 48 8 I 24","NASHVILLE","CENTRA",36.16759,-86.76557,"MOTOR VEHICLE IN TRANSPORT","37213","2024","March","Spring","02","Saturday","Weekend","No Injuries","No Fatalities"
9.99996095461895e-314,2024-03-02 00:30:00,2,0,0,NA,"Y","SIDESWIPE - SAME DIRECTION","RAIN","DARK - LIGHTED","8TH AVE S & WEDGEWOOD AVE","NASHVILLE","MIDTOW",36.13422,-86.77908,"MOTOR VEHICLE IN TRANSPORT","37203","2024","March","Spring","00","Saturday","Weekend","No Injuries","No Fatalities"
9.99996097536971e-314,2024-03-02 01:40:00,2,0,0,NA,"Y","SIDESWIPE - SAME DIRECTION","RAIN","DARK - LIGHTED","BENTON AVE & VINE HILL RD","NASHVILLE","MIDTOW",36.13179,-86.76918,"MOTOR VEHICLE IN TRANSPORT;PARKED MOTOR VEHICLE","37204","2024","March","Spring","01","Saturday","Weekend","No Injuries","No Fatalities"
9.9999609783341e-314,2024-03-02 03:30:00,1,0,0,NA,"N","NOT COLLISION W/MOTOR VEHICLE-TRANSPORT","RAIN","DARK - LIGHTED","LARKIN SPRINGS RD & MANZANO RD","MADISON","MADISO",36.25833,-86.68508,"FENCE","37115","2024","March","Spring","03","Saturday","Weekend","No Injuries","No Fatalities"
9.99996098475695e-314,2024-03-02 03:53:00,2,0,0,NA,"Y","ANGLE","RAIN","DARK - LIGHTED","CENTRAL PKE & OLD HICKORY BLVD","HERMITAGE","HERMIT",36.17359,-86.60215,"MOTOR VEHICLE IN TRANSPORT","37076","2024","March","Spring","03","Saturday","Weekend","No Injuries","No Fatalities"
9.9999610099543e-314,2024-03-02 04:08:00,2,0,0,NA,"Y","SIDESWIPE - SAME DIRECTION","RAIN","DARK - LIGHTED","BROADWAY & 4TH AVN","NASHVILLE","CENTRA",36.16105,-86.77712,"MOTOR VEHICLE IN TRANSPORT","37203","2024","March","Spring","04","Saturday","Weekend","No Injuries","No Fatalities"
9.99996108307602e-314,2024-03-02 04:46:00,2,0,0,NA,"Y","SIDESWIPE - OPPOSITE DIRECTION","RAIN","DARK - LIGHTED","BARRY DR & ARGLE AV","MADISON","MADISO",36.24663,-86.71494,"PARKED MOTOR VEHICLE","37115","2024","March","Spring","04","Saturday","Weekend","No Injuries","No Fatalities"
9.99996108752261e-314,2024-03-02 04:45:00,2,0,0,NA,"N","UNKNOWN","RAIN","DARK - LIGHTED","MM 48 2 I 24","NASHVILLE","EAST",36.17342,-86.76984,"UNKNOWN MOST HARMFUL EVENT","37206","2024","March","Spring","04","Saturday","Weekend","No Injuries","No Fatalities"
9.99996109542766e-314,2024-03-02 02:42:00,2,0,0,NA,"Y","ANGLE","RAIN","DARK - LIGHTED","ANDERSON RD & OWENDALE DR","NASHVILLE","HERMIT",36.07387,-86.62351,"MOTOR VEHICLE IN TRANSPORT","37217","2024","March","Spring","02","Saturday","Weekend","No Injuries","No Fatalities"
9.99996115965619e-314,2024-03-02 00:55:00,1,0,0,NA,"N","NOT COLLISION W/MOTOR VEHICLE-TRANSPORT","RAIN","DARK - NOT LIGHTED","MURFREESBORO PKE & DOVER GLEN PVTDR","ANTIOCH","SOUTH",36.0776,-86.64208,"EMBANKMENT ROCK/STONE/CONCRETE","37013","2024","March","Spring","00","Saturday","Weekend","No Injuries","No Fatalities"
9.99996120214584e-314,2024-03-02 06:39:00,1,0,0,NA,"N","NOT COLLISION W/MOTOR VEHICLE-TRANSPORT","RAIN","DARK - LIGHTED","16TH AVE S & MCGAVOCK ST","NASHVILLE","MIDTOW",36.15327,-86.79219,"LUMINAIRE/LIGHT SUPPORT","37203","2024","March","Spring","06","Saturday","Weekend","No Injuries","No Fatalities"
9.99996120362803e-314,2024-03-02 06:41:00,1,0,0,NA,"N","NOT COLLISION W/MOTOR VEHICLE-TRANSPORT","RAIN","DARK - NOT LIGHTED","MM 56 8 I 24","NASHVILLE","SOUTH",36.07226,-86.69144,"WALL","37211","2024","March","Spring","06","Saturday","Weekend","No Injuries","No Fatalities"
9.99996123673043e-314,2024-03-02 05:31:00,2,0,0,NA,"Y","ANGLE","RAIN","DARK - LIGHTED","COWAN ST & SPRING ST","NASHVILLE","CENTRA",36.17688,-86.77618,"MOTOR VEHICLE IN TRANSPORT","37213","2024","March","Spring","05","Saturday","Weekend","No Injuries","No Fatalities"
9.9999612515524e-314,2024-03-02 06:49:00,1,0,0,NA,"N","NOT COLLISION W/MOTOR VEHICLE-TRANSPORT","RAIN","DARK - NOT LIGHTED","MM 200 6 I 40","NASHVILLE","WEST",36.12576,-86.9048,"CONCRETE TRAFFIC BARRIER;PAVED SURFACE-IRREGULAR","37209","2024","March","Spring","06","Saturday","Weekend","No Injuries","No Fatalities"
9.99996130293523e-314,2024-03-02 08:20:00,1,1,0,NA,"N","NOT COLLISION W/MOTOR VEHICLE-TRANSPORT","RAIN","DARK - LIGHTED","I40 W ENT RAMP & I 40","NASHVILLE","HERMIT",36.13192,-86.89867,"DITCH;CONCRETE TRAFFIC BARRIER;TREE;Ran Off Road-Right;EMBANKMENT EARTH","37210","2024","March","Spring","08","Saturday","Weekend","Injuries","No Fatalities"
9.99996131429874e-314,2024-03-02 08:46:00,1,0,0,NA,"Y","NOT COLLISION W/MOTOR VEHICLE-TRANSPORT","RAIN","DARK - LIGHTED","WEST END AVE & 28TH AVE N","NASHVILLE","MIDTOW",36.14485,-86.81284,"LUMINAIRE/LIGHT SUPPORT","37203","2024","March","Spring","08","Saturday","Weekend","No Injuries","No Fatalities"
9.99996132615631e-314,2024-03-02 09:37:00,2,2,1,NA,"N","HEAD-ON","RAIN","DARK - NOT LIGHTED","1100 ANTIOCH PIKE","NASHVILLE","SOUTH",36.09785,-86.70952,"MOTOR VEHICLE IN TRANSPORT","37211","2024","March","Spring","09","Saturday","Weekend","Injuries","With Fatalities"
9.9999613306029e-314,2024-03-02 09:47:00,1,0,0,NA,"Y","NOT COLLISION W/MOTOR VEHICLE-TRANSPORT","RAIN","DARK - NOT LIGHTED","LINBAR DR & EAST RIDGE DR","NASHVILLE","SOUTH",36.07945,-86.6972,"","37211","2024","March","Spring","09","Saturday","Weekend","No Injuries","No Fatalities"
9.99996133653169e-314,2024-03-02 06:00:00,1,0,0,NA,"Y","NOT COLLISION W/MOTOR VEHICLE-TRANSPORT","RAIN","DARK - LIGHTED","5000 ASHLAND CITY HWY","NASHVILLE","NORTH",36.21202,-86.91721,"Ran Off Road-Right","37218","2024","March","Spring","06","Saturday","Weekend","No Injuries","No Fatalities"
9.99996137408068e-314,2024-03-02 09:07:00,4,0,0,NA,"N","Front to Rear","RAIN","DARK - LIGHTED","BROADWAY & I40 E EXT RAMP","NASHVILLE","MIDTOW",36.15565,-86.78972,"MOTOR VEHICLE IN TRANSPORT","37203","2024","March","Spring","09","Saturday","Weekend","No Injuries","No Fatalities"
9.99994279770646e-314,2024-02-16 06:00:00,2,0,0,NA,"N","ANGLE","RAIN","DARK - LIGHTED","23RD AVS & SPRINGDALE DR","NASHVILLE","WEST",36.12312,-86.81485,"MOTOR VEHICLE IN TRANSPORT","37215","2024","February","Winter","06","Friday","Weekday","No Injuries","No Fatalities"
9.99994281796315e-314,2024-02-17 00:03:00,2,0,0,NA,"Y","HEAD-ON","RAIN","DARK - NOT LIGHTED","ELYSIAN FIELDS RD & LYNN DR","NASHVILLE","MIDTOW",36.08567,-86.73241,"MOTOR VEHICLE IN TRANSPORT","37211","2024","February","Winter","00","Saturday","Weekend","No Injuries","No Fatalities"
9.99993503050044e-314,2024-02-11 00:10:00,3,1,0,NA,"Y","Front to Rear","RAIN","DARK - LIGHTED","MM 55 2 I 24","NASHVILLE","SOUTH",36.09245,-86.70501,"MOTOR VEHICLE IN TRANSPORT","37211","2024","February","Winter","00","Sunday","Weekend","Injuries","No Fatalities"
9.99994282191568e-314,2024-02-17 00:20:00,1,0,0,NA,"N","NOT COLLISION W/MOTOR VEHICLE-TRANSPORT","RAIN","DARK - LIGHTED","HIGHWAY 70S & BELLE FOREST SHOPPING CENT","NASHVILLE","WEST",36.07509,-86.91905,"DITCH","37205","2024","February","Winter","00","Saturday","Weekend","No Injuries","No Fatalities"
9.99994282537414e-314,2024-02-17 00:20:00,2,0,0,NA,"N","ANGLE","RAIN","DARK - LIGHTED","2500 FRANKLIN PKE","NASHVILLE","MIDTOW",36.12331,-86.77611,"MOTOR VEHICLE IN TRANSPORT","37204","2024","February","Winter","00","Saturday","Weekend","No Injuries","No Fatalities"
9.99993504878087e-314,2024-02-11 00:40:00,3,1,0,NA,"N","Front to Rear","RAIN","DARK - LIGHTED","ANTIOCH PKE & AVENAL AV","NASHVILLE","SOUTH",36.10099,-86.73241,"MOTOR VEHICLE IN TRANSPORT","37211","2024","February","Winter","00","Sunday","Weekend","Injuries","No Fatalities"
9.9999332953419e-314,2024-02-09 09:27:00,2,0,0,NA,"N","SIDESWIPE - OPPOSITE DIRECTION","RAIN","DARK - LIGHTED","WAGGONER DR & PATIO DR","NASHVILLE","HERMIT",36.14534,-86.63988,"PARKED MOTOR VEHICLE","37214","2024","February","Winter","09","Friday","Weekday","No Injuries","No Fatalities"
9.99993330917573e-314,2024-02-09 11:47:00,2,0,0,NA,"N","ANGLE","RAIN","DARK - LIGHTED","4TH AVS & ASH ST","NASHVILLE","CENTRA",36.15234,-86.77158,"MOTOR VEHICLE IN TRANSPORT","37210","2024","February","Winter","11","Friday","Weekday","No Injuries","No Fatalities"
9.99993331708079e-314,2024-02-09 12:13:00,2,2,0,NA,"N","HEAD-ON","RAIN","DAWN","MYATT DR & MADISON INDUSTRIAL RD","MADISON","MADISO",36.27813,-86.69044,"MOTOR VEHICLE IN TRANSPORT","37115","2024","February","Winter","12","Friday","Weekday","Injuries","No Fatalities"
9.9999333239977e-314,2024-02-09 11:30:00,2,0,0,NA,"Y","SIDESWIPE - SAME DIRECTION","RAIN","DARK - LIGHTED","CLARKSVILLE PKE & BUENA VISTA PKE","NASHVILLE","NORTH",36.19426,-86.83217,"MOTOR VEHICLE IN TRANSPORT","37218","2024","February","Winter","11","Friday","Weekday","No Injuries","No Fatalities"
9.99993333486715e-314,2024-02-09 12:04:00,2,0,0,NA,"N","ANGLE","RAIN","DAYLIGHT","JEFFERSON ST & 3RD AVN","NASHVILLE","CENTRA",36.17501,-86.78468,"MOTOR VEHICLE IN TRANSPORT","37201","2024","February","Winter","12","Friday","Weekday","No Injuries","No Fatalities"
9.99993334721879e-314,2024-02-09 12:55:00,2,0,0,NA,"N","Front to Rear","RAIN","DAYLIGHT","SPRING ST & I24 W EXT RAMP","NASHVILLE","EAST",36.17673,-86.77231,"MOTOR VEHICLE IN TRANSPORT","37213","2024","February","Winter","12","Friday","Weekday","No Injuries","No Fatalities"
9.99993403940476e-314,2024-02-10 00:56:00,2,0,0,NA,"N","ANGLE","RAIN","DARK - LIGHTED","MM 63 0 I 24","ANTIOCH","SOUTH",36.00944,-86.61521,"MOTOR VEHICLE IN TRANSPORT","37013","2024","February","Winter","00","Saturday","Weekend","No Injuries","No Fatalities"
9.99993404681574e-314,2024-02-10 01:10:00,1,1,0,NA,"N","NOT COLLISION W/MOTOR VEHICLE-TRANSPORT","RAIN","DARK - NOT LIGHTED","RIVER RD & RIVER RD PVTDR","NASHVILLE","WEST",36.1289,-86.91027,"FENCE","37209","2024","February","Winter","01","Saturday","Weekend","Injuries","No Fatalities"
9.99993405373266e-314,2024-02-10 00:52:00,2,1,0,NA,"N","ANGLE","RAIN","DARK - LIGHTED","3900 NOLENSVILLE PKE","NASHVILLE","SOUTH",36.08538,-86.72905,"MOTOR VEHICLE IN TRANSPORT","37211","2024","February","Winter","00","Saturday","Weekend","Injuries","No Fatalities"
9.99993408732913e-314,2024-02-10 01:50:00,2,0,0,NA,"Y","ANGLE","RAIN","DARK - LIGHTED","WEST END AV & 28TH AVN","NASHVILLE","MIDTOW",36.14506,-86.81236,"MOTOR VEHICLE IN TRANSPORT","37203","2024","February","Winter","01","Saturday","Weekend","No Injuries","No Fatalities"
9.99993413574756e-314,2024-02-10 02:45:00,1,2,0,NA,"N","NOT COLLISION W/MOTOR VEHICLE-TRANSPORT","RAIN","DARK - LIGHTED","LAWNDALE DR & EAST THOMPSON LN","NASHVILLE","SOUTH",36.12545,-86.71343,"MOTOR VEHICLE IN TRANSPORT;EMBANKMENT EARTH","37211","2024","February","Winter","02","Saturday","Weekend","Injuries","No Fatalities"
9.99993470293492e-314,2024-02-10 06:00:00,2,0,0,NA,"Y","Front to Rear","RAIN","DAYLIGHT","BRILEY PKWYN & BRILEY PKWY","NASHVILLE","HERMIT",36.13688,-86.69932,"MOTOR VEHICLE IN TRANSPORT","37217","2024","February","Winter","06","Saturday","Weekend","No Injuries","No Fatalities"
9.99993471775689e-314,2024-02-10 06:00:00,2,2,0,NA,"Y","Front to Rear","RAIN","DAYLIGHT","SPENCE LN & I40 W EXT RAMP","NASHVILLE","HERMIT",36.1414,-86.72181,"MOTOR VEHICLE IN TRANSPORT","37210","2024","February","Winter","06","Saturday","Weekend","Injuries","No Fatalities"
9.99993475234149e-314,2024-02-10 06:00:00,2,1,0,NA,"N","SIDESWIPE - SAME DIRECTION","RAIN","DAYLIGHT","4TH AVS & ELM ST","NASHVILLE","CENTRA",36.15302,-86.77201,"MOTOR VEHICLE IN TRANSPORT","37210","2024","February","Winter","06","Saturday","Weekend","Injuries","No Fatalities"
9.99994288367389e-314,2024-02-17 00:28:00,2,0,0,NA,"N","SIDESWIPE - SAME DIRECTION","RAIN","DUSK","BROADWAY & I40 E EXT RAMP","NASHVILLE","MIDTOW",36.15565,-86.78972,"MOTOR VEHICLE IN TRANSPORT","37203","2024","February","Winter","00","Saturday","Weekend","No Injuries","No Fatalities"
9.99993505322746e-314,2024-02-11 00:35:00,2,0,0,NA,"Y","SIDESWIPE - SAME DIRECTION","RAIN","DARK - LIGHTED","OLD HARDING PKE & POPLAR CREEK RD","NASHVILLE","WEST",36.05409,-86.95058,"MOTOR VEHICLE IN TRANSPORT","37221","2024","February","Winter","00","Sunday","Weekend","No Injuries","No Fatalities"
9.9999428935552e-314,2024-02-17 00:01:00,2,0,0,NA,"Y","SIDESWIPE - SAME DIRECTION","RAIN","DARK - LIGHTED","MM 212 6 I 40","NASHVILLE","HERMIT",36.14235,-86.73498,"MOTOR VEHICLE IN TRANSPORT","37210","2024","February","Winter","00","Saturday","Weekend","No Injuries","No Fatalities"
9.99994289948399e-314,2024-02-17 01:29:00,2,3,0,NA,"N","ANGLE","RAIN","DAWN","OLD HICKORY BLVD & OCTOBER WOODS DR","ANTIOCH","SOUTH",36.00915,-86.62171,"MOTOR VEHICLE IN TRANSPORT","37013","2024","February","Winter","01","Saturday","Weekend","Injuries","No Fatalities"