"Accident.Number","Date.and.Time","Number.of.Motor.Vehicles","Number.of.Injuries","Number.of.Fatalities","Property.Damage","Hit.and.Run","Collision.Type.Description","Weather.Description","Illumination.Description","Street.Address","City","Precinct","Latitude","Longitude","HarmfulDescriptions","Zip.Code","Year","Month","Season","Hour","Weekday","DayType","Accident","Fatality_category"
9.99993507793075e-314,2024-02-11 00:58:00,2,0,0,NA,"Y","Front to Rear","RAIN","DARK - LIGHTED","3RD AVN & HUME ST","NASHVILLE","NORTH",36.18206,-86.78924,"MOTOR VEHICLE IN TRANSPORT","37208","2024","February","Winter","00","Sunday","Weekend","No Injuries","No Fatalities"
9.99993508978832e-314,2024-02-11 01:35:00,1,0,0,NA,"N","NOT COLLISION W/MOTOR VEHICLE-TRANSPORT","RAIN","DARK - NOT LIGHTED","HIGHWAY 70S & BELLEVUE VALLEY PLAZA PVTD","NASHVILLE","WEST",36.07487,-86.91972,"CURB","37221","2024","February","Winter","01","Sunday","Weekend","No Injuries","No Fatalities"
9.99993510856282e-314,2024-02-11 00:27:00,2,0,0,NA,"Y","ANGLE","RAIN","DARK - LIGHTED","HAMILTON CHURCH RD & OWENDALE DR","ANTIOCH","SOUTH",36.06479,-86.62196,"MOTOR VEHICLE IN TRANSPORT","37013","2024","February","Winter","00","Sunday","Weekend","No Injuries","No Fatalities"
9.99994295580747e-314,2024-02-17 02:30:00,2,0,0,NA,"N","ANGLE","RAIN","DARK - LIGHTED","BROADWAY & 5TH AVS","NASHVILLE","CENTRA",36.16062,-86.7781,"MOTOR VEHICLE IN TRANSPORT","37203","2024","February","Winter","02","Saturday","Weekend","No Injuries","No Fatalities"
9.99993511844413e-314,2024-02-11 02:00:00,2,0,0,NA,"N","SIDESWIPE - SAME DIRECTION","RAIN","DARK - LIGHTED","OPRY PL & BROADWAY","NASHVILLE","CENTRA",36.161,-86.77878,"MOTOR VEHICLE IN TRANSPORT","37203","2024","February","Winter","02","Sunday","Weekend","No Injuries","No Fatalities"
9.99993511992633e-314,2024-02-11 02:15:00,2,0,0,NA,"N","Front to Rear","RAIN","DARK - LIGHTED","MURFREESBORO PKE & HAMILTON CHURCH RD","ANTIOCH","SOUTH",36.06494,-86.62863,"MOTOR VEHICLE IN TRANSPORT","37013","2024","February","Winter","02","Sunday","Weekend","No Injuries","No Fatalities"
9.99993512486698e-314,2024-02-11 01:32:00,2,0,0,NA,"N","ANGLE","RAIN","DARK - LIGHTED","2ND AVS & LEA AV","NASHVILLE","CENTRA",36.15559,-86.77107,"MOTOR VEHICLE IN TRANSPORT","37210","2024","February","Winter","01","Sunday","Weekend","No Injuries","No Fatalities"
9.99994301608348e-314,2024-02-17 02:45:00,2,2,0,NA,"Y","Front to Rear","RAIN","DARK - NOT LIGHTED","OLD HICKORY BLVD & PRATT PROPERTY PVTDR","ANTIOCH","SOUTH",36.03563,-86.69553,"MOTOR VEHICLE IN TRANSPORT","37013","2024","February","Winter","02","Saturday","Weekend","Injuries","No Fatalities"
9.99994302398853e-314,2024-02-17 03:36:00,2,0,0,NA,"N","ANGLE","RAIN","DARK - NOT LIGHTED","N 8TH ST & RAMSEY ST","NASHVILLE","EAST",36.17636,-86.75944,"MOTOR VEHICLE IN TRANSPORT","37206","2024","February","Winter","03","Saturday","Weekend","No Injuries","No Fatalities"
9.99993513425423e-314,2024-02-13 02:20:00,1,0,0,NA,"N","NOT COLLISION W/MOTOR VEHICLE-TRANSPORT","RAIN","DARK - NOT LIGHTED","PORTER RD & GREENWOOD AV","NASHVILLE","EAST",36.18904,-86.72903,"Other Traffic Barrier","37206","2024","February","Winter","02","Tuesday","Weekday","No Injuries","No Fatalities"
9.99995037173281e-314,2024-02-23 00:45:00,4,1,0,NA,"Y","ANGLE","RAIN","DARK - LIGHTED","BENT TREE  PVTDR & BELL RD","ANTIOCH","SOUTH",36.05342,-86.64565,"PARKED MOTOR VEHICLE","37013","2024","February","Winter","00","Friday","Weekday","Injuries","No Fatalities"
9.99995047499253e-314,2024-02-23 01:50:00,2,0,0,NA,"Y","ANGLE","RAIN","DARK - LIGHTED","RIVER RD & RIVER RD PVTDR","NASHVILLE","WEST",36.12862,-86.90769,"MOTOR VEHICLE IN TRANSPORT","37209","2024","February","Winter","01","Friday","Weekday","No Injuries","No Fatalities"
9.99993520095309e-314,2024-02-11 03:50:00,2,0,0,NA,"N","ANGLE","RAIN","Dark-Unknown Lighting","MURFREESBORO PKE & THOMPSON PL","NASHVILLE","SOUTH",36.1267,-86.71109,"MOTOR VEHICLE IN TRANSPORT-OTHER ROADWAY","37217","2024","February","Winter","03","Sunday","Weekend","No Injuries","No Fatalities"
9.99995047943912e-314,2024-02-23 02:00:00,2,1,0,NA,"N","ANGLE","RAIN","DARK - LIGHTED","TAMPA DR & HARDING PL","NASHVILLE","SOUTH",36.08267,-86.71049,"MOTOR VEHICLE IN TRANSPORT","37211","2024","February","Winter","02","Friday","Weekday","Injuries","No Fatalities"
9.99994311983726e-314,2024-02-17 05:00:00,1,0,0,NA,"N","NOT COLLISION W/MOTOR VEHICLE-TRANSPORT","RAIN","DARK - LIGHTED","OLD HICKORY BLVD & BELLEVUE RD","NASHVILLE","WEST",36.06313,-86.91693,"GUARDRAIL FACE","37221","2024","February","Winter","05","Saturday","Weekend","No Injuries","No Fatalities"
9.99993522713857e-314,2024-02-11 04:19:00,2,0,0,NA,"N","ANGLE","RAIN","DARK - LIGHTED","INTERSTATE DR & WOODLAND ST","NASHVILLE","CENTRA",36.1704,-86.76845,"MOTOR VEHICLE IN TRANSPORT","37213","2024","February","Winter","04","Sunday","Weekend","No Injuries","No Fatalities"
9.9999431509634e-314,2024-02-16 06:00:00,2,0,0,NA,"N","SIDESWIPE - SAME DIRECTION","RAIN","DARK - LIGHTED","MM 44 0 I 24","NASHVILLE","NORTH",36.23065,-86.78189,"MOTOR VEHICLE IN TRANSPORT","37207","2024","February","Winter","06","Friday","Weekday","No Injuries","No Fatalities"
9.99995056392435e-314,2024-02-23 02:51:00,1,1,0,NA,"Y","NOT COLLISION W/MOTOR VEHICLE-TRANSPORT","RAIN","DARK - LIGHTED","STEWARTS FERRY PKE & I40 W ENT RAMP","NASHVILLE","HERMIT",36.15676,-86.63235,"DITCH","37214","2024","February","Winter","02","Friday","Weekday","Injuries","No Fatalities"
9.99995056540655e-314,2024-02-23 00:13:00,2,0,0,NA,"N","ANGLE","RAIN","DARK - NOT LIGHTED","PORTER RD & STRATFORD AVE","NASHVILLE","EAST",36.19595,-86.7172,"MOTOR VEHICLE IN TRANSPORT","37216","2024","February","Winter","00","Friday","Weekday","No Injuries","No Fatalities"
9.99995059554455e-314,2024-02-22 06:00:00,2,1,0,NA,"N","Front to Rear","RAIN","DARK - LIGHTED","MM 204 2 I 40","NASHVILLE","WEST",36.15334,-86.85294,"MOTOR VEHICLE IN TRANSPORT","37209","2024","February","Winter","06","Thursday","Weekday","Injuries","No Fatalities"
9.99993531705852e-314,2024-02-11 05:53:00,1,0,0,NA,"N","NOT COLLISION W/MOTOR VEHICLE-TRANSPORT","RAIN","DARK - LIGHTED","I 24 & UNKNOWN RAMP","NASHVILLE","HERMIT",36.17378,-86.77068,"CONCRETE TRAFFIC BARRIER","37210","2024","February","Winter","05","Sunday","Weekend","No Injuries","No Fatalities"
9.99995061777751e-314,2024-02-23 03:15:00,1,1,0,NA,"N","NOT COLLISION W/MOTOR VEHICLE-TRANSPORT","RAIN","DARK - LIGHTED","MAIN ST ENT RAMP & ELLINGTON PKWYS","NASHVILLE","EAST",36.17511,-86.76749,"","37206","2024","February","Winter","03","Friday","Weekday","Injuries","No Fatalities"
9.99995063161134e-314,2024-02-23 03:25:00,1,1,0,NA,"N","NOT COLLISION W/MOTOR VEHICLE-TRANSPORT","RAIN","DARK - NOT LIGHTED","MM 81 4 I-65","NASHVILLE","MIDTOW",36.1347,-86.77567,"WALL","37204","2024","February","Winter","03","Friday","Weekday","Injuries","No Fatalities"
9.9999353274339e-314,2024-02-11 05:54:00,2,0,0,NA,"N","ANGLE","RAIN","DARK - LIGHTED","I65 S ENT RAMP & I 24","NASHVILLE","EAST",36.18845,-86.7754,"MOTOR VEHICLE IN TRANSPORT","37207","2024","February","Winter","05","Sunday","Weekend","No Injuries","No Fatalities"
9.99993533286862e-314,2024-02-11 05:20:00,2,0,0,NA,"Y","Front to Rear","RAIN","DARK - LIGHTED","OLD HICKORY BLVD & BRENTWOOD EAST DR","NASHVILLE","MIDTOW",36.0453,-86.7142,"MOTOR VEHICLE IN TRANSPORT","37211","2024","February","Winter","05","Sunday","Weekend","No Injuries","No Fatalities"
9.9999353575719e-314,2024-02-11 06:15:00,2,0,0,NA,"Y","ANGLE","RAIN","DARK - NOT LIGHTED","BELL RD & BELL RD PVTDR","HERMITAGE","HERMIT",36.07784,-86.63439,"MOTOR VEHICLE IN TRANSPORT","37076","2024","February","Winter","06","Sunday","Weekend","No Injuries","No Fatalities"
9.99995071313218e-314,2024-02-23 04:15:00,1,0,0,NA,"N","NOT COLLISION W/MOTOR VEHICLE-TRANSPORT","RAIN","DARK - NOT LIGHTED","AMERICAN RD & PREMIER DR","NASHVILLE","WEST",36.1461,-86.87353,"DITCH","37209","2024","February","Winter","04","Friday","Weekday","No Injuries","No Fatalities"
9.99993535806597e-314,2024-02-11 06:30:00,1,1,0,NA,"N","NOT COLLISION W/MOTOR VEHICLE-TRANSPORT","RAIN","DARK - LIGHTED","CHURCH ST & 4TH AVN","NASHVILLE","CENTRA",36.1637,-86.77894,"PEDESTRIAN","37219","2024","February","Winter","06","Sunday","Weekend","Injuries","No Fatalities"
9.99995072400162e-314,2024-02-23 00:44:00,2,0,0,NA,"N","ANGLE","RAIN","DARK - NOT LIGHTED","BEECHWOOD AVE & HAWTHORNE PL","NASHVILLE","MIDTOW",36.12633,-86.79827,"","37212","2024","February","Winter","00","Friday","Weekday","No Injuries","No Fatalities"
9.99995076155061e-314,2024-02-23 04:40:00,2,0,0,NA,"N","SIDESWIPE - OPPOSITE DIRECTION","RAIN","DARK - LIGHTED","7TH AVS & BROADWAY","NASHVILLE","CENTRA",36.15938,-86.78099,"MOTOR VEHICLE IN TRANSPORT","37203","2024","February","Winter","04","Friday","Weekday","No Injuries","No Fatalities"
9.99993542278857e-314,2024-02-11 07:14:00,1,0,0,NA,"Y","NOT COLLISION W/MOTOR VEHICLE-TRANSPORT","RAIN","DARK - NOT LIGHTED","BREWER DR & LARKWAY DR","NASHVILLE","MIDTOW",36.05364,-86.71881,"DITCH","37211","2024","February","Winter","07","Sunday","Weekend","No Injuries","No Fatalities"
9.99995076253874e-314,2024-02-23 04:50:00,2,0,0,NA,"Y","ANGLE","RAIN","DARK - NOT LIGHTED","FAIN ST & LEWIS ST","NASHVILLE","HERMIT",36.15175,-86.75797,"","37210","2024","February","Winter","04","Friday","Weekday","No Injuries","No Fatalities"
9.99995077340818e-314,2024-02-23 04:45:00,2,1,0,NA,"Y","SIDESWIPE - SAME DIRECTION","RAIN","DARK - NOT LIGHTED","DONELSON PKE & I40 E ENT RAMP","NASHVILLE","HERMIT",36.13989,-86.66634,"MOTOR VEHICLE IN TRANSPORT","37214","2024","February","Winter","04","Friday","Weekday","Injuries","No Fatalities"
9.99993543711647e-314,2024-02-11 08:45:00,1,0,0,NA,"N","NOT COLLISION W/MOTOR VEHICLE-TRANSPORT","RAIN","DARK - LIGHTED","THOMPSON LN & W IRIS DR","NASHVILLE","MIDTOW",36.11239,-86.76802,"CURB","37204","2024","February","Winter","08","Sunday","Weekend","No Injuries","No Fatalities"
9.99995092607447e-314,2024-02-23 07:00:00,1,0,0,NA,"N","NOT COLLISION W/MOTOR VEHICLE-TRANSPORT","RAIN","DARK - LIGHTED","NOLENSVILLE RD & NOLENSVILLE PIKE","NASHVILLE","SOUTH",36.05751,-86.7171,"DITCH","37210","2024","February","Winter","07","Friday","Weekday","No Injuries","No Fatalities"
9.99995094484896e-314,2024-02-23 07:34:00,3,0,0,NA,"N","Front to Rear","RAIN","DARK - NOT LIGHTED","RICE RD & EDGE O LAKE DR","ANTIOCH","SOUTH",36.07272,-86.64608,"MOTOR VEHICLE IN TRANSPORT","37013","2024","February","Winter","07","Friday","Weekday","No Injuries","No Fatalities"
9.99995095621247e-314,2024-02-23 07:40:00,1,0,0,NA,"N","NOT COLLISION W/MOTOR VEHICLE-TRANSPORT","RAIN","DARK - NOT LIGHTED","HICKORY HOLLOW PKWY & CANE RIDGE RD","ANTIOCH","SOUTH",36.05109,-86.66636,"EMBANKMENT ROCK/STONE/CONCRETE","37013","2024","February","Winter","07","Friday","Weekday","No Injuries","No Fatalities"
9.99995102538166e-314,2024-02-23 07:35:00,1,0,0,NA,"N","NOT COLLISION W/MOTOR VEHICLE-TRANSPORT","RAIN","DARK - NOT LIGHTED","RICE RD & EDGE O LAKE DR","ANTIOCH","SOUTH",36.07277,-86.64598,"CURB","37013","2024","February","Winter","07","Friday","Weekday","No Injuries","No Fatalities"
9.99995109306866e-314,2024-02-23 11:55:00,3,0,0,NA,"Y","Front to Rear","RAIN","DAWN","MM 52 0 I 24","NASHVILLE","SOUTH",36.13384,-86.72676,"MOTOR VEHICLE IN TRANSPORT","37217","2024","February","Winter","11","Friday","Weekday","No Injuries","No Fatalities"
9.9999354726892e-314,2024-02-11 07:10:00,2,0,0,NA,"Y","ANGLE","RAIN","DARK - LIGHTED","HIGHWAY 70S & SAWYER BROWN RD","NASHVILLE","WEST",36.07689,-86.94522,"MOTOR VEHICLE IN TRANSPORT","37221","2024","February","Winter","07","Sunday","Weekend","No Injuries","No Fatalities"
9.99993548800523e-314,2024-02-11 10:29:00,2,0,0,NA,"Y","SIDESWIPE - SAME DIRECTION","RAIN","DARK - LIGHTED","LOVE CIR & 32ND AVE S","NASHVILLE","MIDTOW",36.13824,-86.81514,"MOTOR VEHICLE IN TRANSPORT;PARKED MOTOR VEHICLE","37212","2024","February","Winter","10","Sunday","Weekend","No Injuries","No Fatalities"
9.99993549146369e-314,2024-02-11 10:45:00,1,0,0,NA,"Y","NOT COLLISION W/MOTOR VEHICLE-TRANSPORT","RAIN","DARK - LIGHTED","WEST END AVE & 29TH AVE N","NASHVILLE","MIDTOW",36.14364,-86.81371,"BUILDING","37203","2024","February","Winter","10","Sunday","Weekend","No Injuries","No Fatalities"
9.99994362921895e-314,2024-02-17 08:16:00,2,0,0,NA,"Y","UNKNOWN","RAIN","DARK - NOT LIGHTED","HICKORY CLUB DR & ZELIDA AV","ANTIOCH","SOUTH",36.05434,-86.6401,"PARKED MOTOR VEHICLE","37013","2024","February","Winter","08","Saturday","Weekend","No Injuries","No Fatalities"
9.99993549343996e-314,2024-02-11 11:00:00,1,0,0,NA,"N","NOT COLLISION W/MOTOR VEHICLE-TRANSPORT","RAIN","DARK - NOT LIGHTED","HYDES FERRY RD & HORNBUCKLE LN","NASHVILLE","NORTH",36.1835,-86.8338,"UTILITY POLE","37218","2024","February","Winter","11","Sunday","Weekend","No Injuries","No Fatalities"
9.99993551715511e-314,2024-02-11 11:59:00,2,0,0,NA,"Y","SIDESWIPE - SAME DIRECTION","RAIN","DARK - NOT LIGHTED","MM 192 7 I 40","NASHVILLE","WEST",36.07699,-87.0163,"MOTOR VEHICLE IN TRANSPORT","37221","2024","February","Winter","11","Sunday","Weekend","No Injuries","No Fatalities"
9.99993591586608e-314,2024-02-10 06:00:00,1,0,0,NA,"Y","NOT COLLISION W/MOTOR VEHICLE-TRANSPORT","RAIN","DARK - LIGHTED","SEASONS DR & FORRESTAL WAY","ANTIOCH","SOUTH",36.07078,-86.5989,"TREE","37013","2024","February","Winter","06","Saturday","Weekend","No Injuries","No Fatalities"
9.99993604135876e-314,2024-02-12 03:52:00,1,0,0,NA,"Y","UNKNOWN","RAIN","UNKNOWN","0 UNKNOWN","NASHVILLE","HERMIT",36.17179,-86.60611,"UNKNOWN MOST HARMFUL EVENT","37214","2024","February","Winter","03","Monday","Weekday","No Injuries","No Fatalities"
9.99995200116131e-314,2024-02-23 05:00:00,2,0,0,NA,"Y","OTHER","RAIN","Dark-Unknown Lighting","GILLESPIE CT & GILLESPIE DR","ANTIOCH","SOUTH",36.062,-86.69473,"PARKED MOTOR VEHICLE","37013","2024","February","Winter","05","Friday","Weekday","No Injuries","No Fatalities"
9.99993708531947e-314,2024-02-13 00:20:00,2,1,0,NA,"N","ANGLE","RAIN","DARK - LIGHTED","100 BRILEY PKWYN","NASHVILLE","SOUTH",36.11662,-86.7031,"MOTOR VEHICLE IN TRANSPORT;WALL","37211","2024","February","Winter","00","Tuesday","Weekday","Injuries","No Fatalities"
9.99993715844118e-314,2024-02-13 01:20:00,1,0,0,NA,"N","NOT COLLISION W/MOTOR VEHICLE-TRANSPORT","RAIN","DARK - LIGHTED","MM 220 2 I 40","HERMITAGE","HERMIT",36.16668,-86.61139,"CONCRETE TRAFFIC BARRIER","37076","2024","February","Winter","01","Tuesday","Weekday","No Injuries","No Fatalities"
9.99993720438929e-314,2024-02-13 01:55:00,1,0,0,NA,"N","NOT COLLISION W/MOTOR VEHICLE-TRANSPORT","RAIN","DARK - LIGHTED","MM 57 8 I 24","ANTIOCH","SOUTH",36.06086,-86.68049,"WALL","37013","2024","February","Winter","01","Tuesday","Weekday","No Injuries","No Fatalities"
9.99993753294294e-314,2024-02-13 03:50:00,2,0,0,NA,"N","ANGLE","RAIN","DARK - LIGHTED","BRADFORD HILLS DR & LENOX VILLAGE DR","NASHVILLE","MIDTOW",36.02549,-86.71305,"","37211","2024","February","Winter","03","Tuesday","Weekday","No Injuries","No Fatalities"
9.99993784618056e-314,2024-02-13 11:21:00,2,0,0,NA,"N","Front to Rear","RAIN","Dark-Unknown Lighting","FRANKLIN LIMESTONE RD & MULLINS RD","NASHVILLE","SOUTH",36.0855,-86.66456,"MOTOR VEHICLE IN TRANSPORT","37217","2024","February","Winter","11","Tuesday","Weekday","No Injuries","No Fatalities"
9.99997706017087e-314,2024-03-15 02:45:00,1,0,0,NA,"N","NOT COLLISION W/MOTOR VEHICLE-TRANSPORT","RAIN","DARK - NOT LIGHTED","MM 193 9 I 40","NASHVILLE","WEST",36.07797,-86.9957,"GUARDRAIL FACE","37221","2024","March","Spring","02","Friday","Weekday","No Injuries","No Fatalities"
9.99997707598097e-314,2024-03-15 02:56:00,1,1,0,NA,"N","NOT COLLISION W/MOTOR VEHICLE-TRANSPORT","RAIN","DARK - NOT LIGHTED","MM 57 3 I 24","ANTIOCH","SOUTH",36.06642,-86.68628,"WALL","37013","2024","March","Spring","02","Friday","Weekday","Injuries","No Fatalities"
9.99997711105963e-314,2024-03-14 05:00:00,2,2,0,NA,"Y","ANGLE","RAIN","DARK - LIGHTED","5TH AVS & DIVISION ST","NASHVILLE","CENTRA",36.15215,-86.773,"MOTOR VEHICLE IN TRANSPORT;PARKED MOTOR VEHICLE","37203","2024","March","Spring","05","Thursday","Weekday","Injuries","No Fatalities"
9.99997711847062e-314,2024-03-15 03:21:00,1,1,0,NA,"N","NOT COLLISION W/MOTOR VEHICLE-TRANSPORT","RAIN","DARK - LIGHTED","MCMURRAY DR & AMALIE DR","NASHVILLE","MIDTOW",36.05452,-86.72522,"MOTOR VEHICLE IN TRANSPORT;DITCH","37211","2024","March","Spring","03","Friday","Weekday","Injuries","No Fatalities"
9.99997713773918e-314,2024-03-15 03:10:00,2,0,0,NA,"Y","ANGLE","RAIN","DARK - LIGHTED","WHITE BRIDGE PKE & LENOX AV","NASHVILLE","WEST",36.14845,-86.8579,"MOTOR VEHICLE IN TRANSPORT","37209","2024","March","Spring","03","Friday","Weekday","No Injuries","No Fatalities"
9.99997713823324e-314,2024-03-15 03:32:00,1,0,1,NA,"N","NOT COLLISION W/MOTOR VEHICLE-TRANSPORT","RAIN","DARK - LIGHTED","800 GALLATIN PIKE S","MADISON","MADISO",36.25327,-86.71674,"PEDESTRIAN","37115","2024","March","Spring","03","Friday","Weekday","No Injuries","With Fatalities"
9.99997726273779e-314,2024-03-15 05:30:00,2,2,0,NA,"N","ANGLE","RAIN","DARK - LIGHTED","OLD HICKORY BLVD & NOLENSVILLE PIKE","NASHVILLE","SOUTH",36.04537,-86.71326,"MOTOR VEHICLE IN TRANSPORT-OTHER ROADWAY","37211","2024","March","Spring","05","Friday","Weekday","Injuries","No Fatalities"
9.99997727311316e-314,2024-03-15 05:01:00,1,0,0,NA,"N","NOT COLLISION W/MOTOR VEHICLE-TRANSPORT","RAIN","DARK - LIGHTED","BRILEY PKWY & GLASTONBURY RD","NASHVILLE","HERMIT",36.13705,-86.69959,"GUARDRAIL FACE","37217","2024","March","Spring","05","Friday","Weekday","No Injuries","No Fatalities"
9.99997736698564e-314,2024-03-15 05:00:00,2,0,0,NA,"Y","NOT COLLISION W/MOTOR VEHICLE-TRANSPORT","RAIN","DARK - LIGHTED","CHARLOTTE AV & 45TH AVN","NASHVILLE","WEST",36.15222,-86.84147,"UTILITY POLE","37209","2024","March","Spring","05","Friday","Weekday","No Injuries","No Fatalities"
9.9999773862542e-314,2024-03-15 05:00:00,3,3,0,NA,"Y","Front to Rear","RAIN","DARK - LIGHTED","MM 212 3 I 40","NASHVILLE","HERMIT",36.1446,-86.73943,"MOTOR VEHICLE IN TRANSPORT","37210","2024","March","Spring","05","Friday","Weekday","Injuries","No Fatalities"
9.99997739218299e-314,2024-03-15 05:00:00,2,0,0,NA,"N","HEAD-ON","RAIN","DARK - LIGHTED","MURFREESBORO PKE & MAXWELL RD","ANTIOCH","SOUTH",36.03524,-86.59826,"MOTOR VEHICLE IN TRANSPORT;PARKED MOTOR VEHICLE","37013","2024","March","Spring","05","Friday","Weekday","No Injuries","No Fatalities"
9.99997739613551e-314,2024-03-15 05:00:00,2,0,0,NA,"Y","Front to Rear","RAIN","DARK - LIGHTED","NOLENSVILLE RD & NOLENSVILLE PIKE","NASHVILLE","SOUTH",36.09333,-86.73621,"MOTOR VEHICLE IN TRANSPORT;MOTOR VEHICLE IN TRANSPORT-OTHER ROADWAY","37210","2024","March","Spring","05","Friday","Weekday","No Injuries","No Fatalities"
9.99997740947528e-314,2024-03-15 09:03:00,1,0,0,NA,"N","NOT COLLISION W/MOTOR VEHICLE-TRANSPORT","RAIN","DARK - NOT LIGHTED","MM 58 9 I 24","ANTIOCH","SOUTH",36.04984,-86.66652,"WALL","37013","2024","March","Spring","09","Friday","Weekday","No Injuries","No Fatalities"
9.99997742281506e-314,2024-03-15 10:04:00,2,2,0,NA,"Y","ANGLE","RAIN","DARK - LIGHTED","ED TEMPLE BLVD & ROSA L PARKS BLVD","NASHVILLE","NORTH",36.18799,-86.82156,"MOTOR VEHICLE IN TRANSPORT","37228","2024","March","Spring","10","Friday","Weekday","Injuries","No Fatalities"
9.99997742775571e-314,2024-03-15 10:19:00,2,0,0,NA,"N","Front to Rear","RAIN","DARK - LIGHTED","MM 52 1 I 24","NASHVILLE","SOUTH",36.13442,-86.72674,"MOTOR VEHICLE IN TRANSPORT","37217","2024","March","Spring","10","Friday","Weekday","No Injuries","No Fatalities"
9.99997743862516e-314,2024-03-15 05:00:00,1,0,0,NA,"N","NOT COLLISION W/MOTOR VEHICLE-TRANSPORT","RAIN","DARK - NOT LIGHTED","PORTER RD & WENDELL AV","NASHVILLE","EAST",36.19558,-86.71105,"DITCH;Ran Off Road-Left","37206","2024","March","Spring","05","Friday","Weekday","No Injuries","No Fatalities"
9.99997744554207e-314,2024-03-15 05:00:00,2,3,0,NA,"N","ANGLE","RAIN","DARK - LIGHTED","500 OLD HICKORY BLVDW","MADISON","MADISO",36.2641,-86.72418,"MOTOR VEHICLE IN TRANSPORT","37115","2024","March","Spring","05","Friday","Weekday","Injuries","No Fatalities"
9.99997746728096e-314,2024-03-15 05:00:00,2,2,0,NA,"N","Front to Rear","RAIN","DARK - LIGHTED","LEBANON PKE & SPENCE LN","NASHVILLE","HERMIT",36.15289,-86.72809,"MOTOR VEHICLE IN TRANSPORT","37210","2024","March","Spring","05","Friday","Weekday","Injuries","No Fatalities"
9.99997747024536e-314,2024-03-15 11:39:00,2,0,0,NA,"N","Front to Rear","RAIN","DAWN","MM 60 3 I 24","ANTIOCH","SOUTH",36.0373,-86.64585,"MOTOR VEHICLE IN TRANSPORT","37013","2024","March","Spring","11","Friday","Weekday","No Injuries","No Fatalities"
9.99997747518601e-314,2024-03-15 11:31:00,2,0,0,NA,"N","ANGLE","RAIN","DAYLIGHT","DONELSON PKE & I40 W ENT RAMP","NASHVILLE","HERMIT",36.14316,-86.66665,"MOTOR VEHICLE IN TRANSPORT","37214","2024","March","Spring","11","Friday","Weekday","No Injuries","No Fatalities"
9.99997749396051e-314,2024-03-15 12:23:00,2,0,0,NA,"N","Front to Rear","RAIN","DAWN","BRILEY PKWYN & BRILEY PKWYS","NASHVILLE","SOUTH",36.19102,-86.68743,"MOTOR VEHICLE IN TRANSPORT","37211","2024","March","Spring","12","Friday","Weekday","No Injuries","No Fatalities"
9.99997750235962e-314,2024-03-15 11:49:00,2,0,0,NA,"N","SIDESWIPE - SAME DIRECTION","RAIN","DAWN","ASHLAND CITY HWY & ASHLAND CITY HWY EB E","NASHVILLE","NORTH",36.20999,-86.87267,"MOTOR VEHICLE IN TRANSPORT","37218","2024","March","Spring","11","Friday","Weekday","No Injuries","No Fatalities"
9.9999776594725e-314,2024-03-15 11:30:00,2,1,0,NA,"Y","ANGLE","RAIN","Dark-Unknown Lighting","DONELSON PKE & SHACKLETT DR","NASHVILLE","HERMIT",36.14382,-86.66668,"MOTOR VEHICLE IN TRANSPORT","37214","2024","March","Spring","11","Friday","Weekday","Injuries","No Fatalities"
9.99998576906601e-314,2024-03-22 08:31:00,1,0,0,NA,"N","NOT COLLISION W/MOTOR VEHICLE-TRANSPORT","RAIN","DARK - LIGHTED","0 BRILEY PKWY","NASHVILLE","SOUTH",36.11093,-86.71251,"DEER (ANIMAL);EMBANKMENT EARTH","37211","2024","March","Spring","08","Friday","Weekday","No Injuries","No Fatalities"
9.99998577252447e-314,2024-03-22 05:00:00,2,1,0,NA,"N","ANGLE","RAIN","DARK - LIGHTED","MYATT DR & ROOSEVELT AV","MADISON","MADISO",36.27026,-86.68978,"MOTOR VEHICLE IN TRANSPORT","37115","2024","March","Spring","05","Friday","Weekday","Injuries","No Fatalities"
9.99998654623127e-314,2024-03-23 00:39:00,2,1,0,NA,"N","ANGLE","RAIN","DARK - NOT LIGHTED","WOODRIDGE PVTDR & FLINTLOCK CT","NASHVILLE","HERMIT",36.08672,-86.63734,"MOTOR VEHICLE IN TRANSPORT","37217","2024","March","Spring","00","Saturday","Weekend","Injuries","No Fatalities"
9.99998657686334e-314,2024-03-22 05:00:00,3,0,0,NA,"Y","ANGLE","RAIN","DARK - LIGHTED","OLD HICKORY BLVD & BELLE FOREST SHOPPING","NASHVILLE","WEST",36.07577,-86.92092,"MOTOR VEHICLE IN TRANSPORT","37205","2024","March","Spring","05","Friday","Weekday","No Injuries","No Fatalities"
9.99998662626991e-314,2024-03-23 01:25:00,2,0,0,NA,"N","ANGLE","RAIN","DARK - LIGHTED","UNA ANTIOCH PIKE & MURFREESBORO PIKE","ANTIOCH","SOUTH",36.08595,-86.64915,"MOTOR VEHICLE IN TRANSPORT","37013","2024","March","Spring","01","Saturday","Weekend","No Injuries","No Fatalities"
9.99998663615122e-314,2024-03-23 01:48:00,1,1,0,NA,"N","NOT COLLISION W/MOTOR VEHICLE-TRANSPORT","RAIN","DARK - LIGHTED","SPENCE LN & MURFREESBORO PKE","NASHVILLE","HERMIT",36.1367,-86.7245,"DITCH;FENCE","37217","2024","March","Spring","01","Saturday","Weekend","Injuries","No Fatalities"
9.99998664751473e-314,2024-03-23 01:57:00,2,0,0,NA,"N","SIDESWIPE - SAME DIRECTION","RAIN","DARK - LIGHTED","I65 S ENT RAMP & I 65","NASHVILLE","NORTH",36.18244,-86.79955,"MOTOR VEHICLE IN TRANSPORT","37207","2024","March","Spring","01","Saturday","Weekend","No Injuries","No Fatalities"