"Accident.Number","Date.and.Time","Number.of.Motor.Vehicles","Number.of.Injuries","Number.of.Fatalities","Property.Damage","Hit.and.Run","Collision.Type.Description","Weather.Description","Illumination.Description","Street.Address","City","Precinct","Latitude","Longitude","HarmfulDescriptions","Zip.Code","Year","Month","Season","Hour","Weekday","DayType","Accident","Fatality_category"
9.99998665887824e-314,2024-03-23 02:01:00,2,3,0,NA,"N","ANGLE","RAIN","DARK - NOT LIGHTED","N 11TH ST & WOODLAND ST","NASHVILLE","EAST",36.17799,-86.7499,"MOTOR VEHICLE IN TRANSPORT","37206","2024","March","Spring","02","Saturday","Weekend","Injuries","No Fatalities"
9.99998667370021e-314,2024-03-23 02:10:00,1,1,0,NA,"Y","NOT COLLISION W/MOTOR VEHICLE-TRANSPORT","RAIN","DARK - LIGHTED","PINE ST & 12TH AVS","NASHVILLE","CENTRA",36.15255,-86.78495,"PEDESTRIAN","37203","2024","March","Spring","02","Saturday","Weekend","Injuries","No Fatalities"
9.99998668506372e-314,2024-03-23 02:23:00,1,1,0,NA,"Y","NOT COLLISION W/MOTOR VEHICLE-TRANSPORT","RAIN","DARK - LIGHTED","GALLATIN PKES & MADISON SQ","MADISON","MADISO",36.25386,-86.71631,"PEDESTRIAN","37115","2024","March","Spring","02","Saturday","Weekend","Injuries","No Fatalities"
9.99998670532041e-314,2024-03-23 01:05:00,2,0,0,NA,"N","ANGLE","RAIN","DARK - LIGHTED","CHARLOTTE PKE & I40 E ENT RAMP","NASHVILLE","WEST",36.13188,-86.89553,"MOTOR VEHICLE IN TRANSPORT","37205","2024","March","Spring","01","Saturday","Weekend","No Injuries","No Fatalities"
9.99998671668392e-314,2024-03-23 02:30:00,3,0,0,NA,"N","Front to Rear","RAIN","DARK - LIGHTED","MM 86 5 I 65","NASHVILLE","NORTH",36.19381,-86.77653,"MOTOR VEHICLE IN TRANSPORT","37207","2024","March","Spring","02","Saturday","Weekend","No Injuries","No Fatalities"
9.99998676312609e-314,2024-03-22 05:00:00,2,1,0,NA,"Y","HEAD-ON","RAIN","DARK - NOT LIGHTED","US HWY 70 & SPENCE LN","NASHVILLE","HERMIT",36.15353,-86.72285,"MOTOR VEHICLE IN TRANSPORT","37210","2024","March","Spring","05","Friday","Weekday","Injuries","No Fatalities"
9.99998676510235e-314,2024-03-23 02:50:00,2,0,0,NA,"Y","ANGLE","RAIN","DARK - LIGHTED","OLD MURFREESBORO PKE & SMITH SPRINGS RD","NASHVILLE","HERMIT",36.09677,-86.65456,"MOTOR VEHICLE IN TRANSPORT","37217","2024","March","Spring","02","Saturday","Weekend","No Injuries","No Fatalities"
9.99998679869882e-314,2024-03-23 03:42:00,2,0,0,NA,"N","Front to Rear","RAIN","DARK - LIGHTED","MM 49 1 I 24","NASHVILLE","EAST",36.16409,-86.76297,"MOTOR VEHICLE IN TRANSPORT","37206","2024","March","Spring","03","Saturday","Weekend","No Injuries","No Fatalities"
9.99998682142584e-314,2024-03-21 05:00:00,2,0,0,NA,"N","ANGLE","RAIN","DARK - LIGHTED","WEDGEWOOD AVE & 8TH AVE S","NASHVILLE","MIDTOW",36.13424,-86.77927,"","37204","2024","March","Spring","05","Thursday","Weekday","No Injuries","No Fatalities"
9.9999868219199e-314,2024-03-23 01:20:00,2,0,0,NA,"N","ANGLE","RAIN","DARK - LIGHTED","UNKNOWN RAMP  &  ROAD","NASHVILLE","SOUTH",36.15024,-86.77021,"MOTOR VEHICLE IN TRANSPORT","37211","2024","March","Spring","01","Saturday","Weekend","No Injuries","No Fatalities"
9.9999868248843e-314,2024-03-23 03:10:00,2,0,0,NA,"N","ANGLE","RAIN","DARK - LIGHTED","OLD HICKORY BLVD & WEST PARK DR","NASHVILLE","MIDTOW",36.03812,-86.80071,"","37027","2024","March","Spring","03","Saturday","Weekend","No Injuries","No Fatalities"
9.99998682636649e-314,2024-03-23 04:06:00,3,0,0,NA,"Y","ANGLE","RAIN","DARK - LIGHTED","US HWY 31W & E TRINITY LN","NASHVILLE","EAST",36.20617,-86.76845,"MOTOR VEHICLE IN TRANSPORT","37207","2024","March","Spring","04","Saturday","Weekend","No Injuries","No Fatalities"
9.99998685403417e-314,2024-03-22 05:00:00,2,0,0,NA,"N","ANGLE","RAIN","DARK - LIGHTED","DIVISION ST & MUSIC SQ W","NASHVILLE","MIDTOW",36.15199,-86.79293,"MOTOR VEHICLE IN TRANSPORT","37203","2024","March","Spring","05","Friday","Weekday","No Injuries","No Fatalities"
9.99998687527899e-314,2024-03-22 05:00:00,1,1,0,NA,"Y","NOT COLLISION W/MOTOR VEHICLE-TRANSPORT","RAIN","DARK - LIGHTED","MM 89 0 I 65","NASHVILLE","MADISO",36.23025,-86.77118,"CONCRETE TRAFFIC BARRIER","37207","2024","March","Spring","05","Friday","Weekday","Injuries","No Fatalities"
9.99998691381611e-314,2024-03-23 05:18:00,2,0,0,NA,"N","SIDESWIPE - SAME DIRECTION","RAIN","DARK - LIGHTED","DIVISION ST & 17TH AVE S","NASHVILLE","MIDTOW",36.15199,-86.79304,"","37203","2024","March","Spring","05","Saturday","Weekend","No Injuries","No Fatalities"
9.9999869182627e-314,2024-03-23 05:20:00,2,1,0,NA,"N","Front to Rear","RAIN","DARK - LIGHTED","MM 210 6 I 40","NASHVILLE","HERMIT",36.15281,-86.76583,"MOTOR VEHICLE IN TRANSPORT","37210","2024","March","Spring","05","Saturday","Weekend","Injuries","No Fatalities"
9.99998697903278e-314,2024-03-23 04:30:00,2,0,0,NA,"Y","Front to Rear","RAIN","DARK - LIGHTED","I65 N ENT RAMP & I 65","NASHVILLE","EAST",36.18372,-86.79772,"MOTOR VEHICLE IN TRANSPORT","37207","2024","March","Spring","04","Saturday","Weekend","No Injuries","No Fatalities"
9.99998703980285e-314,2024-03-23 07:13:00,2,0,0,NA,"N","ANGLE","RAIN","DARK - LIGHTED","ELGIN ST & NOLENSVILLE RD","NASHVILLE","MIDTOW",36.09985,-86.73964,"","37211","2024","March","Spring","07","Saturday","Weekend","No Injuries","No Fatalities"
9.99998706845866e-314,2024-03-23 08:12:00,2,1,0,NA,"Y","ANGLE","RAIN","DARK - NOT LIGHTED","HAYWOOD LN & EAST RIDGE DR","NASHVILLE","SOUTH",36.07003,-86.6988,"MOTOR VEHICLE IN TRANSPORT","37211","2024","March","Spring","08","Saturday","Weekend","Injuries","No Fatalities"
9.99998711835929e-314,2024-03-23 08:00:00,2,0,0,NA,"Y","Front to Rear","RAIN","DARK - LIGHTED","HARDING PL & NOLENSVILLE PKE","NASHVILLE","SOUTH",36.0796,-86.72632,"MOTOR VEHICLE IN TRANSPORT","37211","2024","March","Spring","08","Saturday","Weekend","No Injuries","No Fatalities"
9.99998712132368e-314,2024-03-23 05:00:00,2,3,0,NA,"N","Front to Rear","RAIN","DARK - LIGHTED","MM 212 8 I 40","NASHVILLE","HERMIT",36.14235,-86.735,"MOTOR VEHICLE IN TRANSPORT","37210","2024","March","Spring","05","Saturday","Weekend","Injuries","No Fatalities"
9.99998729721105e-314,2024-03-23 05:47:00,2,0,0,NA,"Y","ANGLE","RAIN","Dark-Unknown Lighting","10TH AVN & BUCHANAN ST","NASHVILLE","NORTH",36.18005,-86.80274,"PARKED MOTOR VEHICLE;Motor Vehicle-In-Motion Outside Trafficw","37208","2024","March","Spring","05","Saturday","Weekend","No Injuries","No Fatalities"
9.99998944392628e-314,2024-03-26 00:36:00,1,1,0,NA,"N","NOT COLLISION W/MOTOR VEHICLE-TRANSPORT","RAIN","DARK - NOT LIGHTED","WHISPERING HILLS DR & ADAMWOOD DR","NASHVILLE","MIDTOW",36.07017,-86.73005,"FENCE","37211","2024","March","Spring","00","Tuesday","Weekday","Injuries","No Fatalities"
9.9999894508432e-314,2024-03-26 00:36:00,2,0,0,NA,"N","ANGLE","RAIN","DARK - LIGHTED","I40 W ENT RAMP & I 40","NASHVILLE","HERMIT",36.16105,-86.793,"MOTOR VEHICLE IN TRANSPORT","37210","2024","March","Spring","00","Tuesday","Weekday","No Injuries","No Fatalities"
9.99998948147527e-314,2024-03-26 01:05:00,1,1,0,NA,"Y","NOT COLLISION W/MOTOR VEHICLE-TRANSPORT","RAIN","DARK - NOT LIGHTED","HESTER BEASLEY RD & HIGHWAY 100","NASHVILLE","WEST",36.02095,-87.02732,"TREE;Ran Off Road-Left","37221","2024","March","Spring","01","Tuesday","Weekday","Injuries","No Fatalities"
9.99998950667262e-314,2024-03-26 01:27:00,2,0,0,NA,"N","ANGLE","RAIN","DARK - NOT LIGHTED","I40 W EXT RAMP & I 40","NASHVILLE","CENTRA",36.14389,-86.68934,"MOTOR VEHICLE IN TRANSPORT","37203","2024","March","Spring","01","Tuesday","Weekday","No Injuries","No Fatalities"
9.99998950716669e-314,2024-03-26 01:25:00,2,0,0,NA,"N","ANGLE","RAIN","DARK - LIGHTED","4TH AVN & UNION ST","NASHVILLE","CENTRA",36.16505,-86.77983,"MOTOR VEHICLE IN TRANSPORT","37219","2024","March","Spring","01","Tuesday","Weekday","No Injuries","No Fatalities"
9.99998951358954e-314,2024-03-26 01:25:00,2,0,0,NA,"N","ANGLE","RAIN","DARK - NOT LIGHTED","OLD HICKORY BLVD & HICKORY VILLA DR","NASHVILLE","MIDTOW",36.0457,-86.72079,"MOTOR VEHICLE IN TRANSPORT","37211","2024","March","Spring","01","Tuesday","Weekday","No Injuries","No Fatalities"
9.99998953483436e-314,2024-03-26 01:43:00,2,0,0,NA,"N","Front to Rear","RAIN","DARK - LIGHTED","26TH AVN & 25TH AVN","NASHVILLE","NORTH",36.19053,-86.81748,"PARKED MOTOR VEHICLE","37208","2024","March","Spring","01","Tuesday","Weekday","No Injuries","No Fatalities"
9.99998960005103e-314,2024-03-26 02:08:00,2,1,0,NA,"Y","HEAD-ON","RAIN","DARK - LIGHTED","ANTIOCH PIKE & CANDY LN","NASHVILLE","SOUTH",36.09061,-86.6956,"MOTOR VEHICLE IN TRANSPORT","37211","2024","March","Spring","02","Tuesday","Weekday","Injuries","No Fatalities"
9.99998961437893e-314,2024-03-26 02:35:00,2,2,0,NA,"N","ANGLE","RAIN","DARK - LIGHTED","12TH AVN & CLINTON ST","NASHVILLE","NORTH",36.1649,-86.79485,"MOTOR VEHICLE IN TRANSPORT","37203","2024","March","Spring","02","Tuesday","Weekday","Injuries","No Fatalities"
9.99998963167123e-314,2024-03-26 02:49:00,2,1,0,NA,"Y","ANGLE","RAIN","DARK - LIGHTED","MM 57 8 I 24","ANTIOCH","SOUTH",36.0601,-86.68,"MOTOR VEHICLE IN TRANSPORT","37013","2024","March","Spring","02","Tuesday","Weekday","Injuries","No Fatalities"
9.99998964599913e-314,2024-03-26 02:00:00,2,0,0,NA,"Y","OTHER","RAIN","DARK - NOT LIGHTED","4861 BIG HORN DR","OLD HICKORY","HERMIT",36.21878,-86.58815,"PARKED MOTOR VEHICLE","37138","2024","March","Spring","02","Tuesday","Weekday","No Injuries","No Fatalities"
9.99998976852741e-314,2024-03-26 04:30:00,1,0,0,NA,"N","NOT COLLISION W/MOTOR VEHICLE-TRANSPORT","RAIN","DARK - LIGHTED","MM 211 4 I 40","NASHVILLE","HERMIT",36.15208,-86.75342,"GUARDRAIL FACE","37210","2024","March","Spring","04","Tuesday","Weekday","No Injuries","No Fatalities"
9.99998977890279e-314,2024-03-26 03:25:00,2,0,0,NA,"Y","Front to Rear","RAIN","DARK - LIGHTED","CHARLOTTE AV & 53RD AVN","NASHVILLE","WEST",36.15186,-86.85119,"MOTOR VEHICLE IN TRANSPORT","37209","2024","March","Spring","03","Tuesday","Weekday","No Injuries","No Fatalities"
9.99998982238057e-314,2024-03-26 05:05:00,1,0,0,NA,"N","NOT COLLISION W/MOTOR VEHICLE-TRANSPORT","RAIN","DARK - LIGHTED","OLD HICKORY BLVD & WOODLANDS AVE","NASHVILLE","MIDTOW",36.04223,-86.72647,"OTHER POST, POLE, SUPP.","37211","2024","March","Spring","05","Tuesday","Weekday","No Injuries","No Fatalities"
9.99998986338802e-314,2024-03-26 05:50:00,2,0,0,NA,"Y","ANGLE","RAIN","DARK - LIGHTED","CHURCH ST ALY & 18TH AVE N","NASHVILLE","MIDTOW",36.15505,-86.7975,"","37203","2024","March","Spring","05","Tuesday","Weekday","No Injuries","No Fatalities"
9.99998990637173e-314,2024-03-26 05:00:00,1,1,0,NA,"N","NOT COLLISION W/MOTOR VEHICLE-TRANSPORT","RAIN","DARK - NOT LIGHTED","MM 5 8 I-440","NASHVILLE","MIDTOW",36.12161,-86.75901,"CONCRETE TRAFFIC BARRIER","37204","2024","March","Spring","05","Tuesday","Weekday","Injuries","No Fatalities"
9.99998990735986e-314,2024-03-26 07:20:00,2,1,0,NA,"Y","SIDESWIPE - SAME DIRECTION","RAIN","DARK - NOT LIGHTED","BRILEY PKWYS & BRILEY PKWY S ENT RAMP","NASHVILLE","SOUTH",36.21548,-86.69236,"MOTOR VEHICLE IN TRANSPORT","37211","2024","March","Spring","07","Tuesday","Weekday","Injuries","No Fatalities"
9.99998991230052e-314,2024-03-26 07:32:00,1,0,0,NA,"N","UNKNOWN","RAIN","DARK - NOT LIGHTED","ANNEX AV & THUNDERBIRD DR","NASHVILLE","WEST",36.14169,-86.88503,"UNKNOWN MOST HARMFUL EVENT","37209","2024","March","Spring","07","Tuesday","Weekday","No Injuries","No Fatalities"
9.9999899197115e-314,2024-03-26 07:47:00,1,0,0,NA,"N","NOT COLLISION W/MOTOR VEHICLE-TRANSPORT","RAIN","DARK - LIGHTED","ELM HILL PKE & SANBORN DR","NASHVILLE","HERMIT",36.15057,-86.69451,"CULVERT","37210","2024","March","Spring","07","Tuesday","Weekday","No Injuries","No Fatalities"
9.99998994194446e-314,2024-03-26 09:16:00,1,0,0,NA,"N","NOT COLLISION W/MOTOR VEHICLE-TRANSPORT","RAIN","DARK - LIGHTED","MM 203 4 I 40","NASHVILLE","WEST",36.15034,-86.86719,"CONCRETE TRAFFIC BARRIER","37209","2024","March","Spring","09","Tuesday","Weekday","No Injuries","No Fatalities"
9.99998994490885e-314,2024-03-26 05:00:00,2,0,0,NA,"Y","ANGLE","RAIN","DARK - LIGHTED","MM 211 4 I 40","NASHVILLE","HERMIT",36.15173,-86.75209,"MOTOR VEHICLE IN TRANSPORT","37210","2024","March","Spring","05","Tuesday","Weekday","No Injuries","No Fatalities"
9.99998995330796e-314,2024-03-26 10:05:00,1,0,0,NA,"Y","NOT COLLISION W/MOTOR VEHICLE-TRANSPORT","RAIN","DARK - LIGHTED","MM 51 8 I-24","NASHVILLE","SOUTH",36.13656,-86.72733,"GUARDRAIL FACE","37210","2024","March","Spring","10","Tuesday","Weekday","No Injuries","No Fatalities"
9.99998995528423e-314,2024-03-26 10:12:00,1,2,0,NA,"N","NOT COLLISION W/MOTOR VEHICLE-TRANSPORT","RAIN","DARK - LIGHTED","MM 56 7 I 24","NASHVILLE","SOUTH",36.07309,-86.69196,"OTHER POST, POLE, SUPP.;WALL;EMBANKMENT ROCK/STONE/CONCRETE","37211","2024","March","Spring","10","Tuesday","Weekday","Injuries","No Fatalities"
9.99998996269521e-314,2024-03-26 10:30:00,2,0,0,NA,"N","Front to Rear","RAIN","DARK - LIGHTED","MM 57 0 I-24","NASHVILLE","SOUTH",36.06953,-86.68938,"MOTOR VEHICLE IN TRANSPORT","37211","2024","March","Spring","10","Tuesday","Weekday","No Injuries","No Fatalities"
9.99998998641036e-314,2024-03-26 10:24:00,2,0,0,NA,"N","NOT COLLISION W/MOTOR VEHICLE-TRANSPORT","RAIN","DAWN","MM 49 2 I 24","NASHVILLE","CENTRA",36.16303,-86.76152,"MOTOR VEHICLE IN TRANSPORT;CONCRETE TRAFFIC BARRIER","37213","2024","March","Spring","10","Tuesday","Weekday","No Injuries","No Fatalities"
9.99998999036289e-314,2024-03-26 11:28:00,2,1,0,NA,"N","ANGLE","RAIN","DARK - NOT LIGHTED","BROADMOOR DR & DICKERSON PKE","NASHVILLE","EAST",36.22938,-86.75928,"MOTOR VEHICLE IN TRANSPORT","37207","2024","March","Spring","11","Tuesday","Weekday","Injuries","No Fatalities"
9.999989998762e-314,2024-03-26 11:40:00,2,0,0,NA,"N","ANGLE","RAIN","DARK - LIGHTED","MCGAVOCK ST & 8TH AVS","NASHVILLE","CENTRA",36.15791,-86.78138,"MOTOR VEHICLE IN TRANSPORT","37203","2024","March","Spring","11","Tuesday","Weekday","No Injuries","No Fatalities"
9.99999001012551e-314,2024-03-26 11:55:00,2,0,0,NA,"N","Front to Rear","RAIN","DAYLIGHT","I40 W EXT RAMP & I 40","NASHVILLE","CENTRA",36.15721,-86.78991,"MOTOR VEHICLE IN TRANSPORT","37203","2024","March","Spring","11","Tuesday","Weekday","No Injuries","No Fatalities"
9.99999002593561e-314,2024-03-26 12:13:00,3,1,0,NA,"Y","Front to Rear","RAIN","DAYLIGHT","HOBSON PIKE & HAMILTON CHURCH RD","ANTIOCH","SOUTH",36.05947,-86.59671,"MOTOR VEHICLE IN TRANSPORT","37013","2024","March","Spring","12","Tuesday","Weekday","Injuries","No Fatalities"
9.99999007237779e-314,2024-03-26 12:36:00,2,0,0,NA,"N","SIDESWIPE - SAME DIRECTION","RAIN","DAYLIGHT","MM 53 6 I-24","NASHVILLE","SOUTH",36.11065,-86.72221,"MOTOR VEHICLE IN TRANSPORT","37211","2024","March","Spring","12","Tuesday","Weekday","No Injuries","No Fatalities"
9.9999900995514e-314,2024-03-26 12:00:00,1,0,0,NA,"N","NOT COLLISION W/MOTOR VEHICLE-TRANSPORT","RAIN","DAYLIGHT","CARROLTON STATION DR & UNA ANTIOCH PIKE","ANTIOCH","SOUTH",36.05909,-86.67062,"THROWN OR FALLING OBJECT","37013","2024","March","Spring","12","Tuesday","Weekday","No Injuries","No Fatalities"
9.99999012870127e-314,2024-03-26 12:55:00,3,0,0,NA,"N","ANGLE","RAIN","DAYLIGHT","DONELSON PKE & WHITLAND CROSSING DR","NASHVILLE","HERMIT",36.15376,-86.66552,"MOTOR VEHICLE IN TRANSPORT","37214","2024","March","Spring","12","Tuesday","Weekday","No Injuries","No Fatalities"
9.99999018354256e-314,2024-03-26 11:30:00,2,0,0,NA,"Y","SIDESWIPE - SAME DIRECTION","RAIN","DARK - LIGHTED","21ST AVS & CAPERS AV","NASHVILLE","MIDTOW",36.13875,-86.8006,"MOTOR VEHICLE IN TRANSPORT","37212","2024","March","Spring","11","Tuesday","Weekday","No Injuries","No Fatalities"
9.9999902907548e-314,2024-03-26 12:40:00,2,0,0,NA,"N","Front to Rear","RAIN","DAYLIGHT","MM 211 6 I 40","NASHVILLE","HERMIT",36.15096,-86.75018,"MOTOR VEHICLE IN TRANSPORT","37210","2024","March","Spring","12","Tuesday","Weekday","No Injuries","No Fatalities"
9.99996466011129e-314,2024-03-05 11:50:00,2,1,0,NA,"N","ANGLE","RAIN","DAYLIGHT","CHARLOTTE AV & 46TH AVN","NASHVILLE","WEST",36.1522,-86.84222,"MOTOR VEHICLE IN TRANSPORT","37209","2024","March","Spring","11","Tuesday","Weekday","Injuries","No Fatalities"
9.99996485477316e-314,2024-03-05 06:00:00,2,1,0,NA,"N","Front to Rear","RAIN","DAYLIGHT","WEST END AV & CRAIGHEAD AV","NASHVILLE","WEST",36.13391,-86.82713,"MOTOR VEHICLE IN TRANSPORT","37205","2024","March","Spring","06","Tuesday","Weekday","Injuries","No Fatalities"
9.99996507611457e-314,2024-03-05 06:00:00,2,0,0,NA,"Y","ANGLE","RAIN","DAYLIGHT","4235 NOLENSVILLE PKE","NASHVILLE","MIDTOW",36.07475,-86.72529,"PARKED MOTOR VEHICLE;Motor Vehicle-In-Motion Outside Trafficw","37211","2024","March","Spring","06","Tuesday","Weekday","No Injuries","No Fatalities"
9.99996542788931e-314,2024-03-06 01:37:00,2,0,0,NA,"N","ANGLE","RAIN","DARK - LIGHTED","I40 W EXT RAMP & I 40","NASHVILLE","CENTRA",36.17083,-86.60153,"MOTOR VEHICLE IN TRANSPORT","37203","2024","March","Spring","01","Wednesday","Weekday","No Injuries","No Fatalities"
9.99996544419347e-314,2024-03-06 00:48:00,2,0,0,NA,"N","Front to Rear","RAIN","DARK - LIGHTED","WHITES CREEK PKE & CHERRY GROVE LN","WHITES CREEK","NORTH",36.25451,-86.83004,"MOTOR VEHICLE IN TRANSPORT","37189","2024","March","Spring","00","Wednesday","Weekday","No Injuries","No Fatalities"
9.99996553164309e-314,2024-03-06 03:08:00,2,0,0,NA,"N","SIDESWIPE - SAME DIRECTION","RAIN","DARK - NOT LIGHTED","BELL RD & HARRIS HILLS LN","ANTIOCH","SOUTH",36.0435,-86.68881,"MOTOR VEHICLE IN TRANSPORT","37013","2024","March","Spring","03","Wednesday","Weekday","No Injuries","No Fatalities"
9.99996555437011e-314,2024-03-05 06:00:00,2,0,0,NA,"N","SIDESWIPE - SAME DIRECTION","RAIN","DARK - LIGHTED","CHARLES E DAVIS BLVD & LAFAYETTE ST","NASHVILLE","SOUTH",36.14884,-86.76247,"MOTOR VEHICLE IN TRANSPORT","37210","2024","March","Spring","06","Tuesday","Weekday","No Injuries","No Fatalities"
9.99996562106897e-314,2024-03-05 06:00:00,2,1,0,NA,"Y","ANGLE","RAIN","DARK - LIGHTED","ROSA L PARKS BLVD & CHARLOTTE AV","NASHVILLE","CENTRA",36.16388,-86.78663,"MOTOR VEHICLE IN TRANSPORT","37203","2024","March","Spring","06","Tuesday","Weekday","Injuries","No Fatalities"
9.99996563095029e-314,2024-03-06 04:10:00,3,1,0,NA,"N","Front to Rear","RAIN","DARK - LIGHTED","GALLATIN AV & CAHAL AV","NASHVILLE","EAST",36.19676,-86.7422,"MOTOR VEHICLE IN TRANSPORT","37206","2024","March","Spring","04","Wednesday","Weekday","Injuries","No Fatalities"
9.99996567195773e-314,2024-03-06 04:53:00,1,1,0,NA,"N","NOT COLLISION W/MOTOR VEHICLE-TRANSPORT","RAIN","DARK - LIGHTED","MCGAVOCK PKE & PINEWAY DR","NASHVILLE","SOUTH",36.11346,-86.69972,"DITCH","37217","2024","March","Spring","04","Wednesday","Weekday","Injuries","No Fatalities"
9.9999657213643e-314,2024-03-06 05:22:00,2,1,0,NA,"Y","SIDESWIPE - SAME DIRECTION","RAIN","DARK - LIGHTED","TUSCULUM RD & PACKARD DR","ANTIOCH","SOUTH",36.0594,-86.70771,"MOTOR VEHICLE IN TRANSPORT;MAIL BOX","37013","2024","March","Spring","05","Wednesday","Weekday","Injuries","No Fatalities"
9.99996574804384e-314,2024-03-06 06:05:00,1,0,0,NA,"N","NOT COLLISION W/MOTOR VEHICLE-TRANSPORT","RAIN","DARK - NOT LIGHTED","0 OLD HICKORY BLVD","NASHVILLE","WEST",36.09794,-86.9242,"DITCH","37205","2024","March","Spring","06","Wednesday","Weekday","No Injuries","No Fatalities"
9.99996575693703e-314,2024-03-06 06:00:00,2,0,0,NA,"Y","SIDESWIPE - SAME DIRECTION","RAIN","DARK - NOT LIGHTED","MARIE ST & MERIDIAN ST","NASHVILLE","EAST",36.19688,-86.7681,"PARKED MOTOR VEHICLE","37207","2024","March","Spring","06","Wednesday","Weekday","No Injuries","No Fatalities"
9.99996592738967e-314,2024-03-06 10:37:00,1,0,0,NA,"Y","UNKNOWN","RAIN","DARK - LIGHTED","FOREST PARK RD & ROBIN HOOD CONDOMINIUMS","MADISON","MADISO",36.25891,-86.70381,"DITCH;UNKNOWN MOST HARMFUL EVENT","37115","2024","March","Spring","10","Wednesday","Weekday","No Injuries","No Fatalities"
9.99996594665823e-314,2024-03-06 06:00:00,3,0,0,NA,"Y","SIDESWIPE - SAME DIRECTION","RAIN","DARK - LIGHTED","MM 56 2 I 24","NASHVILLE","SOUTH",36.08016,-86.69656,"MOTOR VEHICLE IN TRANSPORT","37211","2024","March","Spring","06","Wednesday","Weekday","No Injuries","No Fatalities"
9.99996595555142e-314,2024-03-06 12:00:00,2,2,0,NA,"N","Front to Rear","RAIN","DAWN","CENTENNIAL BLVD & BRILEY PKWY S EXT RAMP","NASHVILLE","WEST",36.17127,-86.87098,"MOTOR VEHICLE IN TRANSPORT","37209","2024","March","Spring","12","Wednesday","Weekday","Injuries","No Fatalities"
9.99996596098614e-314,2024-03-06 11:58:00,3,0,0,NA,"Y","SIDESWIPE - SAME DIRECTION","RAIN","DARK - NOT LIGHTED","MM 49 6 I 24","NASHVILLE","CENTRA",36.1595,-86.76005,"","37210","2024","March","Spring","11","Wednesday","Weekday","No Injuries","No Fatalities"
9.99996596691492e-314,2024-03-06 12:25:00,2,2,0,NA,"N","SIDESWIPE - SAME DIRECTION","RAIN","DAYLIGHT","MM 43 9 I 24","NASHVILLE","NORTH",36.23127,-86.78297,"MOTOR VEHICLE IN TRANSPORT","37207","2024","March","Spring","12","Wednesday","Weekday","Injuries","No Fatalities"
9.99996598272503e-314,2024-03-06 12:47:00,2,0,0,NA,"N","REAR-TO-REAR","RAIN","DAYLIGHT","MM 87 8 I 65","NASHVILLE","EAST",36.2139,-86.7754,"MOTOR VEHICLE IN TRANSPORT;CONCRETE TRAFFIC BARRIER","37207","2024","March","Spring","12","Wednesday","Weekday","No Injuries","No Fatalities"
9.99996639675204e-314,2024-03-06 03:30:00,2,0,0,NA,"Y","SIDESWIPE - SAME DIRECTION","RAIN","DARK - LIGHTED","I24 E ENT RAMP & I 24","NASHVILLE","CENTRA",36.04462,-86.65941,"MOTOR VEHICLE IN TRANSPORT;GUARDRAIL END","37213","2024","March","Spring","03","Wednesday","Weekday","No Injuries","No Fatalities"
9.99996647382628e-314,2024-03-06 05:27:00,1,0,0,NA,"Y","NOT COLLISION W/MOTOR VEHICLE-TRANSPORT","RAIN","DARK - LIGHTED","2136 CENTURY FARMS","ANTIOCH","SOUTH",36.03512,-86.65357,"OTHER FIXED OBJECTS","37013","2024","March","Spring","05","Wednesday","Weekday","No Injuries","No Fatalities"
9.99996893921385e-314,2024-03-08 12:37:00,2,1,0,NA,"N","Front to Rear","RAIN","DAYLIGHT","KOREAN VETERANS BLVD & 6TH AVS","NASHVILLE","CENTRA",36.15606,-86.77687,"MOTOR VEHICLE IN TRANSPORT;PARKED MOTOR VEHICLE","37203","2024","March","Spring","12","Friday","Weekday","Injuries","No Fatalities"
9.99996948861485e-314,2024-03-09 00:02:00,2,0,0,NA,"Y","ANGLE","RAIN","DARK - LIGHTED","HAYWOOD LN & BAKERTOWN RD","NASHVILLE","SOUTH",36.06997,-86.68563,"MOTOR VEHICLE IN TRANSPORT","37211","2024","March","Spring","00","Saturday","Weekend","No Injuries","No Fatalities"
9.9999694965199e-314,2024-03-09 00:24:00,1,0,0,NA,"N","NOT COLLISION W/MOTOR VEHICLE-TRANSPORT","RAIN","DARK - NOT LIGHTED","ANTIOCH PKE & MILL CREEK BLUE HOLE GRNWY","ANTIOCH","SOUTH",36.06666,-86.6816,"DITCH","37013","2024","March","Spring","00","Saturday","Weekend","No Injuries","No Fatalities"
9.99996996143567e-314,2024-03-09 05:38:00,2,0,0,NA,"Y","Front to Rear","RAIN","DARK - LIGHTED","US HWY 41 & GLENGARRY DR","NASHVILLE","HERMIT",36.12071,-86.70327,"MOTOR VEHICLE IN TRANSPORT","37217","2024","March","Spring","05","Saturday","Weekend","No Injuries","No Fatalities"
9.99997000688971e-314,2024-03-09 06:00:00,2,2,0,NA,"N","Front to Rear","RAIN","DARK - LIGHTED","BOWFIELD DR & DOWDY DR","ANTIOCH","SOUTH",36.06806,-86.66905,"MOTOR VEHICLE IN TRANSPORT","37013","2024","March","Spring","06","Saturday","Weekend","Injuries","No Fatalities"
9.99997001973542e-314,2024-03-09 06:27:00,1,1,0,NA,"N","NOT COLLISION W/MOTOR VEHICLE-TRANSPORT","RAIN","DARK - NOT LIGHTED","TROUSDALE DR & VERITAS ST","NASHVILLE","MIDTOW",36.09821,-86.74952,"DITCH","37204","2024","March","Spring","06","Saturday","Weekend","Injuries","No Fatalities"