"Accident.Number","Date.and.Time","Number.of.Motor.Vehicles","Number.of.Injuries","Number.of.Fatalities","Property.Damage","Hit.and.Run","Collision.Type.Description","Weather.Description","Illumination.Description","Street.Address","City","Precinct","Latitude","Longitude","HarmfulDescriptions","Zip.Code","Year","Month","Season","Hour","Weekday","DayType","Accident","Fatality_category"
9.99997003653365e-314,2024-03-09 06:47:00,2,0,0,NA,"N","HEAD-ON","RAIN","DARK - LIGHTED","3600 ANDERSON RD","NASHVILLE","HERMIT",36.075908,-86.608659,"MOTOR VEHICLE IN TRANSPORT","37217","2024","March","Spring","06","Saturday","Weekend","No Injuries","No Fatalities"
9.99997005777847e-314,2024-03-09 06:00:00,2,1,0,NA,"Y","UNKNOWN","RAIN","DARK - LIGHTED","MM 212 4 I 40","NASHVILLE","HERMIT",36.14388,-86.73848,"MOTOR VEHICLE IN TRANSPORT;GUARDRAIL FACE","37210","2024","March","Spring","06","Saturday","Weekend","Injuries","No Fatalities"
9.99997006420133e-314,2024-03-09 07:13:00,1,0,0,NA,"N","NOT COLLISION W/MOTOR VEHICLE-TRANSPORT","RAIN","DARK - LIGHTED","MM 209 7 I 40","NASHVILLE","CENTRA",36.14852,-86.78114,"EMBANKMENT EARTH","37203","2024","March","Spring","07","Saturday","Weekend","No Injuries","No Fatalities"
9.99997007309451e-314,2024-03-09 07:15:00,3,0,0,NA,"Y","SIDESWIPE - SAME DIRECTION","RAIN","DARK - LIGHTED","NOLENSVILLE PIKE & YELTON CT","NASHVILLE","SOUTH",36.09046,-86.73399,"MOTOR VEHICLE IN TRANSPORT;GUARDRAIL END;EMBANKMENT EARTH;UNKNOWN MOST HARMFUL EVENT","37211","2024","March","Spring","07","Saturday","Weekend","No Injuries","No Fatalities"
9.99997012447733e-314,2024-03-09 07:45:00,3,0,0,NA,"N","Front to Rear","RAIN","DARK - LIGHTED","THOMPSON PL & PATRICIA DR","NASHVILLE","HERMIT",36.12721,-86.70656,"PARKED MOTOR VEHICLE;Motor Vehicle-In-Motion Outside Trafficw","37217","2024","March","Spring","07","Saturday","Weekend","No Injuries","No Fatalities"
9.99997012842986e-314,2024-03-09 08:14:00,2,1,0,NA,"N","HEAD-ON","RAIN","DARK - LIGHTED","NOLENSVILLE PKE & HAYWOOD LN","NASHVILLE","MIDTOW",36.06877,-86.7198,"MOTOR VEHICLE IN TRANSPORT-OTHER ROADWAY","37211","2024","March","Spring","08","Saturday","Weekend","Injuries","No Fatalities"
9.99997014473403e-314,2024-03-09 08:25:00,1,1,0,NA,"N","UNKNOWN","RAIN","DARK - LIGHTED","I24 E EXT RAMP & I 24","NASHVILLE","NORTH",36.04532,-86.66007,"UNKNOWN MOST HARMFUL EVENT","37207","2024","March","Spring","08","Saturday","Weekend","Injuries","No Fatalities"
9.99997017289577e-314,2024-03-09 09:19:00,1,0,0,NA,"N","NOT COLLISION W/MOTOR VEHICLE-TRANSPORT","RAIN","DARK - LIGHTED","EAST THOMPSON LN & LAWNDALE DR","NASHVILLE","SOUTH",36.12541,-86.7135,"DITCH","37217","2024","March","Spring","09","Saturday","Weekend","No Injuries","No Fatalities"
1.00000162697146e-313,2024-04-17 11:13:00,2,0,0,NA,"N","ANGLE","RAIN","DAWN","ELM HILL PKE & MARRIOTT DR","NASHVILLE","HERMIT",36.15313,-86.68852,"MOTOR VEHICLE IN TRANSPORT","37214","2024","April","Spring","11","Wednesday","Weekday","No Injuries","No Fatalities"
1.00000162741612e-313,2024-04-17 11:34:00,2,0,0,NA,"Y","SIDESWIPE - OPPOSITE DIRECTION","RAIN","DAYLIGHT","CLARKSVILLE PIKE & KINGS LN","NASHVILLE","NORTH",36.21978,-86.83692,"","37218","2024","April","Spring","11","Wednesday","Weekday","No Injuries","No Fatalities"
1.00000162889832e-313,2024-04-17 11:49:00,1,0,0,NA,"N","NOT COLLISION W/MOTOR VEHICLE-TRANSPORT","RAIN","DAYLIGHT","BRILEY PKWYE & BRILEY PKWYW","NASHVILLE","MADISO",36.2342,-86.71969,"CONCRETE TRAFFIC BARRIER","37207","2024","April","Spring","11","Wednesday","Weekday","No Injuries","No Fatalities"
1.00000163151686e-313,2024-04-17 12:21:00,2,0,0,NA,"N","Front to Rear","RAIN","DAYLIGHT","LEALAND LN & CALDWELL LN","NASHVILLE","MIDTOW",36.10597,-86.78913,"MOTOR VEHICLE IN TRANSPORT","37204","2024","April","Spring","12","Wednesday","Weekday","No Injuries","No Fatalities"
1.00000163245559e-313,2024-04-17 11:50:00,2,0,0,NA,"Y","ANGLE","RAIN","DAYLIGHT","MM 209 8 I-40","NASHVILLE","CENTRA",36.14915,-86.78122,"","37203","2024","April","Spring","11","Wednesday","Weekday","No Injuries","No Fatalities"
1.0000016340366e-313,2024-04-17 12:36:00,2,3,0,NA,"N","HEAD-ON","RAIN","DAYLIGHT","ARLINGTON AV & ELM HILL PKE","NASHVILLE","HERMIT",36.14375,-86.73045,"MOTOR VEHICLE IN TRANSPORT","37210","2024","April","Spring","12","Wednesday","Weekday","Injuries","No Fatalities"
1.00000163517295e-313,2024-04-17 12:30:00,2,0,0,NA,"N","Front to Rear","RAIN","DAYLIGHT","CLARKSVILLE PIKE & RIVERCLIFF DR","NASHVILLE","NORTH",36.19085,-86.82668,"MOTOR VEHICLE IN TRANSPORT","37208","2024","April","Spring","12","Wednesday","Weekday","No Injuries","No Fatalities"
1.00000163808794e-313,2024-04-17 12:57:00,2,0,0,NA,"N","Front to Rear","RAIN","DAYLIGHT","MURFREESBORO PIKE & MURFREESBORO RD","NASHVILLE","SOUTH",36.07578,-86.63977,"","37217","2024","April","Spring","12","Wednesday","Weekday","No Injuries","No Fatalities"
1.00000053009632e-313,2024-04-08 08:30:00,4,1,0,NA,"N","Front to Rear","RAIN","DARK - LIGHTED","MM 211 2 I 40","NASHVILLE","HERMIT",36.15321,-86.75563,"MOTOR VEHICLE IN TRANSPORT","37210","2024","April","Spring","08","Monday","Weekday","Injuries","No Fatalities"
1.00000053251724e-313,2024-04-08 09:35:00,3,0,0,NA,"N","ANGLE","RAIN","DARK - NOT LIGHTED","MM 211 1 I 40","NASHVILLE","HERMIT",36.15397,-86.75737,"MOTOR VEHICLE IN TRANSPORT","37210","2024","April","Spring","09","Monday","Weekday","No Injuries","No Fatalities"
1.00000053350537e-313,2024-04-08 10:18:00,2,0,0,NA,"Y","Front to Rear","RAIN","DARK - NOT LIGHTED","MM 56 0 I-24","NASHVILLE","SOUTH",36.08304,-86.69779,"MOTOR VEHICLE IN TRANSPORT","37211","2024","April","Spring","10","Monday","Weekday","No Injuries","No Fatalities"
1.00000066359286e-313,2024-04-09 11:15:00,2,0,0,NA,"N","ANGLE","RAIN","DAWN","STATE RT 45 & GALLATIN PKEN","MADISON","MADISO",36.26307,-86.71192,"MOTOR VEHICLE IN TRANSPORT","37115","2024","April","Spring","11","Tuesday","Weekday","No Injuries","No Fatalities"
1.00000066527268e-313,2024-04-09 05:00:00,1,0,0,NA,"N","NOT COLLISION W/MOTOR VEHICLE-TRANSPORT","RAIN","DARK - NOT LIGHTED","VENUS DR & SATURN DR","NASHVILLE","HERMIT",36.12322,-86.69675,"DITCH","37217","2024","April","Spring","05","Tuesday","Weekday","No Injuries","No Fatalities"
1.00000066779241e-313,2024-04-09 12:00:00,2,0,0,NA,"N","Front to Rear","RAIN","DAYLIGHT","BELL RD & STONES RIVER GRNWY","HERMITAGE","HERMIT",36.15688,-86.61812,"MOTOR VEHICLE IN TRANSPORT","37076","2024","April","Spring","12","Tuesday","Weekday","No Injuries","No Fatalities"
1.00000066873114e-313,2024-04-09 12:10:00,2,0,0,NA,"N","ANGLE","RAIN","DAWN","MCGAVOCK PIKE & KNOBDALE RD","NASHVILLE","HERMIT",36.18641,-86.67779,"","37214","2024","April","Spring","12","Tuesday","Weekday","No Injuries","No Fatalities"
1.0000006744623e-313,2024-04-09 12:50:00,2,0,0,NA,"N","Front to Rear","RAIN","DAYLIGHT","ROSA L PARKS BLVD & GREAT CIRCLE RD","NASHVILLE","NORTH",36.19367,-86.80703,"MOTOR VEHICLE IN TRANSPORT","37228","2024","April","Spring","12","Tuesday","Weekday","No Injuries","No Fatalities"
1.0000006766856e-313,2024-04-09 12:50:00,2,0,0,NA,"N","Front to Rear","RAIN","DAYLIGHT","ASHLAND CITY HWY & BRILEY PKWY N ENT RAM","NASHVILLE","NORTH",36.20931,-86.86814,"MOTOR VEHICLE IN TRANSPORT","37218","2024","April","Spring","12","Tuesday","Weekday","No Injuries","No Fatalities"
1.00000067703144e-313,2024-04-09 12:46:00,2,1,0,NA,"N","Front to Rear","RAIN","DAYLIGHT","MM 90 6 I 65","MADISON","MADISO",36.24411,-86.74761,"MOTOR VEHICLE IN TRANSPORT","37115","2024","April","Spring","12","Tuesday","Weekday","Injuries","No Fatalities"
1.00000074684292e-313,2024-04-10 01:02:00,1,1,0,NA,"N","NOT COLLISION W/MOTOR VEHICLE-TRANSPORT","RAIN","DARK - LIGHTED","OLD HICKORY BLVD & BELLE FOREST CONDOS P","NASHVILLE","WEST",36.07799,-86.91969,"OTHER POST, POLE, SUPP.;CURB;DITCH;Ran Off Road-Right;PEDESTRIAN","37205","2024","April","Spring","01","Wednesday","Weekday","Injuries","No Fatalities"
1.00000075109188e-313,2024-04-10 01:46:00,2,0,0,NA,"N","Front to Rear","RAIN","DARK - LIGHTED","I65 S ENT RAMP & I 65","NASHVILLE","NORTH",36.18344,-86.79904,"MOTOR VEHICLE IN TRANSPORT","37207","2024","April","Spring","01","Wednesday","Weekday","No Injuries","No Fatalities"
1.00000075173417e-313,2024-04-10 01:54:00,1,0,0,NA,"N","NOT COLLISION W/MOTOR VEHICLE-TRANSPORT","RAIN","DARK - NOT LIGHTED","0 BELL RD","HERMITAGE","HERMIT",36.16165,-86.59932,"SHRUBBERY","37076","2024","April","Spring","01","Wednesday","Weekday","No Injuries","No Fatalities"
1.00000075904634e-313,2024-04-10 02:47:00,2,0,0,NA,"N","ANGLE","RAIN","DARK - LIGHTED","HIGHWAY 70S & BELLEVUE CTR PVTDR","NASHVILLE","WEST",36.07802,-86.94907,"MOTOR VEHICLE IN TRANSPORT","37221","2024","April","Spring","02","Wednesday","Weekday","No Injuries","No Fatalities"
1.00000076072616e-313,2024-04-10 00:30:00,2,1,0,NA,"Y","ANGLE","RAIN","DARK - LIGHTED","MONACO DR & LEBANON PIKE","HERMITAGE","HERMIT",36.20603,-86.61327,"MOTOR VEHICLE IN TRANSPORT","37076","2024","April","Spring","00","Wednesday","Weekday","Injuries","No Fatalities"
1.0000007632953e-313,2024-04-10 02:30:00,2,0,0,NA,"Y","Front to Rear","RAIN","DARK - LIGHTED","HAYWOOD LN & EZELL RD","NASHVILLE","SOUTH",36.06959,-86.69391,"MOTOR VEHICLE IN TRANSPORT","37211","2024","April","Spring","02","Wednesday","Weekday","No Injuries","No Fatalities"
1.00000076566682e-313,2024-04-09 05:00:00,1,0,0,NA,"Y","NOT COLLISION W/MOTOR VEHICLE-TRANSPORT","RAIN","DARK - LIGHTED","LINBAR DR & LUNA CT","NASHVILLE","SOUTH",36.07852,-86.69625,"GUARDRAIL FACE","37211","2024","April","Spring","05","Tuesday","Weekday","No Injuries","No Fatalities"
1.00000076650673e-313,2024-04-10 02:03:00,2,0,0,NA,"Y","Front to Rear","RAIN","DARK - LIGHTED","GREENFIELD AV & GALLATIN PKE","NASHVILLE","EAST",36.21092,-86.73311,"MOTOR VEHICLE IN TRANSPORT","37216","2024","April","Spring","02","Wednesday","Weekday","No Injuries","No Fatalities"
1.00000077060748e-313,2024-04-09 05:00:00,1,0,0,NA,"Y","NOT COLLISION W/MOTOR VEHICLE-TRANSPORT","RAIN","DARK - LIGHTED","NOLENSVILLE RD & NOLENSVILLE PIKE","NASHVILLE","SOUTH",36.03696,-86.71331,"CONCRETE TRAFFIC BARRIER","37210","2024","April","Spring","05","Tuesday","Weekday","No Injuries","No Fatalities"
1.00000077288018e-313,2024-04-10 04:31:00,1,1,0,NA,"N","NOT COLLISION W/MOTOR VEHICLE-TRANSPORT","RAIN","DARK - LIGHTED","TAMPA DR & HARDING PL","NASHVILLE","SOUTH",36.08267,-86.71049,"","37211","2024","April","Spring","04","Wednesday","Weekday","Injuries","No Fatalities"
1.00000078019235e-313,2024-04-10 05:32:00,2,0,0,NA,"Y","SIDESWIPE - SAME DIRECTION","RAIN","DARK - LIGHTED","MM 57 2 I 24","NASHVILLE","SOUTH",36.0665,-86.68636,"MOTOR VEHICLE IN TRANSPORT","37211","2024","April","Spring","05","Wednesday","Weekday","No Injuries","No Fatalities"
1.00000078780096e-313,2024-04-10 08:15:00,1,0,0,NA,"N","NOT COLLISION W/MOTOR VEHICLE-TRANSPORT","RAIN","DARK - LIGHTED","MM 56 9 I 24","NASHVILLE","SOUTH",36.0705,-86.69026,"CONCRETE TRAFFIC BARRIER","37211","2024","April","Spring","08","Wednesday","Weekday","No Injuries","No Fatalities"
1.00000078977722e-313,2024-04-10 05:00:00,1,0,1,NA,"N","NOT COLLISION W/MOTOR VEHICLE-TRANSPORT","RAIN","DARK - LIGHTED","MM 55 2 I-24","NASHVILLE","SOUTH",36.09324,-86.70544,"SHRUBBERY;OTHER FIXED OBJECTS;Ran Off Road-Right","37211","2024","April","Spring","05","Wednesday","Weekday","No Injuries","With Fatalities"
1.00000078982663e-313,2024-04-10 07:20:00,2,0,0,NA,"Y","Front to Rear","RAIN","DARK - LIGHTED","SHELBY AV & S 6TH ST","NASHVILLE","EAST",36.16869,-86.75938,"PARKED MOTOR VEHICLE","37206","2024","April","Spring","07","Wednesday","Weekday","No Injuries","No Fatalities"
1.00000079155586e-313,2024-04-10 05:00:00,1,0,0,NA,"N","NOT COLLISION W/MOTOR VEHICLE-TRANSPORT","RAIN","DARK - LIGHTED","AMALIE DR & MCMURRAY DR","NASHVILLE","MIDTOW",36.0545,-86.72531,"TREE","37211","2024","April","Spring","05","Wednesday","Weekday","No Injuries","No Fatalities"
1.0000007919017e-313,2024-04-10 10:15:00,1,0,0,NA,"N","NOT COLLISION W/MOTOR VEHICLE-TRANSPORT","RAIN","DARK - LIGHTED","MM 89 4 I 65","NASHVILLE","EAST",36.23471,-86.76607,"","37207","2024","April","Spring","10","Wednesday","Weekday","No Injuries","No Fatalities"
1.00000079200052e-313,2024-04-10 10:19:00,2,0,0,NA,"Y","SIDESWIPE - SAME DIRECTION","RAIN","DARK - LIGHTED","MM 86 4 I 65","NASHVILLE","EAST",36.19219,-86.77732,"MOTOR VEHICLE IN TRANSPORT","37207","2024","April","Spring","10","Wednesday","Weekday","No Injuries","No Fatalities"
1.00000079536016e-313,2024-04-10 11:05:00,1,0,0,NA,"N","NOT COLLISION W/MOTOR VEHICLE-TRANSPORT","RAIN","DAYLIGHT","LINBAR DR & MARGO LN","NASHVILLE","SOUTH",36.08148,-86.69885,"FIRE HYDRANT","37211","2024","April","Spring","11","Wednesday","Weekday","No Injuries","No Fatalities"
1.00000080005379e-313,2024-04-10 12:28:00,3,0,0,NA,"N","Front to Rear","RAIN","DAYLIGHT","TSU CONNECTOR & CLARKSVILLE PKE","NASHVILLE","NORTH",36.19091,-86.8267,"MOTOR VEHICLE IN TRANSPORT","37208","2024","April","Spring","12","Wednesday","Weekday","No Injuries","No Fatalities"
1.00000080212886e-313,2024-04-10 12:36:00,2,1,0,NA,"Y","Front to Rear","RAIN","DAYLIGHT","SMITH SPRINGS RD & REYNOLDS RD","NASHVILLE","HERMIT",36.09677,-86.65299,"MOTOR VEHICLE IN TRANSPORT","37217","2024","April","Spring","12","Wednesday","Weekday","Injuries","No Fatalities"
1.00000091823429e-313,2024-04-11 03:07:00,1,0,0,NA,"Y","NOT COLLISION W/MOTOR VEHICLE-TRANSPORT","RAIN","DARK - LIGHTED","WHITES CREEK PKE & OLD CLARKSVILLE PKE","JOELTON","NORTH",36.31305,-86.86463,"OTHER POST, POLE, SUPP.","37080","2024","April","Spring","03","Thursday","Weekday","No Injuries","No Fatalities"
1.00000092396545e-313,2024-04-11 05:41:00,2,0,0,NA,"N","Front to Rear","RAIN","DARK - NOT LIGHTED","MORTON MILL CIR & BAY COVE TRL","NASHVILLE","WEST",36.06488,-86.9568,"PARKED MOTOR VEHICLE","37221","2024","April","Spring","05","Thursday","Weekday","No Injuries","No Fatalities"
1.00000092416308e-313,2024-04-11 05:30:00,2,1,0,NA,"N","Front to Rear","RAIN","DARK - LIGHTED","EASTLAND AV & N 14TH ST","NASHVILLE","EAST",36.18344,-86.74489,"MOTOR VEHICLE IN TRANSPORT","37206","2024","April","Spring","05","Thursday","Weekday","Injuries","No Fatalities"
1.0000009363665e-313,2024-04-11 09:30:00,1,0,0,NA,"N","NOT COLLISION W/MOTOR VEHICLE-TRANSPORT","RAIN","DARK - NOT LIGHTED","DRUMMOND DR & DEVON LN","NASHVILLE","SOUTH",36.10509,-86.71415,"DITCH","37211","2024","April","Spring","09","Thursday","Weekday","No Injuries","No Fatalities"
1.00000094595137e-313,2024-04-11 12:11:00,2,1,0,NA,"N","SIDESWIPE - SAME DIRECTION","RAIN","DAYLIGHT","OLD HICKORY BLVD & I40 W ENT RAMP","HERMITAGE","HERMIT",36.17965,-86.6061,"MOTOR VEHICLE IN TRANSPORT","37076","2024","April","Spring","12","Thursday","Weekday","Injuries","No Fatalities"
1.00000100024919e-313,2024-04-11 05:00:00,1,0,0,NA,"N","NOT COLLISION W/MOTOR VEHICLE-TRANSPORT","RAIN","DAYLIGHT","I65 S EXT RAMP & I 65","MADISON","MADISO",36.24138,-86.75024,"CONCRETE TRAFFIC BARRIER","37115","2024","April","Spring","05","Thursday","Weekday","No Injuries","No Fatalities"
1.00000102717577e-313,2024-04-12 00:34:00,2,0,0,NA,"Y","SIDESWIPE - SAME DIRECTION","RAIN","DARK - NOT LIGHTED","BELL RD & BENZING RD","ANTIOCH","SOUTH",36.04533,-86.70078,"","37013","2024","April","Spring","00","Friday","Weekday","No Injuries","No Fatalities"
9.99999931338163e-314,2024-04-03 00:21:00,1,2,0,NA,"N","NOT COLLISION W/MOTOR VEHICLE-TRANSPORT","RAIN","DARK - NOT LIGHTED","BLUE HOLE RD & BELL RD","ANTIOCH","SOUTH",36.04698,-86.67368,"UTILITY POLE","37013","2024","April","Spring","00","Wednesday","Weekday","Injuries","No Fatalities"
9.99999935191875e-314,2024-04-03 01:00:00,2,0,0,NA,"Y","Front to Rear","RAIN","DARK - LIGHTED","OLD HICKORY BLVD & NOLENSVILLE PKE","ANTIOCH","SOUTH",36.04537,-86.71326,"MOTOR VEHICLE IN TRANSPORT","37013","2024","April","Spring","01","Wednesday","Weekday","No Injuries","No Fatalities"
9.99999936772885e-314,2024-04-03 01:30:00,1,0,0,NA,"N","NOT COLLISION W/MOTOR VEHICLE-TRANSPORT","RAIN","DARK - LIGHTED","MM 214 5 I 40","NASHVILLE","HERMIT",36.14315,-86.70479,"WALL","37217","2024","April","Spring","01","Wednesday","Weekday","No Injuries","No Fatalities"
9.99999939094993e-314,2024-04-03 02:00:00,1,1,0,NA,"N","NOT COLLISION W/MOTOR VEHICLE-TRANSPORT","RAIN","Dark-Unknown Lighting","MM 49 1 I 24","NASHVILLE","EAST",36.16396,-86.76277,"FENCE","37206","2024","April","Spring","02","Wednesday","Weekday","Injuries","No Fatalities"
9.99999939490246e-314,2024-04-03 01:59:00,1,0,0,NA,"N","NOT COLLISION W/MOTOR VEHICLE-TRANSPORT","RAIN","DARK - LIGHTED","MM 59 0 I-24","ANTIOCH","SOUTH",36.04906,-86.6652,"CONCRETE TRAFFIC BARRIER","37013","2024","April","Spring","01","Wednesday","Weekday","No Injuries","No Fatalities"
9.99999941268882e-314,2024-04-02 05:00:00,2,0,0,NA,"N","SIDESWIPE - SAME DIRECTION","RAIN","DARK - LIGHTED","LEA AV & 8TH AVS","NASHVILLE","CENTRA",36.15406,-86.77988,"PARKED MOTOR VEHICLE","37203","2024","April","Spring","05","Tuesday","Weekday","No Injuries","No Fatalities"
9.99999941861761e-314,2024-04-03 02:26:00,1,0,0,NA,"N","NOT COLLISION W/MOTOR VEHICLE-TRANSPORT","RAIN","DARK - LIGHTED","MM 59 0 I-24","ANTIOCH","SOUTH",36.04972,-86.66632,"CONCRETE TRAFFIC BARRIER","37013","2024","April","Spring","02","Wednesday","Weekday","No Injuries","No Fatalities"
9.9999994245464e-314,2024-04-02 05:00:00,2,0,0,NA,"Y","SIDESWIPE - SAME DIRECTION","RAIN","UNKNOWN","EXIT 216C & I 40","NASHVILLE","HERMIT",36.14114,-86.66487,"MOTOR VEHICLE IN TRANSPORT","37214","2024","April","Spring","05","Tuesday","Weekday","No Injuries","No Fatalities"
9.99999949025713e-314,2024-04-03 03:25:00,2,0,0,NA,"N","SIDESWIPE - SAME DIRECTION","RAIN","DARK - NOT LIGHTED","DONELSON PKE N ENT RAMP & BNA DR","NASHVILLE","HERMIT",36.13336,-86.66335,"MOTOR VEHICLE IN TRANSPORT","37214","2024","April","Spring","03","Wednesday","Weekday","No Injuries","No Fatalities"
9.9999995035969e-314,2024-04-03 01:10:00,1,0,0,NA,"N","NOT COLLISION W/MOTOR VEHICLE-TRANSPORT","RAIN","DARK - NOT LIGHTED","MM 198 3 I 40","NASHVILLE","WEST",36.10179,-86.93394,"CONCRETE TRAFFIC BARRIER","37221","2024","April","Spring","01","Wednesday","Weekday","No Injuries","No Fatalities"
9.99999955745005e-314,2024-04-03 01:48:00,1,0,0,NA,"N","NOT COLLISION W/MOTOR VEHICLE-TRANSPORT","RAIN","DARK - LIGHTED","HOBSON PIKE & GRANNY WRIGHT LN","HERMITAGE","SOUTH",36.1093,-86.54805,"TREE","37076","2024","April","Spring","01","Wednesday","Weekday","No Injuries","No Fatalities"
9.99999957424829e-314,2024-04-02 05:00:00,1,0,0,NA,"N","NOT COLLISION W/MOTOR VEHICLE-TRANSPORT","RAIN","DARK - LIGHTED","MM 82 2 I-65","NASHVILLE","MIDTOW",36.14547,-86.7775,"GUARDRAIL FACE","37203","2024","April","Spring","05","Tuesday","Weekday","No Injuries","No Fatalities"
1.00000243758496e-313,2024-04-24 05:00:00,2,1,0,NA,"N","HEAD-ON","RAIN","DARK - LIGHTED","MM 50 0 I-24","NASHVILLE","HERMIT",36.15395,-86.75827,"MOTOR VEHICLE IN TRANSPORT;PARKED MOTOR VEHICLE;GUARDRAIL FACE","37210","2024","April","Spring","05","Wednesday","Weekday","Injuries","No Fatalities"
1.00000243812844e-313,2024-04-24 08:05:00,2,1,0,NA,"N","HEAD-ON","RAIN","DARK - NOT LIGHTED","HOBSON PIKE & WALKER RD","HERMITAGE","SOUTH",36.08634,-86.56364,"MOTOR VEHICLE IN TRANSPORT","37076","2024","April","Spring","08","Wednesday","Weekday","Injuries","No Fatalities"
1.00000243882013e-313,2024-04-24 05:00:00,1,0,0,NA,"N","NOT COLLISION W/MOTOR VEHICLE-TRANSPORT","RAIN","DARK - LIGHTED","MM 50 0 I-24","NASHVILLE","HERMIT",36.15395,-86.75827,"GUARDRAIL FACE","37210","2024","April","Spring","05","Wednesday","Weekday","No Injuries","No Fatalities"
1.00000244114224e-313,2024-04-24 09:00:00,1,0,0,NA,"N","NOT COLLISION W/MOTOR VEHICLE-TRANSPORT","RAIN","DARK - LIGHTED","4300 ASHLAND CITY HWY","NASHVILLE","NORTH",36.20857,-86.86212,"DITCH","37218","2024","April","Spring","09","Wednesday","Weekday","No Injuries","No Fatalities"
1.00000244183393e-313,2024-04-24 08:50:00,2,1,0,NA,"Y","ANGLE","RAIN","DARK - LIGHTED","5000 OLD HICKORY BLVD","HERMITAGE","HERMIT",36.16579,-86.59821,"MOTOR VEHICLE IN TRANSPORT","37076","2024","April","Spring","08","Wednesday","Weekday","Injuries","No Fatalities"
1.00000191239318e-313,2024-04-19 08:30:00,2,1,0,NA,"N","ANGLE","RAIN","DARK - LIGHTED","NOLENSVILLE PIKE & SWISS AVE","ANTIOCH","SOUTH",36.04267,-86.71286,"MOTOR VEHICLE IN TRANSPORT-OTHER ROADWAY","37013","2024","April","Spring","08","Friday","Weekday","Injuries","No Fatalities"
1.00000191471529e-313,2024-04-19 09:56:00,2,0,0,NA,"Y","ANGLE","RAIN","DARK - LIGHTED","MURFREESBORO PIKE & BOROWOOD DR","NASHVILLE","HERMIT",36.09097,-86.6511,"MOTOR VEHICLE IN TRANSPORT","37217","2024","April","Spring","09","Friday","Weekday","No Injuries","No Fatalities"
1.00000191723503e-313,2024-04-19 10:30:00,1,0,0,NA,"N","NOT COLLISION W/MOTOR VEHICLE-TRANSPORT","RAIN","DARK - LIGHTED","BRILEY PKWY & BEALS LN","NASHVILLE","NORTH",36.2316,-86.8276,"","37218","2024","April","Spring","10","Friday","Weekday","No Injuries","No Fatalities"
1.00000191733384e-313,2024-04-19 10:30:00,2,0,0,NA,"N","ANGLE","RAIN","DARK - LIGHTED","BRILEY PKWY & BEALS LN","NASHVILLE","NORTH",36.2316,-86.8276,"","37218","2024","April","Spring","10","Friday","Weekday","No Injuries","No Fatalities"
1.00000273703815e-313,2024-04-26 11:14:00,2,0,0,NA,"N","ANGLE","RAIN","DAYLIGHT","2ND AVS & I40 W EXT RAMP","NASHVILLE","CENTRA",36.15176,-86.76863,"MOTOR VEHICLE IN TRANSPORT","37210","2024","April","Spring","11","Friday","Weekday","No Injuries","No Fatalities"
1.00000273733459e-313,2024-04-26 12:12:00,2,0,0,NA,"N","Front to Rear","RAIN","DARK - NOT LIGHTED","BLUE HOLE RD & BELL RD","ANTIOCH","SOUTH",36.04574,-86.67435,"","37013","2024","April","Spring","12","Friday","Weekday","No Injuries","No Fatalities"
1.00000273768044e-313,2024-04-26 11:27:00,2,0,0,NA,"N","SIDESWIPE - SAME DIRECTION","RAIN","DAWN","LINBAR DR & MARGO LN","NASHVILLE","SOUTH",36.08156,-86.69966,"","37211","2024","April","Spring","11","Friday","Weekday","No Injuries","No Fatalities"
1.00000274074364e-313,2024-04-26 12:12:00,2,0,0,NA,"Y","SIDESWIPE - SAME DIRECTION","RAIN","DAYLIGHT","BRILEY PKWYN & BRILEY PKWY N ENT RAMP","NASHVILLE","HERMIT",36.15366,-86.69127,"MOTOR VEHICLE IN TRANSPORT","37214","2024","April","Spring","12","Friday","Weekday","No Injuries","No Fatalities"
1.00000274202822e-313,2024-04-26 05:00:00,2,0,0,NA,"N","Front to Rear","RAIN","DAYLIGHT","MM 269 5 I 40","NASHVILLE","HERMIT",36.14148,-86.66778,"MOTOR VEHICLE IN TRANSPORT","37217","2024","April","Spring","05","Friday","Weekday","No Injuries","No Fatalities"
1.00000203373571e-313,2024-04-20 08:35:00,1,1,0,NA,"N","NOT COLLISION W/MOTOR VEHICLE-TRANSPORT","RAIN","DARK - LIGHTED","MM 52 8 I 24","NASHVILLE","SOUTH",36.12171,-86.72738,"","37210","2024","April","Spring","08","Saturday","Weekend","Injuries","No Fatalities"
1.00000203674951e-313,2024-04-20 10:24:00,2,1,0,NA,"N","ANGLE","RAIN","DARK - LIGHTED","4TH AVS & I40 E EXT RAMP","NASHVILLE","SOUTH",36.15025,-86.7702,"MOTOR VEHICLE IN TRANSPORT","37210","2024","April","Spring","10","Saturday","Weekend","Injuries","No Fatalities"
1.00000474432806e-313,2024-05-14 09:37:00,1,2,0,NA,"N","NOT COLLISION W/MOTOR VEHICLE-TRANSPORT","RAIN","DARK - LIGHTED","CENTENNIAL BLVD & LOUISIANA AVE","NASHVILLE","WEST",36.16274,-86.84991,"BUILDING;H-WAY TRAFFIC SIGNAL POST;UTILITY POLE;Ran Off Road-Left","37209","2024","May","Spring","09","Tuesday","Weekday","Injuries","No Fatalities"
1.00000474694661e-313,2024-05-14 10:42:00,1,0,0,NA,"N","NOT COLLISION W/MOTOR VEHICLE-TRANSPORT","RAIN","DAYLIGHT","TAMPA DR & WALLACE RD","NASHVILLE","SOUTH",36.07961,-86.70881,"MAIL BOX","37211","2024","May","Spring","10","Tuesday","Weekday","No Injuries","No Fatalities"