"Accident.Number","Date.and.Time","Number.of.Motor.Vehicles","Number.of.Injuries","Number.of.Fatalities","Property.Damage","Hit.and.Run","Collision.Type.Description","Weather.Description","Illumination.Description","Street.Address","City","Precinct","Latitude","Longitude","HarmfulDescriptions","Zip.Code","Year","Month","Season","Hour","Weekday","DayType","Accident","Fatality_category"
1.00000474803355e-313,2024-05-14 10:40:00,1,0,0,NA,"N","NOT COLLISION W/MOTOR VEHICLE-TRANSPORT","RAIN","DARK - LIGHTED","MM 198 6 I-40","NASHVILLE","WEST",36.10384,-86.93228,"","37221","2024","May","Spring","10","Tuesday","Weekday","No Injuries","No Fatalities"
1.00000474902168e-313,2024-05-14 11:20:00,2,1,0,NA,"N","ANGLE","RAIN","DAYLIGHT","SPENCE LN & LEBANON PIKE","NASHVILLE","HERMIT",36.15332,-86.72152,"MOTOR VEHICLE IN TRANSPORT","37210","2024","May","Spring","11","Tuesday","Weekday","Injuries","No Fatalities"
1.00000474946634e-313,2024-05-14 11:32:00,2,1,0,NA,"Y","SIDESWIPE - SAME DIRECTION","RAIN","DAWN","BRILEY PKWY & FAIRBROOK DR","NASHVILLE","HERMIT",36.19899,-86.68828,"MOTOR VEHICLE IN TRANSPORT","37214","2024","May","Spring","11","Tuesday","Weekday","Injuries","No Fatalities"
1.00000474956515e-313,2024-05-14 11:17:00,2,0,0,NA,"N","SIDESWIPE - SAME DIRECTION","RAIN","DAYLIGHT","MM 48 2 I-24","NASHVILLE","EAST",36.17344,-86.77012,"MOTOR VEHICLE IN TRANSPORT","37206","2024","May","Spring","11","Tuesday","Weekday","No Injuries","No Fatalities"
1.00000474981219e-313,2024-05-14 11:41:00,1,0,0,NA,"N","NOT COLLISION W/MOTOR VEHICLE-TRANSPORT","RAIN","DAYLIGHT","MM 74 4 I-65","BRENTWOOD","MIDTOW",36.03675,-86.78333,"MOTOR VEHICLE IN TRANSPORT","37027","2024","May","Spring","11","Tuesday","Weekday","No Injuries","No Fatalities"
1.00000475238133e-313,2024-05-14 12:13:00,1,1,0,NA,"N","NOT COLLISION W/MOTOR VEHICLE-TRANSPORT","RAIN","DAYLIGHT","MM 201 6 I-40","NASHVILLE","WEST",36.13508,-86.89388,"H-WAY TRAFFIC SIGNAL POST;DITCH;EMBANKMENT ROCK/STONE/CONCRETE","37209","2024","May","Spring","12","Tuesday","Weekday","Injuries","No Fatalities"
1.00000475277658e-313,2024-05-14 12:03:00,1,1,0,NA,"N","NOT COLLISION W/MOTOR VEHICLE-TRANSPORT","RAIN","DAYLIGHT","I-440 W & I-65 N","NASHVILLE","MIDTOW",36.11622,-86.77443,"CONCRETE TRAFFIC BARRIER;Motor Vehicle-In-Motion Outside Trafficw","37204","2024","May","Spring","12","Tuesday","Weekday","Injuries","No Fatalities"
1.00000475302361e-313,2024-05-14 12:18:00,2,1,0,NA,"N","Front to Rear","RAIN","DAYLIGHT","MM 39 4 I-24","WHITES CREEK","NORTH",36.28937,-86.80983,"MOTOR VEHICLE IN TRANSPORT","37189","2024","May","Spring","12","Tuesday","Weekday","Injuries","No Fatalities"
1.00000475633385e-313,2024-05-14 12:40:00,2,0,0,NA,"N","ANGLE","RAIN","DAYLIGHT","GLEN ECHO RD & HILLSBORO PKE","NASHVILLE","WEST",36.10868,-86.81213,"MOTOR VEHICLE IN TRANSPORT","37215","2024","May","Spring","12","Tuesday","Weekday","No Injuries","No Fatalities"
1.00000310437596e-313,2024-04-30 03:35:00,1,0,0,NA,"N","NOT COLLISION W/MOTOR VEHICLE-TRANSPORT","RAIN","DARK - LIGHTED","MM 204 1 I 40","NASHVILLE","WEST",36.15307,-86.85452,"GUARDRAIL FACE","37209","2024","April","Spring","03","Tuesday","Weekday","No Injuries","No Fatalities"
1.00000310590756e-313,2024-04-30 03:45:00,2,1,0,NA,"N","SIDESWIPE - SAME DIRECTION","RAIN","DARK - LIGHTED","MM 89 6 I-65","NASHVILLE","EAST",36.23615,-86.76306,"MOTOR VEHICLE IN TRANSPORT","37207","2024","April","Spring","03","Tuesday","Weekday","Injuries","No Fatalities"
1.0000031084767e-313,2024-04-30 04:18:00,2,1,1,NA,"N","Front to Rear","RAIN","DARK - LIGHTED","MM 215 6 I-40","NASHVILLE","HERMIT",36.14275,-86.68395,"MOTOR VEHICLE IN TRANSPORT;PARKED MOTOR VEHICLE;PEDESTRIAN","37217","2024","April","Spring","04","Tuesday","Weekday","Injuries","With Fatalities"
1.00000310906958e-313,2024-04-30 04:20:00,1,0,0,NA,"N","NOT COLLISION W/MOTOR VEHICLE-TRANSPORT","RAIN","DARK - NOT LIGHTED","WHITES CREEK PKE & MORGAN RD","JOELTON","NORTH",36.33986,-86.87157,"","37080","2024","April","Spring","04","Tuesday","Weekday","No Injuries","No Fatalities"
1.00000310911899e-313,2024-04-30 03:22:00,1,0,0,NA,"N","NOT COLLISION W/MOTOR VEHICLE-TRANSPORT","RAIN","DARK - LIGHTED","ZELIDA AVE & ARCHSTONE APARTMENTS","ANTIOCH","SOUTH",36.05501,-86.64241,"CURB;FENCE;OTHER FIXED OBJECTS","37013","2024","April","Spring","03","Tuesday","Weekday","No Injuries","No Fatalities"
1.00000311193516e-313,2024-04-30 05:01:00,1,1,0,NA,"N","NOT COLLISION W/MOTOR VEHICLE-TRANSPORT","RAIN","DARK - NOT LIGHTED","MM 201 0 I 40","NASHVILLE","WEST",36.13011,-86.89913,"CONCRETE TRAFFIC BARRIER","37209","2024","April","Spring","05","Tuesday","Weekday","Injuries","No Fatalities"
1.00000311198457e-313,2024-04-30 05:24:00,1,0,0,NA,"N","NOT COLLISION W/MOTOR VEHICLE-TRANSPORT","RAIN","Dark-Unknown Lighting","MM 7 0 I-440","NASHVILLE","SOUTH",36.12444,-86.73697,"","37210","2024","April","Spring","05","Tuesday","Weekday","No Injuries","No Fatalities"
1.00000311252804e-313,2024-04-30 05:10:00,1,0,0,NA,"N","NOT COLLISION W/MOTOR VEHICLE-TRANSPORT","RAIN","DARK - LIGHTED","MM 52 8 I 24","NASHVILLE","SOUTH",36.12171,-86.72738,"CONCRETE TRAFFIC BARRIER","37210","2024","April","Spring","05","Tuesday","Weekday","No Injuries","No Fatalities"
1.00000311475134e-313,2024-04-30 04:18:00,2,3,0,NA,"N","NOT COLLISION W/MOTOR VEHICLE-TRANSPORT","RAIN","DARK - LIGHTED","MM 215 6 I-40","NASHVILLE","HERMIT",36.14274,-86.68391,"MOTOR VEHICLE IN TRANSPORT;CONCRETE TRAFFIC BARRIER;Ran Off Road-Left","37217","2024","April","Spring","04","Tuesday","Weekday","Injuries","No Fatalities"
1.00000311489956e-313,2024-04-30 05:52:00,2,0,0,NA,"N","OTHER","RAIN","DARK - LIGHTED","I40 E ENT RAMP & I 40","NASHVILLE","WEST",36.15518,-86.75995,"MOTOR VEHICLE IN TRANSPORT;CONCRETE TRAFFIC BARRIER","37205","2024","April","Spring","05","Tuesday","Weekday","No Injuries","No Fatalities"
1.00000311499837e-313,2024-04-30 05:50:00,2,0,0,NA,"N","SIDESWIPE - SAME DIRECTION","RAIN","DARK - LIGHTED","DORAL COUNTRY DR & DORAL CT","NASHVILLE","WEST",36.0715,-86.945,"PARKED MOTOR VEHICLE;TREE","37221","2024","April","Spring","05","Tuesday","Weekday","No Injuries","No Fatalities"
1.00000311514659e-313,2024-04-30 05:43:00,1,0,0,NA,"Y","NOT COLLISION W/MOTOR VEHICLE-TRANSPORT","RAIN","DARK - LIGHTED","HARDING PL & OVERCREST DR","NASHVILLE","MIDTOW",36.07753,-86.73337,"UTILITY POLE;DITCH;MAIL BOX","37211","2024","April","Spring","05","Tuesday","Weekday","No Injuries","No Fatalities"
1.00000311544303e-313,2024-04-30 06:10:00,1,1,0,NA,"N","NOT COLLISION W/MOTOR VEHICLE-TRANSPORT","RAIN","DARK - LIGHTED","WEDGEWOOD AVE & 12TH AVE S","NASHVILLE","MIDTOW",36.13616,-86.78867,"OTHER FIXED OBJECTS","37212","2024","April","Spring","06","Tuesday","Weekday","Injuries","No Fatalities"
1.00000312102597e-313,2024-04-30 07:45:00,2,0,0,NA,"N","SIDESWIPE - SAME DIRECTION","RAIN","DARK - LIGHTED","MM 87 6 I 65","NASHVILLE","EAST",36.21091,-86.77592,"MOTOR VEHICLE IN TRANSPORT","37207","2024","April","Spring","07","Tuesday","Weekday","No Injuries","No Fatalities"
1.00000312156944e-313,2024-04-30 07:53:00,1,2,0,NA,"N","NOT COLLISION W/MOTOR VEHICLE-TRANSPORT","RAIN","DARK - LIGHTED","DICKERSON PKE & GATEWOOD AV","NASHVILLE","EAST",36.19931,-86.77035,"FENCE","37207","2024","April","Spring","07","Tuesday","Weekday","Injuries","No Fatalities"
1.00000312319986e-313,2024-04-30 05:00:00,2,0,0,NA,"Y","Front to Rear","RAIN","DARK - LIGHTED","BRILEY PKWYN & BRILEY PKWYS","NASHVILLE","SOUTH",36.17492,-86.69066,"MOTOR VEHICLE IN TRANSPORT","37211","2024","April","Spring","05","Tuesday","Weekday","No Injuries","No Fatalities"
1.00000312369393e-313,2024-04-30 08:49:00,2,0,0,NA,"Y","Front to Rear","RAIN","DARK - LIGHTED","OLD HICKORY BLVD & SHUTE LN","OLD HICKORY","HERMIT",36.23229,-86.62474,"MOTOR VEHICLE IN TRANSPORT","37138","2024","April","Spring","08","Tuesday","Weekday","No Injuries","No Fatalities"
1.00000312616425e-313,2024-04-30 09:46:00,1,0,0,NA,"N","NOT COLLISION W/MOTOR VEHICLE-TRANSPORT","RAIN","DARK - LIGHTED","MM 211 0 I-24","NASHVILLE","HERMIT",36.15435,-86.759,"GUARDRAIL FACE","37210","2024","April","Spring","09","Tuesday","Weekday","No Injuries","No Fatalities"
1.0000034862887e-313,2024-05-03 00:57:00,1,1,0,NA,"N","NOT COLLISION W/MOTOR VEHICLE-TRANSPORT","RAIN","DARK - LIGHTED","","NASHVILLE","WEST",36.09542,-86.92422,"PEDESTRIAN","37205","2024","May","Spring","00","Friday","Weekday","Injuries","No Fatalities"
1.00000348801793e-313,2024-05-03 01:00:00,2,2,0,NA,"N","ANGLE","RAIN","DARK - LIGHTED","CHEATHAM PL & ROSA L PARKS BLVD","NASHVILLE","NORTH",36.17811,-86.79468,"MOTOR VEHICLE IN TRANSPORT-OTHER ROADWAY","37208","2024","May","Spring","01","Friday","Weekday","Injuries","No Fatalities"
1.00000351800772e-313,2024-05-03 05:38:00,2,0,0,NA,"N","Front to Rear","RAIN","DARK - LIGHTED","MURFREESBORO PIKE & ELM HILL PIKE","NASHVILLE","SOUTH",36.14471,-86.75009,"MOTOR VEHICLE IN TRANSPORT","37210","2024","May","Spring","05","Friday","Weekday","No Injuries","No Fatalities"
1.00000352062627e-313,2024-05-03 06:10:00,1,0,0,NA,"N","NOT COLLISION W/MOTOR VEHICLE-TRANSPORT","RAIN","DARK - LIGHTED","10TH AVE N & KELLOW ST","NASHVILLE","NORTH",36.19097,-86.80629,"GUARDRAIL END","37228","2024","May","Spring","06","Friday","Weekday","No Injuries","No Fatalities"
1.00000352112033e-313,2024-05-03 05:00:00,1,0,0,NA,"N","NOT COLLISION W/MOTOR VEHICLE-TRANSPORT","RAIN","DARK - NOT LIGHTED","ELLINGTON PKWYN & ELLINGTON PKWYS","NASHVILLE","EAST",36.22609,-86.74612,"GUARDRAIL FACE;Ran Off Road-Left","37216","2024","May","Spring","05","Friday","Weekday","No Injuries","No Fatalities"
1.00000352492464e-313,2024-05-03 06:35:00,2,0,0,NA,"Y","Front to Rear","RAIN","DARK - LIGHTED","NOLENSVILLE RD & NOLENSVILLE PIKE","NASHVILLE","SOUTH",36.09573,-86.73746,"MOTOR VEHICLE IN TRANSPORT","37210","2024","May","Spring","06","Friday","Weekday","No Injuries","No Fatalities"
1.00000352606099e-313,2024-05-02 05:00:00,1,0,0,NA,"N","NOT COLLISION W/MOTOR VEHICLE-TRANSPORT","RAIN","DARK - LIGHTED","MM 35 0 I-24","JOELTON","NORTH",36.32371,-86.86615,"","37080","2024","May","Spring","05","Thursday","Weekday","No Injuries","No Fatalities"
1.00000352719734e-313,2024-05-03 08:00:00,2,1,0,NA,"Y","Front to Rear","RAIN","DARK - LIGHTED","0 GALLATIN RD","MADISON","MADISO",36.28564,-86.70593,"MOTOR VEHICLE IN TRANSPORT","37115","2024","May","Spring","08","Friday","Weekday","Injuries","No Fatalities"
1.00000352922301e-313,2024-05-03 08:45:00,1,0,0,NA,"N","NOT COLLISION W/MOTOR VEHICLE-TRANSPORT","RAIN","DARK - LIGHTED","SUNNYWOOD DR & SUGARBERRY CT","ANTIOCH","SOUTH",36.01559,-86.70074,"","37013","2024","May","Spring","08","Friday","Weekday","No Injuries","No Fatalities"
1.00000353129808e-313,2024-05-03 05:00:00,2,0,0,NA,"Y","ANGLE","RAIN","DARK - LIGHTED","MURFREESBORO PIKE & ELM HILL PIKE","NASHVILLE","SOUTH",36.14473,-86.75005,"MOTOR VEHICLE IN TRANSPORT","37210","2024","May","Spring","05","Friday","Weekday","No Injuries","No Fatalities"
1.00000353362019e-313,2024-05-03 10:53:00,2,1,0,NA,"N","ANGLE","RAIN","DAYLIGHT","JEFFERSON ST & DR DB TODD JR BLVD","NASHVILLE","NORTH",36.16947,-86.80663,"MOTOR VEHICLE IN TRANSPORT","37208","2024","May","Spring","10","Friday","Weekday","Injuries","No Fatalities"
1.0000035336696e-313,2024-05-03 10:56:00,2,0,0,NA,"N","Front to Rear","RAIN","DAWN","MM 211 8 I-24","NASHVILLE","HERMIT",36.14867,-86.74636,"MOTOR VEHICLE IN TRANSPORT","37210","2024","May","Spring","10","Friday","Weekday","No Injuries","No Fatalities"
1.00000353475654e-313,2024-05-03 11:20:00,3,1,0,NA,"N","Front to Rear","RAIN","DARK - LIGHTED","MM 86 8 I-24","NASHVILLE","NORTH",36.19701,-86.77617,"MOTOR VEHICLE IN TRANSPORT","37207","2024","May","Spring","11","Friday","Weekday","Injuries","No Fatalities"
1.00000353525061e-313,2024-05-03 11:32:00,1,0,0,NA,"N","NOT COLLISION W/MOTOR VEHICLE-TRANSPORT","RAIN","DAWN","GLASTONBURY RD & BRILEY PKWYN","NASHVILLE","HERMIT",36.13724,-86.69957,"EMBANKMENT EARTH","37217","2024","May","Spring","11","Friday","Weekday","No Injuries","No Fatalities"
1.00000353722687e-313,2024-05-03 11:55:00,2,0,0,NA,"Y","SIDESWIPE - SAME DIRECTION","RAIN","DAWN","BRILEY PKWY & LEMONT DR","MADISON","MADISO",36.23754,-86.73181,"MOTOR VEHICLE IN TRANSPORT","37115","2024","May","Spring","11","Friday","Weekday","No Injuries","No Fatalities"
1.00000353737509e-313,2024-05-03 05:00:00,2,0,0,NA,"N","ANGLE","RAIN","DAYLIGHT","ARLINGTON AV & ELM HILL PKE","NASHVILLE","HERMIT",36.14375,-86.73045,"MOTOR VEHICLE IN TRANSPORT","37210","2024","May","Spring","05","Friday","Weekday","No Injuries","No Fatalities"
1.00000353752331e-313,2024-05-03 11:59:00,2,0,0,NA,"N","ANGLE","RAIN","DAYLIGHT","ARDEE AV & GALLATIN PKE","NASHVILLE","EAST",36.21902,-86.72628,"MOTOR VEHICLE IN TRANSPORT","37216","2024","May","Spring","11","Friday","Weekday","No Injuries","No Fatalities"
1.00000354029008e-313,2024-05-03 12:30:00,2,2,0,NA,"N","ANGLE","RAIN","DAYLIGHT","BARNES RD & BARNES COVE DR","ANTIOCH","SOUTH",36.02961,-86.70398,"MOTOR VEHICLE IN TRANSPORT","37013","2024","May","Spring","12","Friday","Weekday","Injuries","No Fatalities"
1.00000354112999e-313,2024-05-03 12:20:00,2,1,0,NA,"N","Front to Rear","RAIN","DAYLIGHT","HARDING PL & BEACON DR","NASHVILLE","WEST",36.09332,-86.84542,"MOTOR VEHICLE IN TRANSPORT","37215","2024","May","Spring","12","Friday","Weekday","Injuries","No Fatalities"
1.00000354404498e-313,2024-05-03 05:00:00,2,1,0,NA,"N","ANGLE","RAIN","DAYLIGHT","BRILEY PKWY S ENT RAMP & BRILEY PKWYS","NASHVILLE","SOUTH",36.15211,-86.69097,"MOTOR VEHICLE IN TRANSPORT","37217","2024","May","Spring","05","Friday","Weekday","Injuries","No Fatalities"
1.00000355718712e-313,2024-05-03 12:15:00,2,0,0,NA,"N","SIDESWIPE - SAME DIRECTION","RAIN","DAWN","0 OLD HICKORY BLVD","NASHVILLE","SOUTH",36.0456,-86.71126,"MOTOR VEHICLE IN TRANSPORT","37211","2024","May","Spring","12","Friday","Weekday","No Injuries","No Fatalities"
1.00000356884707e-313,2024-05-03 05:00:00,2,2,0,NA,"N","Front to Rear","RAIN","DAYLIGHT","MM 204 8 I-40","NASHVILLE","WEST",36.15382,-86.8406,"MOTOR VEHICLE IN TRANSPORT","37209","2024","May","Spring","05","Friday","Weekday","Injuries","No Fatalities"
1.00000483074014e-313,2024-05-15 00:27:00,2,1,0,NA,"Y","Front to Rear","RAIN","DARK - LIGHTED","ROSA L PARKS BLVD & HARRISON ST","NASHVILLE","CENTRA",36.16814,-86.78805,"MOTOR VEHICLE IN TRANSPORT","37219","2024","May","Spring","00","Wednesday","Weekday","Injuries","No Fatalities"
1.00000484299297e-313,2024-05-14 05:00:00,2,0,0,NA,"Y","SIDESWIPE - SAME DIRECTION","RAIN","DAYLIGHT","3000 DICKERSON PKE","NASHVILLE","EAST",36.22873,-86.75939,"MOTOR VEHICLE IN TRANSPORT","37207","2024","May","Spring","05","Tuesday","Weekday","No Injuries","No Fatalities"
1.00000485030514e-313,2024-05-15 03:25:00,3,1,0,NA,"N","SIDESWIPE - SAME DIRECTION","RAIN","DARK - LIGHTED","MM 56 2 I-24","NASHVILLE","SOUTH",36.08016,-86.69656,"MOTOR VEHICLE IN TRANSPORT","37211","2024","May","Spring","03","Wednesday","Weekday","Injuries","No Fatalities"
1.00000515687287e-313,2024-05-17 07:12:00,1,0,0,NA,"Y","NOT COLLISION W/MOTOR VEHICLE-TRANSPORT","RAIN","DARK - LIGHTED","17TH AVE N & JO JOHNSTON AVE","NASHVILLE","NORTH",36.16289,-86.80108,"OTHER FIXED OBJECTS","37203","2024","May","Spring","07","Friday","Weekday","No Injuries","No Fatalities"
1.00000515820685e-313,2024-05-17 05:00:00,1,0,0,NA,"N","NOT COLLISION W/MOTOR VEHICLE-TRANSPORT","RAIN","DARK - NOT LIGHTED","MCCRORY LN & MCCRORY LN","NASHVILLE","WEST",36.08873,-87.02413,"DITCH","37221","2024","May","Spring","05","Friday","Weekday","No Injuries","No Fatalities"
1.00000516013371e-313,2024-05-17 08:14:00,2,1,0,NA,"N","SIDESWIPE - SAME DIRECTION","RAIN","DARK - LIGHTED","PERCY WARNER BLVD & EDWIN WARNER DR","NASHVILLE","WEST",36.0929,-86.87872,"MOTOR VEHICLE IN TRANSPORT;PARKED MOTOR VEHICLE","37205","2024","May","Spring","08","Friday","Weekday","Injuries","No Fatalities"
1.00000516092421e-313,2024-05-17 08:50:00,1,0,0,NA,"N","NOT COLLISION W/MOTOR VEHICLE-TRANSPORT","RAIN","DARK - NOT LIGHTED","UNKNOWN RAMP  &  ROAD","NASHVILLE","SOUTH",36.17217,-86.60586,"GUARDRAIL FACE","37211","2024","May","Spring","08","Friday","Weekday","No Injuries","No Fatalities"
1.00000516349335e-313,2024-05-17 10:20:00,1,0,0,NA,"N","NOT COLLISION W/MOTOR VEHICLE-TRANSPORT","RAIN","DAWN","MM 209 0 I-40","NASHVILLE","MIDTOW",36.15598,-86.78949,"WALL","37203","2024","May","Spring","10","Friday","Weekday","No Injuries","No Fatalities"
1.0000051638886e-313,2024-05-17 10:40:00,2,1,0,NA,"Y","Front to Rear","RAIN","DARK - LIGHTED","SHARONDALE DR & LOMBARDY AVE","NASHVILLE","WEST",36.12097,-86.80835,"MOTOR VEHICLE IN TRANSPORT;UNKNOWN MOST HARMFUL EVENT","37215","2024","May","Spring","10","Friday","Weekday","Injuries","No Fatalities"
1.00000516739647e-313,2024-05-17 11:45:00,1,1,0,NA,"N","NOT COLLISION W/MOTOR VEHICLE-TRANSPORT","RAIN","DAYLIGHT","HILLSBORO PIKE & GOLF CLUB LN","NASHVILLE","WEST",36.11726,-86.81033,"EMBANKMENT EARTH","37215","2024","May","Spring","11","Friday","Weekday","Injuries","No Fatalities"
1.00000517465924e-313,2024-05-17 12:15:00,2,0,0,NA,"Y","SIDESWIPE - SAME DIRECTION","RAIN","DAYLIGHT","14TH AVE N & CHARLOTTE AVE","NASHVILLE","NORTH",36.16092,-86.79372,"MOTOR VEHICLE IN TRANSPORT","37203","2024","May","Spring","12","Friday","Weekday","No Injuries","No Fatalities"
1.00000523928302e-313,2024-05-18 00:46:00,2,0,0,NA,"N","Front to Rear","RAIN","DUSK","BROADWAY & 5TH AVE N","NASHVILLE","CENTRA",36.16054,-86.7778,"","37203","2024","May","Spring","00","Saturday","Weekend","No Injuries","No Fatalities"
1.00000528216792e-313,2024-05-18 07:56:00,2,0,0,NA,"N","OTHER","RAIN","DARK - LIGHTED","MM 56 4 I-24","NASHVILLE","SOUTH",36.07615,-86.69409,"MOTOR VEHICLE IN TRANSPORT;DITCH","37211","2024","May","Spring","07","Saturday","Weekend","No Injuries","No Fatalities"
1.000005284243e-313,2024-05-18 08:35:00,1,0,0,NA,"Y","NOT COLLISION W/MOTOR VEHICLE-TRANSPORT","RAIN","DARK - LIGHTED","MT VIEW RD & HICKORY HOLLOW PKWY","ANTIOCH","SOUTH",36.05883,-86.67045,"WALL","37013","2024","May","Spring","08","Saturday","Weekend","No Injuries","No Fatalities"
1.00000528681214e-313,2024-05-18 08:45:00,2,0,0,NA,"Y","ANGLE","RAIN","DARK - LIGHTED","HAYWOOD LN & HOLLIS HILL DR","NASHVILLE","SOUTH",36.06825,-86.71198,"MOTOR VEHICLE IN TRANSPORT","37211","2024","May","Spring","08","Saturday","Weekend","No Injuries","No Fatalities"
1.00000364266048e-313,2024-05-04 12:10:00,2,1,0,NA,"N","Front to Rear","RAIN","DAYLIGHT","OLD HICKORY BLVD & COUNTRY DR","NASHVILLE","SOUTH",36.04567,-86.71044,"MOTOR VEHICLE IN TRANSPORT","37211","2024","May","Spring","12","Saturday","Weekend","Injuries","No Fatalities"
1.00000364345099e-313,2024-05-04 12:35:00,2,0,0,NA,"N","ANGLE","RAIN","DAYLIGHT","MURFREESBORO RD & MURFREESBORO PIKE","NASHVILLE","HERMIT",36.13475,-86.72338,"","37217","2024","May","Spring","12","Saturday","Weekend","No Injuries","No Fatalities"
1.00000365441924e-313,2024-05-04 11:54:00,1,1,0,NA,"N","NOT COLLISION W/MOTOR VEHICLE-TRANSPORT","RAIN","DAYLIGHT","MM 204 2 I-40","NASHVILLE","WEST",36.15323,-86.85438,"CONCRETE TRAFFIC BARRIER","37209","2024","May","Spring","11","Saturday","Weekend","Injuries","No Fatalities"
1.00000365451806e-313,2024-05-04 05:00:00,2,0,0,NA,"Y","ANGLE","RAIN","DAYLIGHT","BRILEY PKWYS & BRILEY PKWYN","NASHVILLE","NORTH",36.2037,-86.68959,"MOTOR VEHICLE IN TRANSPORT","37218","2024","May","Spring","05","Saturday","Weekend","No Injuries","No Fatalities"
1.00000365570381e-313,2024-05-04 05:00:00,1,1,0,NA,"N","NOT COLLISION W/MOTOR VEHICLE-TRANSPORT","RAIN","DAYLIGHT","MM 1 2 I-440","NASHVILLE","WEST",36.14033,-86.82309,"CONCRETE TRAFFIC BARRIER","37205","2024","May","Spring","05","Saturday","Weekend","Injuries","No Fatalities"
1.00000365703779e-313,2023-05-04 05:00:00,3,2,0,NA,"N","ANGLE","RAIN","DAYLIGHT","CHARLOTTE AVE & 54TH AVE N","NASHVILLE","WEST",36.15114,-86.8535,"MOTOR VEHICLE IN TRANSPORT;MOTOR VEHICLE IN TRANSPORT-OTHER ROADWAY","37209","2023","May","Spring","05","Thursday","Weekday","Injuries","No Fatalities"
1.00000365822355e-313,2024-05-04 05:00:00,4,0,0,NA,"N","ANGLE","RAIN","DAYLIGHT","MM 214 3 I 40","NASHVILLE","HERMIT",36.1426,-86.70813,"MOTOR VEHICLE IN TRANSPORT","37217","2024","May","Spring","05","Saturday","Weekend","No Injuries","No Fatalities"
1.0000036999721e-313,2024-05-05 05:07:00,1,0,0,NA,"N","NOT COLLISION W/MOTOR VEHICLE-TRANSPORT","RAIN","DARK - LIGHTED","OLD HICKORY BLVD & BARRINGTON PLACE DR","BRENTWOOD","MIDTOW",36.03983,-86.75339,"CURB;Down Hill-Run Away","37027","2024","May","Spring","05","Sunday","Weekend","No Injuries","No Fatalities"
1.00000376197733e-313,2024-05-06 02:10:00,1,0,0,NA,"N","NOT COLLISION W/MOTOR VEHICLE-TRANSPORT","RAIN","DARK - NOT LIGHTED","MM 193 3 I 40","NASHVILLE","WEST",36.07725,-87.00631,"","37221","2024","May","Spring","02","Monday","Weekday","No Injuries","No Fatalities"
1.00000378702646e-313,2024-05-06 10:07:00,1,1,0,NA,"N","NOT COLLISION W/MOTOR VEHICLE-TRANSPORT","RAIN","DARK - LIGHTED","GREENLAND AV & GALLATIN PKE","NASHVILLE","EAST",36.2227,-86.72552,"UTILITY POLE","37216","2024","May","Spring","10","Monday","Weekday","Injuries","No Fatalities"
1.000003788064e-313,2024-05-06 10:37:00,2,1,0,NA,"N","Front to Rear","RAIN","DAWN","MM 91 0 I-65","MADISON","MADISO",36.24906,-86.74225,"MOTOR VEHICLE IN TRANSPORT","37115","2024","May","Spring","10","Monday","Weekday","Injuries","No Fatalities"
1.00000378831103e-313,2024-05-06 10:40:00,1,0,0,NA,"N","NOT COLLISION W/MOTOR VEHICLE-TRANSPORT","RAIN","DAWN","MM 215 8 I-40","NASHVILLE","HERMIT",36.14212,-86.67939,"","37217","2024","May","Spring","10","Monday","Weekday","No Injuries","No Fatalities"
1.00000378895332e-313,2024-05-06 10:37:00,2,0,0,NA,"N","SIDESWIPE - SAME DIRECTION","RAIN","DAWN","MM 91 0 I-65","MADISON","MADISO",36.24833,-86.74238,"MOTOR VEHICLE IN TRANSPORT","37115","2024","May","Spring","10","Monday","Weekday","No Injuries","No Fatalities"
1.00000386938721e-313,2024-05-07 00:37:00,1,0,0,NA,"N","NOT COLLISION W/MOTOR VEHICLE-TRANSPORT","RAIN","DARK - NOT LIGHTED","MM 74 4 I-65","BRENTWOOD","MIDTOW",36.03717,-86.78301,"","37027","2024","May","Spring","00","Tuesday","Weekday","No Injuries","No Fatalities"
1.00000387595828e-313,2024-05-07 01:37:00,1,1,0,NA,"N","NOT COLLISION W/MOTOR VEHICLE-TRANSPORT","RAIN","DARK - LIGHTED","NEELYS BEND RD & GALLATIN PIKE S","MADISON","MADISO",36.25612,-86.71385,"PEDESTRIAN","37115","2024","May","Spring","01","Tuesday","Weekday","Injuries","No Fatalities"
1.00000387620531e-313,2024-05-07 01:39:00,1,1,0,NA,"N","NOT COLLISION W/MOTOR VEHICLE-TRANSPORT","RAIN","DARK - NOT LIGHTED","MM 51 8 I-24","NASHVILLE","SOUTH",36.13652,-86.72721,"WALL","37210","2024","May","Spring","01","Tuesday","Weekday","Injuries","No Fatalities"
1.00000387699582e-313,2024-05-07 00:34:00,1,0,0,NA,"N","NOT COLLISION W/MOTOR VEHICLE-TRANSPORT","RAIN","DARK - NOT LIGHTED","MM 220 0 I-40","HERMITAGE","HERMIT",36.16508,-86.61384,"WALL","37076","2024","May","Spring","00","Tuesday","Weekday","No Injuries","No Fatalities"
1.00000387867564e-313,2024-05-07 01:55:00,2,0,0,NA,"N","ANGLE","RAIN","DARK - NOT LIGHTED","RAMP 82A & 82A","NASHVILLE","MIDTOW",36.14772,-86.77747,"MOTOR VEHICLE IN TRANSPORT","37203","2024","May","Spring","01","Tuesday","Weekday","No Injuries","No Fatalities"
1.00000388341867e-313,2024-05-07 01:08:00,2,1,0,NA,"Y","ANGLE","RAIN","DARK - LIGHTED","NOLENSVILLE RD & NOLENSVILLE PIKE","NASHVILLE","SOUTH",36.06493,-86.7173,"MOTOR VEHICLE IN TRANSPORT","37210","2024","May","Spring","01","Tuesday","Weekday","Injuries","No Fatalities"