"Accident.Number","Date.and.Time","Number.of.Motor.Vehicles","Number.of.Injuries","Number.of.Fatalities","Property.Damage","Hit.and.Run","Collision.Type.Description","Weather.Description","Illumination.Description","Street.Address","City","Precinct","Latitude","Longitude","HarmfulDescriptions","Zip.Code","Year","Month","Season","Hour","Weekday","DayType","Accident","Fatality_category"
1.00000389349761e-313,2024-05-07 03:50:00,2,1,0,NA,"Y","SIDESWIPE - OPPOSITE DIRECTION","RAIN","DARK - LIGHTED","EWING DR & EWING LN","NASHVILLE","MADISO",36.23091,-86.77613,"MOTOR VEHICLE IN TRANSPORT-OTHER ROADWAY","37207","2024","May","Spring","03","Tuesday","Weekday","Injuries","No Fatalities"
1.00000389433752e-313,2024-05-07 02:35:00,1,0,0,NA,"Y","NOT COLLISION W/MOTOR VEHICLE-TRANSPORT","RAIN","DARK - LIGHTED","BRILEY PKWY & KIRBY AVE","NASHVILLE","HERMIT",36.13229,-86.69603,"UTILITY POLE","37217","2024","May","Spring","02","Tuesday","Weekday","No Injuries","No Fatalities"
1.00000391414955e-313,2024-05-07 05:47:00,2,0,0,NA,"Y","ANGLE","RAIN","DARK - LIGHTED","HOBSON PIKE & PIN HOOK RD","ANTIOCH","SOUTH",36.04931,-86.60004,"MOTOR VEHICLE IN TRANSPORT","37013","2024","May","Spring","05","Tuesday","Weekday","No Injuries","No Fatalities"
1.00000584960231e-313,2024-05-23 09:50:00,2,0,0,NA,"Y","Front to Rear","RAIN","DARK - LIGHTED","MM 47 0 I 24","NASHVILLE","CENTRA",36.18836,-86.77615,"MOTOR VEHICLE IN TRANSPORT","37207","2024","May","Spring","09","Thursday","Weekday","No Injuries","No Fatalities"
1.00000406558067e-313,2024-05-08 12:41:00,1,0,0,NA,"N","NOT COLLISION W/MOTOR VEHICLE-TRANSPORT","RAIN","DAYLIGHT","MM 94 2 I-65","MADISON","MADISO",36.28987,-86.72339,"CONCRETE TRAFFIC BARRIER","37115","2024","May","Spring","12","Wednesday","Weekday","No Injuries","No Fatalities"
1.0000040838117e-313,2024-05-08 12:26:00,2,0,0,NA,"N","ANGLE","RAIN","DAYLIGHT","","ANTIOCH","SOUTH",36.05017,-86.60615,"","37013","2024","May","Spring","12","Wednesday","Weekday","No Injuries","No Fatalities"
1.00000409947358e-313,2024-05-08 05:00:00,2,0,0,NA,"N","Front to Rear","RAIN","DAYLIGHT","MM 211 2 I-24","NASHVILLE","HERMIT",36.15342,-86.75671,"MOTOR VEHICLE IN TRANSPORT","37210","2024","May","Spring","05","Wednesday","Weekday","No Injuries","No Fatalities"
1.00000410836676e-313,2024-05-08 05:00:00,2,0,0,NA,"Y","ANGLE","RAIN","DAYLIGHT","100 NOLENSVILLE PIKE","NASHVILLE","SOUTH",36.11393,-86.74648,"","37210","2024","May","Spring","05","Wednesday","Weekday","No Injuries","No Fatalities"
1.00000413415699e-313,2024-05-09 00:19:00,1,1,0,NA,"N","NOT COLLISION W/MOTOR VEHICLE-TRANSPORT","RAIN","DUSK","BRILEY PKWY & VAILVIEW DR","NASHVILLE","MADISO",36.24168,-86.75959,"EMBANKMENT EARTH","37207","2024","May","Spring","00","Thursday","Weekday","Injuries","No Fatalities"
1.00000413420639e-313,2024-05-09 00:15:00,1,1,0,NA,"N","NOT COLLISION W/MOTOR VEHICLE-TRANSPORT","RAIN","DAYLIGHT","0 GLASTONBURY RD","NASHVILLE","HERMIT",36.13608,-86.70145,"TREE","37217","2024","May","Spring","00","Thursday","Weekday","Injuries","No Fatalities"
1.00000413554037e-313,2024-05-09 00:31:00,1,0,0,NA,"N","NOT COLLISION W/MOTOR VEHICLE-TRANSPORT","RAIN","DARK - LIGHTED","DODSON CHAPEL RD & ALTA LAKE GREENWAY","HERMITAGE","HERMIT",36.16459,-86.61452,"Bridge/Overhead Structure","37076","2024","May","Spring","00","Thursday","Weekday","No Injuries","No Fatalities"
1.0000041515481e-313,2024-05-09 02:04:00,2,0,0,NA,"Y","SIDESWIPE - SAME DIRECTION","RAIN","DARK - LIGHTED","MM 88 0 I-24","NASHVILLE","NORTH",36.21602,-86.7753,"","37207","2024","May","Spring","02","Thursday","Weekday","No Injuries","No Fatalities"
1.00000415841561e-313,2024-05-09 00:05:00,2,0,0,NA,"Y","Front to Rear","RAIN","DARK - LIGHTED","MM 89 8 I 65","NASHVILLE","MADISO",36.23698,-86.75984,"MOTOR VEHICLE IN TRANSPORT","37207","2024","May","Spring","00","Thursday","Weekday","No Injuries","No Fatalities"
1.00000416271398e-313,2024-05-09 03:35:00,2,2,0,NA,"Y","HEAD-ON","RAIN","DARK - LIGHTED","1 GALLATIN PIKE S","MADISON","MADISO",36.24656,-86.72123,"MOTOR VEHICLE IN TRANSPORT","37115","2024","May","Spring","03","Thursday","Weekday","Injuries","No Fatalities"
1.00000416543134e-313,2024-05-09 03:50:00,2,0,0,NA,"N","ANGLE","RAIN","DARK - LIGHTED","CHARLOTTE AVE & PARK AVE","NASHVILLE","WEST",36.15208,-86.84505,"MOTOR VEHICLE IN TRANSPORT","37209","2024","May","Spring","03","Thursday","Weekday","No Injuries","No Fatalities"
1.00000416869217e-313,2024-05-08 05:00:00,2,1,0,NA,"N","SIDESWIPE - SAME DIRECTION","RAIN","DARK - NOT LIGHTED","MM 32 6 I-24","JOELTON","NORTH",36.3342,-86.90574,"MOTOR VEHICLE IN TRANSPORT","37080","2024","May","Spring","05","Wednesday","Weekday","Injuries","No Fatalities"
1.00000609910547e-313,2024-05-25 06:35:00,1,1,0,NA,"N","NOT COLLISION W/MOTOR VEHICLE-TRANSPORT","RAIN","DARK - LIGHTED","MM 211 8 I-24","NASHVILLE","HERMIT",36.14867,-86.74636,"MOTOR VEHICLE IN TRANSPORT;WALL","37210","2024","May","Spring","06","Saturday","Weekend","Injuries","No Fatalities"
1.0000041704214e-313,2024-05-08 05:00:00,1,0,0,NA,"Y","UNKNOWN","RAIN","DARK - LIGHTED","MM 49 3 I 24","NASHVILLE","EAST",36.16282,-86.76132,"UNKNOWN MOST HARMFUL EVENT","37206","2024","May","Spring","05","Wednesday","Weekday","No Injuries","No Fatalities"
1.00000610167461e-313,2024-05-25 07:06:00,1,1,0,NA,"N","NOT COLLISION W/MOTOR VEHICLE-TRANSPORT","RAIN","DARK - LIGHTED","W TRINITY LN & E TRINITY LN","NASHVILLE","EAST",36.20593,-86.76908,"UTILITY POLE","37207","2024","May","Spring","07","Saturday","Weekend","Injuries","No Fatalities"
1.00000418558922e-313,2024-05-09 08:45:00,1,0,0,NA,"N","NOT COLLISION W/MOTOR VEHICLE-TRANSPORT","RAIN","DARK - NOT LIGHTED","MM 199 0 I-40","NASHVILLE","WEST",36.10934,-86.92546,"","37221","2024","May","Spring","08","Thursday","Weekday","No Injuries","No Fatalities"
1.00000610182283e-313,2024-05-25 07:07:00,1,0,0,NA,"N","NOT COLLISION W/MOTOR VEHICLE-TRANSPORT","RAIN","DARK - NOT LIGHTED","MM 211 6 I-24","NASHVILLE","HERMIT",36.15066,-86.74988,"","37210","2024","May","Spring","07","Saturday","Weekend","No Injuries","No Fatalities"
1.00000418588566e-313,2024-05-09 05:00:00,2,0,0,NA,"Y","SIDESWIPE - OPPOSITE DIRECTION","RAIN","DARK - LIGHTED","MM 62 4 OLD HICKORY BLVD","ANTIOCH","SOUTH",36.01689,-86.62292,"MOTOR VEHICLE IN TRANSPORT;PARKED MOTOR VEHICLE","37013","2024","May","Spring","05","Thursday","Weekday","No Injuries","No Fatalities"
1.00000418850421e-313,2024-05-09 09:45:00,2,0,0,NA,"N","ANGLE","RAIN","DARK - LIGHTED","NOLENSVILLE RD & OLD HICKORY BLVD","NASHVILLE","MIDTOW",36.04726,-86.71417,"","37211","2024","May","Spring","09","Thursday","Weekday","No Injuries","No Fatalities"
1.00000418885005e-313,2024-05-09 09:57:00,2,1,0,NA,"N","NOT COLLISION W/MOTOR VEHICLE-TRANSPORT","RAIN","DARK - LIGHTED","MM 94 0 I-65","GOODLETTSVILLE","MADISO",36.28782,-86.72588,"MOTOR VEHICLE IN TRANSPORT;WALL;PAVED SURFACE-IRREGULAR","37072","2024","May","Spring","09","Thursday","Weekday","Injuries","No Fatalities"
1.00000418889946e-313,2024-05-09 05:00:00,3,1,0,NA,"N","OTHER","RAIN","DARK - LIGHTED","MM 5 6 I-440","NASHVILLE","MIDTOW",36.12199,-86.76128,"MOTOR VEHICLE IN TRANSPORT","37211","2024","May","Spring","05","Thursday","Weekday","Injuries","No Fatalities"
1.00000610533069e-313,2024-05-25 05:00:00,1,0,0,NA,"N","NOT COLLISION W/MOTOR VEHICLE-TRANSPORT","RAIN","DARK - LIGHTED","KNIGHT DR & WHITES CREEK PIKE","NASHVILLE","NORTH",36.22756,-86.80523,"GUARDRAIL FACE;Ran Off Road-Right","37207","2024","May","Spring","05","Saturday","Weekend","No Injuries","No Fatalities"
1.00000418978878e-313,2024-05-09 10:15:00,2,0,0,NA,"N","SIDESWIPE - SAME DIRECTION","RAIN","DARK - LIGHTED","MM 59 4 I-24","ANTIOCH","SOUTH",36.04648,-86.66076,"MOTOR VEHICLE IN TRANSPORT","37013","2024","May","Spring","10","Thursday","Weekday","No Injuries","No Fatalities"
1.00000419018403e-313,2024-05-09 10:30:00,1,1,0,NA,"N","NOT COLLISION W/MOTOR VEHICLE-TRANSPORT","RAIN","DAWN","MM 52 8 I-24","NASHVILLE","SOUTH",36.12189,-86.72742,"CONCRETE TRAFFIC BARRIER","37210","2024","May","Spring","10","Thursday","Weekday","Injuries","No Fatalities"
1.00000610750458e-313,2024-05-25 08:54:00,1,0,0,NA,"Y","NOT COLLISION W/MOTOR VEHICLE-TRANSPORT","RAIN","DARK - NOT LIGHTED","LAKE CHATEAU DR & LAKE CHATEAU DR","HERMITAGE","HERMIT",36.16144,-86.59892,"DITCH","37076","2024","May","Spring","08","Saturday","Weekend","No Injuries","No Fatalities"
1.00000419156741e-313,2024-05-09 10:30:00,1,1,0,NA,"N","NOT COLLISION W/MOTOR VEHICLE-TRANSPORT","RAIN","DAWN","MM 52 4 I-24","NASHVILLE","SOUTH",36.12672,-86.72811,"CONCRETE TRAFFIC BARRIER","37210","2024","May","Spring","10","Thursday","Weekday","Injuries","No Fatalities"
1.00000610997491e-313,2024-05-25 10:13:00,2,1,0,NA,"Y","Front to Rear","RAIN","DAWN","JANSING DR & JOSAM DR","NASHVILLE","SOUTH",36.08286,-86.69029,"MOTOR VEHICLE IN TRANSPORT;PARKED MOTOR VEHICLE","37211","2024","May","Spring","10","Saturday","Weekend","Injuries","No Fatalities"
1.00000419304961e-313,2024-05-09 11:26:00,1,0,0,NA,"N","NOT COLLISION W/MOTOR VEHICLE-TRANSPORT","RAIN","DARK - LIGHTED","WHITES CREEK PIKE & BEAR HOLLOW RD","WHITES CREEK","NORTH",36.30641,-86.86011,"DITCH","37189","2024","May","Spring","11","Thursday","Weekday","No Injuries","No Fatalities"
1.00000611056779e-313,2024-05-25 10:32:00,1,0,0,NA,"N","NOT COLLISION W/MOTOR VEHICLE-TRANSPORT","RAIN","DARK - LIGHTED","MM 56 4 I-24","NASHVILLE","SOUTH",36.07793,-86.69486,"OTHER FIXED OBJECTS;Motor Vehicle-In-Motion Outside Trafficw","37211","2024","May","Spring","10","Saturday","Weekend","No Injuries","No Fatalities"
1.00000611229702e-313,2024-05-25 10:59:00,1,1,0,NA,"Y","NOT COLLISION W/MOTOR VEHICLE-TRANSPORT","RAIN","DARK - NOT LIGHTED","0 LEA AVE","NASHVILLE","CENTRA",36.15554,-86.77112,"OTHER POST, POLE, SUPP.","37203","2024","May","Spring","10","Saturday","Weekend","Injuries","No Fatalities"
1.00000419487765e-313,2024-05-09 11:50:00,2,0,0,NA,"N","Front to Rear","RAIN","DAYLIGHT","BRILEY PKWY & GLENCLIFF CT","NASHVILLE","SOUTH",36.11063,-86.71774,"","37211","2024","May","Spring","11","Thursday","Weekday","No Injuries","No Fatalities"
1.00000419635985e-313,2024-05-09 11:40:00,2,0,0,NA,"N","ANGLE","RAIN","DAYLIGHT","LUCAS LN & W TRINITY LN","NASHVILLE","EAST",36.20591,-86.77127,"","37207","2024","May","Spring","11","Thursday","Weekday","No Injuries","No Fatalities"
1.00000611254405e-313,2024-05-25 11:29:00,2,6,0,NA,"N","Front to Rear","RAIN","DAYLIGHT","MM 32 6 I-24","JOELTON","NORTH",36.33477,-86.90695,"MOTOR VEHICLE IN TRANSPORT","37080","2024","May","Spring","11","Saturday","Weekend","Injuries","No Fatalities"
1.0000061128899e-313,2024-05-25 11:27:00,1,0,0,NA,"N","NOT COLLISION W/MOTOR VEHICLE-TRANSPORT","RAIN","DAYLIGHT","MM 198 4 I-40","NASHVILLE","WEST",36.10228,-86.93361,"","37221","2024","May","Spring","11","Saturday","Weekend","No Injuries","No Fatalities"
1.00000611358159e-313,2024-05-25 10:58:00,2,0,0,NA,"Y","SIDESWIPE - SAME DIRECTION","RAIN","DARK - NOT LIGHTED","MM 50 0 I-24","NASHVILLE","HERMIT",36.15375,-86.75789,"","37210","2024","May","Spring","10","Saturday","Weekend","No Injuries","No Fatalities"
1.00000611447091e-313,2024-05-25 11:57:00,1,1,0,NA,"N","NOT COLLISION W/MOTOR VEHICLE-TRANSPORT","RAIN","OTHER","MM 201 0 I-40","NASHVILLE","WEST",36.12956,-86.89962,"CONCRETE TRAFFIC BARRIER","37205","2024","May","Spring","11","Saturday","Weekend","Injuries","No Fatalities"
1.00000420051e-313,2024-05-09 05:00:00,1,0,0,NA,"N","NOT COLLISION W/MOTOR VEHICLE-TRANSPORT","RAIN","DAYLIGHT","WHITES CREEK PIKE & BEAR HOLLOW RD","WHITES CREEK","NORTH",36.30641,-86.86011,"DITCH","37189","2024","May","Spring","05","Thursday","Weekday","No Injuries","No Fatalities"
1.00000866701166e-313,2024-06-17 00:20:00,1,1,0,NA,"N","NOT COLLISION W/MOTOR VEHICLE-TRANSPORT","RAIN","DAYLIGHT","BRILEY PKWY & REVERE PL","NASHVILLE","HERMIT",36.17474,-86.69082,"WALL","37214","2024","June","Summer","00","Monday","Weekday","Injuries","No Fatalities"
1.00000866775276e-313,2024-06-17 00:12:00,2,1,0,NA,"Y","HEAD-ON","RAIN","DAYLIGHT","GALLATIN PKE & JOYCE LN","NASHVILLE","EAST",36.23356,-86.72482,"MOTOR VEHICLE IN TRANSPORT","37216","2024","June","Summer","00","Monday","Weekday","Injuries","No Fatalities"
1.00000866859267e-313,2024-06-17 00:24:00,1,1,0,NA,"N","NOT COLLISION W/MOTOR VEHICLE-TRANSPORT","RAIN","DUSK","RAMP 6B & 6A-B","NASHVILLE","HERMIT",36.14555,-86.69628,"","37210","2024","June","Summer","00","Monday","Weekday","Injuries","No Fatalities"
1.00000866933377e-313,2024-06-17 00:16:00,1,0,0,NA,"N","NOT COLLISION W/MOTOR VEHICLE-TRANSPORT","RAIN","DAYLIGHT","CENTRAL PIKE & HERMITAGE INDUSTRIAL DR","HERMITAGE","HERMIT",36.18256,-86.62392,"UTILITY POLE","37076","2024","June","Summer","00","Monday","Weekday","No Injuries","No Fatalities"
1.00000866977843e-313,2024-06-17 00:43:00,4,6,0,NA,"N","ANGLE","RAIN","DUSK","RAMP 53 & I-24 W","NASHVILLE","SOUTH",36.11891,-86.72613,"MOTOR VEHICLE IN TRANSPORT","37217","2024","June","Summer","00","Monday","Weekday","Injuries","No Fatalities"
1.00000867047012e-313,2024-06-17 01:00:00,1,0,0,NA,"N","NOT COLLISION W/MOTOR VEHICLE-TRANSPORT","RAIN","DUSK","OLD HICKORY BLVD & MAXWELL RD","ANTIOCH","SOUTH",36.04079,-86.59567,"CURB","37013","2024","June","Summer","01","Monday","Weekday","No Injuries","No Fatalities"
1.00000867081597e-313,2024-06-17 01:13:00,1,0,0,NA,"N","NOT COLLISION W/MOTOR VEHICLE-TRANSPORT","RAIN","DARK - LIGHTED","MM 52 8 I-24","NASHVILLE","SOUTH",36.12171,-86.72738,"Other Traffic Barrier","37210","2024","June","Summer","01","Monday","Weekday","No Injuries","No Fatalities"
1.00000867160647e-313,2024-06-17 01:00:00,1,0,0,NA,"Y","NOT COLLISION W/MOTOR VEHICLE-TRANSPORT","RAIN","DARK - NOT LIGHTED","RURAL HILL RD & TOOK DR","ANTIOCH","SOUTH",36.05643,-86.6487,"DITCH","37013","2024","June","Summer","01","Monday","Weekday","No Injuries","No Fatalities"
1.00000867294045e-313,2024-06-17 01:50:00,2,1,0,NA,"N","ANGLE","RAIN","DARK - LIGHTED","BELL RD & HICKORY PARK DR","ANTIOCH","SOUTH",36.04487,-86.67043,"MOTOR VEHICLE IN TRANSPORT","37013","2024","June","Summer","01","Monday","Weekday","Injuries","No Fatalities"
1.0000086748179e-313,2024-06-17 02:20:00,2,1,0,NA,"Y","UNKNOWN","RAIN","DARK - LIGHTED","BELL RD & CANE RIDGE RD","ANTIOCH","SOUTH",36.04477,-86.6615,"MOTOR VEHICLE IN TRANSPORT","37013","2024","June","Summer","02","Monday","Weekday","Injuries","No Fatalities"
1.00000867975855e-313,2024-06-17 03:33:00,1,0,0,NA,"N","NOT COLLISION W/MOTOR VEHICLE-TRANSPORT","RAIN","DARK - LIGHTED","RAMP 11 & BRILEY PKWY","NASHVILLE","HERMIT",36.19599,-86.68745,"WALL","37214","2024","June","Summer","03","Monday","Weekday","No Injuries","No Fatalities"
1.00000692384925e-313,2024-06-01 10:11:00,1,0,0,NA,"N","NOT COLLISION W/MOTOR VEHICLE-TRANSPORT","RAIN","DAWN","MM 58 0 I-24","ANTIOCH","SOUTH",36.05866,-86.6782,"","37013","2024","June","Summer","10","Saturday","Weekend","No Injuries","No Fatalities"
1.00000692389865e-313,2024-06-01 10:30:00,1,1,0,NA,"N","NOT COLLISION W/MOTOR VEHICLE-TRANSPORT","RAIN","DARK - LIGHTED","MM 91 0 I-65","MADISON","MADISO",36.24834,-86.74233,"PAVED SURFACE-IRREGULAR","37115","2024","June","Summer","10","Saturday","Weekend","Injuries","No Fatalities"
1.00000692518323e-313,2024-06-01 10:50:00,1,1,0,NA,"N","NOT COLLISION W/MOTOR VEHICLE-TRANSPORT","RAIN","DARK - NOT LIGHTED","MM 52 0 I-24","NASHVILLE","SOUTH",36.13452,-86.72711,"WALL","37210","2024","June","Summer","10","Saturday","Weekend","Injuries","No Fatalities"
1.00000692587492e-313,2024-06-01 07:33:00,1,0,0,NA,"Y","NOT COLLISION W/MOTOR VEHICLE-TRANSPORT","RAIN","DARK - NOT LIGHTED","WELDON DR & TERRY LN","HERMITAGE","HERMIT",36.20108,-86.61281,"","37076","2024","June","Summer","07","Saturday","Weekend","No Injuries","No Fatalities"
1.0000069264678e-313,2024-06-01 10:40:00,2,0,0,NA,"N","ANGLE","RAIN","DAWN","W KIRKLAND AVE & GALLATIN PIKE","NASHVILLE","EAST",36.20891,-86.73447,"","37216","2024","June","Summer","10","Saturday","Weekend","No Injuries","No Fatalities"
1.0000069272583e-313,2024-06-01 11:45:00,2,0,0,NA,"Y","Front to Rear","RAIN","DAYLIGHT","MM 211 2 I-24","NASHVILLE","HERMIT",36.15307,-86.75542,"MOTOR VEHICLE IN TRANSPORT;GUARDRAIL END","37210","2024","June","Summer","11","Saturday","Weekend","No Injuries","No Fatalities"
1.00000692735711e-313,2024-06-01 11:29:00,1,0,0,NA,"N","NOT COLLISION W/MOTOR VEHICLE-TRANSPORT","RAIN","DAYLIGHT","HILLSBORO PIKE & STOKES LN","NASHVILLE","WEST",36.11958,-86.80875,"FENCE","37215","2024","June","Summer","11","Saturday","Weekend","No Injuries","No Fatalities"
1.00000692829584e-313,2024-06-01 07:00:00,2,0,0,NA,"Y","SIDESWIPE - SAME DIRECTION","RAIN","DARK - LIGHTED","MM 201 2 I-40","NASHVILLE","WEST",36.13216,-86.8975,"","37209","2024","June","Summer","07","Saturday","Weekend","No Injuries","No Fatalities"
1.00000693056854e-313,2024-06-01 12:56:00,1,0,0,NA,"N","NOT COLLISION W/MOTOR VEHICLE-TRANSPORT","RAIN","DAYLIGHT","MM 88 6 I-65","NASHVILLE","EAST",36.22528,-86.7745,"Ran Off Road-Right;EMBANKMENT EARTH","37207","2024","June","Summer","12","Saturday","Weekend","No Injuries","No Fatalities"
1.00000693264362e-313,2024-06-01 05:00:00,2,0,0,NA,"N","ANGLE","RAIN","DAYLIGHT","MM 218 0 I-40","NASHVILLE","HERMIT",36.14661,-86.64377,"","37214","2024","June","Summer","05","Saturday","Weekend","No Injuries","No Fatalities"
1.00000693699139e-313,2024-06-01 05:00:00,1,0,0,NA,"N","HEAD-ON","RAIN","DAYLIGHT","MM 49 0 I-24","NASHVILLE","EAST",36.16568,-86.76447,"CONCRETE TRAFFIC BARRIER","37206","2024","June","Summer","05","Saturday","Weekend","No Injuries","No Fatalities"
1.0000069452917e-313,2024-06-01 05:00:00,1,2,0,NA,"N","NOT COLLISION W/MOTOR VEHICLE-TRANSPORT","RAIN","DAYLIGHT","BELL RD & MISSION PRIEST LAKE APARTMENTS","NASHVILLE","HERMIT",36.14442,-86.62637,"DITCH","37214","2024","June","Summer","05","Saturday","Weekend","Injuries","No Fatalities"
1.00000696693177e-313,2024-06-02 00:35:00,2,0,0,NA,"N","Front to Rear","RAIN","DARK - NOT LIGHTED","OLD HICKORY BLVD & SONYA DR","NASHVILLE","WEST",36.1108,-86.9226,"MOTOR VEHICLE IN TRANSPORT","37221","2024","June","Summer","00","Sunday","Weekend","No Injuries","No Fatalities"
1.00000696955032e-313,2024-06-02 01:20:00,1,1,0,NA,"N","NOT COLLISION W/MOTOR VEHICLE-TRANSPORT","RAIN","DARK - NOT LIGHTED","HAYWOOD LN & BAKERTOWN RD","NASHVILLE","SOUTH",36.06936,-86.68863,"","37211","2024","June","Summer","01","Sunday","Weekend","Injuries","No Fatalities"
1.00000611560726e-313,2024-05-25 12:30:00,3,4,0,NA,"Y","ANGLE","RAIN","DAWN","MM 59 0 I-24","ANTIOCH","SOUTH",36.04804,-86.66347,"MOTOR VEHICLE IN TRANSPORT","37013","2024","May","Spring","12","Saturday","Weekend","Injuries","No Fatalities"
1.00000697256412e-313,2024-06-02 02:18:00,2,0,0,NA,"N","ANGLE","RAIN","DARK - LIGHTED","OLD CHARLOTTE PIKE & CHARLOTTE PIKE","NASHVILLE","WEST",36.13196,-86.89561,"MOTOR VEHICLE IN TRANSPORT","37209","2024","June","Summer","02","Sunday","Weekend","No Injuries","No Fatalities"
1.00000611575548e-313,2024-05-25 12:32:00,1,0,0,NA,"N","NOT COLLISION W/MOTOR VEHICLE-TRANSPORT","RAIN","DAYLIGHT","MM 211 8 I-24","NASHVILLE","HERMIT",36.14867,-86.74636,"GUARDRAIL FACE","37210","2024","May","Spring","12","Saturday","Weekend","No Injuries","No Fatalities"
1.00000611649658e-313,2024-05-25 05:00:00,2,2,0,NA,"N","Front to Rear","RAIN","DAYLIGHT","MM 56 0 I-24","NASHVILLE","SOUTH",36.08317,-86.6984,"MOTOR VEHICLE IN TRANSPORT","37211","2024","May","Spring","05","Saturday","Weekend","Injuries","No Fatalities"
1.00000611807759e-313,2024-05-25 05:30:00,2,0,0,NA,"Y","UNKNOWN","RAIN","UNKNOWN","100 UNIVERSITY CT","NASHVILLE","HERMIT",36.15285,-86.76387,"","37210","2024","May","Spring","05","Saturday","Weekend","No Injuries","No Fatalities"
1.00000611955978e-313,2024-05-25 05:00:00,2,0,0,NA,"N","Front to Rear","RAIN","DAYLIGHT","MM 56 0 I-24","NASHVILLE","SOUTH",36.08353,-86.69864,"MOTOR VEHICLE IN TRANSPORT","37211","2024","May","Spring","05","Saturday","Weekend","No Injuries","No Fatalities"
1.00000699830494e-313,2024-06-02 08:51:00,2,0,0,NA,"Y","NOT COLLISION W/MOTOR VEHICLE-TRANSPORT","RAIN","DARK - LIGHTED","0 BRILEY PKWY","NASHVILLE","NORTH",36.2363,-86.81704,"UTILITY POLE","37207","2024","June","Summer","08","Sunday","Weekend","No Injuries","No Fatalities"
1.00000700225747e-313,2024-06-02 10:36:00,2,0,0,NA,"N","HEAD-ON","RAIN","DARK - NOT LIGHTED","OLD MURFREESBORO PIKE & SWEENEY AVE","NASHVILLE","HERMIT",36.09917,-86.6575,"MOTOR VEHICLE IN TRANSPORT","37217","2024","June","Summer","10","Sunday","Weekend","No Injuries","No Fatalities"
1.0000061964364e-313,2024-05-26 04:15:00,2,0,0,NA,"Y","Front to Rear","RAIN","DARK - LIGHTED","UNKNOWN RAMP  &  ROAD","NASHVILLE","SOUTH",36.08536,-86.70158,"MOTOR VEHICLE IN TRANSPORT","37211","2024","May","Spring","04","Sunday","Weekend","No Injuries","No Fatalities"
1.00000621293819e-313,2024-05-26 05:00:00,1,0,0,NA,"N","NOT COLLISION W/MOTOR VEHICLE-TRANSPORT","RAIN","DARK - LIGHTED","RAMP 81 & I-65 N","NASHVILLE","MIDTOW",36.13187,-86.77416,"CONCRETE TRAFFIC BARRIER","37204","2024","May","Spring","05","Sunday","Weekend","No Injuries","No Fatalities"
1.00000718096101e-313,2024-06-04 02:58:00,2,1,0,NA,"N","ANGLE","RAIN","DARK - NOT LIGHTED","MM 87 2 I-24","NASHVILLE","NORTH",36.20645,-86.77651,"MOTOR VEHICLE IN TRANSPORT","37207","2024","June","Summer","02","Tuesday","Weekday","Injuries","No Fatalities"
1.00000623645572e-313,2024-05-27 02:20:00,2,1,0,NA,"N","Front to Rear","RAIN","DARK - LIGHTED","MURFREESBORO RD & MURFREESBORO PIKE","NASHVILLE","HERMIT",36.08889,-86.64982,"MOTOR VEHICLE IN TRANSPORT","37217","2024","May","Spring","02","Monday","Weekday","Injuries","No Fatalities"
1.00000779874069e-313,2024-06-09 07:20:00,2,0,0,NA,"N","Front to Rear","RAIN","DARK - LIGHTED","2ND AVE S & DEMONBREUN ST","NASHVILLE","CENTRA",36.15989,-86.7739,"MOTOR VEHICLE IN TRANSPORT","37201","2024","June","Summer","07","Sunday","Weekend","No Injuries","No Fatalities"
1.00000779928417e-313,2024-06-09 07:30:00,2,1,0,NA,"Y","ANGLE","RAIN","DARK - LIGHTED","NOLENSVILLE RD & NOLENSVILLE PIKE","NASHVILLE","SOUTH",36.06891,-86.71994,"MOTOR VEHICLE IN TRANSPORT","37210","2024","June","Summer","07","Sunday","Weekend","Injuries","No Fatalities"
1.00000625028955e-313,2024-05-27 05:25:00,2,1,0,NA,"N","HEAD-ON","RAIN","DARK - LIGHTED","GALLATIN RD & LIBERTY LN","MADISON","MADISO",36.30395,-86.6903,"MOTOR VEHICLE IN TRANSPORT","37115","2024","May","Spring","05","Monday","Weekday","Injuries","No Fatalities"
1.00000625122828e-313,2024-05-27 05:37:00,1,0,0,NA,"N","NOT COLLISION W/MOTOR VEHICLE-TRANSPORT","RAIN","DARK - LIGHTED","MM 216 2 I 40","NASHVILLE","HERMIT",36.14181,-86.6724,"GUARDRAIL FACE","37214","2024","May","Spring","05","Monday","Weekday","No Injuries","No Fatalities"
1.0000078010134e-313,2024-06-09 08:30:00,2,1,0,NA,"N","ANGLE","RAIN","DARK - LIGHTED","NOLENSVILLE PIKE & NOLENSVILLE RD","NASHVILLE","SOUTH",36.0849,-86.72944,"","37210","2024","June","Summer","08","Sunday","Weekend","Injuries","No Fatalities"
1.00000625152472e-313,2024-05-27 05:38:00,2,1,0,NA,"N","HEAD-ON","RAIN","DARK - LIGHTED","OLD MURFREESBORO PIKE & FAIRCLOTH LN","NASHVILLE","HERMIT",36.10304,-86.66677,"MOTOR VEHICLE IN TRANSPORT","37217","2024","May","Spring","05","Monday","Weekday","Injuries","No Fatalities"
1.00000780150746e-313,2024-06-09 08:09:00,2,0,0,NA,"Y","Front to Rear","RAIN","DARK - LIGHTED","3RD AVE S & BROADWAY","NASHVILLE","CENTRA",36.1614,-86.77584,"MOTOR VEHICLE IN TRANSPORT","37201","2024","June","Summer","08","Sunday","Weekend","No Injuries","No Fatalities"
1.00000625187056e-313,2024-05-27 05:00:00,1,0,0,NA,"Y","UNKNOWN","RAIN","DARK - LIGHTED","CHARLOTTE AV & 16TH AVN","NASHVILLE","MIDTOW",36.15961,-86.79626,"UNKNOWN MOST HARMFUL EVENT","37203","2024","May","Spring","05","Monday","Weekday","No Injuries","No Fatalities"