"Accident.Number","Date.and.Time","Number.of.Motor.Vehicles","Number.of.Injuries","Number.of.Fatalities","Property.Damage","Hit.and.Run","Collision.Type.Description","Weather.Description","Illumination.Description","Street.Address","City","Precinct","Latitude","Longitude","HarmfulDescriptions","Zip.Code","Year","Month","Season","Hour","Weekday","DayType","Accident","Fatality_category"
1.00000780185331e-313,2024-06-09 08:49:00,2,1,0,NA,"Y","ANGLE","RAIN","DARK - LIGHTED","5TH AVE N & JEFFERSON ST","NASHVILLE","CENTRA",36.17419,-86.78732,"MOTOR VEHICLE IN TRANSPORT","37219","2024","June","Summer","08","Sunday","Weekend","Injuries","No Fatalities"
1.00000625275988e-313,2024-05-27 05:00:00,1,0,0,NA,"N","NOT COLLISION W/MOTOR VEHICLE-TRANSPORT","RAIN","DARK - LIGHTED","MM 5 6 I-440","NASHVILLE","MIDTOW",36.12177,-86.76291,"CONCRETE TRAFFIC BARRIER","37211","2024","May","Spring","05","Monday","Weekday","No Injuries","No Fatalities"
1.00000780219915e-313,2024-06-09 05:00:00,2,0,0,NA,"N","ANGLE","RAIN","DARK - LIGHTED","NOLENSVILLE RD & NOLENSVILLE PIKE","NASHVILLE","SOUTH",36.08613,-86.72939,"MOTOR VEHICLE IN TRANSPORT","37210","2024","June","Summer","05","Sunday","Weekend","No Injuries","No Fatalities"
1.00000625374801e-313,2024-05-27 06:00:00,1,0,0,NA,"N","NOT COLLISION W/MOTOR VEHICLE-TRANSPORT","RAIN","DARK - LIGHTED","MM 216 0 I-40","NASHVILLE","HERMIT",36.142,-86.67814,"","37214","2024","May","Spring","06","Monday","Weekday","No Injuries","No Fatalities"
1.00000780412601e-313,2024-06-09 09:45:00,2,0,0,NA,"N","Front to Rear","RAIN","DARK - LIGHTED","MM 52 0 I-24","NASHVILLE","SOUTH",36.13452,-86.72711,"","37210","2024","June","Summer","09","Sunday","Weekend","No Injuries","No Fatalities"
1.00000625384683e-313,2024-05-27 06:45:00,1,1,0,NA,"N","NOT COLLISION W/MOTOR VEHICLE-TRANSPORT","RAIN","DARK - NOT LIGHTED","MM 53 0 I-24","NASHVILLE","SOUTH",36.11784,-86.72604,"CONCRETE TRAFFIC BARRIER","37210","2024","May","Spring","06","Monday","Weekday","Injuries","No Fatalities"
1.00000625463733e-313,2024-05-27 07:06:00,1,0,0,NA,"N","NOT COLLISION W/MOTOR VEHICLE-TRANSPORT","RAIN","DARK - LIGHTED","MM 210 2 I-40","NASHVILLE","CENTRA",36.15057,-86.77061,"GUARDRAIL FACE","37203","2024","May","Spring","07","Monday","Weekday","No Injuries","No Fatalities"
1.00000780501533e-313,2024-06-09 10:51:00,1,0,0,NA,"N","NOT COLLISION W/MOTOR VEHICLE-TRANSPORT","RAIN","DAYLIGHT","MM 50 0 I-40","NASHVILLE","HERMIT",36.15404,-86.75872,"","37210","2024","June","Summer","10","Sunday","Weekend","No Injuries","No Fatalities"
1.00000625503258e-313,2024-05-27 07:13:00,1,0,0,NA,"N","NOT COLLISION W/MOTOR VEHICLE-TRANSPORT","RAIN","DARK - NOT LIGHTED","DAVIDSON RD & 201A","NASHVILLE","WEST",36.1279,-86.90116,"DITCH;CONCRETE TRAFFIC BARRIER","37205","2024","May","Spring","07","Monday","Weekday","No Injuries","No Fatalities"
1.00000780536117e-313,2024-06-09 11:00:00,1,2,0,NA,"N","UNKNOWN","RAIN","DAYLIGHT","0 AIRPORT CENTER DR","NASHVILLE","HERMIT",36.14148,-86.66354,"UNKNOWN MOST HARMFUL EVENT","37214","2024","June","Summer","11","Sunday","Weekend","Injuries","No Fatalities"
1.00000625557606e-313,2024-05-27 07:23:00,2,0,0,NA,"N","Front to Rear","RAIN","DARK - LIGHTED","MM 211 0 I-24","NASHVILLE","HERMIT",36.15445,-86.75918,"","37210","2024","May","Spring","07","Monday","Weekday","No Injuries","No Fatalities"
1.00000625572428e-313,2024-05-27 07:13:00,1,0,0,NA,"N","NOT COLLISION W/MOTOR VEHICLE-TRANSPORT","RAIN","DARK - NOT LIGHTED","MM 199 0 I-40","NASHVILLE","WEST",36.10934,-86.92546,"","37221","2024","May","Spring","07","Monday","Weekday","No Injuries","No Fatalities"
1.00000625597131e-313,2024-05-27 07:39:00,1,0,0,NA,"N","NOT COLLISION W/MOTOR VEHICLE-TRANSPORT","RAIN","DARK - LIGHTED","MM 50 0 I-24","NASHVILLE","HERMIT",36.15459,-86.75935,"CONCRETE TRAFFIC BARRIER","37210","2024","May","Spring","07","Monday","Weekday","No Injuries","No Fatalities"
1.00000780560821e-313,2024-06-09 11:00:00,2,0,0,NA,"Y","UNKNOWN","RAIN","DARK - LIGHTED","HICKORY HOLLOW PKWY & CROSSINGS PL","ANTIOCH","SOUTH",36.04326,-86.65012,"MOTOR VEHICLE IN TRANSPORT;UNKNOWN MOST HARMFUL EVENT","37013","2024","June","Summer","11","Sunday","Weekend","No Injuries","No Fatalities"
1.00000625671241e-313,2024-05-27 08:07:00,3,0,0,NA,"Y","OTHER","RAIN","DARK - LIGHTED","LYNN DR & ABBAY DR","NASHVILLE","MIDTOW",36.08133,-86.74167,"MOTOR VEHICLE IN TRANSPORT;PARKED MOTOR VEHICLE","37211","2024","May","Spring","08","Monday","Weekday","No Injuries","No Fatalities"
1.00000780575643e-313,2024-06-09 10:55:00,2,0,0,NA,"Y","ANGLE","RAIN","DAWN","0","NASHVILLE","EAST",36.18226,-86.60797,"MOTOR VEHICLE IN TRANSPORT","37206","2024","June","Summer","10","Sunday","Weekend","No Injuries","No Fatalities"
1.00000625809579e-313,2024-05-27 08:39:00,1,0,0,NA,"N","NOT COLLISION W/MOTOR VEHICLE-TRANSPORT","RAIN","DARK - LIGHTED","MM 79 8 I-65","NASHVILLE","MIDTOW",36.10882,-86.76986,"CONCRETE TRAFFIC BARRIER;Ran Off Road-Left","37204","2024","May","Spring","08","Monday","Weekday","No Injuries","No Fatalities"
1.0000062588863e-313,2024-05-27 09:03:00,1,0,0,NA,"N","NOT COLLISION W/MOTOR VEHICLE-TRANSPORT","RAIN","DARK - NOT LIGHTED","MM 52 8 I-24","NASHVILLE","SOUTH",36.12171,-86.72738,"","37210","2024","May","Spring","09","Monday","Weekday","No Injuries","No Fatalities"
1.00000625903452e-313,2024-05-27 09:29:00,1,0,0,NA,"Y","NOT COLLISION W/MOTOR VEHICLE-TRANSPORT","RAIN","DARK - LIGHTED","COVENTRY DR & ABBAY DR","NASHVILLE","MIDTOW",36.07927,-86.73776,"","37211","2024","May","Spring","09","Monday","Weekday","No Injuries","No Fatalities"
1.00000625938036e-313,2024-05-27 07:28:00,1,0,0,NA,"N","NOT COLLISION W/MOTOR VEHICLE-TRANSPORT","RAIN","DARK - NOT LIGHTED","MM 200 0 I-40","NASHVILLE","WEST",36.11995,-86.91226,"","37209","2024","May","Spring","07","Monday","Weekday","No Injuries","No Fatalities"
1.00000781405673e-313,2024-06-09 08:15:00,2,0,0,NA,"Y","SIDESWIPE - SAME DIRECTION","RAIN","DARK - LIGHTED","0 PEABODY ST","NASHVILLE","CENTRA",36.15831,-86.7732,"","37201","2024","June","Summer","08","Sunday","Weekend","No Injuries","No Fatalities"
1.00000625947917e-313,2024-05-27 05:00:00,1,0,0,NA,"Y","NOT COLLISION W/MOTOR VEHICLE-TRANSPORT","RAIN","DARK - LIGHTED","MM 205 0 I-40","NASHVILLE","WEST",36.1542,-86.83848,"GUARDRAIL FACE;GUARDRAIL END","37209","2024","May","Spring","05","Monday","Weekday","No Injuries","No Fatalities"
1.00000625952858e-313,2024-05-27 08:45:00,1,0,0,NA,"N","NOT COLLISION W/MOTOR VEHICLE-TRANSPORT","RAIN","DARK - LIGHTED","ANTIOCH PIKE & REEVES RD","ANTIOCH","SOUTH",36.06367,-86.67842,"DITCH","37013","2024","May","Spring","08","Monday","Weekday","No Injuries","No Fatalities"
1.00000625972621e-313,2024-05-27 07:58:00,2,0,0,NA,"N","Front to Rear","RAIN","DARK - LIGHTED","NOLENSVILLE PIKE & NOLENSVILLE RD","NASHVILLE","SOUTH",36.0839,-86.72767,"","37210","2024","May","Spring","07","Monday","Weekday","No Injuries","No Fatalities"
1.00000745427813e-313,2024-06-06 02:20:00,2,1,0,NA,"Y","ANGLE","RAIN","DARK - LIGHTED","BRILEY PKWY & ATRIUM WAY","NASHVILLE","HERMIT",36.15459,-86.692,"MOTOR VEHICLE IN TRANSPORT","37214","2024","June","Summer","02","Thursday","Weekday","Injuries","No Fatalities"
1.00000745778599e-313,2024-06-05 05:00:00,1,1,0,NA,"N","NOT COLLISION W/MOTOR VEHICLE-TRANSPORT","RAIN","DARK - LIGHTED","3RD AVS & DEMONBREUN ST","NASHVILLE","CENTRA",36.15956,-86.77464,"OTHER TYPE NON-MOTORIST","37201","2024","June","Summer","05","Wednesday","Weekday","Injuries","No Fatalities"
1.00000745813184e-313,2024-06-06 02:40:00,1,0,0,NA,"Y","NOT COLLISION W/MOTOR VEHICLE-TRANSPORT","RAIN","DARK - LIGHTED","APACHE TRL & HAYWOOD LN","NASHVILLE","SOUTH",36.06915,-86.69358,"PEDESTRIAN","37211","2024","June","Summer","02","Thursday","Weekday","No Injuries","No Fatalities"
1.00000745976225e-313,2024-06-05 05:00:00,1,3,0,NA,"N","NOT COLLISION W/MOTOR VEHICLE-TRANSPORT","RAIN","DARK - NOT LIGHTED","4 4TH AVE S","NASHVILLE","MIDTOW",36.1437,-86.766,"UTILITY POLE","37203","2024","June","Summer","05","Wednesday","Weekday","Injuries","No Fatalities"
1.00000746139267e-313,2024-06-06 03:15:00,3,0,0,NA,"N","REAR-TO-REAR","RAIN","DARK - LIGHTED","HICKORY LAKE DR & FAIRWOOD DR","NASHVILLE","WEST",36.09536,-86.92591,"MOTOR VEHICLE IN TRANSPORT;PARKED MOTOR VEHICLE","37221","2024","June","Summer","03","Thursday","Weekday","No Injuries","No Fatalities"
1.00000746149148e-313,2024-06-06 03:32:00,2,0,0,NA,"N","SIDESWIPE - SAME DIRECTION","RAIN","DARK - LIGHTED","MM 218 6 I-40","NASHVILLE","HERMIT",36.15309,-86.63325,"MOTOR VEHICLE IN TRANSPORT","37214","2024","June","Summer","03","Thursday","Weekday","No Injuries","No Fatalities"
1.00000747132339e-313,2024-06-06 03:36:00,2,0,0,NA,"Y","Front to Rear","RAIN","DARK - NOT LIGHTED","HAMILTON CHURCH RD & HICKORY MANOR APART","ANTIOCH","SOUTH",36.05561,-86.63651,"MOTOR VEHICLE IN TRANSPORT","37013","2024","June","Summer","03","Thursday","Weekday","No Injuries","No Fatalities"
1.00000954620148e-313,2024-06-24 02:30:00,2,0,0,NA,"Y","SIDESWIPE - SAME DIRECTION","RAIN","DARK - LIGHTED","UNKNOWN RAMP  &  ROAD","NASHVILLE","SOUTH",36.13609,-86.82159,"MOTOR VEHICLE IN TRANSPORT","37211","2024","June","Summer","02","Monday","Weekday","No Injuries","No Fatalities"
1.00000988063451e-313,2024-06-27 00:09:00,1,0,0,NA,"N","NOT COLLISION W/MOTOR VEHICLE-TRANSPORT","RAIN","DAYLIGHT","MM 200 8 I-40","NASHVILLE","WEST",36.12695,-86.90231,"CONCRETE TRAFFIC BARRIER;Ran Off Road-Left","37205","2024","June","Summer","00","Thursday","Weekday","No Injuries","No Fatalities"
1.00000988542695e-313,2024-06-27 00:37:00,2,0,0,NA,"N","ANGLE","RAIN","DARK - LIGHTED","MM 216 0 I-40","NASHVILLE","HERMIT",36.14203,-86.67857,"MOTOR VEHICLE IN TRANSPORT","37214","2024","June","Summer","00","Thursday","Weekday","No Injuries","No Fatalities"
1.0000098858222e-313,2024-06-27 00:38:00,1,0,0,NA,"N","NOT COLLISION W/MOTOR VEHICLE-TRANSPORT","RAIN","DUSK","MM 52 0 I-24","NASHVILLE","SOUTH",36.13442,-86.72676,"CONCRETE TRAFFIC BARRIER","37210","2024","June","Summer","00","Thursday","Weekday","No Injuries","No Fatalities"
1.00000988611864e-313,2024-06-27 00:39:00,2,0,0,NA,"N","Front to Rear","RAIN","DARK - LIGHTED","GALLATIN PIKE S & E DUE WEST AVE","MADISON","MADISO",36.2491,-86.71959,"","37115","2024","June","Summer","00","Thursday","Weekday","No Injuries","No Fatalities"
1.00000988863838e-313,2024-06-27 00:50:00,3,1,0,NA,"N","Front to Rear","RAIN","DARK - LIGHTED","FOSTER AVE & WOODYCREST AVE","NASHVILLE","SOUTH",36.13461,-86.74151,"MOTOR VEHICLE IN TRANSPORT","37210","2024","June","Summer","00","Thursday","Weekday","Injuries","No Fatalities"
1.00000988982413e-313,2024-06-27 00:55:00,2,0,0,NA,"N","ANGLE","RAIN","DARK - NOT LIGHTED","MM 77 4 I-65","NASHVILLE","MIDTOW",36.07714,-86.76674,"","37220","2024","June","Summer","00","Thursday","Weekday","No Injuries","No Fatalities"
1.00000989002176e-313,2024-06-27 01:00:00,2,0,0,NA,"N","ANGLE","RAIN","DARK - NOT LIGHTED","MM 48 8 I-24","NASHVILLE","CENTRA",36.16911,-86.76649,"","37213","2024","June","Summer","01","Thursday","Weekday","No Injuries","No Fatalities"
1.00000989007117e-313,2024-06-27 00:30:00,2,0,0,NA,"Y","ANGLE","RAIN","DARK - LIGHTED","MM 81 2 I-65","NASHVILLE","MIDTOW",36.13038,-86.7734,"MOTOR VEHICLE IN TRANSPORT","37204","2024","June","Summer","00","Thursday","Weekday","No Injuries","No Fatalities"
1.00000989649402e-313,2024-06-27 01:48:00,2,1,0,NA,"N","ANGLE","RAIN","DARK - LIGHTED","BELL RD & COLLINS PARK DR","ANTIOCH","SOUTH",36.04484,-86.65984,"MOTOR VEHICLE IN TRANSPORT","37013","2024","June","Summer","01","Thursday","Weekday","Injuries","No Fatalities"
1.0000098970869e-313,2024-06-27 01:50:00,1,0,0,NA,"N","NOT COLLISION W/MOTOR VEHICLE-TRANSPORT","RAIN","DARK - LIGHTED","RAMP 54 & 54","NASHVILLE","SOUTH",36.11153,-86.72325,"WALL","37211","2024","June","Summer","01","Thursday","Weekday","No Injuries","No Fatalities"
1.00000990830219e-313,2024-06-27 02:32:00,2,0,0,NA,"N","Front to Rear","RAIN","DARK - LIGHTED","NOLENSVILLE RD & NOLENSVILLE PIKE","NASHVILLE","SOUTH",36.08529,-86.72839,"MOTOR VEHICLE IN TRANSPORT","37210","2024","June","Summer","02","Thursday","Weekday","No Injuries","No Fatalities"
1.00000990963617e-313,2024-06-27 01:45:00,3,1,0,NA,"N","Front to Rear","RAIN","DARK - LIGHTED","EDMONDSON PIKE & OLD HICKORY BLVD","BRENTWOOD","MIDTOW",36.04,-86.74349,"MOTOR VEHICLE IN TRANSPORT","37027","2024","June","Summer","01","Thursday","Weekday","Injuries","No Fatalities"
1.00000991452742e-313,2024-06-27 03:26:00,1,0,0,NA,"Y","NOT COLLISION W/MOTOR VEHICLE-TRANSPORT","RAIN","DARK - LIGHTED","FRANKLIN LIMESTONE RD & MULLEN CIR","NASHVILLE","SOUTH",36.08201,-86.66663,"DITCH","37217","2024","June","Summer","03","Thursday","Weekday","No Injuries","No Fatalities"
1.00000991512029e-313,2024-06-27 01:52:00,2,1,0,NA,"Y","Front to Rear","RAIN","DARK - LIGHTED","ROSA L PARKS BLVD & DOMINICAN DR","NASHVILLE","NORTH",36.18564,-86.79824,"MOTOR VEHICLE IN TRANSPORT","37208","2024","June","Summer","01","Thursday","Weekday","Injuries","No Fatalities"
1.00000991917163e-313,2024-06-27 04:00:00,1,1,0,NA,"N","NOT COLLISION W/MOTOR VEHICLE-TRANSPORT","RAIN","DARK - LIGHTED","OLD BURKITT RD & OLD BURKITT RD","NOLENSVILLE","SOUTH",35.99129,-86.68126,"TREE","37135","2024","June","Summer","04","Thursday","Weekday","Injuries","No Fatalities"
1.00000992159255e-313,2024-06-27 04:05:00,1,1,0,NA,"N","NOT COLLISION W/MOTOR VEHICLE-TRANSPORT","RAIN","DARK - LIGHTED","HILLWOOD BLVD & HICKORY VALLEY RD","NASHVILLE","WEST",36.13163,-86.8691,"FENCE","37209","2024","June","Summer","04","Thursday","Weekday","Injuries","No Fatalities"
1.00000992653321e-313,2024-06-27 05:20:00,1,0,0,NA,"N","NOT COLLISION W/MOTOR VEHICLE-TRANSPORT","RAIN","DARK - LIGHTED","MM 75 8 I-65","NASHVILLE","MIDTOW",36.05334,-86.77554,"SHRUBBERY","37220","2024","June","Summer","05","Thursday","Weekday","No Injuries","No Fatalities"
1.0000099512859e-313,2024-06-27 12:42:00,2,1,0,NA,"N","ANGLE","RAIN","DAYLIGHT","RIVER RD & RIVER RD","NASHVILLE","WEST",36.13011,-86.91293,"MOTOR VEHICLE IN TRANSPORT","37209","2024","June","Summer","12","Thursday","Weekday","Injuries","No Fatalities"
1.00000996101899e-313,2024-06-27 05:00:00,2,0,0,NA,"Y","Front to Rear","RAIN","DAYLIGHT","LEBANON PIKE & FESSLERS LN","NASHVILLE","HERMIT",36.15434,-86.74223,"MOTOR VEHICLE IN TRANSPORT","37210","2024","June","Summer","05","Thursday","Weekday","No Injuries","No Fatalities"
1.0000108039938e-313,2024-07-05 00:20:00,2,5,1,NA,"N","NOT COLLISION W/MOTOR VEHICLE-TRANSPORT","RAIN","DAYLIGHT","MM 203 6 I-40","NASHVILLE","WEST",36.15082,-86.8641,"MOTOR VEHICLE IN TRANSPORT;PEDESTRIAN","37209","2024","July","Summer","00","Friday","Weekday","Injuries","With Fatalities"
1.00001080769929e-313,2024-07-05 00:19:00,1,0,0,NA,"N","NOT COLLISION W/MOTOR VEHICLE-TRANSPORT","RAIN","DAYLIGHT","MM 203 4 I-40","NASHVILLE","WEST",36.15061,-86.86536,"WALL","37209","2024","July","Summer","00","Friday","Weekday","No Injuries","No Fatalities"
1.00001225773255e-313,2024-07-18 01:18:00,2,0,0,NA,"Y","SIDESWIPE - OPPOSITE DIRECTION","RAIN","DARK - LIGHTED","VAILVIEW DR & OAKVIEW DR","NASHVILLE","MADISO",36.23974,-86.76636,"","37207","2024","July","Summer","01","Thursday","Weekday","No Injuries","No Fatalities"
1.00001226208033e-313,2024-07-18 02:00:00,1,0,0,NA,"N","NOT COLLISION W/MOTOR VEHICLE-TRANSPORT","RAIN","DARK - LIGHTED","DICKERSON PIKE & PINE RIDGE DR","NASHVILLE","EAST",36.22106,-86.76188,"DITCH","37207","2024","July","Summer","02","Thursday","Weekday","No Injuries","No Fatalities"
1.0000122633649e-313,2024-07-18 02:18:00,1,1,0,NA,"N","NOT COLLISION W/MOTOR VEHICLE-TRANSPORT","RAIN","DARK - LIGHTED","MM 92 4 I-65","MADISON","MADISO",36.26819,-86.73723,"THROWN OR FALLING OBJECT","37115","2024","July","Summer","02","Thursday","Weekday","Injuries","No Fatalities"
1.00001226608226e-313,2024-07-18 02:35:00,2,2,0,NA,"N","Front to Rear","RAIN","DARK - NOT LIGHTED","MM 42 4 I-24","WHITES CREEK","NORTH",36.25217,-86.78522,"MOTOR VEHICLE IN TRANSPORT","37189","2024","July","Summer","02","Thursday","Weekday","Injuries","No Fatalities"
1.00001084752098e-313,2024-07-05 12:34:00,1,1,0,NA,"N","NOT COLLISION W/MOTOR VEHICLE-TRANSPORT","RAIN","DAYLIGHT","RAMP 27A & 27A-B","NASHVILLE","WEST",36.15568,-86.85837,"CONCRETE TRAFFIC BARRIER","37209","2024","July","Summer","12","Friday","Weekday","Injuries","No Fatalities"
1.00001027514593e-313,2024-06-30 05:00:00,3,1,0,NA,"Y","Front to Rear","RAIN","DARK - NOT LIGHTED","JEFFERSON ST & SPRING ST","NASHVILLE","CENTRA",36.17687,-86.77635,"MOTOR VEHICLE IN TRANSPORT","37207","2024","June","Summer","05","Sunday","Weekend","Injuries","No Fatalities"
1.00001027811032e-313,2024-06-30 11:17:00,1,0,0,NA,"N","NOT COLLISION W/MOTOR VEHICLE-TRANSPORT","RAIN","DAWN","MM 210 4 I-40","NASHVILLE","CENTRA",36.15064,-86.77044,"CONCRETE TRAFFIC BARRIER","37210","2024","June","Summer","11","Sunday","Weekend","No Injuries","No Fatalities"
1.00001027830795e-313,2024-06-30 11:10:00,2,1,0,NA,"N","Front to Rear","RAIN","DARK - LIGHTED","MM 53 6 I-24","NASHVILLE","SOUTH",36.10967,-86.72188,"MOTOR VEHICLE IN TRANSPORT","37211","2024","June","Summer","11","Sunday","Weekend","Injuries","No Fatalities"
1.00001027860439e-313,2024-06-30 11:08:00,2,0,0,NA,"N","Front to Rear","RAIN","DAYLIGHT","MM 211 8 I-24","NASHVILLE","HERMIT",36.14871,-86.74593,"MOTOR VEHICLE IN TRANSPORT","37210","2024","June","Summer","11","Sunday","Weekend","No Injuries","No Fatalities"
1.0000102786538e-313,2024-06-30 11:13:00,1,0,0,NA,"N","NOT COLLISION W/MOTOR VEHICLE-TRANSPORT","RAIN","DAWN","MM 55 6 I-24","NASHVILLE","SOUTH",36.08784,-86.70171,"GUARDRAIL END","37211","2024","June","Summer","11","Sunday","Weekend","No Injuries","No Fatalities"
1.00001028008659e-313,2024-06-30 11:56:00,2,2,0,NA,"N","Front to Rear","RAIN","DAWN","MM 56 2 I-24","NASHVILLE","SOUTH",36.08042,-86.69645,"MOTOR VEHICLE IN TRANSPORT","37211","2024","June","Summer","11","Sunday","Weekend","Injuries","No Fatalities"
1.00001030898943e-313,2024-06-30 05:00:00,1,0,0,NA,"N","NOT COLLISION W/MOTOR VEHICLE-TRANSPORT","RAIN","DAYLIGHT","MM 198 2 I-40","NASHVILLE","WEST",36.09985,-86.9351,"","37221","2024","June","Summer","05","Sunday","Weekend","No Injuries","No Fatalities"
1.00001258752137e-313,2024-07-20 05:00:00,2,0,0,NA,"N","UNKNOWN","RAIN","DAYLIGHT","MM 204 0 I-40","NASHVILLE","WEST",36.15233,-86.85754,"MOTOR VEHICLE IN TRANSPORT;CONCRETE TRAFFIC BARRIER","37209","2024","July","Summer","05","Saturday","Weekend","No Injuries","No Fatalities"
1.00001258826247e-313,2024-07-20 05:00:00,2,0,0,NA,"N","Front to Rear","RAIN","DAYLIGHT","MM 204 0 I-40","NASHVILLE","WEST",36.15233,-86.85754,"MOTOR VEHICLE IN TRANSPORT;CONCRETE TRAFFIC BARRIER","37209","2024","July","Summer","05","Saturday","Weekend","No Injuries","No Fatalities"
1.00001258836128e-313,2024-07-20 10:14:00,2,0,0,NA,"Y","Front to Rear","RAIN","DAYLIGHT","MM 52 2 I-24","NASHVILLE","SOUTH",36.13135,-86.72702,"MOTOR VEHICLE IN TRANSPORT","37210","2024","July","Summer","10","Saturday","Weekend","No Injuries","No Fatalities"
1.00001259671099e-313,2024-07-21 00:39:00,2,1,0,NA,"N","ANGLE","RAIN","DARK - LIGHTED","N 9TH ST & SMILEY ST","NASHVILLE","EAST",36.17941,-86.75811,"MOTOR VEHICLE IN TRANSPORT","37206","2024","July","Summer","00","Sunday","Weekend","Injuries","No Fatalities"
1.00001259913192e-313,2024-07-21 01:15:00,2,1,0,NA,"N","ANGLE","RAIN","DARK - LIGHTED","NOLENSVILLE PIKE & W THOMPSON LN","NASHVILLE","SOUTH",36.11095,-86.74522,"MOTOR VEHICLE IN TRANSPORT","37210","2024","July","Summer","01","Sunday","Weekend","Injuries","No Fatalities"
1.00001259918132e-313,2024-07-21 01:00:00,1,1,0,NA,"N","NOT COLLISION W/MOTOR VEHICLE-TRANSPORT","RAIN","DARK - NOT LIGHTED","HICKORY HOLLOW PKWY & CANE RIDGE RD","ANTIOCH","SOUTH",36.05351,-86.6674,"DITCH;TREE","37013","2024","July","Summer","01","Sunday","Weekend","Injuries","No Fatalities"
1.00001260155284e-313,2024-07-21 01:50:00,2,0,0,NA,"N","SIDESWIPE - OPPOSITE DIRECTION","RAIN","DARK - NOT LIGHTED","PETTUS RD & PRESTON RD","ANTIOCH","SOUTH",36.0252,-86.66475,"MOTOR VEHICLE IN TRANSPORT;Ran Off Road-Right","37013","2024","July","Summer","01","Sunday","Weekend","No Injuries","No Fatalities"
1.00001260347969e-313,2024-07-21 01:00:00,2,0,0,NA,"Y","HEAD-ON","RAIN","DARK - LIGHTED","HILLSBORO PIKE & WARFIELD DR","NASHVILLE","WEST",36.10328,-86.8162,"MOTOR VEHICLE IN TRANSPORT","37215","2024","July","Summer","01","Sunday","Weekend","No Injuries","No Fatalities"
1.00001260377613e-313,2024-07-21 02:39:00,2,1,0,NA,"N","Front to Rear","RAIN","DARK - LIGHTED","3000 LEBANON PIKE","NASHVILLE","HERMIT",36.18507,-86.63678,"MOTOR VEHICLE IN TRANSPORT","37214","2024","July","Summer","02","Sunday","Weekend","Injuries","No Fatalities"
1.00001260639468e-313,2024-07-21 01:31:00,2,0,0,NA,"N","ANGLE","RAIN","DARK - NOT LIGHTED","RIVER ROAD PIKE & RIVER RD PIKE","NASHVILLE","WEST",36.13457,-86.92994,"MOTOR VEHICLE IN TRANSPORT","37209","2024","July","Summer","01","Sunday","Weekend","No Injuries","No Fatalities"
1.00001261044602e-313,2024-07-21 02:30:00,2,0,0,NA,"N","ANGLE","RAIN","DARK - LIGHTED","SONYA DR & OLD HICKORY BLVD","NASHVILLE","WEST",36.10989,-86.92242,"MOTOR VEHICLE IN TRANSPORT","37205","2024","July","Summer","02","Sunday","Weekend","No Injuries","No Fatalities"
1.00001130947236e-313,2024-07-10 00:06:00,1,0,0,NA,"Y","NOT COLLISION W/MOTOR VEHICLE-TRANSPORT","RAIN","DAYLIGHT","UNKNOWN RAMP  &  ROAD","NASHVILLE","SOUTH",36.19282,-86.77769,"GUARDRAIL FACE","37211","2024","July","Summer","00","Wednesday","Weekday","No Injuries","No Fatalities"
1.00001131164625e-313,2024-07-10 00:14:00,2,0,0,NA,"N","ANGLE","RAIN","DAYLIGHT","MM 89 4 I-65","NASHVILLE","EAST",36.23472,-86.76608,"MOTOR VEHICLE IN TRANSPORT","37207","2024","July","Summer","00","Wednesday","Weekday","No Injuries","No Fatalities"
1.00001132370145e-313,2024-07-10 00:24:00,2,0,0,NA,"Y","HEAD-ON","RAIN","DAYLIGHT","REISCHA DR & REISCHA SUE CIR","NASHVILLE","SOUTH",36.08719,-86.70551,"","37211","2024","July","Summer","00","Wednesday","Weekday","No Injuries","No Fatalities"
1.00001284142171e-313,2024-07-23 11:48:00,3,1,0,NA,"N","ANGLE","RAIN","DAYLIGHT","OLD HICKORY BLVD & FRANKLIN PIKE CIR","BRENTWOOD","MIDTOW",36.04099,-86.7794,"MOTOR VEHICLE IN TRANSPORT","37027","2024","July","Summer","11","Tuesday","Weekday","Injuries","No Fatalities"
1.00001284463313e-313,2024-07-23 12:27:00,1,0,0,NA,"Y","NOT COLLISION W/MOTOR VEHICLE-TRANSPORT","RAIN","DAWN","BRILEY PKWY & DOVERSIDE DR","NASHVILLE","MADISO",36.2397,-86.77441,"WALL;Ran Off Road-Right","37207","2024","July","Summer","12","Tuesday","Weekday","No Injuries","No Fatalities"
1.00001284646118e-313,2024-07-23 12:40:00,2,0,0,NA,"N","SIDESWIPE - SAME DIRECTION","RAIN","DAYLIGHT","KOREAN VETERANS BLVD & 2ND AVE S","NASHVILLE","CENTRA",36.15835,-86.77126,"","37201","2024","July","Summer","12","Tuesday","Weekday","No Injuries","No Fatalities"
1.00001284655999e-313,2024-07-23 12:28:00,3,0,0,NA,"N","Front to Rear","RAIN","DAYLIGHT","MM 52 0 I-24","NASHVILLE","SOUTH",36.13349,-86.72696,"","37210","2024","July","Summer","12","Tuesday","Weekday","No Injuries","No Fatalities"
1.00001284769634e-313,2024-07-23 12:57:00,3,2,0,NA,"N","Front to Rear","RAIN","DAYLIGHT","MM 90 8 I-65","MADISON","MADISO",36.2463,-86.74501,"MOTOR VEHICLE IN TRANSPORT","37115","2024","July","Summer","12","Tuesday","Weekday","Injuries","No Fatalities"
1.00001286078908e-313,2024-07-23 05:00:00,1,0,0,NA,"N","NOT COLLISION W/MOTOR VEHICLE-TRANSPORT","RAIN","DAYLIGHT","BRILEY PKWY & BRICK CHURCH PIKE","NASHVILLE","MADISO",36.23841,-86.78099,"TREE;Ran Off Road-Right","37207","2024","July","Summer","05","Tuesday","Weekday","No Injuries","No Fatalities"