"Accident.Number","Date.and.Time","Number.of.Motor.Vehicles","Number.of.Injuries","Number.of.Fatalities","Property.Damage","Hit.and.Run","Collision.Type.Description","Weather.Description","Illumination.Description","Street.Address","City","Precinct","Latitude","Longitude","HarmfulDescriptions","Zip.Code","Year","Month","Season","Hour","Weekday","DayType","Accident","Fatality_category"
1.00001294280398e-313,2024-07-24 00:17:00,2,0,0,NA,"Y","SIDESWIPE - SAME DIRECTION","RAIN","DARK - NOT LIGHTED","MM 218 8 I-40","NASHVILLE","HERMIT",36.15326,-86.63306,"MOTOR VEHICLE IN TRANSPORT","37214","2024","July","Summer","00","Wednesday","Weekday","No Injuries","No Fatalities"
1.00001303183461e-313,2024-07-25 00:10:00,4,0,0,NA,"Y","ANGLE","RAIN","DAYLIGHT","BRILEY PKWY & REVERE PL","NASHVILLE","HERMIT",36.17305,-86.68904,"MOTOR VEHICLE IN TRANSPORT;CONCRETE TRAFFIC BARRIER","37214","2024","July","Summer","00","Thursday","Weekday","No Injuries","No Fatalities"
1.00001303509544e-313,2024-07-25 00:42:00,2,2,0,NA,"N","ANGLE","RAIN","DARK - LIGHTED","MM 91 8 I-65","MADISON","MADISO",36.25743,-86.73818,"MOTOR VEHICLE IN TRANSPORT","37115","2024","July","Summer","00","Thursday","Weekday","Injuries","No Fatalities"
1.00001303558951e-313,2024-07-25 00:46:00,1,2,0,NA,"N","NOT COLLISION W/MOTOR VEHICLE-TRANSPORT","RAIN","DARK - LIGHTED","MM 216 0 I-40","NASHVILLE","HERMIT",36.14185,-86.67567,"GUARDRAIL FACE;DITCH;Ran Off Road-Right;EMBANKMENT EARTH","37214","2024","July","Summer","00","Thursday","Weekday","Injuries","No Fatalities"
1.00001303647883e-313,2024-07-25 00:52:00,1,0,0,NA,"N","NOT COLLISION W/MOTOR VEHICLE-TRANSPORT","RAIN","DARK - LIGHTED","MM 91 4 I-65","MADISON","MADISO",36.25296,-86.73935,"","37115","2024","July","Summer","00","Thursday","Weekday","No Injuries","No Fatalities"
1.00001325737558e-313,2024-07-26 05:00:00,2,1,0,NA,"N","ANGLE","RAIN","DAYLIGHT","MELROSE AVE & CRUZEN ST","NASHVILLE","MIDTOW",36.11962,-86.75358,"MOTOR VEHICLE IN TRANSPORT","37211","2024","July","Summer","05","Friday","Weekday","Injuries","No Fatalities"
1.00001326019175e-313,2024-07-26 05:00:00,2,0,0,NA,"N","Front to Rear","RAIN","DAYLIGHT","HARDING PL & BELMONT PARK TER","NASHVILLE","MIDTOW",36.08967,-86.80687,"MOTOR VEHICLE IN TRANSPORT","37215","2024","July","Summer","05","Friday","Weekday","No Injuries","No Fatalities"
1.00001345584175e-313,2024-07-29 00:50:00,2,0,0,NA,"Y","ANGLE","RAIN","DUSK","MM 78 6 I-65","NASHVILLE","MIDTOW",36.0924,-86.76238,"MOTOR VEHICLE IN TRANSPORT","37204","2024","July","Summer","00","Monday","Weekday","No Injuries","No Fatalities"
1.00001345742276e-313,2024-07-29 00:20:00,2,1,0,NA,"Y","ANGLE","RAIN","DAYLIGHT","ANDREW JACKSON WAY & FRIST BLVD","HERMITAGE","HERMIT",36.183,-86.6078,"MOTOR VEHICLE IN TRANSPORT","37076","2024","July","Summer","00","Monday","Weekday","Injuries","No Fatalities"
1.00001345747216e-313,2024-07-29 01:05:00,2,0,0,NA,"Y","ANGLE","RAIN","DARK - LIGHTED","MM 209 8 I-40","NASHVILLE","CENTRA",36.14918,-86.78129,"MOTOR VEHICLE IN TRANSPORT","37203","2024","July","Summer","01","Monday","Weekday","No Injuries","No Fatalities"
1.00001345836148e-313,2024-07-29 01:30:00,4,0,0,NA,"N","ANGLE","RAIN","DARK - LIGHTED","MM 49 2 I-24","NASHVILLE","CENTRA",36.16493,-86.76349,"MOTOR VEHICLE IN TRANSPORT;OTHER FIXED OBJECTS","37213","2024","July","Summer","01","Monday","Weekday","No Injuries","No Fatalities"
1.00001345905317e-313,2024-07-29 01:48:00,1,0,0,NA,"N","NOT COLLISION W/MOTOR VEHICLE-TRANSPORT","RAIN","DARK - LIGHTED","MM 215 0 I-40","NASHVILLE","HERMIT",36.14436,-86.69488,"WALL","37217","2024","July","Summer","01","Monday","Weekday","No Injuries","No Fatalities"
1.00001346241282e-313,2024-07-29 00:42:00,2,0,0,NA,"N","ANGLE","RAIN","DARK - LIGHTED","25TH AVE N & PARMAN PL","NASHVILLE","MIDTOW",36.15336,-86.81228,"MOTOR VEHICLE IN TRANSPORT","37203","2024","July","Summer","00","Monday","Weekday","No Injuries","No Fatalities"
1.00001348672085e-313,2024-07-29 04:30:00,1,0,0,NA,"N","NOT COLLISION W/MOTOR VEHICLE-TRANSPORT","RAIN","DARK - LIGHTED","133 CHEROKEE CT","NASHVILLE","SOUTH",36.07948,-86.68752,"MAIL BOX","37211","2024","July","Summer","04","Monday","Weekday","No Injuries","No Fatalities"
1.00001352165129e-313,2024-07-29 05:00:00,1,0,0,NA,"Y","NOT COLLISION W/MOTOR VEHICLE-TRANSPORT","RAIN","DAYLIGHT","MURFREESBORO PIKE & MURFREESBORO RD","NASHVILLE","SOUTH",36.12049,-86.7031,"FIRE HYDRANT;Ran Off Road-Right","37217","2024","July","Summer","05","Monday","Weekday","No Injuries","No Fatalities"
1.00001352832118e-313,2024-07-29 05:00:00,3,0,0,NA,"N","Front to Rear","RAIN","DAYLIGHT","BELL RD & STEWARTS FERRY PIKE","NASHVILLE","HERMIT",36.15607,-86.61911,"","37214","2024","July","Summer","05","Monday","Weekday","No Injuries","No Fatalities"
1.00001369664934e-313,2024-07-31 00:25:00,1,0,0,NA,"N","NOT COLLISION W/MOTOR VEHICLE-TRANSPORT","RAIN","DARK - LIGHTED","MM 32 6 I-24","JOELTON","NORTH",36.33463,-86.90667,"GUARDRAIL FACE","37080","2024","July","Summer","00","Wednesday","Weekday","No Injuries","No Fatalities"
1.00001369808213e-313,2024-07-31 00:36:00,2,1,0,NA,"N","OTHER","RAIN","DARK - LIGHTED","INGLEWOOD CT & INGLEWOOD CT","NASHVILLE","EAST",36.23416,-86.7193,"MOTOR VEHICLE IN TRANSPORT","37216","2024","July","Summer","00","Wednesday","Weekday","Injuries","No Fatalities"
1.00001370025602e-313,2024-07-31 00:52:00,2,0,0,NA,"N","ANGLE","RAIN","DARK - LIGHTED","BRILEY PKWY & THE HIGHLAND ON BRILEY","NASHVILLE","HERMIT",36.14687,-86.69385,"MOTOR VEHICLE IN TRANSPORT;CONCRETE TRAFFIC BARRIER","37214","2024","July","Summer","00","Wednesday","Weekday","No Injuries","No Fatalities"
1.00001370045365e-313,2024-07-31 00:55:00,2,2,0,NA,"N","ANGLE","RAIN","DARK - NOT LIGHTED","MM 91 0 I-65","MADISON","MADISO",36.24794,-86.74274,"MOTOR VEHICLE IN TRANSPORT;CONCRETE TRAFFIC BARRIER","37115","2024","July","Summer","00","Wednesday","Weekday","Injuries","No Fatalities"
1.00001370139237e-313,2024-07-31 01:00:00,1,1,0,NA,"N","NOT COLLISION W/MOTOR VEHICLE-TRANSPORT","RAIN","DARK - LIGHTED","BRILEY PKWY & RUDY CIR","NASHVILLE","HERMIT",36.21916,-86.69291,"CONCRETE TRAFFIC BARRIER","37214","2024","July","Summer","01","Wednesday","Weekday","Injuries","No Fatalities"
1.00001370391211e-313,2024-07-31 01:11:00,1,0,0,NA,"N","NOT COLLISION W/MOTOR VEHICLE-TRANSPORT","RAIN","DARK - LIGHTED","BRILEY PKWY & ATRIUM WAY","NASHVILLE","HERMIT",36.15692,-86.69276,"UTILITY POLE;CONCRETE TRAFFIC BARRIER;Ran Off Road-Right","37214","2024","July","Summer","01","Wednesday","Weekday","No Injuries","No Fatalities"
1.00001370564134e-313,2024-07-31 01:33:00,2,2,0,NA,"N","Front to Rear","RAIN","DARK - LIGHTED","BELL RD & EAGLE VIEW BLVD","ANTIOCH","SOUTH",36.05238,-86.64477,"MOTOR VEHICLE IN TRANSPORT","37013","2024","July","Summer","01","Wednesday","Weekday","Injuries","No Fatalities"
1.00001370865514e-313,2024-07-31 00:20:00,2,0,0,NA,"N","Front to Rear","RAIN","DAYLIGHT","ST THOMAS DR & HARDING PIKE","NASHVILLE","WEST",36.12889,-86.84234,"","37205","2024","July","Summer","00","Wednesday","Weekday","No Injuries","No Fatalities"
1.00001370885276e-313,2024-07-20 05:00:00,2,0,0,NA,"Y","Front to Rear","RAIN","DARK - LIGHTED","KOREAN VETERANS BLVD & LAFAYETTE ST","NASHVILLE","CENTRA",36.15476,-86.77912,"MOTOR VEHICLE IN TRANSPORT","37203","2024","July","Summer","05","Saturday","Weekend","No Injuries","No Fatalities"
1.00001371023615e-313,2024-07-31 02:15:00,2,2,0,NA,"N","Front to Rear","RAIN","DARK - NOT LIGHTED","ELLINGTON PKWY & DOUGLAS AVE","NASHVILLE","EAST",36.1972,-86.75235,"MOTOR VEHICLE IN TRANSPORT;GUARDRAIL FACE","37206","2024","July","Summer","02","Wednesday","Weekday","Injuries","No Fatalities"
1.00001371374401e-313,2024-07-31 02:20:00,1,0,0,NA,"N","NOT COLLISION W/MOTOR VEHICLE-TRANSPORT","RAIN","DARK - LIGHTED","MM 49 0 I-24","NASHVILLE","EAST",36.16656,-86.76495,"CONCRETE TRAFFIC BARRIER","37206","2024","July","Summer","02","Wednesday","Weekday","No Injuries","No Fatalities"
1.00001371853645e-313,2024-07-31 03:09:00,2,0,0,NA,"Y","ANGLE","RAIN","DARK - LIGHTED","ROSA L PARKS BLVD & ATHENS WAY","NASHVILLE","NORTH",36.19289,-86.80176,"MOTOR VEHICLE IN TRANSPORT","37228","2024","July","Summer","03","Wednesday","Weekday","No Injuries","No Fatalities"
1.00001371898111e-313,2024-07-31 03:21:00,2,3,0,NA,"Y","ANGLE","RAIN","DARK - LIGHTED","BELL RD & EDGE O LAKE DR","NASHVILLE","HERMIT",36.0794,-86.63261,"MOTOR VEHICLE IN TRANSPORT","37217","2024","July","Summer","03","Wednesday","Weekday","Injuries","No Fatalities"
1.00001371957399e-313,2024-07-31 02:05:00,2,0,0,NA,"Y","Front to Rear","RAIN","DARK - LIGHTED","MM 49 0 I-24","NASHVILLE","EAST",36.16616,-86.76451,"MOTOR VEHICLE IN TRANSPORT","37206","2024","July","Summer","02","Wednesday","Weekday","No Injuries","No Fatalities"
1.0000137219455e-313,2024-07-31 01:26:00,2,0,0,NA,"Y","Front to Rear","RAIN","DUSK","NOLENSVILLE RD & WALLACE RD","NASHVILLE","SOUTH",36.07765,-86.72538,"MOTOR VEHICLE IN TRANSPORT","37211","2024","July","Summer","01","Wednesday","Weekday","No Injuries","No Fatalities"
1.0000137226866e-313,2024-07-30 05:00:00,1,1,0,NA,"N","UNKNOWN","RAIN","DARK - LIGHTED","MM 94 0 I-65","GOODLETTSVILLE","MADISO",36.28774,-86.72603,"CONCRETE TRAFFIC BARRIER;UNKNOWN MOST HARMFUL EVENT","37072","2024","July","Summer","05","Tuesday","Weekday","Injuries","No Fatalities"
1.00001372318067e-313,2024-07-31 03:56:00,4,4,0,NA,"N","ANGLE","RAIN","DARK - NOT LIGHTED","HAMBLEN DR & SPERO RD","GOODLETTSVILLE","MADISO",36.28864,-86.72721,"MOTOR VEHICLE IN TRANSPORT","37072","2024","July","Summer","03","Wednesday","Weekday","Injuries","No Fatalities"
1.00001372367473e-313,2024-07-30 05:00:00,2,0,0,NA,"Y","SIDESWIPE - SAME DIRECTION","RAIN","DARK - NOT LIGHTED","S 11TH ST & SHELBY AVE","NASHVILLE","EAST",36.17014,-86.75172,"MOTOR VEHICLE IN TRANSPORT;PARKED MOTOR VEHICLE","37206","2024","July","Summer","05","Tuesday","Weekday","No Injuries","No Fatalities"
1.00001372411939e-313,2024-07-31 03:45:00,1,0,0,NA,"N","NOT COLLISION W/MOTOR VEHICLE-TRANSPORT","RAIN","DARK - NOT LIGHTED","BRILEY PKWY & CATO RD","NASHVILLE","NORTH",36.21863,-86.87187,"","37218","2024","July","Summer","03","Wednesday","Weekday","No Injuries","No Fatalities"
1.00001372624387e-313,2024-07-31 01:40:00,2,0,0,NA,"Y","Front to Rear","RAIN","DARK - LIGHTED","LEBANON PIKE & ANDREW JACKSON PKWY","HERMITAGE","HERMIT",36.21514,-86.59767,"","37076","2024","July","Summer","01","Wednesday","Weekday","No Injuries","No Fatalities"
1.00001372649091e-313,2024-07-31 04:44:00,1,1,0,NA,"N","NOT COLLISION W/MOTOR VEHICLE-TRANSPORT","RAIN","DARK - NOT LIGHTED","BARNES RD & RIDGEVIEW CT","ANTIOCH","SOUTH",36.03293,-86.70982,"UTILITY POLE;DITCH","37013","2024","July","Summer","04","Wednesday","Weekday","Injuries","No Fatalities"
1.00001372678735e-313,2024-07-31 04:48:00,2,2,0,NA,"N","ANGLE","RAIN","DARK - LIGHTED","HOBSON PIKE & HAMILTON CHURCH RD","ANTIOCH","SOUTH",36.05861,-86.59775,"MOTOR VEHICLE IN TRANSPORT","37013","2024","July","Summer","04","Wednesday","Weekday","Injuries","No Fatalities"
1.00001372772607e-313,2024-07-31 04:18:00,1,1,0,NA,"N","NOT COLLISION W/MOTOR VEHICLE-TRANSPORT","RAIN","DARK - LIGHTED","2600 PENNINGTON BEND RD","NASHVILLE","HERMIT",36.22924,-86.69381,"UTILITY POLE","37214","2024","July","Summer","04","Wednesday","Weekday","Injuries","No Fatalities"
1.00001372925767e-313,2024-07-31 04:55:00,1,0,0,NA,"N","NOT COLLISION W/MOTOR VEHICLE-TRANSPORT","RAIN","DARK - NOT LIGHTED","MM 57 6 I-24","ANTIOCH","SOUTH",36.06156,-86.68166,"CONCRETE TRAFFIC BARRIER","37013","2024","July","Summer","04","Wednesday","Weekday","No Injuries","No Fatalities"
1.00001373706391e-313,2024-07-31 08:13:00,1,1,0,NA,"N","NOT COLLISION W/MOTOR VEHICLE-TRANSPORT","RAIN","DARK - LIGHTED","GREEN LN & KNIGHT DR","WHITES CREEK","NORTH",36.23669,-86.80319,"OTHER FIXED OBJECTS","37189","2024","July","Summer","08","Wednesday","Weekday","Injuries","No Fatalities"
1.00001386443403e-313,2024-08-01 08:35:00,2,0,0,NA,"N","OTHER","RAIN","DARK - LIGHTED","PICCADILLY ROW & UNA ANTIOCH PIKE","ANTIOCH","SOUTH",36.07747,-86.65792,"MOTOR VEHICLE IN TRANSPORT","37013","2024","August","Summer","08","Thursday","Weekday","No Injuries","No Fatalities"
1.00001577572699e-313,2024-08-17 05:00:00,2,0,0,NA,"N","ANGLE","RAIN","DARK - LIGHTED","MM 91 6 I-65","MADISON","MADISO",36.25577,-86.73828,"","37115","2024","August","Summer","05","Saturday","Weekend","No Injuries","No Fatalities"
1.00001577592461e-313,2024-08-18 03:45:00,2,0,0,NA,"N","ANGLE","RAIN","DARK - LIGHTED","MM 93 6 I-65","MADISON","MADISO",36.2833,-86.73077,"MOTOR VEHICLE IN TRANSPORT","37115","2024","August","Summer","03","Sunday","Weekend","No Injuries","No Fatalities"
1.00001577706096e-313,2024-08-18 03:47:00,1,0,0,NA,"N","NOT COLLISION W/MOTOR VEHICLE-TRANSPORT","RAIN","DARK - LIGHTED","MM 89 0 I-65","NASHVILLE","MADISO",36.23039,-86.77131,"CONCRETE TRAFFIC BARRIER","37207","2024","August","Summer","03","Sunday","Weekend","No Injuries","No Fatalities"
1.00001577711037e-313,2024-08-18 03:44:00,1,0,0,NA,"Y","NOT COLLISION W/MOTOR VEHICLE-TRANSPORT","RAIN","DARK - LIGHTED","LINBAR DR & EZELL RD","NASHVILLE","SOUTH",36.07325,-86.69309,"OTHER POST, POLE, SUPP.","37211","2024","August","Summer","03","Sunday","Weekend","No Injuries","No Fatalities"
1.00001577780206e-313,2024-08-18 04:04:00,1,0,0,NA,"N","NOT COLLISION W/MOTOR VEHICLE-TRANSPORT","RAIN","DARK - LIGHTED","MM 89 0 I-65","NASHVILLE","MADISO",36.23119,-86.7706,"","37207","2024","August","Summer","04","Sunday","Weekend","No Injuries","No Fatalities"
1.00001577834553e-313,2024-08-18 03:57:00,1,0,0,NA,"N","HEAD-ON","RAIN","DARK - LIGHTED","ANDERSON RD & COUNTRY CT","ANTIOCH","SOUTH",36.07802,-86.60704,"MOTOR VEHICLE IN TRANSPORT","37013","2024","August","Summer","03","Sunday","Weekend","No Injuries","No Fatalities"
1.00001578200162e-313,2024-08-18 04:40:00,1,1,0,NA,"N","NOT COLLISION W/MOTOR VEHICLE-TRANSPORT","RAIN","DARK - LIGHTED","EDGAR ST & HERMITAGE AVE","NASHVILLE","HERMIT",36.15326,-86.74986,"MOTOR VEHICLE IN TRANSPORT;BUILDING;OTHER POST, POLE, SUPP.","37210","2024","August","Summer","04","Sunday","Weekend","Injuries","No Fatalities"
1.00001578447195e-313,2024-08-18 05:00:00,2,0,0,NA,"Y","Front to Rear","RAIN","DARK - LIGHTED","CANNERY ROW & 8TH AVE S","NASHVILLE","CENTRA",36.153,-86.77935,"MOTOR VEHICLE IN TRANSPORT","37203","2024","August","Summer","05","Sunday","Weekend","No Injuries","No Fatalities"
1.00001579756469e-313,2024-08-18 10:00:00,2,0,0,NA,"N","ANGLE","RAIN","DARK - LIGHTED","MM 53 6 I-24","NASHVILLE","SOUTH",36.11111,-86.72252,"MOTOR VEHICLE IN TRANSPORT","37211","2024","August","Summer","10","Sunday","Weekend","No Injuries","No Fatalities"
1.00001397159687e-313,2024-08-02 03:26:00,1,0,0,NA,"N","NOT COLLISION W/MOTOR VEHICLE-TRANSPORT","RAIN","DARK - LIGHTED","BRILEY PKWY & RUDY CIR","NASHVILLE","HERMIT",36.23,-86.69882,"","37214","2024","August","Summer","03","Friday","Weekday","No Injuries","No Fatalities"
1.00001406462943e-313,2024-08-03 00:10:00,2,1,0,NA,"N","ANGLE","RAIN","DUSK","MURFREESBORO PIKE & MT VIEW CIR","ANTIOCH","SOUTH",36.05344,-86.61783,"MOTOR VEHICLE IN TRANSPORT","37013","2024","August","Summer","00","Saturday","Weekend","Injuries","No Fatalities"
1.00001879545621e-313,2024-09-12 05:00:00,3,1,0,NA,"N","HEAD-ON","RAIN","DAYLIGHT","DOMINICAN DR & ROSA L PARKS BLVD","NASHVILLE","NORTH",36.18796,-86.79851,"MOTOR VEHICLE IN TRANSPORT","37228","2024","September","Fall","05","Thursday","Weekday","Injuries","No Fatalities"
1.00001882737285e-313,2024-09-12 05:00:00,2,0,0,NA,"N","SIDESWIPE - OPPOSITE DIRECTION","RAIN","DARK - LIGHTED","DICKERSON PIKE & OAK VALLEY DR","NASHVILLE","EAST",36.23093,-86.75904,"MOTOR VEHICLE IN TRANSPORT","37207","2024","September","Fall","05","Thursday","Weekday","No Injuries","No Fatalities"
1.00001893181833e-313,2024-09-13 05:00:00,2,1,0,NA,"N","Front to Rear","RAIN","DAYLIGHT","FRANKLIN PIKE & CALDWELL LN","NASHVILLE","MIDTOW",36.10544,-86.77282,"MOTOR VEHICLE IN TRANSPORT","37204","2024","September","Fall","05","Friday","Weekday","Injuries","No Fatalities"
1.00001894678852e-313,2024-09-14 00:20:00,2,0,0,NA,"Y","Front to Rear","RAIN","DAYLIGHT","0 8TH AVE S","NASHVILLE","CENTRA",36.13242,-86.77942,"MOTOR VEHICLE IN TRANSPORT","37203","2024","September","Fall","00","Saturday","Weekend","No Injuries","No Fatalities"
1.00001898759834e-313,2024-09-14 09:30:00,1,1,0,NA,"N","NOT COLLISION W/MOTOR VEHICLE-TRANSPORT","RAIN","DARK - NOT LIGHTED","MM 52 4 I-24","NASHVILLE","SOUTH",36.12872,-86.72827,"WALL","37210","2024","September","Fall","09","Saturday","Weekend","Injuries","No Fatalities"
1.00001898873469e-313,2024-09-14 10:05:00,2,1,0,NA,"N","OTHER","RAIN","DARK - LIGHTED","MM 88 4 I-24","NASHVILLE","EAST",36.22286,-86.77394,"MOTOR VEHICLE IN TRANSPORT","37207","2024","September","Fall","10","Saturday","Weekend","Injuries","No Fatalities"
1.00001899204493e-313,2024-09-14 10:30:00,2,0,0,NA,"Y","SIDESWIPE - OPPOSITE DIRECTION","RAIN","DARK - LIGHTED","MURFREESBORO PIKE & MURFREESBORO RD","NASHVILLE","SOUTH",36.10497,-86.66986,"MOTOR VEHICLE IN TRANSPORT","37217","2024","September","Fall","10","Saturday","Weekend","No Injuries","No Fatalities"
1.00001903423814e-313,2024-09-15 00:35:00,1,0,0,NA,"Y","NOT COLLISION W/MOTOR VEHICLE-TRANSPORT","RAIN","DARK - NOT LIGHTED","POPLAR CREEK RD & GRIFFITH RD","NASHVILLE","WEST",36.05156,-86.99782,"DITCH","37221","2024","September","Fall","00","Sunday","Weekend","No Injuries","No Fatalities"
1.00001903478161e-313,2024-09-15 00:34:00,2,0,0,NA,"N","ANGLE","RAIN","DARK - NOT LIGHTED","MOSSDALE DR & ANDERSON RD","NASHVILLE","HERMIT",36.07349,-86.61917,"MOTOR VEHICLE IN TRANSPORT","37217","2024","September","Fall","00","Sunday","Weekend","No Injuries","No Fatalities"
1.00001903660965e-313,2024-09-14 05:00:00,2,0,0,NA,"Y","ANGLE","RAIN","DARK - LIGHTED","CHARLOTTE PIKE & CHARLOTTE AVE","NASHVILLE","WEST",36.15016,-86.85795,"MOTOR VEHICLE IN TRANSPORT","37209","2024","September","Fall","05","Saturday","Weekend","No Injuries","No Fatalities"
1.00001903898117e-313,2024-09-15 02:00:00,2,2,0,NA,"N","HEAD-ON","RAIN","DARK - LIGHTED","HARDING PL & WHISPERING OAKS PL","NASHVILLE","SOUTH",36.08165,-86.7137,"MOTOR VEHICLE IN TRANSPORT","37211","2024","September","Fall","02","Sunday","Weekend","Injuries","No Fatalities"
1.00001904041396e-313,2024-09-15 02:30:00,2,2,0,NA,"Y","Front to Rear","RAIN","DARK - NOT LIGHTED","RAMP 59 & 59","ANTIOCH","SOUTH",36.04576,-86.66043,"MOTOR VEHICLE IN TRANSPORT","37013","2024","September","Fall","02","Sunday","Weekend","Injuries","No Fatalities"
1.00001904046337e-313,2024-09-15 01:09:00,2,0,0,NA,"N","Front to Rear","RAIN","DARK - LIGHTED","ELM HILL PIKE & BRILEY PKWY","NASHVILLE","HERMIT",36.15223,-86.69054,"MOTOR VEHICLE IN TRANSPORT","37210","2024","September","Fall","01","Sunday","Weekend","No Injuries","No Fatalities"
1.00001904486055e-313,2024-09-15 01:30:00,2,1,0,NA,"N","ANGLE","RAIN","DARK - LIGHTED","OLD CHARLOTTE PIKE & 201B","NASHVILLE","WEST",36.13196,-86.89555,"MOTOR VEHICLE IN TRANSPORT","37209","2024","September","Fall","01","Sunday","Weekend","Injuries","No Fatalities"
1.00001904545343e-313,2024-09-15 02:40:00,2,0,0,NA,"Y","SIDESWIPE - SAME DIRECTION","RAIN","DARK - LIGHTED","NOLENSVILLE RD & WELCH RD","NASHVILLE","MIDTOW",36.08335,-86.72764,"MOTOR VEHICLE IN TRANSPORT;UNKNOWN MOST HARMFUL EVENT","37211","2024","September","Fall","02","Sunday","Weekend","No Injuries","No Fatalities"
1.00001905157984e-313,2024-09-15 03:45:00,2,0,0,NA,"N","Front to Rear","RAIN","DARK - LIGHTED","4TH AVE N & BROADWAY PL","NASHVILLE","CENTRA",36.16176,-86.7777,"","37219","2024","September","Fall","03","Sunday","Weekend","No Injuries","No Fatalities"
1.00001906763698e-313,2024-09-15 08:00:00,2,0,0,NA,"N","Front to Rear","RAIN","DARK - LIGHTED","BLAIRFIELD DR & OHARA DR","ANTIOCH","SOUTH",36.02148,-86.64742,"PARKED MOTOR VEHICLE","37013","2024","September","Fall","08","Sunday","Weekend","No Injuries","No Fatalities"
1.00001816191583e-313,2024-09-07 01:10:00,2,2,0,NA,"N","Front to Rear","RAIN","DARK - NOT LIGHTED","GALLATIN RD & RIVERGATE DR","MADISON","MADISO",36.29939,-86.69803,"MOTOR VEHICLE IN TRANSPORT","37115","2024","September","Fall","01","Saturday","Weekend","Injuries","No Fatalities"
1.00001746157778e-313,2024-09-01 02:43:00,1,0,0,NA,"N","NOT COLLISION W/MOTOR VEHICLE-TRANSPORT","RAIN","DARK - NOT LIGHTED","BRILEY PKWY & CASTLEWOOD DR","NASHVILLE","HERMIT",36.17275,-86.68884,"","37214","2024","September","Fall","02","Sunday","Weekend","No Injuries","No Fatalities"
1.00001816483082e-313,2024-09-07 01:05:00,2,0,0,NA,"Y","Front to Rear","RAIN","DARK - NOT LIGHTED","2ND AVE S & MILDRED SHUTE AVE","NASHVILLE","SOUTH",36.14654,-86.76521,"PARKED MOTOR VEHICLE","37210","2024","September","Fall","01","Saturday","Weekend","No Injuries","No Fatalities"
1.00001816636243e-313,2024-09-07 02:08:00,2,1,0,NA,"N","HEAD-ON","RAIN","DARK - LIGHTED","WHITES CREEK PIKE & MOORMANS ARM RD","NASHVILLE","NORTH",36.21816,-86.80348,"MOTOR VEHICLE IN TRANSPORT","37207","2024","September","Fall","02","Saturday","Weekend","Injuries","No Fatalities"
1.00001816947504e-313,2024-09-07 02:10:00,2,0,0,NA,"Y","ANGLE","RAIN","DARK - LIGHTED","NOLENSVILLE PIKE & CONCORD RD","ANTIOCH","SOUTH",35.99694,-86.69183,"MOTOR VEHICLE IN TRANSPORT-OTHER ROADWAY","37013","2024","September","Fall","02","Saturday","Weekend","No Injuries","No Fatalities"
1.00001816967267e-313,2024-09-07 02:30:00,1,0,0,NA,"N","NOT COLLISION W/MOTOR VEHICLE-TRANSPORT","RAIN","DARK - NOT LIGHTED","MCGAVOCK PIKE & TARA ANN CT","NASHVILLE","SOUTH",36.10631,-86.70392,"","37217","2024","September","Fall","02","Saturday","Weekend","No Injuries","No Fatalities"
1.00001817006792e-313,2024-09-07 02:40:00,2,1,0,NA,"Y","ANGLE","RAIN","DARK - LIGHTED","MURFREESBORO PIKE & E THOMPSON LN","NASHVILLE","SOUTH",36.12671,-86.71109,"MOTOR VEHICLE IN TRANSPORT","37211","2024","September","Fall","02","Saturday","Weekend","Injuries","No Fatalities"
1.0000181707102e-313,2024-09-07 02:35:00,2,0,0,NA,"Y","Rear to Side","RAIN","DARK - LIGHTED","MM 211 6 I-24","NASHVILLE","HERMIT",36.15067,-86.7495,"MOTOR VEHICLE IN TRANSPORT","37210","2024","September","Fall","02","Saturday","Weekend","No Injuries","No Fatalities"
1.00001817085842e-313,2024-09-07 01:44:00,2,0,0,NA,"Y","Front to Rear","RAIN","DARK - LIGHTED","EXIT 12 & MCGAVOCK PIKE","NASHVILLE","HERMIT",36.21712,-86.69332,"","37214","2024","September","Fall","01","Saturday","Weekend","No Injuries","No Fatalities"
1.00001817466273e-313,2024-09-07 03:14:00,2,3,0,NA,"N","ANGLE","RAIN","DARK - LIGHTED","MURFREESBORO PIKE & GRIGGS PL","NASHVILLE","HERMIT",36.07654,-86.64067,"MOTOR VEHICLE IN TRANSPORT","37217","2024","September","Fall","03","Saturday","Weekend","Injuries","No Fatalities"
1.00001817629315e-313,2024-09-07 02:32:00,1,0,0,NA,"N","NOT COLLISION W/MOTOR VEHICLE-TRANSPORT","RAIN","DARK - LIGHTED","MM 216 0 I-40","NASHVILLE","HERMIT",36.14177,-86.67632,"Other Traffic Barrier","37214","2024","September","Fall","02","Saturday","Weekend","No Injuries","No Fatalities"
1.00001818162905e-313,2024-09-07 04:28:00,2,0,0,NA,"Y","Front to Rear","RAIN","DARK - LIGHTED","OLD DONELSON PIKE & NODYNE DR","NASHVILLE","HERMIT",36.15171,-86.66651,"MOTOR VEHICLE IN TRANSPORT","37214","2024","September","Fall","04","Saturday","Weekend","No Injuries","No Fatalities"
1.00001818444523e-313,2024-09-07 04:11:00,2,1,0,NA,"N","ANGLE","RAIN","DARK - LIGHTED","MM 56 2 I-24","NASHVILLE","SOUTH",36.07949,-86.69614,"MOTOR VEHICLE IN TRANSPORT","37211","2024","September","Fall","04","Saturday","Weekend","Injuries","No Fatalities"