"Accident.Number","Date.and.Time","Number.of.Motor.Vehicles","Number.of.Injuries","Number.of.Fatalities","Property.Damage","Hit.and.Run","Collision.Type.Description","Weather.Description","Illumination.Description","Street.Address","City","Precinct","Latitude","Longitude","HarmfulDescriptions","Zip.Code","Year","Month","Season","Hour","Weekday","DayType","Accident","Fatality_category"
1.00001819906957e-313,2024-09-07 08:25:00,1,1,0,NA,"N","NOT COLLISION W/MOTOR VEHICLE-TRANSPORT","RAIN","DARK - NOT LIGHTED","MM 219 2 I-40","NASHVILLE","HERMIT",36.15798,-86.62544,"WALL","37214","2024","September","Fall","08","Saturday","Weekend","Injuries","No Fatalities"
1.00001724616516e-313,2024-08-30 03:30:00,2,0,0,NA,"N","HEAD-ON","RAIN","DARK - NOT LIGHTED","MURFREESBORO PIKE & BELL RD","ANTIOCH","SOUTH",36.07015,-86.63422,"","37013","2024","August","Summer","03","Friday","Weekday","No Injuries","No Fatalities"
1.00002004153918e-313,2024-09-24 12:48:00,2,1,0,NA,"Y","SIDESWIPE - SAME DIRECTION","RAIN","DAYLIGHT","RICHMOND HILL DR & EWING DR","NASHVILLE","MADISO",36.23035,-86.77383,"MOTOR VEHICLE IN TRANSPORT","37207","2024","September","Fall","12","Tuesday","Weekday","Injuries","No Fatalities"
1.00002004213206e-313,2024-09-24 12:12:00,2,0,0,NA,"Y","ANGLE","RAIN","DAYLIGHT","MURFREESBORO PIKE & HOBSON PIKE","ANTIOCH","SOUTH",36.0436,-86.60717,"MOTOR VEHICLE IN TRANSPORT","37013","2024","September","Fall","12","Tuesday","Weekday","No Injuries","No Fatalities"
1.00002004559052e-313,2024-09-24 12:59:00,2,0,0,NA,"N","ANGLE","RAIN","DAYLIGHT","HOBBS RD & LYNNWOOD BLVD","NASHVILLE","WEST",36.10378,-86.84508,"","37215","2024","September","Fall","12","Tuesday","Weekday","No Injuries","No Fatalities"
1.00002004687509e-313,2024-09-24 12:49:00,2,2,0,NA,"N","ANGLE","RAIN","DAYLIGHT","MURFREESBORO PIKE & HOBSON PIKE","ANTIOCH","SOUTH",36.04356,-86.60722,"MOTOR VEHICLE IN TRANSPORT","37013","2024","September","Fall","12","Tuesday","Weekday","Injuries","No Fatalities"
1.0000200876355e-313,2024-09-24 05:00:00,2,1,0,NA,"N","ANGLE","RAIN","DAYLIGHT","FAIRCLOTH LN & OLD MURFREESBORO PIKE","NASHVILLE","HERMIT",36.10361,-86.6665,"MOTOR VEHICLE IN TRANSPORT","37217","2024","September","Fall","05","Tuesday","Weekday","Injuries","No Fatalities"
1.00002010547127e-313,2024-09-25 00:15:00,3,1,0,NA,"N","ANGLE","RAIN","DARK - NOT LIGHTED","NASHBORO BLVD & MURFREESBORO PIKE","NASHVILLE","HERMIT",36.08692,-86.64854,"MOTOR VEHICLE IN TRANSPORT","37217","2024","September","Fall","00","Wednesday","Weekday","Injuries","No Fatalities"
1.00002010734872e-313,2024-09-25 00:34:00,1,1,0,NA,"N","NOT COLLISION W/MOTOR VEHICLE-TRANSPORT","RAIN","DARK - NOT LIGHTED","TULIP GROVE RD & BROOKSIDE WOODS BLVD","HERMITAGE","HERMIT",36.20088,-86.59175,"IMPACT ATTENUATOR","37076","2024","September","Fall","00","Wednesday","Weekday","Injuries","No Fatalities"
1.00002011080718e-313,2024-09-25 01:08:00,1,1,0,NA,"N","NOT COLLISION W/MOTOR VEHICLE-TRANSPORT","RAIN","DARK - LIGHTED","MM 54 0 I-24","NASHVILLE","SOUTH",36.10626,-86.71858,"CONCRETE TRAFFIC BARRIER","37211","2024","September","Fall","01","Wednesday","Weekday","Injuries","No Fatalities"
1.00002011228938e-313,2024-09-25 01:27:00,2,0,0,NA,"N","Front to Rear","RAIN","DARK - LIGHTED","MURFREESBORO PIKE & UNA ANTIOCH PIKE","NASHVILLE","HERMIT",36.0868,-86.64857,"MOTOR VEHICLE IN TRANSPORT","37217","2024","September","Fall","01","Wednesday","Weekday","No Injuries","No Fatalities"
1.00002011258582e-313,2024-09-25 01:30:00,2,3,0,NA,"N","ANGLE","RAIN","DARK - LIGHTED","CHARLOTTE PIKE & OCEOLA AVE","NASHVILLE","WEST",36.14953,-86.86044,"MOTOR VEHICLE IN TRANSPORT","37209","2024","September","Fall","01","Wednesday","Weekday","Injuries","No Fatalities"
1.00002011273404e-313,2024-09-25 01:20:00,1,0,0,NA,"N","NOT COLLISION W/MOTOR VEHICLE-TRANSPORT","RAIN","DARK - NOT LIGHTED","MM 220 0 I-40","HERMITAGE","HERMIT",36.16431,-86.6151,"CONCRETE TRAFFIC BARRIER","37076","2024","September","Fall","01","Wednesday","Weekday","No Injuries","No Fatalities"
1.00002011569843e-313,2024-09-25 01:40:00,2,0,0,NA,"Y","HEAD-ON","RAIN","DARK - LIGHTED","46TH AVE N & DELAWARE AVE","NASHVILLE","WEST",36.15447,-86.84233,"MOTOR VEHICLE IN TRANSPORT","37209","2024","September","Fall","01","Wednesday","Weekday","No Injuries","No Fatalities"
1.00002011663716e-313,2024-09-25 02:30:00,1,0,0,NA,"N","NOT COLLISION W/MOTOR VEHICLE-TRANSPORT","RAIN","DARK - LIGHTED","LEBANON PIKE & OLD HICKORY BLVD","HERMITAGE","HERMIT",36.1992,-86.61962,"BRIDGE RAIL","37076","2024","September","Fall","02","Wednesday","Weekday","No Injuries","No Fatalities"
1.00002011762529e-313,2024-09-25 02:04:00,2,0,0,NA,"Y","ANGLE","RAIN","DARK - LIGHTED","HARDING PL & ANTIOCH PIKE","NASHVILLE","SOUTH",36.08744,-86.69218,"MOTOR VEHICLE IN TRANSPORT","37211","2024","September","Fall","02","Wednesday","Weekday","No Injuries","No Fatalities"
1.00002011856401e-313,2024-09-24 05:00:00,1,0,0,NA,"Y","NOT COLLISION W/MOTOR VEHICLE-TRANSPORT","RAIN","DARK - LIGHTED","MM 212 4 I-24","NASHVILLE","HERMIT",36.14541,-86.74102,"EMBANKMENT ROCK/STONE/CONCRETE","37210","2024","September","Fall","05","Tuesday","Weekday","No Injuries","No Fatalities"
1.00002013812901e-313,2024-09-25 05:30:00,1,0,0,NA,"N","NOT COLLISION W/MOTOR VEHICLE-TRANSPORT","RAIN","DARK - NOT LIGHTED","CANE RIDGE RD & CENTURY FARMS TER","ANTIOCH","SOUTH",36.03168,-86.65406,"CURB","37013","2024","September","Fall","05","Wednesday","Weekday","No Injuries","No Fatalities"
1.00002029504426e-313,2024-09-26 05:05:00,1,0,0,NA,"Y","NOT COLLISION W/MOTOR VEHICLE-TRANSPORT","RAIN","DARK - LIGHTED","DICKERSON PIKE & EWING DR","NASHVILLE","EAST",36.22906,-86.75967,"","37207","2024","September","Fall","05","Thursday","Weekday","No Injuries","No Fatalities"
1.00002034701997e-313,2024-09-27 00:56:00,3,1,0,NA,"N","NOT COLLISION W/MOTOR VEHICLE-TRANSPORT","RAIN","DARK - NOT LIGHTED","ELLINGTON PKWY & GARYWOOD DR","NASHVILLE","EAST",36.21275,-86.74864,"MOTOR VEHICLE IN TRANSPORT;MOTOR VEHICLE IN TRANSPORT-OTHER ROADWAY;Cable Barrier","37207","2024","September","Fall","00","Friday","Weekday","Injuries","No Fatalities"
1.00002034973733e-313,2024-09-27 01:28:00,2,0,0,NA,"N","ANGLE","RAIN","DARK - LIGHTED","GREENFIELD AVE & OXFORD ST","NASHVILLE","EAST",36.20988,-86.7252,"MOTOR VEHICLE IN TRANSPORT","37216","2024","September","Fall","01","Friday","Weekday","No Injuries","No Fatalities"
1.00002035033021e-313,2024-09-27 01:21:00,2,0,0,NA,"N","ANGLE","RAIN","DARK - LIGHTED","GEORGE L DAVIS BLVD & CHURCH ST","NASHVILLE","CENTRA",36.15837,-86.79057,"","37203","2024","September","Fall","01","Friday","Weekday","No Injuries","No Fatalities"
1.00002035097249e-313,2024-09-27 01:45:00,1,1,0,NA,"N","NOT COLLISION W/MOTOR VEHICLE-TRANSPORT","RAIN","DARK - LIGHTED","RICHMOND DR & HEDGEWOOD DR","NASHVILLE","EAST",36.22962,-86.7208,"DITCH;FENCE","37216","2024","September","Fall","01","Friday","Weekday","Injuries","No Fatalities"
1.00002035112071e-313,2024-09-27 01:44:00,2,1,0,NA,"N","Front to Rear","RAIN","Dark-Unknown Lighting","WALLACE CT & WALLACE CT","NASHVILLE","SOUTH",36.08024,-86.71923,"MOTOR VEHICLE IN TRANSPORT","37211","2024","September","Fall","01","Friday","Weekday","Injuries","No Fatalities"
1.00002035284994e-313,2024-09-27 02:08:00,2,1,0,NA,"N","ANGLE","RAIN","DARK - LIGHTED","3RD AVE N & JAMES ROBERTSON PKWY","NASHVILLE","CENTRA",36.16722,-86.77957,"MOTOR VEHICLE IN TRANSPORT","37201","2024","September","Fall","02","Friday","Weekday","Injuries","No Fatalities"
1.00002035299816e-313,2024-09-27 02:00:00,2,1,0,NA,"N","SIDESWIPE - SAME DIRECTION","RAIN","DARK - LIGHTED","MM 49 0 I-24","NASHVILLE","EAST",36.16632,-86.76457,"MOTOR VEHICLE IN TRANSPORT","37206","2024","September","Fall","02","Friday","Weekday","Injuries","No Fatalities"
1.00002035976686e-313,2024-09-26 05:00:00,1,1,0,NA,"Y","NOT COLLISION W/MOTOR VEHICLE-TRANSPORT","RAIN","DARK - LIGHTED","WILLIAMS AVE & GALLATIN PIKE N","MADISON","MADISO",36.26711,-86.71189,"BUILDING;FENCE","37115","2024","September","Fall","05","Thursday","Weekday","Injuries","No Fatalities"
1.00002036090321e-313,2024-09-27 02:25:00,2,0,0,NA,"N","Front to Rear","RAIN","DARK - NOT LIGHTED","7TH AVE S & LAFAYETTE ST","NASHVILLE","CENTRA",36.15406,-86.77787,"","37203","2024","September","Fall","02","Friday","Weekday","No Injuries","No Fatalities"
1.00002036238541e-313,2024-09-26 05:00:00,2,0,0,NA,"N","ANGLE","RAIN","DARK - LIGHTED","LEBANON PIKE & MCGAVOCK PIKE","NASHVILLE","HERMIT",36.16937,-86.67987,"MOTOR VEHICLE IN TRANSPORT","37214","2024","September","Fall","05","Thursday","Weekday","No Injuries","No Fatalities"
1.00002036569565e-313,2024-09-27 03:57:00,2,0,0,NA,"N","Rear to Side","RAIN","DARK - LIGHTED","MURFREESBORO PIKE & FESSLERS LN","NASHVILLE","SOUTH",36.14327,-86.74481,"","37210","2024","September","Fall","03","Friday","Weekday","No Injuries","No Fatalities"
1.00002036643675e-313,2024-09-27 04:00:00,1,2,0,NA,"N","NOT COLLISION W/MOTOR VEHICLE-TRANSPORT","RAIN","DARK - LIGHTED","OLD HICKORY BLVD & POST OAK DR","ANTIOCH","SOUTH",36.04182,-86.59137,"TREE","37013","2024","September","Fall","04","Friday","Weekday","Injuries","No Fatalities"
1.00002036688141e-313,2024-09-26 05:00:00,2,0,0,NA,"Y","ANGLE","RAIN","DARK - LIGHTED","ROSA L PARKS BLVD & BUCHANAN ST","NASHVILLE","NORTH",36.18373,-86.79786,"","37208","2024","September","Fall","05","Thursday","Weekday","No Injuries","No Fatalities"
1.00002036732606e-313,2024-09-27 04:20:00,1,0,0,NA,"N","NOT COLLISION W/MOTOR VEHICLE-TRANSPORT","RAIN","DARK - LIGHTED","CHESTNUT ST & OLYMPIC ST","NASHVILLE","MIDTOW",36.14176,-86.7779,"OTHER FIXED OBJECTS","37203","2024","September","Fall","04","Friday","Weekday","No Injuries","No Fatalities"
1.00002036851182e-313,2024-09-27 04:00:00,2,0,0,NA,"N","ANGLE","RAIN","DARK - LIGHTED","WINTHORNE DR & BRILEY PKWY","NASHVILLE","SOUTH",36.11645,-86.70197,"MOTOR VEHICLE IN TRANSPORT","37217","2024","September","Fall","04","Friday","Weekday","No Injuries","No Fatalities"
1.00002036949995e-313,2024-09-27 04:31:00,2,0,0,NA,"Y","ANGLE","RAIN","DARK - LIGHTED","1 NOLENSVILLE PIKE","NASHVILLE","SOUTH",36.03353,-86.71297,"MOTOR VEHICLE IN TRANSPORT","37211","2024","September","Fall","04","Friday","Weekday","No Injuries","No Fatalities"
1.00002037468764e-313,2024-09-27 05:00:00,1,0,0,NA,"N","NOT COLLISION W/MOTOR VEHICLE-TRANSPORT","RAIN","DARK - LIGHTED","MM 86 8 I-24","NASHVILLE","NORTH",36.19622,-86.77568,"","37207","2024","September","Fall","05","Friday","Weekday","No Injuries","No Fatalities"
1.00002037473705e-313,2024-09-27 05:46:00,2,0,0,NA,"N","ANGLE","RAIN","DARK - LIGHTED","MM 56 6 I-24","NASHVILLE","SOUTH",36.07456,-86.69314,"MOTOR VEHICLE IN TRANSPORT","37211","2024","September","Fall","05","Friday","Weekday","No Injuries","No Fatalities"
1.00002037681213e-313,2024-09-27 04:24:00,2,1,0,NA,"Y","Front to Rear","RAIN","DARK - LIGHTED","DICKERSON PIKE & E TRINITY LN","NASHVILLE","EAST",36.20585,-86.76857,"MOTOR VEHICLE IN TRANSPORT","37207","2024","September","Fall","04","Friday","Weekday","Injuries","No Fatalities"
1.0000203773556e-313,2024-09-27 06:21:00,1,0,0,NA,"N","NOT COLLISION W/MOTOR VEHICLE-TRANSPORT","RAIN","DARK - LIGHTED","MM 48 4 I-24","NASHVILLE","EAST",36.17212,-86.7688,"CONCRETE TRAFFIC BARRIER","37206","2024","September","Fall","06","Friday","Weekday","No Injuries","No Fatalities"
1.00002037750382e-313,2024-09-27 05:40:00,1,0,0,NA,"N","NOT COLLISION W/MOTOR VEHICLE-TRANSPORT","RAIN","DARK - LIGHTED","MM 60 2 I-24","ANTIOCH","SOUTH",36.03912,-86.64765,"","37013","2024","September","Fall","05","Friday","Weekday","No Injuries","No Fatalities"
1.0000203780967e-313,2024-09-27 06:30:00,1,0,0,NA,"N","NOT COLLISION W/MOTOR VEHICLE-TRANSPORT","RAIN","DARK - LIGHTED","1 I-24","ANTIOCH","SOUTH",36.05366,-86.67316,"","37013","2024","September","Fall","06","Friday","Weekday","No Injuries","No Fatalities"
1.00002037883779e-313,2024-09-27 06:50:00,1,0,0,NA,"N","NOT COLLISION W/MOTOR VEHICLE-TRANSPORT","RAIN","DARK - LIGHTED","MM 208 4 I-40","NASHVILLE","NORTH",36.16504,-86.79414,"CONCRETE TRAFFIC BARRIER","37203","2024","September","Fall","06","Friday","Weekday","No Injuries","No Fatalities"
1.00002037913423e-313,2024-09-27 05:00:00,2,0,0,NA,"N","SIDESWIPE - SAME DIRECTION","RAIN","DARK - LIGHTED","MM 212 6 I-24","NASHVILLE","HERMIT",36.14339,-86.73769,"","37210","2024","September","Fall","05","Friday","Weekday","No Injuries","No Fatalities"
1.0000203803694e-313,2024-09-27 07:15:00,1,1,0,NA,"Y","NOT COLLISION W/MOTOR VEHICLE-TRANSPORT","RAIN","DARK - LIGHTED","MM 217 2 I-40","NASHVILLE","HERMIT",36.141,-86.6569,"CONCRETE TRAFFIC BARRIER","37214","2024","September","Fall","07","Friday","Weekday","Injuries","No Fatalities"
1.0000203811599e-313,2024-09-27 07:45:00,2,0,0,NA,"Y","Front to Rear","RAIN","DARK - LIGHTED","14TH AVE S & EDGEHILL AVE","NASHVILLE","MIDTOW",36.14282,-86.7894,"PARKED MOTOR VEHICLE","37212","2024","September","Fall","07","Friday","Weekday","No Injuries","No Fatalities"
1.00002038120931e-313,2024-09-27 07:25:00,1,0,0,NA,"N","NOT COLLISION W/MOTOR VEHICLE-TRANSPORT","RAIN","DARK - LIGHTED","MM 49 6 I-24","NASHVILLE","CENTRA",36.15872,-86.76045,"","37210","2024","September","Fall","07","Friday","Weekday","No Injuries","No Fatalities"
1.00002038135753e-313,2024-09-27 07:20:00,1,0,0,NA,"N","NOT COLLISION W/MOTOR VEHICLE-TRANSPORT","RAIN","DARK - LIGHTED","BRILEY PKWY & REVERE PL","NASHVILLE","HERMIT",36.17196,-86.68873,"CONCRETE TRAFFIC BARRIER","37214","2024","September","Fall","07","Friday","Weekday","No Injuries","No Fatalities"
1.00002038367964e-313,2024-09-27 08:04:00,2,0,0,NA,"Y","SIDESWIPE - SAME DIRECTION","RAIN","DARK - LIGHTED","MM 56 8 I-24","NASHVILLE","SOUTH",36.07163,-86.69131,"MOTOR VEHICLE IN TRANSPORT","37211","2024","September","Fall","08","Friday","Weekday","No Injuries","No Fatalities"
1.00002038466777e-313,2024-09-27 08:30:00,1,0,0,NA,"N","NOT COLLISION W/MOTOR VEHICLE-TRANSPORT","RAIN","DARK - LIGHTED","MM 49 8 I-40","NASHVILLE","CENTRA",36.15709,-86.76036,"","37210","2024","September","Fall","08","Friday","Weekday","No Injuries","No Fatalities"
1.00002038555709e-313,2024-09-27 09:20:00,1,0,0,NA,"N","NOT COLLISION W/MOTOR VEHICLE-TRANSPORT","RAIN","DARK - LIGHTED","MM 52 0 I-24","NASHVILLE","SOUTH",36.13537,-86.72657,"","37210","2024","September","Fall","09","Friday","Weekday","No Injuries","No Fatalities"
1.00002038689106e-313,2024-09-27 05:00:00,3,2,0,NA,"N","Front to Rear","RAIN","DARK - LIGHTED","MM 213 0 I-40","NASHVILLE","HERMIT",36.14058,-86.73184,"MOTOR VEHICLE IN TRANSPORT","37210","2024","September","Fall","05","Friday","Weekday","Injuries","No Fatalities"
1.00002038738513e-313,2024-09-27 09:45:00,4,2,0,NA,"N","ANGLE","RAIN","DARK - NOT LIGHTED","MM 58 6 I-24","ANTIOCH","SOUTH",36.05193,-86.67005,"MOTOR VEHICLE IN TRANSPORT","37013","2024","September","Fall","09","Friday","Weekday","Injuries","No Fatalities"
1.00002038743454e-313,2024-09-27 09:50:00,1,1,0,NA,"N","NOT COLLISION W/MOTOR VEHICLE-TRANSPORT","RAIN","DARK - LIGHTED","INGLEWOOD CT & INGLEWOOD CT","NASHVILLE","EAST",36.23424,-86.71886,"CONCRETE TRAFFIC BARRIER","37216","2024","September","Fall","09","Friday","Weekday","Injuries","No Fatalities"
1.0000203878792e-313,2024-09-27 10:00:00,1,0,0,NA,"N","NOT COLLISION W/MOTOR VEHICLE-TRANSPORT","RAIN","DARK - LIGHTED","BRILEY PKWY & CASTLEWOOD DR","NASHVILLE","HERMIT",36.17278,-86.68898,"CONCRETE TRAFFIC BARRIER","37214","2024","September","Fall","10","Friday","Weekday","No Injuries","No Fatalities"
1.00002038822504e-313,2024-09-27 10:10:00,2,0,0,NA,"N","SIDESWIPE - SAME DIRECTION","RAIN","DARK - LIGHTED","UNKNOWN RAMP  &  ROAD","NASHVILLE","SOUTH",36.03737,-86.64734,"MOTOR VEHICLE IN TRANSPORT","37211","2024","September","Fall","10","Friday","Weekday","No Injuries","No Fatalities"
1.00002038896614e-313,2024-09-27 10:40:00,1,1,0,NA,"N","NOT COLLISION W/MOTOR VEHICLE-TRANSPORT","RAIN","DARK - NOT LIGHTED","MM 204 0 I-40","NASHVILLE","WEST",36.15274,-86.85584,"CONCRETE TRAFFIC BARRIER","37209","2024","September","Fall","10","Friday","Weekday","Injuries","No Fatalities"
1.00002038995427e-313,2024-09-27 11:20:00,2,1,0,NA,"Y","HEAD-ON","RAIN","DAWN","NOLENSVILLE RD & NOLENSVILLE PIKE","NASHVILLE","SOUTH",36.03661,-86.7133,"MOTOR VEHICLE IN TRANSPORT","37210","2024","September","Fall","11","Friday","Weekday","Injuries","No Fatalities"
1.00002039291867e-313,2024-09-27 12:00:00,2,0,0,NA,"Y","SIDESWIPE - SAME DIRECTION","RAIN","DAWN","WOODYCREST AVE & FOSTER AVE","NASHVILLE","SOUTH",36.13481,-86.74144,"MOTOR VEHICLE IN TRANSPORT","37210","2024","September","Fall","12","Friday","Weekday","No Injuries","No Fatalities"
1.00002039306689e-313,2024-09-27 10:37:00,2,0,0,NA,"N","SIDESWIPE - SAME DIRECTION","RAIN","DARK - NOT LIGHTED","MM 58 0 I-24","ANTIOCH","SOUTH",36.05802,-86.67727,"","37013","2024","September","Fall","10","Friday","Weekday","No Injuries","No Fatalities"
1.0000203939068e-313,2024-09-27 12:15:00,1,0,0,NA,"N","NOT COLLISION W/MOTOR VEHICLE-TRANSPORT","RAIN","DAYLIGHT","MM 205 2 I-40","NASHVILLE","WEST",36.15404,-86.83467,"CONCRETE TRAFFIC BARRIER","37209","2024","September","Fall","12","Friday","Weekday","No Injuries","No Fatalities"
1.00002039578425e-313,2024-09-27 05:00:00,2,0,0,NA,"N","ANGLE","RAIN","DAYLIGHT","ELM HILL PIKE & MAPLE AVE","NASHVILLE","HERMIT",36.14378,-86.72955,"MOTOR VEHICLE IN TRANSPORT","37210","2024","September","Fall","05","Friday","Weekday","No Injuries","No Fatalities"
1.00002039736526e-313,2024-09-27 12:30:00,1,0,0,NA,"N","NOT COLLISION W/MOTOR VEHICLE-TRANSPORT","RAIN","DAYLIGHT","BRILEY PKWY & CASTLEWOOD DR","NASHVILLE","HERMIT",36.17309,-86.68905,"WALL","37214","2024","September","Fall","12","Friday","Weekday","No Injuries","No Fatalities"
1.00002039776051e-313,2024-09-27 12:40:00,1,0,0,NA,"N","NOT COLLISION W/MOTOR VEHICLE-TRANSPORT","RAIN","DAYLIGHT","CHANDLER RD & RIDGEMERE CT","HERMITAGE","HERMIT",36.19143,-86.60374,"","37076","2024","September","Fall","12","Friday","Weekday","No Injuries","No Fatalities"
1.00002039884745e-313,2024-09-27 12:23:00,2,0,0,NA,"N","Front to Rear","RAIN","DAWN","MURFREESBORO PIKE & PIN HOOK RD","ANTIOCH","SOUTH",36.04808,-86.61227,"","37013","2024","September","Fall","12","Friday","Weekday","No Injuries","No Fatalities"
1.00002040536912e-313,2024-09-27 05:00:00,2,0,0,NA,"Y","ANGLE","RAIN","DAYLIGHT","SPENCE LN & LEBANON PIKE","NASHVILLE","HERMIT",36.15373,-86.72151,"","37210","2024","September","Fall","05","Friday","Weekday","No Injuries","No Fatalities"
1.00002040867936e-313,2024-09-27 12:44:00,2,0,0,NA,"N","Front to Rear","RAIN","DAYLIGHT","SAWYER BROWN RD & CHARLOTTE PIKE","NASHVILLE","WEST",36.11226,-86.9296,"MOTOR VEHICLE IN TRANSPORT","37221","2024","September","Fall","12","Friday","Weekday","No Injuries","No Fatalities"
1.00002041386705e-313,2024-09-27 05:00:00,1,0,0,NA,"N","NOT COLLISION W/MOTOR VEHICLE-TRANSPORT","RAIN","DAYLIGHT","WHITES CREEK PIKE & W TRINITY LN","NASHVILLE","NORTH",36.20728,-86.79184,"DITCH","37207","2024","September","Fall","05","Friday","Weekday","No Injuries","No Fatalities"
1.0000204172267e-313,2024-09-27 05:00:00,2,0,0,NA,"N","Front to Rear","RAIN","DAYLIGHT","STEWARTS LN & STEWARTS LN","NASHVILLE","NORTH",36.20552,-86.86096,"MOTOR VEHICLE IN TRANSPORT","37218","2024","September","Fall","05","Friday","Weekday","No Injuries","No Fatalities"
1.00002041979584e-313,2024-09-27 05:00:00,2,2,0,NA,"N","Front to Rear","RAIN","DAYLIGHT","MM 213 8 I-40","NASHVILLE","HERMIT",36.14115,-86.71784,"MOTOR VEHICLE IN TRANSPORT","37210","2024","September","Fall","05","Friday","Weekday","Injuries","No Fatalities"
1.00002042518115e-313,2024-09-27 05:00:00,2,2,0,NA,"N","ANGLE","RAIN","DAYLIGHT","MURFREESBORO PIKE & PARRIS AVE","NASHVILLE","HERMIT",36.14367,-86.74694,"MOTOR VEHICLE IN TRANSPORT","37210","2024","September","Fall","05","Friday","Weekday","Injuries","No Fatalities"
1.00002042616928e-313,2024-09-27 05:00:00,1,2,0,NA,"N","NOT COLLISION W/MOTOR VEHICLE-TRANSPORT","RAIN","DAYLIGHT","MM 5 6 I-440","NASHVILLE","MIDTOW",36.12177,-86.76291,"","37211","2024","September","Fall","05","Friday","Weekday","Injuries","No Fatalities"
1.00002043965728e-313,2024-09-27 05:00:00,2,0,0,NA,"Y","SIDESWIPE - SAME DIRECTION","RAIN","DARK - LIGHTED","DIVISION ST & 7TH AVE S","NASHVILLE","CENTRA",36.14997,-86.77689,"PARKED MOTOR VEHICLE","37203","2024","September","Fall","05","Friday","Weekday","No Injuries","No Fatalities"
1.00002045299705e-313,2024-09-28 00:10:00,2,1,0,NA,"N","Front to Rear","RAIN","DARK - LIGHTED","OLD HICKORY BLVD & BRECKENRIDGE APARTMEN","MADISON","MADISO",36.26564,-86.74001,"MOTOR VEHICLE IN TRANSPORT","37115","2024","September","Fall","00","Saturday","Weekend","Injuries","No Fatalities"
1.00002045349111e-313,2024-09-28 00:21:00,2,3,0,NA,"N","ANGLE","RAIN","DARK - LIGHTED","WILLIAMS AVE & GALLATIN PIKE N","MADISON","MADISO",36.26691,-86.71091,"MOTOR VEHICLE IN TRANSPORT","37115","2024","September","Fall","00","Saturday","Weekend","Injuries","No Fatalities"
1.00002045354052e-313,2024-09-28 00:22:00,2,0,0,NA,"N","Front to Rear","RAIN","DARK - LIGHTED","HAMILTON CHURCH RD & HAMILTON XING","ANTIOCH","SOUTH",36.06267,-86.63073,"","37013","2024","September","Fall","00","Saturday","Weekend","No Injuries","No Fatalities"
1.00002045620847e-313,2024-09-27 05:00:00,1,1,0,NA,"N","NOT COLLISION W/MOTOR VEHICLE-TRANSPORT","RAIN","DARK - NOT LIGHTED","HILLSBORO PIKE & HILLSBORO RD","NASHVILLE","MIDTOW",36.0564,-86.85445,"","37215","2024","September","Fall","05","Friday","Weekday","Injuries","No Fatalities"
1.0000204564061e-313,2024-09-28 01:00:00,1,1,0,NA,"N","NOT COLLISION W/MOTOR VEHICLE-TRANSPORT","RAIN","DARK - LIGHTED","100 RAMP 82A","NASHVILLE","MIDTOW",36.14815,-86.77789,"CONCRETE TRAFFIC BARRIER","37203","2024","September","Fall","01","Saturday","Weekend","Injuries","No Fatalities"
1.00002045922228e-313,2024-09-28 00:59:00,2,0,0,NA,"Y","SIDESWIPE - SAME DIRECTION","RAIN","DARK - LIGHTED","BELL RD & MT VIEW RD","ANTIOCH","SOUTH",36.04978,-86.64966,"","37013","2024","September","Fall","00","Saturday","Weekend","No Injuries","No Fatalities"
1.00002045932109e-313,2024-09-28 01:15:00,2,0,0,NA,"N","OTHER","RAIN","DARK - NOT LIGHTED","31ST AVE N & WEST END AVE","NASHVILLE","MIDTOW",36.14275,-86.81559,"","37203","2024","September","Fall","01","Saturday","Weekend","No Injuries","No Fatalities"
1.00002046006219e-313,2024-09-28 01:37:00,2,1,0,NA,"N","ANGLE","RAIN","DARK - LIGHTED","BELL RD & STEWARTS FERRY PIKE","NASHVILLE","HERMIT",36.15224,-86.62495,"MOTOR VEHICLE IN TRANSPORT","37214","2024","September","Fall","01","Saturday","Weekend","Injuries","No Fatalities"
1.00002046307599e-313,2024-09-28 02:23:00,1,1,0,NA,"Y","NOT COLLISION W/MOTOR VEHICLE-TRANSPORT","RAIN","DARK - NOT LIGHTED","GLASTONBURY RD & BILTMORE PLACE APARTMEN","NASHVILLE","HERMIT",36.1366,-86.70098,"PEDESTRIAN","37217","2024","September","Fall","02","Saturday","Weekend","Injuries","No Fatalities"
1.00002046564513e-313,2024-09-28 02:30:00,2,0,0,NA,"N","SIDESWIPE - SAME DIRECTION","RAIN","DARK - LIGHTED","4TH AVE N & OPRY PL","NASHVILLE","CENTRA",36.1615,-86.77753,"","37219","2024","September","Fall","02","Saturday","Weekend","No Injuries","No Fatalities"
1.00002046786842e-313,2024-09-28 04:06:00,1,1,0,NA,"N","NOT COLLISION W/MOTOR VEHICLE-TRANSPORT","RAIN","DARK - LIGHTED","MAIN ST & N 10TH ST","NASHVILLE","EAST",36.17813,-86.75186,"UTILITY POLE;OTHER FIXED OBJECTS","37206","2024","September","Fall","04","Saturday","Weekend","Injuries","No Fatalities"
1.00002047251264e-313,2024-09-28 03:00:00,1,0,0,NA,"Y","NOT COLLISION W/MOTOR VEHICLE-TRANSPORT","RAIN","DARK - LIGHTED","S 10TH ST & CLEARVIEW AVE","NASHVILLE","EAST",36.17804,-86.75155,"TREE","37206","2024","September","Fall","03","Saturday","Weekend","No Injuries","No Fatalities"