"Accident.Number","Date.and.Time","Number.of.Motor.Vehicles","Number.of.Injuries","Number.of.Fatalities","Property.Damage","Hit.and.Run","Collision.Type.Description","Weather.Description","Illumination.Description","Street.Address","City","Precinct","Latitude","Longitude","HarmfulDescriptions","Zip.Code","Year","Month","Season","Hour","Weekday","DayType","Accident","Fatality_category"
1.00002479850203e-313,2024-11-10 03:42:00,2,0,0,NA,"N","Front to Rear","RAIN","DARK - LIGHTED","MM 54 8 I-24","NASHVILLE","SOUTH",36.09706,-86.70902,"MOTOR VEHICLE IN TRANSPORT","37211","2024","November","Fall","03","Sunday","Weekend","No Injuries","No Fatalities"
1.00002479968779e-313,2024-11-09 06:00:00,1,0,0,NA,"Y","UNKNOWN","RAIN","DARK - LIGHTED","6TH AVE S & PEABODY ST","NASHVILLE","CENTRA",36.15531,-86.77691,"UNKNOWN MOST HARMFUL EVENT","37203","2024","November","Fall","06","Saturday","Weekend","No Injuries","No Fatalities"
1.0000247997866e-313,2024-11-10 03:55:00,2,0,0,NA,"N","OTHER","RAIN","DARK - LIGHTED","MM 94 0 I-65","GOODLETTSVILLE","MADISO",36.28774,-86.72593,"MOTOR VEHICLE IN TRANSPORT","37072","2024","November","Fall","03","Sunday","Weekend","No Injuries","No Fatalities"
1.00002480082414e-313,2024-11-10 04:10:00,1,0,0,NA,"N","NOT COLLISION W/MOTOR VEHICLE-TRANSPORT","RAIN","DARK - LIGHTED","MM 91 0 I-65","MADISON","MADISO",36.24809,-86.7426,"CONCRETE TRAFFIC BARRIER","37115","2024","November","Fall","04","Sunday","Weekend","No Injuries","No Fatalities"
1.00002480349209e-313,2024-11-10 04:41:00,2,0,0,NA,"N","Front to Rear","RAIN","DARK - LIGHTED","FRIERSON ST & WILSON PIKE CIR","NASHVILLE","MIDTOW",36.03872,-86.78501,"MOTOR VEHICLE IN TRANSPORT","37027","2024","November","Fall","04","Sunday","Weekend","No Injuries","No Fatalities"
1.00002480403556e-313,2024-11-10 03:00:00,2,0,0,NA,"Y","OTHER","RAIN","DARK - LIGHTED","COMMERCE ST & 7TH AVE N","NASHVILLE","CENTRA",36.16078,-86.78163,"MOTOR VEHICLE IN TRANSPORT","37219","2024","November","Fall","03","Sunday","Weekend","No Injuries","No Fatalities"
1.00002480571539e-313,2024-11-10 04:57:00,2,0,0,NA,"Y","Front to Rear","RAIN","DARK - LIGHTED","UNKNOWN RAMP  &  ROAD","MADISON","MADISO",36.26413,-86.73585,"MOTOR VEHICLE IN TRANSPORT","37115","2024","November","Fall","04","Sunday","Weekend","No Injuries","No Fatalities"
1.0000248058142e-313,2024-11-10 05:05:00,1,0,0,NA,"N","NOT COLLISION W/MOTOR VEHICLE-TRANSPORT","RAIN","DARK - LIGHTED","SHIHMEN DR & TOMARAND CT","ANTIOCH","SOUTH",36.05591,-86.67723,"OTHER FIXED OBJECTS","37013","2024","November","Fall","05","Sunday","Weekend","No Injuries","No Fatalities"
1.00002480823512e-313,2024-11-10 05:24:00,2,0,0,NA,"Y","Front to Rear","RAIN","DARK - LIGHTED","TN-45 & GALLATIN PIKE N","MADISON","MADISO",36.26297,-86.71151,"MOTOR VEHICLE IN TRANSPORT","37115","2024","November","Fall","05","Sunday","Weekend","No Injuries","No Fatalities"
1.00002480858097e-313,2024-11-10 05:41:00,2,0,0,NA,"Y","Front to Rear","RAIN","DARK - NOT LIGHTED","ARBOR CREEK LN & ARBOR CREEK WAY","NASHVILLE","HERMIT",36.13379,-86.69734,"MOTOR VEHICLE IN TRANSPORT;PARKED MOTOR VEHICLE;SHRUBBERY","37217","2024","November","Fall","05","Sunday","Weekend","No Injuries","No Fatalities"
1.00002480986554e-313,2024-11-09 06:00:00,2,2,0,NA,"N","Front to Rear","RAIN","DARK - LIGHTED","94 I-65","GOODLETTSVILLE","MADISO",36.28774,-86.72593,"MOTOR VEHICLE IN TRANSPORT","37072","2024","November","Fall","06","Saturday","Weekend","Injuries","No Fatalities"
1.00002481129833e-313,2024-11-10 04:25:00,2,0,0,NA,"Y","SIDESWIPE - OPPOSITE DIRECTION","RAIN","DARK - LIGHTED","BELL RD & EDGE O LAKE DR","NASHVILLE","HERMIT",36.07913,-86.63285,"","37217","2024","November","Fall","04","Sunday","Weekend","No Injuries","No Fatalities"
1.00002481154536e-313,2024-11-10 06:05:00,2,1,0,NA,"N","ANGLE","RAIN","DARK - LIGHTED","CLARKSVILLE PIKE & ED TEMPLE BLVD","NASHVILLE","NORTH",36.18805,-86.82165,"MOTOR VEHICLE IN TRANSPORT-OTHER ROADWAY","37228","2024","November","Fall","06","Sunday","Weekend","Injuries","No Fatalities"
1.0000248117924e-313,2024-11-10 06:25:00,1,0,0,NA,"N","NOT COLLISION W/MOTOR VEHICLE-TRANSPORT","RAIN","DARK - LIGHTED","WOODMONT BLVD & WILBUR PL","NASHVILLE","MIDTOW",36.11025,-86.78143,"GUARDRAIL FACE","37204","2024","November","Fall","06","Sunday","Weekend","No Injuries","No Fatalities"
1.00002481228646e-313,2024-11-10 06:40:00,1,0,0,NA,"N","NOT COLLISION W/MOTOR VEHICLE-TRANSPORT","RAIN","DARK - LIGHTED","MM 196 6 I-40","NASHVILLE","WEST",36.08296,-86.95317,"GUARDRAIL FACE","37221","2024","November","Fall","06","Sunday","Weekend","No Injuries","No Fatalities"
1.00002481460857e-313,2024-11-10 07:00:00,3,1,0,NA,"N","ANGLE","RAIN","DARK - NOT LIGHTED","MM 208 6 I-40","NASHVILLE","CENTRA",36.1622,-86.79337,"MOTOR VEHICLE IN TRANSPORT;CONCRETE TRAFFIC BARRIER","37203","2024","November","Fall","07","Sunday","Weekend","Injuries","No Fatalities"
1.00002481500382e-313,2024-11-10 07:00:00,1,0,0,NA,"N","NOT COLLISION W/MOTOR VEHICLE-TRANSPORT","RAIN","DARK - LIGHTED","MM 81 4 I-65","NASHVILLE","MIDTOW",36.13446,-86.77544,"H-WAY TRAFFIC SIGNAL POST","37204","2024","November","Fall","07","Sunday","Weekend","No Injuries","No Fatalities"
1.00002481609077e-313,2024-11-10 07:30:00,1,1,0,NA,"N","NOT COLLISION W/MOTOR VEHICLE-TRANSPORT","RAIN","DARK - LIGHTED","MM 55 0 I-24","NASHVILLE","SOUTH",36.09476,-86.70693,"GUARDRAIL END","37211","2024","November","Fall","07","Sunday","Weekend","Injuries","No Fatalities"
1.00002481623899e-313,2024-11-10 07:39:00,1,0,0,NA,"N","NOT COLLISION W/MOTOR VEHICLE-TRANSPORT","RAIN","DARK - LIGHTED","OLD HICKORY BLVD & HICKORY SPRINGS RD","NASHVILLE","MIDTOW",36.04121,-86.82144,"","37215","2024","November","Fall","07","Sunday","Weekend","No Injuries","No Fatalities"
1.00002481643661e-313,2024-11-10 07:46:00,1,0,0,NA,"Y","UNKNOWN","RAIN","DARK - LIGHTED","GARRY DR & JEFFERY DR","NASHVILLE","SOUTH",36.08525,-86.70822,"UNKNOWN MOST HARMFUL EVENT","37211","2024","November","Fall","07","Sunday","Weekend","No Injuries","No Fatalities"
1.00002481673305e-313,2024-11-10 07:53:00,1,0,0,NA,"Y","NOT COLLISION W/MOTOR VEHICLE-TRANSPORT","RAIN","DARK - LIGHTED","HILLSBORO PIKE & WOODMONT BLVD","NASHVILLE","MIDTOW",36.11484,-86.81063,"DITCH;TREE","37215","2024","November","Fall","07","Sunday","Weekend","No Injuries","No Fatalities"
1.00002481678246e-313,2024-11-10 07:50:00,1,0,0,NA,"Y","NOT COLLISION W/MOTOR VEHICLE-TRANSPORT","RAIN","DARK - LIGHTED","MM 219 0 I-40","NASHVILLE","HERMIT",36.15601,-86.62904,"GUARDRAIL END","37214","2024","November","Fall","07","Sunday","Weekend","No Injuries","No Fatalities"
1.00002481900575e-313,2024-11-10 08:30:00,1,0,0,NA,"N","NOT COLLISION W/MOTOR VEHICLE-TRANSPORT","RAIN","DARK - NOT LIGHTED","FOSTER AVE & WOODYCREST AVE","NASHVILLE","SOUTH",36.13701,-86.74117,"WALL","37210","2024","November","Fall","08","Sunday","Weekend","No Injuries","No Fatalities"
1.00002482053736e-313,2024-11-10 06:00:00,1,0,0,NA,"Y","NOT COLLISION W/MOTOR VEHICLE-TRANSPORT","RAIN","DARK - LIGHTED","MM 88 4 I-65","NASHVILLE","EAST",36.22291,-86.77457,"GUARDRAIL END","37207","2024","November","Fall","06","Sunday","Weekend","No Injuries","No Fatalities"
1.00002482117964e-313,2024-11-10 09:36:00,2,0,0,NA,"N","Front to Rear","RAIN","DARK - LIGHTED","BRILEY PKWY & MURFREESBORO PIKE","NASHVILLE","SOUTH",36.11823,-86.70023,"MOTOR VEHICLE IN TRANSPORT","37211","2024","November","Fall","09","Sunday","Weekend","No Injuries","No Fatalities"
1.00002482127846e-313,2024-11-10 07:07:00,1,1,0,NA,"Y","NOT COLLISION W/MOTOR VEHICLE-TRANSPORT","RAIN","DARK - LIGHTED","CHURCH ST & 3RD AVE N","NASHVILLE","CENTRA",36.16424,-86.77774,"PEDESTRIAN","37201","2024","November","Fall","07","Sunday","Weekend","Injuries","No Fatalities"
1.00002482152549e-313,2024-11-10 09:47:00,1,0,0,NA,"Y","NOT COLLISION W/MOTOR VEHICLE-TRANSPORT","RAIN","DARK - NOT LIGHTED","OLD HICKORY BLVD & EVERGREEN HILLS BLVD","ANTIOCH","SOUTH",36.00562,-86.65957,"UTILITY POLE","37013","2024","November","Fall","09","Sunday","Weekend","No Injuries","No Fatalities"
1.00002482360056e-313,2024-11-10 10:11:00,2,0,0,NA,"Y","Front to Rear","RAIN","DARK - LIGHTED","CANE RIDGE RD & BELL RD","ANTIOCH","SOUTH",36.04484,-86.66151,"MOTOR VEHICLE IN TRANSPORT","37013","2024","November","Fall","10","Sunday","Weekend","No Injuries","No Fatalities"
1.00002482562623e-313,2024-11-10 12:03:00,2,0,0,NA,"Y","SIDESWIPE - OPPOSITE DIRECTION","RAIN","DAYLIGHT","ANTIOCH PIKE & HAYWOOD LN","ANTIOCH","SOUTH",36.07029,-86.68454,"MOTOR VEHICLE IN TRANSPORT","37013","2024","November","Fall","12","Sunday","Weekend","No Injuries","No Fatalities"
1.00002482681199e-313,2024-11-10 08:50:00,1,0,0,NA,"Y","NOT COLLISION W/MOTOR VEHICLE-TRANSPORT","RAIN","DARK - LIGHTED","MM 56 0 I-24","NASHVILLE","SOUTH",36.08275,-86.69809,"DITCH","37211","2024","November","Fall","08","Sunday","Weekend","No Injuries","No Fatalities"
1.00002484855088e-313,2024-11-10 06:00:00,2,0,0,NA,"N","ANGLE","RAIN","DAYLIGHT","HILLSBORO PIKE & GEORGETOWN CONDOMINIUMS","NASHVILLE","MIDTOW",36.09809,-86.82258,"MOTOR VEHICLE IN TRANSPORT","37215","2024","November","Fall","06","Sunday","Weekend","No Injuries","No Fatalities"
1.00002486144599e-313,2024-11-10 06:00:00,1,1,0,NA,"N","NOT COLLISION W/MOTOR VEHICLE-TRANSPORT","RAIN","Dark-Unknown Lighting","ALAMEDA ST & 21ST AVE N","NASHVILLE","NORTH",36.16685,-86.80917,"PEDESTRIAN","37208","2024","November","Fall","06","Sunday","Weekend","Injuries","No Fatalities"
1.00002486628784e-313,2024-11-11 00:52:00,1,0,0,NA,"N","NOT COLLISION W/MOTOR VEHICLE-TRANSPORT","RAIN","DARK - LIGHTED","RAMP 86A & 86A","NASHVILLE","NORTH",36.19228,-86.7771,"GUARDRAIL FACE","37207","2024","November","Fall","00","Monday","Weekday","No Injuries","No Fatalities"
1.00002486648546e-313,2024-11-11 00:55:00,2,4,0,NA,"N","ANGLE","RAIN","DUSK","MURFREESBORO PIKE & OLD HICKORY BLVD","ANTIOCH","SOUTH",36.03939,-86.60294,"MOTOR VEHICLE IN TRANSPORT","37013","2024","November","Fall","00","Monday","Weekday","Injuries","No Fatalities"
1.00002487004273e-313,2024-11-11 01:43:00,2,0,0,NA,"Y","ANGLE","RAIN","DARK - LIGHTED","100 20TH AVE N","NASHVILLE","MIDTOW",36.15339,-86.80082,"MOTOR VEHICLE IN TRANSPORT","37203","2024","November","Fall","01","Monday","Weekday","No Injuries","No Fatalities"
1.00002487078383e-313,2024-11-11 01:57:00,1,0,0,NA,"N","NOT COLLISION W/MOTOR VEHICLE-TRANSPORT","RAIN","DARK - NOT LIGHTED","RAMP 221A & 221A","HERMITAGE","HERMIT",36.17062,-86.60634,"GUARDRAIL END","37076","2024","November","Fall","01","Monday","Weekday","No Injuries","No Fatalities"
1.00002659863021e-313,2024-11-28 01:29:00,2,0,0,NA,"N","Front to Rear","RAIN","DARK - NOT LIGHTED","RONNIE RD & N GRAYCROFT AVE","MADISON","MADISO",36.27744,-86.72618,"MOTOR VEHICLE IN TRANSPORT;PARKED MOTOR VEHICLE","37115","2024","November","Fall","01","Thursday","Weekday","No Injuries","No Fatalities"
1.00002660114994e-313,2024-11-28 01:30:00,3,0,0,NA,"Y","OTHER","RAIN","DARK - LIGHTED","GALLATIN PIKE S & HARRIS ST","MADISON","MADISO",36.25863,-86.71333,"","37115","2024","November","Fall","01","Thursday","Weekday","No Injuries","No Fatalities"
1.00002487765135e-313,2024-11-11 03:45:00,2,1,0,NA,"N","ANGLE","RAIN","DARK - LIGHTED","2ND AVE S & 210C","NASHVILLE","CENTRA",36.15177,-86.76863,"MOTOR VEHICLE IN TRANSPORT","37210","2024","November","Fall","03","Monday","Weekday","Injuries","No Fatalities"
1.00002660144638e-313,2024-11-28 02:10:00,2,1,0,NA,"N","SIDESWIPE - OPPOSITE DIRECTION","RAIN","DARK - NOT LIGHTED","NOLENSVILLE PIKE & KINHAWK DR","ANTIOCH","SOUTH",36.02958,-86.71248,"MOTOR VEHICLE IN TRANSPORT;GUARDRAIL FACE","37013","2024","November","Fall","02","Thursday","Weekday","Injuries","No Fatalities"
1.00002660376849e-313,2024-11-28 02:04:00,2,0,0,NA,"Y","ANGLE","RAIN","DARK - LIGHTED","SPENCE LN & LEBANON PIKE","NASHVILLE","HERMIT",36.15367,-86.7215,"MOTOR VEHICLE IN TRANSPORT","37210","2024","November","Fall","02","Thursday","Weekday","No Injuries","No Fatalities"
1.00002660846212e-313,2024-11-28 04:00:00,2,1,0,NA,"N","OTHER","RAIN","DARK - LIGHTED","UNION ST & 7TH AVE N","NASHVILLE","CENTRA",36.16346,-86.78353,"MOTOR VEHICLE IN TRANSPORT","37203","2024","November","Fall","04","Thursday","Weekday","Injuries","No Fatalities"
1.00002488328369e-313,2024-11-11 04:48:00,2,0,0,NA,"Y","ANGLE","RAIN","DARK - LIGHTED","RAMP 74B & OLD HICKORY BLVD","BRENTWOOD","MIDTOW",36.03808,-86.78444,"MOTOR VEHICLE IN TRANSPORT","37027","2024","November","Fall","04","Monday","Weekday","No Injuries","No Fatalities"
1.00002660915381e-313,2024-11-27 06:00:00,1,0,0,NA,"N","NOT COLLISION W/MOTOR VEHICLE-TRANSPORT","RAIN","DARK - LIGHTED","2400 GALLATIN RD","MADISON","MADISO",36.30937,-86.67365,"DITCH","37115","2024","November","Fall","06","Wednesday","Weekday","No Injuries","No Fatalities"
1.00002488422242e-313,2024-11-11 05:11:00,2,0,0,NA,"Y","ANGLE","RAIN","DARK - LIGHTED","NOLENSVILLE PIKE & NOLENSVILLE RD","ANTIOCH","SOUTH",36.08595,-86.72922,"MOTOR VEHICLE IN TRANSPORT","37013","2024","November","Fall","05","Monday","Weekday","No Injuries","No Fatalities"
1.00002661004313e-313,2024-11-28 04:00:00,2,0,0,NA,"Y","Front to Rear","RAIN","DARK - LIGHTED","BRILEY PKWY & BRILEY PKWY","NASHVILLE","HERMIT",36.21549,-86.87226,"MOTOR VEHICLE IN TRANSPORT","37214","2024","November","Fall","04","Thursday","Weekday","No Injuries","No Fatalities"
1.00002661068541e-313,2024-11-28 04:00:00,4,0,0,NA,"Y","ANGLE","RAIN","DARK - LIGHTED","SHIHMEN DR & TOMARAND CT","ANTIOCH","SOUTH",36.05563,-86.67727,"MOTOR VEHICLE IN TRANSPORT;PARKED MOTOR VEHICLE","37013","2024","November","Fall","04","Thursday","Weekday","No Injuries","No Fatalities"
1.00002489212747e-313,2024-11-11 07:05:00,1,0,0,NA,"N","NOT COLLISION W/MOTOR VEHICLE-TRANSPORT","RAIN","DARK - LIGHTED","RAMP 27A & I-40","NASHVILLE","WEST",36.15376,-86.85748,"CONCRETE TRAFFIC BARRIER","37209","2024","November","Fall","07","Monday","Weekday","No Injuries","No Fatalities"
1.00002661088304e-313,2024-11-28 04:30:00,2,0,0,NA,"Y","ANGLE","RAIN","DARK - LIGHTED","US-70S & COLEY DAVIS CT","NASHVILLE","WEST",36.07867,-86.95119,"","37221","2024","November","Fall","04","Thursday","Weekday","No Injuries","No Fatalities"
1.00002489489424e-313,2024-11-11 08:10:00,1,0,0,NA,"Y","NOT COLLISION W/MOTOR VEHICLE-TRANSPORT","RAIN","DARK - LIGHTED","HICKORY MANOR APARTMENTS & HICKORY CLUB","ANTIOCH","SOUTH",36.05493,-86.63656,"","37013","2024","November","Fall","08","Monday","Weekday","No Injuries","No Fatalities"
1.00002661196998e-313,2024-11-28 04:58:00,2,0,0,NA,"N","ANGLE","RAIN","DARK - LIGHTED","NOLENSVILLE PIKE & SWISS AVE","NASHVILLE","MIDTOW",36.04257,-86.71301,"","37211","2024","November","Fall","04","Thursday","Weekday","No Injuries","No Fatalities"
1.0000266120688e-313,2024-11-28 04:40:00,2,0,0,NA,"N","SIDESWIPE - SAME DIRECTION","RAIN","DARK - LIGHTED","POWELL PL & POWELL AVE","NASHVILLE","MIDTOW",36.10651,-86.7645,"","37204","2024","November","Fall","04","Thursday","Weekday","No Injuries","No Fatalities"
1.00002661364981e-313,2024-11-28 05:17:00,2,4,0,NA,"N","SIDESWIPE - SAME DIRECTION","RAIN","DARK - LIGHTED","MM 49 8 I-24","NASHVILLE","HERMIT",36.15558,-86.76012,"MOTOR VEHICLE IN TRANSPORT","37210","2024","November","Fall","05","Thursday","Weekday","Injuries","No Fatalities"
1.00002662229595e-313,2024-11-28 07:20:00,2,1,0,NA,"N","ANGLE","RAIN","DARK - NOT LIGHTED","MM 200 6 I-40","NASHVILLE","WEST",36.12626,-86.90382,"MOTOR VEHICLE IN TRANSPORT","37209","2024","November","Fall","07","Thursday","Weekday","Injuries","No Fatalities"
1.00002662254299e-313,2024-11-27 06:00:00,1,0,0,NA,"Y","NOT COLLISION W/MOTOR VEHICLE-TRANSPORT","RAIN","DARK - NOT LIGHTED","TINNIN RD & OLD SHILOH RD","GOODLETTSVILLE","MADISO",36.38679,-86.73485,"MAIL BOX","37072","2024","November","Fall","06","Wednesday","Weekday","No Injuries","No Fatalities"
1.0000266226418e-313,2024-11-28 06:46:00,2,0,0,NA,"N","ANGLE","RAIN","DARK - LIGHTED","MURFREESBORO PIKE & SHUMATE LN","NASHVILLE","HERMIT",36.08274,-86.6468,"MOTOR VEHICLE IN TRANSPORT-OTHER ROADWAY","37217","2024","November","Fall","06","Thursday","Weekday","No Injuries","No Fatalities"
1.00002662679195e-313,2024-11-28 07:30:00,1,0,0,NA,"Y","NOT COLLISION W/MOTOR VEHICLE-TRANSPORT","RAIN","DARK - LIGHTED","MURFREESBORO PIKE & MURFREESBORO RD","NASHVILLE","HERMIT",36.13457,-86.72306,"OTHER FIXED OBJECTS","37217","2024","November","Fall","07","Thursday","Weekday","No Injuries","No Fatalities"
1.00002662738483e-313,2024-11-28 06:22:00,2,0,0,NA,"Y","ANGLE","RAIN","DARK - LIGHTED","MULBERRY ST & 5TH AVE S","NASHVILLE","CENTRA",36.15078,-86.77179,"PARKED MOTOR VEHICLE","37203","2024","November","Fall","06","Thursday","Weekday","No Injuries","No Fatalities"
1.0000251753259e-313,2024-11-13 06:00:00,2,1,0,NA,"N","Front to Rear","RAIN","DAYLIGHT","BEECHWOOD TERRACE APARTMENTS & BELL RD","ANTIOCH","SOUTH",36.04488,-86.66839,"MOTOR VEHICLE IN TRANSPORT","37013","2024","November","Fall","06","Wednesday","Weekday","Injuries","No Fatalities"
1.00002978510659e-313,2025-01-01 03:16:00,2,0,0,NA,"N","SIDESWIPE - OPPOSITE DIRECTION","RAIN","DARK - LIGHTED","WEST MEADE CONDOMINIUMS & CHARLOTTE PIKE","NASHVILLE","WEST",36.13713,-86.88368,"MOTOR VEHICLE IN TRANSPORT","37209","2025","January","Winter","03","Wednesday","Weekday","No Injuries","No Fatalities"
1.000029785156e-313,2025-01-01 03:18:00,1,0,0,NA,"N","NOT COLLISION W/MOTOR VEHICLE-TRANSPORT","RAIN","DARK - NOT LIGHTED","HUNTINGTON PKWY & ASHLEY DR","NASHVILLE","MIDTOW",36.04816,-86.73196,"CURB","37211","2025","January","Winter","03","Wednesday","Weekday","No Injuries","No Fatalities"
1.00002979212232e-313,2025-01-01 04:37:00,2,0,0,NA,"Y","Front to Rear","RAIN","DARK - NOT LIGHTED","0 TN-45","MADISON","MADISO",36.26307,-86.71191,"","37115","2025","January","Winter","04","Wednesday","Weekday","No Injuries","No Fatalities"
1.00002979404918e-313,2025-01-01 05:00:00,2,0,0,NA,"N","ANGLE","RAIN","DARK - LIGHTED","1000 OLD HICKORY BLVD","OLD HICKORY","HERMIT",36.18373,-86.6106,"","37138","2025","January","Winter","05","Wednesday","Weekday","No Injuries","No Fatalities"
1.00002979656892e-313,2025-01-01 05:13:00,2,1,0,NA,"N","Rear to Side","RAIN","DARK - LIGHTED","2000 DABBS AVE","NASHVILLE","HERMIT",36.14184,-86.70111,"MOTOR VEHICLE IN TRANSPORT;PARKED MOTOR VEHICLE","37217","2025","January","Winter","05","Wednesday","Weekday","Injuries","No Fatalities"
1.00048294162289e-313,2025-01-01 07:07:00,2,0,0,NA,"Y","Front to Rear","RAIN","DARK - LIGHTED","OLD HICKORY BLVD & BOYDS HILLTOP DR","MADISON","MADISO",36.26424,-86.73556,"","37115","2025","January","Winter","07","Wednesday","Weekday","No Injuries","No Fatalities"
1.00002856555495e-313,2024-12-17 04:40:00,1,0,0,NA,"Y","NOT COLLISION W/MOTOR VEHICLE-TRANSPORT","RAIN","DARK - NOT LIGHTED","CENTRAL PIKE & N NEW HOPE RD","HERMITAGE","HERMIT",36.17374,-86.58176,"FENCE;MAIL BOX;SHRUBBERY","37076","2024","December","Winter","04","Tuesday","Weekday","No Injuries","No Fatalities"
1.00002827810756e-313,2024-12-15 00:16:00,1,1,0,NA,"N","NOT COLLISION W/MOTOR VEHICLE-TRANSPORT","RAIN","DARK - NOT LIGHTED","BRILEY PKWY & BRICK CHURCH PIKE","NASHVILLE","MADISO",36.2384,-86.78091,"CONCRETE TRAFFIC BARRIER","37207","2024","December","Winter","00","Sunday","Weekend","Injuries","No Fatalities"
1.00002827815697e-313,2024-12-15 00:10:00,2,1,0,NA,"N","Front to Rear","RAIN","DARK - NOT LIGHTED","BRILEY PKWY & FAIRBROOK DR","NASHVILLE","HERMIT",36.20659,-86.69008,"MOTOR VEHICLE IN TRANSPORT","37214","2024","December","Winter","00","Sunday","Weekend","Injuries","No Fatalities"
1.000028278404e-313,2024-12-15 00:20:00,2,1,0,NA,"N","SIDESWIPE - SAME DIRECTION","RAIN","DARK - LIGHTED","GALLATIN RD & LIBERTY LN","MADISON","MADISO",36.30835,-86.68665,"MOTOR VEHICLE IN TRANSPORT","37115","2024","December","Winter","00","Sunday","Weekend","Injuries","No Fatalities"
1.00002827894747e-313,2024-12-15 00:35:00,2,2,0,NA,"N","SIDESWIPE - OPPOSITE DIRECTION","RAIN","DARK - NOT LIGHTED","NOLENSVILLE PIKE & CELEBRATION WAY","ANTIOCH","SOUTH",36.03353,-86.71298,"MOTOR VEHICLE IN TRANSPORT","37013","2024","December","Winter","00","Sunday","Weekend","Injuries","No Fatalities"
1.00002827998501e-313,2024-12-15 00:56:00,2,1,0,NA,"N","HEAD-ON","RAIN","DARK - LIGHTED","HARDING PL & ANTIOCH PIKE","NASHVILLE","SOUTH",36.08779,-86.69135,"MOTOR VEHICLE IN TRANSPORT","37211","2024","December","Winter","00","Sunday","Weekend","Injuries","No Fatalities"
1.00002828013323e-313,2024-12-15 00:31:00,2,0,0,NA,"N","ANGLE","RAIN","DARK - NOT LIGHTED","MM 87 0 I-24","NASHVILLE","NORTH",36.20361,-86.77688,"","37207","2024","December","Winter","00","Sunday","Weekend","No Injuries","No Fatalities"
1.00002828052848e-313,2024-12-14 06:00:00,1,1,0,NA,"N","NOT COLLISION W/MOTOR VEHICLE-TRANSPORT","RAIN","DARK - LIGHTED","DEMONBREUN ST & 5TH AVE S","NASHVILLE","CENTRA",36.15847,-86.77713,"PEDESTRIAN","37203","2024","December","Winter","06","Saturday","Weekend","Injuries","No Fatalities"
1.00002828082492e-313,2024-12-15 01:01:00,2,0,0,NA,"Y","Front to Rear","RAIN","DARK - LIGHTED","MM 52 2 I-24","NASHVILLE","SOUTH",36.13223,-86.72705,"MOTOR VEHICLE IN TRANSPORT","37210","2024","December","Winter","01","Sunday","Weekend","No Injuries","No Fatalities"
1.00002828186246e-313,2024-12-15 01:20:00,2,0,0,NA,"N","ANGLE","RAIN","DARK - LIGHTED","FOREST TRACE DR & ANDERSON RD","ANTIOCH","SOUTH",36.07438,-86.62965,"MOTOR VEHICLE IN TRANSPORT-OTHER ROADWAY","37013","2024","December","Winter","01","Sunday","Weekend","No Injuries","No Fatalities"
1.00002828260356e-313,2024-12-15 01:30:00,2,1,0,NA,"N","Front to Rear","RAIN","DARK - LIGHTED","US-70S & SAWYER BROWN RD","NASHVILLE","WEST",36.07695,-86.94578,"MOTOR VEHICLE IN TRANSPORT","37221","2024","December","Winter","01","Sunday","Weekend","Injuries","No Fatalities"
1.00002828265296e-313,2024-12-15 01:30:00,1,1,0,NA,"N","NOT COLLISION W/MOTOR VEHICLE-TRANSPORT","RAIN","DARK - LIGHTED","GALLATIN RD & ANDERSON LN","MADISON","MADISO",36.27343,-86.71006,"PEDESTRIAN","37115","2024","December","Winter","01","Sunday","Weekend","Injuries","No Fatalities"
1.00002828314703e-313,2024-12-15 01:30:00,2,1,0,NA,"N","Front to Rear","RAIN","DARK - LIGHTED","BLUE HOLE RD & TIMBERLAKE WAY","ANTIOCH","SOUTH",36.05062,-86.67321,"MOTOR VEHICLE IN TRANSPORT","37013","2024","December","Winter","01","Sunday","Weekend","Injuries","No Fatalities"
1.00002828433279e-313,2024-12-15 02:20:00,2,0,0,NA,"N","Front to Rear","RAIN","DARK - LIGHTED","EASTLAND AVE & SCOTT AVE","NASHVILLE","EAST",36.18254,-86.73465,"MOTOR VEHICLE IN TRANSPORT","37206","2024","December","Winter","02","Sunday","Weekend","No Injuries","No Fatalities"
1.00002828512329e-313,2024-12-15 02:27:00,1,1,0,NA,"N","NOT COLLISION W/MOTOR VEHICLE-TRANSPORT","RAIN","DARK - LIGHTED","OLD HICKORY BLVD & RIDGELAKE PKWY","NASHVILLE","WEST",36.09743,-86.92488,"DEER (ANIMAL)","37221","2024","December","Winter","02","Sunday","Weekend","Injuries","No Fatalities"
1.00002828621024e-313,2024-12-15 02:20:00,2,0,0,NA,"N","Front to Rear","RAIN","DARK - NOT LIGHTED","CLOVERLAND DR & CLOVERLAND PL","BRENTWOOD","MIDTOW",36.03191,-86.76224,"","37027","2024","December","Winter","02","Sunday","Weekend","No Injuries","No Fatalities"
1.00002828650668e-313,2024-12-15 01:17:00,2,0,0,NA,"Y","Front to Rear","RAIN","DARK - LIGHTED","NOLENSVILLE RD & NOLENSVILLE PIKE","NASHVILLE","SOUTH",36.08518,-86.72848,"","37211","2024","December","Winter","01","Sunday","Weekend","No Injuries","No Fatalities"