"Accident.Number","Date.and.Time","Number.of.Motor.Vehicles","Number.of.Injuries","Number.of.Fatalities","Property.Damage","Hit.and.Run","Collision.Type.Description","Weather.Description","Illumination.Description","Street.Address","City","Precinct","Latitude","Longitude","HarmfulDescriptions","Zip.Code","Year","Month","Season","Hour","Weekday","DayType","Accident","Fatality_category"
1.00002828838413e-313,2024-12-15 03:25:00,2,0,0,NA,"N","NOT COLLISION W/MOTOR VEHICLE-TRANSPORT","RAIN","DARK - NOT LIGHTED","MM 42 6 I-24","WHITES CREEK","NORTH",36.2484,-86.78399,"MOTOR VEHICLE IN TRANSPORT;EMBANKMENT EARTH","37189","2024","December","Winter","03","Sunday","Weekend","No Injuries","No Fatalities"
1.0000282904592e-313,2024-12-15 03:41:00,1,0,0,NA,"N","NOT COLLISION W/MOTOR VEHICLE-TRANSPORT","RAIN","DARK - LIGHTED","CHEYENNE BLVD & RIVER RETREAT APARTMENTS","MADISON","MADISO",36.25527,-86.67409,"UTILITY POLE","37115","2024","December","Winter","03","Sunday","Weekend","No Injuries","No Fatalities"
1.00002829223784e-313,2024-12-15 03:00:00,1,0,0,NA,"N","NOT COLLISION W/MOTOR VEHICLE-TRANSPORT","RAIN","DARK - NOT LIGHTED","NICHOL RD & ROBERTSON AVE","NASHVILLE","WEST",36.1551,-86.86217,"","37209","2024","December","Winter","03","Sunday","Weekend","No Injuries","No Fatalities"
1.00002829292953e-313,2024-12-14 06:00:00,2,0,0,NA,"N","NOT COLLISION W/MOTOR VEHICLE-TRANSPORT","RAIN","DARK - LIGHTED","MURFREESBORO PIKE & MURFREESBORO RD","NASHVILLE","HERMIT",36.1233,-86.70659,"MOTOR VEHICLE IN TRANSPORT;DITCH","37217","2024","December","Winter","06","Saturday","Weekend","No Injuries","No Fatalities"
1.00002829579511e-313,2024-12-15 04:40:00,1,0,0,NA,"N","NOT COLLISION W/MOTOR VEHICLE-TRANSPORT","RAIN","DARK - NOT LIGHTED","NEWSOM STATION RD & MERRYMOUNT DR","NASHVILLE","WEST",36.08379,-86.99365,"OTHER FIXED OBJECTS","37221","2024","December","Winter","04","Sunday","Weekend","No Injuries","No Fatalities"
1.00002829673383e-313,2024-12-15 04:45:00,2,0,0,NA,"N","Front to Rear","RAIN","DARK - LIGHTED","S 6TH ST & WOODLAND ST","NASHVILLE","EAST",36.17259,-86.76281,"MOTOR VEHICLE IN TRANSPORT","37206","2024","December","Winter","04","Sunday","Weekend","No Injuries","No Fatalities"
1.00002829737612e-313,2024-12-15 04:57:00,2,2,0,NA,"Y","ANGLE","RAIN","DARK - LIGHTED","HOBSON PIKE & OLD HICKORY BLVD","ANTIOCH","SOUTH",36.03647,-86.61107,"MOTOR VEHICLE IN TRANSPORT","37013","2024","December","Winter","04","Sunday","Weekend","Injuries","No Fatalities"
1.00002829836425e-313,2024-12-15 05:01:00,2,0,0,NA,"N","HEAD-ON","RAIN","DARK - NOT LIGHTED","GRANNY WHITE PIKE & WOODMONT BLVD","NASHVILLE","MIDTOW",36.11162,-86.79258,"MOTOR VEHICLE IN TRANSPORT","37204","2024","December","Winter","05","Sunday","Weekend","No Injuries","No Fatalities"
1.00002829880891e-313,2024-12-15 05:00:00,2,0,0,NA,"N","Front to Rear","RAIN","DARK - LIGHTED","ROSA L PARKS BLVD & COMMERCE ST","NASHVILLE","CENTRA",36.16007,-86.78286,"","37203","2024","December","Winter","05","Sunday","Weekend","No Injuries","No Fatalities"
1.00002829940179e-313,2024-12-15 05:15:00,1,1,0,NA,"N","NOT COLLISION W/MOTOR VEHICLE-TRANSPORT","RAIN","DARK - LIGHTED","MM 197 8 I-40","NASHVILLE","WEST",36.09593,-86.93688,"","37221","2024","December","Winter","05","Sunday","Weekend","Injuries","No Fatalities"
1.0000283002417e-313,2024-12-15 04:52:00,2,0,0,NA,"Y","SIDESWIPE - SAME DIRECTION","RAIN","DARK - LIGHTED","OLD HICKORY BLVD & DODSON CHAPEL RD","HERMITAGE","HERMIT",36.18392,-86.61109,"MOTOR VEHICLE IN TRANSPORT","37076","2024","December","Winter","04","Sunday","Weekend","No Injuries","No Fatalities"
1.00002830127924e-313,2024-12-15 05:40:00,2,1,0,NA,"N","ANGLE","RAIN","DARK - LIGHTED","W TRINITY LN & OLD TRINITY LN","NASHVILLE","EAST",36.20626,-86.7744,"MOTOR VEHICLE IN TRANSPORT","37207","2024","December","Winter","05","Sunday","Weekend","Injuries","No Fatalities"
1.00002830162508e-313,2024-12-15 05:30:00,2,1,0,NA,"N","ANGLE","RAIN","DARK - LIGHTED","GALLATIN PIKE S & GALLATIN PIKE","MADISON","MADISO",36.23745,-86.72429,"MOTOR VEHICLE IN TRANSPORT","37115","2024","December","Winter","05","Sunday","Weekend","Injuries","No Fatalities"
1.00002830167449e-313,2024-12-15 05:00:00,2,0,0,NA,"N","ANGLE","RAIN","DARK - LIGHTED","BROADWAY & 14TH AVE S","NASHVILLE","MIDTOW",36.15563,-86.78974,"","37203","2024","December","Winter","05","Sunday","Weekend","No Injuries","No Fatalities"
1.000028302465e-313,2024-12-15 05:49:00,1,0,0,NA,"N","NOT COLLISION W/MOTOR VEHICLE-TRANSPORT","RAIN","DARK - LIGHTED","MM 56 8 I-24","NASHVILLE","SOUTH",36.07181,-86.69106,"OTHER FIXED OBJECTS","37211","2024","December","Winter","05","Sunday","Weekend","No Injuries","No Fatalities"
1.00002830345313e-313,2024-12-15 05:52:00,1,0,0,NA,"Y","UNKNOWN","RAIN","DARK - LIGHTED","OLD TUSCULUM RD & COLERIDGE DR","NASHVILLE","SOUTH",36.05464,-86.6952,"UNKNOWN MOST HARMFUL EVENT","37211","2024","December","Winter","05","Sunday","Weekend","No Injuries","No Fatalities"
1.00002830394719e-313,2024-12-15 05:37:00,2,0,0,NA,"N","Front to Rear","RAIN","DARK - LIGHTED","12TH AVE S & 11TH AVE S","NASHVILLE","CENTRA",36.15225,-86.78458,"MOTOR VEHICLE IN TRANSPORT","37203","2024","December","Winter","05","Sunday","Weekend","No Injuries","No Fatalities"
1.0000283047871e-313,2024-12-15 05:58:00,1,0,0,NA,"Y","NOT COLLISION W/MOTOR VEHICLE-TRANSPORT","RAIN","DARK - LIGHTED","0 UNA ANTIOCH PIKE","ANTIOCH","SOUTH",36.08246,-86.65209,"DITCH","37013","2024","December","Winter","05","Sunday","Weekend","No Injuries","No Fatalities"
1.0000283054788e-313,2024-12-15 06:33:00,2,1,0,NA,"N","ANGLE","RAIN","DARK - LIGHTED","ALLEN RD & OLD ELM HILL PIKE","NASHVILLE","HERMIT",36.15071,-86.66654,"MOTOR VEHICLE IN TRANSPORT","37214","2024","December","Winter","06","Sunday","Weekend","Injuries","No Fatalities"
1.00002830592346e-313,2024-12-15 06:30:00,3,3,0,NA,"N","Front to Rear","RAIN","DARK - LIGHTED","MM 87 0 I-24","NASHVILLE","NORTH",36.20371,-86.77647,"MOTOR VEHICLE IN TRANSPORT","37207","2024","December","Winter","06","Sunday","Weekend","Injuries","No Fatalities"
1.00002830641752e-313,2024-12-15 06:58:00,2,1,0,NA,"N","ANGLE","RAIN","DARK - NOT LIGHTED","OLD HICKORY BLVD & E PARK DR","NASHVILLE","MIDTOW",36.03742,-86.79165,"MOTOR VEHICLE IN TRANSPORT","37027","2024","December","Winter","06","Sunday","Weekend","Injuries","No Fatalities"
1.00002830750447e-313,2024-12-15 07:05:00,2,0,0,NA,"Y","ANGLE","RAIN","DARK - LIGHTED","NOLENSVILLE PIKE & NOLENSVILLE RD","NASHVILLE","SOUTH",36.06866,-86.71963,"MOTOR VEHICLE IN TRANSPORT","37211","2024","December","Winter","07","Sunday","Weekend","No Injuries","No Fatalities"
1.00002830839378e-313,2024-12-15 07:42:00,3,1,0,NA,"Y","SIDESWIPE - SAME DIRECTION","RAIN","DARK - LIGHTED","12TH AVE N & BROADWAY","NASHVILLE","CENTRA",36.15661,-86.78748,"MOTOR VEHICLE IN TRANSPORT","37203","2024","December","Winter","07","Sunday","Weekend","Injuries","No Fatalities"
1.0000283084926e-313,2024-12-15 07:45:00,9,4,0,NA,"N","OTHER","RAIN","DARK - LIGHTED","MM 78 0 I-65","NASHVILLE","MIDTOW",36.08482,-86.76357,"MOTOR VEHICLE IN TRANSPORT;CONCRETE TRAFFIC BARRIER","37204","2024","December","Winter","07","Sunday","Weekend","Injuries","No Fatalities"
1.00002830878904e-313,2024-12-15 07:47:00,1,0,0,NA,"N","NOT COLLISION W/MOTOR VEHICLE-TRANSPORT","RAIN","DARK - LIGHTED","EULALA DR & EULALA TRL","NASHVILLE","SOUTH",36.05352,-86.70337,"MAIL BOX","37211","2024","December","Winter","07","Sunday","Weekend","No Injuries","No Fatalities"
1.00002830943132e-313,2024-12-15 06:00:00,1,0,0,NA,"Y","NOT COLLISION W/MOTOR VEHICLE-TRANSPORT","RAIN","DARK - LIGHTED","HAMILTON CHURCH RD & MT VIEW RD","ANTIOCH","SOUTH",36.06275,-86.60818,"EMBANKMENT ROCK/STONE/CONCRETE","37013","2024","December","Winter","06","Sunday","Weekend","No Injuries","No Fatalities"
1.0000283100242e-313,2024-12-15 08:25:00,1,1,0,NA,"N","NOT COLLISION W/MOTOR VEHICLE-TRANSPORT","RAIN","DARK - LIGHTED","OLD CLARKSVILLE PIKE & BERNARD RD","JOELTON","NORTH",36.29637,-86.88817,"","37080","2024","December","Winter","08","Sunday","Weekend","Injuries","No Fatalities"
1.00002831066649e-313,2024-12-15 06:00:00,2,0,0,NA,"Y","UNKNOWN","RAIN","DARK - NOT LIGHTED","0 23RD AVE N","NASHVILLE","NORTH",36.18947,-86.81397,"MOTOR VEHICLE IN TRANSPORT","37228","2024","December","Winter","06","Sunday","Weekend","No Injuries","No Fatalities"
1.0000283107653e-313,2024-12-15 06:00:00,1,0,0,NA,"Y","UNKNOWN","RAIN","DARK - LIGHTED","RAMP 56 & 56","NASHVILLE","SOUTH",36.08604,-86.70139,"UNKNOWN MOST HARMFUL EVENT","37211","2024","December","Winter","06","Sunday","Weekend","No Injuries","No Fatalities"
1.00002831175343e-313,2024-12-15 07:48:00,2,0,0,NA,"N","Front to Rear","RAIN","DARK - NOT LIGHTED","MM 217 8 I-40","NASHVILLE","HERMIT",36.14468,-86.64676,"MOTOR VEHICLE IN TRANSPORT","37214","2024","December","Winter","07","Sunday","Weekend","No Injuries","No Fatalities"
1.000028313038e-313,2024-12-15 10:00:00,2,0,0,NA,"Y","ANGLE","RAIN","DARK - LIGHTED","UNION ST & ARCADE ALY","NASHVILLE","CENTRA",36.16455,-86.78104,"","37219","2024","December","Winter","10","Sunday","Weekend","No Injuries","No Fatalities"
1.00002831461901e-313,2024-12-15 06:00:00,1,0,0,NA,"Y","NOT COLLISION W/MOTOR VEHICLE-TRANSPORT","RAIN","UNKNOWN","BROWNWOOD DR & OLD MCGAVOCK PIKE","NASHVILLE","HERMIT",36.21116,-86.68686,"CULVERT","37214","2024","December","Winter","06","Sunday","Weekend","No Injuries","No Fatalities"
1.00002831585418e-313,2024-12-15 11:52:00,2,0,0,NA,"Y","Front to Rear","RAIN","DAWN","NOLENSVILLE PIKE & NOLENSVILLE RD","ANTIOCH","SOUTH",36.0932,-86.73615,"MOTOR VEHICLE IN TRANSPORT","37013","2024","December","Winter","11","Sunday","Weekend","No Injuries","No Fatalities"
1.0000283167929e-313,2024-12-15 10:25:00,2,0,0,NA,"Y","SIDESWIPE - SAME DIRECTION","RAIN","DARK - LIGHTED","MURFREESBORO PIKE & BRILEY PKWY","NASHVILLE","SOUTH",36.11683,-86.69818,"MOTOR VEHICLE IN TRANSPORT","37217","2024","December","Winter","10","Sunday","Weekend","No Injuries","No Fatalities"
1.00002832158534e-313,2024-12-15 06:00:00,1,0,0,NA,"N","NOT COLLISION W/MOTOR VEHICLE-TRANSPORT","RAIN","Dark-Unknown Lighting","MM 78 4 I-65","NASHVILLE","MIDTOW",36.09166,-86.76271,"CONCRETE TRAFFIC BARRIER","37204","2024","December","Winter","06","Sunday","Weekend","No Injuries","No Fatalities"
1.00002832578489e-313,2024-12-15 06:00:00,1,0,0,NA,"Y","NOT COLLISION W/MOTOR VEHICLE-TRANSPORT","RAIN","UNKNOWN","OLD HICKORY BLVD & PETTUS RD","ANTIOCH","SOUTH",36.02684,-86.68082,"SHRUBBERY","37013","2024","December","Winter","06","Sunday","Weekend","No Injuries","No Fatalities"
1.00002836486549e-313,2024-12-16 01:47:00,2,0,0,NA,"N","ANGLE","RAIN","DARK - LIGHTED","NOLENSVILLE PIKE & CONCORD RD","ANTIOCH","SOUTH",35.99686,-86.68981,"","37013","2024","December","Winter","01","Monday","Weekday","No Injuries","No Fatalities"
1.00002837608078e-313,2024-12-16 05:50:00,1,0,0,NA,"N","NOT COLLISION W/MOTOR VEHICLE-TRANSPORT","RAIN","DARK - LIGHTED","MM 57 0 I-24","NASHVILLE","SOUTH",36.07083,-86.69029,"DITCH","37211","2024","December","Winter","05","Monday","Weekday","No Injuries","No Fatalities"
1.00002838215778e-313,2024-12-16 07:54:00,3,0,0,NA,"N","Front to Rear","RAIN","DARK - LIGHTED","14TH AVE S & BROADWAY","NASHVILLE","MIDTOW",36.15564,-86.78972,"MOTOR VEHICLE IN TRANSPORT","37203","2024","December","Winter","07","Monday","Weekday","No Injuries","No Fatalities"
1.00002838363998e-313,2024-12-16 06:00:00,1,0,0,NA,"Y","UNKNOWN","RAIN","DARK - LIGHTED","MM 54 8 I-24","NASHVILLE","SOUTH",36.09704,-86.70873,"UNKNOWN MOST HARMFUL EVENT","37211","2024","December","Winter","06","Monday","Weekday","No Injuries","No Fatalities"
1.00002838413405e-313,2024-12-16 08:50:00,1,0,0,NA,"Y","NOT COLLISION W/MOTOR VEHICLE-TRANSPORT","RAIN","DARK - LIGHTED","0 SWISS AVE","NASHVILLE","MIDTOW",36.04509,-86.71362,"DITCH","37211","2024","December","Winter","08","Monday","Weekday","No Injuries","No Fatalities"
1.00002838596209e-313,2024-12-16 01:00:00,2,0,0,NA,"Y","ANGLE","RAIN","DARK - NOT LIGHTED","OCALA DR & NOLENSVILLE PIKE","NASHVILLE","SOUTH",36.05154,-86.71425,"MOTOR VEHICLE IN TRANSPORT","37211","2024","December","Winter","01","Monday","Weekday","No Injuries","No Fatalities"
1.00002839396595e-313,2024-12-16 12:27:00,2,1,0,NA,"N","Front to Rear","RAIN","DARK - NOT LIGHTED","PATRICIA DR & ELANOR DR","NASHVILLE","HERMIT",36.13829,-86.70548,"MOTOR VEHICLE IN TRANSPORT","37217","2024","December","Winter","12","Monday","Weekday","Injuries","No Fatalities"
1.00002843556628e-313,2024-12-16 06:00:00,1,1,0,NA,"N","NOT COLLISION W/MOTOR VEHICLE-TRANSPORT","RAIN","DAYLIGHT","GALLATIN PIKE S & MADISON BLVD","MADISON","MADISO",36.25556,-86.71574,"PEDESTRIAN","37115","2024","December","Winter","06","Monday","Weekday","Injuries","No Fatalities"
1.00002844920249e-313,2024-12-16 06:00:00,2,0,0,NA,"Y","ANGLE","RAIN","DARK - NOT LIGHTED","CLARKSVILLE PIKE & OLD HYDES FERRY PIKE","NASHVILLE","NORTH",36.19503,-86.83344,"","37218","2024","December","Winter","06","Monday","Weekday","No Injuries","No Fatalities"
1.0000284545384e-313,2024-12-17 00:15:00,2,1,0,NA,"N","Front to Rear","RAIN","DARK - LIGHTED","MM 79 6 I-65","NASHVILLE","MIDTOW",36.10678,-86.76809,"MOTOR VEHICLE IN TRANSPORT","37204","2024","December","Winter","00","Tuesday","Weekday","Injuries","No Fatalities"
1.00002845582297e-313,2024-12-17 00:31:00,1,1,0,NA,"Y","NOT COLLISION W/MOTOR VEHICLE-TRANSPORT","RAIN","DARK - LIGHTED","BELL RD & MURFREESBORO RD","ANTIOCH","SOUTH",36.07105,-86.63648,"PEDESTRIAN","37013","2024","December","Winter","00","Tuesday","Weekday","Injuries","No Fatalities"
1.00002845607001e-313,2024-12-17 00:37:00,2,0,0,NA,"N","ANGLE","RAIN","DARK - LIGHTED","ED TEMPLE BLVD & ROSA L PARKS BLVD","NASHVILLE","NORTH",36.188,-86.82157,"MOTOR VEHICLE IN TRANSPORT","37228","2024","December","Winter","00","Tuesday","Weekday","No Injuries","No Fatalities"
1.00002845715695e-313,2024-12-17 01:07:00,2,1,0,NA,"N","Front to Rear","RAIN","DARK - LIGHTED","RAMP 8 & BRILEY PKWY","NASHVILLE","HERMIT",36.17087,-86.68896,"MOTOR VEHICLE IN TRANSPORT","37214","2024","December","Winter","01","Tuesday","Weekday","Injuries","No Fatalities"
1.00002845784864e-313,2024-12-17 01:07:00,2,1,0,NA,"N","ANGLE","RAIN","DARK - LIGHTED","BRILEY PKWY & REVERE PL","NASHVILLE","HERMIT",36.17474,-86.69082,"MOTOR VEHICLE IN TRANSPORT;WALL","37214","2024","December","Winter","01","Tuesday","Weekday","Injuries","No Fatalities"
1.00002846046719e-313,2024-12-17 01:53:00,2,0,0,NA,"N","ANGLE","RAIN","DARK - NOT LIGHTED","MM 200 6 I-40","NASHVILLE","WEST",36.12631,-86.90372,"MOTOR VEHICLE IN TRANSPORT","37209","2024","December","Winter","01","Tuesday","Weekday","No Injuries","No Fatalities"
1.00002846150473e-313,2024-12-17 02:10:00,2,1,0,NA,"N","ANGLE","RAIN","DARK - LIGHTED","MAGNOLIA BLVD & WEDGEWOOD AVE","NASHVILLE","MIDTOW",36.13687,-86.79576,"MOTOR VEHICLE IN TRANSPORT","37212","2024","December","Winter","02","Tuesday","Weekday","Injuries","No Fatalities"
1.00002846387624e-313,2024-12-17 02:44:00,2,1,0,NA,"N","Front to Rear","RAIN","DARK - NOT LIGHTED","HICKORY HOLLOW PKWY & MT VIEW RD","ANTIOCH","SOUTH",36.05884,-86.67045,"MOTOR VEHICLE IN TRANSPORT","37013","2024","December","Winter","02","Tuesday","Weekday","Injuries","No Fatalities"
1.00002846550666e-313,2024-12-17 03:19:00,2,1,0,NA,"N","ANGLE","RAIN","DARK - LIGHTED","APACHE TRL & HAYWOOD LN","NASHVILLE","SOUTH",36.06958,-86.69391,"MOTOR VEHICLE IN TRANSPORT","37211","2024","December","Winter","03","Tuesday","Weekday","Injuries","No Fatalities"
1.00002846555607e-313,2024-12-17 03:23:00,1,0,0,NA,"N","NOT COLLISION W/MOTOR VEHICLE-TRANSPORT","RAIN","DARK - LIGHTED","BRILEY PKWY & REVERE PL","NASHVILLE","HERMIT",36.17546,-86.69205,"CONCRETE TRAFFIC BARRIER","37214","2024","December","Winter","03","Tuesday","Weekday","No Injuries","No Fatalities"
1.00002846605013e-313,2024-12-17 02:10:00,2,0,0,NA,"N","SIDESWIPE - SAME DIRECTION","RAIN","DARK - LIGHTED","HARDING PL & JR PRO FOOTBALL DR","NASHVILLE","SOUTH",36.09291,-86.67976,"","37211","2024","December","Winter","02","Tuesday","Weekday","No Injuries","No Fatalities"
1.00002846782877e-313,2024-12-17 01:10:00,2,0,0,NA,"Y","ANGLE","RAIN","DARK - LIGHTED","HAYWOOD LN & APACHE TRL","NASHVILLE","SOUTH",36.06937,-86.69311,"","37211","2024","December","Winter","01","Tuesday","Weekday","No Injuries","No Fatalities"
1.00002846980503e-313,2024-12-17 02:04:00,2,0,0,NA,"N","SIDESWIPE - SAME DIRECTION","RAIN","DARK - NOT LIGHTED","MM 212 6 I-24","NASHVILLE","HERMIT",36.14317,-86.73718,"","37210","2024","December","Winter","02","Tuesday","Weekday","No Injuries","No Fatalities"
1.00002847578322e-313,2024-12-17 05:25:00,2,0,0,NA,"N","Front to Rear","RAIN","DARK - LIGHTED","N 11TH ST & GALLATIN AVE","NASHVILLE","EAST",36.17996,-86.74993,"","37206","2024","December","Winter","05","Tuesday","Weekday","No Injuries","No Fatalities"
1.00002847899465e-313,2024-12-17 04:47:00,2,0,0,NA,"N","ANGLE","RAIN","DARK - LIGHTED","CANE RIDGE RD & TARGET DR","ANTIOCH","SOUTH",36.04467,-86.66151,"","37013","2024","December","Winter","04","Tuesday","Weekday","No Injuries","No Fatalities"
1.00002849643517e-313,2024-12-17 06:30:00,1,0,0,NA,"N","NOT COLLISION W/MOTOR VEHICLE-TRANSPORT","RAIN","DARK - NOT LIGHTED","OLD CHARLOTTE PIKE & SULLIVAN HOLLOW RD","NASHVILLE","WEST",36.11939,-86.94327,"DITCH;Ran Off Road-Right","37221","2024","December","Winter","06","Tuesday","Weekday","No Injuries","No Fatalities"
1.00002763389536e-313,2024-12-09 00:10:00,2,3,0,NA,"N","Front to Rear","RAIN","DARK - LIGHTED","UNKNOWN RAMP  &  ROAD","ANTIOCH","SOUTH",36.26439,-86.73637,"MOTOR VEHICLE IN TRANSPORT","37013","2024","December","Winter","00","Monday","Weekday","Injuries","No Fatalities"
1.00002763448824e-313,2024-12-09 00:20:00,2,0,0,NA,"Y","ANGLE","RAIN","DARK - LIGHTED","MURFREESBORO PIKE & MORRIS GENTRY BLVD","ANTIOCH","SOUTH",36.06775,-86.6316,"MOTOR VEHICLE IN TRANSPORT","37013","2024","December","Winter","00","Monday","Weekday","No Injuries","No Fatalities"
1.00002763572341e-313,2024-12-09 00:46:00,2,0,0,NA,"N","Rear to Side","RAIN","DARK - LIGHTED","7000 US-70S","NASHVILLE","WEST",36.07951,-86.94911,"MOTOR VEHICLE IN TRANSPORT","37221","2024","December","Winter","00","Monday","Weekday","No Injuries","No Fatalities"
1.00002763597044e-313,2024-12-09 00:25:00,2,0,0,NA,"Y","Front to Rear","RAIN","DARK - LIGHTED","HARDING PL & TAMPA DR","NASHVILLE","SOUTH",36.08266,-86.71051,"","37211","2024","December","Winter","00","Monday","Weekday","No Injuries","No Fatalities"
1.00002763606925e-313,2024-12-09 00:45:00,1,1,0,NA,"N","NOT COLLISION W/MOTOR VEHICLE-TRANSPORT","RAIN","DARK - LIGHTED","BUCHANAN ST & DR DB TODD JR BLVD","NASHVILLE","NORTH",36.18008,-86.81104,"PEDESTRIAN","37208","2024","December","Winter","00","Monday","Weekday","Injuries","No Fatalities"
1.00002763690916e-313,2024-12-09 01:02:00,1,0,0,NA,"N","NOT COLLISION W/MOTOR VEHICLE-TRANSPORT","RAIN","DARK - NOT LIGHTED","MM 57 4 I-24","ANTIOCH","SOUTH",36.06605,-86.68588,"CONCRETE TRAFFIC BARRIER","37013","2024","December","Winter","01","Monday","Weekday","No Injuries","No Fatalities"
1.00002763730442e-313,2024-12-09 01:00:00,1,1,0,NA,"N","NOT COLLISION W/MOTOR VEHICLE-TRANSPORT","RAIN","DARK - LIGHTED","RAMP 11 & 11","NASHVILLE","HERMIT",36.19911,-86.68868,"CONCRETE TRAFFIC BARRIER","37214","2024","December","Winter","01","Monday","Weekday","Injuries","No Fatalities"
1.00002763839136e-313,2024-12-09 00:20:00,2,0,0,NA,"Y","ANGLE","RAIN","DARK - LIGHTED","OLD HICKORY BLVD & BONNY BRIDGE RD","BRENTWOOD","MIDTOW",36.04001,-86.74378,"MOTOR VEHICLE IN TRANSPORT;MOTOR VEHICLE IN TRANSPORT-OTHER ROADWAY","37027","2024","December","Winter","00","Monday","Weekday","No Injuries","No Fatalities"
1.00002763844077e-313,2024-12-09 01:07:00,2,0,0,NA,"N","SIDESWIPE - SAME DIRECTION","RAIN","DARK - LIGHTED","DICKERSON PIKE & E TRINITY LN","NASHVILLE","EAST",36.20614,-86.76852,"MOTOR VEHICLE IN TRANSPORT","37207","2024","December","Winter","01","Monday","Weekday","No Injuries","No Fatalities"
1.00002763962653e-313,2024-12-09 01:35:00,3,0,0,NA,"Y","Front to Rear","RAIN","DARK - LIGHTED","BRILEY PKWY & OPRY MILLS DR","NASHVILLE","HERMIT",36.20307,-86.68947,"MOTOR VEHICLE IN TRANSPORT","37214","2024","December","Winter","01","Monday","Weekday","No Injuries","No Fatalities"
1.00002764041703e-313,2024-12-09 01:40:00,2,0,0,NA,"Y","ANGLE","RAIN","DARK - LIGHTED","LINDSLEY AVE & PRESIDENT RONALD REAGAN W","NASHVILLE","CENTRA",36.1524,-86.76897,"MOTOR VEHICLE IN TRANSPORT","37210","2024","December","Winter","01","Monday","Weekday","No Injuries","No Fatalities"
1.00002764184982e-313,2024-12-09 01:00:00,2,1,0,NA,"Y","Front to Rear","RAIN","DARK - LIGHTED","OLD HICKORY BLVD & HOBSON PIKE","ANTIOCH","SOUTH",36.0359,-86.61116,"MOTOR VEHICLE IN TRANSPORT","37013","2024","December","Winter","01","Monday","Weekday","Injuries","No Fatalities"
1.00002764194863e-313,2024-12-09 02:10:00,2,0,0,NA,"Y","Front to Rear","RAIN","DARK - LIGHTED","MORROW RD & ALABAMA AVE","NASHVILLE","WEST",36.15321,-86.852,"MOTOR VEHICLE IN TRANSPORT","37209","2024","December","Winter","02","Monday","Weekday","No Injuries","No Fatalities"
1.00002764214626e-313,2024-12-09 02:15:00,1,1,0,NA,"N","NOT COLLISION W/MOTOR VEHICLE-TRANSPORT","RAIN","DARK - LIGHTED","MT VIEW RD & PAINTER DR","ANTIOCH","SOUTH",36.06488,-86.60401,"MAIL BOX","37013","2024","December","Winter","02","Monday","Weekday","Injuries","No Fatalities"
1.00002764338142e-313,2024-12-08 06:00:00,1,0,0,NA,"N","NOT COLLISION W/MOTOR VEHICLE-TRANSPORT","RAIN","DARK - NOT LIGHTED","5141 OAKLEY DR","NASHVILLE","MIDTOW",36.06234,-86.76946,"","37220","2024","December","Winter","06","Sunday","Weekend","No Injuries","No Fatalities"
1.00002764362846e-313,2024-12-09 02:44:00,2,2,0,NA,"N","ANGLE","RAIN","DARK - LIGHTED","OCALA DR & NOLENSVILLE PIKE","NASHVILLE","SOUTH",36.05152,-86.71431,"MOTOR VEHICLE IN TRANSPORT","37211","2024","December","Winter","02","Monday","Weekday","Injuries","No Fatalities"
1.00002764511065e-313,2024-12-09 01:25:00,2,1,0,NA,"Y","ANGLE","RAIN","DARK - LIGHTED","BUCKPASSER AVE & HAMILTON CHURCH RD","ANTIOCH","SOUTH",36.06379,-86.6159,"MOTOR VEHICLE IN TRANSPORT","37013","2024","December","Winter","01","Monday","Weekday","Injuries","No Fatalities"
1.00002764575294e-313,2024-12-09 03:13:00,2,1,0,NA,"N","ANGLE","RAIN","DARK - LIGHTED","US-70S & BELLE FOREST CONDOS","NASHVILLE","WEST",36.07519,-86.91868,"MOTOR VEHICLE IN TRANSPORT","37221","2024","December","Winter","03","Monday","Weekday","Injuries","No Fatalities"
1.00002764614819e-313,2024-12-09 03:14:00,1,0,0,NA,"N","NOT COLLISION W/MOTOR VEHICLE-TRANSPORT","RAIN","DARK - LIGHTED","MM 76 8 I-65","NASHVILLE","MIDTOW",36.06798,-86.77039,"CONCRETE TRAFFIC BARRIER","37220","2024","December","Winter","03","Monday","Weekday","No Injuries","No Fatalities"
1.00002764659285e-313,2024-12-09 03:21:00,2,0,0,NA,"N","Front to Rear","RAIN","DARK - NOT LIGHTED","MM 217 6 I-40","NASHVILLE","HERMIT",36.1431,-86.64997,"MOTOR VEHICLE IN TRANSPORT","37214","2024","December","Winter","03","Monday","Weekday","No Injuries","No Fatalities"
1.00002764718573e-313,2024-12-09 02:50:00,2,0,0,NA,"Y","ANGLE","RAIN","DARK - LIGHTED","MT VIEW RD & CROSSINGS BLVD","ANTIOCH","SOUTH",36.04548,-86.64729,"MOTOR VEHICLE IN TRANSPORT","37013","2024","December","Winter","02","Monday","Weekday","No Injuries","No Fatalities"
1.00002764738336e-313,2024-12-09 01:55:00,2,0,0,NA,"Y","ANGLE","RAIN","UNKNOWN","DRAWBRIDGE CT & ROUNDWOOD FOREST DR","ANTIOCH","SOUTH",36.06558,-86.62104,"","37013","2024","December","Winter","01","Monday","Weekday","No Injuries","No Fatalities"
1.00002764792683e-313,2024-12-09 03:36:00,1,0,0,NA,"N","NOT COLLISION W/MOTOR VEHICLE-TRANSPORT","RAIN","DARK - LIGHTED","0 BRILEY PKWY","NASHVILLE","HERMIT",36.23477,-86.70303,"","37214","2024","December","Winter","03","Monday","Weekday","No Injuries","No Fatalities"