"Accident.Number","Date.and.Time","Number.of.Motor.Vehicles","Number.of.Injuries","Number.of.Fatalities","Property.Damage","Hit.and.Run","Collision.Type.Description","Weather.Description","Illumination.Description","Street.Address","City","Precinct","Latitude","Longitude","HarmfulDescriptions","Zip.Code","Year","Month","Season","Hour","Weekday","DayType","Accident","Fatality_category"
1.00002764807505e-313,2024-12-08 06:00:00,1,0,0,NA,"Y","NOT COLLISION W/MOTOR VEHICLE-TRANSPORT","RAIN","UNKNOWN","BRICK DR & BRICK CHURCH PIKE","NASHVILLE","MADISO",36.25837,-86.77665,"DITCH","37207","2024","December","Winter","06","Sunday","Weekend","No Injuries","No Fatalities"
1.00002765133588e-313,2024-12-09 04:10:00,1,0,0,NA,"N","NOT COLLISION W/MOTOR VEHICLE-TRANSPORT","RAIN","DARK - LIGHTED","MM 55 0 I-24","NASHVILLE","SOUTH",36.09476,-86.70693,"CONCRETE TRAFFIC BARRIER","37211","2024","December","Winter","04","Monday","Weekday","No Injuries","No Fatalities"
1.00002765197817e-313,2024-12-09 02:30:00,2,0,0,NA,"Y","SIDESWIPE - OPPOSITE DIRECTION","RAIN","DARK - NOT LIGHTED","APACHE TRL & PACKARD DR","NASHVILLE","SOUTH",36.06508,-86.68581,"","37211","2024","December","Winter","02","Monday","Weekday","No Injuries","No Fatalities"
1.00002765247223e-313,2024-12-09 04:10:00,1,0,0,NA,"N","NOT COLLISION W/MOTOR VEHICLE-TRANSPORT","RAIN","DARK - LIGHTED","MM 56 8 I-24","NASHVILLE","SOUTH",36.07182,-86.69118,"Other Traffic Barrier","37211","2024","December","Winter","04","Monday","Weekday","No Injuries","No Fatalities"
1.00002765385562e-313,2024-12-09 04:48:00,1,0,0,NA,"N","NOT COLLISION W/MOTOR VEHICLE-TRANSPORT","RAIN","DARK - LIGHTED","RAMP 215A & I-40","NASHVILLE","HERMIT",36.14358,-86.70014,"GUARDRAIL FACE","37217","2024","December","Winter","04","Monday","Weekday","No Injuries","No Fatalities"
1.00002765578247e-313,2024-12-09 05:03:00,2,0,0,NA,"Y","UNKNOWN","RAIN","DARK - LIGHTED","MT VIEW RD & BELL RD","ANTIOCH","SOUTH",36.04998,-86.6495,"UNKNOWN MOST HARMFUL EVENT","37013","2024","December","Winter","05","Monday","Weekday","No Injuries","No Fatalities"
1.00002765607891e-313,2024-12-09 05:09:00,1,1,0,NA,"N","NOT COLLISION W/MOTOR VEHICLE-TRANSPORT","RAIN","DARK - LIGHTED","8TH AVE S & KOREAN VETERANS BLVD","NASHVILLE","CENTRA",36.15448,-86.77929,"OTHER TYPE NON-MOTORIST","37203","2024","December","Winter","05","Monday","Weekday","Injuries","No Fatalities"
1.00002765711645e-313,2024-12-09 05:12:00,2,1,0,NA,"Y","SIDESWIPE - SAME DIRECTION","RAIN","Dark-Unknown Lighting","MM 88 2 I-24","NASHVILLE","EAST",36.22025,-86.77404,"MOTOR VEHICLE IN TRANSPORT;Cross Center Line","37207","2024","December","Winter","05","Monday","Weekday","Injuries","No Fatalities"
1.00002766022906e-313,2024-12-09 05:30:00,2,0,0,NA,"Y","Front to Rear","RAIN","DARK - LIGHTED","OLD HICKORY BLVD & LEBANON PIKE","OLD HICKORY","HERMIT",36.19842,-86.6203,"","37138","2024","December","Winter","05","Monday","Weekday","No Injuries","No Fatalities"
1.00002766151363e-313,2024-12-09 06:05:00,1,0,0,NA,"N","NOT COLLISION W/MOTOR VEHICLE-TRANSPORT","RAIN","DARK - LIGHTED","LEBANON PIKE & CRAIGMEADE DR","NASHVILLE","HERMIT",36.16806,-86.69123,"DITCH","37214","2024","December","Winter","06","Monday","Weekday","No Injuries","No Fatalities"
1.00002766230414e-313,2024-12-09 06:00:00,1,0,0,NA,"N","NOT COLLISION W/MOTOR VEHICLE-TRANSPORT","RAIN","DARK - LIGHTED","W TRINITY LN & HORIZON DR","NASHVILLE","NORTH",36.20702,-86.80134,"MAIL BOX","37207","2024","December","Winter","06","Monday","Weekday","No Injuries","No Fatalities"
1.00002766240295e-313,2024-12-09 06:23:00,2,1,0,NA,"Y","ANGLE","RAIN","DARK - LIGHTED","MM 55 8 I-24","NASHVILLE","SOUTH",36.08604,-86.69994,"MOTOR VEHICLE IN TRANSPORT","37211","2024","December","Winter","06","Monday","Weekday","Injuries","No Fatalities"
1.00002766596022e-313,2024-12-09 07:35:00,2,0,0,NA,"N","ANGLE","RAIN","DARK - LIGHTED","BELL RD & ZELIDA AVE","ANTIOCH","SOUTH",36.05517,-86.6424,"MOTOR VEHICLE IN TRANSPORT","37013","2024","December","Winter","07","Monday","Weekday","No Injuries","No Fatalities"
1.00002766867759e-313,2024-12-09 08:33:00,2,0,0,NA,"Y","Front to Rear","RAIN","DARK - NOT LIGHTED","NOLENSVILLE RD & NOLENSVILLE PIKE","NASHVILLE","SOUTH",36.05422,-86.71528,"MOTOR VEHICLE IN TRANSPORT;CURB","37211","2024","December","Winter","08","Monday","Weekday","No Injuries","No Fatalities"
1.00002766892462e-313,2024-12-09 08:00:00,3,1,0,NA,"N","ANGLE","RAIN","DARK - LIGHTED","SHELBY AVE & VILLAGE CT","NASHVILLE","EAST",36.17072,-86.74549,"PARKED MOTOR VEHICLE","37206","2024","December","Winter","08","Monday","Weekday","Injuries","No Fatalities"
1.00002767006097e-313,2024-12-09 09:19:00,2,0,0,NA,"Y","Front to Rear","RAIN","DARK - LIGHTED","BELL RD & HICKORY HOLLOW LN","ANTIOCH","SOUTH",36.04929,-86.65173,"MOTOR VEHICLE IN TRANSPORT","37013","2024","December","Winter","09","Monday","Weekday","No Injuries","No Fatalities"
1.00002767598976e-313,2024-12-09 11:42:00,2,1,0,NA,"N","ANGLE","RAIN","DARK - LIGHTED","MURPHY RD & WEST END AVE","NASHVILLE","MIDTOW",36.13935,-86.81912,"MOTOR VEHICLE IN TRANSPORT","37203","2024","December","Winter","11","Monday","Weekday","Injuries","No Fatalities"
1.00002778181862e-313,2024-12-10 06:00:00,1,0,0,NA,"N","NOT COLLISION W/MOTOR VEHICLE-TRANSPORT","RAIN","DARK - LIGHTED","MM 211 6 I-24","NASHVILLE","HERMIT",36.15122,-86.75077,"GUARDRAIL FACE","37210","2024","December","Winter","06","Tuesday","Weekday","No Injuries","No Fatalities"
1.00002778280675e-313,2024-12-10 06:12:00,1,0,0,NA,"Y","NOT COLLISION W/MOTOR VEHICLE-TRANSPORT","RAIN","DARK - NOT LIGHTED","MM 217 0 I-40","NASHVILLE","HERMIT",36.14084,-86.65841,"CONCRETE TRAFFIC BARRIER","37214","2024","December","Winter","06","Tuesday","Weekday","No Injuries","No Fatalities"
1.00002778359725e-313,2024-12-10 10:28:00,1,0,0,NA,"N","NOT COLLISION W/MOTOR VEHICLE-TRANSPORT","RAIN","DARK - LIGHTED","MM 88 6 I-65","NASHVILLE","EAST",36.22488,-86.77454,"GUARDRAIL FACE;Ran Off Road-Left","37207","2024","December","Winter","10","Tuesday","Weekday","No Injuries","No Fatalities"
1.00002778478301e-313,2024-12-10 06:00:00,1,1,0,NA,"N","NOT COLLISION W/MOTOR VEHICLE-TRANSPORT","RAIN","DARK - LIGHTED","MM 211 6 I-24","NASHVILLE","HERMIT",36.15122,-86.75077,"GUARDRAIL FACE","37210","2024","December","Winter","06","Tuesday","Weekday","Injuries","No Fatalities"
1.0000277854253e-313,2024-12-10 11:32:00,2,0,0,NA,"N","ANGLE","RAIN","DARK - LIGHTED","MM 88 6 I-24","NASHVILLE","NORTH",36.2251,-86.77452,"","37207","2024","December","Winter","11","Tuesday","Weekday","No Injuries","No Fatalities"
1.00002778596877e-313,2024-12-10 11:45:00,2,0,0,NA,"Y","SIDESWIPE - SAME DIRECTION","RAIN","DARK - LIGHTED","8TH AVE S & DEMONBREUN ST","NASHVILLE","CENTRA",36.15688,-86.78083,"MOTOR VEHICLE IN TRANSPORT","37203","2024","December","Winter","11","Tuesday","Weekday","No Injuries","No Fatalities"
1.00002778789563e-313,2024-12-10 11:55:00,2,0,0,NA,"N","ANGLE","RAIN","DARK - LIGHTED","MM 80 0 I-65","NASHVILLE","MIDTOW",36.11183,-86.77134,"MOTOR VEHICLE IN TRANSPORT","37204","2024","December","Winter","11","Tuesday","Weekday","No Injuries","No Fatalities"
1.00002778977308e-313,2024-12-10 12:35:00,2,0,0,NA,"Y","ANGLE","RAIN","DAYLIGHT","FESSLERS LN & BONDS AVE","NASHVILLE","HERMIT",36.14784,-86.74352,"MOTOR VEHICLE IN TRANSPORT","37210","2024","December","Winter","12","Tuesday","Weekday","No Injuries","No Fatalities"
1.00002779002011e-313,2024-12-10 12:34:00,4,1,0,NA,"N","Front to Rear","RAIN","DAWN","80 I-65","NASHVILLE","MIDTOW",36.10556,-86.7671,"MOTOR VEHICLE IN TRANSPORT","37204","2024","December","Winter","12","Tuesday","Weekday","Injuries","No Fatalities"
1.0000277907118e-313,2024-12-10 12:52:00,2,1,0,NA,"N","Front to Rear","RAIN","DAYLIGHT","LEBANON PIKE & CEDARSTONE WAY","NASHVILLE","HERMIT",36.16895,-86.65602,"MOTOR VEHICLE IN TRANSPORT","37214","2024","December","Winter","12","Tuesday","Weekday","Injuries","No Fatalities"
1.00002779150231e-313,2024-12-10 11:58:00,2,1,0,NA,"N","ANGLE","RAIN","Dark-Unknown Lighting","HICKORY HOLLOW PKWY & CROSSINGS PL","ANTIOCH","SOUTH",36.0424,-86.6496,"MOTOR VEHICLE IN TRANSPORT","37013","2024","December","Winter","11","Tuesday","Weekday","Injuries","No Fatalities"
1.00002780321166e-313,2024-12-10 11:18:00,2,0,0,NA,"N","SIDESWIPE - SAME DIRECTION","RAIN","Dark-Unknown Lighting","MURFREESBORO RD & MURFREESBORO PIKE","NASHVILLE","SOUTH",36.07708,-86.64125,"MOTOR VEHICLE IN TRANSPORT","37217","2024","December","Winter","11","Tuesday","Weekday","No Injuries","No Fatalities"
1.00002861456626e-313,2024-12-18 12:27:00,1,0,1,NA,"N","NOT COLLISION W/MOTOR VEHICLE-TRANSPORT","RAIN","DARK - LIGHTED","5100 TUSCULUM RD","ANTIOCH","SOUTH",36.05258,-86.67318,"DITCH","37013","2024","December","Winter","12","Wednesday","Weekday","No Injuries","With Fatalities"
1.00002862187844e-313,2024-12-18 06:00:00,2,0,0,NA,"Y","ANGLE","RAIN","DAYLIGHT","MURFREESBORO PIKE & DELL PKWY","NASHVILLE","SOUTH",36.10978,-86.68112,"MOTOR VEHICLE IN TRANSPORT","37217","2024","December","Winter","06","Wednesday","Weekday","No Injuries","No Fatalities"
1.00002862602859e-313,2024-12-18 06:00:00,2,1,0,NA,"N","HEAD-ON","RAIN","DAYLIGHT","N DUPONT AVE & BECKLEA DR","MADISON","MADISO",36.26753,-86.69968,"MOTOR VEHICLE IN TRANSPORT","37115","2024","December","Winter","06","Wednesday","Weekday","Injuries","No Fatalities"
1.00002863348898e-313,2024-12-18 06:00:00,2,0,0,NA,"N","ANGLE","RAIN","DAYLIGHT","SIMMONS AVE & TIMMONS ST","NASHVILLE","SOUTH",36.10762,-86.74107,"MOTOR VEHICLE IN TRANSPORT","37211","2024","December","Winter","06","Wednesday","Weekday","No Injuries","No Fatalities"
1.00002863670041e-313,2024-12-18 06:00:00,1,0,0,NA,"N","NOT COLLISION W/MOTOR VEHICLE-TRANSPORT","RAIN","DAYLIGHT","DUE WEST AVE N & DICKERSON PIKE","MADISON","MADISO",36.25627,-86.75727,"OTHER POST, POLE, SUPP.;DITCH","37115","2024","December","Winter","06","Wednesday","Weekday","No Injuries","No Fatalities"
1.00002865498083e-313,2024-12-18 06:00:00,2,1,0,NA,"N","ANGLE","RAIN","DAYLIGHT","FAIRCLOTH LN & OLD MURFREESBORO PIKE","NASHVILLE","HERMIT",36.10358,-86.6665,"MOTOR VEHICLE IN TRANSPORT","37217","2024","December","Winter","06","Wednesday","Weekday","Injuries","No Fatalities"
1.00002938604977e-313,2024-12-27 11:20:00,1,0,0,NA,"N","NOT COLLISION W/MOTOR VEHICLE-TRANSPORT","RAIN","DARK - NOT LIGHTED","MM 90 6 I-65","MADISON","MADISO",36.24436,-86.74777,"CONCRETE TRAFFIC BARRIER","37115","2024","December","Winter","11","Friday","Weekday","No Injuries","No Fatalities"
1.00002938763078e-313,2024-12-27 06:00:00,2,1,0,NA,"N","ANGLE","RAIN","DARK - LIGHTED","HARDING PL & SUNLIGHT DR","NASHVILLE","SOUTH",36.08445,-86.70474,"MOTOR VEHICLE IN TRANSPORT","37211","2024","December","Winter","06","Friday","Weekday","Injuries","No Fatalities"
1.00002938955764e-313,2024-12-27 12:26:00,1,1,0,NA,"N","NOT COLLISION W/MOTOR VEHICLE-TRANSPORT","RAIN","DARK - NOT LIGHTED","TN-100 & TN-96","NASHVILLE","WEST",36.01748,-87.03095,"GUARDRAIL END;EMBANKMENT EARTH","37221","2024","December","Winter","12","Friday","Weekday","Injuries","No Fatalities"
1.00002939084221e-313,2024-12-27 06:00:00,2,0,0,NA,"N","HEAD-ON","RAIN","DAYLIGHT","GEORGE L DAVIS BLVD & BROADWAY","NASHVILLE","CENTRA",36.156,-86.78884,"","37203","2024","December","Winter","06","Friday","Weekday","No Injuries","No Fatalities"
1.00002939420185e-313,2024-12-27 06:00:00,2,1,0,NA,"N","NOT COLLISION W/MOTOR VEHICLE-TRANSPORT","RAIN","DAYLIGHT","BRILEY PKWY & MCGAVOCK PIKE","NASHVILLE","HERMIT",36.21868,-86.69287,"CONCRETE TRAFFIC BARRIER","37214","2024","December","Winter","06","Friday","Weekday","Injuries","No Fatalities"
1.00002950872627e-313,2024-12-29 01:05:00,1,0,0,NA,"N","NOT COLLISION W/MOTOR VEHICLE-TRANSPORT","RAIN","DARK - NOT LIGHTED","MM 74 4 I-65","BRENTWOOD","MIDTOW",36.0368,-86.78331,"H-WAY TRAFFIC SIGNAL POST","37027","2024","December","Winter","01","Sunday","Weekend","No Injuries","No Fatalities"
1.000029509665e-313,2024-12-29 01:25:00,1,1,0,NA,"Y","Front to Rear","RAIN","DARK - LIGHTED","WEST END AVE & LOUISE AVE","NASHVILLE","MIDTOW",36.14936,-86.80344,"MOTOR VEHICLE IN TRANSPORT","37240","2024","December","Winter","01","Sunday","Weekend","Injuries","No Fatalities"
1.00002951149304e-313,2024-12-29 01:58:00,2,2,0,NA,"N","Front to Rear","RAIN","DARK - LIGHTED","FRANKLIN PIKE CIR & OLD HICKORY BLVD","BRENTWOOD","MIDTOW",36.03773,-86.78647,"MOTOR VEHICLE IN TRANSPORT","37027","2024","December","Winter","01","Sunday","Weekend","Injuries","No Fatalities"
1.00002951243176e-313,2024-12-29 02:12:00,2,0,0,NA,"N","ANGLE","RAIN","DARK - LIGHTED","8TH AVE S & KOREAN VETERANS BLVD","NASHVILLE","CENTRA",36.15448,-86.77928,"","37203","2024","December","Winter","02","Sunday","Weekend","No Injuries","No Fatalities"
1.00002951257998e-313,2024-12-29 02:10:00,1,1,0,NA,"Y","NOT COLLISION W/MOTOR VEHICLE-TRANSPORT","RAIN","DARK - NOT LIGHTED","STOCKELL ST & CLEVELAND ST","NASHVILLE","EAST",36.18775,-86.76929,"","37207","2024","December","Winter","02","Sunday","Weekend","Injuries","No Fatalities"
1.00002951282702e-313,2024-12-29 02:20:00,1,0,0,NA,"N","NOT COLLISION W/MOTOR VEHICLE-TRANSPORT","RAIN","Dark-Unknown Lighting","MM 3 4 I-440","NASHVILLE","MIDTOW",36.11614,-86.79697,"CONCRETE TRAFFIC BARRIER","37215","2024","December","Winter","02","Sunday","Weekend","No Injuries","No Fatalities"
1.00002951287642e-313,2024-12-29 02:20:00,1,0,0,NA,"Y","UNKNOWN","RAIN","DARK - LIGHTED","RAMP 10 & 10","NASHVILLE","HERMIT",36.18815,-86.68875,"UNKNOWN MOST HARMFUL EVENT","37214","2024","December","Winter","02","Sunday","Weekend","No Injuries","No Fatalities"
1.0000295134693e-313,2024-12-29 02:35:00,1,0,0,NA,"N","NOT COLLISION W/MOTOR VEHICLE-TRANSPORT","RAIN","DARK - LIGHTED","CLARKSVILLE PIKE & LLOYD RD","WHITES CREEK","NORTH",36.25462,-86.8459,"DITCH;MAIL BOX;Ran Off Road-Left","37189","2024","December","Winter","02","Sunday","Weekend","No Injuries","No Fatalities"
1.00002951411159e-313,2024-12-29 02:38:00,1,0,0,NA,"N","NOT COLLISION W/MOTOR VEHICLE-TRANSPORT","RAIN","DARK - LIGHTED","MM 211 4 I-24","NASHVILLE","HERMIT",36.15243,-86.75377,"WALL","37210","2024","December","Winter","02","Sunday","Weekend","No Injuries","No Fatalities"
1.00002951430921e-313,2024-12-29 02:30:00,2,0,0,NA,"Y","SIDESWIPE - OPPOSITE DIRECTION","RAIN","DARK - LIGHTED","100 3RD AVE S","NASHVILLE","CENTRA",36.161,-86.77559,"MOTOR VEHICLE IN TRANSPORT","37201","2024","December","Winter","02","Sunday","Weekend","No Injuries","No Fatalities"
1.00002951480328e-313,2024-12-29 03:03:00,2,0,0,NA,"N","ANGLE","RAIN","DARK - LIGHTED","PRESIDENT RONALD REAGAN WAY & PEABODY ST","NASHVILLE","CENTRA",36.15548,-86.77108,"","37201","2024","December","Winter","03","Sunday","Weekend","No Injuries","No Fatalities"
1.00002951505031e-313,2024-12-29 03:11:00,2,0,0,NA,"Y","SIDESWIPE - SAME DIRECTION","RAIN","DARK - LIGHTED","MM 215 0 I-40","NASHVILLE","HERMIT",36.14439,-86.69411,"MOTOR VEHICLE IN TRANSPORT","37217","2024","December","Winter","03","Sunday","Weekend","No Injuries","No Fatalities"
1.00002951524794e-313,2024-12-30 03:21:00,2,0,0,NA,"Y","Front to Rear","RAIN","DARK - LIGHTED","BRILEY PKWY & PENNINGTON BEND RD","NASHVILLE","HERMIT",36.23541,-86.71196,"MOTOR VEHICLE IN TRANSPORT","37214","2024","December","Winter","03","Monday","Weekday","No Injuries","No Fatalities"
1.00002951539616e-313,2024-12-29 03:23:00,2,0,0,NA,"Y","Front to Rear","RAIN","DARK - LIGHTED","3RD AVE N & COMMERCE ST","NASHVILLE","CENTRA",36.16273,-86.77659,"","37201","2024","December","Winter","03","Sunday","Weekend","No Injuries","No Fatalities"
1.00002951559378e-313,2024-12-29 03:20:00,2,1,0,NA,"Y","ANGLE","RAIN","DARK - LIGHTED","WHITE BRIDGE RD & CHARLOTTE AVE","NASHVILLE","WEST",36.15007,-86.85793,"MOTOR VEHICLE IN TRANSPORT","37209","2024","December","Winter","03","Sunday","Weekend","Injuries","No Fatalities"
1.0000295156926e-313,2024-12-29 02:30:00,2,0,0,NA,"N","ANGLE","RAIN","DARK - LIGHTED","MURFREESBORO PIKE & HAMILTON CHURCH RD","ANTIOCH","SOUTH",36.06426,-86.62784,"MOTOR VEHICLE IN TRANSPORT","37013","2024","December","Winter","02","Sunday","Weekend","No Injuries","No Fatalities"
1.00002951618666e-313,2024-12-29 03:29:00,1,0,0,NA,"N","NOT COLLISION W/MOTOR VEHICLE-TRANSPORT","RAIN","DARK - NOT LIGHTED","MM 220 2 I-40","HERMITAGE","HERMIT",36.16705,-86.61121,"CONCRETE TRAFFIC BARRIER","37076","2024","December","Winter","03","Sunday","Weekend","No Injuries","No Fatalities"
1.00002951737242e-313,2024-12-29 03:36:00,2,1,0,NA,"N","ANGLE","RAIN","DARK - NOT LIGHTED","MM 213 0 I-40","NASHVILLE","HERMIT",36.14055,-86.73163,"MOTOR VEHICLE IN TRANSPORT","37210","2024","December","Winter","03","Sunday","Weekend","Injuries","No Fatalities"
1.00002951771827e-313,2024-12-29 02:50:00,1,0,0,NA,"Y","NOT COLLISION W/MOTOR VEHICLE-TRANSPORT","RAIN","DARK - LIGHTED","ALHAMBRA CIR & CAPITOL VIEW AVE","NASHVILLE","EAST",36.21958,-86.76016,"FENCE","37207","2024","December","Winter","02","Sunday","Weekend","No Injuries","No Fatalities"
1.00002951806411e-313,2024-12-29 03:00:00,2,0,0,NA,"N","ANGLE","RAIN","DARK - LIGHTED","OLD LEBANON PIKE & DONELSON PIKE","NASHVILLE","HERMIT",36.16764,-86.6633,"MOTOR VEHICLE IN TRANSPORT","37214","2024","December","Winter","03","Sunday","Weekend","No Injuries","No Fatalities"
1.00002951840996e-313,2024-12-29 03:50:00,2,0,0,NA,"N","ANGLE","RAIN","DARK - LIGHTED","W TRINITY LN & MEADE AVE","NASHVILLE","NORTH",36.20748,-86.78452,"","37207","2024","December","Winter","03","Sunday","Weekend","No Injuries","No Fatalities"
1.0000295187064e-313,2024-12-29 03:50:00,2,0,0,NA,"N","SIDESWIPE - SAME DIRECTION","RAIN","DARK - LIGHTED","DR MARTIN LUTHER KING JR BLVD & JAMES RO","NASHVILLE","CENTRA",36.16375,-86.78708,"","37219","2024","December","Winter","03","Sunday","Weekend","No Injuries","No Fatalities"
1.00002952004037e-313,2024-12-29 04:00:00,1,1,0,NA,"N","NOT COLLISION W/MOTOR VEHICLE-TRANSPORT","RAIN","DARK - LIGHTED","GALLATIN PIKE S & TN-45","MADISON","MADISO",36.26301,-86.71193,"PEDESTRIAN","37115","2024","December","Winter","04","Sunday","Weekend","Injuries","No Fatalities"
1.00002952058385e-313,2024-12-29 02:56:00,2,0,0,NA,"Y","ANGLE","RAIN","DARK - LIGHTED","NOLENSVILLE RD & EDMONDSON PIKE","NASHVILLE","SOUTH",36.07708,-86.72555,"MOTOR VEHICLE IN TRANSPORT","37211","2024","December","Winter","02","Sunday","Weekend","No Injuries","No Fatalities"
1.00002952068266e-313,2024-12-29 04:10:00,3,0,0,NA,"N","ANGLE","RAIN","DARK - NOT LIGHTED","CANE RIDGE RD & SPRING PATH LN","ANTIOCH","SOUTH",36.02413,-86.64609,"MOTOR VEHICLE IN TRANSPORT;THROWN OR FALLING OBJECT","37013","2024","December","Winter","04","Sunday","Weekend","No Injuries","No Fatalities"
1.00002952799483e-313,2024-12-28 06:00:00,1,0,0,NA,"N","NOT COLLISION W/MOTOR VEHICLE-TRANSPORT","RAIN","DARK - LIGHTED","MM 211 6 I-24","NASHVILLE","HERMIT",36.15089,-86.74987,"GUARDRAIL FACE","37210","2024","December","Winter","06","Saturday","Weekend","No Injuries","No Fatalities"
1.00002953170032e-313,2024-12-29 06:11:00,1,0,0,NA,"N","NOT COLLISION W/MOTOR VEHICLE-TRANSPORT","RAIN","DARK - LIGHTED","UNKNOWN RAMP  &  ROAD","ANTIOCH","SOUTH",36.13504,-86.77502,"DITCH","37013","2024","December","Winter","06","Sunday","Weekend","No Injuries","No Fatalities"
1.0000295322932e-313,2024-12-29 06:20:00,2,0,0,NA,"Y","Front to Rear","RAIN","DARK - LIGHTED","MM 54 6 I-24","NASHVILLE","SOUTH",36.0999,-86.71132,"MOTOR VEHICLE IN TRANSPORT","37211","2024","December","Winter","06","Sunday","Weekend","No Injuries","No Fatalities"
1.00002953263905e-313,2024-12-29 06:25:00,1,0,0,NA,"N","NOT COLLISION W/MOTOR VEHICLE-TRANSPORT","RAIN","DARK - LIGHTED","MM 204 2 I-40","NASHVILLE","WEST",36.15326,-86.85413,"CONCRETE TRAFFIC BARRIER","37209","2024","December","Winter","06","Sunday","Weekend","No Injuries","No Fatalities"
1.00002953298489e-313,2024-12-29 05:46:00,1,0,0,NA,"N","NOT COLLISION W/MOTOR VEHICLE-TRANSPORT","RAIN","DARK - LIGHTED","MM 87 6 I-24","NASHVILLE","EAST",36.21206,-86.77563,"CONCRETE TRAFFIC BARRIER;Ran Off Road-Left","37207","2024","December","Winter","05","Sunday","Weekend","No Injuries","No Fatalities"
1.00002953422006e-313,2024-12-29 06:00:00,1,0,0,NA,"Y","NOT COLLISION W/MOTOR VEHICLE-TRANSPORT","RAIN","DARK - LIGHTED","MM 211 6 I-24","NASHVILLE","HERMIT",36.15098,-86.75007,"GUARDRAIL FACE","37210","2024","December","Winter","06","Sunday","Weekend","No Injuries","No Fatalities"
1.00002953491175e-313,2024-12-29 07:04:00,2,0,0,NA,"N","Front to Rear","RAIN","DARK - LIGHTED","S PERIMETER PARK DR & HARDING PL","NASHVILLE","SOUTH",36.08683,-86.69594,"MOTOR VEHICLE IN TRANSPORT","37211","2024","December","Winter","07","Sunday","Weekend","No Injuries","No Fatalities"
1.0000295382714e-313,2024-12-29 07:00:00,2,0,0,NA,"Y","SIDESWIPE - OPPOSITE DIRECTION","RAIN","DARK - LIGHTED","MM 90 2 I-65","MADISON","MADISO",36.23949,-86.75339,"MOTOR VEHICLE IN TRANSPORT","37115","2024","December","Winter","07","Sunday","Weekend","No Injuries","No Fatalities"
1.00002954019825e-313,2024-12-29 07:12:00,2,0,0,NA,"Y","Front to Rear","RAIN","DARK - LIGHTED","MURFREESBORO PIKE & PARKS RETREAT DR","ANTIOCH","SOUTH",36.03146,-86.59409,"MOTOR VEHICLE IN TRANSPORT;CURB","37013","2024","December","Winter","07","Sunday","Weekend","No Injuries","No Fatalities"
1.0000295420757e-313,2024-12-29 08:49:00,1,1,0,NA,"Y","NOT COLLISION W/MOTOR VEHICLE-TRANSPORT","RAIN","DARK - LIGHTED","BRILEY PKWY & KENTON PL","NASHVILLE","HERMIT",36.12849,-86.6956,"Ran Off Road-Left;Cross Median;EMBANKMENT EARTH","37217","2024","December","Winter","08","Sunday","Weekend","Injuries","No Fatalities"
1.0000295435579e-313,2024-12-29 08:59:00,2,0,0,NA,"Y","ANGLE","RAIN","DARK - LIGHTED","NOLENSVILLE RD & NOLENSVILLE PIKE","NASHVILLE","SOUTH",36.11611,-86.74786,"MOTOR VEHICLE IN TRANSPORT","37211","2024","December","Winter","08","Sunday","Weekend","No Injuries","No Fatalities"
1.00002954360731e-313,2024-12-29 09:15:00,2,0,0,NA,"Y","SIDESWIPE - SAME DIRECTION","RAIN","DARK - LIGHTED","ROSA L PARKS BLVD & 10TH CIR N","NASHVILLE","CENTRA",36.16799,-86.78789,"MOTOR VEHICLE IN TRANSPORT","37219","2024","December","Winter","09","Sunday","Weekend","No Injuries","No Fatalities"
1.00002954647289e-313,2024-12-29 10:46:00,1,0,0,NA,"Y","NOT COLLISION W/MOTOR VEHICLE-TRANSPORT","RAIN","DARK - LIGHTED","CABOT DR & RIVERBEND APARTMENTS","NASHVILLE","WEST",36.13625,-86.89361,"DITCH;SHRUBBERY","37209","2024","December","Winter","10","Sunday","Weekend","No Injuries","No Fatalities"
1.00002955180879e-313,2024-12-29 06:00:00,1,0,0,NA,"Y","NOT COLLISION W/MOTOR VEHICLE-TRANSPORT","RAIN","UNKNOWN","KNIGHT DR & EWING DR","NASHVILLE","NORTH",36.23161,-86.80404,"","37207","2024","December","Winter","06","Sunday","Weekend","No Injuries","No Fatalities"
1.00002957013863e-313,2024-12-29 06:00:00,2,1,0,NA,"N","Front to Rear","RAIN","DAYLIGHT","MURFREESBORO RD & MURFREESBORO PIKE","NASHVILLE","SOUTH",36.09087,-86.65103,"MOTOR VEHICLE IN TRANSPORT","37217","2024","December","Winter","06","Sunday","Weekend","Injuries","No Fatalities"
1.00002957547454e-313,2024-12-29 06:00:00,1,1,0,NA,"N","NOT COLLISION W/MOTOR VEHICLE-TRANSPORT","RAIN","DAYLIGHT","ANDERSON RD & EDGEWATER DR","NASHVILLE","HERMIT",36.09375,-86.60519,"UTILITY POLE","37217","2024","December","Winter","06","Sunday","Weekend","Injuries","No Fatalities"
1.00002960057307e-313,2024-12-30 03:45:00,2,1,1,NA,"N","HEAD-ON","RAIN","DARK - NOT LIGHTED","RAMP 221A & I-40","HERMITAGE","HERMIT",36.16908,-86.60664,"MOTOR VEHICLE IN TRANSPORT;GUARDRAIL FACE;PEDESTRIAN","37076","2024","December","Winter","03","Monday","Weekday","Injuries","With Fatalities"